batch_id,corpus_name,source_archive,file_name,file_path,title_original,title_normalized,publication,publication_normalized,date,byline,section,word_count,body_char_count,body_hash_exact,duplicate_group_id,duplicate_category,keep_drop_review,drop_reason,kept_representative_of_group,representative_selection_reason,malformed_flag,malformed_reason,notes,raw_text_chars,low_value_flag,low_value_reason,exact_duplicate_group,near_duplicate_group,repeated_variant_group,body_text
2021-08,Main Corpus,2021-08(50).ZIP,_Als hätte jemand einen Schalter umgelegt_ Plötzlich kommen deutlich mehr Flüchtlinge an. Die Polize.PDF,C:\PythonProjects\AfD-project\Corpora\Main Corpus\2021-08\raw_unarchive\_Als hätte jemand einen Schalter umgelegt_ Plötzlich kommen deutlich mehr Flüchtlinge an. Die Polize.PDF,"""Als hätte jemand einen Schalter umgelegt"" Plötzlich kommen deutlich mehr Flüchtlinge an. Die Polizei hat",als hätte jemand einen schalter umgelegt plötzlich kommen deutlich mehr flüchtlinge an die polizei hat,Der Tagesspiegel,der tagesspiegel,Freitag 6. August 2021,,BERLIN FQT:SPÄT; S. 007; Ausg. Der Tagesspiegel Nr. 24617 VOM 06.08.2021 SEITE 007,554,3914,5de7260e4d34110d2153a6fc381767e557f88e18,,unique,keep,,no,,no,,,4891,no,,,,,"Das Personal muss Sonderschichten schieben, zur Unterstützung mussten Studierende neu eingestellt werden, 
Unterkunftsplätze werden rar: Die abrupte Zunahme von Asylbewerbern am ""Ankunftszentrum für Geflüchtete"" in 
Wittenau stellt das Landesamt für Flüchtlingsfragen (LAF) vor enorme Herausforderungen. Im Juli baten rund 1800 
Menschen um Asyl. ""An Spitzentagen kamen 200 Menschen"", sagte LAF-Präsident Alexander Straßmeir am 
Donnerstag bei einer Pressekonferenz.
200 übersteigt bei weitem die Belastungsgrenzen der Mitarbeiter. Im Juni lag die Zahl noch bei 800 Menschen. ""Wir 
können bis zu 80 Personen am Tag bewältigen"", sagte Jana Borkamp, die Leiterin der LAF-Abteilung Unterkünfte. 
Die nicht bearbeiteten Fälle müssten aufgeschoben werden. Sehr viele der Asylbewerber kommen aus Moldawien. 
""Es ist, als hätte jemand einen Schalter umgelegt"", sagte Borkamp.
Straßmeir kann den Grund für den enormen Zuwachs an Moldawien nur vermuten: ""Meine Mutmaßung lautet, dass 
diese Menschen in ihrer Heimat so arm sind, dass sie nach Berlin kommen, weil sie dort die Leistungen erhalten, 
die einem Asylbewerber zustehen."" Einige der Moldawier hätten bereits den vierten Asylantrag gestellt. ""Dreimal 
sind sie abgelehnt worden.""
Dass die Situation inzwischen sehr problematisch ist, haben Jana Borkamp und eine Kollegin vor kurzem an die 
Senatsverwaltung für Arbeit, die übergeordnete Behörde des LAF, geschrieben. In dem Brief, den der RBB zuerst 
veröffentlicht hatte, heißt es: Man habe ""große Angst beim Durchqueren der Parkanlage"". Das Zentrum liegt auf 
dem Gelände der Karl-Bonhoeffer-Klinik. Im Brief ist die Rede von Schleuserkriminalität, Verwahrlosung und 
Drogenmissbrauch. Dem Schreiben sind nach RBB-Informationen auch Belegfotos beigefügt worden. Demnach 
wurden aus Kleinbussen und Pkw mehrere Menschen gezielt abgesetzt. ""Es wird vermutet, dass es sich hier um 
organisierten und von den Nutzern*innen bezahlten Transport handelt"", heißt es.
Der Verdacht hat seine Berechtigung. Die Polizei habe Hinweise auf Schleuserkriminalität, sagte Polizeisprecher 
Thilo Cablitz dem RBB. Die Polizei habe 70 Einsätze vor Ort gehabt, unter anderem wegen Ermittlungen zu 
Körperverletzung, Drogendelikten oder Diebstahl.

""Als hätte jemand einen Schalter umgelegt"" Plötzlich kommen deutlich mehr Flüchtlinge an. Die Polizei hat 
Hinweise auf Schleuserkriminalität
Dass finanzielle Interessen eine große Rolle spielen könnten, liegt auf der Hand. Eine zehnköpfige Familie könne 
maximal bis zu 4200 Euro an Unterstützung erhalten, erklärte Jana Borkamp. In dem von ihr unterzeichneten Brief 
heißt es über finanzielle Zuwendungen: ""Die Freude darüber ist enorm und es wird umgehend jeder Bekannte 
kontaktiert, um darüber zu berichten.""
Im Ankunftszentrum selber kann das LAF 590 Personen unterbringen. Doch dieser Platz reicht nicht mehr aus. Nun 
wird eine benachbarte Unterkunft mit rund 100 Plätzen zusätzlich für Übernachtungen genützt.
Das LAF hat auf die Zustände zumindest teilweise reagiert. Das Hausrecht für das Gebäude, das bislang bei der 
Betreiberfirma Vivantes lag, ist auf das LAF übergegangen. ""Wir kontrollieren jetzt am Eingang, ob jemand Asyl 
beantragen oder ob er im Haus nur Bier trinken und Party feiern will"", sagte Jana Borkamp.
Die Frage, ob Schleuserkriminalität vorliege, sei aber Sache der Polizei, sagte Straßmeir. Seine Sache ist freilich 
die Unterbringung der Menschen, sollte der Zustrom anhalten. ""Dann müssen wir am Jahresende kreativ denken."" 
Es könne nötig werden, geschlossene Tempohomes zu öffnen. ""Aber dazu braucht man politischen Mut"", sagt 
Straßmeir.
46 831 Flüchtlinge hat das LAF seit seiner Gründung 2016 betreut. Zuvor war das Landesamt für Gesundheit und 
Soziales (Lageso) zuständig. Im Juli 2021 lebten demnach rund 18 000 Flüchtlinge in den 82 verschiedenen 
Unterkünften des LAF, viele deshalb, weil sie keine Wohnung finden. Frank Bachner
Graphic
 
R"
2021-08,Main Corpus,2021-08(50).ZIP,"_Das grenzt an Heuchelei_ Straftäter weiter nach Afghanistan abschieben_ Union und FDP sind dafür, S.PDF","C:\PythonProjects\AfD-project\Corpora\Main Corpus\2021-08\raw_unarchive\_Das grenzt an Heuchelei_ Straftäter weiter nach Afghanistan abschieben_ Union und FDP sind dafür, S.PDF","""Das grenzt an Heuchelei"" Straftäter weiter nach Afghanistan abschieben? Union und FDP sind dafür, SPD und",das grenzt an heuchelei straftäter weiter nach afghanistan abschieben union und fdp sind dafür spd und,Der Tagesspiegel,der tagesspiegel,Dienstag 3. August 2021,,POLITIK FQT:SPÄT; S. 004; Ausg. Der Tagesspiegel Nr. 24614 VOM 03.08.2021 SEITE 004,610,4474,732f5f533b87b323537cd6e18cc9ebfe7e497388,,unique,keep,,no,,no,,,5857,no,,,,,"Berlin - Im Streit um Abschiebungen krimineller Flüchtlinge nach Afghanistan hat sich Unionskanzlerkandidat Armin 
Laschet (CDU) als Verfechter einer harten Linie empfohlen. Vertreter von SPD und Grünen forderten dagegen 
einen Stopp dieser Praxis. SPD-Kanzlerkandidat Olaf Scholz hält sich bislang aus der Debatte über Rückführungen 
in das Bürgerkriegsland heraus, in dem die Taliban wegen des Abzugs internationaler Truppen auf dem Vormarsch 
sind.
Die Situation in Afghanistan werde sehr genau beobachtet, sagte Laschet der ""Bild""-Zeitung. Deutschland könne 
den Vormarsch der Taliban und die Folgen für die Bevölkerung nicht ignorieren. Die Lage erfordere eine 
fortlaufende Bewertung und sorgsames Vorgehen bei Rückführungen. Er bleibe aber bei der Linie: ""Wer in 
Deutschland straffällig wird, hat sein Gastrecht verwirkt. Der Grundsatz ,Null Toleranz gegenüber Kriminellen' 
erlaubt keine Ausnahmen. Straftäter müssen weiter konsequent abgeschoben werden, auch nach Afghanistan."" 
Auch Innenminister Horst Seehofer (CSU) hatte weitere Abschiebungen angekündigt.
SPD-Chef Norbert Walter-Borjans kritisierte das Vorhaben des Noch-Regierungspartners, nach Afghanistan 
abzuschieben. ""Diese Überlegung ist voll auf der menschenfeindlichen Linie von Populisten. Auch ausländische 
Straftäter sind Menschen. Sie verdienen ihre Strafe, aber niemand hat das Recht, sie in den Tod zu schicken. Sollte 
das drohen, müssen Abschiebungen gestoppt werden"", sagte er der ""Rheinischen Post"".
Auch Grünen-Chef Robert Habeck verlangte einen sofortigen Stopp der Abschiebungen in das Bürgerkriegsland. 
Der FDP-Vorsitzende Christian Lindner wandte sich gegen eine pauschale Aussetzung und positionierte sich 
ähnlich wie Seehofer. ""Gefährder und Straftäter dürfen sich bei uns nicht sicher fühlen, sie müssen aus 
Deutschland in ihr Heimatland abgeschoben werden"", sagte er. In den vergangenen Jahren waren ausschließlich 
Männer - vorwiegend Straftäter und sogenannte Terrorgefährder - gegen ihren Willen nach Afghanistan 
zurückgebracht worden. Die Bundeswehr hatte ihren Einsatz Ende Juni beendet.
Der Vizechef der SPD-Bundestagsfraktion, Dirk Wiese, warf den Grünen Heuchelei vor. ""Bei den Grünen klafft in 
punkto Abschiebungen nach Afghanistan eine große Lücke zwischen Worten und Taten"", sagte Wiese dem 
Tagesspiegel. Im Bund fordere Habeck einen Abschiebestopp. Gleichzeitig werde in Ländern, in denen die Grünen 

""Das grenzt an Heuchelei"" Straftäter weiter nach Afghanistan abschieben? Union und FDP sind dafür, SPD und 
Grüne machen sich gegenseitig Vorwürfe
mitregieren, ""ungebremst oder sogar verstärkt abgeschoben"", meinte er: ""Das schwarz-grün regierte Hessen hat 
gerade erst im Juni so viele Menschen abgeschoben, wie lange nicht mehr. Das ist mehr als ein Widerspruch - das 
grenzt an Heuchelei.""
SPD-Kanzlerkandidat Olaf Scholz hat sich in jüngster Zeit nicht zu dem Thema geäußert. In seiner Zeit als 
Hamburger Innensenator und Bürgermeister war er für eine harte Linie bei Abschiebungen bekannt. Die Regierung 
der Hansestadt beteiligte sich damals auch dann an Abschiedeaktionen des Bundesinnenministeriums, wenn 
andere SPD-regierte Bundesländern sich diesen verweigerten. Auch in seinem drei Jahre alten Buch 
""Hoffnungsland"" hatte sich Scholz grundsätzlich zu Abschiebungen bekannt. ""Der humanitäre Impuls, für jeden 
abgelehnten Asylbewerber ein Bleiberecht zu fordern schafft große Probleme - weil er er die generelle Akzeptanz 
des Asylrechts gefährdet"", schrieb er darin.
Grünen-Außenpolitiker Omid Nouripour warf der SPD im Zusammenhang mit den Abschiebungen Heuchelei vor. 
Die Sozialdemokraten hätten die Praxis zu Recht kritisiert, sagte er. Nur sei die Grundlage für Abschiebungen der 
asylpolitische Lagebericht des Auswärtigen Amtes, für das SPD-Minister Heiko Maas zuständig sei. ""Wenn die SPD 
die Kritik also ernst meint, dann muss sie sich endlich für einen aktuellen und realistischen Lagebericht einsetzen. 
Bis dahin ist die Kritik an Abschiebungen Wahlkampf bedingte Heuchelei"", meinte Nouripour.
Der aktuelle Asyllagebericht des Auswärtigen Amts stellt zwar eine stärkere Gefährdung bestimmter Gruppen durch 
den Vormarsch der Taliban fest, aber keine generelle Gefährdung von Rückkehrern. Er bildet den Stand von Mai 
ab, also kurz vor dem Abzug der ausländischen Truppen. Genau dies hatte auch der Mitgründer des Afghanistan 
Analysts Networks, Thomas Ruttig, vergangene Woche im Tagesspiegel scharf kritisiert. Hans Monath
Graphic
 
R"
2021-08,Main Corpus,2021-08(50).ZIP,_Konzertierte Angriffe gegen das Privateigentum_ Linda Teuteberg (FDP) hat Zweifel an einer mögliche.PDF,C:\PythonProjects\AfD-project\Corpora\Main Corpus\2021-08\raw_unarchive\_Konzertierte Angriffe gegen das Privateigentum_ Linda Teuteberg (FDP) hat Zweifel an einer mögliche.PDF,"""Konzertierte Angriffe gegen das Privateigentum""; Linda Teuteberg (FDP) hat Zweifel an einer möglichen",konzertierte angriffe gegen das privateigentum linda teuteberg fdp hat zweifel an einer möglichen,Die Welt,die welt,Montag 30. August 2021,Anna Schneider,Politik; S. 4; Ausg. 201,1354,9822,c0410c61a203574c8a16b1f11b2e515b936cbe68,,unique,keep,,no,,no,,,11054,no,,,,,"Noch vier Wochen bis zur Bundestagswahl: Umfragen sehen die SPD mit Kanzlerkandidat Olaf Scholz als stärkste 
Kraft - deutlich vor der Union. Ist nun das Momentum der FDP gekommen, als Bündnispartner von 
Sozialdemokraten und Grünen in eine Ampel-Koalition zu gehen? Die frühere FDP-Generalsekretärin Linda 
Teuteberg, die in ihrem Potsdamer Wahlkreis gegen Olaf Scholz (SPD) und Annalena Baerbock (Grüne) um das 
Direktmandat antritt, ist skeptisch. Im Interview bei WELT im Berliner Neubau des Verlags Axel Springer macht die 
migrationspolitische Sprecherin der FDP-Fraktion angesichts der Afghanistan-Krise und möglicher 
Fluchtbewegungen auch deutlich: Auf Deutschland kommt eine gewaltige Herausforderung zu.
WELT:
Frau Teuteberg, wie sehr freuen Sie sich auf eine mögliche Ampel-Koalition?
Linda Teuteberg:
Wenn es darum geht, mir vorzustellen, wie rot-grüne Forderungen zu unseren Inhalten passen sollen, fehlt mir die 
ansonsten durchaus vorhandene Fantasie. Insbesondere da sich der Kanzlerkandidat, der uns dazu Angebote 
machen müsste, zugleich ein Linksbündnis offenhält. Helmut-Schmidt-Nostalgie in Videoclips ist kein Ersatz für 
Klarheit in staatspolitischen Grundfragen. Ich mache mir große Sorgen um die Zukunft unseres Landes, weil es seit 
Langem ernste Kampfansagen gegen die soziale Marktwirtschaft und konzertierte Angriffe gegen das 
Privateigentum als Freiheitsrecht gibt. Aufgabe der Freien Demokraten ist es, dagegenzuhalten, und zwar mit einer 
ganz anderen Idee: Wir setzen auf die Eigenverantwortung der Menschen und auf Privateigentum als Grundlage 
von Freiheit und Wohlstand. Für sozialen Ausgleich und Investitionen, zum Beispiel in Bildung und Klimaschutz, 
gibt es nur durch die Effizienz der wettbewerblich organisierten Wirtschaftsordnung Verteilungsspielraum - oder es 
gibt ihn eben nicht.

""Konzertierte Angriffe gegen das Privateigentum""; Linda Teuteberg (FDP) hat Zweifel an einer möglichen 
Ampel-Koalition mit SPD und Grünen. Bei Asyl und Integrat....
Führende Christdemokraten werfen der FDP indes vor, insgeheim auf ein Ampelbündnis zu setzen. CDU-
Generalsekretär Paul Ziemiak etwa twitterte: Wer FDP wähle, der ""muss in Kauf nehmen, dass er am Ende mit 
Esken und Kühnert am Kabinettstisch aufwacht"".
Angesichts der ernsten Lage wäre es die Aufgabe, ja Verantwortung der Union, selbst ein überzeugendes Angebot 
zu machen. Es ist keine Phrase, dass diese Wahl eine Richtungsentscheidung wird. Einige stellen die Systemfrage 
und die gilt es klar zu beantworten. Auf eine möglichst starke FDP wird es dabei ankommen. Die Union sollte sich 
auf die Auseinandersetzung in der Sache konzentrieren und nicht darauf, gerade die FDP anzugreifen und den 
Grünen nur mit Samthandschuhen zu begegnen.
Sind die Grünen denn eine bürgerliche Partei?
Etiketten zu verteilen liegt mir fern. Mit Bullerbü und Biedermeier allerdings sollte man Bürgerlichkeit nicht 
verwechseln. Es geht um Respekt vor Privatsphäre, Familie, Leistung und Eigentum, übrigens auch vor geistigem 
Eigentum. Hinter der grünen Fassade steckt viel verträumte Hybris und Etatismus. Die Überschrift des grünen 
Wahlprogramms ""Alles ist drin"" empfinde ich mehr als Drohung denn als Versprechen.
Was meinen Sie damit konkret?
Viele Vorschläge der Grünen haben zwar schön klingende Namen, laufen aber darauf hinaus, Wettbewerb, 
Eigentum und ganz generell Eigenverantwortung und individuelle Entfaltung zu schwächen. Ständig geht es um 
Quotierungen, um Verbote, um staatliche Maßregelung. Und das wird dann auch noch als innovativ verkauft. 
Robert Habeck etwa sagte einmal: ""Verbote sind die Bedingung für Freiheit.""
Und Krieg ist Frieden.
Dass Freiheit nicht Regellosigkeit ist, war schon bekannt, bevor es die Grünen gab. Natürlich sind Verbote ein 
mögliches Instrument staatlichen Handelns, sie sind aber selten das klügste - jedenfalls sind sie nicht in jeder 
Situation angemessen. Im Verfassungsrecht nennt man das Verhältnismäßigkeitsprinzip. Nicht jede kühne Aussage 
ist progressiv, so manche eher infantil.
Gibt es noch andere Beispiele?
Zur Migrationspolitik halten die Grünen gern Sonntagsreden: Man müsse Humanität und Ordnung verbinden. Das 
stimmt natürlich - passt aber nicht dazu, dass sie von Montag bis Samstag sinnvolle Maßnahmen für mehr Ordnung 
bei der Migration blockieren. Wenn es etwa um die Einstufung der Maghrebstaaten als sichere Herkunftsstaaten 
geht - wir haben dazu mehrfach konkrete Gesetzentwürfe in den Deutschen Bundestag eingebracht - , legen sich 
die Grünen quer. Und die Union lässt sich hier von den Grünen am Nasenring durch die Manege ziehen.
Nun wirft das Afghanistan-Debakel ein Schlaglicht auf die Flüchtlingspolitik der Parteien im Wahlkampf. 
Unionskanzlerkandidat und CDU-Chef Armin Laschet meinte dazu, 2015 dürfe sich nicht wiederholen, womit er sich 
auf die damalige Flüchtlingskrise und ihre Folgen bezog. Angela Merkels ""Wir schaffen das"" jährt sich in dieser 
Woche zum sechsten Mal - schaffen wir das noch mal? Oder ist die aktuelle Situation ohnehin nicht mit 2015 
vergleichbar?
Es gibt manche Unterschiede zur damaligen Situation, aber vergleichen heißt auch nicht gleichsetzen. Der Verweis 
auf die Unterschiede dient allzu oft dazu, das Wesentliche zu verdecken: 2015 darf sich insofern nicht wiederholen, 
dass es keinen Kontrollverlust und keine deutschen Alleingänge mehr geben darf. Migration muss rechtsstaatlich 
geordnet und gesteuert werden. Wir müssen wissen, wer in unser Land kommt. Zudem muss endlich gewährleistet 
werden, dass das Ergebnis eines rechtsstaatlichen Asylverfahrens auch in der Praxis einen Unterschied macht. Die 
Ausreisepflicht muss dann auch durchgesetzt werden. Das ist nicht mehr und nicht weniger als rechtsstaatliche 
Konsequenz.
Inwiefern hat sich die Debatte in den vergangenen Jahren weiterentwickelt?
""Konzertierte Angriffe gegen das Privateigentum""; Linda Teuteberg (FDP) hat Zweifel an einer möglichen 
Ampel-Koalition mit SPD und Grünen. Bei Asyl und Integrat....
Die Debatte wiederholt sich teilweise, weil einige nach wie vor nicht bereit sind, zu differenzieren, und das Problem 
unterkomplex darstellen. Die Verantwortung für den Schutz der deutschen Ortskräfte aus Afghanistan und deren 
Aufnahme, die wir ausdrücklich befürworten, sollte nicht mit der Migrations- und Flüchtlingspolitik im Allgemeinen 
vermischt werden. Was es jetzt braucht, ist schnelle praktische Hilfe für die Nachbarländer Afghanistans, damit 
schutzsuchende Menschen in der Region Sicherheit und menschenwürdige Unterbringung finden.
Ist das Sprechen über die Grenzen der Flüchtlingsaufnahme noch immer ein Tabu?
Es ist jedenfalls immer noch schwierig, die Debatte bewegt sich weiterhin zwischen zwei Polen: Auf der einen Seite 
steht die AfD mit ihrer Botschaft der Abschottung. Auf der anderen Seite gibt es vom politisch linken Lager bis weit 
in die Mitte hinein eine gewisse Beliebigkeit. Dass etwa die Durchsetzung der Ausreisepflicht die Ausnahme 
darstellt und nicht die Regel, halte ich für nicht hinnehmbar. Der Rechtsstaat darf keine Anreize zur Missachtung 
seiner eigenen Regeln setzen. Dass viele den Unterschied zwischen politischer Verfolgung und anderen 
Fluchtgründen verwischen, zwischen ""Geflüchteten"" und Flüchtlingen im Rechtssinne nicht zu unterscheiden bereit 
sind, schwächt die Akzeptanz des Asylrechts in Deutschland. Wir müssen uns ehrlich machen und zwischen 
humanitärer Zuwanderung und Arbeitsmigration - von der wir eher mehr brauchen, aber legal und gesteuert - 
unterscheiden. Das Thema Migration rechtsstaatlich zu ordnen und gesellschaftlich zu befrieden ist eine der 
zentralen Aufgaben der nächsten Bundesregierung.
Unter anderem fordern die Grünen die Aufnahme von Kontingenten afghanischer Flüchtlinge. Wieso ringt sich die 
FDP nicht zu einem solchen Vorschlag durch?
Es ist nicht die Zeit für einen Überbietungswettbewerb bei Kontingenten. Vorrang haben muss die Unterstützung 
der Bürgerkriegsflüchtlinge in der Nähe ihres Herkunftslandes. Auch die grüne Kanzlerkandidatin Annalena 
Baerbock täte gut daran, ihren Sonntagsreden über Multilateralismus mehr Abstimmung mit unseren Partnern 
folgen zu lassen. Einer koordinierten europäischen Antwort auf das Thema Migration, die wir so dringend brauchen, 
werden wir nicht näherkommen, wenn wir Deutsche immer meinen, die Ziele vorzugeben - und die anderen hätten 
zu folgen.
Wer von Migration spricht, darf von Integration nicht schweigen - insbesondere in diesem Bereich spürt 
Deutschland die Folgen von 2015 bis heute. Nun hat die Integrationskommission der Bundesregierung nach 
zweijährigen Beratungen Anfang dieses Jahres ihren Abschlussbericht vorgelegt. Als zentrales Ergebnis wurde 
empfohlen, künftig auf den Begriff ""Migrationshintergrund"" zu verzichten. Was ist davon zu halten?
Im Bereich Integration ist in den vergangenen Jahren zu wenig vom Notwendigen passiert. Wir müssen viel klarer 
definieren, was wir von Zuwanderern erwarten und was konkret wir unter Integration verstehen: liberal, aber nicht 
naiv im Hinblick auf unsere Rechts- und Werteordnung. Was mich an dem Bericht der Kommission sehr stört: Er 
formuliert einseitig eine Bringschuld der Aufnahmegesellschaft. Ihren eigentlichen Auftrag, der Frage nach der 
Integrationsfähigkeit nachzugehen, also auch die Situation und die Interessen der Aufnahmegesellschaft zu 
beleuchten, hat die Kommission durch Nichtbeachtung für irrelevant erklärt.
Was bleibt also von der Integrationsbeauftragten der Bundesregierung, Annette Widmann-Mauz (CDU)?
Auf jeden Fall ist die Herausforderung Integration nach wie vor weder als solche erkannt noch benannt. Eine 
offene, liberale Gesellschaft, in der es Zusammenhalt gibt, ist etwas anderes als eine Addition von lauter 
""Communitys"", die aufgrund irgendwelcher Gruppenmerkmale Ansprüche erheben.
Original Gesamtseiten-PDF"
2021-08,Main Corpus,2021-08(50).ZIP,Afghanistan reißt in der EU alte Wunden auf Mitgliedsländer streiten über Aufnahme von Geflüchteten.PDF,C:\PythonProjects\AfD-project\Corpora\Main Corpus\2021-08\raw_unarchive\Afghanistan reißt in der EU alte Wunden auf Mitgliedsländer streiten über Aufnahme von Geflüchteten.PDF,Afghanistan reißt in der EU alte Wunden auf Mitgliedsländer streiten über Aufnahme von Geflüchteten. Wien,afghanistan reisst in der eu alte wunden auf mitgliedsländer streiten über aufnahme von geflüchteten wien,"taz, die tageszeitung",taz die tageszeitung,Freitag 20. August 2021,Eric Bonse,SCHWERPUNKT; S. 2,428,3053,77a3362efcfc5a10ad43012219341029cd038cf9,,unique,keep,,no,,no,,,4657,no,,,,,"Aus Brüssel Eric Bonse
Als die Taliban in Kabul einmarschierten, glänzte die EU durch Abwesenheit. Deutschland und andere Staaten 
organisierten die Flucht ihrer Bürger und Ortskräfte im Alleingang, eine europäische Koordinierung fehlte.
Auch jetzt, da es um die Aufarbeitung der afghanischen Katastrophe (so der EU-Außenbeauftragte Josep Borrell) 
geht, zeichnet sich keine gemeinsame EU-Linie ab. Dies haben zwei Krisensitzungen in Brüssel gezeigt.
Erst tagten die Außenminister ohne Ergebnis. Einig war man sich nur, dass die Region stabilisiert und 
Fluchtmigration verhindert werden müsse. Nach der Evakuierung genieße dies höchste Priorität, sagte Borrell.
Um die Flüchtlinge ging es auch bei einer Videokonferenz der Innenminister. Österreichs Amtsinhaber Karl 
Nehammer erklärte, dass sein Land keine Afghanen aufnehmen wolle. Abschiebungen müssten weiter möglich 
sein.
Österreich werde sich auf EU-Ebene darum bemühen, dass Abschiebezentren in Nachbarländern Afghanistans 
eingerichtet würden, um aus Europa abgeschobene Afghanen unterzubringen, erklärte der konservative ÖVP-
Politiker.
Luxemburgs Außenminister Jean Asselborn widersprach. Wir brauchen Quoten für Flüchtlinge aus Afghanistan, 
die auf legalem Weg nach Europa kommen können , sagte Asselborn. Den Zugang zu blockieren, sei Populismus 
pur.
Wieder andere Akzente setzte EU-Innenkommissarin Ylva Johansson. Sie fordert, legale und sichere Fluchtrouten 
aus Afghanistan nach Europa zu schaffen. Die Lage in Afghanistan ist eindeutig nicht sicher und wird es auch noch 
einige Zeit nicht sein , so Johansson.

Afghanistan reißt in der EU alte Wunden auf Mitgliedsländer streiten über Aufnahme von Geflüchteten. Wien 
will Afghanen abschieben
Sichere Fluchtwege und Quoten oder Abschiebung und Auffanglager: Die Debatte erinnert an 2015 und 2016, als 
die EU mit den Folgen des Exodus aus Syrien zu kämpfen hatte. 2015 darf sich nicht wiederholen diesen Spruch 
aus dem deutschen Wahlkampf 2021 hatten schon damals viele EU-Politiker in Brüssel auf den Lippen.
Doch bis heute haben sie keine Lösung gefunden. Ein von der EU-Kommission vorgeschlagener Asyl- und 
Migrationspakt fand keine Mehrheit, nicht einmal der deutsche EU-Vorsitz Ende 2020 konnte die Blockade lösen. 
Die Afghanistan-Krise hat alte Wunden aufgerissen und neue, vor allem innenpolitisch motivierte Ängste geschürt. 
Deshalb sagt und macht nun jeder, was er will.
Am weitesten lehnte sich Frankreichs Staatschef Emmanuel Macron aus dem Fenster. Afghanistan darf nicht 
wieder zu dem Zufluchtsort des Terrorismus werden , erklärte er. Außerdem müsse man ungesteuerte 
Flüchtlingsströme Richtung Europa verhindern.
Macron will sich mit Kanzlerin Angela Merkel abstimmen. Doch die hält sich bedeckt genau wie EU-
Kommissionspräsidentin Ursula von der Leyen. Zum Debakel in Afghanistan verlor die Chefin der geopolitischen 
Kommission kein Wort. Bisher hatte die glühende Transatlantikerin auf US-Präsident Joe Biden gesetzt. Nun muss 
sie die Scherben zusammenkehren, die Biden hinterlässt in Kabul und in Brüssel."
2021-08,Main Corpus,2021-08(50).ZIP,Berlin will Kabul-Flüchtlinge aufnehmen Innensenator fordert schnelle Regierungsentscheidung _ Bunde.PDF,C:\PythonProjects\AfD-project\Corpora\Main Corpus\2021-08\raw_unarchive\Berlin will Kabul-Flüchtlinge aufnehmen Innensenator fordert schnelle Regierungsentscheidung _ Bunde.PDF,Berlin will Kabul-Flüchtlinge aufnehmen Innensenator fordert schnelle Regierungsentscheidung / Bundeswehr,berlin will kabulflüchtlinge aufnehmen innensenator fordert schnelle regierungsentscheidung  bundeswehr,Der Tagesspiegel,der tagesspiegel,Sonntag 15. August 2021,Sabine Beikler und Claudia von Salzen,TITEL FQT:SPÄT; S. 001; Ausg. Der Tagesspiegel Nr. 24626 VOM 15.08.2021 SEITE 001,350,2694,2d437c274789b37b977693f5aa04b661221b5788,,unique,keep,,no,,no,,,4047,no,,,,,"Berlin - Die Taliban haben am Samstagabend auch die Stadt Masar-i-Scharif eingenommen. Dort war noch bis 
Ende Juni die Bundeswehr stationiert. Angesichts des Vormarsches der radikalen Islamisten mehren sich die 
Forderungen nach einer Aufnahme von afghanischen Flüchtlingen in Deutschland. Die Bundesregierung dürfe nicht 
warten, bis sich alle 27 EU-Länder einig seien, sagte Grünen-Kanzlerkandidatin Annalena Baerbock im 
Deutschlandfunk. Deutschland solle zusammen mit anderen EU-Staaten, den USA und Kanada Kontingente von 
Flüchtlingen aufnehmen. Kanada will 20 000 besonders gefährdeten Menschen Zuflucht gewähren.
Zehntausende Menschen sind aus anderen Landesteilen vor den Taliban in Afghanistans Hauptstadt Kabul 
geflohen. ""Deutschland sollte in der EU jetzt sehr offensiv für ein europäisches Aufnahmeprogramm für 
afghanische Geflüchtete werben"", sagte Linken-Vorsitzende Susanne Hennig-Wellsow dem Tagesspiegel. Die FDP 
fordert ein Sondervisa-Programm für afghanische Frauen, die durch die Taliban bedroht sind. ""Deutschland und 
Europa haben hier eine besondere Verantwortung"", sagte FDP-Außenpolitiker Alexander Graf Lambsdorff.
Berlin erklärte sich zur Aufnahme von Flüchtlingen bereit. Gemeinsam mit anderen Bundesländern würde die Stadt 
ein Kontingent von Flüchtlingen aufnehmen, ""die sich in Afghanistan für den Aufbau der Demokratie eingesetzt 
haben"", sagte Innensenator Andreas Geisel (SPD) dem Tagesspiegel. ""Wir brauchen dafür dringend 
Entscheidungen auf Bundesebene."" Elke Breitenbach (Linke), Senatorin für Integration, forderte eine ""humanitäre 
Hilfsaktion, an der sich Berlin selbstverständlich beteiligen wird"". Auch Grünen-Spitzenkandidatin Bettina Jarasch 
sieht Deutschland und Berlin in der Verantwortung.
Für derartige Pläne gibt es aus der Union keine Unterstützung. ""Wir sollten uns zunächst darauf konzentrieren, 
unseren bedrohten Ortskräften eine rasche Ausreise zu ermöglichen"", sagte Fraktionsvize Thorsten Frei (CDU). 
Zudem müsse alles getan werden, um die Aufnahme der Flüchtlinge in den Nachbarstaaten zu unterstützen. 
Unions- Kanzlerkandidat Armin Laschet (CDU) forderte eine rasche Rettung der Ortskräfte. Geisel kritisierte die 
Versäumnisse der Bundesregierung beim Schutz der Menschen, die für die Bundeswehr gearbeitet haben. Auf der 
Innenministerkonferenz habe es Entsetzen darüber gegeben, dass die Soldaten abgezogen wurde, ohne für die 

Berlin will Kabul-Flüchtlinge aufnehmen Innensenator fordert schnelle Regierungsentscheidung / Bundeswehr 
soll Deutsche und Helfer ausfliegen
Sicherheit der Helfer zu sorgen. Die Bundeswehr bereitet derzeit einen Einsatz vor, um Deutsche und Helfer aus 
Kabul auszufliegen.
Seite 2
Graphic
 
R"
2021-08,Main Corpus,2021-08(50).ZIP,"Brand im Flüchtlingsheim An zwei Stellen in Goch hat es gebrannt, und auch in Bedburg-Hau war die Fe.PDF","C:\PythonProjects\AfD-project\Corpora\Main Corpus\2021-08\raw_unarchive\Brand im Flüchtlingsheim An zwei Stellen in Goch hat es gebrannt, und auch in Bedburg-Hau war die Fe.PDF","Brand im Flüchtlingsheim An zwei Stellen in Goch hat es gebrannt, und auch in Bedburg-Hau war die",brand im flüchtlingsheim an zwei stellen in goch hat es gebrannt und auch in bedburghau war die,Rheinische Post,rheinische post,Donnerstag 5. August 2021,Anja Settnik,S. 25,389,2704,449f729a164e2a5e483d32cf2a8380bae332c58f,near_001,duplicate_near,review,,no,,no,,,3502,no,,,near_001,,"ANJA SETTNIK
kreis kleve Von außen ist dem Haus kaum etwas anzumerken. Allenfalls die Eingangstür scheint beschädigt. 
Auffällig ist nur, dass Menschen mit verschiedensten Sachen in den Händen heraustreten und diese Habseligkeiten 
in einem Anhänger hinter einem Fahrzeug des Ordnungsamts verstauen. Sie können ihre Wohnungen vorerst nicht 
nutzen, denn in dem Mehrfamilienhaus an der Klever Straße in Goch hat es gebrannt. Auch in der Nachbarschaft 
musste die Feuerwehr aktiv werden. Ob die Vorfälle miteinander zu tun haben, stand am Mittwoch noch nicht fest. 
Wenn jedoch Unterkünfte von Flüchtlingen betroffen sind, ermittelt immer der Staatsschutz, weil nicht 
auszuschließen ist, dass es einen ausländerfeindlichen Hintergrund gibt. Konkrete Hinweise darauf gebe es bislang 
aber nicht, heißt es in einer gemeinsamen Presseerklärung von Polizei, Feuerwehr und Staatsanwaltschaft.
Demnach wurden in der Nacht zu Mittwoch kurz vor 2 Uhr Polizei und Feuerwehr zu einem Brand auf der Klever 
Straße in Goch gerufen. Aus bisher ungeklärter Ursache war im Keller einer kommunalen 
Unterbringungseinrichtung für Flüchtlinge Unrat in Brand geraten. 17 Personen, die sich im Haus aufhielten, 
konnten das Gebäude noch vor Eintreffen der Feuerwehr unverletzt verlassen.
Durch eine Flurverbindung im Keller zog der Rauch auch in die benachbarte Flüchtlingsunterkunft auf dem 
Nordring. Im dortigen Garageninnenhof brannten Mülltonnen, das Feuer griff nach den Worten von Feuerwehr-
Pressesprecher Torsten Matenaers auch auf die Dachhaut einer Garage und ein Gartenhaus über. Alles konnte 
rasch gelöscht werden, das Haus an der Klever Straße musste allerdings für vorläufig unbewohnbar erklärt werden, 
da das Feuer die Strom- und Wasserversorgung beschädigt hatte. Dem Vernehmen nach sind die Betroffenen in 
Wohnungen, aber auch in der früheren Liebfrauenkirche untergekommen, die zur kurzfristigen Unterbringung von 
Flüchtlingen hergerichtet ist.

Brand im Flüchtlingsheim An zwei Stellen in Goch hat es gebrannt, und auch in Bedburg-Hau war die 
Feuerwehr im Einsatz. In Goch ermittelt der Staatsschutz.
Zu den Ursachen ermitteln die Polizei Kleve und der polizeiliche Staatsschutz des Polizeipräsidiums Krefeld. 
Geprüft wird auch, ob eine Verbindung zu einem vorherigen Brand im Haus auf der Klever Straße am 5. Mai 
besteht, liegen bislang nicht vor.
Die Feuerwehr Bedburg-Hau musste derweil zum dritten Mal innerhalb von 14 Tagen zu einem Einsatz in den 
Fahnenkamp nach Hau ausrücken. Dort standen am späten Abend auf dem Klinikgelände ein Müllcontainer und ein 
Papierstapel in Flammen. Kurze Zeit vorher hatten auf einem Parkplatz nacheinander zwei Pkw gebrannt. Auch 
dort ermittelt die Polizei."
2021-08,Main Corpus,2021-08(50).ZIP,CDU-Ratsherr mahnt Bau von Schul-Ersatz an.PDF,C:\PythonProjects\AfD-project\Corpora\Main Corpus\2021-08\raw_unarchive\CDU-Ratsherr mahnt Bau von Schul-Ersatz an.PDF,CDU-Ratsherr mahnt Bau von Schul-Ersatz an,cduratsherr mahnt bau von schulersatz an,Rheinische Post,rheinische post,Freitag 13. August 2021,,S. 15,171,1228,07bf9103157dd4abd7e9ea646c6d390201dd9443,,unique,keep,,no,,no,,,1693,no,,,,,"Rheindorf (bu) CDU-Ratsherr Rüdiger Scholz mahnt mehr Tempo beim Umbau der ehemaligen Flüchtlings-
Container an der Felderstraße zur provisorischen Unterbringung von Schulklassen der GGS Am Friedenspark an. 
„Es bewegt sich nichts, obwohl der Mietvertrag als Flüchtlingseinrichtung schon am 28. Februar 2021 ausgelaufen 
ist. Mittlerweile ist ein halbes Jahr nutzlos verstrichen.“ schreibt Scholz. Dies sei besonders bedauerlich, weil für die 
Sanierung der GGS Am Friedenspark ein enger Zeitplan vorgesehen sei. Scholz: „Ursprünglich sollte der 
Schulbetrieb möglichst mit Beginn des neuen Schuljahres in den Containern starten und die Bauarbeiten am 
Stammgebäude an der Netzestraße Ende Januar 2023 beendet sein. Mit dem gegenwärtigen Tempo wird das 
schwierig werden.“
Die Fragen der Eltern zu der Thematik würden immer drängender. „Leider kann die Politik keine Antwort geben, 
weil sie von der Verwaltung über die Gründe der weiteren Verzögerung nicht informiert wird.“
Die betroffenen Eltern würden erwarten, dass die Sanierung der Stammgebäudes Ende Januar 2023 beendet wird 
und die Schüler dann wieder zurückziehen könnten. „Eine Dauerbaustelle GGS Am Friedenspark wird in Rheindorf 
niemand akzeptieren“, sagt Scholz."
2021-08,Main Corpus,2021-08(50).ZIP,Das auffällig häufige Versagen der Politik(2).PDF,C:\PythonProjects\AfD-project\Corpora\Main Corpus\2021-08\raw_unarchive\Das auffällig häufige Versagen der Politik(2).PDF,Das auffällig häufige Versagen der Politik,das auffällig häufige versagen der politik,Rheinische Post,rheinische post,Freitag 20. August 2021,,S. 2,252,1867,73ddff5e41330844897c3556dbf8b4a5e3141614,exact_001,duplicate_exact,review,,no,,no,,,2765,no,,exact_001,,,"Birgit Marschall
Der unterschätzte Flüchtlingsansturm 2015 und 2016, das Übersehen des Bandenbetrugs beim einstigen 
Vorzeigekonzern Wirecard, häufige Fehler im Corona-Krisenmanagement, der unterlassene Klima- und 
Katastrophenschutz, wie er sichtbar wurde bei der Flut diesen Sommer, nun das Im-Stich-Lassen derer in 
Afghanistan, die Deutschland geholfen haben – die Vielzahl der Irrtümer und Versäumnisse der Bundesregierung in 
den vergangenen Jahren fällt auf.
Es stimmt zwar, dass Politiker auch nur Menschen sind. Die Probleme in der Welt sind zudem komplexer 
geworden. Politiker können und müssen sich auch irren dürfen, um im Trial-and-Error-Verfahren bestmögliche 
Problemlösungen zu finden. Viele Ereignisse der vergangenen Jahre, die zu Krisen führten, hatten tatsächlich 
geopolitische Ursachen, sie waren also nicht hausgemacht, wie Bundeskanzlerin Angela Merkel bei ihrer letzten 
Sommer-Pressekonferenz vor einigen Wochen betonte. Und dennoch: Die frappierende Fülle der Fehler in den 
letzten Jahren Merkels lässt sich nicht einfach weglächeln oder vertuschen. Den Bürgern entgehen sie nicht mehr, 
vor allem nicht angesichts der nahenden Bundestagswahl. Die Regierung und vor allem das Parlament müssen in 
der kommenden Legislaturperiode zufriedenstellende Antworten auf diese wichtige Frage finden: Steckt hinter der 
Häufung der Fehler ein strukturelles Versagen der Politik?
Eine Spätfolge des unbewältigten Traumas der Flüchtlingskrise von 2015 und 2016 ist heute die fahrlässig 
ignorante Haltung der Bundesregierung gegenüber den Ortskräften in Afghanistan: Aus Angst vor falschen 
Signalen an die afghanische Bevölkerung, die sich nach Deutschland aufmachen könnte, unterließ es die 
Bundesregierung, Ortskräfte und Aktivisten, die nun um ihr Leben bangen, rechtzeitig auszufliegen.
Bericht Der Minister und die „verdammte Pflicht“, Politik"
2021-08,Main Corpus,2021-08(50).ZIP,Das auffällig häufige Versagen der Politik.PDF,C:\PythonProjects\AfD-project\Corpora\Main Corpus\2021-08\raw_unarchive\Das auffällig häufige Versagen der Politik.PDF,Das auffällig häufige Versagen der Politik,das auffällig häufige versagen der politik,Rheinische Post,rheinische post,Freitag 20. August 2021,,S. 2,252,1867,73ddff5e41330844897c3556dbf8b4a5e3141614,exact_001,duplicate_exact,review,,no,,no,,,2750,no,,exact_001,,,"Birgit Marschall
Der unterschätzte Flüchtlingsansturm 2015 und 2016, das Übersehen des Bandenbetrugs beim einstigen 
Vorzeigekonzern Wirecard, häufige Fehler im Corona-Krisenmanagement, der unterlassene Klima- und 
Katastrophenschutz, wie er sichtbar wurde bei der Flut diesen Sommer, nun das Im-Stich-Lassen derer in 
Afghanistan, die Deutschland geholfen haben – die Vielzahl der Irrtümer und Versäumnisse der Bundesregierung in 
den vergangenen Jahren fällt auf.
Es stimmt zwar, dass Politiker auch nur Menschen sind. Die Probleme in der Welt sind zudem komplexer 
geworden. Politiker können und müssen sich auch irren dürfen, um im Trial-and-Error-Verfahren bestmögliche 
Problemlösungen zu finden. Viele Ereignisse der vergangenen Jahre, die zu Krisen führten, hatten tatsächlich 
geopolitische Ursachen, sie waren also nicht hausgemacht, wie Bundeskanzlerin Angela Merkel bei ihrer letzten 
Sommer-Pressekonferenz vor einigen Wochen betonte. Und dennoch: Die frappierende Fülle der Fehler in den 
letzten Jahren Merkels lässt sich nicht einfach weglächeln oder vertuschen. Den Bürgern entgehen sie nicht mehr, 
vor allem nicht angesichts der nahenden Bundestagswahl. Die Regierung und vor allem das Parlament müssen in 
der kommenden Legislaturperiode zufriedenstellende Antworten auf diese wichtige Frage finden: Steckt hinter der 
Häufung der Fehler ein strukturelles Versagen der Politik?
Eine Spätfolge des unbewältigten Traumas der Flüchtlingskrise von 2015 und 2016 ist heute die fahrlässig 
ignorante Haltung der Bundesregierung gegenüber den Ortskräften in Afghanistan: Aus Angst vor falschen 
Signalen an die afghanische Bevölkerung, die sich nach Deutschland aufmachen könnte, unterließ es die 
Bundesregierung, Ortskräfte und Aktivisten, die nun um ihr Leben bangen, rechtzeitig auszufliegen.
Bericht Der Minister und die „verdammte Pflicht“, Politik"
2021-08,Main Corpus,2021-08(50).ZIP,"Der blinde Syrer von Oberhatzkofen Integration Mheddin Saho ist bestens integriert, schreibt an sein.PDF","C:\PythonProjects\AfD-project\Corpora\Main Corpus\2021-08\raw_unarchive\Der blinde Syrer von Oberhatzkofen Integration Mheddin Saho ist bestens integriert, schreibt an sein.PDF","Der blinde Syrer von Oberhatzkofen Integration Mheddin Saho ist bestens integriert, schreibt an seiner",der blinde syrer von oberhatzkofen integration mheddin saho ist bestens integriert schreibt an seiner,Südwest Presse,südwest presse,Donnerstag 5. August 2021,,DIE VIERTE SEITE; S. 4; Band 77; Ausg. 178,1277,8739,d76ac93e0d639ffd73bd7057a3a55bd83e138e54,,unique,keep,,no,,no,,,10184,no,,,,,"Kati, Sara, Sandra, Ines und Sophie – sie alle, fünf junge Frauen, sind von München nach Regensburg ins 
Verwaltungsgericht gekommen. Um ihn zu unterstützen, um ihm Mut zu geben. „Mheddin muss hier bleiben und 
seinen Master schreiben“, sagt Sandra. Sie kennen ihn vom Studium, Anglistik an der Münchner Ludwig-
Maximilians-Universität, sind mit ihm befreundet. An der Uni hat sich Mheddin Saho bestens eingelebt, obwohl er 
erst seit zweieinhalb Jahren in Deutschland ist. Seine Abschlussarbeit hat zum Thema, mit welchen neuen 
Methoden man Blinden das Erlernen von Fremdsprachen erleichtern kann.
Saho ist selbst blind, von Geburt an. Der 27-Jährige kommt aus Syrien, in Deutschland hat er Asyl beantragt. Dass 
es ihm gewährt, dass er nicht nach Spanien abgeschoben wird, stellt sich als immer schwieriger dar – trotz seines 
Einsatzes, Gerichtsklagen, vieler Unterstützer und Freunde.
Der Bibliothekssaal im Verwaltungsgericht Regensburg, mitten in der Altstadt, ist der größte des Hauses. An einem 
Dienstag wird hier die Klage Saho gegen die Bundesrepublik Deutschland und das Bundesamt für Migration und 
Flüchtlinge (Bamf) aufgerufen. Sein Asylantrag war abgelehnt worden, gemäß des Dublin-Abkommens der EU soll 
er dahin ausreisen, von wo er gekommen war – Spanien, ein „sicheres Herkunftsland“, wie es in den Akten steht. 
Saho meint, dass er als Flüchtling mit einer 100-prozentigen Behinderung in Spanien nie Fuß fassen könnte. Er 
wäre dort allein und ohne Sprachkenntnisse.
Anwalt: Das ist „rechtswidrig“
Die Richterin referiert seine Klage und die Erwiderung des Bamf: Dass er „kein besonderer Härtefall“ sei. Und dass 
er in Spanien sehr wohl in der Lage sei, „ein selbstständiges Leben zu führen“. Thomas Oberhäuser, Anwalt von 
Mheddin Saho, wird scharf im Ton. Das Bamf-Handeln bezeichnet er als „missbräuchlich“ und „rechtswidrig“. Denn 
in diesem Fall, könnte man sagen, hat die Behörde einen Trick angewendet. Für einen abgelehnten Dublin-
Flüchtling, der über ein EU-Land gekommen ist, besteht sechs Monate lang die Ausreisepflicht. In dieser Zeit kann 
er abgeschoben werden. Schafft er es, länger zu bleiben, erhält er ein reguläres deutsches Asylverfahren.

Der blinde Syrer von Oberhatzkofen Integration Mheddin Saho ist bestens integriert, schreibt an seiner 
Masterarbeit, gibt Nachhilfe und engagiert sich als Dolme....
Bei Saho wären es noch zehn Tage gewesen, um ins deutsche Recht zu rutschen. Doch das Bamf vereitelte dies, 
indem es sein Verfahren aussetzte. Wie es mit blinden Flüchtlingen in Spanien steht, solle das Gericht entscheiden, 
in einem Grundsatzurteil. Für Saho bedeutet das: Die Uhr ist wieder auf null gestellt. Die Richterin beendet den 
Prozess und kündigt ein schriftliches Urteil an. Wird Sahos Antrag erneut abgelehnt, beginnt die Sechs-Monats-
Frist von vorne.
Zwei Wochen später sitzt Saho am Esstisch in einem verwinkelten Haus im niederbayerischen Rottenburg an der 
Laaber, Teilort Oberhatzkofen. Hier lebt er seit zwei Jahren bei Gisela und Gerhard Zierer. Sie ist 55 Jahre alt, ihr 
Mann 60. Vier Kinder haben sie hier groß gezogen, jetzt sagt Gisela Zierer: „Mheddin ist für uns zu einem 
Adoptivsohn geworden.“
Die Stimmung ist niedergeschlagen. Sie haben erfahren, dass die Klage auf den Eintritt ins deutsche Asylverfahren 
abgewiesen ist. Mheddin Saho steht nun wohl da, wo er im März 2019 schon einmal war. Er soll wahrscheinlich 
zurück nach Spanien, ihm droht die Abschiebung.
„Wir haben uns im April 2019 zum ersten Mal getroffen“, erinnert sich Gisela Zierer. Sie und ihr Mann sind in der 
Flüchtlingshilfe aktiv. Die Zierers sind religiöse Menschen, Mitglieder der kleinen Freien evangelischen Gemeinde 
von Rottenburg. „Von Anfang an haben wir uns super verstanden“, sagt Gerhard Zierer. Neben seinem Studium 
arbeitet Mheddin Saho ehrenamtlich. Er gibt Schulkindern Englisch-Nachhilfe. Wenn das Krankenhaus im nahen 
Landshut Sprachprobleme mit syrischen Patienten hat, wird er als Dolmetscher angefordert. Arabisch, Türkisch und 
Englisch spricht er fließend, Deutsch schon sehr gut. Jeden Sonntag geht Saho mit in den Gottesdienst, er ist auch 
Christ. In der ganzen Region kennt man ihn, den blinden Syrer von Oberhatzkofen.
Ist eine bessere, gelungenere Integration möglich? Am frühen Morgen des 22. Juli 2019 kommt die Polizei zum 
Haus, um ihn zu holen, vier Beamte. Eine Abschiebung, geplant für den Lufthansa-Flug 10.55 Uhr ab München 
nach Barcelona. Gisela Zierer ist schon in der Arbeit, Mheddin Saho geht mit. Sie haben ihn ins Flugzeug gesetzt. 
„Da habe ich Panik bekommen“, erzählt er. Zu den anderen Passagieren ruft er, schreit womöglich: „Helft mir, ich 
soll abgeschoben werden.“ Die Reisenden verständigen den Piloten der Maschine. Dieser weigert sich, ihn zu 
transportieren. „Seitdem schlafe ich schlecht“, sagt Saho, „und habe viele Albträume.“
Einen Monat darauf ist erneut die Abschiebung geplant, Saho erhält einen Brief von der Ausländerbehörde. 
Blitzschnell lassen die Zierers ihre Verbindungen spielen, rufen Unterstützer an. Darunter etwa Veronika Mavridis, 
Pfarrerin der Evangelischen Amtskirche in Rottenburg, mit der für diesen Fall vereinbart war: Mheddin Saho geht 
ins Kirchenasyl. Er lebt fast vier Wochen lang in einem Raum der Freikirche.
Im Haus in Oberhatzkofen erzählt er von seinem brüchigen Leben. Er ist im syrischen Idlib geboren und erinnert 
sich vor allem an Bomben und Krieg. Als junger Mann ging er in die Türkei, nach Ankara zum Studieren. Den 
Anglistik-Abschluss machte er mit der Bestnote. Anfang 2019 reiste er mit einem Touristenvisum nach Spanien und 
dann am 21. Januar weiter nach Deutschland, nach Rottenburg, weil dort sein Cousin lebt.
Wie würde es ihm in Spanien ergehen? Laut dem Auswärtigen Amt räumen die Behörden dort ein, „dass aufgrund 
der hohen Nachfrage an Asylunterkünften eine Unterbringung in einer der auf die besonderen Bedürfnisse 
zugeschnittenen Unterkunft nicht immer gewährleistet werden kann“. Es gibt Berichte über große Mängel in dem 
Land beim Umgang mit Behinderten. Das Bamf sieht das anders. Mheddin Saho werde in Spanien anständig 
behandelt, meint die Behörde, dort seien „Mindeststandards“ für Flüchtlinge garantiert. Anwalt Thomas Oberhäuser 
sagt dazu: „Brot, Bett und Seife – das gilt als ausreichend.“
Auch wird die Behörde nicht müde zu betonen, dass Saho sich als Blinder ja bisher sehr gut behaupten konnte – 
warum also nicht auch in Spanien? Man habe „aufgrund seines bisherigen Lebenswegs … keine Zweifel an der 
selbständigen Lebensführung des Antragstellers“. Er könne nicht glaubhaft machen, dass es ihm in Spanien „nicht 
möglich wäre, seine täglichen Bedürfnisse eigenständig bzw. mit der dort verfügbaren Unterstützung zu 
bewältigen“. Der Artikel 17 der Dublin-III-Verordnung gewährt den EU-Staaten das „Ermessen“, einen Flüchtling ins 
Asylverfahren zu nehmen, auch wenn dafür eigentlich das Einreiseland zuständig wäre. Doch auch dies ist nach 
Der blinde Syrer von Oberhatzkofen Integration Mheddin Saho ist bestens integriert, schreibt an seiner 
Masterarbeit, gibt Nachhilfe und engagiert sich als Dolme....
Bamf-Meinung nicht möglich. Sahos Integrationsabsichten seien zwar „durchweg positiv zu bewerten“. Jedoch 
seien diese keine „überragenden Integrationsleistungen“.
Sein Uni-Department schreibt an Bundespräsident Frank-Walter Steinmeier und andere Politiker: „Es wäre 
unmenschlich, einen jungen Menschen mit solchen Talenten und perfekt gelungener Integration aus seinem Umfeld 
zu reißen.“ Er sei ein „hoch motivierter, intelligenter und engagierter Nachwuchswissenschaftler“. Unterzeichnet von 
vier Professorinnen und Professoren und einem Dutzend weiterer Wissenschaftler.
Im September soll im bayerischen Landtag eine Petition für seinen Verbleib behandelt werden. Wesentlich daran 
beteiligt ist die SPD-Abgeordnete Ruth Müller aus Landshut. Mit anderen fordert sie „eine Perspektive für Mheddin 
Saho in Deutschland“. Dem schließt sich auch der evangelische Landesbischof Heinrich Bedford-Strohm an, der 
eine Abschiebung als „menschlich unverantwortlich“ bezeichnet. So lange eine Petition noch läuft, wird in Bayern – 
zumindest darüber herrscht Einverständnis unter den Asyl-Akteuren – niemand abgeschoben.
Mheddin Saho sagt: „Ich bin ohne Hoffnung, mein Master ist für die Luft.“ Und: „Wenn sie kommen, gehe ich mit.“

Der blinde Syrer von Oberhatzkofen Integration Mheddin Saho ist bestens integriert, schreibt an seiner 
Masterarbeit, gibt Nachhilfe und engagiert sich als Dolme....
Link zum PDF-Dokument
Link zum PDF-Dokument
Graphic
 
Mheddin Saho mit seinen „Adoptiveltern“ Gisela und Gerhard Zierer. Fotos: Patrick Guyton
Im Gerichtssaal: Mheddin Saho (Mitte) mit Gisela Zierer und seinem Rechtsanwalt Thomas Oberhäuser."
2021-08,Main Corpus,2021-08(50).ZIP,Deutschland schiebt vorerst nicht mehr nach Afghanistan ab Innenminister Seehofer verweist auf die S.PDF,C:\PythonProjects\AfD-project\Corpora\Main Corpus\2021-08\raw_unarchive\Deutschland schiebt vorerst nicht mehr nach Afghanistan ab Innenminister Seehofer verweist auf die S.PDF,Deutschland schiebt vorerst nicht mehr nach Afghanistan ab Innenminister Seehofer verweist auf die,deutschland schiebt vorerst nicht mehr nach afghanistan ab innenminister seehofer verweist auf die,Die Welt,die welt,Donnerstag 12. August 2021,Dpa,Titel; S. 1; Ausg. 186,497,3690,dc3af3472a62d266f298fedbf3b776dc7e639b32,,unique,keep,,no,,no,,,5209,no,,,,,"Angesichts des Vormarsches der radikalislamischen Taliban in Afghanistan vollzieht Deutschland eine Kehrtwende 
und setzt Abschiebungen in das Land vorläufig aus. Ein Rechtsstaat trage Verantwortung dafür, dass die 
Betroffenen durch eine Abschiebung nicht in Gefahr gerieten, sagte Bundesinnenminister Horst Seehofer (CSU) zur 
Begründung. ""Die Sicherheitslage vor Ort ändert sich derzeit so rasant, dass wir dieser Verantwortung weder für 
die Rückzuführenden noch für die Begleitkräfte und die Flugzeugbesatzung gerecht werden können."" Eine in der 
vergangenen Woche verschobene Abschiebung von sechs Afghanen wird zunächst nicht nachgeholt. ""Sobald es 
die Lage zulässt, werden Straftäter und Gefährder wieder nach Afghanistan abgeschoben."" Außenminister Heiko 
Maas (SPD) nannte die Entscheidung des Innenministers ""notwendig und richtig"".
Die Entscheidung Seehofers kam offenbar auch für sein Ministerium überraschend. Weniger als zwei Stunden vor 
Bekanntwerden der Aussetzung hatte sein Sprecher auf einer Pressekonferenz mit Blick auf ausreisepflichtige 
Afghanen noch gesagt, das Ministerium sei ""weiterhin der Auffassung, dass es Menschen in Deutschland gibt, die 
das Land verlassen sollten - so schnell wie möglich"". Bislang gab es in Deutschland nur für Syrien einen 
Abschiebestopp. Seit 2016 sind mehr als 1000 Migranten mit Abschiebeflügen nach Afghanistan zurückgebracht 
worden, überwiegend Straftäter. Laut Seehofers Sprecher sind derzeit knapp 30.000 Afghanen in Deutschland 
ausreisepflichtig, was die größte Gruppe eines Herkunftslandes sei.

Deutschland schiebt vorerst nicht mehr nach Afghanistan ab Innenminister Seehofer verweist auf die 
Sicherheitslage im Land, wo die Taliban immer weiter vorrücke....
Die Flüchtlingshilfsorganisation Pro Asyl sprach von einer ""mehr als überfälligen"" Entscheidung. Kritik kam von der 
AfD. ""Wieder einmal stellt die Bundesregierung die Sicherheit der eigenen Bürger hintenan"", twitterte Co-
Fraktionschefin Alice Weidel. ""Wer in Deutschland kriminell wird, hat ohne Wenn und Aber abgeschoben zu 
werden."" Auch die Niederlande wollen angesichts ""der sich schnell verschlechternden Lage"" in den nächsten sechs 
Monaten nicht nach Afghanistan abschieben.
Derweil treiben die Taliban ihren Vormarsch nach dem Abzug der internationalen Truppen unvermindert voran. Am 
Mittwoch übernahmen die Aufständischen nach heftigen Kämpfen die Stadt Faisabad, wo früher 
Bundeswehrsoldaten stationiert waren. Es ist innerhalb von sechs Tagen bereits die achte Provinzhauptstadt, die 
dem Ansturm nicht standhalten konnte. Am Dienstag hatte ein ranghoher EU-Vertreter gesagt, 65 Prozent des 
Landes stünden unter Kontrolle der Taliban. Heftig gekämpft wird derzeit auch in der Umgebung von Masar-i-
Scharif, wo die Bundeswehr zuletzt ihr größtes Feldlager hatte.
Der US-Geheimdienst hält einen raschen weiteren Vormarsch der Taliban für möglich. Aus Pentagon-Kreisen 
verlautete, einer neuen Einschätzung zufolge könnten die Kämpfer die Hauptstadt Kabul binnen 30 Tagen isolieren 
und binnen 90 Tagen einnehmen. Dies sei aber nicht zwangsläufig. Nach Ansicht der US-Regierung ist der 
Vormarsch der Taliban nunmehr ein Problem der Afghanen. Angesichts des weitgehend abgeschlossenen Abzugs 
der internationalen Truppen sagte US-Präsident Joe Biden, die Afghanen müssten nun ""selbst kämpfen, um ihren 
Staat kämpfen"". Ihre Streitkräfte seien den Taliban militärisch überlegen, auch in Bezug auf die Truppenstärke. 
""Aber sie müssen auch kämpfen wollen"", so Biden.
 Seiten 3, 8
Original Gesamtseiten-PDF
Graphic
 
Dicht gedrängt stehen Wartende an der afghanisch-pakistanischen Grenze. Der Vormarsch der Taliban treibt viele 
Menschen zur Flucht"
2021-08,Main Corpus,2021-08(50).ZIP,Die Angst vor einem neuen 2015 Analyse Riesige Flüchtlingsbewegungen wie vor sechs Jahren sind aus A(2).PDF,C:\PythonProjects\AfD-project\Corpora\Main Corpus\2021-08\raw_unarchive\Die Angst vor einem neuen 2015 Analyse Riesige Flüchtlingsbewegungen wie vor sechs Jahren sind aus A(2).PDF,Die Angst vor einem neuen 2015; Analyse Riesige Flüchtlingsbewegungen wie vor sechs Jahren sind aus,die angst vor einem neuen 2015 analyse riesige flüchtlingsbewegungen wie vor sechs jahren sind aus,Rheinische Post,rheinische post,Freitag 20. August 2021,Dorothee Krings,S. 2,994,6744,19af731217f93022b2ae7da30c9a77553127f12d,variant_001,regional_variant,review,,no,,no,,,7903,yes,commentary_noncore,,near_002,variant_001,"Dorothee Krings
Der chaotische Abzug der Nato-Verbündeten aus Afghanistan bedeutet Leid für die Menschen vor Ort – und hat 
wirkmächtige Bilder in die Welt gebracht. Die Flugzeuge des Westens wurden zu den letzten Halmen, an die sich 
Menschen zu klammern versuchten, und zugleich zur tödlichen Falle. Die Szenen haben sichtbar gemacht, wie 
groß die Angst ist, nun wieder in einem Terrorstaat leben zu müssen. Längst ist von Hausdurchsuchungen und 
Racheakten zu hören, allen Beteuerungen der jetzigen Taliban-Sprecher zum Trotz. Selbst ein für seine 
Nüchternheit geschätzter Politiker wie Unionsfraktionschef Ralph Brinkhaus sagt, das breche einem das Herz.
Damit geht es kurz vor der Bundestagswahl in Deutschland wieder um Migration. Und dabei spielen 2015 und die 
Erfahrungen mit den Fluchtbewegungen aus Syrien eine Rolle. Allerdings nicht, weil nun Ähnliches zu erwarten 
wäre. „Wer jetzt den Vergleich zu 2015 aufmacht, suggeriert, es könnte nun wieder eine große Zahl von 
Flüchtlingen in relativ kurzer Zeit zahlreiche internationale Grenzen überwinden. Das hat mit der Realität aber 
nichts mehr zu tun“, sagt der Migrationsexperte Gerald Knaus, der 2016 das EU-Türkei-Abkommen initiiert hat: 
„Menschen kommen aus Afghanistan nur noch in sehr geringer Zahl bis an die Grenzen Europas und kommen 
praktisch nicht mehr nach Europa hinein.“
Die neuen Machthaber in Afghanistan haben die Grenzübergänge unter Kontrolle, haben auch im Land 
Checkpoints aufgebaut. Nachbarstaaten wie Pakistan, die schon in den vergangenen Jahrzehnten den größten Teil 
afghanischer Flüchtlinge aufgenommen haben, halten die Grenzen ihrerseits weitgehend geschlossen. Die 
Menschen sind bisher gefangen im eigenen Land, deshalb kommt es ja zu den schrecklichen Szenen am 
Flughafen.

Die Angst vor einem neuen 2015; Analyse Riesige Flüchtlingsbewegungen wie vor sechs Jahren sind aus 
Afghanistan nicht zu erwarten. Trotzdem darf man fragen, wel....
Als sich in Syrien eine der größten Flüchtlingsbewegungen der vergangenen Jahrzehnte aufbaute, war die lange 
Grenze zur Türkei dagegen offen. Die Menschen wurden vor Ort unzureichend versorgt und machten sich auf den 
Weg in die vergleichsweise nahe EU. Es ist also richtig, wenn nun mehr internationale Unterstützung für die 
Flüchtlingshilfe in den Nachbarstaaten Afghanistans gefordert wird, sollten diese bald größere Zahlen von 
Flüchtlingen aufnehmen müssen. Oder für die Versorgung von Binnenflüchtlingen in Afghanistan. Allerdings darf es 
nicht bei den Appellen bleiben, denn die gab es zu Syrien auch schon.
In Deutschland allerdings wird das Thema einmal mehr zum Anlass ideologischer Polemik. Dabei scheint die 
Bewertung von 2015 inzwischen wie ein Lackmustest. Es gibt Menschen, die sich damals engagiert haben, manche 
tun es bis heute, und es ist auch ihr Verdienst, dass die Mehrheit der etwa 900.000 Migranten, die allein 2015 nach 
Deutschland kamen, dabei ist, ihren Platz in der Gesellschaft zu finden. Diese Helfer wollen sich nicht ein ums 
andere Mal sagen lassen, dass die „Willkommenskultur“ naiv war und dass sich 2015 nicht wiederholen dürfe.
Doch es gab und gibt eben auch große Schwierigkeiten bei der Integration. Der Prozess ist langwierig und teuer. 
Es sind Kriminelle ins Land gekommen, es gab die unsäglichen Übergriffe auf Frauen in der Silvesternacht in Köln. 
Und es gab 2015 selbstverständlich Fehler, die sich nicht wiederholen sollten. Etwa die völlige Verkennung der 
Lage, die dazu führte, dass sich unter menschenunwürdigen Bedingungen Trecks nach und durch Europa bildeten. 
Dass es überhaupt so weit kam, dass am Ende über das Schicksal einer Masse von Menschen an der deutschen 
Grenze entschieden werden musste und dann zeitweise die Prinzipien des Rechtsstaats nicht mehr galten, war ein 
politisches Versagen. Wer das benennt, ist nicht empathielos. Zur Wahrheit gehört auch, dass die EU in den 
meisten Fragen der Migrationspolitik noch keinen Schritt weiter ist. Nur die Abschottung wurde vorangetrieben. Und 
auf Lesbos verrät Europa Tag um Tag seine Werte.
2015 spielt auch deswegen heute eine Rolle, weil die Ereignisse der deutschen Gesellschaft eine Polarisierung 
eingetragen haben, die wieder deutlich zu spüren ist: Wenn die einen Politiker sich winden, statt einfach Empathie 
zu zeigen, weil sie Angst haben, als zu „flüchtlingsfreundlich“ zu gelten. Oder wenn die anderen unbürokratische 
Hilfe verlangen, als ginge es um ein Nachbarschaftsprojekt, bei dem man nur die Ärmel aufkrempeln muss. 
Natürlich muss es etwa Sicherheitsprüfungen geben.
Dabei bräuchte es jetzt Nüchternheit und Haltung. Dann ist selbstverständlich, dass der Westen in Afghanistan 
Verantwortung übernehmen muss. „Man hat viele Afghanen in eine Lage gebracht, die für sie lebensgefährlich ist“, 
sagt der Politikwissenschaftler Herfried Münkler. Das bedeutet nicht, dass Deutschland die ungeheuren Probleme 
Afghanistans lösen könnte, indem es möglichst viele Menschen evakuiert. Doch der Versuch der deutschen 
Regierung, ihre Verpflichtungen gegenüber engagierten Afghanen bürokratisch herunterzuregeln, fördert rechte 
Ressentiments. Dabei geht es gerade um Glaubwürdigkeit. „Es geht darum, dass Menschen auch in anderen 
Teilen der Welt dem Westen noch vertrauen, wenn er sagt: Wir schützen euch, wenn ihr uns helft“, sagt Münkler. 
Der Westen habe schon jetzt viel Glaubwürdigkeit verspielt. Dem könne er nur noch die Symbolik des Transfers 
von Kabul nach Taschkent entgegensetzen, so Münkler. Wenigstens das solle man aber tun.
Der Anteil der Frauen steigt
Asyl Die Zahl der Asylanträge spiegelt die Flüchtlingsbewegungen um 2015. So wurden etwa 2013 in Deutschland 
etwas mehr als 127.000 Asylanträge gestellt. 2015 waren es mehr als 476.000, 2016 mehr als 745.000. 2020 
beantragten etwa 122.000 Menschen Asyl. Die Hauptherkunftsländer waren Syrien, Afghanistan und der Irak.
2021 Zwischen Januar und Juni wurden laut Mediendienst Asyl 81.284 Asylanträge gestellt, davon 58.927 
Erstanträge. Das sind etwa 48 Prozent mehr als im Vorjahr. Über 80.142 Anträge entschied das Bundesamt für 
Migration und Flüchtlinge. Die Schutzquote lag bei 34,4 Prozent.
Geschlecht Unter den Asylbewerbern zwischen Januar und Juni 2021 waren rund 42 Prozent Mädchen und 
Frauen. In der Altersgruppe der 18- bis 25-Jährigen gab es mit rund 29 Prozent den geringsten Frauenanteil. Seit 
2016 ist der Frauenanteil unter den Flüchtlingen um rund sechs Prozentpunkte gestiegen.
Die Angst vor einem neuen 2015; Analyse Riesige Flüchtlingsbewegungen wie vor sechs Jahren sind aus 
Afghanistan nicht zu erwarten. Trotzdem darf man fragen, wel....
Alter Flüchtlinge sind im Schnitt sehr jung: Rund 79 Prozent waren 2021 unter 30 Jahre alt. Minderjährige machten 
etwa 54 Prozent aus."
2021-08,Main Corpus,2021-08(50).ZIP,Die Angst vor einem neuen 2015 Analyse Riesige Flüchtlingsbewegungen wie vor sechs Jahren sind aus A.PDF,C:\PythonProjects\AfD-project\Corpora\Main Corpus\2021-08\raw_unarchive\Die Angst vor einem neuen 2015 Analyse Riesige Flüchtlingsbewegungen wie vor sechs Jahren sind aus A.PDF,Die Angst vor einem neuen 2015 Analyse Riesige Flüchtlingsbewegungen wie vor sechs Jahren sind aus,die angst vor einem neuen 2015 analyse riesige flüchtlingsbewegungen wie vor sechs jahren sind aus,Rheinische Post,rheinische post,Freitag 20. August 2021,Dorothee Krings,S. 2,994,6744,027eb70308e9f2fbdf4518f21c61d182cc666679,variant_001,regional_variant,review,,no,,no,,,7888,yes,commentary_noncore,,near_002,variant_001,"Dorothee Krings
Der chaotische Abzug der Nato-Verbündeten aus Afghanistan bedeutet Leid für die Menschen vor Ort – und hat 
wirkmächtige Bilder in die Welt gebracht. Die Flugzeuge des Westens wurden zu den letzten Halmen, an die sich 
Menschen zu klammern versuchten, und zugleich zur tödlichen Falle. Die Szenen haben sichtbar gemacht, wie 
groß die Angst ist, nun wieder in einem Terrorstaat leben zu müssen. Längst ist von Hausdurchsuchungen und 
Racheakten zu hören, allen Beteuerungen der jetzigen Taliban-Sprecher zum Trotz. Selbst ein für seine 
Nüchternheit geschätzter Politiker wie Unionsfraktionschef Ralph Brinkhaus sagt, das breche einem das Herz.
Damit geht es kurz vor der Bundestagswahl in Deutschland wieder um Migration. Und dabei spielen 2015 und die 
Erfahrungen mit den Fluchtbewegungen aus Syrien eine Rolle. Allerdings nicht, weil nun Ähnliches zu erwarten 
wäre. „Wer jetzt den Vergleich zu 2015 aufmacht, suggeriert, es könnte nun wieder eine große Zahl von 
Flüchtlingen in relativ kurzer Zeit zahlreiche internationale Grenzen überwinden. Das hat mit der Realität aber 
nichts mehr zu tun“, sagt der Migrationsexperte Gerald Knaus, der 2016 das EU-Türkei-Abkommen initiiert hat: 
„Menschen kommen aus Afghanistan nur noch in sehr geringer Zahl bis an die Grenzen Europas und kommen 
praktisch nicht mehr nach Europa hinein.“
Die neuen Machthaber in Afghanistan haben die Grenzübergänge unter Kontrolle, haben auch im Land 
Checkpoints aufgebaut. Nachbarstaaten wie Pakistan, die schon in den vergangenen Jahrzehnten den größten Teil 
afghanischer Flüchtlinge aufgenommen haben, halten die Grenzen ihrerseits weitgehend geschlossen. Die 
Menschen sind bisher gefangen im eigenen Land, deshalb kommt es ja zu den schrecklichen Szenen am 
Flughafen.

Die Angst vor einem neuen 2015 Analyse Riesige Flüchtlingsbewegungen wie vor sechs Jahren sind aus 
Afghanistan nicht zu erwarten. Trotzdem darf man fragen, welc....
Als sich in Syrien eine der größten Flüchtlingsbewegungen der vergangenen Jahrzehnte aufbaute, war die lange 
Grenze zur Türkei dagegen offen. Die Menschen wurden vor Ort unzureichend versorgt und machten sich auf den 
Weg in die vergleichsweise nahe EU. Es ist also richtig, wenn nun mehr internationale Unterstützung für die 
Flüchtlingshilfe in den Nachbarstaaten Afghanistans gefordert wird, sollten diese bald größere Zahlen von 
Flüchtlingen aufnehmen müssen. Oder für die Versorgung von Binnenflüchtlingen in Afghanistan. Allerdings darf es 
nicht bei den Appellen bleiben, denn die gab es zu Syrien auch schon.
In Deutschland allerdings wird das Thema einmal mehr zum Anlass ideologischer Polemik. Dabei scheint die 
Bewertung von 2015 inzwischen wie ein Lackmustest. Es gibt Menschen, die sich damals engagiert haben, manche 
tun es bis heute, und es ist auch ihr Verdienst, dass die Mehrheit der etwa 900.000 Migranten, die allein 2015 nach 
Deutschland kamen, dabei ist, ihren Platz in der Gesellschaft zu finden. Diese Helfer wollen sich nicht ein ums 
andere Mal sagen lassen, dass die „Willkommenskultur“ naiv war und dass sich 2015 nicht wiederholen dürfe.
Doch es gab und gibt eben auch große Schwierigkeiten bei der Integration. Der Prozess ist langwierig und teuer. 
Es sind Kriminelle ins Land gekommen, es gab die unsäglichen Übergriffe auf Frauen in der Silvesternacht in Köln. 
Und es gab 2015 selbstverständlich Fehler, die sich nicht wiederholen sollten. Etwa die völlige Verkennung der 
Lage, die dazu führte, dass sich unter menschenunwürdigen Bedingungen Trecks nach und durch Europa bildeten. 
Dass es überhaupt so weit kam, dass am Ende über das Schicksal einer Masse von Menschen an der deutschen 
Grenze entschieden werden musste und dann zeitweise die Prinzipien des Rechtsstaats nicht mehr galten, war ein 
politisches Versagen. Wer das benennt, ist nicht empathielos. Zur Wahrheit gehört auch, dass die EU in den 
meisten Fragen der Migrationspolitik noch keinen Schritt weiter ist. Nur die Abschottung wurde vorangetrieben. Und 
auf Lesbos verrät Europa Tag um Tag seine Werte.
2015 spielt auch deswegen heute eine Rolle, weil die Ereignisse der deutschen Gesellschaft eine Polarisierung 
eingetragen haben, die wieder deutlich zu spüren ist: Wenn die einen Politiker sich winden, statt einfach Empathie 
zu zeigen, weil sie Angst haben, als zu „flüchtlingsfreundlich“ zu gelten. Oder wenn die anderen unbürokratische 
Hilfe verlangen, als ginge es um ein Nachbarschaftsprojekt, bei dem man nur die Ärmel aufkrempeln muss. 
Natürlich muss es etwa Sicherheitsprüfungen geben.
Dabei bräuchte es jetzt Nüchternheit und Haltung. Dann ist selbstverständlich, dass der Westen in Afghanistan 
Verantwortung übernehmen muss. „Man hat viele Afghanen in eine Lage gebracht, die für sie lebensgefährlich ist“, 
sagt der Politikwissenschaftler Herfried Münkler. Das bedeutet nicht, dass Deutschland die ungeheuren Probleme 
Afghanistans lösen könnte, indem es möglichst viele Menschen evakuiert. Doch der Versuch der deutschen 
Regierung, ihre Verpflichtungen gegenüber engagierten Afghanen bürokratisch herunterzuregeln, fördert rechte 
Ressentiments. Dabei geht es gerade um Glaubwürdigkeit. „Es geht darum, dass Menschen auch in anderen 
Teilen der Welt dem Westen noch vertrauen, wenn er sagt: Wir schützen euch, wenn ihr uns helft“, sagt Münkler. 
Der Westen habe schon jetzt viel Glaubwürdigkeit verspielt. Dem könne er nur noch die Symbolik des Transfers 
von Kabul nach Taschkent entgegensetzen, so Münkler. Wenigstens das solle man aber tun.
Der Anteil der Frauen steigt
Asyl Die Zahl der Asylanträge spiegelt die Flüchtlingsbewegungen um 2015. So wurden etwa 2013 in Deutschland 
etwas mehr als 127.000 Asylanträge gestellt. 2015 waren es mehr als 476.000, 2016 mehr als 745.000. 2020 
beantragten etwa 122.000 Menschen Asyl. Die Hauptherkunftsländer waren Syrien, Afghanistan und der Irak.
2021 Zwischen Januar und Juni wurden laut Mediendienst Asyl 81.284 Asylanträge gestellt, davon 58.927 
Erstanträge. Das sind etwa 48 Prozent mehr als im Vorjahr. Über 80.142 Anträge entschied das Bundesamt für 
Migration und Flüchtlinge. Die Schutzquote lag bei 34,4 Prozent.
Geschlecht Unter den Asylbewerbern zwischen Januar und Juni 2021 waren rund 42 Prozent Mädchen und 
Frauen. In der Altersgruppe der 18- bis 25-Jährigen gab es mit rund 29 Prozent den geringsten Frauenanteil. Seit 
2016 ist der Frauenanteil unter den Flüchtlingen um rund sechs Prozentpunkte gestiegen.
Die Angst vor einem neuen 2015 Analyse Riesige Flüchtlingsbewegungen wie vor sechs Jahren sind aus 
Afghanistan nicht zu erwarten. Trotzdem darf man fragen, welc....
Alter Flüchtlinge sind im Schnitt sehr jung: Rund 79 Prozent waren 2021 unter 30 Jahre alt. Minderjährige machten 
etwa 54 Prozent aus."
2021-08,Main Corpus,2021-08(50).ZIP,Die halbe Wahrheit.PDF,C:\PythonProjects\AfD-project\Corpora\Main Corpus\2021-08\raw_unarchive\Die halbe Wahrheit.PDF,Die halbe Wahrheit,die halbe wahrheit,Südwest Presse,südwest presse,Dienstag 3. August 2021,,POLITIK; S. 2; Band 77; Ausg. 176,237,1737,e4ac72d6319a604947005d2193714eb9e377de7e,,unique,keep,,no,,no,,,2457,no,,,,,"Es gibt Sätze, bei denen Widerspruch schwer fällt – und doch müssen sie nicht richtig sein. Ein aktuelles Beispiel: 
Unionskanzlerkandidat Armin Laschet ist dafür, dass Deutschland weiterhin Abschiebungen nach Afghanistan 
durchführt. Seine Begründung: „Wer in Deutschland straffällig wird, hat sein Gastrecht verwirkt.“ Das Problem an 
dieser Aussage, die intuitiv einleuchtend daherkommt: Sie entspricht nur der halben Wahrheit. Ihr Gastrecht mögen 
Kriminelle verwirkt haben, ihr Recht auf Leben allerdings nicht.
Rund 30 000 afghanische Staatsangehörige in Deutschland sind ausreisepflichtig. Viele von ihnen haben sich 
nichts zu Schulden kommen lassen, andere sehr wohl. Für die Taliban stehen allerdings alle, die jetzt wieder 
zurückkommen, unter dem Verdacht, „verwestlicht“ worden zu sein. „Westlich“, das ist für die Islamisten schon, 
Mädchen in der Schule zu unterrichten. Ist es also lebensbedrohlich für die Afghanen, sie abzuschieben? Ja.
Die Bundesregierung fügt eine Einschränkung hinzu: nicht überall. Das ist wieder nur die halbe Wahrheit. Die Lage 
ändert sich nämlich täglich, wird immer gefährlicher. Umso wichtiger wäre ein Asyllagebericht vom 
Außenministerium, der die aktuelle Situation vor Ort realistisch wiedergibt und faktenbasiert zeigt, wo 
Abschiebungen ohne Lebensgefahr möglich sind. Stattdessen analysiert der aktuelle Bericht die Lage von Anfang 
Mai, vor dem Abzug der Nato-Truppen. Das ist, mit Verlaub, schlicht unseriös. Fast schon zynisch wird es, wenn 
der SPD-Vorsitzende Norbert Walter-Borjans vor einer menschenfeindlicher Flüchtlingspolitik warnt, während das 
SPD-geführte Auswärtige Amt Abschiebungen mit dem veralteten Lagebericht begünstigt.
Link zum PDF-Dokument
Link zum PDF-Dokument"
2021-08,Main Corpus,2021-08(50).ZIP,Ein auffälliges Versagen(2).PDF,C:\PythonProjects\AfD-project\Corpora\Main Corpus\2021-08\raw_unarchive\Ein auffälliges Versagen(2).PDF,Ein auffälliges Versagen,ein auffälliges versagen,Nordwest-Zeitung,nordwestzeitung,20. August 2021,,MEINUNG; S. 3,241,1828,9645fb3b8f6532570841e280d703bc78c47e02e7,exact_002,duplicate_exact,drop,commentary_noncore,no,,no,,,2776,yes,commentary_noncore,exact_002,,,"Der unterschätzte Flüchtlings-Ansturm, das Übersehen des Bandenbetrugs beim einstigen Vorzeige-Konzern 
Wirecard, häufige Fehler beim Corona-Krisenmanagement, der unterlassene Klima- und Katastrophenschutz, 
sichtbar geworden in der sommerlichen Flutkatastrophe, und nun das Im-Stich-Lassen derer in Afghanistan, die 
Deutschland dort geholfen haben die Vielzahl der Irrtümer und Versäumnisse der Bundesregierung in den 
vergangenen Jahren ist auffallend.
Sicher, Politiker sind auch nur Menschen, und die Probleme in der Welt sind komplexer geworden. Politiker können 
und müssen sich irren dürfen, um im Trial-and-Error-Verfahren bestmögliche Problemlösungen zu finden. Viele 
Ereignisse der vergangenen Jahre, die zu Krisen führten, hatten zudem geopolitische Ursachen, sie waren nicht 
hausgemacht, wie Bundeskanzlerin Angela Merkel bei ihrer letzten Sommer-Pressekonferenz vor einigen Wochen 
betonte.
Dennoch: Die frappierende Fülle der Fehler in den letzten Jahren Merkels lässt sich nicht einfach weglächeln oder 
vertuschen. Den Bürgern entgehen sie nicht mehr, vor allem nicht angesichts der nahenden Bundestagswahl. 
Regierung und vor allem das Parlament müssen in der kommenden Legislaturperiode zufriedenstellende Antworten 
auf diese wichtige Frage finden: Steckt hinter der Häufung der Fehler ein strukturelles Versagen der Politik?
Eine Spätfolge des unbewältigten Traumas der Flüchtlingskrise ist heute die fahrlässig ignorante Haltung der 
Bundesregierung gegenüber den Ortskräften in Afghanistan. Aus Angst vor falschen Signalen an die afghanische 
Bevölkerung, die sich nach Deutschland aufmachen könnte, unterließ es die Bundesregierung, Ortskräfte, die nun 
um ihr Leben bangen, rechtzeitig auszufliegen.

Ein auffälliges Versagen
@Den Autor erreichen Sie unterforum@infoautor.de
PDF-Datei dieses Dokuments"
2021-08,Main Corpus,2021-08(50).ZIP,Ein auffälliges Versagen.PDF,C:\PythonProjects\AfD-project\Corpora\Main Corpus\2021-08\raw_unarchive\Ein auffälliges Versagen.PDF,Ein auffälliges Versagen,ein auffälliges versagen,Nordwest-Zeitung,nordwestzeitung,20. August 2021,,EZ_POLITIK; S. 23,241,1828,9645fb3b8f6532570841e280d703bc78c47e02e7,exact_002,duplicate_exact,review,,no,,no,,,2780,no,,exact_002,,,"Der unterschätzte Flüchtlings-Ansturm, das Übersehen des Bandenbetrugs beim einstigen Vorzeige-Konzern 
Wirecard, häufige Fehler beim Corona-Krisenmanagement, der unterlassene Klima- und Katastrophenschutz, 
sichtbar geworden in der sommerlichen Flutkatastrophe, und nun das Im-Stich-Lassen derer in Afghanistan, die 
Deutschland dort geholfen haben die Vielzahl der Irrtümer und Versäumnisse der Bundesregierung in den 
vergangenen Jahren ist auffallend.
Sicher, Politiker sind auch nur Menschen, und die Probleme in der Welt sind komplexer geworden. Politiker können 
und müssen sich irren dürfen, um im Trial-and-Error-Verfahren bestmögliche Problemlösungen zu finden. Viele 
Ereignisse der vergangenen Jahre, die zu Krisen führten, hatten zudem geopolitische Ursachen, sie waren nicht 
hausgemacht, wie Bundeskanzlerin Angela Merkel bei ihrer letzten Sommer-Pressekonferenz vor einigen Wochen 
betonte.
Dennoch: Die frappierende Fülle der Fehler in den letzten Jahren Merkels lässt sich nicht einfach weglächeln oder 
vertuschen. Den Bürgern entgehen sie nicht mehr, vor allem nicht angesichts der nahenden Bundestagswahl. 
Regierung und vor allem das Parlament müssen in der kommenden Legislaturperiode zufriedenstellende Antworten 
auf diese wichtige Frage finden: Steckt hinter der Häufung der Fehler ein strukturelles Versagen der Politik?
Eine Spätfolge des unbewältigten Traumas der Flüchtlingskrise ist heute die fahrlässig ignorante Haltung der 
Bundesregierung gegenüber den Ortskräften in Afghanistan. Aus Angst vor falschen Signalen an die afghanische 
Bevölkerung, die sich nach Deutschland aufmachen könnte, unterließ es die Bundesregierung, Ortskräfte, die nun 
um ihr Leben bangen, rechtzeitig auszufliegen.

Ein auffälliges Versagen
@Den Autor erreichen Sie unterforum@infoautor.de
PDF-Datei dieses Dokuments"
2021-08,Main Corpus,2021-08(50).ZIP,"Erste Evakuierte aus Afghanistan in Viersen 39 Männer, Frauen und Kinder kamen am Dienstagmorgen in.PDF","C:\PythonProjects\AfD-project\Corpora\Main Corpus\2021-08\raw_unarchive\Erste Evakuierte aus Afghanistan in Viersen 39 Männer, Frauen und Kinder kamen am Dienstagmorgen in.PDF","Erste Evakuierte aus Afghanistan in Viersen 39 Männer, Frauen und Kinder kamen am Dienstagmorgen in der",erste evakuierte aus afghanistan in viersen 39 männer frauen und kinder kamen am dienstagmorgen in der,Rheinische Post,rheinische post,Mittwoch 25. August 2021,Martin Röse,S. 15,677,4913,aa581e72fbf2086262d057a9f9cda1cf7ec23dbb,,unique,keep,,no,,no,,,6313,no,,,,,"Martin Röse
Viersen Die ersten 39 Evakuierten aus Afghanistan hat das Land Nordrhein-Westfalen am Dienstag in seiner 
Zentralen Unterbringungseinheit für Flüchtlinge in Viersen am Lichtenberg untergebracht. Das berichtete Vize-
Ministerpräsident Joachim Stamp (FDP). Wie Stamp erklärte, handele es sich bei den Evakuierten um Familien 
sowie eine allein reisende Person, die am Dienstagmorgen in Viersen angekommen seien.
Die 39 Evakuierten kamen um 6 Uhr an, ihnen geht es nach Auskunft des Leiters der Einrichtung in Viersen den 
Umständen entsprechend gut. Geplant sei eine kurze Zwischenunterbringung in der Einrichtung und eine schnelle 
Weiterleitung in die Kommunen.
Während der Flüchtlingskrise hatte das Land NRW im Jahr 2016 die ehemalige Kaiser’s-Zentrale am Lichtenberg 
von der Stadt Viersen gemietet. Seither dient sie als Zentrale Unterbringungseinrichtung des Landes, bietet aktuell 
bis zu 400 Menschen Platz. Die dort untergebrachten Flüchtlinge werden der Stadt Viersen auf ihr 
Flüchtlingskontingent angerechnet.
In der Sitzung des Hauptausschusses am Montagabend hatte Bürgermeisterin Sabine Anemüller (SPD) dafür 
plädiert, dass sich die Stadt Viersen gegenüber dem Bund und dem Land NRW bereit erklärt, zusätzliche Ortskräfte 
aus Afghanistan aufzunehmen – über die Personen hinaus, die der Stadt per Verteilschlüssel zugewiesen werden. 
„Mich persönlich bedrückt die Situation in Afghanistan“, sagte die Bürgermeisterin. Sie wolle in der Ratssitzung am 
kommenden Dienstag einen Beschluss erwirken, dass sich die Stadt Viersen bereit erklärt, Ortshelfer, aber auch 
andere gefährdete Personen aus Afghanistan aufzunehmen.

Erste Evakuierte aus Afghanistan in Viersen 39 Männer, Frauen und Kinder kamen am Dienstagmorgen in der 
Zentralen Unterbringungseinrichtung am Lichtenberg an. D....
Auch in der Region sind weitere Kommunen dazu bereit. Krefelds Bürgermeister Frank Meyer (SPD) will einen eine 
entsprechende Erklärung per Dringlichkeitsbeschluss auf den Weg bringen, Mönchengladbachs Oberbürgermeister 
Felix Heinrichs (SPD) hatte auf seiner Facebook-Seite ebenfalls angekündigt, dass die Nachbarstadt sich in der 
Pflicht sehe, Ortshelfer aufzunehmen. „Die Bilder aus Afghanistan sind erschreckend“, so Heinrichs. „Wir sind 
gefordert, denen, die in Angst vor Verfolgung und Gewalt das Land fluchtartig verlassen, hier einen sicheren Platz 
zu bieten. Mönchengladbach ist im Bündnis Sichere Häfen. Das ist eine humanitäre Verpflichtung, die wir ernst 
nehmen.“
Auch die Stadt Viersen ist Mitglied des Bündnisses; darauf wies Anemüller im Hauptausschuss hin. Gleichwohl hält 
sie einen eigenen Beschluss für die Aufnahme der Flüchtlinge aus Afghanistan für nötig. Im Gespräch mit unserer 
Redaktion konkretisierte sie am Dienstag: „Es geht darum, den Menschen, die in Afghanistan für die Demokratie 
gekämpft haben, zu helfen.“ Denkbar sei eine Aufnahme von zusätzlichen 25 bis 30 Ortskräften und weiteren 
gefährdeten Personen in der Stadt Viersen, so die Bürgermeisterin.
Der Viersener FDP-Parteivorsitzende Frank a Campo, der damals davor warnte, dass die Stadt Mitglied des 
Bündnisses Sichere Häfen wird („So wird ein Sog-Effekt ausgelöst“), findet die Aufnahme von zusätzlichen 
Ortskräften aus Afghanistan richtig. „Das ist eine Frage der Ehre. Das sind wir den Menschen schuldig, die 
mitgeholfen haben, Afghanistan wieder aufzubauen.“ Und es sei „eine Frage der politischen Klugheit“, sagt a 
Campo. „Wer hilft Deutschland denn noch, wenn wir unsere Helfer zurücklassen.“ Zu den Ersten, die im 
Hauptausschuss Beifall bekundeten, gehörte Norbert Dohmen, von der Fraktion Grüne im Rat der Stadt Viersen. 
„Was gerade in Afghanistan passiert, ist grausam.“
Joachim Stamp kündigte am Dienstag an, Nordrhein-Westfalen sei bereit, über den üblichen Verteilschlüssel der 
Bundesländer von etwas mehr als 20 Prozent hinaus weitere Menschen aus Afghanistan aufzunehmen. In den 
Jahren 2013 bis 2020 seien schon rund 700 Ortskräfte aus Afghanistan mit Familienangehören in NRW 
aufgenommen worden. In diesem Jahr seien es bislang schon 420 Menschen gewesen, das seien 81 Ortskräfte mit 
Familienangehörigen. Die Landesregierung hatte vergangene Woche bereits erklärt, bis zu 800 Plätze für 
afghanische Ortskräfte und deren Familienangehörigen bereitzustellen. Diese seien bezugsfertig, betonte Stamp. 
Weitere 1000 Plätze will das Land schutzbedürftigen Personen zur Verfügung stellen, insbesondere Frauen wie 
bedrohten Bürgerrechtlerinnen, Menschenrechtsaktivistinnen, Künstlerinnen und Journalistinnen.
Kaiser’s-Hochhaus am Lichtenberg
Seit Mai 2016 betreibt das Land NRW das Kaiser’s-Hochhaus am Lichtenberg in Viersen als eine seiner Zentralen 
Unterbringungseinrichtungen für Asylbewerber. Sie bietet aktuell bis zu 400 Menschen Platz. Die Immobilie befindet 
sich im Besitz der Stadt Viersen. Der Mietvertrag, den das Land mit der Stadt geschlossen hat, läuft bis Ende 2022."
2021-08,Main Corpus,2021-08(50).ZIP,"Es ist unerträglich, nicht helfen zu dürfen.PDF","C:\PythonProjects\AfD-project\Corpora\Main Corpus\2021-08\raw_unarchive\Es ist unerträglich, nicht helfen zu dürfen.PDF","Es ist unerträglich, nicht helfen zu dürfen",es ist unerträglich nicht helfen zu dürfen,Frankfurter Rundschau,frankfurter rundschau,Mittwoch 11. August 2021,,FR-FORUM; S. 27,243,1721,bb7a39e29595529d0ae091a2411fdc8629962c72,,unique,keep,,no,,no,,,2784,no,,,,,"Ein Pilot stürzte vor Norderney ab. Zur Rettung des Piloten wurden unter anderem Christoph 26, die Hubschrauber 
des SAR Northern Rescue, die Polizei Niedersachsen, der Seenotkreuzer Eugen, die Seenotrettungsboote Ellie 
Hoffmann-Röser und Otto Diersch, ein Schiff der Wasserschutzpolizei sowie Taucher eingesetzt, zwei zivile Schiffe 
beteiligten sich dazu. So zu lesen in den Ostfriesischen Nachrichten vom 27. Juli.
2019 befand ich mich mehrere Wochen als Arzt auf der Sea-Watch 3. Wir waren eines der wenigen und zeitweise 
das einzige Schiff, das Schiffbrüchige im Mittelmeer vor dem Ertrinken retten wollte. Weil die Anrainerstaaten sich 
weigerten, diese selbstverständliche Aufgabe zu übernehmen, sahen wir uns dazu gezwungen. Uns wurde aber 
das Auslaufen aus fadenscheinigen Gründen untersagt. Wir mussten uns die ganze Zeit in der sizilianischen 
Hafenstadt Catania aufhalten.
Es ist unerträglich, Menschen beim Ertrinken zuschauen zu müssen und nicht helfen zu dürfen. Das ist wie auf 
heißen Kohlen sitzen. So müssen sich westdeutsche Grenzschutzbeamte gefühlt haben, wenn ein Flüchtling auf 
DDR-Seite der Zonengrenze von DDR-Grenzern angeschossen zum Verbluten liegengelassen wurde.
Beim Lesen des Artikels über die leider gescheiterte Rettungsaktion vor Norderney kam mir der Gedanke: Und die 
Retter durften einfach so in Not geratene Menschen retten? Das ist das Selbstverständliche, was da vor Norderney 
passierte: Menschen in Not rettet man und lässt sie nicht sterben. Was auf dem Mittelmeer mit Schiffbrüchigen 
geschieht, ähnelt eher dem Verhalten eines Unrechtsregimes als dem Verhalten einer Friedensnobelpreisträgerin 
Europäische Union. 
 Ralf-Michael Lübbers, Marienhafe
Link zum PDF-Dokument"
2021-08,Main Corpus,2021-08(50).ZIP,"EU streitet um Aufnahme von Flüchtlingen aus Kabul Afghanistan Österreich lehnt Aufnahme ab, Baden-W.PDF","C:\PythonProjects\AfD-project\Corpora\Main Corpus\2021-08\raw_unarchive\EU streitet um Aufnahme von Flüchtlingen aus Kabul Afghanistan Österreich lehnt Aufnahme ab, Baden-W.PDF","EU streitet um Aufnahme von Flüchtlingen aus Kabul Afghanistan Österreich lehnt Aufnahme ab, Baden-",eu streitet um aufnahme von flüchtlingen aus kabul afghanistan österreich lehnt aufnahme ab baden,Südwest Presse,südwest presse,Donnerstag 19. August 2021,,POLITIK; S. 1; Band 77; Ausg. 190,317,2268,6c7954f8bfa4070d2494f1ed23f4b631caccbd95,,unique,keep,,no,,no,,,4073,no,,,,,"Angesichts der Situation in Afghanistan mehren sich die Rufe nach einer großzügigen Aufnahme von Flüchtlingen 
in Deutschland und in Europa. In der Europäischen Union zeichnet sich ein Streit um den Umgang mit den 
Flüchtlingen ab: Österreich ist gegen die Aufnahme und will Kriminelle und Abgelehnte weiter abschieben. Ähnlich 
argumentiert Griechenland. Aus Luxemburg kam Kritik an dieser Haltung.
Baden-Württemberg will bis zu 1100 bedrohte Ortskräfte und Verwandte aufnehmen. Die Menschen würden nach 
dem Königsteiner Schlüssel auf die Bundesländer verteilt, hieß es im Justizministerium. Auf den Südwesten 
entfielen daher 13 Prozent. Bei bundesweit nicht mehr als rund 8000 weiteren Ortskräften, von denen derzeit 
ausgegangen werde, sei die Zahl für Baden-Württemberg „überschaubar“.
Die internationale Luftbrücke zur Evakuierung von deutschen Staatsangehörigen, Ortskräften und besonders 
Schutzbedürftigen aus Kabul steht. Die Sicherheitslage habe ein sofortiges Eingreifen verlangt, erklärte die 
Bundesregierung am Mittwoch. Ziel sei es, so lange wie möglich und so viele Menschen wie möglich auszufliegen. 
Die Bundeswehr brachte mehr als 400 gefährdete Menschen aus Kabul in Sicherheit. Ein Lufthansa-Flugzeug aus 
der usbekischen Hauptstadt Taschkent mit 131 Evakuierten an Bord war in der Nacht zum Mittwoch in Frankfurt 
gelandet.
Die Taliban hatten bei einer Pressekonferenz in Kabul Grundzüge ihrer künftigen Politik skizziert. Dabei traten sie 
Befürchtungen entgegen, sie könnten eine Schreckensherrschaft errichten wie zwischen 1996 und 2001. Nach US-
Angaben sagten die Islamisten eine „sichere Durchfahrt“ für Zivilisten zum Flughafen Kabul zu. Außenminister 
Heiko Maas (SPD) sagte jedoch, dass die Taliban nur Ausländer, jedoch keine Afghanen zum Flughafen 
durchließen. Darüber werde noch verhandelt. ⇥kna/afp/dpa
Leitartikel Seite 2, Themen des Tages Seiten 2 und 3, Südwestumschau Seite 5

EU streitet um Aufnahme von Flüchtlingen aus Kabul Afghanistan Österreich lehnt Aufnahme ab, Baden-
Württemberg will bis zu 1100 bedrohte Ortskräfte aufnehmen. 1....
Link zum PDF-Dokument
Link zum PDF-Dokument
Graphic
 
Glücklich über die gelungene Flucht aus Kabul: In Frankfurt kamen die ersten evakuierten Ortskräfte an. Foto: 
Armando Babani/afp"
2021-08,Main Corpus,2021-08(50).ZIP,Flucht nimmt zu.PDF,C:\PythonProjects\AfD-project\Corpora\Main Corpus\2021-08\raw_unarchive\Flucht nimmt zu.PDF,Flucht nimmt zu,flucht nimmt zu,Berliner Zeitung,berliner zeitung,07. August 2021,,"STADTGESPRÄCH; Tunesien, Afghanistan, Belarus; S. 2",310,2249,bcb148b38a8ec42b3a405bbd2f4df980344c92a6,,unique,keep,,no,,no,,,3555,no,,,,,"Nach Jahren relativer Stabilität kündigen sich aus verschiedenen Weltgegenden neue Flüchtlingsbewegungen nach 
Europa an was auch in Deutschland die Migrationsdebatte wieder anfacht. In der vergangenen Woche wurden vor 
der Küste Tunesiens mehr als 400 Personen aus einem Holzboot gerettet. Immer mehr Menschen machen sich von 
dort auf den Weg nach Europa, seitdem Präsident Kais Saied die Regierung entließ und das Parlament aufgelöst 
hat. Italien und Malta lehnten am Donnerstag die Aufnahme von 800 Personen ab, die sich auf den Schiffen Ocean 
Viking und Sea-Watch 3 im Mittelmeer befinden. Die Türkei rechnet aufgrund der Kämpfe der Taliban gegen die 
Zentralregierung nach dem Ende des Nato-Einsatzes mit bis zu 500.000 Flüchtlingen aus Afghanistan. Ankara baut 
aktuell an einer Grenzmauer zum Transitland Iran. Und schließlich hat der belarussische Machthaber Alexander 
Lukaschenko Direktflüge von Bagdad nach Minsk eingerichtet, deren Passagiere er an die litauische Grenze 
bringen lässt. 3500 Iraker wurden in diesem Jahr bereits aufgegriffen, mit bis zu 18.000 weiteren rechnet die 
litauische Regierung für 2021. 
Unterdessen verschärft sich in Deutschland die Diskussion um Abschiebungen nach Afghanistan. Während 
Innenminister Seehofer auch angesichts schwerer Gewalttaten in der jüngsten Vergangenheit an der Rückführung 
von Gefährdern und Straftätern festhalten will, verlangte Grünen-Chef Robert Habeck eine Neubewertung der Lage 
in Afghanistan durch das Auswärtige Amt. Die SPD zeigte sich zwischen Partei- und Fraktionsspitze uneins. 
Parteichef Walter-Borjans geißelte Seehofers Position: Diese Überlegung ist voll auf der menschenfeindlichen 
Linie von Populisten. SPD-Fraktionsvize Dirk Wiese erklärte hingegen: Asylbewerber, die in Deutschland schwere 
Straftaten begehen, haben ihr Recht auf Aufenthalt verwirkt und müssen zurück in ihr Heimatland. Auch CDU-
Kanzlerkandidat Laschet sprach von verwirktem Gastrecht . 
Der jüngste Abschiebeflug musste jedoch abgebrochen werden. Eine Maschine, die am Dienstag sechs 
ausreisepflichtige Männer nach Kabul bringen sollte, wurde kurz vor dem Start gestoppt. Mehrere Anschläge in der 
afghanischen Hauptstadt hatten eine sichere Übernahme vor Ort gefährdet. Moritz Eichhorn"
2021-08,Main Corpus,2021-08(50).ZIP,"Flüchtlinge müssen nach Brand ihre Wohnungen verlassen An zwei Stellen in Goch hat es gebrannt, und.PDF","C:\PythonProjects\AfD-project\Corpora\Main Corpus\2021-08\raw_unarchive\Flüchtlinge müssen nach Brand ihre Wohnungen verlassen An zwei Stellen in Goch hat es gebrannt, und.PDF","Flüchtlinge müssen nach Brand ihre Wohnungen verlassen An zwei Stellen in Goch hat es gebrannt, und auch",flüchtlinge müssen nach brand ihre wohnungen verlassen an zwei stellen in goch hat es gebrannt und auch,Rheinische Post,rheinische post,Donnerstag 5. August 2021,Anja Settnik,S. 17,392,2719,56b1e71bdea9d5c3259a3fd02b54aedb25af999f,near_001,duplicate_near,review,,no,,no,,,3553,no,,,near_001,,"ANJA SETTNIK
kreis kleve Von außen ist dem Haus kaum etwas anzumerken. Allenfalls die Eingangstür scheint beschädigt. 
Auffällig ist nur, dass Menschen mit verschiedensten Sachen in den Händen heraustreten und diese Habseligkeiten 
in einem Anhänger hinter einem Fahrzeug des Ordnungsamts verstauen. Sie können ihre Wohnungen vorerst nicht 
nutzen, denn in dem Mehrfamilienhaus an der Klever Straße in Goch hat es gebrannt. Auch in der Nachbarschaft 
musste die Feuerwehr aktiv werden. Ob die Vorfälle miteinander zu tun haben, stand am Mittwoch noch nicht fest. 
Wenn jedoch Unterkünfte von Flüchtlingen betroffen sind, ermittelt immer der Staatsschutz, weil nicht 
auszuschließen ist, dass es einen ausländerfeindlichen Hintergrund gibt. Konkrete Hinweise darauf gebe es bislang 
aber nicht, heißt es in einer gemeinsamen Presseerklärung von Polizei, Feuerwehr und Staatsanwaltschaft.
Demnach wurden in der Nacht zu Mittwoch kurz vor 2 Uhr Polizei und Feuerwehr zu einem Brand auf der Klever 
Straße in Goch gerufen. Aus bisher ungeklärter Ursache war im Keller einer kommunalen 
Unterbringungseinrichtung für Flüchtlinge Unrat in Brand geraten. 17 Personen, die sich im Haus aufhielten, 
konnten das Gebäude noch vor Eintreffen der Feuerwehr unverletzt verlassen.
Durch eine Flurverbindung im Keller zog der Rauch auch in die benachbarte Flüchtlingsunterkunft auf dem 
Nordring. Im dortigen Garageninnenhof brannten Mülltonnen, das Feuer griff nach den Worten von Feuerwehr-
Pressesprecher Torsten Matenaers auch auf die Dachhaut einer Garage und ein Gartenhaus über. Alles konnte 
rasch gelöscht werden, das Haus an der Klever Straße musste allerdings für vorläufig unbewohnbar erklärt werden, 
da das Feuer die Strom- und Wasserversorgung beschädigt hatte. Dem Vernehmen nach sind die Betroffenen in 
Wohnungen, aber auch in der früheren Liebfrauenkirche untergekommen, die zur kurzfristigen Unterbringung von 
Flüchtlingen hergerichtet ist.

Flüchtlinge müssen nach Brand ihre Wohnungen verlassen An zwei Stellen in Goch hat es gebrannt, und auch 
in Bedburg-Hau war die Feuerwehr im Einsatz. In Goch er....
Zu den Ursachen ermitteln die Polizei Kleve und der polizeiliche Staatsschutz des Polizeipräsidiums Krefeld. 
Geprüft wird auch, ob eine Verbindung zu einem vorherigen Brand im Haus auf der Klever Straße am 5. Mai 
besteht, liegen bislang nicht vor.
Die Feuerwehr Bedburg-Hau musste schon Samstag zum dritten Mal innerhalb von 14 Tagen zu einem Einsatz in 
den Fahnenkamp nach Hau ausrücken. Dort standen am späten Abend auf dem Klinikgelände ein Müllcontainer 
und ein Papierstapel in Flammen. Kurze Zeit vorher hatten auf einem Parkplatz nacheinander zwei Pkw gebrannt. 
Auch dort ermittelt die Polizei."
2021-08,Main Corpus,2021-08(50).ZIP,Gefangen an der grünen Grenze.PDF,C:\PythonProjects\AfD-project\Corpora\Main Corpus\2021-08\raw_unarchive\Gefangen an der grünen Grenze.PDF,Gefangen an der grünen Grenze,gefangen an der grünen grenze,Frankfurter Rundschau,frankfurter rundschau,Dienstag 31. August 2021,,POLITIK; S. 5,582,4049,774f1730ddaeac80ec05b0d4a65071f987423089,,unique,keep,,no,,no,,,5316,no,,,,,"Ein kleines blaugraues Zelt hinter großen Militärlastwagen. Mehr ist nicht zu sehen von der Gruppe afghanischer 
Flüchtlinge, die seit fast drei Wochen an Polens Grenze zu Belarus festsitzt. Die letzten 200 Meter bis zu ihrem 
Lager am Waldrand hat die polnische Polizei abgeriegelt. Dahinter versperren Soldaten und Lastwagen den Blick.
Michal Stec steht auf der matschigen Wiese am Absperrband und blickt durch seinen Feldstecher. Am Waldrand ist 
neben den Militärfahrzeugen ein Flüchtling aufgetaucht. „Das ist Mohammed. Vielleicht will er uns etwas sagen“, 
sagte Stec. Der 34-jährige Umweltschützer gehört zu einer Gruppe von Freiwilligen auf der polnischen Seite. Sie 
machen sich dafür stark, dass ihr Land den Afghanen gestattet, Asylanträge zu stellen. Per Funk bittet Stec um die 
Dolmetscherin. Karolina Zieba spricht Dari, die Verständigung mit der Gruppe im Niemandsland läuft über Megafon, 
Handzeichen und geschriebene Schilder.
„Wir wissen, dass es 32 Menschen sind, alle aus Afghanistan, mehrere von ihnen haben dort für internationale 
Organisationen gearbeitet“, sagt Sprecherin Kalina Czwarnog von der Hilfsorganisation „Ocalenie“ (Rettung). Das 
nasskalte Wetter setze den Flüchtlingen zu, zudem hätten sie Wasser aus einem Fluss getrunken. „Viele klagen 
über Fieber, Erbrechen und Durchfall.“ Doch der Grenzschutz habe selbst einen Krankenwagen nicht passieren 
lassen.
Es scheint, als wolle Polens nationalkonservative PiS-Regierung an der Gruppe ein Exempel statuieren. Im 
Nachbarland Belarus hat Machthaber Alexander Lukaschenko mehrfach erklärt, dass seine Grenzschützer die 
Migranten nicht mehr an der Weiterreise in die EU hindern werden – als Reaktion auf verschärfte westliche 
Sanktionen gegen die isolierte Ex-Sowjetrepublik. Nach Litauen ist so nun auch Polen unter Druck geraten.
Die Regierung in Warschau spricht von einem „hybriden Krieg“. Sie setzt auf Härte – gegen Lukaschenko, aber 
auch gegen die Menschen, die Schutz in der EU suchen wollen. „Die Lösung des Problems von Menschen, die 
versuchen, in Polens Territorium einzudringen, besteht darin, sie nicht in das Territorium Polens hineinzulassen“, 
sagte Regierungschef Mateusz Morawiecki mit Blick auf die Situation in Usnarz Gorny.
Schon 2015 weigerte sich Polen gemeinsam mit anderen Ländern in Mittelosteuropa, Schutzsuchende aus 
Krisenregionen aufzunehmen. An dieser Haltung hat sich wenig geändert. In den ersten sechs Monaten 2021 hat 
Polen 391 Asylanträge bewilligt, 282 davon stammten von Menschen aus Belarus.

Gefangen an der grünen Grenze
Vor den Flüchtlingen, die das autoritär regierte Nachbarland Richtung Westen passieren lässt, will sich Polen mit 
einem 2,50 Meter hohen Zaun schützen. In dem Dorf Zubrzyca Wielka, nur acht Kilometer von Usnarz Gorny 
entfernt, haben Soldaten mit den Bauarbeiten begonnen. Polens Grenze zu Belarus, eine EU-Außengrenze, ist 418 
Kilometer lang.
Usnarz Gorny, ein verschlafenes Dorf mit Holzhäusern, Ziehbrunnen und Storchennest, steht durch das Asyl-
Drama plötzlich im Rampenlicht. „Hier in den Dörfern kommen jede Nacht Flüchtlinge über die Grenze. Sie gucken 
in die Fenster, klopfen, bitten um Essen. Meinen Cousin hat neulich einer gebeten, dass er die Polizei holt“, erzählt 
Slawomir Sloma (49), dessen Eltern in der Nähe wohnen. Gerade die älteren Leute hätten Angst vor den 
Flüchtlingen.
Polens katholische Kirche hat an die Politik appelliert, eine Lösung zu finden. Der Europäische Gerichtshof für 
Menschenrechte (EGMR) hat die Regierung zu Hilfe verpflichtet. Bisher waren alle Appelle wirkungslos. Die 
Gruppe befände sich auf belarussischem Gebiet, argumentiert die Regierung.
Am Absperrband auf der matschigen Wiese hält Umweltschützer Michal Stec mit seinem Fernglas weiter Ausschau 
nach Signalen von den Migrant:innen. „In Deutschland redet man über Sprachkurse und Arbeit für Flüchtlinge“, sagt 
er. Polen sei auf einem Niveau, wo man ihnen nicht einmal Essen und Trinken bringen dürfe. „Das beschämt mich.“ 
dpa
„Viele Klagen über Fieber und Erbrechen“
Link zum PDF-Dokument"
2021-08,Main Corpus,2021-08(50).ZIP,Hilfe statt Angst.PDF,C:\PythonProjects\AfD-project\Corpora\Main Corpus\2021-08\raw_unarchive\Hilfe statt Angst.PDF,Hilfe statt Angst,hilfe statt angst,Frankfurter Rundschau,frankfurter rundschau,Freitag 27. August 2021,,MEINUNG; S. 11,677,4919,1b831ce07d0b0e585b5ec27f87456c17367f3ce6,,unique,drop,commentary_noncore,no,,no,,,6132,yes,commentary_noncore,,,,"Vorbei. Deutschland beendet als einer der ersten Staaten seine Rettungsflüge aus Kabul, die anderen folgen. Die 
gestrigen Anschläge am Airport mit Toten und Verletzten genau dort, wo Menschen auf Rettung warteten, 
unterstreichen zum Schluss noch das Debakel des Einsatzes. Tausende sind zuletzt ausgeflogen worden, viele 
mehr werden zurückgelassen. Zwar werden hoffentlich auch künftig Menschen Afghanistan verlassen können – mit 
zivilen Flügen, über Land, irgendwie. Unmöglich aber werden sich alle retten können, die das neue Regime verfolgt 
und entrechtet. 
Dass Tausende Ortskräfte, Menschenrechtler:innen und andere es trotz gegenteiliger Versprechen nicht nach 
Deutschland geschafft haben, ist dem absichtsvollen Verschleppen der Bundesregierung zuzuschreiben. Man steht 
fassungslos vor der brutalen Routine der politischen Bürokratie, Menschen in Lebensgefahr monatelang den Weg 
zu versperren, bis die Zeit abgelaufen ist.
Ebenso routiniert sind jetzt die gegenseitigen Schuldzuweisungen, wahlkampfbedingt genau entlang der 
Parteilinien. Jetzt ist auch noch die Internationale Organisation für Migration (IOM) dran: Sie habe ihre Anlaufstellen 
in Afghanistan für Ortskräfte nicht vertragsgemäß aufgebaut. Jedoch ist die Schwerfälligkeit der IOM ein bekanntes 
Problem. Warum wurde sie überhaupt von der Bundesregierung beauftragt? Vielleicht gerade deshalb? 
Vorbei ist aber nicht alles. Es geht erst los. Afghanistan ist das neue Syrien: Hunderttausende werden sich auf den 
Weg machen und vor Hunger, Gewalt, Unterdrückung fliehen. Sie werden sich von Grenzschließungen, Mauern 
und anderen Hürden nicht abhalten lassen, das wissen wir von anderen Krisenherden. Mit der Abschottung 
wachsen nur die Profitaussichten von Schlepperbanden. 
Europa und Deutschland sollten deshalb offensiv der Einsicht folgen: Die Aufnahme einer großen Zahl 
afghanischer Flüchtlinge ist unabwendbar. So kann die neue Migration auch halbwegs gesteuert werden. Wer den 
Menschen dagegen jetzt, die Bundestagswahl vor Augen, vorgaukelt, Flüchtlinge verhindern zu können, gibt die 
Kontrolle über den Prozess ein weiteres Mal ab. 
Schlechtes Vorbild dafür: Das EU-Türkei-Abkommen, mit dem die EU ihre Verantwortung für die Syrienflüchtlinge 
gegen Geld an Ankara weiterreichen wollte. Die Gründe für das Scheitern liegen teils in der türkischen Innenpolitik, 

Hilfe statt Angst
ein wesentlicher aber ist auch, dass die EU-Staaten sich nicht auf einen Verteilungsschlüssel einigen. Folge: 
dauerhaftes humanitäres Desaster an den EU-Außengrenzen (nicht nur auf Lesbos), rechtswidrige Pushbacks, 
Tote im Mittelmeer. Völkerrechtsbruch ist dort zur Routine geworden.
Europa hätte also Grund genug, Lehren zu ziehen. Stattdessen wird platt gefordert, der Iran und Pakistan müssten 
mehr Afghan:innen aufnehmen. Ein potenziell gefährlicher Plan: Der Iran, wirtschaftlich am Boden, beherbergt 
schon jetzt Millionen Flüchtlinge, mehr kann er dauerhaft nicht verkraften. Noch mehr Instabilität dort kann sich der 
Westen aber nicht wünschen. In Pakistan liegen die Kaderschmieden der Taliban, Islamismus hat seit langem Fuß 
gefasst. Elendslager für Afghan:innen können zu Rekrutierungsstätten extremistischer Gruppen werden. Das 
erhöht die weltweite Terrorgefahr. 
Natürlich werden dennoch viele dorthin fliehen. Westliche Hilfe kann vielleicht helfen, die Last zu mildern – aber 
beim Iran ist das schon wegen der Sanktionen schwierig. Und generell ist unklar, ob die Hilfe dort ankommt, wo sie 
gebraucht wird. 
Am Ende bleibt nur: Staaten, die es können, müssen Flüchtlinge dauerhaft aufnehmen, in nennenswerter Zahl. Das 
von den Grünen für Deutschland vorgeschlagene Kontingent von 50 000 Menschen dürfte für den Anfang 
realistisch sein. Umfragen zeigen auch, dass eine klare Mehrheit der Menschen bei uns eine Aufnahme gutheißen 
würde. Das Empfinden, dass Menschen in Not geholfen werden muss und kann, funktioniert in der Bevölkerung 
besser als in der politischen Klasse.
Vielleicht steckt hinter dieser Offenheit auch das Gefühl: Wir haben das 2015 ja auch geschafft. Auch wenn 
manche jetzt warnen, der damalige Massenandrang dürfe sich nicht wiederholen: Deutschland hat den Zuzug 
mehrerer Hunderttausend Menschen nicht nur gut verkraftet, sondern davon profitiert. Viel mehr der Gekommenen 
als erwartet, nämlich über die Hälfte, haben inzwischen einen Job; die allermeisten eine Wohnung. Ihre Aufnahme 
lief reibungsloser als es der rechte Diskurs behauptet. Die Wirtschaft ist nicht eingebrochen, dagegen haben 
Gesellschaft und Politik dazugelernt, wie Integration funktionieren kann. Vor allem sind die vielen jungen Menschen 
und Familien, die kamen, eine Chance für unser Land – kulturell, demografisch, ökonomisch. 
Es gibt keinen Grund, Angst zu schüren. Es gibt aber allen Grund, auf den guten Erfahrungen aufzubauen und 
entschlossen zu helfen. Berichte Seiten 2/3
Ursula Rüssmann
Link zum PDF-Dokument"
2021-08,Main Corpus,2021-08(50).ZIP,Hilfsprogramm für Flüchtlinge unterfinanziert Nicht mal die Hälfte der Summe bisher bereitgestellt.PDF,C:\PythonProjects\AfD-project\Corpora\Main Corpus\2021-08\raw_unarchive\Hilfsprogramm für Flüchtlinge unterfinanziert Nicht mal die Hälfte der Summe bisher bereitgestellt.PDF,Hilfsprogramm für Flüchtlinge unterfinanziert Nicht mal die Hälfte der Summe bisher bereitgestellt,hilfsprogramm für flüchtlinge unterfinanziert nicht mal die hälfte der summe bisher bereitgestellt,Die Welt,die welt,Donnerstag 19. August 2021,Marcel Leubecher,Politik; S. 5; Ausg. 192,490,3686,204dd1abce5c0249308ce256829c2a420736deb6,,unique,keep,,no,,no,,,5154,no,,,,,"Von Washington bis Berlin bezweifelt kaum ein Spitzenpolitiker die Sinnhaftigkeit heimatnaher Unterstützung 
geflohener Afghanen. Trotzdem fehlt dem entscheidenden Akteur vor Ort, nämlich der UN-Flüchtlingsorganisation 
UNHCR, viel Geld.
""Für das Programm zur Unterstützung der afghanischen Flüchtlinge hat UNHCR einen Finanzbedarf von 337 
Millionen Dollar für das Jahr 2021 angemeldet"", sagte UNHCR-Sprecher Chris Melzer WELT. Bisher habe die 
Weltgemeinschaft mit Stand Dienstagabend erst 144 Millionen davon bereitgestellt. ""Wir haben also noch eine 
Finanzierungslücke von 57 Prozent."" Mit dem Afghanistan-Programm unterstützt das UNHCR seit vielen Jahren die 
Unterbringung und Versorgung Hunderttausender Flüchtlinge in Afghanistan und seinen Nachbarstaaten.
Aktuell geht das UNHCR von rund 3,5 Millionen Binnenvertriebenen innerhalb Afghanistans aus, 550.000 von ihnen 
seien in diesem Jahr aus ihren Wohnorten geflohen, viele von ihnen nach Kabul. Laut einem UN-Bericht gibt es seit 
der Machtübernahme durch die Taliban aktuell Anzeichen, dass einige Binnenflüchtlinge wieder aus der Hauptstadt 
in ihre Dörfer zurückzukehren. Die außer Landes geflohenen Afghanen befinden sich weit überwiegend in den 
beiden Nachbarstaaten Iran und Pakistan. Das UNHCR hat in Pakistan mehr als 1,4 Millionen und im Iran rund 
800.000 afghanische Flüchtlinge registriert, Tendenz steigend.
Viel spricht dafür, dass die internationale Gemeinschaft in absehbarer Zeit umfangreiche Unterstützungsangebote 
an das UNHCR, das Welternährungsprogramm und die Nachbarstaaten Afghanistans macht. Am Mittwoch beriet 
das Bundeskabinett in Berlin über die ""Hilfe vor Ort"" für die Flüchtlinge, auch die EU-Innenminister wollten darüber 
beraten. Zwar gehen die Meinungen der Staaten und Parteien Europas darüber auseinander, in welchem Umfang 
Flüchtlinge aufgenommen werden sollen, aber bezüglich der heimatnahen Unterstützung für Schutzsuchende und 
Notleidende herrscht prinzipiell Einigkeit.
Mit der ""Hilfe vor Ort"" lassen sich die internationalen Ressourcen sehr effizient einsetzen. Es geht um 
verhältnismäßig geringe Summen: Beispielsweise entsprechen die 337 Millionen Dollar, die das UNHCR in diesem 
Jahr für sein Afghanistan-Programm von der Weltgemeinschaft beantragt hat, den Ausgaben Deutschlands für die 

Hilfsprogramm für Flüchtlinge unterfinanziert Nicht mal die Hälfte der Summe bisher bereitgestellt
Betreuung von 7000 unbegleiteten minderjährigen Flüchtlingen. Auch wegen dieser offensichtlichen 
Effizienzvorteile nehmen schon heute die Nachbarstaaten von Krisenländern den Großteil der weltweiten 
Flüchtlinge auf.
Nach der faktischen Machtübernahme der Taliban in Afghanistan wollen die Staats- und Regierungschefs der G-7-
Staaten in der kommenden Woche bei einer Videokonferenz über das weitere Vorgehen beraten. Das Weiße Haus 
teilte am Dienstagabend (Ortszeit) mit, US-Präsident Joe Biden und der britische Premier Boris Johnson hätten in 
einem Telefonat vereinbart, eine solche G-7-Schalte anzusetzen. Bei dem spontanen Online-Gipfel der Gruppe 
sieben wichtiger Industriestaaten solle es um eine gemeinsame Strategie und Herangehensweise gehen. Biden 
und Johnson hätten in ihrem Telefonat über die Notwendigkeit gesprochen, dass sich die Verbündeten und 
demokratischen Partner in ihrer Afghanistan-Politik kontinuierlich eng abstimmten. Das gelte auch für Wege, wie 
die Staatengemeinschaft Flüchtlinge aus Afghanistan humanitär unterstützen könne. Zu den G-7-Staaten zählen 
neben den USA und Großbritannien auch Deutschland, Frankreich, Italien, Japan und Kanada.
Original Gesamtseiten-PDF
Graphic
 
Zeltlager für afghanische Binnenflüchtlinge in der Provinz Kandahar"
2021-08,Main Corpus,2021-08(50).ZIP,"Horst Seehofers späte Kehrtwende Vor einem Monat bat die afghanische Regierung Deutschland, Abschieb.PDF","C:\PythonProjects\AfD-project\Corpora\Main Corpus\2021-08\raw_unarchive\Horst Seehofers späte Kehrtwende Vor einem Monat bat die afghanische Regierung Deutschland, Abschieb.PDF","Horst Seehofers späte Kehrtwende Vor einem Monat bat die afghanische Regierung Deutschland,",horst seehofers späte kehrtwende vor einem monat bat die afghanische regierung deutschland,"taz, die tageszeitung",taz die tageszeitung,Donnerstag 12. August 2021,Ralf Pauli,SCHWERPUNKT; S. 3,458,3354,09fbdf470af581edfa43e14b34b09caf70718172,,unique,keep,,no,,no,,,4695,no,,,,,"Von Ralf Pauli
Am Ende ging es ganz schnell. Vor wenigen Tagen noch hielt Bundesinnenminister Horst Seehofer (CSU) 
Abschiebungen nach Afghanistan für vertretbar. Am Mittwoch nun wurde bekannt, dass Seehofer seine Meinung 
geändert hat. Die Sicherheitslage vor Ort ändert sich derzeit so rasant, dass wir dieser Verantwortung weder für 
die Rückzuführenden noch für die Begleitkräfte und die Flugzeugbesatzung gerecht werden können , begründete 
Seehofer am Mittwoch seine Entscheidung. Trotzdem hielt er am Prinzip der Abschiebungen fest und kündigte an: 
Sobald es die Lage zulässt, werden Straftäter und Gefährder wieder nach Afghanistan abgeschoben. 
Menschenrechtsgruppen, Kirchen und Teile der Opposition hatten seit Wochen oder Monaten einen 
Abschiebestopp gefordert. Noch am Dienstag gaben 26 Organisationen, darunter Amnesty International, Pro Asyl, 
Caritas und die Diakonie dazu eine gemeinsame Erklärung ab.
Pro Asyl und mehrere Flüchtlingsräte begrüßten die Entscheidung Seehofers. Der Flüchtlingsrat München äußerte 
die Hoffnung, dass es bei einem dauerhaften Abschiebestopp bleibe.
Wie lange das Moratorium gilt, stand bis Redaktionsschluss nicht fest. Eine entsprechende Anfrage der taz ließ das 
Bundesinnenministerium (BMI) unbeantwortet. Für die knapp 30.000 Afghan:innen in Deutschland, die das BMI als 
ausreisepflichtig führt und die, je nach Wohnort, mehr oder weniger akut von einer Abschiebung bedroht sind, stellt 
Seehofers Kehrtwende deshalb noch keine dauerhafte Beruhigung dar.
Pro-Asyl-Geschäftsführer Günter Burkhardt forderte deshalb: Jetzt muß [sic!] sich auch die Entscheidungspraxis 
des Bundeamtes [für Migration und Flüchtlinge (Bamf), Anm. d. Red.] ändern. Mit der Argumentation, von den 
Taliban Verfolgte könnten in Großstädten wie Herat, Massar-i-Scharif, Kundus oder Kabul sicher leben, seien in der 
Vergangenheit verfolgte Afghan:innen vom Bamf abgelehnt worden, so Burkhardt.

Horst Seehofers späte Kehrtwende Vor einem Monat bat die afghanische Regierung Deutschland, 
Abschiebungen auszusetzen. Nun hat sich Innenminister Seehofer dazu ....
Tatsächlich erhielten zuletzt nur knapp über 37 Prozent der Afghan:innen einen Schutzstatus in Deutschland. 
Grundlage für die Asylentscheidungen ist die Einschätzung der Sicherheitslage vor Ort durch das Auswärtige Amt 
(AA). Und das hat bis zuletzt bestritten, dass abgeschobene Asylbewerber:innen in Afghanistan systematisch 
bedroht seien. Auch in dem jüngsten Lagebericht von Mai 2021, der der taz vorliegt, wird die Sicherheitslage 
offensichtlich geschönt. Wegen zunehmender Kämpfe zwischen Taliban, Milizen und Regierungstruppen selbst in 
der Hauptstadt Kabul mussten in diesem Jahr bereits mehrere Abschiebeflüge kurzfristig verschoben werden, 
zuletzt vergangene Woche.
Bereits vor einem Monat bat die afghanische Regierung, Abschiebungen in ihr Land für drei Monate auszusetzen 
zunächst ohne Erfolg. Erst diesen Montag kündigte das Auswärtige Amt an, wegen der Eroberungen der Taliban 
eine Ad-hoc-Aktualisierung des Lageberichtes vornehmen zu wollen.
Seit 2016 haben Bund und Länder in Sammelflügen mehr als 1.100 Menschen nach Afghanistan abgeschoben, in 
diesem Jahr waren es bereits 167. Viele Länder schieben nach eigenen Angaben jedoch nur Straftäter und 
Gefährder ab.
 Sobald es die Lage zulässt, werden Straftäter wieder abgeschoben 
taliban"
2021-08,Main Corpus,2021-08(50).ZIP,Im Februar hat Hamburg ihn abgeschoben. Jetzt ist er tot Said Almas H. kam als Flüchtling aus Afghan(2).PDF,C:\PythonProjects\AfD-project\Corpora\Main Corpus\2021-08\raw_unarchive\Im Februar hat Hamburg ihn abgeschoben. Jetzt ist er tot Said Almas H. kam als Flüchtling aus Afghan(2).PDF,Im Februar hat Hamburg ihn abgeschoben. Jetzt ist er tot Said Almas H. kam als Flüchtling aus Afghanistan .,im februar hat hamburg ihn abgeschoben jetzt ist er tot said almas h kam als flüchtling aus afghanistan,Die ZEIT (inklusive ZEIT Magazin),die zeit inklusive zeit magazin,26. August 2021,Frank Drieschner,HAMBURG;Im Februar hat Hamburg ihn abgeschoben. Jetzt ist er tot; S. 78-79; Ausg. 35,1832,12448,a39b18893dbbf1cd68c2bebcfff7cc8d7cdc28d3,variant_002,regional_variant,review,,no,,no,,,13483,no,,,near_003,variant_002,"Das Bild, das die Gewissheit bringt, zeigt den stark verletzten Oberkörper eines dunkelhaarigen Manns. Die Haut, 
sofern sichtbar, ist teilweise abgeschürft und wohl durch geronnenes Blut verfärbt. Im Bereich der Stirn und des 
linken Auges sind Verletzungen und getrocknetes Blut erkennbar. Eine weiße Binde verläuft unter dem Kinn und 
um den Kopf, den Oberkörper bedeckt ein dunkelrotes Tuch, es weist Flecken in noch dunklerem Rot auf. Nahe 
dem unteren Saum sind Finger zu sehen, auch sie verfärbt und nicht an dem Platz, wo sich bei einem unversehrten 
Körper die Hand befände. Für alle, die diesen Mann gekannt haben, enthält dieses Foto die Nachricht: Said Almas 
H. ist tot.
Said Almas H., geboren am 27. Oktober 1978 in Baghlan im Norden Afghanistans: Abiturient, zwei Jahre lang 
Schneider, für kurze Zeit Student, nach Deutschland geflüchtet und 2015 in Hamburg gestrandet. Am 29. August 
2017 ist H. straffällig geworden: In der Unterkunft, in der er lebte, war er an einer gewaltsamen Auseinandersetzung 
beteiligt. Wegen gefährlicher Körperverletzung wurde er am 23. Februar 2018 zu zwei Jahren und zehn Monaten 
Haft verurteilt und nach deren Vollzug am 9. Februar dieses Jahres abgeschoben. Am 21. Juni starb H., in Baghlan, 
wenn man der Quelle glauben darf, von der das Foto stammt.
Gut kannte ihn in Hamburg wahrscheinlich niemand. Menschen, die mit ihm in Kontakt standen, beschreiben ihn als 
zurückhaltenden, freundlichen Mann, der seine Straftat ernsthaft bereut habe und dank seiner langen Haft gut 
Deutsch sprach.
In den zwei Monaten seit H.s Tod ist Afghanistan an die Taliban gefallen. Wer am Schicksal des Landes Anteil 
nimmt, für den ist das Los eines abgeschobenen Straftäters die geringste Sorge. Und doch sagt dieser Fall etwas 
über den Umgang Deutschlands mit Afghanistan und den Afghanen aus. Im Kleinen bestätigt sich der Befund, der 
sich im Großen in der Überraschung angesichts des schnellen Vormarsches der Taliban andeutete: dass 
Deutschland sich geweigert hat, die ferne Wirklichkeit Afghanistans zur Kenntnis zu nehmen, weil es sich mit der 
Illusion halbwegs annehmbarer oder wenigstens nicht unerträglicher Verhältnisse leichter leben lässt.

Im Februar hat Hamburg ihn abgeschoben. Jetzt ist er tot Said Almas H. kam als Flüchtling aus Afghanistan . 
Nach einer Straftat wurde er zurückgeschickt. Zuletz....
Theoretisch soll kein Ausländer aus Deutschland in ein Land abgeschoben werden, in dem für ihn »eine erhebliche 
konkrete Gefahr für Leib, Leben oder Freiheit besteht«, so steht es im Aufenthaltsgesetz. In der Praxis schiebt 
Deutschland Menschen selbst an die finstersten Orte ab.
Ungewöhnlich am Fall von Said Almas H. ist weniger, dass er tot ist, als dass es dafür Belege gibt. Andere in seiner 
Lage sind einfach verschwunden. Wer tot ist, meldet sich nicht mehr. »Schwere Fälle von Gewalt«, so steht es in 
einer Untersuchung der Diakonie zur Situation nach Afghanistan abgeschobener Flüchtlinge, würden so gut wie nie 
bekannt, »da sie regelmäßig zum Kontaktabbruch führen«.
 Aber was beweist ein Foto? Die ZEIT hat das Bild des Leichnams von einem Hamburger Bekannten des Toten 
bekommen. Der Name ist der Redaktion bekannt, öffentlich will der Mann nicht in Erscheinung treten. Er ist 
ebenfalls Flüchtling und Afghane, gerade hat er seine Berufsausbildung abgeschlossen, er möchte keinen Ärger 
bekommen. Weitere Fotos zeigen H. zu Lebzeiten in Afghanistan, eindeutig erkennbar, in einer Landschaft am 
Rand der Stadt Pol-e Chomri in der nordöstlichen Provinz Baghlan. Sie zeigen ein beschädigtes Gebäude, den 
Raum, in dem H. geschlafen haben soll, als jemand eine Handgranate hineinwarf. Und es gibt das Video einer 
Zeremonie vor der Beerdigung, der Leichnam ist komplett verhüllt, während er auf eine stählerne Trage gehoben 
wird. Zahlreiche Menschen sind anwesend, zu hören ist ein Dialog auf Paschtu. Das Gespräch ist nüchtern, es 
könnte herz- oder pietätlos wirken, spiegelt aber wohl nur die Wirklichkeit eines Landes, in dem ein gewaltsamer 
Tod alltäglich ist. Es geht nicht um den Verstorbenen, sondern um seinen Leichnam, aus dem noch Blut läuft. Man 
müsse eine Matratze darunterlegen, sagt eine Männerstimme. 
Nach Auskunft des Hamburger Bekannten stammen sowohl das Foto des verletzten Körpers als auch jenes Bild 
von H. aus Afghanistan, auf dem er klar zu erkennen ist, von einer in Deutschland lebenden Verwandten des 
abgeschobenen Flüchtlings. Also aus derselben Quelle.
Was verraten die Bilder? Aus Sicht des Hamburger Rechtsmediziners Klaus Püschel zeigt das Foto des verletzten 
Körpers einen Toten. Die weiße Binde wurde offensichtlich posthum angelegt, sonst müsste sie mit Blut durchtränkt 
sein. Die Position der Finger und die Haltung der rechten Hand deuteten auf eine Leichenstarre hin. Püschel hat 
zweimal mit Verletzungen durch Handgranaten zu tun gehabt. Es sei vorstellbar, sagt er, dass der Mann auf dem 
Foto auf diese Weise starb.
Der Hamburger Bildforensiker Jens Kriese hat die Fotos ebenfalls untersucht. Das Bild des Leichnams ist ein 
Screenshot des ursprünglichen Fotos, es wurde erkennbar bearbeitet. Die Pixelung ist grob, offenbar wurde ein 
Ausschnitt vergrößert. Danach wurde das Bild versendet, vielleicht per WhatsApp, und durch die damit verbundene 
Datenreduktion ein weiteres Mal verändert. Es gibt weitere Fotos von H. vor und nach der Haft, er ist in dieser Zeit 
sichtlich gealtert. Aus Sicht des Forensikers weist keines der Bilder aufspürbare Merkmale einer Manipulation auf.
 In Hamburg gibt es weitere Personen, die Kontakt zu jener Verwandten des Toten hatten, von der die Fotos und 
der Film stammen sollen. Unter ihnen H.s Anwalt und eine ehrenamtliche Flüchtlingshelferin, die H. auf 
Behördengängen begleitete. Sie erinnert sich an zwei Anrufe. Zur Zeit des ersten Telefonats saß H. bereits in 
Abschiebehaft. Die Anruferin sei sehr aufgeregt gewesen, sie habe von ihrer Gesprächspartnerin verlangt, etwas 
gegen die Abschiebung zu unternehmen, vielleicht indem sie ein Attest eines Arztes beschaffe. Beim zweiten Anruf, 
Monate später, habe die Unbekannte geweint und geschrien und mitgeteilt, H. sei tot. Danach war sie nicht mehr zu 
erreichen, auch für die ZEIT nicht. 
Auch die Flüchtlingshelferin möchte anonym bleiben. Sie beschreibt H. als »sehr netten Kerl«. Die Umstände der 
Abschiebung empören sie. H. sei in der Ausländerbehörde festgenommen worden und sofort in Haft gekommen, 
erzählt sie. Nur weil er per Handy seinen Hamburger Bekannten habe informieren können, habe sie selbst davon 
erfahren und ihm noch seine Papiere zum Flughafen bringen können. Sonst, sagt sie, wäre H. ohne Dokumente 
abgeschoben worden.
Dreieinhalb Jahre zuvor, am 29. August 2017, war H. kurz nach Mitternacht in seiner Unterkunft in Wilhelmsburg 
mit einem Mitbewohner in Streit geraten. In dem Raum hätten 16 Männer gelebt, erzählt H.s Bekannter. Es ging um 
die Zigarette des Mitbewohners und darum, dass H. das Fenster öffnen wollte. Als es zu körperlicher Gewalt kam, 
Im Februar hat Hamburg ihn abgeschoben. Jetzt ist er tot Said Almas H. kam als Flüchtling aus Afghanistan . 
Nach einer Straftat wurde er zurückgeschickt. Zuletz....
war H. nach Feststellung des Gerichts zunächst der Angegriffene, nicht der Angreifer, doch habe er sich nicht in 
einer Notwehrsituation befunden. H. stach mit einer Schere auf seinen Widersacher ein, eine der Verletzungen war 
lebensgefährlich. Das Gericht gelangte zu der Überzeugung, H. habe seinen Gegner töten wollen, aus Sicht eines 
Sachverständigen war er zum Zeitpunkt der Tat einsichts- und steuerungsfähig. Unmittelbar danach holte H. Hilfe, 
das wurde ihm strafmildernd angerechnet. Zwei Jahre und zehn Monate wegen gefährlicher Körperverletzung, das 
Urteil liegt im üblichen Rahmen und wurde in zweiter Instanz bestätigt.
Schon während seiner Haft wollte die Ausländerbehörde H. abschieben, die Staatsanwaltschaft bestand aber auf 
einer vollständigen Verbüßung der Strafe.
Was abgeschobene Afghanen in ihrem Herkunftsland erwartet, lässt sich einer Untersuchung der Ethnologin 
Friederike Stahlmann entnehmen. Zwischen Dezember 2016 und März 2020 wurden nach ihren Angaben 908 
Flüchtlinge aus Deutschland zwangsweise nach Afghanistan gebracht. Zu 113 von ihnen hat sie über Freunde und 
Bekannte Kontakt hergestellt und sie nach ihren Erfahrungen gefragt, mit einigen tauschte sie sich wöchentlich aus. 
Nach ihrer Darstellung werden ehemalige Flüchtlinge Opfer von Feindseligkeiten aller Art. Sie gelten als 
verwestlicht, dank ihrer Kontakte nach Deutschland oft auch als wohlhabend und darum als lohnende Opfer, aus 
Sicht von Taliban wie staatlicher Stellen sind sie Verräter, die ihrem Land den Rücken gekehrt haben. Die 
Erwartungen ihrer Familien haben sie enttäuscht, zudem sind sie wegen der Kosten ihrer Flucht häufig verschuldet. 
Abgeschobene Straftäter sind besonders gefährdet: Ihre Angehörigen distanzieren sich von ihnen, schon zum 
eigenen Schutz, Rückkehrhilfen erhalten sie nicht, zusätzlich sind sie der Untersuchung zufolge »durch eine 
erneute Sanktionierung ihrer Straftaten bedroht«.
Neun von zehn der Befragten wurden Opfer von Gewalttaten, die meisten mehrfach. Zwei von dreien, mit denen ein 
Austausch möglich war, haben Afghanistan wieder verlassen und sind entweder in einen Nachbarstaat oder erneut 
nach Europa geflüchtet. Der Befund ist aus Sicht der Autorin insofern nicht repräsentativ, als die Minderheit der 
Abgeschobenen, über die sich dank ihrer Kontakte nach Deutschland etwas in Erfahrung bringen ließ, sich gerade 
wegen dieser Kontakte in einer vergleichsweise günstigen Lage befand. Es sei davon auszugehen, heißt es in der 
Untersuchung, dass die Übrigen »in höherem Maß von Gewalt betroffen sind«.
Wie kann man es verantworten, Menschen in eine solche Lage zu bringen? Der Hamburger Senat hält sich nicht für 
zuständig. »Nach der Kompetenzverteilung des Grundgesetzes obliegt es dem Bund, auswärtige Sachverhalte zu 
bewerten«, heißt es in der Antwort auf eine Kleine Anfrage der Linksfraktion. »Dieses gilt auch für die asyl- und 
abschiebungsrelevante Lage in Afghanistan.« Das Auswärtige Amt wiederum gibt in seinen drei letzten 
Lageberichten wortgleich an, es seien »keine Fälle bekannt, in denen Rückkehrer nachweislich aufgrund ihres 
Aufenthalts in Europa Opfer von Gewalttaten wurden«.
Erst kurz vor der Machtübernahme der Taliban hat das deutsche Innenministerium die Abschiebungen nach 
Afghanistan ausgesetzt, sie sollen aber möglichst bald wieder aufgenommen werden.
H. hatte noch im letzten Moment versucht, seine Zeit in Hamburg durch einen Eilantrag zu verlängern. Die 19-
seitige Begründung, mit der dieser Antrag abgelehnt wurde, erörtert ausführlich die Risiken, die dem Antragsteller 
in seinem Herkunftsland drohten. Für Zivilisten in der Provinz Kabul ermittelte der Richter im Jahr 2019 ein 
persönliches Risiko von 0,03 Prozent, Opfer einer Gewalttat zu werden, für H. lägen »keine gefahrerhöhenden 
persönlichen Umstände« vor. Eine »erhebliche konkrete Gefahr für Leib und Leben oder Freiheit« sei nicht 
ersichtlich.
Warum wurde H. umgebracht? Über seine deutsche Verwandte erreichte seinen Hamburger Bekannten die 
Auskunft, es habe einen Anwerbeversuch durch die Taliban gegeben, H. habe sich geweigert. Nach Angaben der 
Afghanistan-Expertin Stahlmann wäre ein solcher Vorgang nicht ungewöhnlich. Ihrer Untersuchung zufolge ist eine 
Zwangsrekrutierung neben Gewalt und Verelendung eine typische Ursache dafür, dass ein Kontakt zu einem 
Abgeschobenen abbricht.
Was versprechen sich die Taliban von der Rekrutierung eines ehemaligen Flüchtlings: nur einen zusätzlichen 
Kämpfer? Oder jemanden, der helfen kann, in Deutschland lebende Landsleute unter Druck zu setzen und Geld 
Im Februar hat Hamburg ihn abgeschoben. Jetzt ist er tot Said Almas H. kam als Flüchtling aus Afghanistan . 
Nach einer Straftat wurde er zurückgeschickt. Zuletz....
oder andere Formen von Unterstützung zu erpressen? Letzteres sei vorstellbar, sagt der Sicherheitsexperte und 
Politikwissenschaftler Carlo Masala, der an der Münchner Bundeswehrhochschule lehrt. Demnach könnte die 
Entscheidung des Flüchtlings Said Almas H., die ihn am Ende das Leben kostete, dazu beigetragen haben, die 
Sicherheit in Deutschland lebender Menschen zu schützen.
 Said Almas H. in Hamburg (links oben) und am Rand der Stadt Pol-e Chomri in Afghanistan, sein Leichnam und 
das Haus, in dem der Anschlag verübt worden sein soll"
2021-08,Main Corpus,2021-08(50).ZIP,Im Februar hat Hamburg ihn abgeschoben. Jetzt ist er tot Said Almas H. kam als Flüchtling aus Afghan.PDF,C:\PythonProjects\AfD-project\Corpora\Main Corpus\2021-08\raw_unarchive\Im Februar hat Hamburg ihn abgeschoben. Jetzt ist er tot Said Almas H. kam als Flüchtling aus Afghan.PDF,Im Februar hat Hamburg ihn abgeschoben. Jetzt ist er tot Said Almas H. kam als Flüchtling aus Afghanistan .,im februar hat hamburg ihn abgeschoben jetzt ist er tot said almas h kam als flüchtling aus afghanistan,Die ZEIT (inklusive ZEIT Magazin),die zeit inklusive zeit magazin,26. August 2021,Frank Drieschner,"HAMBURG, AFGHANISTAN;Im Februar hat Hamburg ihn abgeschoben. Jetzt ist er tot; S. 12-13; Ausg.",1832,12449,943600d8427acb7af022819f5a8ae7a220de927d,variant_002,regional_variant,review,,no,,no,,,13497,no,,,near_003,variant_002,"Das Bild, das die Gewissheit bringt, zeigt den stark verletzten Oberkörper eines dunkelhaarigen Manns. Die Haut, 
sofern sichtbar, ist teilweise abgeschürft und wohl durch geronnenes Blut verfärbt. Im Bereich der Stirn und des 
linken Auges sind Verletzungen und getrocknetes Blut erkennbar. Eine weiße Binde verläuft unter dem Kinn und 
um den Kopf, den Oberkörper bedeckt ein dunkelrotes Tuch, es weist Flecken in noch dunklerem Rot auf. Nahe 
dem unteren Saum sind Finger zu sehen, auch sie verfärbt und nicht an dem Platz, wo sich bei einem 
unversehrten Körper die Hand befände. Für alle, die diesen Mann gekannt haben, enthält dieses Foto die 
Nachricht: Said Almas H. ist tot.
Said Almas H., geboren am 27. Oktober 1978 in Baghlan im Norden Afghanistans: Abiturient, zwei Jahre lang 
Schneider, für kurze Zeit Student, nach Deutschland geflüchtet und 2015 in Hamburg gestrandet. Am 29. August 
2017 ist H. straffällig geworden: In der Unterkunft, in der er lebte, war er an einer gewaltsamen 
Auseinandersetzung beteiligt. Wegen gefährlicher Körperverletzung wurde er am 23. Februar 2018 zu zwei 
Jahren und zehn Monaten Haft verurteilt und nach deren Vollzug am 9. Februar dieses Jahres abgeschoben. Am 
21. Juni starb H., in Baghlan, wenn man der Quelle glauben darf, von der das Foto stammt.
Gut kannte ihn in Hamburg wahrscheinlich niemand. Menschen, die mit ihm in Kontakt standen, beschreiben ihn 
als zurückhaltenden, freundlichen Mann, der seine Straftat ernsthaft bereut habe und dank seiner langen Haft gut 
Deutsch sprach.
In den zwei Monaten seit H.s Tod ist Afghanistan an die Taliban gefallen. Wer am Schicksal des Landes Anteil 
nimmt, für den ist das Los eines abgeschobenen Straftäters die geringste Sorge. Und doch sagt dieser Fall etwas 
über den Umgang Deutschlands mit Afghanistan und den Afghanen aus. Im Kleinen bestätigt sich der Befund, 
der sich im Großen in der Überraschung angesichts des schnellen Vormarsches der Taliban andeutete: dass 
Deutschland sich geweigert hat, die ferne Wirklichkeit Afghanistans zur Kenntnis zu nehmen, weil es sich mit der 
Illusion halbwegs annehmbarer oder wenigstens nicht unerträglicher Verhältnisse leichter leben lässt.

Im Februar hat Hamburg ihn abgeschoben. Jetzt ist er tot Said Almas H. kam als Flüchtling aus Afghanistan . 
Nach einer Straftat wurde er zurückgeschickt. Zuletz....
Theoretisch soll kein Ausländer aus Deutschland in ein Land abgeschoben werden, in dem für ihn »eine 
erhebliche konkrete Gefahr für Leib, Leben oder Freiheit besteht«, so steht es im Aufenthaltsgesetz. In der Praxis 
schiebt Deutschland Menschen selbst an die finstersten Orte ab.
Ungewöhnlich am Fall von Said Almas H. ist weniger, dass er tot ist, als dass es dafür Belege gibt. Andere in 
seiner Lage sind einfach verschwunden. Wer tot ist, meldet sich nicht mehr. »Schwere Fälle von Gewalt«, so steht 
es in einer Untersuchung der Diakonie zur Situation nach Afghanistan abgeschobener Flüchtlinge, würden so gut 
wie nie bekannt, »da sie regelmäßig zum Kontaktabbruch führen«.
 Aber was beweist ein Foto? Die ZEIT hat das Bild des Leichnams von einem Hamburger Bekannten des 
Toten bekommen. Der Name ist der Redaktion bekannt, öffentlich will der Mann nicht in Erscheinung treten. Er ist 
ebenfalls Flüchtling und Afghane, gerade hat er seine Berufsausbildung abgeschlossen, er möchte keinen Ärger 
bekommen. Weitere Fotos zeigen H. zu Lebzeiten in Afghanistan, eindeutig erkennbar, in einer Landschaft am 
Rand der Stadt Pol-e Chomri in der nordöstlichen Provinz Baghlan. Sie zeigen ein beschädigtes Gebäude, den 
Raum, in dem H. geschlafen haben soll, als jemand eine Handgranate hineinwarf. Und es gibt das Video einer 
Zeremonie vor der Beerdigung, der Leichnam ist komplett verhüllt, während er auf eine stählerne Trage gehoben 
wird. Zahlreiche Menschen sind anwesend, zu hören ist ein Dialog auf Paschtu. Das Gespräch ist nüchtern, es 
könnte herz- oder pietätlos wirken, spiegelt aber wohl nur die Wirklichkeit eines Landes, in dem ein gewaltsamer 
Tod alltäglich ist. Es geht nicht um den Verstorbenen, sondern um seinen Leichnam, aus dem noch Blut läuft. 
Man müsse eine Matratze darunterlegen, sagt eine Männerstimme. 
Nach Auskunft des Hamburger Bekannten stammen sowohl das Foto des verletzten Körpers als auch jenes Bild 
von H. aus Afghanistan, auf dem er klar zu erkennen ist, von einer in Deutschland lebenden Verwandten des 
abgeschobenen Flüchtlings. Also aus derselben Quelle.
Was verraten die Bilder? Aus Sicht des Hamburger Rechtsmediziners Klaus Püschel zeigt das Foto des verletzten 
Körpers einen Toten. Die weiße Binde wurde offensichtlich posthum angelegt, sonst müsste sie mit Blut 
durchtränkt sein. Die Position der Finger und die Haltung der rechten Hand deuteten auf eine Leichenstarre hin. 
Püschel hat zweimal mit Verletzungen durch Handgranaten zu tun gehabt. Es sei vorstellbar, sagt er, dass der 
Mann auf dem Foto auf diese Weise starb.
Der Hamburger Bildforensiker Jens Kriese hat die Fotos ebenfalls untersucht. Das Bild des Leichnams ist ein 
Screenshot des ursprünglichen Fotos, es wurde erkennbar bearbeitet. Die Pixelung ist grob, offenbar wurde ein 
Ausschnitt vergrößert. Danach wurde das Bild versendet, vielleicht per WhatsApp, und durch die damit 
verbundene Datenreduktion ein weiteres Mal verändert. Es gibt weitere Fotos von H. vor und nach der Haft, er ist 
in dieser Zeit sichtlich gealtert. Aus Sicht des Forensikers weist keines der Bilder aufspürbare Merkmale einer 
Manipulation auf.
 In Hamburg gibt es weitere Personen, die Kontakt zu jener Verwandten des Toten hatten, von der die Fotos und 
der Film stammen sollen. Unter ihnen H.s Anwalt und eine ehrenamtliche Flüchtlingshelferin, die H. auf 
Behördengängen begleitete. Sie erinnert sich an zwei Anrufe. Zur Zeit des ersten Telefonats saß H. bereits in 
Abschiebehaft. Die Anruferin sei sehr aufgeregt gewesen, sie habe von ihrer Gesprächspartnerin verlangt, etwas 
gegen die Abschiebung zu unternehmen, vielleicht indem sie ein Attest eines Arztes beschaffe. Beim zweiten 
Anruf, Monate später, habe die Unbekannte geweint und geschrien und mitgeteilt, H. sei tot. Danach war sie nicht 
mehr zu erreichen, auch für die ZEIT nicht. 
Auch die Flüchtlingshelferin möchte anonym bleiben. Sie beschreibt H. als »sehr netten Kerl«. Die Umstände der 
Abschiebung empören sie. H. sei in der Ausländerbehörde festgenommen worden und sofort in Haft gekommen, 
erzählt sie. Nur weil er per Handy seinen Hamburger Bekannten habe informieren können, habe sie selbst davon 
erfahren und ihm noch seine Papiere zum Flughafen bringen können. Sonst, sagt sie, wäre H. ohne Dokumente 
abgeschoben worden.
Dreieinhalb Jahre zuvor, am 29. August 2017, war H. kurz nach Mitternacht in seiner Unterkunft in Wilhelmsburg 
mit einem Mitbewohner in Streit geraten. In dem Raum hätten 16 Männer gelebt, erzählt H.s Bekannter. Es ging 
Im Februar hat Hamburg ihn abgeschoben. Jetzt ist er tot Said Almas H. kam als Flüchtling aus Afghanistan . 
Nach einer Straftat wurde er zurückgeschickt. Zuletz....
um die Zigarette des Mitbewohners und darum, dass H. das Fenster öffnen wollte. Als es zu körperlicher Gewalt 
kam, war H. nach Feststellung des Gerichts zunächst der Angegriffene, nicht der Angreifer, doch habe er sich 
nicht in einer Notwehrsituation befunden. H. stach mit einer Schere auf seinen Widersacher ein, eine der 
Verletzungen war lebensgefährlich. Das Gericht gelangte zu der Überzeugung, H. habe seinen Gegner töten 
wollen, aus Sicht eines Sachverständigen war er zum Zeitpunkt der Tat einsichts- und steuerungsfähig. 
Unmittelbar danach holte H. Hilfe, das wurde ihm strafmildernd angerechnet. Zwei Jahre und zehn Monate wegen 
gefährlicher Körperverletzung, das Urteil liegt im üblichen Rahmen und wurde in zweiter Instanz bestätigt.
Schon während seiner Haft wollte die Ausländerbehörde H. abschieben, die Staatsanwaltschaft bestand aber auf 
einer vollständigen Verbüßung der Strafe.
Was abgeschobene Afghanen in ihrem Herkunftsland erwartet, lässt sich einer Untersuchung der Ethnologin 
Friederike Stahlmann entnehmen. Zwischen Dezember 2016 und März 2020 wurden nach ihren Angaben 908 
Flüchtlinge aus Deutschland zwangsweise nach Afghanistan gebracht. Zu 113 von ihnen hat sie über Freunde 
und Bekannte Kontakt hergestellt und sie nach ihren Erfahrungen gefragt, mit einigen tauschte sie sich 
wöchentlich aus. Nach ihrer Darstellung werden ehemalige Flüchtlinge Opfer von Feindseligkeiten aller Art. Sie 
gelten als verwestlicht, dank ihrer Kontakte nach Deutschland oft auch als wohlhabend und darum als lohnende 
Opfer, aus Sicht von Taliban wie staatlicher Stellen sind sie Verräter, die ihrem Land den Rücken gekehrt haben. 
Die Erwartungen ihrer Familien haben sie enttäuscht, zudem sind sie wegen der Kosten ihrer Flucht häufig 
verschuldet. Abgeschobene Straftäter sind besonders gefährdet: Ihre Angehörigen distanzieren sich von ihnen, 
schon zum eigenen Schutz, Rückkehrhilfen erhalten sie nicht, zusätzlich sind sie der Untersuchung zufolge 
»durch eine erneute Sanktionierung ihrer Straftaten bedroht«.
Neun von zehn der Befragten wurden Opfer von Gewalttaten, die meisten mehrfach. Zwei von dreien, mit denen 
ein Austausch möglich war, haben Afghanistan wieder verlassen und sind entweder in einen Nachbarstaat oder 
erneut nach Europa geflüchtet. Der Befund ist aus Sicht der Autorin insofern nicht repräsentativ, als die 
Minderheit der Abgeschobenen, über die sich dank ihrer Kontakte nach Deutschland etwas in Erfahrung bringen 
ließ, sich gerade wegen dieser Kontakte in einer vergleichsweise günstigen Lage befand. Es sei davon 
auszugehen, heißt es in der Untersuchung, dass die Übrigen »in höherem Maß von Gewalt betroffen sind«.
Wie kann man es verantworten, Menschen in eine solche Lage zu bringen? Der Hamburger Senat hält sich nicht 
für zuständig. »Nach der Kompetenzverteilung des Grundgesetzes obliegt es dem Bund, auswärtige Sachverhalte 
zu bewerten«, heißt es in der Antwort auf eine Kleine Anfrage der Linksfraktion. »Dieses gilt auch für die asyl- 
und abschiebungsrelevante Lage in Afghanistan.« Das Auswärtige Amt wiederum gibt in seinen drei letzten 
Lageberichten wortgleich an, es seien »keine Fälle bekannt, in denen Rückkehrer nachweislich aufgrund ihres 
Aufenthalts in Europa Opfer von Gewalttaten wurden«.
Erst kurz vor der Machtübernahme der Taliban hat das deutsche Innenministerium die Abschiebungen nach 
Afghanistan ausgesetzt, sie sollen aber möglichst bald wieder aufgenommen werden.
H. hatte noch im letzten Moment versucht, seine Zeit in Hamburg durch einen Eilantrag zu verlängern. Die 19-
seitige Begründung, mit der dieser Antrag abgelehnt wurde, erörtert ausführlich die Risiken, die dem Antragsteller 
in seinem Herkunftsland drohten. Für Zivilisten in der Provinz Kabul ermittelte der Richter im Jahr 2019 ein 
persönliches Risiko von 0,03 Prozent, Opfer einer Gewalttat zu werden, für H. lägen »keine gefahrerhöhenden 
persönlichen Umstände« vor. Eine »erhebliche konkrete Gefahr für Leib und Leben oder Freiheit« sei nicht 
ersichtlich.
Warum wurde H. umgebracht? Über seine deutsche Verwandte erreichte seinen Hamburger Bekannten die 
Auskunft, es habe einen Anwerbeversuch durch die Taliban gegeben, H. habe sich geweigert. Nach Angaben der 
Afghanistan-Expertin Stahlmann wäre ein solcher Vorgang nicht ungewöhnlich. Ihrer Untersuchung zufolge ist 
eine Zwangsrekrutierung neben Gewalt und Verelendung eine typische Ursache dafür, dass ein Kontakt zu 
einem Abgeschobenen abbricht.
Im Februar hat Hamburg ihn abgeschoben. Jetzt ist er tot Said Almas H. kam als Flüchtling aus Afghanistan . 
Nach einer Straftat wurde er zurückgeschickt. Zuletz....
Was versprechen sich die Taliban von der Rekrutierung eines ehemaligen Flüchtlings: nur einen zusätzlichen 
Kämpfer? Oder jemanden, der helfen kann, in Deutschland lebende Landsleute unter Druck zu setzen und Geld 
oder andere Formen von Unterstützung zu erpressen? Letzteres sei vorstellbar, sagt der Sicherheitsexperte und 
Politikwissenschaftler Carlo Masala, der an der Münchner Bundeswehrhochschule lehrt. Demnach könnte die 
Entscheidung des Flüchtlings Said Almas H., die ihn am Ende das Leben kostete, dazu beigetragen haben, die 
Sicherheit in Deutschland lebender Menschen zu schützen.
 Said Almas H. in Hamburg (links oben) und am Rand der Stadt Pol-e Chomri in Afghanistan, sein Leichnam und 
das Haus, in dem der Anschlag verübt worden sein soll"
2021-08,Main Corpus,2021-08(50).ZIP,"Kommen die jetzt alle zu uns_ Nein, denn die Fluchtwege aus Afghanistan sind versperrt.PDF","C:\PythonProjects\AfD-project\Corpora\Main Corpus\2021-08\raw_unarchive\Kommen die jetzt alle zu uns_ Nein, denn die Fluchtwege aus Afghanistan sind versperrt.PDF","Kommen die jetzt alle zu uns? Nein, denn die Fluchtwege aus Afghanistan sind versperrt",kommen die jetzt alle zu uns nein denn die fluchtwege aus afghanistan sind versperrt,Die ZEIT (inklusive ZEIT Magazin),die zeit inklusive zeit magazin,19. August 2021,"Ulrich Ladurner, Michael Thumann, Franziska Wunderlich",POLITIK;Kommen die jetzt alle zu uns?; S. 2; Ausg. 34,688,4905,7eb9b91199b4bf694b73de3de18299c80d7a03df,,unique,keep,,no,,no,,,6224,no,,,,,"Wird es eine neue Flüchtlingswelle in Europa geben? In Deutschland, das im September wählt, und in Frankreich, 
wo im kommenden Frühjahr ein neuer Präsident bestimmt wird, ist das eine besonders aufgeladene Frage: Das 
Migrationsthema könnte den Wahlausgang beeinflussen. Aber ist der oft zu hörende Vergleich mit 2015, als binnen 
weniger Wochen Hunderttausende Menschen nach Europa kamen, überhaupt angemessen? Der 
Migrationsexperte Gerald Knaus von der European Stability Initiative beantwortet die Frage mit einem 
entschiedenen Nein. »2015 war die Grenze von Syrien in die Türkei offen, die Grenzen von der Türkei nach Europa 
waren offen. Das ist jetzt in Afghanistan ganz anders.« Tatsächlich sind Afghanistans Grenzen komplett 
geschlossen. Der einzige Ausweg für Fluchtwillige ist der Flughafen von Kabul und über den werden nicht gerade 
Zehntausende ausgeflogen werden.
Auch die Nachbarländer haben nach der Machtübernahme der Taliban Grenzschließungen oder zumindest 
verschärfte Grenzkontrollen angekündigt. Pakistan und der Iran sind traditionell die beiden wichtigsten Zielländer 
für flüchtende Afghanen. Nach Angaben des Flüchtlingskommissariats der Vereinten Nationen (UNHCR) leben in 
Pakistan heute bereits 1,4 Millionen afghanische Flüchtlinge, im Iran sind 780.000 Afghanen als Flüchtlinge 
registriert; die Dunkelziffer dürfte viel höher sein. 2,5 Millionen Afghanen leben laut UNHCR ohne gültige Papiere im 
Iran.
Auch wenn Pakistans Premierminister Imran Khan die Machtübernahme der Taliban öffentlich als »Befreiung von 
den Ketten der Sklaverei« bezeichnet hat: Den wichtigen Grenzübergang Torcham ließ er auf unbestimmte Zeit 
schließen. Pakistan hatte 2019 damit begonnen, die 2600 Kilometer lange Grenze zu Afghanistan mit einem Zaun 
zu befestigen. Mehr als 500 Kilometer sollen bereits fertiggestellt sein. Der Grenzzaun wurde zwar zum Schutz 
gegen Terroristen gebaut, aber er macht für jeden den Übergang schwerer, auch für afghanische Flüchtlinge.
Ein Sprecher der iranischen Regierung erklärte: »Wir haben bereits vor zwei Monaten mit einer neuen 
Flüchtlingswelle aus Afghanistan gerechnet«; man habe damals bereits die Einrichtung von provisorischen 
Pufferzonen an drei Grenzübergängen geplant. Er fügte hinzu, dass sich die Flüchtlinge »von dort aus« wieder in 
ihre Heimat begeben könnten, wenn »sich die Lage wieder beruhigt hat«. Offenbar will man afghanische 
Flüchtlinge nicht weiter ins Landesinnere kommen lassen, mehr als Schutz auf Zeit an den Grenzen soll 
anscheinend nicht gewährt werden.

Kommen die jetzt alle zu uns? Nein, denn die Fluchtwege aus Afghanistan sind versperrt
Die Hauptroute afghanischer Flüchtlinge nach Europa führt durch die Türkei. Dort leben über hunderttausend 
registrierte afghanische Flüchtlinge und Asylsuchende, manche Schätzungen gehen von mehr als einer halben 
Million aus. In den vergangenen Jahren kamen die meisten von ihnen über den Iran. Diesen Weg will der türkische 
Präsident nun blockieren. Im Frühling kündigte Recep Tayyip Erdoan den Bau einer Mauer entlang der Grenze zum 
Iran an. 144 Kilometer der insgesamt über 500 Kilometer langen Grenze sollen durch eine drei Meter hohe Barriere 
gesichert werden. Das staatliche Wohnungsbauunternehmen Toki zieht den Wall aus Beton und Stacheldraht hoch. 
Damit hofft der autoritäre Präsident, der in einer Koalition mit Ultranationalisten regiert, die Zuwanderung weiterer 
Afghanen und Zentralasiaten zu verhindern und die flüchtlingskritische Stimmung im Land zu dämpfen.
Denn mit der einstigen Willkommenskultur in der Türkei ist es vorbei. Eine heftige Wirtschaftskrise und eine hohe 
Inflation lasten schwer auf vielen Türken. Vielen Flüchtlingen schlägt Ablehnung entgegen, und die Opposition nutzt 
diese Stimmung. Die kemalistische, linksnationalistische CHP warnt vor einem weiteren »Zustrom« von Afghanen. 
Ihr Parteichef Kemal Kiliçdarolu sagt, die Türkei verwandele sich in ein »offenes Gefängnis für Flüchtlinge«. In 
Ankara, wo die CHP den Bürgermeister stellt, kam es vor Kurzem zu Hetzjagden auf syrische Flüchtlinge.
Die Internationale Organisation für Migration (IOM) erklärte Anfang dieser Woche: »Wir sind nicht in der Lage zu 
sagen, wie viele Afghanen ihr Land Richtung Europa verlassen werden. Aber wir erwarten, dass die meisten weder 
die Absicht noch die Mittel haben werden, ihr Land zu verlassen.« Das klingt nicht nach einem neuen 2015, auf das 
sich Europa vorbereiten müsste. Die wahre Flüchtlingstragödie spielt sich ohnehin in Afghanistan selbst ab. Nach 
Angaben der IOM haben dort seit Jahresbeginn 400.000 Afghanen ihre Wohnstätten verlassen. Sie kommen zu 
den fünf Millionen Binnenflüchtlingen hinzu, die es bereits gibt. Auch wenn sie nicht nach Europa kommen, müssen 
sie versorgt werden.
ULRICH LADURNER, MICHAEL THUMANN UND FRANZISKA WUNDERLICH
 Fluchtrouten aus Afghanistan und aufgenommene Geflüchtete in den Nachbarländern"
2021-08,Main Corpus,2021-08(50).ZIP,Kurden droht Abschiebung Seit Mitte Juli sitzt eine Familie im BER-Transitbereich fest. Freitag soll.PDF,C:\PythonProjects\AfD-project\Corpora\Main Corpus\2021-08\raw_unarchive\Kurden droht Abschiebung Seit Mitte Juli sitzt eine Familie im BER-Transitbereich fest. Freitag soll.PDF,Kurden droht Abschiebung Seit Mitte Juli sitzt eine Familie im BER-Transitbereich fest. Freitag soll sie in die,kurden droht abschiebung seit mitte juli sitzt eine familie im bertransitbereich fest freitag soll sie in die,"taz, die tageszeitung",taz die tageszeitung,Freitag 13. August 2021,Cristina Plett,BERLIN AKTUELL; S. 22,281,1971,220d0ac4b42b2b05658858cf3a7933f6f16b2ba4,,unique,keep,,no,,no,,,3213,no,,,,,"Von Cristina Plett
Rund 60 Menschen sind am Mittwochabend nach Schönefeld gekommen, um gegen die drohende Abschiebung 
der kurdischen Familie C. zu protestieren, die aus der Türkei über die Ukraine nach Deutschland geflohen ist. Am 
16. Juli sollen die vier Personen am BER gelandet sein. Dort werden sie im Transitbereich festgehalten und gelten 
so als nicht eingereist.
Zwei Asylanträge der Familie hat das Verwaltungsgericht Potsdam abgelehnt, die zweite Ablehnung allerdings an 
Bedingungen geknüpft: Es müsse geprüft werden, ob die medizinische Versorgung im Zielland sichergestellt sei. 
Die Familie zählt nicht nur zur kurdischen Minderheit in der Türkei, sondern ist auch politisch aktiv: Der Mann soll 
vor Jahren gefoltert worden, die Frau in der prokurdischen Partei HDP aktiv gewesen sein. Für das Potsdamer 
Verwaltungsgericht hingegen liege die politische Aktivität des Mannes zu lange zurück, so der Berliner 
Flüchtlingsrat. Auch die der Frau würde nicht ausreichen.
Frau C. hat laut Flüchtlingsrat nach dem ersten abgelehnten Asylantrag einen Suizidversuch begangen und wurde 
daraufhin ins Klinikum Neukölln gebracht. Auch ihr Ehemann gilt als psychisch krank. Am Freitag um 6 Uhr sollen 
sie mit einer Ryanair-Maschine in die Ukraine abgeschoben werden.
Der Berliner Linken-Abgeordnete Hakan Ta erklärt am Rande der Kundgebung die politische Brisanz dieser 
Abschiebung: Die Türkei hat mit der Ukraine eine Vereinbarung, sodass es einfacher ist, sie weiter abzuschieben. 
Wenn sie in die Türkei zurückkommen, werden sie direkt verhaftet. 
Das brandenburgische Innenministerium war für eine Stellungnahme nicht zu erreichen. Ein Sprecher des 
Bundesamts für Migration und Flüchtlinge ließ verlauten, man könne sich aus datenschutzrechtlichen Gründen 
grundsätzlich nicht zu Einzelfällen im Asylverfahren äußern .

Kurden droht Abschiebung Seit Mitte Juli sitzt eine Familie im BER-Transitbereich fest. Freitag soll sie in die 
Türkei abgeschoben werden"
2021-08,Main Corpus,2021-08(50).ZIP,Laschet warnt vor 2015-Szenario.PDF,C:\PythonProjects\AfD-project\Corpora\Main Corpus\2021-08\raw_unarchive\Laschet warnt vor 2015-Szenario.PDF,Laschet warnt vor 2015-Szenario,laschet warnt vor 2015szenario,Frankfurter Rundschau,frankfurter rundschau,Dienstag 17. August 2021,,POLITIK; S. 2,338,2561,2619f0c55f6c7e10dd4034428387a4b07419fb9b,,unique,keep,,no,,no,,,3748,no,,,,,"VON JAN STERNBERG UND TIM SZENT-IVANYI
Unions-Kanzlerkandidat Armin Laschet brachte nach dem Fall Kabuls als erster den Vergleich zum syrischen 
Bürgerkrieg und den folgenden Flüchtlingsbewegungen nach Deutschland: „Wir dürfen die Fehler von 2015 nicht 
wiederholen“, sagte Laschet, der in der Migrationspolitik immer fest an der Seite der Kanzlerin gestanden hat. 
Diese „Fehler“ hätten begonnen „mit dem Rückzug der internationalen Gebergemeinschaft in der Finanzierung von 
Flüchtlingslagern“ in den Nachbarländern. Das müsse diesmal anders laufen: Das UN-Flüchtlingshilfswerk UNHCR 
und alle Institutionen, die rund um Afghanistan humanitäre Hilfe leisten, müssten so unterstützt werden, „dass sich 
Menschen nicht erst Tausende Kilometer auf den Weg Richtung Deutschland und Europa machen“. Laschet 
forderte eine europäische Initiative, um die Nachbarländer zu unterstützen.
Der Bundestags-Sicherheitspolitiker Roderich Kiesewetter (CDU) unterstützt Laschets Vorstoß. Dem 
Redaktionsnetzwerk Deutschland (RND) sagte er: „Wir müssen sichere Häfen im Nahen und Mittleren Osten 
schaffen, in denen Flüchtlinge über Jahre bleiben können, bis Afghanistan für eine Rückkehr stabilisiert ist. Um 
solche Aufnahmezentren zu schaffen, die vielleicht von der UNO geleitet und von der EU finanziert werden, 
müssen wir auch mit dem Iran, mit Usbekistan, mit Pakistan reden. Wir können uns unsere Partner nicht 
aussuchen.“
Die Befürchtung der Konservativen: Viele zusätzliche Geflüchtete, die sich aus Afghanistan in Richtung Europa 
aufmachen, würden die Türkei destabilisieren – und könnten Erdogan dazu bringen, erneut die Grenzen zu öffnet. 
Das ist das 2015-Szenario, das nun vermieden werden soll.
Flüchtlingsinitiativen fordern hingegen die Aufnahme von Afghaninnen und Afghanen in Deutschland. Die 
Bundesregierung müsse zunächst eine Luftbrücke einrichten, um akut gefährdete Personen aus Afghanistan zu 
retten. In einem zweiten Schritt solle die Bundesregierung anschließend ein Aufnahmeprogramm einrichten, dass 
es allen Menschen ermöglicht, ohne große bürokratische Hürden in Deutschland Asyl zu beantragen. „Deutschland 
muss hier vorangehen und darf nicht auf eine europäische Lösung warten“, sagt „Seebrücke“-Sprecherin Liza 
Pflaum.

Laschet warnt vor 2015-Szenario
Die AfD sieht die mögliche Rückkehr ihres Wahlkampfthemas Migration mit Interesse. Spitzenkandidatin Alice 
Weidel forderte ein „Asylmoratorium“: Das Asylrecht müsse ausgesetzt, die Grenzen geschützt und Migranten ohne 
Einreiseerlaubnis zurückgewiesen werden.
Link zum PDF-Dokument"
2021-08,Main Corpus,2021-08(50).ZIP,Laschets Schreckgespenst 2015 darf sich nicht wiederholen _ Armin Laschet reagiert mit einem konserv.PDF,C:\PythonProjects\AfD-project\Corpora\Main Corpus\2021-08\raw_unarchive\Laschets Schreckgespenst 2015 darf sich nicht wiederholen _ Armin Laschet reagiert mit einem konserv.PDF,Laschets Schreckgespenst 2015 darf sich nicht wiederholen ? Armin Laschet reagiert mit einem konservativen,laschets schreckgespenst 2015 darf sich nicht wiederholen  armin laschet reagiert mit einem konservativen,"taz, die tageszeitung",taz die tageszeitung,Dienstag 17. August 2021,Ulrich Schulte,GESELLSCHAFT; S. 14,863,5886,af5f0e7f4557feecec784064d8ad1be268e3f6e7,,unique,keep,,no,,no,,,7625,no,,,,,"talk of the town
Von Ulrich Schulte
Der Satz 2015 darf sich nicht nicht wiederholen ist ein reaktionäres Stoßgebet, das man langsam nicht mehr 
hören kann. Es ist ungemein beliebt und unglaublich dumm. Unzählige Male haben UnionspolitikerInnen diesen 
Satz wiederholt, nachdem im Jahr 2015 Hunderttausende über die Balkanroute nach Deutschland flohen. Angela 
Merkel sagte ihn auf dem CDU-Parteitag 2016, Jens Spahn sagte ihn 2020 nach dem Brand im Flüchtlingscamp 
Moria und jetzt, angesichts der dramatischen Lage in Afghanistan, wählte Unions-Kanzlerkandidat Armin Laschet 
den Satz als Teil seiner Reaktion auf die Eroberungen durch die Taliban.
Man muss es sich auf der Zunge zergehen lassen: Während sich in Afghanistan Menschen in Todesangst vor den 
Taliban verstecken, scheint für Laschet einer der wichtigsten Punkte zu sein, den Deutschen zu versichern, dass ihr 
Wohlbefinden nicht beeinträchtigt sei. Wie Laschet das Thema in den innerdeutschen Wahlkampf zieht, ist unseriös 
und würdelos.
Ihr braucht keine Angst zu haben, heißt dieser Satz, wir werden nicht zulassen, dass noch einmal so viele 
Geflüchtete nach Deutschland kommen. Laschet will beruhigen, aber er tut das, indem er die Angst vor anderen 
Menschen schürt und instrumentalisiert. Im Jahr 2015 passierte ja vieles, von dem man sich wünscht, es möge sich 
nicht wiederholen. So war zum Beispiel die EU auf die Folgen des Bürgerkriegs in Syrien nicht gut vorbereitet. Aber 
hier geht es um eine andere Chiffre. Wenn Konservative über das Jahr 2015 sprechen, das sich nicht wiederholen 
dürfe, meinen sie die Zuwanderung von 890.000 meist aus Syrien stammenden Geflüchteten, die die Gesellschaft 
polarisierte.

Laschets Schreckgespenst 2015 darf sich nicht wiederholen ? Armin Laschet reagiert mit einem konservativen 
Mantra auf die Lage in Afghanistan . Das ist würdelos....
Ein solches Narrativ ist mächtig, weil es, oft genug wiederholt, Einstellungen von Menschen ändert. Indem 
Konservative die Zuwanderung als Unglück darstellen, das in jedem Fall zu vermeiden sei, werten sie 
hilfsbedürftige Menschen pauschal ab. Denn die erschöpften Männer und Frauen, die damals über die ungarische 
Autobahn in Richtung Deutschland liefen und teils ihre Kinder auf den Schultern trugen, werden nicht mehr als 
Schutzsuchende mit Rechten gesehen, die ihnen zum Beispiel die Genfer Flüchtlingskonvention garantiert, sondern 
als Bedrohung, die es fernzuhalten gilt.
Das verdreht die Realität auf perfide Art. 2015 war keine Katastrophe für Deutschland, auch wenn die AfD bis heute 
gerne so tut. Die sogenannte Flüchtlingskrise war eine Krise für die Geflüchteten, aber ganz sicher keine der 
deutschen Bevölkerung. Auch diejenigen, die Angela Merkels humanitäre Geste, die Grenzen offen zu lassen, 
damals falsch fanden, müssen anerkennen, dass die Republik seitdem keineswegs untergegangen ist. Dem Land 
geht es gut, es gibt viele Beispiele für großartiges Engagement in der Zivilgesellschaft und für gute Integration der 
syrischen Zugewanderten.
Trotz flüchtlingspolitischem Ausnahmezustand passierte 2015 also nichts, vor dem man warnen müsste. Das Jahr 
und die folgenden lieferten eher ermutigende Beweise für das Funktionieren des deutschen Staates und der 
Gesellschaft. Merkel wurde damals auf der ganzen Welt für ihre Politik gelobt. Das wäre übrigens ein Spin, der für 
einen modernen CDU-Kanzlerkandidaten erfolgversprechend sein könnte. Und er würde auch besser zu dem 
Armin Laschet passen, der sich früher in Nordrhein-Westfalen als Integrationsminister für eine fortschrittliche 
Migrationspolitik stark machte.
Laschets Einlassung wirkt auch aus einem anderen Grund seltsam ängstlich. Den Deutschen, schwingt da mit, ist 
nicht zuzumuten, dass Leid und Not plötzlich vor ihrem eigenen Vorgarten stehen. Kurze Zwischenfrage: Warum 
eigentlich nicht? Gibt es ein gottgegebenes Recht darauf, von den Zuständen der Welt unbehelligt zu bleiben? 
Wenn die CDU weiter so wenig gegen die Klimakrise tut, wie sie es in den vergangenen 16 Jahren tat (und wenn 
China, Indien oder die USA sich ähnlich ignorant verhalten), wird es der Normalzustand sein, dass Menschen vor 
der Hitze nach Europa flüchten.
Der Satz 2015 darf sich nicht wiederholen drückt also einerseits eine Zukunftsblindheit aus, die ihresgleichen 
sucht. Gleichzeitig ist er in den allermeisten Fällen eine populistische Übertreibung, denn Geschichte wiederholt 
sich niemals eins zu eins. Wie gesagt, Spahn nutzte eine ähnlich lautende Mahnung im CDU-Präsidium nach dem 
Brand im Flüchtlingslager Moria auf der griechischen Insel Lesbos, bei dem 13.000 Menschen ihre Unterkunft 
verloren. Damals ging es nur um einen Bruchteil der Anzahl Menschen, die 2015 aufgenommen wurden.
Doch das war Spahn egal, er wusste, was die Warnung bei vielen auslöst. Kein Anlass ist zu klein für das große 
Schreckgespenst ungebremster Zuwanderung. Ähnlich ist es nun bei Laschet und Afghanistan.
Im Moment geht es darum, Menschen, die durch die Taliban bedroht sind, auszufliegen zum Beispiel die 
HelferInnen der Bundeswehr vor Ort samt ihren Familien. Das stellt ja auch der CDU-Kanzlerkandidat auf Twitter 
fest. Deutschland müsse bereit sein, sofort besonders gefährdete Frauen Bürgermeisterinnen, Lehrerinnen und 
Aktivistinnen und ihre engsten Familienangehörigen vor dem Tod zu retten und aufzunehmen , fügt Laschet hinzu. 
Damit liegt er richtig.
Warum hat er danach die Warnung vor 2015 nicht einfach weggelassen? Wenn er sich selbst ernst nähme, wäre 
diese Übertreibung überflüssig. Es war auch die Angst vor dem Stammtisch, die die Große Koalition davon abhielt, 
die afghanischen HelferInnen rechtzeitig zu rettet. Zynisch könnte man sagen, dass Laschets Wahlkampfmove sehr 
gut dazu passt. Aber der Not der Menschen in Afghanistan wird das nicht gerecht.
2015 war keine Katastrophe für Deutschland, auch wenn die AfD bis heute gerne so tut"
2021-08,Main Corpus,2021-08(50).ZIP,Migrationsdruck wird zunehmen.PDF,C:\PythonProjects\AfD-project\Corpora\Main Corpus\2021-08\raw_unarchive\Migrationsdruck wird zunehmen.PDF,Migrationsdruck wird zunehmen,migrationsdruck wird zunehmen,Nordwest-Zeitung,nordwestzeitung,14. August 2021,,HINTERGRUND; S. 5,335,2319,0b96ed35d8b251b5f793ec12e76675115badacb9,,unique,keep,,no,,no,,,3397,no,,,,,"Die Taliban sind in Afghanistan weiter auf dem Vormarsch. Droht Europa eine neue Flüchtlingswelle? Und 
wann können die verbliebenen Ortskräfte nach Deutschland? Der Staatsminister im Auswärtigen 
Amt,Michael Roth (SPD), kündigt rasche Hilfe an.
FrageHerr Roth, die Frage der afghanischen Ortskräfte bewegt viele. Geht das Auswärtige Amt zu bürokratisch 
vor?
Roth Diesen Vorwurf weise ich zurück. Wir haben bereits 2400 Visa für ehemalige Ortskräfte erteilt. Davon sind 
bereits über 1800 nach Deutschland gekommen.
FrageNun erobern die Taliban Ort für Ort. Ist nicht auch Deutschland mit seinem Engagement in Afghanistan 
gescheitert?
Roth Wir sind nicht gescheitert, weil wir in den vergangenen Jahrzehnten durch unsere Präsenz auch viele Erfolge 
verzeichnen konnten. Insbesondere für Frauen und Mädchen, für den Zugang zur Bildung und zum 
Gesundheitswesen. Aber es zeigt sich, dass Aufbau und Sicherheit auch einen militärischen Schutz benötigen.
FrageAber dieser Schutz ist jetzt abgezogen. Braucht es einen neuen Afghanistan-Einsatz?
Roth Wir haben gemeinsam mit unseren Partnern entschieden, den Einsatz zu beenden. Ich darf mal daran 
erinnern: Wir haben nicht nur in den USA eine gewisse Müdigkeit hinsichtlich des Einsatzes gehabt, sondern auch 
in der EU und in Deutschland. Die Kritik an dem Einsatz wurde immer schärfer. Deswegen hat US-Präsident Joe 

Migrationsdruck wird zunehmen
Biden die Politik seines Vorgängers fortgeführt. Wahr ist aber auch: Der Rückzug hat zu einer besorgniserregenden 
Lage geführt. Die afghanischen Militär- und Sicherheitskräfte scheinen auf die aktuelle Situation nicht gut 
vorbereitet.
FrageÜben Sie Kritik an der Bundeswehr, die primär für die Ausbildung der Sicherheitskräfte zuständig gewesen 
ist?
Roth Das ist eine nüchterne Bilanzierung. Die afghanischen Sicherheitskräfte sind derzeit noch nicht in der Lage, 
ihr eigenes Volk gegen Terroristen zu verteidigen.
FrageRechnen Sie mit einer neuen Flüchtlingswelle in die EU?
Roth Die Zahl der Geflüchteten hat bereits dramatisch zugenommen. Es gibt derzeit 3,5 Millionen 
Binnenflüchtlinge, 400 000 allein in diesem Jahr. Der Druck wird auch auf die Türkei, Iran und Pakistan massiv 
steigen. Ich bin mir sicher, dass der Migrationsdruck auf die EU und Deutschland aber auch zunehmen wird.
PDF-Datei dieses Dokuments"
2021-08,Main Corpus,2021-08(50).ZIP,"Schuld sind immer die anderen Afghanistan gilt als unsicherstes Land der Welt, trotzdem schiebt Deut.PDF","C:\PythonProjects\AfD-project\Corpora\Main Corpus\2021-08\raw_unarchive\Schuld sind immer die anderen Afghanistan gilt als unsicherstes Land der Welt, trotzdem schiebt Deut.PDF","Schuld sind immer die anderen Afghanistan gilt als unsicherstes Land der Welt, trotzdem schiebt Deutschland",schuld sind immer die anderen afghanistan gilt als unsicherstes land der welt trotzdem schiebt deutschland,"taz, die tageszeitung",taz die tageszeitung,Dienstag 03. August 2021,Ulrich Schulte,SCHWERPUNKT; S. 3,1230,8957,4517c988fb06498df70978a074f19750416b282b,,unique,keep,,no,,no,,,10639,no,,,,,"Von Ulrich Schulte
Für Grünen-Chef Robert Habeck ist die Sache klar: Weil sich nach dem Abzug der ausländischen Streitkräfte die 
Sicherheitslage in Afghanistan dramatisch verschärft hat, fordert er einen Abschiebestopp. Die Bundesregierung 
müsse ihre Lageeinschätzung revidieren und Abschiebungen aussetzen, wie es in Schweden, Finnland oder 
Norwegen der Fall sei.
Doch die Grünen handeln nach dem Motto: In der Opposition das eine sagen, in der Regierung das andere tun. 
Nach einer taz-Umfrage wollen mehrere von Grünen mitregierte Bundesländer an der umstrittenen Praxis 
festhalten, Menschen in das von Krieg und Not gebeutelte Land abzuschieben. Ein Beispiel ist Thüringen, wo 
Linkspartei, SPD und Grüne in einer Koalition regieren.
Zuständig für Abschiebungen ist dort Migrationsminister Dirk Adams (Grüne). Die Sicherheitslage in Afghanistan ist 
nach wie vor volatil , sagte sein Sprecher am Montag der taz. Thüringen schiebe ausschließlich Gefährder und 
Straftäter nach Afghanistan ab. Im Jahr 2019 habe es in Thüringen zwei Abschiebungen nach Afghanistan 
gegeben, vier im Jahr 2020 und bisher zwei im Jahr 2021, sagte der Sprecher. Und: Es bleibt bei unserer 
Verfahrensweise. Eine bundeseinheitliche Abschiebestoppregelung sei aber zu begrüßen.
Die Haltung der Thüringer Landesregierung ist bemerkenswert. Nicht nur die Grünen positionieren sich im Bund 
strikt gegen Abschiebungen nach Afghanistan. Auch SPD und Linke argumentieren mit Verweis auf die humanitäre 
Lage ähnlich. Im Moment ist es eine verbreitete Praxis in Deutschland, dass Straftäter und Gefährder nach 
Afghanistan abgeschoben werden. Den Weg dafür hatte die Große Koalition 2016 freigemacht und dazu ein 
Rücknahmeabkommen mit Afghanistan geschlossen.

Schuld sind immer die anderen Afghanistan gilt als unsicherstes Land der Welt, trotzdem schiebt Deutschland 
Menschen dorthin ab. Auch grün regierte Bundesländer....
Über die Legitimität dieser Praxis wird nun wieder heftig diskutiert: Die Bundeswehr hat im Juni ihren fast 20 Jahre 
währenden Einsatz in Afghanistan beendet, auch die USA ziehen ihre Streitkräfte zügig aus dem Land ab. Parallel 
zu dem Abzug gingen die islamistischen Taliban in die Offensive und brachten mehrere Provinzen mit großer 
Brutalität unter ihre Kontrolle.
CDU-Chef Armin Laschet und Innenminister Horst Seehofer (CSU) wollen dennoch an den Abschiebungen 
festhalten, wohl wissend, wie das Thema an Stammtischen diskutiert wird. Seehofer argumentierte: Wie will man 
denn verantworten, dass Straftäter nicht mehr in ihr Heimatland zurückgeführt werden können? 
In der SPD sind manche heute mit der damals getroffenen GroKo-Entscheidung nicht mehr glücklich. Diese 
Überlegung ist voll auf der menschenfeindlichen Linie von Populisten , sagte SPD-Chef Norbert Walter-Borjans der 
Rheinischen Post mit Blick auf Seehofer. Auch ausländische Straftäter sind Menschen. Sie verdienen ihre Strafe, 
aber niemand hat das Recht, sie in den Tod zu schicken. Sollte das drohen, müssen Abschiebungen gestoppt 
werden. Damit spricht Walter-Borjans den Kern der Debatte an. Gelten für Straftäter dieselben Menschenrechte 
wie für andere oder nicht? Die deutsche Abschiebepraxis beantwortet diese Frage mit einem Jein.
Die NGO Pro Asyl argumentiert bei Afghanistan mit dem sogenannten Non-Refoulement-Prinzip, welches Teil der 
Genfer Flüchtlingskonvention ist. Es verbietet grundsätzlich die Ausweisung, wenn Menschen Folter oder schwere 
Menschenrechtsverletzungen drohen. Diese Regel gilt universell und für alle , sagte Wiebke Judith, 
rechtspolitische Referentin bei Pro Asyl. Sie kann nicht für manche Leute eingeschränkt werden, weil sie sich 
früher falsch verhalten haben. 
Die Grünen protestieren im Bund seit Jahren erbittert gegen die Abschiebungen und sehen nun eine neue 
Dringlichkeit. Die Zahl der zivilen Opfer hat nach dem Abzug der internationalen Truppen einen neuen 
erschreckenden Höchststand erreicht , sagte Luise Amtsberg, die Flüchtlingsexpertin der Bundestagsfraktion. 
Besonders Rückkehrer sind Gewalt und Verelendung schutzlos ausgeliefert , betonte sie. Unter diesen Umständen 
sind Abschiebungen nach Afghanistan schlicht menschenrechtswidrig. 
Das Problem ist nur: Das, was in Thüringen passiert, ist die Regel. Viele Bundesländer, in denen Grüne 
mitregieren, praktizieren genau das, wogegen die Partei offiziell kämpft. Sie schieben ab gegen den Willen der 
Bundespartei. Beispiel Baden-Württemberg. Die Landesregierung unter Ministerpräsident Winfried Kretschmann 
(Grüne) beteilige sich an Sammelabschiebungen nach Afghanistan, seitdem diese wieder möglich seien, sagte 
Seán McGinley vom Flüchtlingsrat Baden-Württemberg. Ich würde mir dringend wünschen, dass sich die grün 
geführte Landesregierung der Haltung der Bundesgrünen anschließt und die Abschiebungen stoppt. 
Aber das lehnte das zuständige Migrationsministerium unter Ministerin Marion Gentges (CDU) am Montag ab. Die 
Einschätzungen des Bundes seien mit Blick auf die Abschiebungen maßgeblich, sagte ein Ministeriumssprecher 
der taz. Soweit hiernach weiterhin Abschiebungen möglich sind, wird sich das Land Baden-Württemberg an 
Sammelabschiebungen des Bundes beteiligen und hierbei im Interesse der Sicherheit der Bürgerinnen und Bürger 
bei den Chartermaßnahmen Straftäter und Gefährder zur Rückführung einplanen. 
In Schleswig-Holstein regieren die Grünen zusammen mit CDU und FDP in einer Jamaika-Koalition. Auch hier 
werden immer wieder Menschen nach Afghanistan abgeschoben, und auch hier will man dabei bleiben. Im Jahr 
2021 seien bislang vier verurteilte Straftäter mit Charterflügen nach Afghanistan abgeschoben worden, sagte ein 
Sprecher des CDU-geführten Innenministeriums der taz. Abschiebungen sind als letzte verbleibende Maßnahme 
im Ausländerrecht immer von Gerichten überprüfbare Einzelfallentscheidungen, bei denen unter anderem die 
Sicherheitslage vor Ort sowie mittlerweile auch die Auswirkungen der Pandemie zu berücksichtigen sind. An dieser 
Praxis hält Schleswig-Holstein fest. 
Das heißt, die Länder delegieren die Verantwortung an den Bund. Das Auswärtige Amt erstellt regelmäßig 
Lageberichte zu Afghanistan. Der taz lag der aktuelle, 26 Seiten lange Bericht im Juli vor. Das Auswärtige Amt 
stellte darin an mehreren Stellen veraltete oder falsche Behauptungen auf, die die aktuelle Sicherheitslage in 
Afghanistan beschönigen. Grünen-Chef Habeck sah es auch so. Die Bundesregierung tue in dem Bericht, als wäre 
nichts geschehen .
Schuld sind immer die anderen Afghanistan gilt als unsicherstes Land der Welt, trotzdem schiebt Deutschland 
Menschen dorthin ab. Auch grün regierte Bundesländer....
Wäre das Thema nicht so ernst, gäbe es an dieser Stelle eine fast lustige Pointe. Denn die Bundesregierung erklärt 
die Länder für handlungsfähiger, als diese sich faktisch verhalten und schiebt die Verantwortung zurück. Es gelte 
weiterhin der Grundsatz, dass sich keine pauschalen Aussagen zur Gefährdung Einzelner in Afghanistan treffen 
lassen , schrieb das Bundesinnenministerium am 29. Juli in einer Antwort auf eine parlamentarische Anfrage der 
Grünen-Abgeordneten Margarete Bause. Es fügte hinzu: Es obliegt den zuständigen Behörden in den Ländern, im 
Einzelfall zu entscheiden, ob eine Rückführung unter Berücksichtigung des aktuellen Lageberichts nach geltendem 
Recht durchgeführt werden kann. 
Während manche Länder so tun, als könnten sie nicht anders, sagt das Bundesinnenministerium, dass sie sehr 
wohl könnten, wenn sie wollten. Auch Pro Asyl-Referentin Wiebke Judith sagt, dass die Länder auf eigene Faust 
handeln können. Sie hätten die Möglichkeit, einen für drei Monate befristeten Abschiebestopp zu verhängen , 
sagte sie. Jener könnte dann noch mal auf bis zu sechs Monate verlängert werden. Das hätte politische 
Signalwirkung für den Bund und würde den Menschen Sicherheit geben, die Angst vor Folter oder Tod haben. 
Viele grün regierte Bundesländer tun genau das, wogegen die Partei offiziell kämpft
abschiebestopp
Abschiebungen nach Afghanistan
Das Rücknahmeabkommen
Im Oktober 2016 schließt die Bundesregierung ein Rückübernahmeabkommen mit Afghanistan. Die afghanische 
Regierung erhält dafür 13 Millionen Euro. Seitdem führt das Bundesinnenministerium regelmäßig 
Sammelabschiebungen durch.
Laut Amnesty International wurden seit dem Rücknahmeabkommen 1.077 Menschen aus Deutschland nach 
Afghanistan abgeschoben (Stand Juli 2021).
Wer wird abgeschoben?
Auch Afghan:innen ohne Pass können abgeschoben werden. Darunter sind auch Menschen, die nie oder nur im 
Kleinkindalter in Afghanistan waren und das Land kaum kennen. Nur Straftäter und sogenannte Gefährder werden 
abgeschoben.
Wie unsicher ist Afghanistan?
Afghanistan wurde im Global Peace Index im Jahr 2020 zum zweiten Mal in Folge als unsicherstes Land der Welt 
geführt. Seit mehr als 40 Jahren befindet sich das Land im Krieg. In vielen Regionen ist die islamistische 
Terrorgruppe der Taliban derzeit besonders mächtig. (lefa)"
2021-08,Main Corpus,2021-08(50).ZIP,Schutzbedürftig Hunderttausende könnten Afghanistan verlassen - wie viele Flüchtende wird Deutschlan.PDF,C:\PythonProjects\AfD-project\Corpora\Main Corpus\2021-08\raw_unarchive\Schutzbedürftig Hunderttausende könnten Afghanistan verlassen - wie viele Flüchtende wird Deutschlan.PDF,Schutzbedürftig Hunderttausende könnten Afghanistan verlassen - wie viele Flüchtende wird Deutschland,schutzbedürftig hunderttausende könnten afghanistan verlassen  wie viele flüchtende wird deutschland,Der Tagesspiegel,der tagesspiegel,Dienstag 17. August 2021,Robert Birnbaum,POLITIK FQT:SPÄT; S. 004; Ausg. Der Tagesspiegel Nr. 24628 VOM 17.08.2021 SEITE 004,971,6770,2ab6619cf64ed75dffb8d222f209f99a38250266,,unique,keep,,no,,no,,,8257,no,,,,,"Berlin - Das Bundesinnenministerium zeigt sich zugeknöpft. ""Wir müssen sicherlich davon ausgehen, dass die 
Menschen sich in Bewegung setzen"", sagt eine Sprecherin von Horst Seehofer (CSU) am Montag in der 
Regierungspressekonferenz. Mit wie vielen Flüchtlingen aus Afghanistan zu rechnen sei, die den Taliban 
entkommen wollen, darüber will sie lieber nicht reden. Vor allem in den Unionsparteien ist die Sorge vor einer 
neuen Flüchtlingskrise groß. Nicht nur Kanzlerkandidat Armin Laschet betont vor, im und nach dem CDU-
Präsidium: ""2015 darf sich nicht wiederholen.""
Tatsächlich weckt der Fall Kabuls sofort Erinnerungen an den Bürgerkrieg in Syrien, der Hunderttausende in die 
Flucht trieb. Schon damals waren Afghanen die zweitgrößte Gruppe von Menschen, die in Europa Zuflucht suchte. 
Weltweit zählte das UN-Flüchtlingshilfswerk UNHCR Ende letzten Jahres 2,6 Millionen afghanische Flüchtlinge - 
allein 1,4 Millionen Menschen in Pakistan, weitere 780 000 im Iran. Mehr als drei Millionen Afghanen sind im 
eigenen Land vor Terror und Krieg geflüchtet.
Mit der Rückkehr der Taliban brechen vor allem für die Menschen die Perspektiven fort, die auf einen langsamen 
Weg ihres Landes in die Moderne gesetzt haben: Akademiker, Frauen, ganze Generationen westlich ausgebildeter 
junger Menschen. Wer in den letzten Jahren mit solchen Afghanen sprach, bekam zu hören: Wenn die Taliban 
zurückkehren, gehen wir.
Wie viele der 38 Millionen Afghanen sich in den nächsten Tagen, Wochen und Monaten auf den Weg machen 
werden, weiß niemand. Auf den alten Schmugglerrouten sind schon Tausende unterwegs. Manche Experten wie 
Joachim Krause, Direktor des Instituts für Sicherheitspolitik der Uni Kiel, raten der Politik, sich auf viel mehr 
einzustellen: ""Aus Afghanistan werden viele Menschen flüchten, ich vermute Hunderttausende, vielleicht sogar eine 
Million oder mehr.""
""Viele Menschen werden das Land verlassen"", sagt auch Angela Merkel im CDU-Präsidium voraus. Die CDU-
Spitze wollte sich eigentlich damit befassen, wie der Wahlkampf ihres Spitzenkandidaten in Schwung kommen 

Schutzbedürftig Hunderttausende könnten Afghanistan verlassen - wie viele Flüchtende wird Deutschland 
aufnehmen?
kann. Doch das Drama am Hindukusch überschattet alles. Und nebenher bekommt der Wahlkampf ein Thema 
zusätzlich.
Es ist ein alter Bekannter, und die Positionen sind es auch. Dass Deutschland seine Ortskräfte und ihre Familien 
retten und umstandslos hierher holen müsse, dafür plädiert sogar AfD-Cochef Jörg Meuthen. CDU-Mann Laschet 
will die Gruppe weiter ziehen. Der Kanzlerkandidat hat rasch einen Plan präsentiert, nach dem die Bundeswehr 
auch andere akut von den Gotteskriegern bedrohte Gruppen evakuieren sollte. Vor allem gelte das für Frauen, die 
sich für ein freies Afghanistan engagiert haben: ""Bürgermeisterinnen, Abgeordnete, Menschenrechtsaktivistinnen, 
Journalistinnen"", zählt er nach der Gremiensitzung auf.
Das entspricht wohl nicht ganz zufällig den Gruppen, die im Mandatsentwurf der Bundesregierung für den 
Rettungseinsatz genannt werden. Den hatte Merkel am Vorabend den Fraktionschefs im Bundestag vorgestellt. Sie 
nennt intern die Zahl von 10 000 Menschen - Helfern, Bedrohten und deren Angehörigen -, die die Bundeswehr 
holen soll. Die SPD-Spitze schließt sich dem Katalog später an.
Wie über die unmittelbare Evakuierung hinaus mit Flüchtlingen umzugehen sei, darüber herrscht schon weniger 
Einigkeit. Die Differenzen folgen den bekannten Linien. AfD-Spitzenkandidatin Alice Weidel fordert, das Asylrecht 
auszusetzen. Auf der anderen Seite des Spektrums hatte Grünen-Kanzlerkandidatin Annalena Baerbock schon am 
Wochenende darauf gedrungen, dass aufnahmewillige Staaten der EU gemeinsam mit den USA und Kanada 
Kontingente für die Aufnahme von Flüchtenden vereinbaren müssten.
Laschet widerspricht. Dabei ist er unverdächtig, in Flüchtlingsfragen ein Hardliner zu sein. Vor einem Jahr war er 
auf Lesbos, um sich die üblen Zustände im Lager Moria mit eigenen Augen anzusehen. Er war auch einer der 
wenigen CDU-Spitzenleute, die Merkels Kurs im Flüchtlingsstreit immer unterstützt hatten. Jetzt stützt sie im 
Präsidium ausdrücklich ihn.
Von Kontingenten für Flüchtlinge halten beide nichts. Deutschland sollte jetzt nicht das Signal aussenden, dass alle 
kommen sollten, sagt Laschet hinterher vor der Presse. Nötig sei Hilfe vor Ort in den Nachbarländern, in die die 
Flüchtlinge zuerst kämen. Und die Hilfe müsse ""diesmal rechtzeitig"" fließen, mahnt der CDU-Chef, ""nicht wie 2015"".
Tatsächlich war damals ein Auslöser für die Massenbewegung nach Europa, dass westliche Staaten dem 
Flüchtlingshilfswerk UNHCR die Mittel für die Versorgung der geflüchteten Syrer in den Lagern im Libanon sogar 
kürzte. Dort wurde damals selbst das Essen knapp. An Schulbildung für die Kinder war nicht mehr zu denken. Viele 
machten sich auf den Weg.
""Wir dürfen die Fehler von 2015 nicht wiederholen"", sagt Laschet. Deshalb müssten der Iran, auch der Irak und 
allen voran Pakistan von den Europäern Hilfen für die Versorgung von Afghanistan-Flüchtlingen bekommen. Man 
dürfe da ""keine Kosten scheuen""; er habe darüber auch schon mit EU-Kommissionschefin Ursula von der Leyen 
gesprochen. Noch gebe es alle Chancen, ein Szenario wie 2015 zu verhindern: ""Wir müssen alles daran setzen, 
dass es nicht zu einer ungeordneten Migration kommt.""
Ob in diesem Fall Geld reicht, ist freilich nicht sicher. Pakistan droht schon seit längerem, keine Afghanen mehr 
aufzunehmen; sogar ein Grenzzaun ist im Bau. Die Türkei als Zielland der Flüchtlinge, die über die Iran-Route 
kommen, aber nicht im Land der Mullahs bleiben wollen, ist jetzt schon das weltweite Flüchtlingsaufnahmeland 
Nummer Eins - gut vier Millionen Menschen, meist Syrer.
Der Migrationsexperte Gerald Knaus, geistiger Vater des EU-Türkei-Abkommens, sieht das Land an den Grenzen 
seiner Möglichkeiten. Knaus findet es darum richtig, den Erstaufnahmeländern zu helfen. Aber wenn es nach ihm 
ginge, würde Deutschland das eine - Hilfe vor Ort - tun und das andere nicht lassen.
Er erinnert an Vietnam. Nach dem Krieg habe es zwar lange gedauert. Aber zuletzt hätten die Invasionsstaaten 
USA und Frankreich ein Kontingentprogramm für die ""Boat People"", die Bootsflüchtlinge aufgelegt. Auch die 
Bundesrepublik nahm damals Vietnamesen auf. Das könne ein Vorbild sein im Umgang mit Afghanen, die vor den 
Taliban flüchten, sagt Knaus: ""Wir schulden denen etwas.""
Schutzbedürftig Hunderttausende könnten Afghanistan verlassen - wie viele Flüchtende wird Deutschland 
aufnehmen?
Graphic
 
Gestrandet an der Grenze. Unübersichtlich ist die Situation auch am pakistanischen Grenzposten Chaman. Viele 
Afghanen sind auf der Flucht vor den Taliban, andere aber wollen zurück in ihre Heimat. Foto: AFP R"
2021-08,Main Corpus,2021-08(50).ZIP,Schutzlos in Deutschland Die Bundesregierung kennt die desaströse Menschenrechte in China. Doch in D.PDF,C:\PythonProjects\AfD-project\Corpora\Main Corpus\2021-08\raw_unarchive\Schutzlos in Deutschland Die Bundesregierung kennt die desaströse Menschenrechte in China. Doch in D.PDF,Schutzlos in Deutschland Die Bundesregierung kennt die desaströse Menschenrechte in China. Doch in,schutzlos in deutschland die bundesregierung kennt die desaströse menschenrechte in china doch in,Welt am Sonntag,welt am sonntag,15. August 2021,Maximilian Kalkhof,Politik; S. 8; Ausg. 33,1111,7797,8552a773694e0e74d4c97a65c3b48db99a0bd7f6,,unique,keep,,no,,no,,,9446,no,,,,,"Im Auswärtigen Amt gibt man sich keinen Illusionen hin. ""Im Ergebnis"" biete die Lage der Menschenrechte in China 
ein negatives Bild, heißt es in einem aktuellen Lagebericht des Außenministeriums, der WELT AM SONNTAG 
vorliegt. Die chinesische Führung gehe kompromisslos gegen all jene vor, die als Bedrohung für die innere 
Stabilität und den Machterhalt der Kommunistischen Partei (KPCh) angesehen würden. Dazu gehörten etwa 
regierungskritische Schriftstellerinnen, Blogger, Bürgerrechtsaktivistinnen, Menschenrechtsanwälte und Mitglieder 
nicht anerkannter Religionsgemeinschaften.
Der Lagebericht heißt im Beamtendeutsch: ""Bericht über die asyl- und abschiebungsrelevante Lage in der 
Volksrepublik China"". Übersetzt heißt das: Die Analyse soll dem Bundesamt für Migration und Flüchtlinge (BAMF) 
und den Verwaltungsgerichten als Entscheidungshilfe in Asylverfahren dienen. Wenn die Menschenrechtslage in 
einem Land besonders schlecht ist, soll das den Behörden zu denken geben - und sie unter Umständen von 
Abschiebungen abhalten. Doch wer annimmt, dass Deutschland aufgrund der ""im Ergebnis negativen"" Situation in 
der Volksrepublik besonders wenige Chinesen in die Heimat abschiebt, liegt falsch.
Ein Beispiel dafür ist Liu Bing. Der chinesische Menschenrechtsaktivist floh 2019 nach Deutschland, um hier 
Sicherheit vor politischer Verfolgung zu finden. Doch sein Asylantrag wurde abgelehnt. Schon am 26. August soll er 
abgeschoben werden. Das geht aus Behördendokumenten vor, die WELT AM SONNTAG einsehen konnte. Die 
US-Menschenrechtsorganisation Chinese Human Rights Defenders (CHRD) warnt, dass Liu bei einer Abschiebung 
nach China Folter und Misshandlung drohten sowie ein unfaires Verfahren und ungerechtfertigte Inhaftierung. Die 
deutschen Behörden müssten die Abschiebung stoppen.

Schutzlos in Deutschland Die Bundesregierung kennt die desaströse Menschenrechte in China. Doch in 
Deutschland haben chinesische Menschenrechtsaktivisten kaum C....
Liu befindet sich in Abschiebehaft im nordrhein-westfälischen Büren. Er verbringe seine Tage derzeit vor dem 
Fernseher und im Fitnessraum der Haftanstalt, erzählt er am Telefon. Dafür, dass er sich in einer ziemlich 
beklemmenden Situation befindet, hört sich der junge Mann gefasst an.
Wo erinnern als Verbrechen gilt
Der 31-Jährige ist, so erzählt er es, 2019 nach Deutschland geflohen. In China habe er sich nicht mehr sicher 
gefühlt. Die chinesische Staatssicherheit habe ihm mehrfach bedeutet, er solle aufhören, sich für die 
Menschenrechte einzusetzen. Sonst werde das Konsequenzen haben. In seiner Heimat war Liu gleich in 
mehrfacher Hinsicht das, was der Lagebericht des Auswärtigen Amtes einen ""Bürgerrechtsaktivisten"" nennt: Er hat 
eine Nichtregierungsorganisation gegründet, er hat an Straßenprotesten in Südchina teilgenommen, und er hat an 
den 4. Juni 1989 erinnert, den Tag des Massakers auf dem Platz des Himmlischen Friedens.
Schon die öffentliche Erwähnung des Jahrestages ist in China ein Tabubruch. Die politische Führung übergeht das 
Datum, die von der KPCh kontrollierten Medien schweigen sich darüber aus. Peking bemüht sich, die Bluttat 
vergessen zu machen, indem sie die Erinnerung daran auslöscht. Liu tut das Gegenteil: Er will die Erinnerung 
lebendig halten. Fotos auf der Webseite von CHRD und in chinesischsprachigen Medien zeigen, wie er mit anderen 
Aktivisten Banner hochhält und fordert, den 4. Juni nicht zu vergessen. Aus Pekings Sicht hat er damit eine rote 
Linie überschritten.
Warum Lius Asylantrag 2019 nach einer Bearbeitungszeit von drei Monaten abgelehnt wurde, geht aus den 
Behördendokumenten nicht hervor. Auf Anfrage von WELT AM SONNTAG erklärt das BAMF, zu Einzelfällen könne 
man aus Datenschutzgründen keine Auskunft geben. Doch auch Liu kann nicht erklären, was da los ist. Er spricht 
kein Deutsch, er versteht das deutsche Asylrecht nicht. Er kennt den Grund der Ablehnung selbst nicht. Einen 
Anwalt hat Liu erst seit Kurzem.
Nachdem sein Asylantrag abgelehnt wurde, wurde Liu die Abschiebung nach China angedroht. Darauf stellte der 
junge Mann, wohl weil er es nicht besser wusste, keinen Antrag auf Aussetzung der Abschiebung. Damit galt er ab 
Februar 2020 als ausreisepflichtig. Wer auf Chinesisch mit Liu spricht, bekommt den Eindruck, dass er sich die 
Sache mit dem deutschen Asyl wohl ein bisschen leichter vorgestellt hat.
Was Lius Fall nicht zuträglich sein dürfte: Nachdem sein Asylantrag in Deutschland abgelehnt worden war, reiste er 
2020 nach Holland, um auch dort Asyl zu beantragen. Nach dem in der Europäischen Union geltenden Dublin-
System ist das nicht möglich. Demnach ist derjenige EU-Staat, den ein Flüchtling zuerst betritt, für den Asylantrag 
zuständig. Die Behördendokumente sprechen davon, dass Liu ""untergetaucht"" sei.
Nach Deutschland habe ihn, so erzählt es Liu am Telefon, der gute Ruf gezogen, den das Land in 
Menschenrechtsfragen habe. So habe die deutsche Regierung unter Kanzlerin Angela Merkel 2018 der Dichterin 
Liu Xia, der Witwe des Friedensnobelpreisträgers Liu Xiaobo, die Flucht nach Deutschland ermöglicht. Was der 
Aktivist Liu (der übrigens nicht mit Liu Xia verwandt ist) vielleicht nicht weiß: Prominente Fälle wie jener der 
Dichterin Liu lenken von eher ernüchternden Zahlen ab. Tatsächlich haben Chinesen in Deutschland nur eine 
geringe Chance auf Asyl.
Kaum einer darf bleiben
In den ersten sieben Monaten dieses Jahres wurden 215 von 255 Asylanträgen chinesischer Staatsbürger 
abgelehnt. Damit haben gerade einmal 15,7 Prozent der aus China geflohenen in Deutschland Asyl erhalten. Das 
geht aus Zahlen des BAMF hervor, die WELT AM SONNTAG vorliegen. Damit ist die Quote im Vergleich zum 
Vorjahr um mehr als zehn Prozent gesunken. 2020 wurden - allerdings im gesamten Jahr - noch fast 29 Prozent 
aller chinesischen Asylanträge anerkannt. Auch 2019 lag die Schutzquote mit rund 19 Prozent höher als bisher in 
diesem Jahr.
Eine Ausnahme gibt es allerdings: Wer zur chinesischen Volksgruppe der Uiguren gehört, hat aktuell gute Chancen 
auf Schutz. Dieses Jahr wurde jeder einzelne der insgesamt 22 Anträge von Uiguren anerkannt, eine Quote von 
Schutzlos in Deutschland Die Bundesregierung kennt die desaströse Menschenrechte in China. Doch in 
Deutschland haben chinesische Menschenrechtsaktivisten kaum C....
100 Prozent. Schon 2019, nachdem vermehrt Berichte über Internierungslager in der chinesischen Provinz Xinjiang 
aufgetaucht waren, stieg die Schutzquote für Uiguren auf etwa 96 Prozent.
Der Abschiebehäftling Liu versucht optimistisch zu bleiben. Auch wenn es für ihn gerade nicht besonders gut 
aussieht. ""Ich habe noch ein bisschen Hoffnung, hierbleiben zu dürfen"", sagt er. Aber bis zu seiner geplanten 
Abschiebung sind es nicht einmal mehr zwei Wochen. Und unter in Deutschland ansässigen 
Menschenrechtsorganisationen scheint sich sein Fall nur schleppend herumzusprechen. Anfragen von WELT AM 
SONNTAG bei Human Rights Watch und Pro Asyl blieben unbeantwortet. Amnesty International teilte mit, noch 
keine Informationen zu dem Fall zu haben.
Die Internationale Gesellschaft für Menschenrechte (IGFM) scheint die einzige deutsche 
Menschenrechtsorganisation zu sein, die in den Fall involviert ist. Er habe nicht den geringsten Zweifel, dass Liu ein 
politischer Flüchtling sei, sagt Manyan Ng, Vorstandsmitglied und China-Experte der IGFM. Der Aktivist habe bei 
seiner Ankunft in Deutschland nur rein gar nichts über das deutsche Asylrecht gewusst, sei in Anhörungen zu 
introvertiert gewesen und habe sich viel zu spät einen Anwalt genommen. ""Aber woher soll Liu Bing auch wissen, 
wie ein Rechtsstaat funktioniert"", sagt Ng. ""Er ist im sozialistischen China groß geworden.""
Original Gesamtseiten-PDF
Graphic
 
Liu Bing, hier in einem Internet-Video, sitzt in Büren in Abschiebehaft"
2021-08,Main Corpus,2021-08(50).ZIP,Senat verschweigt Zahlen zu Flüchtlingsheimen In Hamburger Unterkünften haben viele Geflüchtete vers.PDF,C:\PythonProjects\AfD-project\Corpora\Main Corpus\2021-08\raw_unarchive\Senat verschweigt Zahlen zu Flüchtlingsheimen In Hamburger Unterkünften haben viele Geflüchtete vers.PDF,"Senat verschweigt Zahlen zu Flüchtlingsheimen; In Hamburger Unterkünften haben viele Geflüchtete versucht,",senat verschweigt zahlen zu flüchtlingsheimen in hamburger unterkünften haben viele geflüchtete versucht,"taz, die tageszeitung",taz die tageszeitung,Dienstag 03. August 2021,Sarah Zaheer,NORD AKTUELL; S. 25,761,5562,7c6eb044589440e993460b6457a2810526b7cc76,,unique,keep,,no,,no,,,7048,no,,,,,"Von Sarah Zaheer
Mindestens 56-mal wurde im letzten Jahr die Polizei wegen eines Suizidversuchs in eine Hamburger Unterkunft für 
Geflüchtete gerufen. Dies geht aus einer Anfrage der Linksfraktion an den Hamburger Senat hervor. Dennoch 
spricht der Senat von nur sieben Fällen, die als Suizidversuch oder selbstverletzendes Verhalten gewertet werden 
können.
Regelmäßig fragt die flüchtlingspolitische Sprecherin der Linken Carola Ensslen den Senat, wie viele Menschen in 
der öffentlichen Unterbringung für Geflüchtete Suizidversuche oder Suizide unternommen haben. Doch seit letztem 
Jahr verweist der Senat auf die Datenschutzgrundverordnung. Informationen über Suizide und Suizidversuche 
seien besonders geschützte Gesundheitsdaten , weshalb keine detaillierten Angaben gemacht werden könnten.
Im Juli fragte Ensslen daraufhin alle Einsätze der Polizei und Feuerwehr in den Flüchtlingsheimen ab. Der Senat 
antwortete mit einer Liste der Einsätze im Jahr 2020 in der Zentralen Erstaufnahmestelle in Rahlstedt, weiteren 
dezentralen Erstaufnahmen und einigen Folgeunterkünften. Nicht alle Unterkünfte sind darin erfasst. In Summe 
finden sich dort 56 Einsätze wegen eines Selbsttötungsversuches .
Diese Zahl taucht allerdings nicht in der Antwort des Senats auf. Stattdessen heißt es dort, dass es in dem 
Ankunftszentrum und in den Erstaufnahmen sieben Vorfälle gegeben habe, die als Suizidversuch oder 
selbstverletzendes Verhalten gewertet werden . Außerdem habe es zehn Suizidandrohungen gegeben.

Senat verschweigt Zahlen zu Flüchtlingsheimen; In Hamburger Unterkünften haben viele Geflüchtete versucht, 
sich das Leben zu nehmen. Das legen die Antworten auf....
 Ich konnte mir diesen Widerspruch nicht erklären , sagt die Abgeordnete Ensslen. Sie stellte daher eine Nachfrage, 
die nun vom Senat beantwortet wurde und der taz vorliegt. Hier heißt es, dass das Leitsystem von Polizei und 
Feuerwehr, das die Einsätze dokumentiert, nicht aussagekräftig genug sei. Es sei kein System, das für statistische 
Auswertungen geeignet ist . Mögliche Suizide und Suizidversuche würden daher von Fördern und Wohnen, der 
Betreiberin der Heime, und dem Amt für Migration, das bei der Innenbehörde angesiedelt und für die Koordination 
der Erstaufnahmen zuständig ist, bewertet. Da zu diesem Zeitpunkt mehr Informationen vorliegen, als bei Anruf in 
der Einsatzleitstelle, kann das Geschehen besser bewertet und eingeordnet werden , heißt es in der Antwort.
Dies bedeutet, dass das Sozialmanagement in den Unterkünften die Vorfälle unabhängig von Polizei und 
Feuerwehr auswertet und das Ergebnis der Sozial- und der Innenbehörde mitteilt. So kann sich der Senat die Lage 
zurecht schustern, wie er gerade will , kritisiert Ensslen.
Sie findet, dass eine um das circa Achtfache höhere Zahl im Einsatzleitsystem der Polizei nicht mit fehlerhaften 
Meldungen zu erklären sei. Dies könne dazu führen, dass die Prävention von Suiziden vernachlässigt werde. Der 
Senat muss mit offenen Karten spielen , sagt sie und fordert ein Präventionsprogramm und mehr Sozialarbeit in 
den Unterkünften.
Die Sozialbehörde teilte nur mit, dass allen Bewohner:innen interne und externe Hilfsangebote zur Verfügung 
stünden, sodass präventive Maßnahmen im Vorfeld eines Suizides getroffen werden können . Mitarbeiter:innen 
unterstützten eine Vermittlung an entsprechende Stellen.
Im Vergleich zu den vergangenen Jahren dürfte ein Wert von 56 Selbsttötungsversuchen in 2020 eine Zunahme 
bedeuten. Ob die Pandemie damit zusammenhängt, kann nur spekuliert werden , sagt Ensslen dazu. Umso 
wichtiger sei es, dass der Senat sich damit befasse. Anfragen der Linksfraktion zufolge wurden von April 2014 bis 
Ende 2017 insgesamt 69 Suizidversuche und zwei Suizide begangen. 2018 habe der Senat 34 Suizidversuche 
angegeben, 2019 seien es 30 gewesen.
In Deutschland werden nach Schätzungen etwa 10.000 Suizidversuche jährlich begangen. Die Organisation 
Antirassistische Initiative dokumentiert Suizide und Suizidversuche von Geflüchteten in Deutschland. Nach ihren 
Zählungen sind von 2016 bis einschließlich 2020 jeden Monat durchschnittlich zwei bis drei Geflüchtete durch 
Suizid ums Leben gekommen insgesamt 159 Menschen. 2.466 Personen hätten Suizidversuche oder 
Selbstverletzungen unternommen. Die Dunkelziffer sei hoch.
Nach Angaben der Deutschen Gesellschaft für Psychiatrie und Psychotherapie, Psychosomatik und 
Nervenheilkunde wird bei Geflüchteten zehnmal so häufig eine Posttraumatische Belastungsstörung diagnostiziert 
wie bei der übrigen Bevölkerung. Sie erleben in ihrem Heimatland und auf der Flucht häufig Schreckliches, doch 
auch ein langes Asylverfahren könne die Wahrscheinlichkeit für eine psychische Störung erhöhen. Im Vergleich zur 
Allgemeinbevölkerung begingen Geflüchtete auch mehr Suizidversuche.
2018 wurde der Fall des Afghanen Jamal Nasser M. bekannt, der sich nach seiner Abschiebung nach Afghanistan 
das Leben nahm. Er war einer der Asylbewerber:innen, die an Horst Seehofers Geburtstag abgeschoben wurden. 
Über diese hohe Zahl hatte sich der Innenminister zuvor gefreut. Verantwortlich für die Abschiebung von Jamal 
Nasser M. waren die Behörden in Hamburg, wo der Afghane seinen Asylantrag gestellt und gelebt hatte.
Wenn Sie Suizidgedanken haben, sprechen Sie darüber mit jemandem. Sie können sich rund um die Uhr an die 
Telefonseelsorge wenden (0800/111 0 111, www.telefonseelsorge.de)
Die Abgeordnete Ensslen findet, dass eine um das circa Achtfache höhere Zahl im Einsatzleitsystem der Polizei 
nicht mit fehlerhaften Meldungen zu erklären ist"
2021-08,Main Corpus,2021-08(50).ZIP,Signal der Härte Abschiebungen nach Afghanistan sollen weiter möglich sein - das fordern Deutschland.PDF,C:\PythonProjects\AfD-project\Corpora\Main Corpus\2021-08\raw_unarchive\Signal der Härte Abschiebungen nach Afghanistan sollen weiter möglich sein - das fordern Deutschland.PDF,Signal der Härte Abschiebungen nach Afghanistan sollen weiter möglich sein - das fordern Deutschland und,signal der härte abschiebungen nach afghanistan sollen weiter möglich sein  das fordern deutschland und,Der Tagesspiegel,der tagesspiegel,Mittwoch 11. August 2021,Albrecht Meier,POLITIK FQT:SPÄT; S. 005; Ausg. Der Tagesspiegel Nr. 24622 VOM 11.08.2021 SEITE 005,724,5379,8e20e28ecf13fdc2a524727d5b2aa1772aa21223,,unique,keep,,no,,no,,,7023,no,,,,,"Berlin - Trotz des Vormarschs der radikal-islamistischen Taliban bestehen mehrere EU-Länder - darunter auch 
Deutschland - auf einer grundsätzlichen Beibehaltung von Abschiebungen nach Afghanistan. Bundesinnenminister 
Horst Seehofer (CSU) und sein österreichischer Kollege Karl Nehammer gehören zu den sechs Unterzeichnern 
eines Briefes an die EU-Kommission, in dem vor einem Anstieg der Zahl der Flüchtlinge aus Afghanistan gewarnt 
wird.
Eine Beendigung der Abschiebungen ""sendet das falsche Signal und wird wahrscheinlich sogar noch mehr 
afghanische Bürger dazu bringen, sich von ihrer Heimat in die EU aufzumachen"", heißt es in dem Brief an EU-
Kommissionsvizechef Margaritis Schinas und Innenkommissarin Ylva Johansson. Neben Deutschland und 
Österreich haben sich auch Dänemark, die Niederlande, Belgien und Griechenland dem Appell angeschlossen.
In dem Schreiben beziehen sich die Vertreter der sechs Staaten auf eine Verbalnote der afghanischen Regierung 
von Anfang Juli, in der aufgrund der verschlechterten Sicherheitslage ein Moratorium für Abschiebungen während 
der Dauer von drei Monaten verlangt wurde. Die sechs EU-Staaten forderten die EU-Kommission auf, mit den 
Partnern in Afghanistan einen ""intensiven Dialog"" über sämtliche Migrationsfragen, mitsamt der Frage der 
Abschiebungen, zu führen.
Der für Migration zuständige belgische Staatssekretär Sammy Mahdi twitterte, dass nicht automatisch alle 
Flüchtlinge eines Landes schutzbedürftig seien, weil dort in einigen Regionen Gefahr drohe. Auch Mattias Tesfaye, 
der als niederländischer Minister für Integration den Appell ebenfalls unterzeichnet hatte, begrüßte die Initiative im 
Nachhinein.
Ein Sprecher der EU-Kommission wies am Dienstag darauf hin, dass die Entscheidung über mögliche 
Abschiebungen bei den Mitgliedstaaten liege. Finnland und Schweden hatten die Rückführung abgelehnter 
Asylbewerber ausgesetzt, während Staaten wie Deutschland, Österreich und Dänemark daran im Grundsatz 
festhalten wollen. In Deutschland war zuletzt Anfang August ein Abschiebeflug wegen eines Bombenanschlags der 
Taliban in Kabul abgesagt worden.

Signal der Härte Abschiebungen nach Afghanistan sollen weiter möglich sein - das fordern Deutschland und 
fünf weitere EU-Staaten
Luxemburgs Außenminister Jean Asselborn kritisierte den Appell der sechs EU-Staaten an die EU-Kommission. 
""Da kann ich nur den Kopf schütteln"", sagte er dem Tagesspiegel. ""Es gibt keine Garantie dafür, dass die 
Betroffenen nicht in die Hände der Taliban fallen"", sagte er zur Begründung. Eine Diskussion über mögliche 
Abschiebungen sei zum gegenwärtigen Zeitpunkt angesichts der angespannten Sicherheitslage in Afghanistan 
verfehlt. Statt dessen müsse es jetzt vorrangig darum gehen, Ortskräften, die unter anderem die EU und die 
Vereinten Nationen unterstützt hatten, in der EU Zuflucht zu gewähren, sagte Asselborn weiter.
Auch der Grünen-Außenpolitiker Omid Nouripour wandte sich gegen die Initiative der sechs EU-Staaten. ""Die 
Taliban überrennen gerade das Land, es gibt täglich Anschläge auf zivile Einrichtungen"", gab er zu bedenken. ""Da 
ist der Druck aus Europa auf die afghanische Regierung nicht nur weltfremd, sondern schlicht destruktiv"", so 
Nouripour.
Zahlreiche zivilgesellschaftliche Organisationen forderten die Bundesregierung unterdessen auf, Abschiebungen 
nach Afghanistan auszusetzen. ""Auch Deutschland darf die Augen vor der sich immer weiter verschlechternden 
Lage in Afghanistan nicht verschließen und muss alle Abschiebungen einstellen"", heißt es in einer gemeinsamen 
Erklärung, die unter anderem von Pro Asyl, der Caritas und der Arbeiterwohlfahrt unterzeichnet wurde.
Die Organisationen erinnern in ihrem Appell an eine Eilentscheidung des Europäischen Gerichtshofs für 
Menschenrechte von Anfang August, in der eine Abschiebung aus Österreich nach Kabul mit Verweis auf die 
dortige Sicherheitslage gestoppt wurde. Die Abschiebung sollte ursprünglich gemeinsam mit Deutschland 
stattfinden.
Das Bundesinnenministerium stellte sich allerdings anschließend auf den Standpunkt, dass es sich bei der 
Entscheidung des Menschenrechtsgerichtshof um einen Einzelfall handele. Derzeit wird der so genannte 
Lagebericht des Auswärtigen Amtes überarbeitet, der die Sicherheitslage in dem Land beschreibt und damit die 
Grundlage für mögliche Abschiebungen bildet. Kritiker werfen der Bundesregierung vor, in dem Lagebericht bislang 
noch nicht auf die gegenwärtige Offensive der Taliban eingegangen zu sein.
Die Lage in Afghanistan dürfte auch bei einer Videokonferenz der EU-Innenminister am 18. August zum Thema 
werden. Die Konferenz war ursprünglich einberufen worden, nachdem der belarussische Präsident Alexander 
Lukaschenko Flüchtlinge aus dem Irak und weiteren Ländern nach Litauen weitergeschickt hatte. Mit Blick auf 
Afghanistan forderten Seehofer und seine Amtskollegen in dem Brief an die Kommission, es müsse das 
gemeinsame Ziel der EU-Staaten sein, dass eine Versorgung von Flüchtlingen aus Afghanistan in den 
Nachbarländern in der Region gewährleistet werde. Zu diesem Zweck solle die Zusammenarbeit mit Afghanistan 
und mit Nachbarstaaten wie Pakistan und Iran bei der Kontrolle von Migration und dem Grenzschutz verstärkt 
werden.
Graphic
 
Auf der Flucht. Die Taliban haben Kandahar überrannt. Diesen Familien ist es gelungen, bis nach Kabul 
durchzukommen. Foto: Wakil Kohsar/AFP R"
2021-08,Main Corpus,2021-08(50).ZIP,Stadt will Flüchtlinge aus Afghanistan aufnehmen.PDF,C:\PythonProjects\AfD-project\Corpora\Main Corpus\2021-08\raw_unarchive\Stadt will Flüchtlinge aus Afghanistan aufnehmen.PDF,Stadt will Flüchtlinge aus Afghanistan aufnehmen,stadt will flüchtlinge aus afghanistan aufnehmen,Rheinische Post,rheinische post,Freitag 20. August 2021,Gabi Peters,S. 23,284,2068,25e9ccc5a2ae3b9761db91642db28116dede48a3,,unique,keep,,no,,no,,,2789,no,,,,,"Gabi Peters
Mönchengladbach Am Flughafen von Kabul spielten sich auch am Donnerstag weiter chaotische Szenen ab. 
Taliban-Kämpfer gaben Warnschüsse ab, um die Menschenmenge zurückzudrängen, die auf das 
Flughafengelände wollte. Seit der Machtübernahme der militant-islamistischen Taliban versuchen viele Menschen, 
von Afghanistan ins Ausland zu fliehen. Wie mit ihnen umgegangen werden soll, ob sie in Deutschland Asyl finden, 
darüber wird gestritten.
Mönchengladbach wäre bereit, Flüchtlinge aus dem Krisengebiet aufzunehmen. „Die Bilder aus Afghanistan sind 
erschreckend. Wir sind gefordert, denen, die in Angst vor Verfolgung und Gewalt das Land fluchtartig verlassen, 
hier einen sicheren Platz zu bieten. Mönchengladbach ist im Bündnis Sichere Häfen. Das ist eine humanitäre 
Verpflichtung, die wir ernst nehmen. Wir sind bereit, Menschen aufzunehmen und hoffen, dass Bund und Land eine 
schnelle Regelung finden“, sagt Oberbürgermeister Felix Heinrichs.
In den städtischen Unterkünften sind zurzeit rund 350 Flüchtlinge aus aller Welt untergebracht. „Wir wären in der 
Lage, bis zu 90 Personen aus Afghanistan aufzunehmen. Für sie stehen menschenwürdige Wohnungen bereit“, 
sagte Stadtsprecher Wolfgang Speen.
Allerdings: Auch angesichts der Not der Flüchtlinge werde man die Corona-Bedingungen nicht außer Acht lassen. 
Speen: „Das ist uns ganz wichtig. Wir hatten bisher keinen Hotspot in Übergangswohnheimen, und auch in Zukunft 
soll dort kein Ausbruchsherd entstehen.“ Das heißt: Mehrere Einzelpersonen könnten nicht auf engem Raum 
untergebracht werden, Familien schon eher. Das bedeutet wiederum, dass für Familienmitglieder mehr Plätze zur 
Verfügung stehen. Kämen nur Einzelpersonen, könnten weniger als 90 Menschen aufgenommen werden.
Nach dem Taliban-Aufstand in Afghanistan im Jahr 2015 wurden Mönchengladbach fast 1600 Flüchtlinge 
zugewiesen. In Jahr später lag der Zahl der Asylbewerber in der Stadt bei rund 3200. Danach wurden es immer 
weniger.

Stadt will Flüchtlinge aus Afghanistan aufnehmen
Derzeit leben 902 Afghanen in Mönchengladbach."
2021-08,Main Corpus,2021-08(50).ZIP,"Streit um Abschiebung Im Prinzip ja, zurzeit nein Von Malte Lehming.PDF","C:\PythonProjects\AfD-project\Corpora\Main Corpus\2021-08\raw_unarchive\Streit um Abschiebung Im Prinzip ja, zurzeit nein Von Malte Lehming.PDF","Streit um Abschiebung Im Prinzip ja, zurzeit nein Von Malte Lehming",streit um abschiebung im prinzip ja zurzeit nein von malte lehming,Der Tagesspiegel,der tagesspiegel,Donnerstag 5. August 2021,,TITEL FQT:SPÄT; S. 001; Ausg. Der Tagesspiegel Nr. 24616 VOM 05.08.2021 SEITE 001,530,3896,89e48878765f4ea771809bdc1412aa3b5c02130b,,unique,keep,,no,,no,,,5424,no,,,,,"Das Grundgesetz garantiert das Recht auf Leben und körperliche Unversehrtheit. Es steht nicht nur deutschen 
Staatsangehörigen zu, sondern ist ein Menschenrecht, das bedingungslos gilt. Der Staat ist verpflichtet, alle 
Bewohner seines Territoriums vor jeder Art von Verletzung dieses Menschenrechts zu schützen. Das wird in jenen 
Staaten anders gesehen, in denen die Todesstrafe gilt. In Deutschland ist sie abgeschafft.
Sollen Menschen, die in Deutschland schwere Straftaten begangen haben oder als islamistische Gefährder 
eingestuft sind, nach Afghanistan abgeschoben werden? Über diese Frage ist heftiger Streit entbrannt. 
Innenminister Horst Seehofer und der Kanzlerkandidat der Union, Armin Laschet, befürworten weitere 
Abschiebungen. Grüne, Linke und Teile der SPD sind dagegen. SPD-Chef Norbert Walter-Borjans meint, niemand 
habe das Recht, ausländische Straftäter in den Tod zu schicken. Berlins SPD-Spitzenkandidatin Franziska Giffey 
wertet ""den Schutz der in Deutschland lebenden Bevölkerung"" höher als den eines Menschen, ""der die Rechte 
anderer mit Füßen tritt"".
Es ist kein Zufall, dass diese Debatte gerade jetzt wieder aufflammt. Nach dem Abzug der meisten Nato-Truppen 
aus Afghanistan haben die Taliban weite Teile des Landes erobert, viele Menschen fliehen vor den erbittert 
geführten Kämpfen. Mittlerweile gibt es knapp 2,9 Millionen Binnenvertriebene, in den Nachbarländern Pakistan 
und Iran leben zusammen 2,2 Millionen Flüchtlinge. Die Situation ist hochgradig volatil.
Die Regierung in Kabul hat die EU gebeten, alle Abschiebungen für drei Monate auszusetzen. Finnland, Schweden 
und Norwegen sind dieser Bitte bereits nachgekommen. Der Europäische Gerichtshof für Menschenrechte hat die 
geplante Abschiebung eines abgelehnten Asylbewerbers aus Österreich durch eine einstweilige Verfügung jetzt 
gestoppt. Wegen der Sicherheitslage wäre eine solche Abschiebung ein Verstoß gegen die Europäische 
Menschenrechtskonvention, heißt es. Ein ursprünglich für Dienstagabend geplanter Abschiebeflug von München 
nach Kabul wurde von deutscher Seite kurzfristig abgesagt.
Flüchtlinge aus Afghanistan, die in Deutschland morden oder vergewaltigen, müssen hart bestraft werden. Auch 
muss es grundsätzlich möglich sein, sie abzuschieben. Dasselbe gilt für islamistische Gefährder. Wenn ihnen aber 
in ihren Heimatländern mit großer Wahrscheinlichkeit Folter und Tod drohen, dürfen solche Abschiebungen nicht 
vollzogen werden. Die maßgebliche Grundlage für solche Entscheidungen sind die Lageberichte des Auswärtigen 
Amtes. Doch die Lage vor Ort verändert sich ständig. Noch am Morgen kann eine Region als relativ sicher 
eingeschätzt werden, in der schon am Abend Gefechte ausgetragen werden.

Streit um Abschiebung Im Prinzip ja, zurzeit nein Von Malte Lehming
Sollen Menschen, die in Deutschland schwere Straftaten begangen haben, nach Afghanistan abgeschoben 
werden? Die Antwort kann nur lauten: im Prinzip ja, zurzeit nein. Deutschland hat mit seiner Beteiligung an der 20-
jährigen Besatzung des Landes eine besondere Verantwortung für dessen Schicksal übernommen. Es gibt ein 
Aufnahmeprogramm für afghanische Ortskräfte, die für die Bundeswehr gearbeitet haben und nun die Rache der 
Taliban fürchten. Wenn aktuell die Regierung in Kabul die EU darum bittet, alle Abschiebungen für drei Monate 
auszusetzen, sollte die Bundesrepublik nicht auf stur schalten.
Das Versprechen, das dem afghanischen Volk vor knapp zwanzig Jahren gegeben worden war - der Westen werde 
die Demokratie einführen, Frauenrechte etablieren, Justiz, Verwaltung und Infrastruktur aufbauen -, wurde 
gebrochen. Wer nun gegen den Willen der Regierung in Kabul und gegen das Votum des Europäischen 
Gerichtshofes für Menschenrechte an Abschiebungen festhält, setzt sich dem Verdacht aus, sowohl die Gebote der 
Moral zu ignorieren als auch die Sicherheitsinteressen Afghanistans.
Graphic
 
R"
2021-08,Main Corpus,2021-08(50).ZIP,Unerträgliche Bigotterie Innenminister Seehofer stoppt vorerst Abschiebungen nach Afghanistan . Endl.PDF,C:\PythonProjects\AfD-project\Corpora\Main Corpus\2021-08\raw_unarchive\Unerträgliche Bigotterie Innenminister Seehofer stoppt vorerst Abschiebungen nach Afghanistan . Endl.PDF,Unerträgliche Bigotterie; Innenminister Seehofer stoppt vorerst Abschiebungen nach Afghanistan. Endlich zu,unerträgliche bigotterie innenminister seehofer stoppt vorerst abschiebungen nach afghanistan endlich zu,"taz, die tageszeitung",taz die tageszeitung,Donnerstag 12. August 2021,Ulrich Schulte,MEINUNG UND DISKUSSION; S. 12,827,6079,f758ed6895b3f9e675ad56b49bc516d1efb4fac6,,unique,keep,,no,,no,,,7615,yes,commentary_noncore,,,,"debatte
Gut, dass sich Innenminister Horst Seehofer (CSU) korrigiert und Abschiebungen nach Afghanistan vorerst stoppt. 
Diese Entscheidung ist richtig, sie war überfällig und sie kommt viel zu spät. Die deutsche Abschiebepraxis der 
vergangenen Jahre hat gezeigt, wie dünn der Firnis der Zivilisation ist, wenn es um Menschen geht, die keiner will. 
Mit Seehofers Kurskorrektur endet fürs Erste eine Bigotterie, die schwer erträglich war.
 Nichts ist gut in Afghanistan , sagte Margot Käßmann 2010 in einer Neujahrspredigt. Ihr Satz gilt heute umso mehr: 
Afghanistan versinkt im Chaos. Nach dem Rückzug der Nato-Truppen sind die radikal-islamistischen Taliban auf 
dem Vormarsch. Selbst Kundus, wo bis vor Kurzem deutsche SoldatInnen afghanische Sicherheitskräfte 
ausbildeten, ist inzwischen in der Hand der Islamisten.
Die Zustände für Rückkehrer sind lebensgefährlich. Die Bundesregierung hat dies monatelang nicht zur Kenntnis 
genommen. Viel zu lange stützte sie sich auf einen veralteten Lagebericht des Auswärtigen Amts, wonach es 
starke regionale Unterschiede bei der Sicherheitslage und hinreichend sichere Gebiete für Abschiebungen gebe. 
Diese Beschreibung spottete der Realität. Die Bundesregierung ignorierte die Warnungen der 
Menschenrechtsorganisationen, das Flehen der afghanischen Regierung und die Kurswechsel anderer Länder wie 
Norwegen, Schweden oder Finnland.
Die deutsche Abschiebepraxis wurde in Echtzeit widerlegt, jeder konnte es im Fernsehen sehen. Die Direktorin der 
Friedrich-Ebert-Stiftung in Afghanistan, Magdalena Kirchner, formulierte es in der Zeit neulich so: Kabul ist eine 
Stadt, wo man für ein Handy erschossen werden kann. 

Unerträgliche Bigotterie; Innenminister Seehofer stoppt vorerst Abschiebungen nach Afghanistan. Endlich zu 
lange hat Deutschland aus Angst Völkerrecht ignorie....
Auch, dass das Innenministerium davon spricht, Abschiebungen zunächst auszusetzen, ist vielsagend. Offenbar 
geht es hier nicht um eine grundsätzliche Kurskorrektur. Afghanistan ist der beste Beweis dafür, wie 
widersprüchlich die deutsche Flüchtlingspolitik ist und wie schwer sich falsche Entscheidungen korrigieren lassen.
Ein wichtiges Motiv für das lange Zögern der Bundesregierung war die Angst vor dem Stammtisch und der Bild-
Zeitung. Innenminister Horst Seehofer (CSU) und Außenminister Heiko Maas (SPD) fürchteten, sich angreifbar zu 
machen: Es traf ja Leute, die allen unsympathisch sind Straftäter, Gefährder oder Menschen, von denen vermutet 
wird, dass sie ihre Identität verschleiern.
Verbrecher raus aus Deutschland, da traute sich kaum ein Politiker zu widersprechen. Seehofer fragte erst vor 
Kurzem: Wie man denn verantworten wolle, dass Straftäter nicht mehr in ihr Heimatland zurückgeführt werden 
könnten? Dieses brutale und populistische Argument begründete die Linie der Großen Koalition, seitdem sie im 
Oktober 2016 ein Rücknahmeabkommen mit der afghanischen Regierung vereinbarte. Wen störte, dass damit 
faktisch eine Doppelbestrafung etabliert wurde? Die Straftäter hatten ihre Strafe nach deutschem Recht oft schon 
verbüßt, bevor sie abgeschoben wurden.
Auch das angeblich verwirkte Gastrecht, das von Konservativen wie Armin Laschet gern ins Feld geführt wird, ist 
imaginiert. Ein Gastrecht existiert in der deutschen Rechtsprechung nicht. Was aber sehr wohl existiert, ist das 
sogenannte Non-Refoulement-Gebot. Dieser völkerrechtliche Grundsatz ist Teil der Genfer Flüchtlingskonvention 
und verbietet Abschiebungen, wenn im Zielland Folter, unmenschliche Behandlung oder 
Menschenrechtsverletzungen drohen.
In Afghanistan ist das, nach allem was man weiß, nicht erst seit gestern der Fall. So richtig also Seehofers 
Einlenken ist: Die Bundesregierung muss sich den Vorwurf gefallen lassen, das Völkerrecht ignoriert und ein 
perfides Zweiklassenrecht etabliert zu haben: Für die einen galten die Menschenrechte, die ja universell sind aber 
für die anderen nicht.
Menschen in lebensgefährliche Situationen zu schicken, war auch vor Seehofers Entscheidung mit nichts zu 
rechtfertigen, auch wenn es um wenige Fälle ging (in diesem Jahr wurden 167 Menschen rückgeführt), auch wenn 
diese Menschen teils schlimme Straftaten begangen hatten. Um es stammtischtauglich zu formulieren: Arschlöcher 
verlieren ihre Menschlichkeit nicht durch ihr Arschlochsein. Seehofer und Laschet, die stolz auf das C im 
Parteinamen sind, könnten dieses Prinzip in der Bibel nachlesen. Die Stärke eines Rechtsstaats zeigt sich gerade 
darin, wie er mit den Schwachen, Hilflosen, und, ja, auch den Schuldigen umgeht. Er hat in den vergangenen 
Jahren ein zweifelhaftes Bild abgegeben.
Grüne und Linke loben nun Seehofers Kurskorrektur und gleichzeitig sich selbst. Schließlich hatten sie den 
Abschiebestopp lautstark gefordert. Grünen-Chef Robert Habeck hatte das Auswärtige Amt öffentlich aufgefordert, 
seinen Lagebericht zu Afghanistan zu revidieren. Der SPD-Vorsitzende Norbert Walter-Borjans hatte eine Haltung 
kritisiert, die voll auf der menschenfeindlichen Linie von Populisten sei. Ähnlich hatte die Linke argumentiert.
Aber von den hohen Zielen blieb in der Praxis nicht viel übrig, wenn sie selbst regieren. Weder SPD-
MinisterpräsidentInnen noch grüne oder linke Regierungsleute setzten in den Bundesländern befristete 
Abschiebestopps durch, obwohl dies laut Aufenthaltsgesetz möglich gewesen wäre. Stattdessen zeigten sie lieber 
auf den Bund. Selbst Thüringen, wo ein Mitte-links-Bündnis regiert, oder das grün-schwarz regierte Baden-
Württemberg schoben munter nach Afghanistan ab. Bodo Ramelow und Winfried Kretschmann ist bewusst, dass 
man mit dem Thema keinen Cent gewinnt.
Es ist gut, dass die Abschiebungen nach Afghanistan vorerst enden. Aber dass sie jahrelang möglich waren, ist ein 
Offenbarungseid der deutschen Politik.
Die Stärke eines Rechtsstaats zeigt sich gerade darin, wie er mit den Schwachen und, ja, auch den Schuldigen 
umgeht
Unerträgliche Bigotterie; Innenminister Seehofer stoppt vorerst Abschiebungen nach Afghanistan. Endlich zu 
lange hat Deutschland aus Angst Völkerrecht ignorie...."
2021-08,Main Corpus,2021-08(50).ZIP,Uno rechnet mit vielen Flüchtlingen aus Afghanistan Krisengebiet Terror und Islamismus könnten mehr.PDF,C:\PythonProjects\AfD-project\Corpora\Main Corpus\2021-08\raw_unarchive\Uno rechnet mit vielen Flüchtlingen aus Afghanistan Krisengebiet Terror und Islamismus könnten mehr.PDF,Uno rechnet mit vielen Flüchtlingen aus Afghanistan Krisengebiet Terror und Islamismus könnten mehr als eine,uno rechnet mit vielen flüchtlingen aus afghanistan krisengebiet terror und islamismus könnten mehr als eine,Südwest Presse,südwest presse,Samstag 28. August 2021,,POLITIK; S. 1; Band 77; Ausg. 198,302,2131,4cad4ad301e516956b21d9ca18509f376931a277,,unique,keep,,no,,no,,,3723,no,,,,,"Nach dem Ende der Luftbrücke der Bundeswehr in Afghanistan warten noch tausende Menschen auf die Ausreise 
nach Deutschland. Es seien noch etwa 300 Deutsche und mehr als 10 000 Afghanen mit Ausreisewunsch beim 
Auswärtigen Amt registriert, teilte das Ministerium am Freitag mit. Es laufen dazu weiterhin Verhandlungen mit den 
Taliban. Die Lage am Flughafen schätzt das Amt nach dem verheerenden Anschlag am Vortag weiter als 
„hochgefährlich“ ein. Die USA setzten ihre Evakuierungsflüge hingegen fort.
Am Flughafen hatte sich am Donnerstag nach US-Angaben ein Selbstmordattentäter der Terrormiliz Islamischer 
Staat (IS) in die Luft gesprengt und Dutzende Menschen mit in den Tod gerissen, darunter 13 US- Soldaten. 
Zunächst war von zwei Selbstmordattentätern die Rede gewesen. Zur Opferzahl des Anschlags gibt es weiter 
unterschiedliche Angaben. Laut britischem Verteidigungsminister wurden 60 bis 80 afghanische Zivilisten getötet. 
Andere Angaben sprachen von mehr als 100 Toten. Einige der Verletzten sollen im US-Luftwaffenstützpunkt 
Ramstein in Rheinland- Pfalz behandelt werden.
Die Vereinten Nationen bereiten sich unterdessen auf die Flucht von mehr als einer halben Million Menschen aus 
Afghanistan vor. 515 000 Menschen könnten das Land im schlimmsten Fall in diesem Jahr verlassen, berichtete 
das UN-Flüchtlingshilfswerk UNHCR in Genf. Die Weltgemeinschaft müsse die Nachbarstaaten Afghanistans 
finanziell unterstützen. Der UN-Sicherheitsrat verurteilte den Anschlag „auf das schärfste“ und forderte, die „Täter, 
Organisatoren und Geldgeber zur Rechenschaft zu ziehen und vor Gericht zu stellen“.
Laut der Weltgesundheitsorganisation WHO werden indes in Afghanistan die Arzneimittel knapp. Die Vorräte 
reichten nur noch wenige Tage, teilte die UN-Organisation am Freitag in Genf mit. Besondere Besorgnis erwecke 
die Lage von Frauen und Kindern. ⇥dpa/afp/kna
Leitartikel und Themen des Tages Seite 2
Link zum PDF-Dokument
Link zum PDF-Dokument

Uno rechnet mit vielen Flüchtlingen aus Afghanistan Krisengebiet Terror und Islamismus könnten mehr als eine 
halbe Million Menschen vertreiben. 300 Deutsche war...."
2021-08,Main Corpus,2021-08(50).ZIP,Vom Kriegsland nach Friedland Die Flüchtlingsräte in Niedersachsen und Bremen fordern eigene Landesa.PDF,C:\PythonProjects\AfD-project\Corpora\Main Corpus\2021-08\raw_unarchive\Vom Kriegsland nach Friedland Die Flüchtlingsräte in Niedersachsen und Bremen fordern eigene Landesa.PDF,Vom Kriegsland nach Friedland Die Flüchtlingsräte in Niedersachsen und Bremen fordern eigene,vom kriegsland nach friedland die flüchtlingsräte in niedersachsen und bremen fordern eigene,"taz, die tageszeitung",taz die tageszeitung,Freitag 20. August 2021,Simeon Laux,NORD AKTUELL; S. 25,637,4942,adbcc19823470118beeb798cbce43917ec1e5485,,unique,keep,,no,,no,,,6595,no,,,,,"Von Simeon Laux
Welches Landesregierung bietet wie vielen Afghan:innen Schutz? In den vergangenen Tagen überboten sich die 
Nordländer mit Zahlen, nur Niedersachsen hielt sich zurück. Nun schob auch Innenminister Boris Pistorius (SPD) 
eine Zahl nach: 450 Ortskräfte aus Afghanistan und deren Familien sollen zunächst im Grenzdurchgangslager 
Friedland im Kreis Göttingen untergebracht werden.
Die Anzahl der Plätze werde aber je nach Bedarf angepasst, teilt ein Sprecher des Innenministeriums auf taz-
Anfrage mit. Denn derzeit plane Deutschland, rund 10.000 Menschen aus Afghanistan aufzunehmen und 
Niedersachsen nehme davon in der Regel nach dem sogenannten Königssteiner Schlüssel rund ein Zehntel auf. 
Das wären also 1.000 Plätze.
Pistorius hatte sich nach einer Sitzung der Innenminister:innen der Länder am Mittwoch für ein 
Bundesaufnahmeprogramm für bedrohte und verfolgte Menschen aus Afghanistan ausgesprochen. Niedersachsen 
solle dabei eine zentrale Rolle spielen, sagte Pistorius.
Die niedersächsische Caritas und die Grünen sehen allerdings das Land selbst in der Pflicht: Sie fordern ein 
eigenes Aufnahmeprogramm für schutzsuchende Afghan:innen. Niedersachsen solle sich einer entsprechenden 
Initiative Schleswig-Holsteins anschließen.
Dessen schwarz-grün-gelbe Landesregierung hatte vergleichsweise früh ein landeseigenes Aufnahmeprogramm 
angekündigt, das sich vornehmlich an Frauen, Kinder und weibliche Angehörige von Afghan:innen richtet, die 

Vom Kriegsland nach Friedland Die Flüchtlingsräte in Niedersachsen und Bremen fordern eigene 
Landesaufnahmeprogramme. Schleswig-Holstein macht es vor, dort soll....
bereits in Schleswig-Holstein leben. Laut Innenministerium soll es sich um rund 300 Menschen handeln. Wir 
müssen vorangehen. Die Bilder aus Afghanistan können niemanden unberührt lassen , sagte Innenministerin 
Sabine Sütterlin-Waack (CDU). Unabhängig von dem geplanten Programm sollen weitere Ortskräfte aufgenommen 
werden. Zudem sprach sich die Ministerin dafür aus, die Bundesregierung möge den Kreis der infrage kommenden 
Menschen großzügiger auslegen. Das könnten etwa Menschenrechtsaktivist:innen und Helfer:innen von 
Journalist:innen sein.
Mehr Menschen schützen
So sieht das auch Niedersachsens Caritas-Landessekretär Thomas Uhlen: Es gibt auch viele Ortskräfte von Nicht-
Regierungsorganisationen wie Frauenrechtlerinnen, die wir schützen und aus dem Land rausholen müssen. Auch 
deren Angehörige müssten evakuiert werden.
 Wir wollen den Antrag aus Schleswig-Holstein übernehmen , sagt auch die Landtagsabgeordnete Susanne Menge 
(Grüne). Das Land müsse ein Bleiberecht für die Betroffenen organisieren und dafür eine gesetzliche Grundlage 
schaffen.
Muzaffer Öztürkyilmaz vom Flüchtlingsrat Niedersachsen begrüßt zwar die vom Land in Aussicht gestellten 1.000 
Plätze: Man müsste aber erst einmal den tatsächlichen Bedarf feststellen, bevor man sich auf eine Zahl festlegt. 
Entsprechend darf das dann nicht gedeckelt werden , sagt er. Ein Aufnahmeprogramm sollte insbesondere 
zivilgesellschaftliche und politische Aktivist:innen, Familiennachzügler:innen und besonders vulnerable Personen 
und Gruppen sowie ethnische, religiöse oder sexuelle Minderheiten umfassen. 
Auch der Bremer Flüchtlingsrat fordert ein eigenes Landesaufnahmeprogramm für Bremen. Der Senat hatte am 
Dienstag mitgeteilt, 150 Ortskräfte aus Afghanistan schnell und unbürokratisch aufnehmen zu wollen. Der 
Flüchtlingsrat hingegen fordert, allen aus Afghanistan stammenden Menschen müsse sofort ein dauerhaftes 
Bleiberecht gewährt werden: Die bisher durch Bremer Politiker:innen erklärte Aufnahmebereitschaft reicht nicht 
aus , sagt Nazanin Ghafouri vom Bremer Flüchtlingsrat. Mittlerweile hat der Verein eine Petition mit dem Titel 
Bremen muss Bleiberecht und humanitäre Aufnahme ermöglichen gestartet und sammelt Unterschriften.
Für Niedersachsens Innenminister Pistorius ist ein Aufnahmeprogramm auf Bundesebene die schnellere und 
effektivere Lösung als einzelne Landesaufnahmeprogramme . Der Bund könne sich bei der Aufnahme von 
Ortskräften und anderen vulnerablen Gruppen , etwa Menschen, die in der Entwicklungshilfe oder für NGOs 
arbeiten, auf die Länder verlassen.
Versprechen bei Twitter
Hamburg wiederum hatte am Dienstag angekündigt, bis zu 250 Plätze für Schutzsuchende zur Verfügung zu 
stellen. Unmittelbar und unbürokratisch wolle man Gerettete aufnehmen, teilte Bürgermeister Peter Tschentscher 
(SPD) auf Twitter mit. Bereits am Mittwochabend kamen 19 Menschen aus Afghanistan in Hamburg an, die 
zunächst in einer Unterkunft im Stadtteil Rahlstedt untergebracht wurden.
Laut Innenbehörde sollen voraussichtlich am heutigen Freitag weitere afghanische Ortskräfte in Hamburg 
eintreffen. Ein eigenes Landesaufnahmeprogramm sei nicht vorgesehen, sagt Behördensprecher Daniel Schaefer: 
Wir sind darauf angewiesen, dass die Bundeswehr und das Auswärtige Amt die Menschen aus Afghanistan 
rausholen."
2021-08,Main Corpus,2021-08(50).ZIP,"Was sagen die Parteien zur Migration_ Die Zahl der Menschen, die Schutz in Europa suchen, nimmt wied.PDF","C:\PythonProjects\AfD-project\Corpora\Main Corpus\2021-08\raw_unarchive\Was sagen die Parteien zur Migration_ Die Zahl der Menschen, die Schutz in Europa suchen, nimmt wied.PDF","Was sagen die Parteien zur Migration?; Die Zahl der Menschen, die Schutz in Europa suchen, nimmt wieder",was sagen die parteien zur migration die zahl der menschen die schutz in europa suchen nimmt wieder,Welt am Sonntag,welt am sonntag,1. August 2021,J.s.,Politik; S. 2; Ausg. 31,1957,14602,9d8257245812cbc11037cf1b0b2e055615da2434,,unique,keep,,no,,no,,,15988,no,,,,,"Zuerst kam Corona und dann die Flut. Mit Ausnahme der AfD glauben oder hoffen alle Parteien, dass andere 
vormals brennende Themen wie die Migration vergessen sind. Jedenfalls wollen sie im Wahlkampf über die 
Aufnahme von und den Umgang mit Flüchtlingen möglichst nicht reden. Nur nicht die alten Wunden aufreißen, 
scheint der Leitgedanke zu sein. Doch diese Rechnung geht nicht auf.
Die jüngste Meinungsumfrage des Instituts für Demoskopie in Allensbach für die ""FAZ"" belegt es: Befragt, was eine 
Partei erfüllen muss, um gewählt zu werden, spielt die Positionierung zu Migration eine zentrale Rolle - und das 

Was sagen die Parteien zur Migration?; Die Zahl der Menschen, die Schutz in Europa suchen, nimmt wieder 
zu. Doch ein schlüssiges Konzept für die Steuerung des Z....
noch vor dem Klimaschutz und der Sozialpolitik. Am wichtigsten seien den Bürgern klare Ziele für die Gestaltung 
der Zukunft des Landes, gefolgt von der Qualität des Spitzenpersonals. ""Schon auf dem dritten Rang, von 53 
Prozent angeführt, liegt jedoch die Positionierung in Bezug auf die Steuerung von Migration, gefolgt von dem 
Engagement für Klimaschutz, das für 49 Prozent eines der besonders wichtigen Kriterien ist"", schreibt Allensbach- 
Chefin Renate Köcher. Offenbar wissen die Wähler, dass sich der große Zustrom von Migranten nach Deutschland 
seit 2016 zwar nicht wiederholt hat, doch ahnen sie: Das Problem ist nicht gelöst.
Die Fakten geben ihnen recht: Im ersten Halbjahr dieses Jahres ist die Zahl der Asylanträge wieder gestiegen. 
Selbst nach jahrelangen zähen Verhandlungen haben die Staaten der EU weder ein Konzept für einen Zuzug und 
die Abschiebung von Migranten noch ein europäisches Asylrecht vorgelegt. Welche Antworten haben die Parteien 
darauf, die am 26. September gewählt werden wollen? WELT AM SONNTAG fragt nach und schaut in die 
Wahlprogramme. J.S. 
CDU / CSU
Mit Angela Merkel geht die CDU-Politikerin, die Deutschland für viele Menschen in Not öffnete, aber damit große 
politische und gesellschaftliche Verwerfungen provoziert hat. Wenngleich in Befragungen von Unionsanhängern die 
Migrationspolitik noch immer höchste Priorität hat, wird sie von den Spitzenpolitikern und auch Kanzlerkandidat 
Armin Laschet nicht zum Thema gemacht. Es ist ein bewusstes Verschweigen im Wissen, dass beim letzten 
Wahlkampf die Überbetonung der Migrationspolitik bei der AfD einzahlte.
Oft wird verkannt, dass sich Merkels Migrationspolitik seit 2015 stark gewandelt hat. Von einer Politik der offenen 
Arme kann heute keine Rede mehr sein. Das Wahlprogramm ist ein implizites Eingeständnis, dass das 
eigenmächtige Handeln Mitte des vergangenen Jahrzehnts ein Fehler war. So findet sich die Migrationspolitik 
eingebettet in das europapolitische Kapitel: ""Die Europäische Union und Deutschland helfen Menschen, die in 
große Not kommen, weil sie politisch verfolgt werden oder aufgrund der Genfer Flüchtlingskonvention."" Eine 
Einwanderung in die Sozialsysteme lehne man ab. ""Wir vereinen Weltoffenheit und Konsequenz, Humanität und 
Ordnung."" Dabei soll aber vieles so bleiben, wie es ist. Die Zahl der Geflüchteten will man ""dauerhaft"" niedrig 
halten, möglichst soll sie sich noch weiter reduzieren. Die Ausweitung des Familiennachzugs lehnt die Union ab. 
Abschiebungen sollen besser durchgesetzt werden. Dafür sollen an den Flughäfen ""Gewahrsamseinrichtungen"" 
geschaffen werden. Bei den sicheren Herkunftsstaaten hat man sich Neues einfallen lassen. Künftig soll es ""kleine 
sichere Herkunftsstaaten geben"". Diese Einstufung könnte ohne die Bundesländer erfolgen. Dass eine solche Idee 
Koalitionsverhandlungen mit den Grünen überlebt, ist unwahrscheinlich. Ist das nur Verhandlungsmasse? Die 
Union führt jedenfalls noch nicht mal aus, was die Einstufung in der Realität bedeuten würde. tsv
SPD
Wer sich im Wahlprogramm der SPD über ihre Position zur Migration schlau machen will, der wird enttäuscht. 
Anderthalb Seiten schenkt die Partei diesem Thema. So muss man sein Blick in eine andere Richtung wenden - 
etwa auf die Tatsache, dass die Liebe der Zugewanderten zur SPD erkaltet. Wählten die Deutschtürken früher gern 
die Sozialdemokraten, neigen sie heute mehrheitlich der Union zu. Die SPD gibt sich deshalb nun als Stimme der 
Zuwanderer und Schutzsuchenden. ""Deutschland ist seit Langem ein Einwanderungsland, rund ein Viertel der 
Menschen hat bereits einen Migrationshintergrund. Wir wollen Zuwanderung gestalten"", sagt der SPD-
Bundestagsabgeordnete und Integrationspolitiker Karamba Diaby. ""Im Mittelpunkt der Integration stehen für die 
SPD die doppelte Staatsbürgerschaft, die Ausweitung des Familiennachzugs, ein fairer Zugang zu Bildung und 
Ausbildung sowie das Recht, sich den Lebensunterhalt selbst verdienen zu können.""
Die Sozialdemokraten sehen die Zuwanderungs- und Integrationspolitik stark aus der Perspektive möglicher 
Diskriminierung von Menschen, die nach Deutschland kommen und dauerhaft bleiben wollen. ""Es geht darum, allen 
Bürgern zu garantieren, dass sie dieselben Chancen und Möglichkeiten haben - frei von Diskriminierung. Dafür 
werden wir die Arbeit der Antidiskriminierungsstelle des Bundes stärken und das allgemeine 
Gleichbehandlungsgesetz modernisieren"", verspricht die Partei in ihrem Wahlprogramm.
Was sagen die Parteien zur Migration?; Die Zahl der Menschen, die Schutz in Europa suchen, nimmt wieder 
zu. Doch ein schlüssiges Konzept für die Steuerung des Z....
Auch die SPD unterscheidet zwischen Geflüchteten und Zugewanderten. ""Das Grundrecht auf Asyl für Menschen, 
die ihre Heimat aus Not verlassen müssen, tasten wir nicht an. Zugleich wollen wir mehr Menschen die Möglichkeit 
geben, aufgrund ihrer Qualifikation nach Deutschland einwandern zu können"", sagt Diaby. Deutschland brauche 
den Zuzug von Qualifizierten aus Ländern auch außerhalb der EU. do
Bündnis 90 / Die Grünen
Ein ""Einwanderungsrecht, das Einwanderung tatsächlich fördert und nicht komplizierter macht"" ist die zentrale 
Forderung. Durch ein neues Gesetz sollen neue Zugangswege für Bildungs- und Arbeitsmigration geschaffen 
werden. Die Partei will dafür laut Wahlprogramm auf Basis des jährlichen Arbeitskräftebedarfs ""eine punktebasierte 
Talentkarte"" einführen. Ähnlich dem kanadischen System soll Ausländern nach bestimmten Kriterien - etwa 
Hochschulabschluss, Berufserfahrung, Deutschkenntnisse und Alter - ohne konkrete Zusage eines Arbeitsplatzes 
ein einjähriger Aufenthalt in Deutschland ermöglicht werden. Die Grünen wollen damit Unternehmen unterstützen, 
die Fachkräfte bislang häufig im Ausland anwerben müssen.
Nach fünf Jahren Aufenthalt sollen alle Migranten einen Antrag auf Einbürgerung stellen können, mit der 
Abschaffung des Optionszwangs im Staatsangehörigkeitsrecht soll Mehrstaatigkeit anerkannt werden. Allen neu 
Ankommenden soll von Beginn an ein kostenloser Zugang zu Sprach- und Integrationskursen ermöglicht werden. 
Im Asylverfahren wollen die Grünen dafür sorgen, dass es ""zügig"" zu einer Entscheidung über den Aufenthaltstitel 
kommt. Wer nach sorgfältiger Prüfung und Ausschöpfung aller Rechtsschutzmöglichkeiten kein Aufenthaltsrecht 
erhalte, müsse ""zügig wieder ausreisen"", wenn keine Abschiebehindernisse entgegenstehen. Wird die Rückkehr 
verweigert, seien Abschiebungen ""das letzte Mittel"".
In den Erstaufnahmeeinrichtungen sollen Asylsuchende nur noch maximal drei Monate verweilen. ""Anker-
Einrichtungen in ihrer jetzigen Form lehnen wir ab, weil sie eine Isolierung über Monate hinweg in oft abgelegenen 
Orten bedeuten"", sagt die flüchtlingspolitische Sprecherin der Bundestagsfraktion, Luise Amtsberg. Bislang besteht 
in den Zentren (Ankunft, Entscheidung, Rückführung) Residenzpflicht. Amtsberg: ""Eine dezentrale Unterbringung 
von Asylsuchenden ist nicht nur integrationspolitisch klug, sondern laut Landesrechnungshöfen auch deutlich 
billiger."" fsch
AfD
Mit der ""Ablehnung jeglichen Familiennachzugs für Flüchtlinge"" hat die AfD im Wahlprogramm ihren restriktiven 
Kurs verschärft. Eine Kursänderung besteht darin, dass sich die Partei nicht mehr wie bisher an Kanada oder 
Australien orientieren will, sondern jetzt ein Land wie Japan als ""Vorbild einer identitätswahrenden Migrationspolitik"" 
ansieht. Da in Japan bei der Zuwanderung von Arbeitskräften sehr hohe Hürden bestehen, bedeutet die 
Umorientierung der AfD, dass sie an Fachkräftemigration kaum interessiert ist.
Zu den älteren Forderungen gehört die Sicherung der Grenzen auch durch ""physische Barrieren wie zum Beispiel 
Grenzzäune"". Asylverfahren sollen ohne Identitätsnachweis nicht eröffnet werden. Wer nach Antragstellung sein 
Herkunftsland besucht, soll bei Wiedereinreise abgewiesen werden. Anerkannten Bewerbern will die AfD erst nach 
zehn Jahren unbefristete Aufenthaltstitel erteilen. Zuvor soll bei ihnen alljährlich geprüft werden, ob noch 
Asylgründe bestehen. Wer noch im Antragsverfahren ist oder bereits abgelehnt wurde, soll nicht arbeiten dürfen, 
nur Sachleistungen erhalten. Gefährder und Straftäter will die AfD ""ausnahmslos"" abschieben, ""auch nach 
Afghanistan, Irak und Syrien"". Gefordert wird weiter eine ""Abschiebeoffensive zum Abbau des Überhangs an 
Ausreisepflichtigen"". Auch an der Steuerschraube will die AfD drehen. Denn man meint, dass ein Anreiz für 
Migranten in der Hoffnung besteht, aus Deutschland Geld ins Herkunftsland zu schicken. Deshalb ""befürworten wir 
die Einführung einer Steuer auf Rücküberweisungen, die den Europäischen Wirtschaftsraum (EWR) verlassen"". 
Zum EWR gehören neben den EU-Staaten auch Liechtenstein und Norwegen, nicht Großbritannien. mka
FDP
Die FDP unterscheidet im Programm zwischen Einwanderung und Flucht. Erstere soll sich vor allem an den 
Bedürfnissen des Arbeitsmarkts orientieren, die Regeln sind in einem Einwanderungsgesetzbuch zu bündeln. Es 
Was sagen die Parteien zur Migration?; Die Zahl der Menschen, die Schutz in Europa suchen, nimmt wieder 
zu. Doch ein schlüssiges Konzept für die Steuerung des Z....
gibt zwei Säulen: eine überarbeitete Blue Card für Fachkräfte mit Jobangebot und eine neue Chancenkarte mit 
Punktesystem nach kanadischem Vorbild, um Fachkräften die Arbeitssuche zu ermöglichen. Die Punktevergabe 
orientiert sich an Qualifikationen wie Bildungsgrad, Sprachkenntnis und Berufserfahrung sowie am 
Fachkräftebedarf.
Separat wird die Flucht betrachtet, auch hier gibt es zwei Säulen. Die FDP bekennt sich zum ""unantastbaren"" 
Grundrecht auf Asyl für politisch, religiös oder wegen ihrer sexuellen Identität Verfolgte. Für Kriegs- und 
Bürgerkriegsflüchtlinge soll der Status ""vorübergehender humanitärer Schutz"" gewährt werden. Er soll 
unkompliziert verliehen werden und so das Asylsystem entlasten. Kriegsflüchtlinge sollen nach Ende des Konflikts 
in ihre Heimat zurückkehren, die Ausreisepflicht wird durch Abschiebung konsequent durchgesetzt.
""Unsere Migrationspolitik darf nicht Teil des Kalküls von Schleppern und Menschenhändlern sowie von Diktatoren 
sein"", sagte die migrationspolitische Sprecherin, Linda Teuteberg. ""Wir brauchen sichere Fluchtwege für 
Schutzberechtigte, klare Regeln für die dringend benötigte Fachkräftezuwanderung und dürfen im Übrigen keine 
falschen Anreize setzen."" So hinge die Akzeptanz des Asylrechts davon ab, ""dass es nicht nur in Sonntagsreden, 
sondern auch in der Praxis einen Unterschied macht, wie ein rechtsstaatliches Verfahren ausgeht"".
In einer Hinsichtwird die Unterscheidung von Einwanderung und Flucht durchbrochen. Für ""gut integrierte 
Schutzsuchende"" soll es einen ""Spurwechsel"" in eine der Säulen der Einwanderung in den Arbeitsmarkt geben. tju
Die Linke
Auf dem Höhepunkt der Flüchtlingskrise drohte sich die Linke über dieser Frage zu zerlegen: Migration begrenzen - 
oder nicht? Inzwischen ist die Linie geklärt: Die Partei will eine ""solidarische Einwanderungsgesellschaft"". 
Einwanderung sei ""keine Bedrohung, sondern Alltag für viele, Bestandteil unserer Gesellschaft und Recht jedes 
einzelnen Menschen"", heißt es im Wahlprogramm. ""Migration ist erst mal schlicht eine Tatsache, und zwar eine, die 
sich durch die Menschheitsgeschichte zieht"", sagt Linke-Chefin Janine Wissler. In ihrem Programm behauptet die 
Partei einen Zusammenhang zwischen der bisherigen Integrationspolitik kombiniert mit sozialen Schieflagen 
einerseits und Diskriminierung sowie Rassismus andererseits. Um Letzteres ""zu überwinden, braucht es eine 
gerechte Verteilung von Rechten, Reichtum und Ressourcen. Wir wollen Teilhabe statt Integration.""
Spitzenkandidatin Wissler nennt drei zentrale Herausforderungen: Erstens müsse das Arbeitsrecht ""vor 
Ausbeutung und Lohndumping"" schützen. Zweitens brauche es einen Umbau des Bildungssystems, ""damit der 
Bildungsstand der Eltern nicht über den Bildungsweg der Kinder entscheidet"". Drittens: ""Natürlich brauchen wir ein 
anderes Wahlrecht, das allen Menschen Beteiligung ermöglicht."" Die Linke will unter anderem ein neues 
Ministerium für ""Migration und Partizipation"" schaffen - abgekoppelt vom Innenressort. Kinder sollen unabhängig 
von der Nationalität der Eltern die deutsche Staatsangehörigkeit erhalten. Ein bundesweites 
Antidiskriminierungsgesetz soll Ungleichbehandlung in staatlichen Institutionen bekämpfen.
Mit Blick auf die Wege der Zuwanderung soll die Grenzschutzagentur der Europäischen Union (EU), Frontex, 
""aufgelöst""werden, vielmehr fordert die Linke ein ziviles Seenotrettungsprogramm. Abschiebungen lehnt die Partei 
darüber hinaus generell ab. Solange bei der Flüchtlingsverteilung keine europäische Lösung in Sicht sei, müsse die 
Bundesregierung mit einer ""Koalition der Willigen"" vorangehen. Kommunen sollen selbst entscheiden dürfen, wie 
viele Asylbewerber sie aufnehmen. hof
Original Gesamtseiten-PDF
Original Gesamtseiten-PDF
Graphic
 
Was sagen die Parteien zur Migration?; Die Zahl der Menschen, die Schutz in Europa suchen, nimmt wieder 
zu. Doch ein schlüssiges Konzept für die Steuerung des Z....
2014: Immer mehr Menschen lassen sich in kaum seetüchtigen Booten nach Europa bringen. In der EU steigt die 
Zahl der Asylbewerber um etwa ein Drittel auf 626.000. Im Jahr darauf werden es auf dem Höhepunkt der Krise 1,3 
Millionen Schutzsuchende sein
2015: Angela Merkel lässt sich für ein Selfie mit einem Zuwanderer fotografieren
2016: Anis Amri, ein abgelehnter Asylbewerber, rast mit einem Lkw in den Weihnachtsmarkt auf dem Berliner 
Breitscheidplatz. Zwölf Menschen sterben, 55 werden verletzt
2019: Carola Rackete fährt trotz Verbots mit der ""Sea Watch 3"" im Hafen von Lampedusa ein - und wird 
festgenommen
2018: Beim Ansturm auf die Grenze der spanischen Exklave Ceuta zu Marokko überwinden etwa 600 Migranten 
den Zaun"
2021-08,Main Corpus,2021-08(50).ZIP,Was wir von Kanada lernen können - und was nicht Unterstützt von der Bevölkerung treibt das Land die.PDF,C:\PythonProjects\AfD-project\Corpora\Main Corpus\2021-08\raw_unarchive\Was wir von Kanada lernen können - und was nicht Unterstützt von der Bevölkerung treibt das Land die.PDF,Was wir von Kanada lernen können - und was nicht Unterstützt von der Bevölkerung treibt das Land die,was wir von kanada lernen können  und was nicht unterstützt von der bevölkerung treibt das land die,Die Welt,die welt,Dienstag 31. August 2021,Ricarda Breyton,Politik; S. 8; Ausg. 202,982,7128,946a9f16dd0d2c16e526be56b4cbe05194a5d6a6,,unique,keep,,no,,no,,,8302,no,,,,,"Toronto
Timmins ist nicht gerade ein Einwanderungsmagnet. Die 42.000-Einwohner-Stadt liegt ziemlich abgeschieden im 
westlichen Zentrum Kanadas, 700 Kilometer sind es bis zur Großstadt Toronto, die kulturelle Vielfalt hält sich in 
Grenzen. Seit den 90er-Jahren schrumpft die Bevölkerung der ehemaligen Goldgräberstadt, auch, weil junge 
Menschen dauerhaft wegziehen. Everard Kasimanwuna will trotzdem genau hier sein neues Leben beginnen. Im 
April zog der Nigerianer mit seiner Familie hierher, um als dringend benötigter Facharzt in einer Tierklinik 
anzufangen.
Die Umgebung sei friedlich, sagt er im Gespräch mit WELT, genau das Richtige, um seine drei Kinder 
großzuziehen. Im Gegensatz zu Nigeria, wo die beruflichen Perspektiven infolge der politischen und 
wirtschaftlichen Krisen unsicher seien. Und im Gegensatz zu den USA oder Europa, wo das gesellschaftliche Klima 
nicht besonders einwanderungsfreundlich sei. ""Ich will da nicht sein, sorry"", sagt er. Zu viele Berichte über 
Rassismus, das sei nicht besonders attraktiv für seine Familie und ihn. In Timmins hingegen habe er das Gefühl, 
wirklich willkommen zu sein.
Kanada, nicht Europa: Kasimanwunas Geschichte kratzt am Klischee, dass es afrikanische Migranten auf der 
Suche nach Schutz oder einer besseren Lebensperspektive fast ausschließlich in Länder wie Deutschland, Spanien 
oder Italien zieht. Zwar machen sich Zehntausende von ihnen jährlich über das Mittelmeer auf den Weg. Wer es 
sich leisten kann, schaut sich aber oft nach besseren Alternativen um. Viele gut ausgebildete Nigerianer etwa 
gehen nach Großbritannien oder in die USA, noch häufiger aber steht inzwischen das nördliche Nachbarland auf 
ihrer Wunschliste. Denn Kanada ist in ihren Augen attraktiv. Im Gegensatz zu vielen anderen westlichen Ländern 
wirbt die liberale Regierung offensiv um Einwanderer - mehr als 400.000 jährlich sollen in den nächsten Jahren eine 
dauerhafte Aufenthaltserlaubnis bekommen. Wer zur wirtschaftlichen Entwicklung des Landes beiträgt, darf sich auf 
freundliche Aufnahme freuen.

Was wir von Kanada lernen können - und was nicht Unterstützt von der Bevölkerung treibt das Land die 
Aufnahme von Migranten voran. Eine Übertragung des Systems ....
Die kanadische Bevölkerung unterstützt die offensive Zuwanderungspolitik mehrheitlich, auch, weil die Regierung 
zugleich die unkontrollierteMigration scharf reguliert. Auch unter liberalen Parteien Europas wird Kanada deswegen 
immer wieder als Vorbild für eine geregelte Migrationspolitik diskutiert. Doch eine Kopie des Systems ist nicht leicht. 
Und es ist mit viel Aufwand für alle Beteiligten verbunden. Vor Kasimanwunas Ausreise standen Jahre der 
Vorbereitung und auch der ""Opfer"", wie er es nennt. Denn die Anforderungen sind streng. Wer als 
Wirtschaftsmigrant nach Kanada kommen und eine dauerhafte Aufenthaltserlaubnis erhalten will, muss eine 
Mindestanzahl von Punkten erreichen. Die gibt es unter anderem für Sprachkenntnisse, die schulische Ausbildung, 
Arbeitserfahrung. Wer ""Anpassungsfähigkeit"" demonstriert, also in Kanada studiert oder gearbeitet hat, eine feste 
Jobzusage hat oder einen Ehepartner mitbringt, der ebenfalls gut Englisch oder Französisch spricht, sammelt auch 
Punkte.
Hinzu kommt das Finanzielle: Die meisten Migranten müssen ausreichend Geld auf dem Konto nachweisen, um 
sich und ihre Familie in der ersten Zeit selbst zu versorgen. Kasimanwuna sagt, er habe 52.000 kanadische Dollar 
zusammensparen müssen - eine Anstrengung, die Jahre gedauert habe. Dafür sei die Aufnahme umso herzlicher 
gewesen. Eine Stadtbewohnerin habe schon vor der Ankunft eine Wohnung organisiert und eingerichtet. Zwei 
Wochen nach der Einreise habe ein Vertreter einer kanadischen Firma der Familie vier Fahrräder geschenkt - und 
außerdem seiner Frau einen Job angeboten. Das einzige, woran er sich noch gewöhnen müsse, sei das schnelle 
Arbeitstempo in der Klinik, sagt Kasimanwuna. Aber er macht sofort deutlich, dass er sich nicht beklagen will. Seine 
Chefin sei sehr unterstützend.
Die Geschichte klingt fast zu positiv, um wahr zu sein. Doch sie wird nicht nur von Kasimanwuna erzählt. Viele 
Kanadier, ob im Land geboren oder selbst eingewandert, sind stolz auf das System. Und die Umfragewerte für eine 
offensive Einwanderungspolitik steigen sogar. Entsprechend will keine der vier größeren Parteien grundlegend 
etwas daran ändern. Möglich sei all dies, weil Kanada eine Reihe von zielgerichteten Entscheidungen getroffen und 
zudem einfach Glück gehabt habe, argumentiert Phil Triadafilopoulos, Politikprofessor an der Universität Toronto. 
Schon seit den 70er-Jahren können Migranten aus drei ""Klassen"" eine dauerhafte Aufenthaltserlaubnis erhalten: 
gut qualifizierte Wirtschaftsmigranten, enge Familienangehörige von Migranten und offiziell anerkannte Flüchtlinge.
Im Laufe der Zeit steuerte die Regierung immer wieder nach, um die Balance zu halten: Als in den 80er- und 90er-
Jahren immer mehr Familienangehörige ins Land gekommen seien, habe die Regierung die Regeln für diese 
Gruppe verschärft, führt Triadafilopoulos aus - um Kritikern den Wind aus den Segeln zu nehmen. Ähnlich in den 
90ern, als nach dem Kalten Krieg viele Asylbewerber an den kanadischen Küsten anlandeten. Die Regierung habe 
schnell Maßnahmen ergriffen, um Flüchtlinge ""abzuschrecken"", etwa indem sie in geschlossenen Camps 
untergebracht wurden. Stattdessen habe sie sogenannte Resettlement-Flüchtlinge aufgenommen - bereits 
anerkannte und durch das Flüchtlingshilfswerk der Vereinten Nationen ausgewählte Menschen aus Drittstaaten. So 
sei es gelungen, eine Botschaft zu verbreiten, die breite Zustimmung fand, sagt Triadafilopoulos: Ins Land kommen 
nützliche Arbeitskräfte oder wirklich hilfsbedürftige Migranten - nicht aber jene, die es an den Regeln vorbei auf 
eigene Faust versuchen.
Allerdings hilft die besondere Lage, was eine Übertragung des Systems auf andere Länder erschwert. Denn 
Kanada liegt weit entfernt von Krisengebieten und ist zudem an drei Seiten vom Atlantik, dem Pazifik und dem 
arktischen Ozean umgeben - das allein reduziert die Zahl der unkontrollierten Grenzübertritte. Den Fokus auf einer 
geregelten statt ungeregelten Migration kann sich das Land deswegen eher als andere Staaten leisten. Auch 
Jennifer Elrick von der McGill Universität in Montreal glaubt, dass sich Kanadas System nicht einfach kopieren 
lasse. Das Punktesystem sei letztlich nur ein Instrument, um Einwanderung zu steuern, kein Modell für 
Migrationsmanagement. Notwendig für das kanadische System sei ein ""langfristiges politisches Engagement für 
groß angelegte Einwanderung und die Bildung einer multikulturellen Nation"" gewesen, schreibt sie in einem kurz 
vor der Veröffentlichung stehenden Buch. Wenn es überhaupt übertragbar sei, dann nur, wenn sich zahlreiche 
gesellschaftliche Institutionen dafür einsetzten - und nicht allein der Staat.
Original Gesamtseiten-PDF
Was wir von Kanada lernen können - und was nicht Unterstützt von der Bevölkerung treibt das Land die 
Aufnahme von Migranten voran. Eine Übertragung des Systems ....
Graphic
 
Everard Kasimanwuna und seine Familie"
2021-08,Main Corpus,2021-08(50).ZIP,Wie die Taliban der AfD im Wahlkampf helfen Andreas Speit Der rechte Rand.PDF,C:\PythonProjects\AfD-project\Corpora\Main Corpus\2021-08\raw_unarchive\Wie die Taliban der AfD im Wahlkampf helfen Andreas Speit Der rechte Rand.PDF,Wie die Taliban der AfD im Wahlkampf helfen Andreas Speit Der rechte Rand,wie die taliban der afd im wahlkampf helfen andreas speit der rechte rand,"taz, die tageszeitung",taz die tageszeitung,Donnerstag 19. August 2021,Andreas Speit,NORD AKTUELL; S. 26,383,2747,238da5a3353ab5de59cb74bf6961cc0c12546fe5,,unique,keep,,no,,no,,,4036,no,,,,,"Andreas Speit
Der rechte Rand
Die AfD hat ihr Wahlkampfthema gefunden: Eine drohende Krise der Flüchtlingspolitik durch die Machtübernahme 
der Taliban in Afghanistan. Einen Kontrollverlust wie 2015 darf es in Deutschland nie wieder geben , sagt 
Alexander Wolf, stellvertretender Fraktionsvorsitzender der AfD in der Hamburgischen Bürgerschaft. Aus internen 
Schreiben, die der taz vorliegen, geht hervor, dass die Landesverbände im Norden unzufrieden mit dem laufenden 
Wahlkampf sind. Ein starkes Auftreten wird vermisst. Ängste vor größeren Fluchtbewegungen zu schüren, ist ein 
Terrain, das die AfD kennt und das sie bisher für sich nutzen konnte.
Während die Landesregierungen im Norden anbieten, Ortskräfte aus Afghanistan aufzunehmen, hält die AfD 
dagegen. Claus Schaffer, Mitglied der AfD-Gruppe im schleswig-holsteinischen Landtag, erklärte zwar, dass die 
afghanischen Ortskräfte ( ) in den Fokus der Evakuierungsoperation genommen werden müssten, er betont in 
einer Pressemitteilung allerdings: Afghanistan darf jedoch nicht zu einer Neuauflage des Jahres 2015 mit 
ungeregelter Massenmigration nach Deutschland werden. Und er wettert: Das Mantra Wir schaffen das! wäre 
ein fatales Willkommens-Signal in Richtung Afghanistan .
Die Ankündigung der rot-schwarzen Landesregierung in Mecklenburg-Vorpommern, Flüchtlinge aus Afghanistan 
aufzunehmen, lehnt die dortige AfD-Landtagsfraktion ebenfalls ab. Der Vorsitzende der Fraktion, Nikolaus Kramer, 
warnt vor einer Büchse der Pandora durch weitere Flüchtlinge . Und Dirk Nockemann, Hamburger AfD-
Vorsitzender meint: Hamburg hat als eng begrenzter Stadtstaat keinen Platz. Die gleichen Leute, die gegen 
steigende Mieten und Wohnungsmangel auf die Straße gehen, sagen im nächsten Atemzug, Hamburg hat Platz . 
Auch Unions-Bundeskanzlerkandidat Armin Laschet war schnell dabei zu warnen: 2015 darf sich nicht 
wiederholen. So schnell lässt sich die AfD jedoch ihr Wähler:innenklientel nicht abspenstig machen. Der AfD-
Bundestagsabgeordnete und Landesvorsitzende aus Niedersachsen, Jens Kestner, macht sich via Twitter lustig: 
Ob das Auswärtige Amt beim Schreiben an die Taliban auch gendert? 

Wie die Taliban der AfD im Wahlkampf helfen Andreas Speit Der rechte Rand
Der Bremer Politologe Lothar Probst schätzt, dass wenn tatsächlich ein Flüchtlingsstrom Richtung Europa und 
Deutschland einsetze, die AfD ein Thema hätte, das sie aus dem Umfragetief herausbringen könnte. In Umfragen 
ist sie gerade noch zweistellig. Im Juni 2015, vor der Krise der Flüchtlingspolitik, lag die AfD zur Bundestagswahl 
bei 4 bis 5 Prozent. 2017 zog sie mit 12,6 Prozent in den Bundestag ein.
Andreas Speit arbeitet als freier Journalist und Autor über die rechte Szene nicht nur in Norddeutschland."
2021-08,Main Corpus,2021-08(50).ZIP,Wie offen soll das Land sein_.PDF,C:\PythonProjects\AfD-project\Corpora\Main Corpus\2021-08\raw_unarchive\Wie offen soll das Land sein_.PDF,Wie offen soll das Land sein?,wie offen soll das land sein,Frankfurter Rundschau,frankfurter rundschau,Freitag 20. August 2021,,POLITIK; S. 7,685,5228,0ebfc77953885ccdfab7e45f5afa5e523cd7c93d,,unique,keep,,no,,no,,,6477,no,,,,,"Bei der Bundestagswahl 2017 war die Flucht- und Migrationspolitik eines der wichtigsten Themen für die 
Wählerinnen und Wähler. Vor der diesjährigen Wahl dominiert das Thema die Debatten zwar nicht mehr so stark. 
Noch immer herrscht jedoch große Uneinigkeit zwischen den im Bundestag vertretenen Parteien, wie offen 
Deutschland für Einwanderer:innen und Flüchtlinge sein soll und wie Integration am besten gelingt. Wie wollen die 
Parteien die Migrationspolitik neu ausrichten, falls sie an der nächsten Regierung beteiligt sind? Ein Überblick.
CDU/CSU: Die Unionsparteien bekennen sich in ihrem Wahlprogramm zum Grundrecht auf Asyl, wollen jedoch auf 
Verschärfungen setzen: Mehr Länder sollen zu sicheren Herkunftsstaaten erklärt werden und weniger 
Ausreisepflichtige sollen in Deutschland bleiben dürfen. Vor allem Flüchtlinge, die straffällig geworden sind, wollen 
CDU und CSU abschieben. Innerhalb der EU sprechen sich die beiden Parteien für eine engere Kooperation und 
eine neue Verteilung bei der Aufnahme Asylsuchender aus. Insbesondere solle die EU die Fluchtursachen vor Ort 
bekämpfen. Gleichzeitig sprechen sich CDU und CSU für eine „gesteuerte und gezielte Zuwanderung in den 
Arbeitsmarkt“ aus, von der Deutschland profitieren könne. 
SPD: Die Sozialdemokraten betonen, Migration habe die deutsche Gesellschaft reicher gemacht. Integration sei 
eine permanente gesellschaftliche und staatliche Aufgabe. Die SPD will deshalb „allen Menschen, die neu zu uns 
kommen, den Anspruch auf Integrations- und Beteiligungsangebote“ wie Sprachkurse gewährleisten. Um die 
Integration zu verbessern, will die SPD mehr Asylbewerber:innen den Familiennachzug ermöglichen. 
Gut integrierten Menschen ohne gesicherten Aufenthalt soll ein dauerhaftes Bleiberecht ermöglicht werden. Die 
SPD will Hürden für Einbürgerungen abbauen und mehr doppelte Staatsbürgerschaften erlauben. Die 
Sozialdemokraten sprechen sich gegen Zurückdrängungen von Migranten etwa auf dem Mittelmeer aus und 
betonen eine Pflicht zur Seenotrettung.
Die Grünen: Deutschland sei ein Einwanderungsland, bis heute fehlten jedoch „eine aktive Einwanderungspolitik 
und ein Einwanderungsrecht, das Einwanderung tatsächlich fördert und nicht komplizierter macht“, schreiben die 
Grünen in ihrem Wahlprogramm. Auch Menschen ohne formale oder anerkannte Abschlüsse wollen sie die 
Migration nach Deutschland ermöglichen – unter Berücksichtigung des Bedarfs an Arbeitskräften.

Wie offen soll das Land sein?
Die Grünen wollen die Einbürgerung erleichtern, lehnen die Ausrufung sicherer Herkunftsstaaten ab und stellen 
sich kategorisch gegen Abschiebungen nach Syrien oder Afghanistan. Die Grünen wollen die hohe Zahl in 
Deutschland lediglich geduldeter „möglichst auf null“ reduzieren und diesen Menschen nach fünf Jahren Aufenthalt 
ein sicheres Bleiberecht verschaffen.
FDP: Für die FDP ist Deutschland eindeutig ein Einwanderungsland. Deshalb brauche es aber auch klare Regeln. 
Fachkräfte, die bereits ein Arbeitsplatzangebot haben, sollen mit einer „Blue Card“ nach Deutschland einwandern 
können. Fachkräften ohne Arbeitsplatzangebot will die FDP mit einem Punktesystem nach kanadischem Vorbild 
ebenfalls in einem begrenzten Umfang die Migration nach Deutschland ermöglichen.
Kriegs- und Bürgerkriegsflüchtlingen soll schnell und unbürokratisch ein vorübergehender Schutzstatus verliehen 
werden. „Kriegsflüchtlinge sollen dabei nach Beendigung des Krieges in der Regel in ihr Heimatland zurückkehren“, 
hält die FDP in ihrem Wahlprogramm fest. Sie fordert eine verbindliche Verteilung Schutzsuchender in der EU. Die 
EU-Grenzschutzagentur Frontex will die FDP schneller ausbauen und ihr auch die Aufgabe der Seenotrettung 
übertragen. 
Die Linke: Die Partei fordert in ihrem Wahlprogramm die rechtliche, politische und soziale Gleichstellung aller in 
Deutschland lebenden Menschen und will allen langfristigen Einwohnerinnen und Einwohnern das aktive und 
passive Wahlrecht geben. Die Linke will die Anerkennung ausländischer Qualifikationen und Abschlüsse 
verbessern, damit auch Nicht-EU-Bürgerinnen und -Bürger ihre Berufe in Deutschland weiter ausüben können. 
Mit einem Teilhabe-Gesetz will sie eine Quote für Menschen mit Migrationsgeschichte in der öffentlichen 
Verwaltung einführen. Die Partei will sich für globale Bewegungsfreiheit einsetzen und fordert Aysl auch für Armuts-
, Umwelt- und Klimaflüchtlinge. Abschiebungen lehnt die Partei ab.
AfD: In der Partei wird in der Migrations- und Asylpolitik auf Abschottung gesetzt. Nach Ansicht der AfD müssen 
„überholte internationale Regelwerke“ wie die Genfer Flüchtlingskonvention abgelöst und die Einwanderung und 
Flüchtlings-Migration drastisch beschränkt werden. Statt Flüchtlinge in Deutschland aufzunehmen, will die AfD den 
Fokus auf humanitäre Hilfe in Krisenregionen legen. Die Grenzen will die AfD für Flüchtlinge schließen und auch 
durch Grenzzäune sichern. Asylbewerber:innen will die Partei nur noch Sachleistungen zukommen lassen. 
Einwanderung soll nur noch in einem stark begrenzten Rahmen nach japanischem Vorbild möglich sein. Im 
Staatsbürgerschaftsrecht will die Partei zum reinen Abstammungsprinzip zurückkehren und Einbürgerungen 
erschweren.
Link zum PDF-Dokument"
2021-08,Main Corpus,2021-08(50).ZIP,Zuwanderung steuern.PDF,C:\PythonProjects\AfD-project\Corpora\Main Corpus\2021-08\raw_unarchive\Zuwanderung steuern.PDF,Zuwanderung steuern,zuwanderung steuern,Die Welt,die welt,Mittwoch 25. August 2021,Dr. Dorothea Siems,TITEL; KOMMENTAR; S. 1; Ausg. 197,351,2577,83e6a291afc2af9470e759babac8901fb67eef2e,,unique,drop,commentary_noncore,no,,no,,,3314,yes,commentary_noncore,,,,"Der Chef der Bundesagentur für Arbeit, Detlef Scheele, dringt darauf, deutlich mehr Zuwanderer ins Land zu holen. 
Künftig sollten Jahr für Jahr 400.000 Migranten kommen, fordert der Sozialdemokrat. Ansonsten drohten 
Deutschland die Arbeitskräfte auszugehen. Denn die geburtenstarken Jahrgänge gehen jetzt nach und nach in 
Rente, und es rücken viel weniger Berufsanfänger nach.
Der Arbeitsmarktexperte hat recht, wenn er in der Zuwanderung einen Ansatz sieht, den demografischen Wandel 
abzufedern. Zumal die hiesige Wirtschaft schon heute enorm von ausländischen Fachkräften profitiert. Allerdings 
sollte vor diesem Hintergrund niemand auf den Gedanken kommen, Deutschland könnte ein Eigeninteresse an 
einer neuen Flüchtlingswelle haben. Wie viele Schutzsuchende aufzunehmen sind, muss nach humanitären 
Gesichtspunkten geklärt werden. Ökonomisch sind Flüchtlinge für Deutschland keine Hilfe, sondern vielmehr eine 
zusätzliche soziale Herausforderung, die zu bewältigen viel Geld kostet.
Bereits 2015, als in großer Zahl Flüchtlinge aus Syrien und anderen Staaten kamen, fantasierten manche von dem 
großen wirtschaftlichen Vorteil, den die alternde Gesellschaft daraus ziehen könnte. Tatsächlich jedoch zeigt die 
Erfahrung, dass die Integration in den Arbeitsmarkt Flüchtlingen generell schwerer fällt als anderen Migranten. Und 
je ferner das Heimatland ist, je weniger Sprachkenntnisse vorhanden sind und je größer die kulturelle Kluft ist, 
desto schwieriger ist der Prozess. Mit Blick auf Syrer oder Afghanen kommt zudem noch ein deutlicher 
Geschlechterunterschied hinzu: Die Beteiligung der Frauen an Integrationskursen, anderen Bildungsangeboten und 
vor allem am Arbeitsmarkt ist viel niedriger als bei den Männern, was vor allem an einer sehr traditionellen 
Rollenverteilung liegt.
Die meisten Zuwanderer kommen indes aus den anderen EU-Ländern. Ihnen fällt nicht nur die Jobsuche im 
Regelfall leicht, sondern auch die kulturelle Anpassung. Allerdings altert ganz Europa, und die Deutschen können 
deshalb nicht auf Dauer auf eine hohe Zuwanderung aus der Nachbarschaft bauen. Umso bedauerlicher ist es, 
dass die Bundesrepublik zwar als Asylland nach wie vor begehrt ist, doch Fachkräfte aus Drittstaaten lieber in 
klassische Einwanderungsländer wie die USA oder Australien gehen. Die deutsche Sprache ist ein 
Standortnachteil, der nicht zu ändern ist. Der andere ist die weltweit höchste Steuer- und Abgabenbelastung für 
Arbeitnehmer. Das muss sich ändern.

Zuwanderung steuern
 dorothea.siems@welt.de (dorothea.siems@welt.de) 
Original Gesamtseiten-PDF"
2021-08,Main Corpus,2021-08(50).ZIP,„Symbolpolitik ist jetzt fehl am Platz“.PDF,C:\PythonProjects\AfD-project\Corpora\Main Corpus\2021-08\raw_unarchive\„Symbolpolitik ist jetzt fehl am Platz“.PDF,„Symbolpolitik ist jetzt fehl am Platz“,symbolpolitik ist jetzt fehl am platz,Frankfurter Rundschau,frankfurter rundschau,Dienstag 10. August 2021,,POLITIK; S. 5,663,4600,0876ba2eb68be03547f04a78b2eaf127101a5446,,unique,keep,,no,,no,,,5557,no,,,,,"Herr Knaus, die Taliban sind auf dem Vormarsch. Afghanistan versinkt im Chaos. Wie beurteilen Sie die 
Lage dort?
Die Ereignisse überschlagen sich. Es scheint aber leider klar zu sein, dass der Vormarsch der Taliban nicht zu 
stoppen ist. Wenn das wirklich so kommt, dann wird es sehr, sehr viele Binnenflüchtlinge geben. Und viele 
Menschen werden auch versuchen, Schutz außerhalb Afghanistans zu finden. Die große Frage ist nur: Finden sie 
den Schutz? Kommen sie raus?
Die US-Regierung will Tausende Ortskräfte und deren Familien aufnehmen. Die Bundesregierung plant 
Ähnliches.
Das ist wichtig und kann klappen, solange es funktionierende Flugverbindungen aus Afghanistan ins Ausland gibt. 
Wenn das nicht mehr der Fall ist, haben wir ein großes Problem. Sollten die Nachbarländer die Grenzen 
dichtmachen oder die Taliban Flüchtlinge am Grenzübertritt hindern, dann können diese Ortskräfte das Land 
möglicherweise gar nicht mehr verlassen. Diesen Menschen droht dann höchste Gefahr.
Trotz dieser Lage wollen einige deutsche Politiker weiter Straftäter nach Afghanistan abschieben. Was 
halten Sie davon?
Es gibt so viele gute Gründe dagegen. Viele Regierungen in Europa haben inzwischen die Abschiebungen 
eingestellt. Zudem gibt es ein Urteil des Europäischen Menschenrechtsgerichtshofs, das eine Abschiebung aus 
Österreich verbietet. Die afghanische Regierung bittet eindringlich darum, niemanden mehr nach Afghanistan 
abzuschieben. Ich finde also, auch Deutschland sollte die Abschiebungen einstellen. Symbolpolitik, die 
innenpolitisch motiviert ist, weil gerade Wahlkampf ist, ist fehl am Platz.
Müssen wir uns auf eine große Fluchtbewegung in Richtung Europa einstellen? Oder ist das bloß 
Panikmache?
In den ersten sechs Monaten dieses Jahres sind 600 Afghanen irregulär nach Griechenland gekommen. Es ist 
absurd, angesichts dieser geringen Zahl von einer massiven Fluchtbewegung zu reden. Das ist populistische 

„Symbolpolitik ist jetzt fehl am Platz“
Panikmache. Derzeit kommen über die Türkei, also die Hauptroute für Afghanen, kaum noch Menschen nach 
Europa. Das kann sich ändern, aber momentan lässt sich aus den Zahlen kein Trend ablesen.
Österreichs Kanzler Kurz will niemanden aufnehmen, „um die Taliban-Ideologie nicht zu importieren“. Was 
sagen Sie dazu?
Das ist nicht logisch und auch nicht besonders klug. Wer jetzt aus Afghanistan flieht, ist doch kein Anhänger der 
Taliban, sondern wird von ihnen als Todfeind angesehen und ist in Lebensgefahr. Zur Zeit des Kalten Kriegs haben 
wir doch auch nicht gesagt: Wer über die Berliner Mauer geflohen ist, den schicken wir zurück, weil wir nicht den 
Kommunismus importieren wollen.
Kurz vor dem 60. Jahrestag des Mauerbaus werden vielerorts wieder Mauern und Grenzzäune aufgebaut. 
Hilft das wirklich gegen Migrationsbewegungen?
Das traurige Fazit der Berliner Mauer ist: Sie hat funktioniert. Nur noch wenige haben es nach dem Bau der Mauer 
in den Westen geschafft. Aber das ging nur mit verbrecherischen und rechtswidrigen Methoden. Das ist der Kern 
des Problems: Eine Mauer alleine hält Migration nicht ab. Eine Mauer, an der Soldaten mit Schießbefehl stehen, 
stoppt dagegen die irreguläre Migration.
Das ist keine schöne Vorstellung.
Ich will auch nicht in einer solchen Welt leben, in der es keine Fluchtorte mehr gibt, weil die Staaten an den 
Grenzen brutale Methoden anwenden.
Und wie verhindert man das?
Wir müssen den Wunsch der Menschen nach Kontrolle an den Grenzen mit dem humanitären Gebot verbinden. 
Das ist viel mehr Arbeit als nur Soldaten an die Grenze zu schicken. Aber wir haben aus gutem Grund Werte, die 
wir beachten müssen. Das unterscheidet Demokratien von Unrechtsregimen.
Wie geht das konkret?
Wir brauchen eine internationale Koalition von Staaten, die Flüchtlinge in geordneten Verfahren aufnehmen. Das 
hat es im Fall der Bootsflüchtlinge nach dem Vietnam-Krieg schon einmal gegeben. Über zwei Jahrzehnte hinweg 
wurden zwei Millionen Menschen umgesiedelt und integriert. Das war eine große Erfolgsgeschichte. So etwas 
brauchen wir jetzt auch in Afghanistan. Die Nachbarländer werden auf ein brutales Grenzregime verzichten, wenn 
westliche Länder verlässlich zusagen, einen Teil der Flüchtlinge aufzunehmen. In den USA gibt es diese 
Bereitschaft schon. Die Europäer sollten sich mit den Amerikanern koordinieren und eine gemeinsame 
Flüchtlingsaußenpolitik betreiben. Das wäre eine wichtige Aufgabe für die nächste Bundesregierung in 
Deutschland.
Interview: Damir Fras
Gerald Knaus, 51, leitet den internationalen Thinktank Europäische Stabilitätsinitiative. dpa
Link zum PDF-Dokument"
2021-08,Main Corpus,2021-08(50).ZIP,"„Tod, Folter, Hinrichtung“ Über Abschiebungen nach Afghanistan ist ein heftiger Streit entbrannt. SP(2).PDF","C:\PythonProjects\AfD-project\Corpora\Main Corpus\2021-08\raw_unarchive\„Tod, Folter, Hinrichtung“ Über Abschiebungen nach Afghanistan ist ein heftiger Streit entbrannt. SP(2).PDF","„Tod, Folter, Hinrichtung“ Über Abschiebungen nach Afghanistan ist ein heftiger Streit entbrannt. SPD, Grüne",tod folter hinrichtung über abschiebungen nach afghanistan ist ein heftiger streit entbrannt spd grüne,Rheinische Post,rheinische post,Freitag 6. August 2021,Holger Möhle,S. 4,541,3926,38b416e22025c2c5a67ea565bf4aa89873acbeae,exact_003,duplicate_exact,review,,no,,no,,,5373,no,,exact_003,,,"Holger Möhle
Berlin Horst Seehofer ist nur noch wenige Monate im Amt, aber weiter fest entschlossen. Er will Menschen aus 
Deutschland abschieben – nach Afghanistan. So wie an seinem 69. Geburtstag, als exakt 69 Afghanen von 
Deutschland aus zurück in ihr Heimatland geflogen wurden. Seehofer verfolgte bei Abschiebungen schon immer 
eine harte Linie. Auch jetzt werde wieder mit der Regierung in Kabul über Abschiebungen verhandelt.
In Deutschland ist Wahlkampf. Es geht um Hochwasser, Klima, Corona, Rente. Und seit einigen Tagen auch 
wieder um Abschiebungen nach Afghanistan. Die Parteien und ihre Spitzenkandidaten positionieren sich. Nach 
Seehofer sprach sich zuletzt auch Unions-Kanzlerkandidat Armin Laschet dafür aus, Straftäter weiter nach 
Afghanistan abzuschieben – trotz des Vormarschs der Taliban. Man beobachte die Lage „sehr genau“, versicherte 
Laschet. Das Aufkommen der Taliban könne „nicht ignoriert“ werden. Es brauche deshalb ein „sorgsames 
Vorgehen bei Rückführungen“. Allerdings gelte der Grundsatz „Null Toleranz gegenüber Kriminellen“. Deshalb: 
„Straftäter müssen weiter konsequent abgeschoben werden – auch nach Afghanistan“, hatte Laschet der „Bild“-
Zeitung gesagt.
Nach Angaben des UN-Flüchtlingshilfswerks sind seit Januar 270.000 Afghaninnen und Afghanen von den Taliban 
(und einer Dürreperiode) aus ihren Häusern vertrieben worden. Kurz nachdem die letzten Nato-Truppen im 
Sommer das Land verlassen hatten, gingen Bilder um die Welt, auf denen sich Menschen dicht an dicht vor 
Kabuler Passämtern drängten. Sie alle wollten nur eines: raus aus Afghanistan, in dem die radikal-islamischen 
Taliban gerade dabei sind, sich Region um Region zurückzuholen. Für die UN ist die Lage klar: Es herrscht Krieg, 
jedenfalls in Teilen des Landes.

„Tod, Folter, Hinrichtung“ Über Abschiebungen nach Afghanistan ist ein heftiger Streit entbrannt. SPD, Grüne 
und Linke sind zurückhaltend, die Union macht Tempo....
Grüne und Linke wie auch Teile der SPD halten es deshalb gegenwärtig für nicht vertretbar, Menschen nach 
Afghanistan zurückzufliegen. SPD-Chef Norbert Walter-Borjans hatte gesagt, Seehofers Äußerungen seien „voll auf 
der menschenfeindlichen Linie von Populisten“. Der SPD-Chef: „Auch Straftäter sind Menschen. Sie verdienen ihre 
Strafe. Aber niemand hat das Recht, sie in den Tod zu schicken.“ SPD-Kanzlerkandidat Olaf Scholz hingegen hatte 
als Hamburger Innensenator und Bürgermeister eine harte Linie bei Abschiebungen verfolgt, auch wenn andere 
SPD-geführte Bundesländer sich bei Rückführungsaktionen des Bundesinnenministeriums verweigerten. In seinem 
Buch „Hoffnungsland“ schrieb Scholz: „Der humanitäre Impuls, für jeden abgelehnten Asylbewerber ein Bleiberecht 
zu fordern, schafft große Probleme – weil er die generelle Akzeptanz des Asylrechts gefährdet.“
Grundlage für Abschiebungen ist der jeweilige Asyl-Lagebericht des Auswärtigen Amtes. Er stellt zwar allgemein 
eine Gefährdung durch den Vormarsch der Taliban fest, aber keine konkrete Gefahr für Rückkehrer. Dieser Bericht 
datiert von Mitte Juli, beschreibt aber die Lage aus dem Mai, als die Nato-Truppen noch im Land waren und die 
Taliban sich bewusst noch zurückhielten. Grünen-Co-Vorsitzender Robert Habeck sagte, wo Menschen „Tod, 
Folter, Hinrichtung, das Abhacken von Gliedmaßen drohen“, könne nicht abgeschoben werden. Straftäter müssten 
„hier in Deutschland ihre gerechte Strafe absitzen“.
Grünen-Außenpolitiker Omid Nouripour forderte Außenminister Heiko Maas dringend auf, dieser solle „einen 
aktuellen und realistischen Lagebericht vorlegen, der den massiven Vormarsch und die zahlreichen 
Kriegsverbrechen der Taliban der letzten Wochen abbildet“. Alle zehn Minuten sterbe derzeit ein Zivilist in 
Afghanistan. Nouripour: „Das Fehlen dieses Berichts ist doch auch ein Grund“, warum sowohl Laschet als auch 
Franziska Giffey „ungeachtet der Lage vor Ort von weiteren Abschiebungen schwadronieren.“"
2021-08,Main Corpus,2021-08(50).ZIP,"„Tod, Folter, Hinrichtung“ Über Abschiebungen nach Afghanistan ist ein heftiger Streit entbrannt. SP.PDF","C:\PythonProjects\AfD-project\Corpora\Main Corpus\2021-08\raw_unarchive\„Tod, Folter, Hinrichtung“ Über Abschiebungen nach Afghanistan ist ein heftiger Streit entbrannt. SP.PDF","„Tod, Folter, Hinrichtung“ Über Abschiebungen nach Afghanistan ist ein heftiger Streit entbrannt. SPD, Grüne",tod folter hinrichtung über abschiebungen nach afghanistan ist ein heftiger streit entbrannt spd grüne,Rheinische Post,rheinische post,Freitag 6. August 2021,Holger Möhle,S. 4,541,3926,38b416e22025c2c5a67ea565bf4aa89873acbeae,exact_003,duplicate_exact,review,,no,,no,,,5388,no,,exact_003,,,"Holger Möhle
Berlin Horst Seehofer ist nur noch wenige Monate im Amt, aber weiter fest entschlossen. Er will Menschen aus 
Deutschland abschieben – nach Afghanistan. So wie an seinem 69. Geburtstag, als exakt 69 Afghanen von 
Deutschland aus zurück in ihr Heimatland geflogen wurden. Seehofer verfolgte bei Abschiebungen schon immer 
eine harte Linie. Auch jetzt werde wieder mit der Regierung in Kabul über Abschiebungen verhandelt.
In Deutschland ist Wahlkampf. Es geht um Hochwasser, Klima, Corona, Rente. Und seit einigen Tagen auch 
wieder um Abschiebungen nach Afghanistan. Die Parteien und ihre Spitzenkandidaten positionieren sich. Nach 
Seehofer sprach sich zuletzt auch Unions-Kanzlerkandidat Armin Laschet dafür aus, Straftäter weiter nach 
Afghanistan abzuschieben – trotz des Vormarschs der Taliban. Man beobachte die Lage „sehr genau“, versicherte 
Laschet. Das Aufkommen der Taliban könne „nicht ignoriert“ werden. Es brauche deshalb ein „sorgsames 
Vorgehen bei Rückführungen“. Allerdings gelte der Grundsatz „Null Toleranz gegenüber Kriminellen“. Deshalb: 
„Straftäter müssen weiter konsequent abgeschoben werden – auch nach Afghanistan“, hatte Laschet der „Bild“-
Zeitung gesagt.
Nach Angaben des UN-Flüchtlingshilfswerks sind seit Januar 270.000 Afghaninnen und Afghanen von den Taliban 
(und einer Dürreperiode) aus ihren Häusern vertrieben worden. Kurz nachdem die letzten Nato-Truppen im 
Sommer das Land verlassen hatten, gingen Bilder um die Welt, auf denen sich Menschen dicht an dicht vor 
Kabuler Passämtern drängten. Sie alle wollten nur eines: raus aus Afghanistan, in dem die radikal-islamischen 
Taliban gerade dabei sind, sich Region um Region zurückzuholen. Für die UN ist die Lage klar: Es herrscht Krieg, 
jedenfalls in Teilen des Landes.

„Tod, Folter, Hinrichtung“ Über Abschiebungen nach Afghanistan ist ein heftiger Streit entbrannt. SPD, Grüne 
und Linke sind zurückhaltend, die Union macht Tempo....
Grüne und Linke wie auch Teile der SPD halten es deshalb gegenwärtig für nicht vertretbar, Menschen nach 
Afghanistan zurückzufliegen. SPD-Chef Norbert Walter-Borjans hatte gesagt, Seehofers Äußerungen seien „voll auf 
der menschenfeindlichen Linie von Populisten“. Der SPD-Chef: „Auch Straftäter sind Menschen. Sie verdienen ihre 
Strafe. Aber niemand hat das Recht, sie in den Tod zu schicken.“ SPD-Kanzlerkandidat Olaf Scholz hingegen hatte 
als Hamburger Innensenator und Bürgermeister eine harte Linie bei Abschiebungen verfolgt, auch wenn andere 
SPD-geführte Bundesländer sich bei Rückführungsaktionen des Bundesinnenministeriums verweigerten. In seinem 
Buch „Hoffnungsland“ schrieb Scholz: „Der humanitäre Impuls, für jeden abgelehnten Asylbewerber ein Bleiberecht 
zu fordern, schafft große Probleme – weil er die generelle Akzeptanz des Asylrechts gefährdet.“
Grundlage für Abschiebungen ist der jeweilige Asyl-Lagebericht des Auswärtigen Amtes. Er stellt zwar allgemein 
eine Gefährdung durch den Vormarsch der Taliban fest, aber keine konkrete Gefahr für Rückkehrer. Dieser Bericht 
datiert von Mitte Juli, beschreibt aber die Lage aus dem Mai, als die Nato-Truppen noch im Land waren und die 
Taliban sich bewusst noch zurückhielten. Grünen-Co-Vorsitzender Robert Habeck sagte, wo Menschen „Tod, 
Folter, Hinrichtung, das Abhacken von Gliedmaßen drohen“, könne nicht abgeschoben werden. Straftäter müssten 
„hier in Deutschland ihre gerechte Strafe absitzen“.
Grünen-Außenpolitiker Omid Nouripour forderte Außenminister Heiko Maas dringend auf, dieser solle „einen 
aktuellen und realistischen Lagebericht vorlegen, der den massiven Vormarsch und die zahlreichen 
Kriegsverbrechen der Taliban der letzten Wochen abbildet“. Alle zehn Minuten sterbe derzeit ein Zivilist in 
Afghanistan. Nouripour: „Das Fehlen dieses Berichts ist doch auch ein Grund“, warum sowohl Laschet als auch 
Franziska Giffey „ungeachtet der Lage vor Ort von weiteren Abschiebungen schwadronieren.“"
