batch_id,corpus_name,source_archive,file_name,file_path,title_original,title_normalized,publication,publication_normalized,date,byline,section,word_count,body_char_count,body_hash_exact,duplicate_group_id,duplicate_category,keep_drop_review,drop_reason,kept_representative_of_group,representative_selection_reason,malformed_flag,malformed_reason,notes,raw_text_chars,low_value_flag,low_value_reason,exact_duplicate_group,near_duplicate_group,repeated_variant_group,body_text
2017-04,Main Corpus,2017-04(50).ZIP,"2,6 Millionen Kinder leben in Armut Bremen und Berlin sind besonders betroffen.PDF","C:\PythonProjects\AfD-project\Corpora\Main Corpus\2017-04\raw_unarchive\2,6 Millionen Kinder leben in Armut Bremen und Berlin sind besonders betroffen.PDF","2,6 Millionen Kinder leben in Armut Bremen und Berlin sind besonders betroffen",26 millionen kinder leben in armut bremen und berlin sind besonders betroffen,Der Tagesspiegel,der tagesspiegel,Mittwoch 19. April 2017,,WIRTSCHAFT; S. 14; Ausg. 23090,394,2689,db7562f21df55a041661f930262e4fa6c1b54ea1,,unique,keep,,no,,no,,,3871,no,,,,,"Düsseldorf - Die Kinderarmut in Deutschland nimmt einer Studie zufolge vor allem durch die 
Flüchtlingszuwanderung wieder zu. Die Kinderarmutsquote stieg im Jahr 2015 im Vergleich zum Vorjahr um 0,7 
Prozentpunkte auf 19,7 Prozent, wie eine am Dienstag in Düsseldorf veröffentlichte Studie des Wirtschafts- und 
Sozialwissenschaftlichen Instituts (WSI) der Hans-Böckler-Stiftung ergab. Insgesamt lebten demnach 2015 rund 2,6 
Millionen Kinder in Armut. Der Anstieg beruhe überwiegend auf der Zuwanderung von Jungen und Mädchen, die 
als Flüchtlinge meist unter der Armutsgrenze lebten. Dagegen habe sich das Armutsrisiko von Jungen und 
Mädchen mit Migrationshintergrund, die in Deutschland geboren wurden, kaum verändert, hieß es. Bei Kindern 
ohne Migrationshintergrund sei die Armutsquote sogar geringfügig von 13,7 auf 13,5 Prozent zurückgegangen. 
""Der Anstieg der Kinderarmut durch die Flüchtlingseinwanderung ist damit an den einheimischen Kindern spurlos 
vorübergegangen"", sagte der WSI-Sozialexperte Eric Seils. Mit Blick auf die Flüchtlingskinder gelte es, die Eltern 
langfristig in Arbeit zu bringen, um der Familie ein Leben über der Armutsgrenze zu ermöglichen.
Für die Studie hat das Forschungsinstitut der gewerkschaftsnahen Stiftung nach eigenen Angaben die neuesten 
Daten aus dem Mikrozensus für alle Bundesländer ausgewertet, die sich auf das Jahr 2015 beziehen. Den größten 
Einfluss auf Höhe und Entwicklung der Kinderarmutsquote hat nach Angaben der Studienautoren die Situation am 
Arbeitsmarkt. Aber auch Alleinerziehende und ihre Kinder sowie Familien mit Migrationshintergrund hätten ein 
erhöhtes Armutsrisiko.
Am höchsten ist die Kinderarmutsquote mit 34,2 Prozent laut der Studie in Bremen, gefolgt von Berlin (29,8 
Prozent) und Mecklenburg-Vorpommern (29 Prozent). Mit Abstand am niedrigsten ist sie dagegen in Bayern (12,3 
Prozent) und Baden-Württemberg (13,4 Prozent). In beiden Bundesländern sei die Quote aber gestiegen - um 0,4 
beziehungsweise 0,7 Prozentpunkte. Erstmals seit zehn Jahren gebe es keinen Regierungsbezirk mehr, in dem 
weniger als jedes zehnte Kind in Armut lebe, erklärte Seils. Während der Anteil der Kinder, die in Armut 
aufwachsen, in 13 von 16 Bundesländern gestiegen ist, sank er in Nordrhein-Westfalen von 23,6 auf 22,9 Prozent. 
Die Studienautoren führen das auf die gute Arbeitsmarktentwicklung zurück.
Als arm gelten laut der Untersuchung Kinder, die in Haushalten leben, deren Einkommen weniger als 60 Prozent 
des mittleren Einkommens beträgt. Bei einer Familie mit zwei Kindern unter 14 Jahren sind das weniger als 1978 
Euro im Monat. epd

2,6 Millionen Kinder leben in Armut Bremen und Berlin sind besonders betroffen"
2017-04,Main Corpus,2017-04(50).ZIP,59 Flüchtlinge in Deutschland getötet BKA-Analyse_ Viele Täter sind selbst Zuwanderer.PDF,C:\PythonProjects\AfD-project\Corpora\Main Corpus\2017-04\raw_unarchive\59 Flüchtlinge in Deutschland getötet BKA-Analyse_ Viele Täter sind selbst Zuwanderer.PDF,59 Flüchtlinge in Deutschland getötet BKA-Analyse: Viele Täter sind selbst Zuwanderer,59 flüchtlinge in deutschland getötet bkaanalyse viele täter sind selbst zuwanderer,Der Tagesspiegel,der tagesspiegel,Mittwoch 19. April 2017,,POLITIK; S. 5; Ausg. 23090,399,2813,1bccb30dea5d86224793b3dfd5c835a93fae0e21,,unique,drop,commentary_noncore,no,,no,,,3736,yes,commentary_noncore,,,,"Berlin - Bei gewaltsamen Auseinandersetzungen, an denen Flüchtlinge als Täter oder Opfer beteiligt waren, haben 
im vergangenen Jahr 82 Menschen ihr Leben verloren. Das geht aus einem Papier des Bundeskriminalamts mit 
""Kernaussagen"" zu ""Kriminalität im Kontext von Zuwanderung"" hervor.
Laut BKA starben 59 ""Zuwanderer"", 16 deutsche Staatsangehörige, fünf weitere EU-Bürger sowie zwei ""Nicht-EU- 
Bürger"". In einer Fußnote sagt das BKA, bei den Zahlen seien auch die Todesopfer des Anschlags vom 19. 
Dezember auf den Weihnachtsmarkt in Berlin berücksichtigt. Der Tunesier Anis Amri, der in der Bundesrepublik 
Asyl beantragt hatte, ermordete sieben Deutsche sowie fünf Menschen aus Polen, Tschechien, Italien, der Ukraine 
und Israel.
In den Angaben des BKA, das Informationen aus den Bundesländern zusammengetragen hat, gibt es aber eine 
Unschärfe: Es ist nur zu vermuten, dass die meisten der 82 Toten auf das Konto von gewalttätigen Flüchtlingen 
gehen - denn genau aufgeschlüsselt, wer wen umgebracht hat, wird in den Kernaussagen nicht. Das BKA erwähnt 
summarisch 468 ""Fälle von Straftaten gegen das Leben"", bei denen ""mindestens ein Zuwanderer als Opfer oder als 
Tatverdächtiger beteiligt war"". 402 Fälle waren versuchte Tötungsdelikte, 66 waren ""vollendete Taten"". In 310 
Fällen seien ausschließlich Zuwanderer beteiligt gewesen. In 16 Fällen wurden Deutsche als Täter registriert, in 61 
als Opfer.
Auf Anfrage konnte die Behörde über den Fall Amri hinaus die deutschen Todesopfer nicht weiter benennen - und 
auch keinen Fall, in dem ein Deutscher oder ein Ausländer, der nicht Flüchtling war, einen Zuwanderer tötete. Der 
kürzlich bekannt gewordenen Antwort der Bundesregierung auf eine Anfrage der Abgeordneten Martina Renner 
(Linke) ist zu entnehmen, dass 2016 kein vollendetes rechtsextremes Tötungsverbrechen an einem Flüchtling 
registriert wurde.
Mit Blick auf die Kriminalität insgesamt haben die Länder laut BKA im vergangenen Jahr 295 100 Fälle ""im 
Zusammenhang mit versuchten und vollendeten Straftaten registriert, bei denen mindestens ein Zuwanderer als 
Tatverdächtiger erfasst wurde"". 2016 zeichnete sich damit gegenüber dem Vorjahr eine deutliche Zunahme bei den 
von Flüchtlingen verübten Delikten ab. Die überwiegende Mehrheit der Zuwanderer - das BKA spricht von 1 170 
000 Asylsuchenden seit Januar 2015 - hat keine Straftaten begangen.

59 Flüchtlinge in Deutschland getötet BKA-Analyse: Viele Täter sind selbst Zuwanderer
In den Kernaussagen werden auch die meist rassistisch motivierten Attacken auf Unterkünfte von Zuwanderern 
genannt. Die Polizei stellte 2016 insgesamt 994 solcher Angriffe fest. 928 seien rechts motiviert gewesen, sagt das 
BKA. Im Jahr zuvor hatte die Polizei bundesweit 1031 Attacken gezählt, 923 wurden damals als ""rechts"" eingestuft. 
Frank Jansen"
2017-04,Main Corpus,2017-04(50).ZIP,_Keine verschiebbare Bevölkerungsgruppe_.PDF,C:\PythonProjects\AfD-project\Corpora\Main Corpus\2017-04\raw_unarchive\_Keine verschiebbare Bevölkerungsgruppe_.PDF,"""Keine verschiebbare Bevölkerungsgruppe""",keine verschiebbare bevölkerungsgruppe,Frankfurter Rundschau,frankfurter rundschau,Freitag 21. April 2017,,HESSEN; S. F22,491,3419,676fce958f1d31ee85992fe794082cf0d46bd256,,unique,keep,,no,,no,,,4233,no,,,,,"Herr Mesovic, was halten Sie von einer Wohnsitz-Auflage für Flüchtlinge in Hessen?
Wir haben es schon für problematisch gehalten, als die Möglichkeit dazu als Bundesrecht geschaffen wurde. Hier 
wird ein Eingriff in das Recht auf Bewegungsfreiheit vorgenommen, den wir auch als Inländer problematisch finden 
würden. Flüchtlinge werden von Anfang an fremdbestimmt, etwa durch den Verteilungsschlüssel auf die 
Bundesländer, die Zuweisung an eine Kommune oder den Aufenthalt in der Erstaufnahme. Eine Wohnsitzauflage 
verlängert die Zeit der Zwangsunterbringung an einem Ort. Manche Flüchtlinge fühlen sich möglicherweise an 
bestimmte Orte verbannt, wo sie doch eigentlich nach der Anerkennung ihre Chancen wahrnehmen wollten.
Kann es nicht sein, dass sie an diesem Ort besser aufgehoben sind - weil genug Wohnungen, Plätze in Schulen, 
Kitas und Sprachkursen zur Verfügung stehen?
Das stimmt nur partiell. Es ist sicher so, dass Wohnungen in manchen Regionen leichter zu finden sind. Aber es ist 
gerade für Menschen, die nicht besonders mobil sind, schwierig, dort hinzukommen, wo die Jobs sind oder die 
Kursangebote. Wir hätten ja nichts dagegen, wenn es einen positiven Wettbewerb darum gäbe, Flüchtlinge zum 
Bleiben zu bewegen. Viele Flüchtlinge würden das tun, wenn sie wüssten, wo die Kinder zur Schule gehen können 
und welche örtlichen Angebote es gibt. Aber der Dreh- und Angelpunkt ist die Frage: Wo werde ich die größte 
Chance haben, einen Job zu finden?
Die Befürworter argumentieren, Jobs gebe es auch im Odenwald oder dem Vogelsberg. Die Menschen müssten 
halt nur auf diese Alternative gebracht werden.
Das bezweifle ich. Und wenn es so ist, müsste man mit Angeboten auf die Flüchtlinge zugehen. Wo sich 
Kommunen schon während des Asylverfahrens um Flüchtlinge kümmern, da gibt es solche Initiativen, um sie zu 
halten. Es liegt im Interesse kleinerer ländlicher Kommunen, dass sie nicht immer mehr an Bevölkerung verlieren. 
Man kann aber nicht davon ausgehen, dass Flüchtlinge eine verschiebbare Bevölkerungsgruppe sind, die man 
einfach in die Lücken hineinschieben kann.
Einige Bundesländer haben diese Auflagen schon erlassen. Hessen soll sich an Baden-Württemberg orientieren. 
Wie sind die Erfahrungen dort?

""Keine verschiebbare Bevölkerungsgruppe""
In Baden-Württemberg gibt es einen hohen Bedarf, Arbeitsplätze zu besetzen, gerade auch bei kleinen und 
mittleren Betrieben und nicht nur in den Ballungsräumen. Auch in Hessen könnte man sicher einen relevanten Teil 
der anerkannten Flüchtlinge in den Regionen halten, wo es eine realistische Chance auf Arbeitsplätze gibt. Aber 
man darf es nicht als Zwangsveranstaltung machen. Betriebe und Kommunen müssen um potenzielle 
Arbeitnehmer und Bürger werben, ob das nun Einheimische sind oder Flüchtlinge.
Also appellieren Sie an Innenminister Peter Beuth, das nicht umzusetzen?
Ja. Ich habe mich auch gewundert über die relative Leichtfertigkeit, mit der die Grünen das ausgeben als Win-Win-
Situation. Man kann Integrationsfragen nicht durch Zwangsverschickung aufs flache Land regeln. Das Land könnte 
den hessischen Kreisen Unterstützung anbieten. Manche sagen, Flüchtlinge sind eine Chance zur Wiederbelebung 
der Dörfer. Aber man kann sie nicht hierfür instrumentalisieren, als wären sie Objekte und nicht Menschen.
Interview: Pitt von Bebenburg
Graphic
 
ist Leiter derAbteilung Rechtspolitik bei der MenschenrechtsorganisationPro Asyl."
2017-04,Main Corpus,2017-04(50).ZIP,Abschiebungen unter Vorbehalt.PDF,C:\PythonProjects\AfD-project\Corpora\Main Corpus\2017-04\raw_unarchive\Abschiebungen unter Vorbehalt.PDF,Abschiebungen unter Vorbehalt,abschiebungen unter vorbehalt,Frankfurter Rundschau,frankfurter rundschau,Mittwoch 12. April 2017,,POLITIK; S. 4,443,3207,145607defd2c20c2f39844c44bc3ea5b677637a0,,unique,keep,,no,,no,,,4369,no,,,,,"Von Markus Decker
Die Bundesregierung will Asylsuchende nur noch dann nach Ungarn abschieben, wenn die dortigen Behörden die 
EU-Standards der Unterbringung in jedem Einzelfall garantieren. Das geht aus einem Erlass des 
Bundesinnenministeriums an das Bundesamt für Migration und Flüchtlinge hervor.
Ein Sprecher des Ministeriums sagte der FR, mit dem Erlass vom 6. April wolle man bei Dublin-
Übernahmeersuchen an Ungarn ""bis auf weiteres"" von den ungarischen Behörden eine Zusicherung erbitten, dass 
die Flüchtlinge gemäß EU-Standards untergebracht würden und das Verfahren den EU-Standards entspreche. 
Wörtlich heißt es in dem Erlass: ""Ohne eine derartige Zusicherung von den ungarischen Behörden soll keine 
Überstellung erfolgen.""
Gemäß der Dublin-Verordnung der EU muss ein Schutzsuchender in dem EU-Staat Asyl beantragen, in dem er 
nach seiner Ankunft in Europa zuerst registriert wurde. Somit schickt Deutschland regelmäßig Flüchtlinge nach 
Ungarn zurück, weil sie dort ankamen. Allerdings war Ungarn zuletzt immer wieder in der Kritik, da es etwa 
Flüchtlinge während der gesamten Zeit des Asylverfahrens in Transitlagern an der Grenze zu Serbien internieren 
will. Überhaupt ist das Agieren des Ministerpräsidenten Viktor Orban erklärtermaßen auf Abschreckung und 
Diskriminierung ausgerichtet; er hat mehrfach die liberalere Flüchtlingspolitik der Deutschen kritisiert. Teilweise 
machen rechte Schlägertrupps Jagd auf Asylsuchende.
Seit Mitte März will die Bundesregierung auch Dublin-Überstellungen nach Griechenland wieder ausführen, die 
aufgrund der Mängel bei Unterbringung und Asylverfahren seit 2011 ausgesetzt waren. In Griechenland sind 
Flüchtlinge partiell de facto ebenfalls interniert; die Regierung erweist sich als überfordert. Die Dublin-Verordnung, 
die die Lasten jahrelang Staaten mit EU-Außengrenzen wie Griechenland oder Italien aufbürdete, war auf dem 
Höhepunkt der Krise längere Zeit ausgesetzt worden und soll nun wieder gelten.
Der Europabeauftragte von Pro Asyl, Karl Kopp, sagte der FR: ""Es gibt nur eine Lösung: Man sollte alle 
Überstellungen nach Ungarn stoppen. Die Menschenrechtslage dort ist so dramatisch und die Bedingungen sind so 
elend, dass man Flüchtlingen alles andere nicht zumuten kann."" Eine entsprechende Position vertrete auch das 

Abschiebungen unter Vorbehalt
Flüchtlingshilfswerk der Vereinten Nationen UNHCR. Von dort verlautet, andere EU-Staaten sollten mit den 
sogenannten Dublin-Rückführungen pausieren, bis sich Ungarn wieder an internationales Recht halte.
Kopp fügte hinzu, ein solch genereller Stopp würde unter anderem jenen Betroffenen Gewissheit geben, die sich in 
Deutschland ins Kirchenasyl geflüchtet hätten, um der Abschiebung nach Ungarn zu entgehen. ""Diese Leute 
könnten dann raus"", betonte er. ""Sie leben in Angst und Schrecken."" 2016 gab es nach Informationen von Pro Asyl 
11 989 Übernahmeersuchen aus Deutschland an Ungarn. Tatsächlich dorthin abgeschoben wurden aber lediglich 
294 Frauen, Männer und Kinder. Seite 13
Pro Asyl fordert generellen Stopp der Überstellungen ins Orban-Land
Graphic
 
Flüchtlinge warten auf dem Gelände einer Erstaufnahmeeinrichtung in Neumünster, Schleswig-Holstein. Carsten 
Rehder/dpa"
2017-04,Main Corpus,2017-04(50).ZIP,Auflagen für Flüchtlinge geplant.PDF,C:\PythonProjects\AfD-project\Corpora\Main Corpus\2017-04\raw_unarchive\Auflagen für Flüchtlinge geplant.PDF,Auflagen für Flüchtlinge geplant,auflagen für flüchtlinge geplant,Frankfurter Rundschau,frankfurter rundschau,Dienstag 18. April 2017,,HESSEN; S. F12,549,4098,19235405287168a989afeecd319980cc7fea85ae,,unique,keep,,no,,no,,,5194,no,,,,,"Von Pitt von Bebenburg
Hessen will bestimmten Gruppen von Flüchtlingen künftig vorschreiben, in welcher Stadt oder welchem Landkreis 
sie leben sollen. Eine solche Wohnsitzauflage soll die Bildung von Ghettos in Großstädten verhindern und zugleich 
dafür sorgen, dass es keinen Doppelbezug von Sozialleistungen gibt. Wer dann nicht am zugewiesenen Wohnort 
lebt, bekäme keine Sozialleistungen mehr.
Der Hessische Städtetag dringt seit langem darauf, eine solche Auflage zu erlassen. Innenminister Peter Beuth 
(CDU) kündigte im Landtag zuletzt an: ""Daran arbeiten wir."" Zwar teilte sein Ministerium der Frankfurter Rundschau 
jetzt auf Anfrage mit, der Entscheidungsprozess sei ""noch nicht abgeschlossen"". Die kommunalen Spitzenverbände 
rechnen aber damit, dass die Wohnsitzauflage noch vor der Sommerpause kommen wird.
Der Bund hatte den Ländern mit dem Integrationsgesetz im vergangenen Jahr die Möglichkeit eröffnet, solche 
Auflagen zu erlassen. Dafür genügt nun eine Richtlinie aus dem Ministerium - ein Landesgesetz ist nicht mehr 
erforderlich und damit auch keine Beteiligung des Landtags. ""Wir als Städtetag wollen das so schnell wie möglich"", 
sagte der Sozialexperte des Städtetags, Michael Hofmeister, im Gespräch mit der Frankfurter Rundschau.
Der Städtetag hat gemeinsam mit dem Landkreistag und dem Hessischen Städte- und Gemeindebund (HSGB) 
vorgeschlagen, dass sich Hessen an der Wohnsitzauflage von Baden-Württemberg orientieren solle, die seit 
September gilt. Dort sind jene Flüchtlinge von der Pflicht ausgenommen, die selbst ihren Lebensunterhalt 
verdienen, eine Ausbildung oder ein Studium absolvieren.
Bürgerrechts- und Flüchtlingsorganisationen lehnen die Wohnsitzauflagen als diskriminierend ab. Im Landtag 
vertritt die Linke diese Position. Das ""Menschenrecht auf Freizügigkeit"" müsse ""unterschiedslos auch für Flüchtlinge 
gelten"", heißt es in einem Antrag der Linken-Fraktion. Wohnsitzauflagen und Zuzugsverbote lehne man 
entschieden ab. ""Solche diskriminierenden Vorschriften erschweren Integrationsprozesse."" Daher sei eine solche 
Auflage ""weder mit der Wohnungsnot in den Ballungsräumen noch mit der Existenz sozialer Brennpunkte in den 
Städten zu rechtfertigen"", sagte die Linken-Abgeordnete Gabi Faulhaber im Landtag.
Ausweitung befürwortet

Auflagen für Flüchtlinge geplant
Alle anderen Fraktionen sind aufgeschlossen für eine Wohnsitzauflage. In ländlichen Regionen stünden nicht nur 
Wohnraum zur Verfügung, sondern auch ausreichend Plätze in Schulen und Kindergärten, argumentieren CDU, 
Grüne, SPD und FDP. In großen Städten hingegen fehle es daran. Daher könne es ""eine Win-win-Situation"" 
werden, wenn mehr Flüchtlinge aufs Land zögen, sagte der Grüne Marcus Bocklet im Landtag. Auch die Chancen 
auf dem Arbeitsmarkt stünden für Flüchtlinge gut. Als Beispiel nannte Bocklet den Odenwaldkreis. Dorthin seien nur 
47 Flüchtlinge zugewiesen, aber es gebe mehr als 400 offene Stellen. Daher sei eine Wohnsitzauflage ""eine 
Überlegung wert"".
Der Geschäftsführer des Städte- und Gemeindebundes, Karl-Christian Schelzke, befürchtet, dass sich die Lage in 
den großen Städten sowie in den Flächenkreisen ""zuspitzen"" könne. In den Metropolen ballten sich zu viele 
Menschen, vom Land zögen immer mehr Menschen weg. Er befürwortet daher eine Wohnsitzauflage, hält sie aber 
nicht für ausreichend: ""Damit lassen sich die Probleme nicht lösen."" Zwang sei immer schlecht. ""Man muss 
versuchen, die Menschen mit Anreizen dazu zu bewegen, dass sie von den Ballungsräumen in den ländlichen 
Raum gehen"", schlägt Schelzke demgegenüber vor.
Der Städtetag ist stärker überzeugt von der Wirkung der Wohnsitzauflage. Er wünscht sich sogar eine Ausweitung 
über Flüchtlinge hinaus auf andere ausländische Sozialhilfeempfänger, etwa auf Zuwanderer aus Rumänien, 
Bulgarien und anderen EU-Staaten. Das solle auch für andere schlecht integrierte Menschen gelten, etwa für 
""Ausländer mit Aufenthaltsberechtigung, die trotz jahrzehntelangem Aufenthalt in Deutschland keinen 
gesellschaftlichen und sprachlichen Anschluss gefunden haben"", heißt es in einem Präsidiumsbeschluss."
2017-04,Main Corpus,2017-04(50).ZIP,Berlin stoppt Abschiebungen nach Ungarn Begründung_ Schlechter Umgang mit Flüchtlingen.PDF,C:\PythonProjects\AfD-project\Corpora\Main Corpus\2017-04\raw_unarchive\Berlin stoppt Abschiebungen nach Ungarn Begründung_ Schlechter Umgang mit Flüchtlingen.PDF,Berlin stoppt Abschiebungen nach Ungarn Begründung: Schlechter Umgang mit Flüchtlingen,berlin stoppt abschiebungen nach ungarn begründung schlechter umgang mit flüchtlingen,Berliner Zeitung,berliner zeitung,12. April 2017,Markus Decker,POL; S. 5; Ausg. 87,433,3185,de15f59ed2daf1ffcb3e512c4f2bbfb6d80a978c,,unique,keep,,no,,no,,,4471,no,,,,,"VON MARKUS DECKER 
 Die Bundesregierung will Asylsuchende nur noch dann nach Ungarn abschieben, wenn die dortigen Behörden 
die EU-Standards der Unterbringung in jedem Einzelfall garantieren. Das geht aus einem Erlass des 
Bundesinnenministeriums an das Bundesamt für Migration und Flüchtlinge hervor. Ein Sprecher des Ministeriums 
sagte der Berliner Zeitung, mit dem Erlass vom 6. April wolle sein Haus bei Dublin-Übernahmeersuchen an Ungarn 
""bis auf weiteres"" von den ungarischen Behörden eine Zusicherung erbitten, dass die Flüchtlinge gemäß EU-
Standards untergebracht würden und das Verfahren den EU-Standards entspreche. Wörtlich heißt es in dem 
Erlass: ""Ohne eine derartige Zusicherung von den ungarischen Behörden soll keine Überstellung erfolgen."" 
 Schlägertrupps auf der Jagd 
 Gemäß der Dublin-Verordnung der EU muss ein Schutzsuchender in dem EU-Staat Asyl beantragen, in dem er 
nach seiner Ankunft in Europa zuerst registriert wurde. Somit schickt Deutschland regelmäßig Flüchtlinge nach 
Ungarn zurück, weil sie dort angekommen waren. Allerdings war Ungarn zuletzt immer wieder in die Kritik geraten, 
da es etwa Flüchtlinge während der gesamten Zeit des Asylverfahrens in Transitlagern an der Grenze zu Serbien 
internieren will. Überhaupt ist das Agieren des ungarischen Ministerpräsidenten Viktor Orban erklärtermaßen auf 
Abschreckung und Diskriminierung von Flüchtlingen ausgerichtet; er hat seinerseits mehrfach die liberalere 
Flüchtlingspolitik von Kanzlerin Angela Merkel kritisiert. Teilweise machen rechte Schlägertrupps Jagd auf 
Asylsuchende. 
 Seit Mitte März will die Bundesregierung auch Dublin-Überstellungen nach Griechenland wieder ausführen, die 
aufgrund der Mängel bei Unterbringung und Asylverfahren seit 2011 ausgesetzt waren. In Griechenland sind 
Flüchtlinge zum Teil ebenfalls interniert. Die Dublin-Verordnung, die die Lasten jahrelang Staaten mit EU-
Außengrenzen wie Griechenland oder Italien aufbürdete, war auf dem Höhepunkt des Flüchtlingsstroms längere 
Zeit ausgesetzt und soll nun wieder in Kraft gesetzt werden. 
 Der Europabeauftragte der Organisation Pro Asyl, Karl Kopp, sagte der Berliner Zeitung: ""Es gibt nur eine 
Lösung: Man sollte alle Überstellungen nach Ungarn stoppen. Die Menschenrechtslage dort ist so dramatisch und 
die Bedingungen sind so elend, dass man Flüchtlingen alles andere nicht zumuten kann."" Eine entsprechende 

Berlin stoppt Abschiebungen nach Ungarn Begründung: Schlechter Umgang mit Flüchtlingen
Position vertrete auch das Flüchtlingshilfswerk der Vereinten Nationen UNHCR. Dieses forderte, andere EU-
Staaten sollten mit den sogenannten Dublin-Rückführungen pausieren, bis sich Ungarn wieder an internationales 
Recht halte. 
 Kopp fügte hinzu, ein solch genereller Stopp würde unter anderem jenen Betroffenen Gewissheit geben, die sich 
in Deutschland ins Kirchenasyl geflüchtet hätten, um der Abschiebung nach Ungarn zu entgehen. ""Diese Leute 
könnten dann raus"", betonte er. ""Sie leben in Angst und Schrecken."" 
 2016 gab es nach Informationen von Pro Asyl 11 989 Übernahmeersuchen aus Deutschland an Ungarn. 
Tatsächlich dorthin abgeschoben wurden aber lediglich 294 Frauen, Männer und Kinder."
2017-04,Main Corpus,2017-04(50).ZIP,CDU-Senioren_ DNA-Tests für Flüchtlinge(2).PDF,C:\PythonProjects\AfD-project\Corpora\Main Corpus\2017-04\raw_unarchive\CDU-Senioren_ DNA-Tests für Flüchtlinge(2).PDF,CDU-Senioren: DNA-Tests für Flüchtlinge,cdusenioren dnatests für flüchtlinge,Rheinische Post,rheinische post,Mittwoch 26. April 2017,christian schwerdtfeger,TITELSEITE,267,1905,82f98d56fdbde44193fb9d0c6a534ee6e4bd2f24,exact_001,duplicate_exact,review,,no,,no,,,2791,no,,exact_001,,,"christian schwerdtfeger
Düsseldorf Die Senioren-Union in NRW fordert, dass von allen männlichen Flüchtlingen ab 14 Jahren in 
Deutschland DNA-Proben genommen werden. ""Die Vermutung liegt nahe, dass der Anstieg von Vergewaltigungen 
und sexueller Nötigung um 12,8 Prozent, aber auch die deutliche Zunahme von allgemeinen Gewaltdelikten in 
einem ursächlichen Zusammenhang mit der Zahl von Asylbewerbern, Flüchtlingen und illegalen Einwanderern 
steht"", erklärte Leonhard Kuckart, NRW-Chef der Seniorenunion.
Aus Sicht des 85-Jährigen spreche nichts dagegen, weil von allen ankommenden Migranten bereits 
Fingerabdrücke zur Sicherung ihrer Identität genommen werden. ""Ich sehe darin keine Verletzung des 
Persönlichkeitsrechtes"", betonte Kuckart. Er verspreche sich durch die Sicherung von DNA-Proben eine 
""abschreckende Wirkung und schnellere Aufklärung"" vor allem im Hinblick auf Sexualstraftaten.
Kuckart reagierte mit seiner Forderung auf die Kriminalstatistik 2016, wonach die Zahl der nichtdeutschen 
Tatverdächtigen von 555.820 auf 616.230 stieg, der Anteil der Zuwanderer an allen Tatverdächtigen von 5,7 auf 8,6 
Prozent.
Nach Informationen unserer Redaktion soll CDU-Spitzenkandidat Armin Laschet ungehalten auf die Forderung der 
Senioren-Union reagiert haben. Das unterlaufe den Wahlkampf der CDU und spiele der SPD in die Hände, soll er 
gesagt haben. Offiziell hieß es, dass die CDU die Ansicht der Senioren-Union nicht teile, so ein Fraktionssprecher.
Der CDU-Politiker Kuckart zeigte sich von der Kritik unbeeindruckt. ""Wir sind eine eigenständige Organisation und 
haben das Recht, unsere Meinung zu sagen"", sagte Kuckart. ""Man muss doch wenigstens darüber offen 
diskutieren können. Wer einen besseren Vorschlag hat, soll ihn machen.""
""Ich sehe darin keine Verletzung des Persönlichkeitsrechts""
Leonhard Kuckart

CDU-Senioren: DNA-Tests für Flüchtlinge
NRW-Vorsitzender der Senioren-Union"
2017-04,Main Corpus,2017-04(50).ZIP,CDU-Senioren_ DNA-Tests für Flüchtlinge.PDF,C:\PythonProjects\AfD-project\Corpora\Main Corpus\2017-04\raw_unarchive\CDU-Senioren_ DNA-Tests für Flüchtlinge.PDF,CDU-Senioren: DNA-Tests für Flüchtlinge,cdusenioren dnatests für flüchtlinge,Rheinische Post,rheinische post,Mittwoch 26. April 2017,christian schwerdtfeger,TITELSEITE,267,1905,82f98d56fdbde44193fb9d0c6a534ee6e4bd2f24,exact_001,duplicate_exact,review,,no,,no,,,2791,no,,exact_001,,,"christian schwerdtfeger
Düsseldorf Die Senioren-Union in NRW fordert, dass von allen männlichen Flüchtlingen ab 14 Jahren in 
Deutschland DNA-Proben genommen werden. ""Die Vermutung liegt nahe, dass der Anstieg von Vergewaltigungen 
und sexueller Nötigung um 12,8 Prozent, aber auch die deutliche Zunahme von allgemeinen Gewaltdelikten in 
einem ursächlichen Zusammenhang mit der Zahl von Asylbewerbern, Flüchtlingen und illegalen Einwanderern 
steht"", erklärte Leonhard Kuckart, NRW-Chef der Seniorenunion.
Aus Sicht des 85-Jährigen spreche nichts dagegen, weil von allen ankommenden Migranten bereits 
Fingerabdrücke zur Sicherung ihrer Identität genommen werden. ""Ich sehe darin keine Verletzung des 
Persönlichkeitsrechtes"", betonte Kuckart. Er verspreche sich durch die Sicherung von DNA-Proben eine 
""abschreckende Wirkung und schnellere Aufklärung"" vor allem im Hinblick auf Sexualstraftaten.
Kuckart reagierte mit seiner Forderung auf die Kriminalstatistik 2016, wonach die Zahl der nichtdeutschen 
Tatverdächtigen von 555.820 auf 616.230 stieg, der Anteil der Zuwanderer an allen Tatverdächtigen von 5,7 auf 8,6 
Prozent.
Nach Informationen unserer Redaktion soll CDU-Spitzenkandidat Armin Laschet ungehalten auf die Forderung der 
Senioren-Union reagiert haben. Das unterlaufe den Wahlkampf der CDU und spiele der SPD in die Hände, soll er 
gesagt haben. Offiziell hieß es, dass die CDU die Ansicht der Senioren-Union nicht teile, so ein Fraktionssprecher.
Der CDU-Politiker Kuckart zeigte sich von der Kritik unbeeindruckt. ""Wir sind eine eigenständige Organisation und 
haben das Recht, unsere Meinung zu sagen"", sagte Kuckart. ""Man muss doch wenigstens darüber offen 
diskutieren können. Wer einen besseren Vorschlag hat, soll ihn machen.""
""Ich sehe darin keine Verletzung des Persönlichkeitsrechts""
Leonhard Kuckart

CDU-Senioren: DNA-Tests für Flüchtlinge
NRW-Vorsitzender der Senioren-Union"
2017-04,Main Corpus,2017-04(50).ZIP,Christoph Kukulies (AfD).PDF,C:\PythonProjects\AfD-project\Corpora\Main Corpus\2017-04\raw_unarchive\Christoph Kukulies (AfD).PDF,Christoph Kukulies (AfD),christoph kukulies afd,Rheinische Post,rheinische post,Freitag 28. April 2017,,LOKALES,246,1711,c67597d8038bbc9173c77d4c1e8f34c51307e44e,,unique,keep,,no,,no,,,2412,no,,,,,"Christoph Kukulies
(AfD)
Emmerich (bal) Christoph Kukulies ist das Stehaufmännchen der Emmericher Politik. Fast 15 Jahre lang war der 
gebürtige Versmolder, der in Gelsenkirchen aufwuchs, Mitglied in der FDP. Nach Streitigkeiten im Ortsverband trat 
der langjährige Ratsherr aus der Partei aus und wechselte zur AfD. Für Kukulies keine Abkehr von seinen 
politischen Überzeugungen, denn die AfD sei sowohl eine liberal als auch national-konservativ. ""In diesem 
Parteiprogramm kann ich mich wiederfinden"", sagt der 49-jährige Berufsfeuerwehrmann, der mit Frau und drei 
Kindern in Emmerich-Elten lebt. Dass er nun Mitglied der AfD ist und sich dennoch in der Flüchtlingshilfe engagiert, 
ist für ihn ebenfalls kein Widerspruch. ""Es geht darum, Probleme im Sinne meines Ortes und der Menschen zu 
lösen. Deshalb helfe ich,"" bekräftigt Kukulies, der auf der einen Seite eine konsequente Abschiebung von 
Flüchtlingen ohne Bleibeperspektive fordert, auf der anderen aber auch will, dass diejenigen, die bleiben dürfen, die 
Chance auf einen Arbeitsplatz erhalten. Kukulies, der es durchaus für möglich hält, dass die AfD im ländlichen 
Raum ein zweistelliges Ergebnis erzielen kann, setzt in seinem Wahlkampf auch auf andere Themen. Dazu 
gehören beim Stichwort Bildung die Rückkehr zu G9 bei Wahlfreiheit sowie das Festhalten am dreigliedrigen 
Schulsystem, an dualer Ausbildung und den Berufskollegs. Beim Thema Sicherheit fordert er eine bessere 
Ausstattung der Polizei. Dazu unter anderem mehr Investitionen in Straßen und Infrastruktur, Förderung der Familie 
sowie eine Bemessung des Arbeitslosengeldes nach der Lebensleistung.
Christoph Kukulies bewirbt sich für die AfD um ein Landtagsmandat.
RP-Foto:
mvo"
2017-04,Main Corpus,2017-04(50).ZIP,Die Kriminalität und die Flüchtlinge.PDF,C:\PythonProjects\AfD-project\Corpora\Main Corpus\2017-04\raw_unarchive\Die Kriminalität und die Flüchtlinge.PDF,Die Kriminalität und die Flüchtlinge,die kriminalität und die flüchtlinge,Berliner Zeitung,berliner zeitung,24. April 2017,MARKUS DECKER,MEINUNG; S. 8; Ausg. 95,276,1941,6b9515c05c3c3f7dc4f216a5545c7574598a3725,,unique,drop,commentary_noncore,no,,no,,,2670,yes,commentary_noncore,,,,"Markus Decker 
 weiß, dass man Statistiken interpretieren kann - klug und weniger klug. 
 Man muss kein Prophet sein, um eines vorherzusagen: Die Zahlen über eine zunehmende Kriminalität auch 
unter Zuwanderern werden angesichts der politischen Polarisierung in Deutschland unweigerlich dazu führen, dass 
sie am Montag sämtliche Berichte und Debatten über die Polizeiliche Kriminalstatistik beherrschen - obwohl in der 
Statistik noch allerlei anderes drin steht. Dies hängt neben der gesellschaftlichen Stimmung damit zusammen, dass 
diese Statistik noch mehr als andere interpretierbar ist. Wer den Flüchtlingen helfen will, der sollte freilich alles 
unterlassen, die Zahlen einfach zu bestreiten oder so weit zu relativieren, dass von ihnen nichts mehr übrig bleibt. 
Eher bekommen nun jene recht, die sagen: Mehr Flüchtlinge bringen unter anderem mehr Kriminalität. Diese 
Feststellung ist kein Rassismus. Rassistisch verhält sich, wer den Eindruck erweckt, als seien ausnahmslos 
Zuwanderer kriminell, weil sie Zuwanderer seien - und alle anderen nicht. 
 Wer Flüchtlingen gerecht werden und die Polarisierung der Gesellschaft lindern will, der wird sagen dürfen und 
müssen, dass Gewalt zuletzt auch unter Deutschen wuchs. Er wird sagen dürfen und müssen, dass sich ein Teil 
der Gewalt zwischen den Flüchtlingen entlud - aufgrund der Umstände in den Heimen und der Traumatisierungen 
eines Teils ihrer Bewohner. Überdies begründet der Befund, dass Flüchtlinge Probleme machen, kein Nein zu ihrer 
Aufnahme. Der größere Teil hat Hilfe verdient. Verfehlungen einer Minderheit ändern daran nichts. 
 Wer zu anderen Schlüssen kommt, wer den hartherzigen Grundsatz geltenlassen will, rein lassen wir nur, wer 
uns nützt, egal ob er sie einem Krieg oder politischer Verfolgung entflieht, dem kann man das nicht verwehren. Er 
sollte aber bedenken, dass er selbst mal in Not kommen kann und unser Grundgesetz im Kern etwas anderes 
besagt."
2017-04,Main Corpus,2017-04(50).ZIP,Die Legende von der Flüchtlingskanzlerin.PDF,C:\PythonProjects\AfD-project\Corpora\Main Corpus\2017-04\raw_unarchive\Die Legende von der Flüchtlingskanzlerin.PDF,Die Legende von der Flüchtlingskanzlerin,die legende von der flüchtlingskanzlerin,Frankfurter Rundschau,frankfurter rundschau,Samstag 1. April 2017,,MAGAZIN; S. 24,1599,11549,fa679b11cd4930596c60b00074966415e52bbce2,,unique,keep,,no,,no,,,12808,no,,,,,"Vier Jahre nach seinem Buch ""Mutter Blamage"" hat FR-Autor Stephan Hebel nun eine Fortsetzung geschrieben. Im 
Zentrum von ""Mutter Blamage und die Brandstifter"" stehen unter anderem die aktuellen Kapitel zum Aufstieg der 
AfD, zu Terrorismus und innerer Sicherheit sowie zur Flüchtlingspolitik. Der folgende Auszug befasst sich mit dem 
Thema Zuwanderung.
Mindestens ebenso sehr wie der Aufstieg der AfD - und mit ihm oft verbunden - bestimmte das Thema Flucht und 
Migration die Debatten in der dritten Amtszeit von Angela Merkel als Kanzlerin. Fast alles wurde plötzlich im 
Zusammenhang mit der Zuwanderung gesehen: Terror und Alltagskriminalität, Bedrohung des Sozialstaats, 
fehlende Wohnungen, verrottende Schulgebäude und ungleiche Bildungschancen, Billiglöhne und Finanzkrise, der 
Zerfall Europas und vieles mehr. Einem Besucher aus einer fremden Galaxie hätte es erscheinen müssen, als 
seien alle Fragen und Probleme in diesem Land nur deshalb entstanden, weil es 2015 und Anfang 2016 
außerordentlich viele Einwanderer bis nach Deutschland schafften. (...)
Wir müssen uns nicht freuen über die materiellen wie immateriellen Kosten, die durch die Aufnahme von 
Flüchtlingen zunächst einmal entstehen. Aber dennoch müssen wir uns dieser Aufgabe stellen, statt so zu tun, als 
ließe sich die Wirklichkeit verdrängen, indem wir den Geflohenen die Tür zu weisen versuchen.
Genau das allerdings tut Angela Merkel. Sie war und ist eine führende Vertreterin der unrealistischen und 
inhumanen Abschottungspolitik, die Deutschland und Europa inzwischen seit Jahrzehnten betreiben. Daran hat ihr 
einmaliger Beschluss, die Grenze vorübergehend zu öffnen, nichts geändert - entgegen einer weit verbreiteten 
Legende. (...)
Dass die Flüchtlinge zur Projektionsfläche für alles und jedes geworden sind, hat zu einer vorher ungekannten 
Polarisierung geführt, auch was die Person der Bundeskanzlerin betrifft: Die einen sehen die Migrantinnen und 
Migranten als die Schuldigen für alles Elend, die anderen erheben Merkel wegen der Grenzöffnung zur Ikone der 
Freiheit und der Humanität. Und beide gemeinsam ignorieren dabei nicht nur die weitgehend verfehlte Wirtschafts-, 
Sozial-, Gesellschafts- und Außenpolitik der Ära Merkel, sondern sie nehmen nicht einmal zur Kenntnis, dass die 
Regierungschefin und mit ihr die ganze deutsche Politik längst zurückgekehrt ist zur zynischen 
Abschottungsstrategie der früheren Jahre. Und dass sie die Aufregung nutzte, um die Asylregeln in vielfacher 

Die Legende von der Flüchtlingskanzlerin
Weise noch zu verschärfen. Die einen zetern, die anderen jubeln, aber am Kern des Merkelismus - sowohl in der 
Flüchtlingspolitik als auch sonst - zetern und jubeln sie vorbei.
Noch einmal: Das heißt selbstverständlich nicht, dass das Flüchtlingsthema zu vernachlässigen wäre. Natürlich ist 
nicht zu bestreiten, dass Zuwanderung in einer bestimmten Größenordnung Politik und Gesellschaft vor erhebliche 
Aufgaben stellt. Natürlich funktioniert die Ankunft vieler Menschen aus anderen Kulturen nicht ohne Konflikte. Und 
natürlich befinden sich unter diesen Menschen nicht ausschließlich arme Kriegsopfer, die zwar traumatisiert sind, 
aber umstandslos und gesetzestreu ans Werk gehen, um sich hier ein neues Leben aufzubauen - sondern auch 
religiöse Eiferer, Kriminelle und sogar Terroristen.
All das erfordert eine Menge Arbeit und Geld, zweifellos, und gerade wer sich für eine offene Zuwanderungspolitik 
einsetzt, sollte das nicht verschweigen. Insoweit ist übrigens der Bundeskanzlerin kein Vorwurf zu machen: Sie 
sprach unter anderem bei der ""Sommerpressekonferenz"" am 31. August 2015, als ihr Satz ""Wir schaffen das"" das 
Licht der Welt erblickte, von einer ""riesigen Herausforderung"". Und sie bettete die inzwischen berühmt gewordene 
Parole sogar in ein politisches Versprechen ein: ""(...) Wir schaffen das, und dort, wo uns etwas im Wege steht, 
muss es überwunden werden, muss daran gearbeitet werden. Der Bund wird alles in seiner Macht Stehende tun - 
zusammen mit den Ländern, zusammen mit den Kommunen -, um genau das durchzusetzen.""
Das Problem ist nur: Merkels Regierung hat dieses Versprechen nicht gehalten. ""Wir schaffen das"" ist zur 
weitgehend hohlen Parole geworden, weil der deutsche Staat gerade nicht ""alles in seiner Macht Stehende"" getan 
hat - jedenfalls nicht im Sinne einer liberalen Asylpolitik, im Gegenteil. (...)
Jene Septembernacht, in der die Bundesregierung beschloss, die über Ungarn ankommenden Flüchtlinge nach 
Deutschland einreisen zu lassen, hat eine lange Vorgeschichte. Und ohne sie ist der Druck, der damals entstanden 
war, nicht zu erklären. Sie besteht vor allem darin, dass erst Deutschland und dann - nach deutschem Muster - 
Europa zu einer Festung ausgebaut wurde. Jahrelang glaubten erst Helmut Kohl und später Angela Merkel sowie 
ihre zahlreichen Gesinnungsgenossen in den Hauptstädten der EU, sich die Konflikte dieser Welt vom Leibe halten 
zu können - zumindest die Menschen, die diesen Konflikten zu entfliehen versuchen.
Entsprechend sah die Politik aus, die vor allem Deutschland seit Anfang der Neunzigerjahre betrieb. Und, wie sich 
inzwischen gezeigt hat, längst wieder betreibt: Merkels Herbst der Offenheit war keine Wende. Er war nicht mehr 
als ein kurzes Zwischenspiel, und längst ist es beendet, weil alle Welt glaubt, den neuen Rechten das Wasser 
abgraben zu können, indem man ihre Politik betreibt. (...) Und das Erstaunliche ist: Die Debatten in Deutschland 
verlaufen überwiegend so, als hätte es Merkels Rückkehr zur ""Flüchtlingsbekämpfung"" nie gegeben.
Das gilt einerseits für die Neorassisten und ihre Anhänger, die so tun, als seien Europas Grenzen sperrangelweit 
offen. (...) Und auf der liberalen Seite der Gesellschaft dominiert erstaunlicherweise die gleiche Ansicht, nur mit 
umgekehrten Vorzeichen: Selbst Ban Ki-moon, bis Ende 2016 Generalsekretär der Vereinten Nationen, 
bescheinigte Merkel einen ""super Job"": ""Ich möchte ihre großzügige Reaktion auf die Flüchtlingskrise, ihre humane 
politische Führung sowie die Solidarität Deutschlands und seiner Bürger mit den Flüchtlingen in diesem und im 
letzten Jahr loben"", sagte er im März 2016. Da war die Wende rückwärts längst im Gange: Es war exakt der Tag, 
an dem der Europäische Rat den Weg frei machte für den ""Flüchtlingsdeal"" mit der Türkei (...).
Warum aber gab es bei der deutschen Kanzlerin diesen einen Moment der Umkehr? (...) Die vorübergehende 
Wende erfolgte unter dem massiven Druck der Ereignisse, den die angebliche ""Flüchtlingskanzlerin"" zuvor 
jahrelang kaltblütig ignoriert hatte. Noch im April 2015, als mindestens fünfhundert Flüchtende bei einem einzigen 
Schiffsunglück im Mittelmeer ertrunken waren, gab es nicht das geringste Signal der Öffnung. Dabei wäre es zu 
diesem Zeitpunkt vielleicht noch möglich gewesen, eine geordnete Aufnahme zustande zu bringen, die der 
späteren Verunsicherung und Empörung über das chaotische Geschehen von vornherein den Boden entzogen 
hätte - und damit auch den Neorassisten, die die ungeordnete Einreise im Herbst 2015 bis heute für ihre 
Propaganda nutzen. (...)
Stattdessen hielt Merkels Regierung so lange am Dubliner Abschottungsmechanismus fest, bis es gar nicht mehr 
anders ging. (...) Heute besteht kaum ein Zweifel daran, dass die Entscheidung, die Grenze vorübergehend zu 
Die Legende von der Flüchtlingskanzlerin
öffnen, zu einem erheblichen Teil dem Druck aus Budapest geschuldet war. Dort hatte Ministerpräsident Viktor 
Orbán entschieden, die über eine Autobahn marschierenden Flüchtlinge und die an einem Bahnhof in Budapest 
Wartenden mit Bussen in Richtung Österreich zu bringen. Erst danach, am späten Abend des 4. September 2015, 
einigte sich die deutsche Kanzlerin mit ihrem österreichischen Amtskollegen Werner Faymann darauf, die Grenzen 
für diese Flüchtenden vorübergehend zu öffnen. Treffend fasste ""Die Zeit"" in ihrer Chronik ein Jahr später 
zusammen: ""Man kann die Marschierer nur mit Gewalt aufhalten, davon sind Merkel und ihre Leute überzeugt, mit 
Wasserwerfern, Schlagstöcken, Reizgas. Es käme zu Tumulten und zu schrecklichen Bildern. Merkel fürchtet 
solche Bilder (...).""
Wenn das stimmt - wogegen nichts spricht -, dann ist der humanitäre Akt der Angela Merkel nicht ihr, sondern zwei 
ganz anderen Akteuren zu verdanken: erstens dem ungarischen Ministerpräsidenten, der Deutschland in seinem 
Bestreben, die eigenen Grenzen für Flüchtende dichtzumachen, noch übertrifft; und zweitens denjenigen Kräften in 
der deutschen Gesellschaft, deren Protest die Kanzlerin für den Fall einer gewaltsamen Zurückweisung fürchtete.
Hinzu kommt: Längst war zu diesem Zeitpunkt klar, dass die Abschottung Europas zumindest für den Moment 
gescheitert war. Die Fluchtbewegung über die etwa dreitausend Kilometer lange Balkanroute hatte natürlich lange 
begonnen, bevor die Menschen in Mitteleuropa ankamen. Und die Ursachen - das wird in den hitzigen Debatten oft 
vergessen - haben mit der Lebenswirklichkeit dieser Menschen zu tun, nicht mit den freundlichen Worten einer 
deutschen Regierungschefin: Der Krieg in Syrien war im Sommer 2015 eskaliert; in den Flüchtlingslagern jenseits 
der europäischen Grenzen waren die Lebensmittelrationen gekürzt worden, weil die Weltgemeinschaft das 
notwendige Geld nicht aufgebracht hatte; und in Afghanistan wurden 2015 so viele Zivilisten getötet wie seit 2009 
nicht mehr. Es bedurfte keiner ""Einladung"", um Millionen zur Flucht zu bewegen.
Europa und Deutschland hatten dieser Entwicklung (und dem Sterben Tausender im Mittelmeer) viel zu lange 
eiskalt zugesehen. Nun erkannte die Kanzlerin immerhin, dass die Geflüchteten irgendwo unterkommen mussten, 
nachdem sie in Europa angekommen waren. Und sie dürfte nebenbei auch spekuliert haben, dass deren Aufnahme 
in Deutschland wenigstens einen Teil der EU-Partner bewegen würde, einer nachträglichen Verteilung 
zuzustimmen. Das allerdings war eine Fehlspekulation. Die Partner ließen das Land, das sich immer gegen 
Flüchtlingsquoten gewehrt hatte, solange es selbst kaum betroffen war, nun genüsslich im Regen stehen.
Den Fehler, sich gegen eine faire Verteilung gewehrt zu haben, hat die Kanzlerin sogar höchstpersönlich 
eingeräumt: ""Auch wir Deutschen haben das Problem zu lange ignoriert und die Notwendigkeit einer 
gesamteuropäischen Lösung verdrängt. (...) Deutschland war nach den vielen Flüchtlingen, die wir während der 
Jugoslawienkriege aufgenommen hatten, ganz froh, dass jetzt vorrangig andere das Thema zu bewältigen hatten. 
Das kann ich nicht leugnen.""
Hut ab, könnte man sagen, trotz des rechtfertigenden Hinweises auf die Balkanflüchtlinge der Neunzigerjahre. Man 
könnte - wenn denn Angela Merkel diese Selbsterkenntnis genutzt hätte für eine echte politische Umkehr. 
Stattdessen war sie zum Zeitpunkt dieser Aussage, Ende August 2016, längst zu der alten Strategie zurückgekehrt. 
Wieder wird es in der Flüchtlingspolitik ""anderen an den Außengrenzen überlassen, damit umzugehen"". (...)
Angela Merkel allerdings mochte es auch bei der Rückkehr zu ""Dublin"" nicht belassen. Das Prinzip, den Umgang 
mit der Migration auf andere abzuwälzen, musste angesichts der unterentwickelten Aufnahmebereitschaft der EU-
Staaten (die Deutschland an Unwillen ja oft noch übertrafen) auf das Gebiet jenseits der europäischen 
Außengrenzen ausgedehnt werden. So entstand das berühmt-berüchtigte Flüchtlingsabkommen mit der Türkei. Ein 
inhumanes Konstrukt, das die Kanzlerin nichtsdestoweniger zum Vorbild für die endgültige ""Abschiebung"" des 
Flüchtlingsthemas aus Europa nutzen will."
2017-04,Main Corpus,2017-04(50).ZIP,Ende der Willkommenskultur_ Bertelsmann-Studie Befragte sehen Belastungsgrenze erreicht   Riss durch.PDF,C:\PythonProjects\AfD-project\Corpora\Main Corpus\2017-04\raw_unarchive\Ende der Willkommenskultur_ Bertelsmann-Studie Befragte sehen Belastungsgrenze erreicht   Riss durch.PDF,Ende der Willkommenskultur?; Bertelsmann-Studie Befragte sehen Belastungsgrenze erreicht Riss durchs,ende der willkommenskultur bertelsmannstudie befragte sehen belastungsgrenze erreicht riss durchs,Nordwest-Zeitung,nordwestzeitung,08. April 2017,,MEINUNG; S. 6,438,3109,e04c3301194651c2695857e5ae5efbd1ced57ee4,,unique,drop,commentary_noncore,no,,no,,,4670,yes,commentary_noncore,,,,"Berlin/Gütersloh - Kippt die Stimmung? Ist es wieder vorbei mit der Willkommenskultur, nachdem in den 
vergangenen zwei Jahren 1,2 Millionen Flüchtlinge nach Deutschland gekommen waren? Die Bereitschaft zur 
weiteren Aufnahme von Flüchtlingen hat sich bundesweit gedreht , stellt die Bertelsmann-Stiftung in einer am 
Freitag präsentierten Studie fest. 54 Prozent, eine knappe Mehrheit also, sieht Deutschland inzwischen an seiner 
Belastungsgrenze angekommen . Vor zwei Jahren sahen das nur 40 Prozent so.
Ein Warnsignal für Kanzlerin Angela Merkel (CDU) fünfeinhalb Monate vor der Bundestagswahl? Schließlich wird 
sie für die Zuwanderung verantwortlich gemacht. Doch in die wachsenden Sorgen stimmte sie am Freitag nicht ein. 
Für mich ist das Glas eher halbvoll als halbleer , sagt Angela Merkel, als sie ehrenamtliche Flüchtlingshelfer im 
Kanzleramt empfängt, ihnen für ihren Einsatz dankt und die Botschaft sendet, Deutschland habe bei der 
Bewältigung der Krise enormes geleistet.
Während in der Bevölkerung die Sorgen wachsen, ist die Kanzlerin für die Ehrenamtlichen und für viele Flüchtlinge 
noch immer diejenige, die die Grenzen geöffnet hat, sich angesichts der Not der Vertriebenen vom Mitgefühl leiten 
ließ. Doch damit ist es vorbei, auch das macht die Kanzlerin am Freitag klar. Als eine Flüchtlingshelferin fordert, die 
in Griechenland und Italien gestrandeten Menschen nach Deutschland zu holen, in den vielen inzwischen 
leerstehenden Unterkünften unterzubringen, hält Merkel dagegen: Wenn wir das Signal geben, es kann im Grunde 
jeder kommen, dann können wir das auch nicht leisten. 

Ende der Willkommenskultur?; Bertelsmann-Studie Befragte sehen Belastungsgrenze erreicht Riss durchs 
Land
Seit dem Höhepunkt der Flüchtlingskrise wurden die Asylgesetze mehrfach verschärft, der Deal mit der Türkei hält 
insbesondere Syrer und Afghanen davon ab, nach Europa zu gelangen. Die Befunde der Studie zeigen, dass die 
restriktivere Politik nach Einschätzung der Bevölkerung notwendig war. Während die Mehrheit die 
Belastungsgrenze für erreicht sieht, stieg die Zustimmung zu einer Umverteilung in der EU deutlich an. 81 Prozent 
der Befragten stehen hinter der bisher nicht umgesetzten EU-Regelung, wonach jedes Mitgliedsland je nach Größe 
und Wirtschaftskraft einen festen Anteil aufnehmen sollte.
Die Skepsis gegenüber Flüchtlingen ist in den ostdeutschen Ländern weitaus größer als im Westen des Landes. Im 
Osten meinen nur 33 Prozent der Befragten, die Bevölkerung nehme Flüchtlinge offen auf im Westen sind es 
doppelt so viele. In der Flüchtlingsfrage geht ein Riss durchs Land , kommentieren die Experten, und der Riss hat 
sich seit der letzten Studie zur Willkommenskultur vor zwei Jahren vertieft.
Die Experten rufen dazu auf, mehr für die deutsche Bevölkerung zu tun, die sich abgehängt fühlen könnte. Die 
Mahnung von Stiftungsvorstandsmitglied Jörg Dräger: Konkurrenzsituationen zwischen Einheimischen und 
Einwanderern sind zu vermeiden, zum Beispiel durch neue Investitionen in den sozialen Wohnungsbau. 
PDF-Datei dieses Dokuments
Graphic
 
September 2015: Helfer heißen"
2017-04,Main Corpus,2017-04(50).ZIP,Flucht ohne Verfolgung ASYL-RECHT.PDF,C:\PythonProjects\AfD-project\Corpora\Main Corpus\2017-04\raw_unarchive\Flucht ohne Verfolgung ASYL-RECHT.PDF,Flucht ohne Verfolgung ASYL-RECHT,flucht ohne verfolgung asylrecht,"taz, die tageszeitung",taz die tageszeitung,Samstag 08. April 2017,,NORD AKTUELL; S. 54,262,1992,6c48f89a6c92f2d9fea1182010f3e6ff61ec1223,,unique,keep,,no,,no,,,2790,no,,,,,"Droht syrischen Flüchtlingen bei ihrer Rückkehr in ihr Heimatland automatisch die Verfolgung durch den Staat? Ja, 
befand das Verwaltungsgericht Göttingen am Mittwoch anhand des Falls einer syrischen Familie. Wie viele andere 
klagte sie gegen den subsidiären Schutzstatus, den ihnen das Bundesamt für Migration und Flüchtlinge (Bamf) 
zusprach. Der subsidiäre Schutz schließt eine Abschiebung nach Syrien aus. Die Schutzsuchenden dürfen 
zunächst nur ein Jahr in Deutschland bleiben, der Familiennachzug ist stark eingeschränkt.
Vor allem Letzteres macht die Aufstockung vom Schutz- zum Flüchtlingsstatus für viele Flüchtlinge so wichtig: Die 
Zahl der Klagen vor den Verwaltungsgerichten verdoppelte sich zwischen August und Dezember 2016 bereits auf 
36.000. Und die Geflüchteten bekamen Recht: In 88 Prozent der bereits gefällten Urteile stockten die 
Verwaltungsgerichte den Schutzstatus auf.
Im Fall der syrischen Familie in Göttingen kann das Bamf das Urteil nun vor dem Oberverwaltungsgericht 
anfechten. Es ist nicht unwahrscheinlich, dass es am Ende Recht erhält: Im vergangenen November entschied das 
Oberverwaltungsgericht in Schleswig-Holstein, dass Flüchtlinge explizit eine begründete Furcht vor Verfolgung 
nachweisen müssen, bevor ihnen der Flüchtlingsstatus zugesprochen wird. Ein Urteil mit Signalwirkung: Zahlreiche 
andere Bundesländer haben sich der Entscheidung Schleswig-Holsteins angeschlossen. In Niedersachsen steht 
das Urteil noch aus, aber noch in diesem Jahr soll eine Entscheidung fallen , sagt Michaela Obelode, 
stellvertretende Pressesprecherin des Oberverwaltungsgerichts in Lüneburg.
In Göttingen werden aktuell 120 ähnlich gelagerte Fälle verhandelt. Für die klagenden Flüchtlinge hätte die 
Entscheidung des Oberverwaltungsgerichts eine schwerwiegende Bedeutung, sagt die Hamburger Rechtsanwältin 
für Ausländer- und Asylrecht, Rita Mushfiq: Ihre Familie nicht zu sich holen zu können dass bedeutet für viele die 
freiwillige Rückkehr nach Syrien. MuKa"
2017-04,Main Corpus,2017-04(50).ZIP,"Flüchtlinge müssen zurück ins Chaos LIBYEN EU will  Legalitätsinseln  schaffen, um dort Lager einzur.PDF","C:\PythonProjects\AfD-project\Corpora\Main Corpus\2017-04\raw_unarchive\Flüchtlinge müssen zurück ins Chaos LIBYEN EU will  Legalitätsinseln  schaffen, um dort Lager einzur.PDF","Flüchtlinge müssen zurück ins Chaos LIBYEN EU will Legalitätsinseln schaffen, um dort Lager einzurichten.",flüchtlinge müssen zurück ins chaos libyen eu will legalitätsinseln schaffen um dort lager einzurichten,"taz, die tageszeitung",taz die tageszeitung,Freitag 28. April 2017,Christian Jakob,AUSLAND; S. 11,351,2531,7ec4ef73334d7b44e0b958a710b1cbb3876c5246,,unique,keep,,no,,no,,,3729,no,,,,,"Berlin taz | Die EU hält an ihren Plänen fest, Flüchtlinge nach Libyen zurückzuschicken. Dazu will sie in dem 
zerfallenden Bürgerkriegsland Legalitätsinseln schaffen, in denen die Polizei gut ausgestattet werde und die für 
Rückführungen genutzt werden können . Das geht aus dem internen Protokoll des letzten EU-Innen- und 
Justizministertreffens in Brüssel hervor, das der taz vorliegt.
Die EU-Grenzschutzagentur Frontex hat demnach ihre Border Assistance Mission (EUBAM Libya) weiter 
aufgestockt. Das zur Polizeiausbildung angelegte, in Tunis ansässige Projekt sucht offenbar schon seit Längerem 
nach Orten, an denen die EU in Libyen Flüchtlingslager einrichten kann. Der der EU-Außenkommissarin Federica 
Mogherini unterstellte Europäische Auswärtige Dienst will für die Eindämmung des Zustroms über das Mittelmeer [ 
] erhebliche finanzielle Mittel bereit stellen, heißt es in dem Protokoll. Anfang Mai soll die erste Tranche von 90 
Millionen Euro für verbessertes Migrationsmanagement nach Libyen fließen.
Entsprechende Pläne hatte die EU bei einem Gipfel im Februar in Malta ventiliert. Kurz darauf wurde ein Bericht 
bekannt, in dem deutsche Diplomaten die Lage in den von Milizen betriebenen Internierungslagern für Flüchtlinge 
in Libyen KZ-ähnlich nannten. Die EU rechnet damit, dass 2017 wieder rund 200.000 Menschen aus Libyen nach 
Italien kommen.
 Unfassbar nannte die Linken-Abgeordnete Ulla Jelpke die Pläne der EU. Diese wolle gerettete Schutzsuchende 
ins Chaos nach Libyen zurückschicken, in gut bewachte, isolierte Lager. Das ist zynisch und eine Aufkündigung 
des internationalen Flüchtlingsrechts, wofür de Maizière mit seinen Forderungen nach Auffanglagern in Nordafrika 
einen Gutteil der Verantwortung trägt , so Jelpke.
Probleme hat die EU mit der Reform der Dublin-Verordnung. Die Mitgliedsstaaten lehnen einen von der 
Kommission vorgeschlagenen Mechanismus ab, der Staaten wie Italien entlasten soll. Nach dem Willen der 
Kommission müssten die anderen Staaten automatisch Flüchtlinge abnehmen, wenn die Außengrenzenstaaten 
überproportional belastet sind. Dies soll greifen, wenn die Flüchtlingsankünfte bei ihnen um über die Hälfte höher 

Flüchtlinge müssen zurück ins Chaos LIBYEN EU will Legalitätsinseln schaffen, um dort Lager einzurichten. 
Linke spricht von Zynismus
liegen, als sie ihrem Anteil an der EU-Bevölkerung gemäß aufnehmen müssten. Springen die anderen Staaten 
nicht bei, will die Kommission Strafen von 250.000 Euro je nicht abgenommenem Flüchtling verhängen.
Christian Jakob"
2017-04,Main Corpus,2017-04(50).ZIP,Flüchtlingspakt mit Türkei läuft stabil.PDF,C:\PythonProjects\AfD-project\Corpora\Main Corpus\2017-04\raw_unarchive\Flüchtlingspakt mit Türkei läuft stabil.PDF,Flüchtlingspakt mit Türkei läuft stabil,flüchtlingspakt mit türkei läuft stabil,Rheinische Post,rheinische post,Samstag 22. April 2017,Eva Quadbeck,POLITIK,314,2221,935e0ba2bdfd4235c0774abacb2defa31f24b551,,unique,keep,,no,,no,,,3120,no,,,,,"Eva Quadbeck
Berlin Trotz aller Misstöne zwischen der Türkei und Europa läuft das EU-Türkei-Abkommen gut ein Jahr nach 
seinem Inkrafttreten weitgehend nach Plan. Bis zu dieser Woche konnten 4884 Menschen aus Flüchtlingslagern in 
der Türkei in die EU übersiedeln. Davon gelangten 1768 nach Deutschland, wie aus Zahlen des 
Bundesinnenministeriums hervorgeht, die unserer Redaktion vorliegen. Damit hat Deutschland die meisten 
Flüchtlinge im Rahmen des Abkommens aufgenommen - gefolgt von den Niederlanden mit 1029, Frankreich mit 
691 und Finnland mit 384. Weitere Aufnahmeländer sind unter anderem Schweden (279), Belgien (242), Italien 
(208) und Spanien (118).
Auf dem Höhepunkt der Flüchtlingskrise im Herbst 2015 hatte Bundeskanzlerin Angela Merkel das Abkommen der 
EU mit der Türkei angeregt. Im März 2016 verständigten sich die EU-Staaten und die Türkei darauf, dass die Türkei 
ihre Grenzen besser sichert und damit die Flucht auf griechische Inseln unterbindet. Die Türken nehmen auch 
Flüchtlinge zurück, deren Asylanträge abgelehnt werden. Für jeden zurückgenommenen Flüchtling lässt die EU im 
Gegenzug einen Flüchtling aus einem Lager in der Türkei in die EU übersiedeln. Für die Versorgung der Flüchtlinge 
erhält die Türkei allein bis 2017 drei Milliarden Euro. Bei der Aufnahme von Flüchtlingen ist die EU in Vorleistung 
getreten. Bislang gab es nach den Daten des Innenministeriums nur 176 freiwillige Ausreisen aus Griechenland.
Mittlerweile landen regelmäßig in Deutschland Flugzeuge, die Menschen aus den Flüchtlingslagern bringen. Erst 
am Donnerstag kam eine Maschine mit 180 Personen. Der nächste Flug ist für den 9. Mai vorgesehen. Geplant ist 
nach Angaben des Innenministeriums, dass monatlich künftig bis zu 500 Flüchtlinge auf diesem Weg nach 
Deutschland kommen.
Das EU-Türkei-Abkommen funktioniert überraschend stabil, während die Konflikte zwischen der Türkei und der EU 
zugenommen haben. Die Beitrittsverhandlungen mit der Türkei liegen auf Eis. Zuletzt gab es äußerst scharfe 
Auseinandersetzungen mit einzelnen EU-Staaten, insbesondere mit Deutschland und den Niederlanden, über 
Wahlkampfauftritte türkischer Politiker außerhalb der Türkei.

Flüchtlingspakt mit Türkei läuft stabil"
2017-04,Main Corpus,2017-04(50).ZIP,Flüchtlingsschicksale im _Tatort_.PDF,C:\PythonProjects\AfD-project\Corpora\Main Corpus\2017-04\raw_unarchive\Flüchtlingsschicksale im _Tatort_.PDF,"Flüchtlingsschicksale im ""Tatort""",flüchtlingsschicksale im tatort,Rheinische Post,rheinische post,Samstag 8. April 2017,Martina Stöcker,FERNSEHEN UND RADIO,306,2153,5de6ffd4c019e118eaa5eb15fb79ff2c52f27260,,unique,keep,,no,,no,,,2655,no,,,,,"Martina Stöcker
Bamberg In der Küche einer Flüchtlingsunterkunft wird gekocht, gelacht, getanzt. Eine ehrenamtliche Helferin füllt 
mit einer jungen Frau Ravioli, als plötzlich ein Brandsatz ins Gebäude geworfen wird. Als die Feuerwehr und die 
Polizei anrücken, finden sie einen verletzten Mann, der lebensgefährliche Brandwunden erlitten hat, und in der 
Vorratskammer eine tote Frau aus Kamerun.
Jetzt könnte eine typische Betroffenheits-Geschichte über arme Flüchtlinge und böse Neonazis folgen. Doch dem 
Franken-""Tatort"" mit dem Titel ""Am Ende geht man nackt"", der diesmal überwiegend in Bamberg gedreht wurde, 
gelingt dank eines klugen Drehbuchs ein durchaus realistischer Blick. ""Das Wichtigste war, aus vielen 
verschiedenen Blickwinkeln auf das Thema zu schauen. Dass man es eben nicht Schwarz und Weiß sieht - dort die 
Guten und da die Bösen"", sagt Schauspielerin Dagmar Manzel, die Kommissarin Paula Ringelhahn verkörpert. Und 
dieses Umfeld besteht auch aus Menschen - Flüchtlingen und Deutschen -, die die Orientierungs- und Hilflosigkeit 
der Menschen ausnutzen.
Der Fall ist zum Glück sehr unaufgeregt, das Bild, das gezeichnet wird, sehr ausgewogen, mitunter schonungslos 
und ohne falsche Scheu. Die Flüchtlinge sind keine Heiligen: Sie betrachten gerne Frauen im Bikini, machen sie mit 
blöden Sprüchen an, trinken Bier, und einige von ihnen sind auch kriminell. Andere hingegen warten seit Jahren auf 
eine Anerkennung und wurden schlicht vergessen. Kommissar Felix Voss (Fabian Hinrichs) gibt sich als 
tschetschenischer Flüchtling aus und bekommt dadurch andere Einblicke. Besonders zu dem jungen Syrer Basem 
Hemidi (Mohammed Issa) baut sich eine besondere Beziehung auf, die ihn der Lösung allerdings nicht näher bringt.
Die Undercover-Geschichte ist ein wenig kurios. Aber zum Glück wurde darauf verzichtet, die Protagonisten in 
ihren Originalsprachen sprechen zu lassen und zu untertiteln. Dafür sprechen natürlich alle sehr gut Deutsch - 
sicher nicht realistisch, aber für den Zuschauer ist das eindeutig die bessere Variante.
""Tatort - Am Ende geht man nackt"", DasErste, So., 20.15 Uhr.

Flüchtlingsschicksale im ""Tatort"""
2017-04,Main Corpus,2017-04(50).ZIP,Flüchtlingsvertrag wird zum 1. Mai ausgesetzt.PDF,C:\PythonProjects\AfD-project\Corpora\Main Corpus\2017-04\raw_unarchive\Flüchtlingsvertrag wird zum 1. Mai ausgesetzt.PDF,Flüchtlingsvertrag wird zum 1. Mai ausgesetzt,flüchtlingsvertrag wird zum 1 mai ausgesetzt,Berliner Zeitung,berliner zeitung,07. April 2017,dpa,BERLIN; S. 14; Ausg. 83,368,2698,c884e9e096db12a43eb47f6a8f73a6f3fcb6f882,,unique,keep,,no,,no,,,3510,no,,,,,"POTSDAM . Der Vertrag zwischen Berlin und Brandenburg zur Unterbringung von Flüchtlingen aus der 
Hauptstadt wird zum 1. Mai ausgesetzt. ""Wir werden dann auch kein Geld mehr bezahlen"", sagte Berlins 
Sozialsenatorin Elke Breitenbach (Linke) am Donnerstag. Bisher überwies Berlin pro Monat 330 000 Euro an das 
Nachbarland, obwohl kaum Flüchtlinge aus der Hauptstadt dort lebten. Ursprünglich hatten beide Länder 
vereinbart, in der Erstaufnahme Wünsdorf (Teltow-Fläming) bis zu 995 Flüchtlinge aus Berlin für maximal sechs 
Monate unterzubringen. Sollte neuer Bedarf bestehen, könne die Kooperation wieder aufgenommen werden, hieß 
es. Denn das Verfahren galt nur für Zuwanderer, deren Asylverfahren länger dauern, weil sie weder aus einem 
sogenannten sicheren Herkunftsland noch aus Syrien kommen. (dpa) 
 860 Millionen Eier von Brandenburger Hühnern 
 POTSDAM. Brandenburger Hühner haben 2016 rund 860 Millionen Eier gelegt. Rein rechnerisch ist damit die 
Selbstversorgung der Bürger zwischen Oder und Elbe gesichert, wie das Landesamt für Statistik mitteilte. Jeder 
Bundesbürger verbraucht durchschnittlich 235 Eier, für jeden Brandenburger stünden damit theoretisch 344 Stück 
bereit. Im Vergleich zu 2015 wurden aber 1,4 Prozent weniger Eier gelegt. 675 Millionen Stück stammten aus 
Bodenhaltung und 113 aus ökologischer Haltung, der Rest aus Freiland- und Käfighaltung. (dpa) 
 Wasserschutzpolizei will mehr kontrollieren 
 ORANIENBURG. Kurz vor dem Start der Wassersportsaison hat die Polizei angekündigt, die 300 Kilometer 
schiffbarer Wasserwege in Nordbrandenburg stärker zu kontrollieren. Zahlreiche Auffälligkeiten im vergangenen 
Jahr seien Anlass dafür, teilte die Polizeidirektion Nord am Donnerstag mit. 2016 kontrollierten die 39 zur 
Wasserschutzpolizei gehörenden Beamten 301 Binnenschiffe und stellten insgesamt 103 Verstöße fest. Unter 
anderem wurden drei betrunkene Schiffsführer registriert. Zu den Gewässern in Nordbrandenburg zählen etwa die 
Havel, der Rheinsberger See, der Ruppiner See und der Finowkanal. (dpa) 
 Viadrina beliebt bei ausländischen Studenten 
 FRANKFURT/ODER. Die Europa-Universität Viadrina liegt bei Studenten nach wie vor hoch im Kurs. ""Wir 
können auf stabil hohe Studentenzahlen verweisen. Aktuell sind es rund 6 100 junge Menschen aus 99 Ländern"", 
sagte Präsident Alexander Wöll am Donnerstag zum Start des 50. Semesters. Die meisten ausländischen 

Flüchtlingsvertrag wird zum 1. Mai ausgesetzt
Studenten (526) kämen aus Polen, gefolgt von 127 aus der Türkei und 104 aus der Ukraine. In Frankfurt (Oder) 
ausgebildete Juristen seien in Brüssel sehr begehrt, weil das Studium besondere europarechtliche Schwerpunkte 
setze, sagte Wöll. (dpa)"
2017-04,Main Corpus,2017-04(50).ZIP,Fünfter Abschiebeflieger in Afghanistan gelandet.PDF,C:\PythonProjects\AfD-project\Corpora\Main Corpus\2017-04\raw_unarchive\Fünfter Abschiebeflieger in Afghanistan gelandet.PDF,Fünfter Abschiebeflieger in Afghanistan gelandet,fünfter abschiebeflieger in afghanistan gelandet,Frankfurter Rundschau,frankfurter rundschau,Mittwoch 26. April 2017,,POLITIK; S. 5,516,3730,55f9d6ce6ef5d87768762385f1702d20b1f64809,,unique,keep,,no,,no,,,5232,no,,,,,"Dieses Mal traf es 14 afghanische Migranten: Am Dienstagmorgen landete ein Flugzeug aus München in 
Afghanistans Hauptstadt Kabul - es war die fünfte Sammelabschiebung in das Land seit Dezember. Damit sind seit 
Ende vergangenen Jahres 107 abgelehnte Asylbewerber nach Afghanistan zurückgeflogen worden. Nach Angaben 
des bayerischen Innenministeriums kamen sieben der Abgeschobenen aus Nordrhein-Westfalen, drei aus Bayern 
und je einer aus Baden-Württemberg, Hamburg, Hessen und Rheinland-Pfalz.
An Bord war auch Obaidullah Disan aus der unruhigen östlichen Provinz Kunar, der nach eigenen Angaben sieben 
Jahre lang in Deutschland gelebt hatte. Nach seiner Ankunft in Kabul sagte er, er sei bei der Arbeit in einem Fast-
Food-Lokal in München festgenommen worden und habe drei Tage in Abschiebehaft verbracht. Seine Familie sei 
erst in der Nacht zum Dienstag über seine Rückkehr informiert worden.
Der 32-jährige Dschawid Nuri sagte, es sei nach 2009 das zweite Mal, dass er aus Deutschland abgeschoben 
worden sei. Er sei als Baby erstmals nach Deutschland gekommen. Auch diesmal wolle er versuchen 
zurückzukehren. ""Das Leben in einem Land, in dem Krieg herrscht, ist mir nicht vertraut"", sagte Nuri. Für seine 
Situation gab er dem afghanistanischen Präsidenten Aschraf Ghani die Schuld, weil der sich bereiterklärt hatte, 
abgelehnte Asylbewerber zurückzunehmen. ""Er hat uns hierher geholt - jetzt muss er uns sagen, was wir tun 
sollen.""
Nach deutschem Recht darf niemand abgeschoben werden, wenn in der Heimat sein Leben oder seine Freiheit 
wegen seiner ""Rasse, Religion, Nationalität oder politischen Überzeugung"" bedroht sind oder ihn Folter oder die 
Todesstrafe erwarten. Laut Bundesregierung sei das jedoch nicht in allen Regionen Afghanistans der Fall.
Schleswig-Holstein schert aus
Die Abschiebungen sind umstritten, weil sich in Afghanistan der Konflikt zwischen Regierung und 
radikalislamistischen Taliban verschärft und es landesweit Gefechte und Anschläge gibt. Die Organisation Pro Asyl 
hatte eine Absage der Sammelabschiebung gefordert, da Afghanistan keineswegs sicher sei. Das zeige der jüngste 
Angriff der Taliban auf eine Militärbasis im Norden des Landes mit mindestens 140 Toten. Günter Burkhardt, 
Geschäftsführer der Organisation, kritisierte, mit den Abschiebungen gehe eine ""beispiellose Entrechtung 

Fünfter Abschiebeflieger in Afghanistan gelandet
afghanischer Flüchtlinge"" einher, deren individuelle Fluchtgründe in den Asylverfahren ""in hohem Maße missachtet"" 
würden. Etwa 60 Menschen hatten im Flughafen München protestiert.
Bei den bisherigen Sammelabschiebungen hatte es sich laut bayerischem Innenministerium ""ausnahmslos um 
alleinstehende Männer"" gehandelt, von denen einige straffällig geworden seien. Es war zunächst unklar, ob das 
auch im jüngsten Fall galt.
Die Abschiebepraxis ist innerhalb der SPD umstritten. Als einziges Bundesland hat Schleswig-Holstein einen 
mehrmonatigen Abschiebestopp für afghanische Flüchtlinge beschlossen. Knapp zwei Wochen vor der 
Landtagswahl im Norden distanzierte sich Außenminister Sigmar Gabriel (SPD) jedoch von SPD-Ministerpräsident 
Torsten Albig. Die Haltung seiner Regierung sei zwar Ausdruck ""großer Mitmenschlichkeit"", sagte Gabriel den 
""Kieler Nachrichten"". Er fügte aber hinzu: ""Wenn wir das als Einzige in Europa machen, dann werden wir erleben, 
dass nur noch bei uns Asyl beantragt wird."" Zudem beklage die afghanische Regierung, dass vor allem 
Bessergebildete und etwas Wohlhabenderen das Land verließen.
Nach Angaben des afghanischen Innenministeriums leben rund 11 900 Afghanen in Deutschland, deren 
Asylanträge abgelehnt worden sind. Davon dürfen demnach etwa 10 300 aufgrund einer Duldung zunächst hier 
bleiben. FR/dpa"
2017-04,Main Corpus,2017-04(50).ZIP,Grüne setzen auf Einwanderung KONZEPT Göring-Eckardt präsentiert grünen Entwurf für ein Einwanderung.PDF,C:\PythonProjects\AfD-project\Corpora\Main Corpus\2017-04\raw_unarchive\Grüne setzen auf Einwanderung KONZEPT Göring-Eckardt präsentiert grünen Entwurf für ein Einwanderung.PDF,Grüne setzen auf Einwanderung KONZEPT Göring-Eckardt präsentiert grünen Entwurf für ein,grüne setzen auf einwanderung konzept göringeckardt präsentiert grünen entwurf für ein,"taz, die tageszeitung",taz die tageszeitung,Mittwoch 05. April 2017,Pascal Beucker,INLAND; S. 6,508,3892,a66f9ea6f2133281807d72186f02c44e712a6b12,,unique,keep,,no,,no,,,5628,no,,,,,"Aus Berlin Pascal Beucker
Auf ihrer Suche nach dem heißen Scheiß , hofft Katrin Göring-Eckardt endlich fündig geworden zu sein. Am 
Dienstag präsentierte die grüne Spitzenkandidatin für die Bundestagswahl in Berlin den Vorschlag der Grünen für 
ein Einwanderungsgesetz. Mit ihrem Entwurf wolle ihre Partei die Einwanderung nach Deutschland 
entbürokratisieren, liberalisieren und vereinfachen , sagte Göring-Eckardt. Das ist an der Zeit. 
Von einem Paradigmenwechsel sprach der grüne Bundestagsabgeordnete Volker Beck. Migration sei kein 
Problem, vor dem man sich schützen muss . Es gehe darum zu zeigen, dass wir ein weltoffenes Land sind . Wenn 
auch nicht für jeden und jede: Adressaten grüner Willkommenskultur sind jene Menschen, die von der deutschen 
Wirtschaft gebraucht werden. Erklärtes Ziel der Grünen ist es, den Bedarf an qualifizierten Fachkräften zu decken. 
Wie bei dem Gesetzentwurf, den die SPD 2016 vorgelegt hat, steht daher auch bei ihnen ein Punktesystem à la 
Kanada im Zentrum.
Wie hoch der Fachkräftebedarf ist, welche und vor allem wie viele Ausländer dementsprechend pro Jahr kommen 
dürfen, soll nach Vorstellungen der Grünen eine unabhängige Einwanderungskommission ermitteln. Zu den 
besonders zu berücksichtigen Kriterien zählen unter anderem ein Hochschulabschluss, der Abschluss einer 
qualifizierten Berufsausbildung, Berufserfahrung und Kenntnisse der deutschen Sprache. Im Falle 
unvorhergesehener Entwicklungen soll die Bundesregierung die Anzahl der aufzunehmenden Ausländer im Laufe 
eine Jahres herauf- oder herabsetzen können.
Der besondere Clou des grünen Konzepts ist die Talentkarte . Sie soll ausländischen Fachkräften ermöglichen, mit 
ihren Familien auch ohne konkretes Arbeitsplatzangebot für ein Jahr zur Jobsuche einzureisen. 
Angebotsorientierte Einwanderung nennen die Grünen das. Finden die Karteninhaber in diesen zwölf Monaten in 

Grüne setzen auf Einwanderung KONZEPT Göring-Eckardt präsentiert grünen Entwurf für ein 
Einwanderungsgesetz. Clou ist eine Talentkarte, mit der sich Ausländer e....
der sie keinerlei Anspruch auf Sozialleistungen haben eine unbefristete Anstellung oder haben sich erfolgreich 
selbstständig gemacht, bekommen sie einen Daueraufenthalt.
Ergattern die Talente nur prekäre Jobs, wird der Aufenthalt vielleicht trotzdem verlängert. Gelingt es ihnen jedoch 
gar nicht, ihren Lebensunterhalt selbst zu verdienen, müssen sie wieder raus. Notfalls müsse die Ausreisepflicht 
durch Abschiebung vollzogen werden , erläuterte der Grünen-Berater und Professor für öffentliches Recht, Thomas 
Groß.
Wegfallen soll nach Vorstellung der Grünen die Vorrangprüfung, nach der erst nachgewiesen werden muss, dass 
kein Deutscher oder EU-Bürger für einen Arbeitsplatz bereitsteht, bevor dieser mit einem nichteuropäischen 
Arbeitnehmer besetzt werden kann. Außerdem soll es ausländischen Studierenden gestattet werden, nach 
Abschluss ihrer Ausbildung eine Arbeit in der Bundesrepublik aufzunehmen. Auch Asylbewerber sollen in den 
Status eines Arbeitsplatz suchenden Einwanderers wechseln können allerdings nur bei gefragter Qualifikation.
Eine deutliche Liberalisierung streben die Grünen bei der Staatsbürgerschaft an. So sollen 
Doppelstaatsbürgerschaften auch für Nicht-EU-Bürger grundsätzlich möglich sein. Vor allem jedoch sollen in 
Deutschland geborene Kinder von Ausländern künftig nicht erst dann die deutsche Staatsangehörigkeit erwerben 
können, wenn ein Elternteil seit acht Jahren rechtmäßig seinen gewöhnlichen Aufenthalt im Inland hat und ein 
unbefristetes Aufenthaltsrecht besitzt. Künftig soll es ausreichen, wenn ein Elternteil legal in der Bundesrepublik 
lebt. Für hier geborene Flüchtlingskinder soll gelten, dass sie Deutsche werden, sobald der Asylantrag eines 
Elternteils positiv entschieden ist.
Meinung + Diskussion
Zu den besonders zu berücksichtigenden Kriterien zählt ein Hochschulabschluss"
2017-04,Main Corpus,2017-04(50).ZIP,"Hiergeblieben! Klassenkameraden, Lehrer, Ausbilder, Chefs - überall in Berlin und Brandenburg engagi.PDF","C:\PythonProjects\AfD-project\Corpora\Main Corpus\2017-04\raw_unarchive\Hiergeblieben! Klassenkameraden, Lehrer, Ausbilder, Chefs - überall in Berlin und Brandenburg engagi.PDF","Hiergeblieben! Klassenkameraden, Lehrer, Ausbilder, Chefs - überall in Berlin und Brandenburg engagieren",hiergeblieben klassenkameraden lehrer ausbilder chefs  überall in berlin und brandenburg engagieren,Der Tagesspiegel,der tagesspiegel,Samstag 8. April 2017,Sandra Dassler,BERLIN; S. 17; Ausg. 23081,969,6747,de022513ff4efc7a527ddd3ce0d24c15d6ecd5a4,,unique,keep,,no,,no,,,7816,no,,,,,"Ein zehnjähriges Mädchen rennt in panischer Angst vor einem Polizisten davon. Es hat nichts Böses getan, nur in 
diesem Land Schutz gesucht, der ihm nach Ansicht der Behörden nicht zusteht ...
Am heutigen Sonnabend hat die Kinderoper ""Flüchtling"" am Cottbuser Staatstheater Premiere und Wali Yousafzai 
wird sie mit gemischten Gefühlen verfolgen. Er kennt diese Angst nur zu gut. Dabei ist der Afghane doppelt so alt 
wie das Mädchen. Meist trägt er ein rot-schwarzes Kapuzenshirt mit dem Emblem des FC Energie Cottbus. Das ist 
zwar nicht Bayern München, aber wenigstens die Vereinsfarben sind ähnlich. Und Cottbus könnte Walis neue 
Heimat werden, wenn er als Flüchtling anerkannt würde. Doch das ist relativ unwahrscheinlich.
In seiner Anhörung beim Bundesamt für Migration und Flüchtlinge (Bamf) hat Wali seine Geschichte erzählt: Dass 
er aus der nordafghanischen Provinz Kundus stammt, wo er mit neun Geschwistern aufwuchs. Dass Taliban-
Kämpfer in sein Dorf gekommen seien, um ältere Jungen zwangsweise zu rekrutieren. Dass er sich weigerte, 
deshalb misshandelt wurde und - weil er wusste, dass die Taliban immer wieder kommen würden - mit zwei älteren 
Brüdern geflüchtet sei. Im Oktober 2015 kam Wali in Deutschland an, seine Brüder habe er in den iranischen 
Bergen verloren, erzählte er. Doch die Beamten beim Bamf glaubten ihm nicht, halten ihn für einen 
Wirtschaftsmigranten. Im Februar 2017 stellte die Behörde Walis Abschiebebescheid aus.
Da besuchte er fast schon ein Jahr lang die Freie Waldorfschule in Cottbus, die mehrere afghanische Flüchtlinge 
aufgenommen hat. Walis Klassenkameraden waren entsetzt. ""Wir wussten ja aus seinen Erzählungen und aus den 
Medien, dass Kundus alles andere als sicher ist"", sagt der 17-jährige Vincent Rau. ""Deshalb haben wir 
beschlossen, ihm zu helfen.""
Die Waldorfschüler sammelten Geld, um einen Anwalt zu bezahlen, und starteten eine Petition bei der Online-
Plattform change.org, um Walis Abschiebung zu verhindern. Und nicht nur seine. ""Jetzt haben noch zwei weitere 
Mitschüler ihre Abschiebebescheide erhalten"", sagt die 19-jährige Manja Rostek, die einen berührenden Text über 
Walis Schicksal ins Internet stellte.

Hiergeblieben! Klassenkameraden, Lehrer, Ausbilder, Chefs - überall in Berlin und Brandenburg engagieren 
sich Menschen gegen Abschiebungen
Natürlich finden nicht alle das Engagement der Schüler gut. ""Was manche in den sozialen Medien für Hasssprüche 
loslassen, ist schlimm"", sagt der 19-jährige Simon Roskos. ""Dabei sterben in Afghanistan täglich Menschen bei 
Anschlägen, auch wenn die Bundesregierung erklärt, dass es dort sichere Gebiete gibt.""
Die Fragen der Waldorfschüler an Bundes- und Landesbehörden wurden abgewimmelt. ""Man verwies uns an die 
Ausländerbehörde der Stadt"", sagt Simon Roskos. ""Die beruft sich auf die Rechtslage und dass das eben 
Demokratie sei. Aber ich glaube eher, das, was wir hier machen, ist Demokratie"".
Immerhin haben mehr als 70 000 Menschen die Online-Petition unterschrieben. Und in Cottbus gibt es viel 
Unterstützung, wie vom Staatstheater, wo die Waldorf-Schüler anlässlich der Premiere von ""Flüchtling"" ihr Projekt 
präsentieren. Lucio Gregoretti nennt seine Oper, in der eine Schulklasse ein Flüchtlingsmädchen retten will, ein 
""optimistisches und tröstliches Märchen"".
Doch nicht nur in Cottbus hat die Wirklichkeit die Kunst längst überholt. An vielen Orten engagieren sich Menschen 
für Flüchtlinge, die abgeschoben werden sollen: In Eberswalde setzt sich die Stadtkirchengemeinde für einen 
jungen Somalier ein, der vor der Abschiebung ins Kirchenasyl geflüchtet war.
In Berlin haben Lehrer am Oberstufenzentrum Weißensee mehr als hundert Unterschriften von Kollegen aus der 
ganzen Stadt gesammelt und einen offenen Brief verfasst. Seit Wochen häuften sich die negativen Bescheide für 
Jugendliche aus Afghanistan, dem Irak und sogar Syrien, beklagen sie: ""Die momentane Situation ist für unsere 
Schüler unerträglich. Jeden Tag sehen wir, wie sich ihr psychischer Zustand verschlechtert, weil sie die Angst vor 
der drohenden Abschiebung plagt"".
Obwohl alle eine existenzielle Bedrohung erlebt hätten, erhielten sie kein Bleiberecht. Die Lehrer plädieren dafür, 
""unsere Schülerinnen und Schüler nicht abzuschieben"", auch weil viele Deutsch gut genug sprechen, um eine 
Ausbildung zu beginnen, und meinen: ""Dieser plötzliche Umschwung hin zu einer rigorosen Abschiebepraxis 
erscheint uns politisch willkürlich, moralisch fragwürdig und wirtschaftlich unsinnig"".
Genauso empfindet das auch Emile Weisner, Geschäftsführer der Berliner Allround-Autovermietung. Seine Firma 
suche händeringend nach Lkw-Schlossern, erzählt er. Deshalb sei er froh, dass Maythem Faris, ein Flüchtling aus 
dem Irak, seit eineinhalb Jahren eine Ausbildung zum Kfz-Mechaniker macht. ""Er spricht hervorragend Deutsch 
und hat echt Ahnung vom Fach. So einen guten Azubi hatten wir noch nie"", sagt Weisner. Doch auch Maythem 
Faris wurde jetzt aufgefordert, Deutschland innerhalb von 30 Tagen zu verlassen.
Emile Weisner hat sofort versucht, einen Anwalt einzuschalten. ""Aber das ist derzeit gar nicht so leicht in Berlin"", 
sagt er. ""Die darauf spezialisierten Anwälte sind völlig überlastet."" Letztlich hatte Weisner Erfolg, eine Klage wurde 
eingereicht, obwohl niemand abgeschoben werden kann, der in Ausbildung ist. ""Ihn nach der Ausbildung 
abzuschieben ist ja noch unsinniger"", sagt Weisner. ""Menschen wie Maythem, die sich so gut integrieren, sollten 
auf jeden Fall bleiben können. Zumal wir nach wie vor Schlosser brauchen.""
Auch Wali Yousafzai an der Cottbuser Waldorfschule würde gern Automechaniker werden. Und hierbleiben. In 
Brandenburg hat er schlechtere Karten als seine Landsleute in Berlin. Während aus der Hauptstadt bislang 
niemand nach Afghanistan abgeschoben wird - es sei denn, er ist Straftäter oder Gefährder - hat Brandenburg 
kürzlich erstmals einen Mann ins Flugzeug nach Kabul gesetzt.
Wenn Wali Geld verdienen könnte, würde er es seiner Familie in Kundus schicken, sagt er. Und sich vielleicht mal 
eine Karte für ein Fußballspiel mit Manuel Neuer leisten, der sein Vorbild ist. ""Manuel Neuer ist der Beste"", sagt 
Wali. ""Aber Cottbus ist auch sehr gut."" Er schaut auf sein Kapuzenshirt und dann auf Manja, Simon, Vincent und 
die anderen aus seiner Klasse: ""Hier gibt es gute Menschen.""
Graphic
Hiergeblieben! Klassenkameraden, Lehrer, Ausbilder, Chefs - überall in Berlin und Brandenburg engagieren 
sich Menschen gegen Abschiebungen
 
Angst vor Abschiebung. Wali Yousafzai (2.v.r.) und seine Landsleute aus Afghanistan würden gerne weiter die 
Freie Waldorfschule in Cottbus besuchen. Ihre Mitschüler starteten eine Online-Petition. Mehr als 70 000 Menschen 
haben schon unterschrieben. Foto: Marlies Kross"
2017-04,Main Corpus,2017-04(50).ZIP,Hunderttausende warten Einwanderung CDU und SPD streiten über Familiennachzug von Asylbewerbern.PDF,C:\PythonProjects\AfD-project\Corpora\Main Corpus\2017-04\raw_unarchive\Hunderttausende warten Einwanderung CDU und SPD streiten über Familiennachzug von Asylbewerbern.PDF,Hunderttausende warten; Einwanderung CDU und SPD streiten über Familiennachzug von Asylbewerbern,hunderttausende warten einwanderung cdu und spd streiten über familiennachzug von asylbewerbern,Nordwest-Zeitung,nordwestzeitung,06. April 2017,,MEINUNG; S. 4,417,3216,6b5f5bd759587d92342650689738b63f95219060,,unique,drop,commentary_noncore,no,,no,,,4326,yes,commentary_noncore,,,,"Berlin - Kommt auf Deutschland eine neue Flüchtlingswelle zu? Laut eines internen Berichts der Bundesregierung 
haben 267 500 syrische Flüchtlinge Anspruch darauf, ihre Familie nachzuholen. Sie sind nicht von der im 
Aufenthaltsgesetz geregelten Aussetzung des Nachzuges betroffen.
Nach Prognosen des Bundesamtes für Migration und Flüchtlinge (Bamf) sind demnach rund eine Viertelmillion 
Angehörige allein von syrischen Asylbewerbern zu erwarten. Das Bamf rechnet durchschnittlich mit etwa einem 
Angehörigen pro Flüchtling. In den ersten neun Monaten des vergangenen Jahres hatten allerdings nur etwa 40 
000 Angehörige von anerkannten syrischen Asylbewerbern ein Visum für den Nachzug und die Zusammenführung 
der Familie beantragt.
Die Union drängt angesichts dieser Zahlen jetzt darauf, die geltende Beschränkung des Familiennachzuges für 
Flüchtlinge mit eingeschränktem Schutz über das Frühjahr 2018 hinaus zu verlängern. SPD und Opposition fordern 
dagegen eine schnelle Lockerung.
 Im Gegensatz zur SPD treten wir für eine Anschlussregelung ein , erklärte am Mittwoch der stellvertretende 
Vorsitzende der Unionsfraktion im Deutschen Bundestag, Stephan Harbarth (CDU), im Gespräch mit unserer 
Berliner Redaktion. Mit uns wird es keine vorzeitige Rückkehr zum alten Zustand geben. Der Familiennachzug für 
subsidiär Schutzberechtige bleibt bis zum März 2018 ausgesetzt. 
So hätten es Union und SPD gemeinsam im Bundestag beschlossen und zuletzt im Koalitionsausschuss noch 
einmal bekräftigt. Der Familiennachzug muss auch in Zukunft auf ein Maß begrenzt werden, das die 

Hunderttausende warten; Einwanderung CDU und SPD streiten über Familiennachzug von Asylbewerbern
gesellschaftliche Akzeptanz nicht übersteigt und die Integrationsfähigkeit nicht überfordert , sagte Harbarth. Ob es 
zu einer Rückkehr zum privilegierten Familiennachzug für subsidiär Schutzberechtigte komme, werde nach der 
Bundestagswahl entscheidend von der Regierungsbildung und den Koalitionsverhandlungen abhängen.
Auch der Städte- und Gemeindebund drängt auf eine Verlängerung des eingeschränkten Familiennachzuges: Der 
Nachzug von Familienangehörigen sei in letzter Zeit deutlich gestiegen. So seien 2016 insgesamt 105 000 Visa 
zum Familiennachzug erteilt worden, erklärte Hauptgeschäftsführer Gerd Landsberg. Solange die weitere 
Entwicklung der Flüchtlingszahlen ungeklärt bleibt, sollte die bisherige Regelung bestehen bleiben , sagte er. Ein 
schnell ansteigender Familiennachzug könne zu einer Überforderung vor Ort führen.
Die Opposition hatte die Aussetzung des Familiennachzuges als Raubbau am Grundrecht für Asyl bezeichnet. 
Das verfassungsmäßige Recht auf Familiennachzug ergibt sich aus Artikel 6 des Grundgesetzes, der den Schutz 
von Ehe und Familie garantiert. Union und SPD hatten vor einem Jahr im Asylpaket II vereinbart, für Flüchtlinge mit 
subsidiärem Schutz den Familiennachzug für zwei Jahre auszusetzen und zwar auch für Minderjährige. Ein 
mühsam ausgehandelter Kompromiss sah allerdings vor, in Härtefällen minderjährigen Flüchtlingen mit 
subsidiärem Schutz einen Nachzug der Eltern zu erlauben.
PDF-Datei dieses Dokuments
Graphic
 
Eine syrische Familie sitzt vor einem Asylwohnheim in Brandenburg."
2017-04,Main Corpus,2017-04(50).ZIP,"In Grenzen solidarisch Die Bereitschaft, Flüchtlinge aufzunehmen, geht zurück. Gleichzeitig ist das.PDF","C:\PythonProjects\AfD-project\Corpora\Main Corpus\2017-04\raw_unarchive\In Grenzen solidarisch Die Bereitschaft, Flüchtlinge aufzunehmen, geht zurück. Gleichzeitig ist das.PDF","In Grenzen solidarisch Die Bereitschaft, Flüchtlinge aufzunehmen, geht zurück. Gleichzeitig ist das",in grenzen solidarisch die bereitschaft flüchtlinge aufzunehmen geht zurück gleichzeitig ist das,Berliner Zeitung,berliner zeitung,08. April 2017,Melanie Reinsch,POL; S. 4; Ausg. 84,609,4405,41d2df2b019d73e8165d93dd813aba103ebd9a11,,unique,keep,,no,,no,,,5936,no,,,,,"VON MELANIE REINSCH 
 Die Deutschen präsentieren sich als eine offene und gereifte Einwanderungsgesellschaft. Allerdings ist die 
Bereitschaft, weitere Flüchtlinge aufzunehmen, an ihre Grenzen gekommen: Heute sehen 54 Prozent der 
Deutschen die Belastungsgrenze erreicht, vor rund zwei Jahren teilten diese Auffassung noch 40 Prozent. 
 Nicht einmal mehr zwei von fünf Befragten sind dafür, aus humanitären Gründen weitere Flüchtlinge 
aufzunehmen. Zu diesen Ergebnissen kommt eine neue repräsentative Studie der Bertelsmann-Stiftung auf 
Grundlage einer aktuellen Emnid-Umfrage, die am Freitag veröffentlicht wurde. 
 EU-Länder in der Verantwortung 
 Allerdings schreiben die Forscher auch, dass diese Zahlen nicht als kompletter Stimmungsumschwung in der 
Behandlung von Flüchtlingen zu bewerten seien. Noch immer wünsche sich eine überwältigende und steigende 
Mehrheit eine faire Lastenverteilung in Europa. Diese im Herbst 2015 von der EU-Kommission vorgeschlagene, 
aber bisher nicht umgesetzte Regelung zur Verteilung befürworten mittlerweile acht von zehn Befragten. Sie sind 
der Meinung, dass jedes EU-Land, abhängig von Größe und Wirtschaftskraft, eine feste Anzahl von Flüchtlingen 
aufnehmen müsse. ""Die Menschen in Deutschland blicken selbstbewusst darauf zurück, so viele Flüchtlinge so 
freundlich empfangen zu haben. Sie sagen aber auch: Jetzt sind andere Länder ebenfalls an der Reihe"", sagte Jörg 
Dräger vom Vorstand der Bertelsmann-Stiftung. 
 Gegen einen Stimmungswandel spricht auch, dass sich 80 Prozent der Befragten für eine rasche 
Arbeitsaufnahme der Flüchtlinge aussprechen. Weniger als ein Fünftel der Befragten sehen die Flüchtlinge aber 
nur als ""Gäste auf Zeit"" und finden, dass keine Integrationsbemühungen unternommen werden müssen. 
 ""Es ist klar, dass sich so eine Akzeptanz nicht auf Dauer halten kann, wenn das Gefühl aufkommt, dass 
Deutschland diese Aufgabe alleine bewältigen muss. Die Verantwortung muss Europa gemeinsam übernehmen"", 
sagte auch Ulrich Lilie, Präsident der Diakonie Deutschland, dieser Zeitung. Man müsse klar machen, dass sich 
einige Länder nicht einfach entziehen könnten und auch politisch Druck machen. 

In Grenzen solidarisch Die Bereitschaft, Flüchtlinge aufzunehmen, geht zurück. Gleichzeitig ist das 
Zivilengagement in Deutschland ungebrochen
 Peter Neher, Präsident des Deutschen Caritasverbandes, stellt fest, dass es ""nach wie vor ein hohes und 
ungebrochenes Engagement in der Zivilgesellschaft"" gebe. ""Da ist kein Rückgang zu erkennen. Das ist ein 
wichtiges Signal. Die Integration ist ohne das Ehrenamt nicht zu leisten und ein wichtiger Bestandteil unseres 
Landes"", sagte Neher dieser Zeitung. Immer noch kämen neue Helfer. Die würden aber jetzt an anderer Stelle 
gebraucht, für die Integration, zum Beispiel als Paten oder für Gänge zu den Ämtern. Allerdings hätten die Angriffe 
auf die Flüchtlingshelfer in den vergangenen zwei Jahren zugenommen. Das ginge von Schmierereien und Hass-
Mails bis zu tätlichen Angriffen, sagt Neher. 
 Bei einem Empfang von ehrenamtlichen Flüchtlingshelfern im Kanzleramt mahnte auch Veronika Ortega aus 
dem bayerischen Gunzenhausen die Bundeskanzlerin, sie solle ""nicht so sehr auf die lauten Stimmen hören"". Es 
gebe sehr viele Hilfsbereite: ""Wir sind die Mehrheit."" Merkel sagte, sie müsse als Kanzlerin beide Seiten hören. 
Sicher sei aber: ""Niemand verlässt seine Heimat ohne ziemlich triftige Gründe."" 
 Der Osten ist skeptischer 
 Die Interviewpartner wurden bei einigen Fragen nicht direkt nach ihrer eigenen Haltung, sondern nach ihrer 
Wahrnehmung befragt - dieser indirekte Zugang zur Einschätzung der Willkommenskultur soll ermöglichen, dass 
die Befragten sich auch negativ äußern können, ohne dafür normativ haftbar gemacht zu werden (""Soziale 
Erwünschtheit""). Außerdem soll diese Fragetechnik die Reichweite erhöhen. 
 Dabei war auffällig, dass es erhebliche Differenzen zwischen Ost und West gibt. Die Schere hat schon immer 
bestanden, sie hat sich aber noch weiter geöffnet. Schon vor zwei Jahren blickten die Ostdeutschen skeptischer auf 
die Einwanderung. Während im Osten mit 53 Prozent immerhin noch eine knappe Mehrheit sagt, die Bevölkerung 
heiße Einwanderer willkommen, sind es im Westen 74 Prozent. Nur ein Drittel der Ostdeutschen meint, die 
Bevölkerung nehme Flüchtlinge offen auf. Davon sind im Westen hingegen doppelt so viele Bürger überzeugt. (mit 
vat.)"
2017-04,Main Corpus,2017-04(50).ZIP,Jobs für jeden zweiten Flüchtling Arbeitsintegration innerhalb von fünf Jahren ist möglich.PDF,C:\PythonProjects\AfD-project\Corpora\Main Corpus\2017-04\raw_unarchive\Jobs für jeden zweiten Flüchtling Arbeitsintegration innerhalb von fünf Jahren ist möglich.PDF,Jobs für jeden zweiten Flüchtling Arbeitsintegration innerhalb von fünf Jahren ist möglich,jobs für jeden zweiten flüchtling arbeitsintegration innerhalb von fünf jahren ist möglich,Berliner Zeitung,berliner zeitung,21. April 2017,AFP,WIRTSCH; S. 7; Ausg. 93,220,1605,73d754ca621b66408159b12e317fb53073952d08,,unique,keep,,no,,no,,,2620,no,,,,,"Jeder zweite Flüchtling kann einer Studie zufolge fünf Jahre nach der Ankunft in Deutschland einen Job haben. 
Eine Erwerbstätigenquote von 50 Prozent unter Geflüchteten nach etwa fünf Jahren sei ""realistisch"", erklärte am 
Donnerstag das Institut für Arbeitsmarkt- und Berufsforschung (IAB) in Nürnberg. Es zählt dabei auch bezahlte 
Praktika und geringfügige Beschäftigung als Erwerbstätigkeit. 
 Laut Untersuchung des IAB waren in der zweiten Jahreshälfte 2016 von den 2015 zugezogenen Flüchtlingen im 
erwerbsfähigen Alter zehn Prozent erwerbsfähig. Von den 2014 Zugezogenen waren es bereits 22 Prozent, und 
von den 2013 Zugezogenen sogar 31 Prozent. Grundlage ist eine repräsentative Befragung von mehr als 4 800 
Flüchtlingen. Die Ergebnisse stimmten weitgehend mit Befunden der Bundesagentur für Arbeit überein, erklärte das 
IAB: Die Zahl Beschäftigter aus den wichtigsten nichteuropäischen Herkunftsländern (Afghanistan, Eritrea, Irak, 
Iran, Nigeria, Pakistan, Somalia und Syrien) hat demnach von Anfang 2015 bis Ende 2016 um 80 000 
zugenommen. Im gleichen Zeitraum stieg die Bevölkerung im erwerbsfähigen Alter aus diesen Ländern um 687 000 
Menschen an. 
 Der bisherige Verlauf der Arbeitsmarktintegration der kürzlich nach Deutschland Geflüchteten decke sich mit den 
Erfahrungen früherer Jahre sowie mit Erfahrungen anderer Volkswirtschaften in der EU, heißt es in der Studie. 
Wegen des großen Umfangs der Zuwanderung und der hohen Investitionen in ihre Arbeitsmarktintegration könne 
noch nicht abschließend beurteilt werden, ob die Entwicklung auch künftig ähnlich erfolgen werde. (AFP)"
2017-04,Main Corpus,2017-04(50).ZIP,"KZ-Besuche für Flüchtlinge Josef Schuster, der Zentralratsvorsitzende der Juden, über das Kopftuchve.PDF","C:\PythonProjects\AfD-project\Corpora\Main Corpus\2017-04\raw_unarchive\KZ-Besuche für Flüchtlinge Josef Schuster, der Zentralratsvorsitzende der Juden, über das Kopftuchve.PDF","KZ-Besuche für Flüchtlinge Josef Schuster, der Zentralratsvorsitzende der Juden, über das Kopftuchverbot, ein",kzbesuche für flüchtlinge josef schuster der zentralratsvorsitzende der juden über das kopftuchverbot ein,Welt am Sonntag,welt am sonntag,23. April 2017,Jacques Schuster,POLITIK; POLITIK; S. 11; Ausg. 17,1503,10689,7ccc4c0dbac119694883ee4f96da3b6630cc986d,,unique,keep,,no,,no,,,11799,no,,,,,"Obwohl er als Präsident des Zentralrats der Juden in Deutschland einer Vollzeit-Beschäftigung nachgeht, praktiziert 
Josef Schuster, 63, weiter als Arzt in seiner Würzburger Praxis. In seiner Mittagspause sind wir zum Gespräch mit 
ihm verabredet.
Herr Schuster, kürzlich wurde ein jüdischer Junge an einer Berliner Schule antisemitisch beschimpft, bespuckt und 
gequält. Als der Fall öffentlich wurde, empfanden die Eltern dieser Schule nicht diesen Vorfall als rufschädigend, 
rufschädigend war für sie die Tatsache, dass der Fall bekannt wurde. Erkennen Sie darin ein Muster?
Josef Schuster:
Das würde ich nicht sagen. Allerdings ist es wichtig, solche Vorfälle publik zu machen, um in der Öffentlichkeit das 
Bewusstsein zu schärfen, dass Antisemitismus in einer offenen Gesellschaft nichts zu suchen hat.
Der Vorfall wurde von vielen Eltern als bedauerlich, aber angesichts des Konfliktes zwischen Israelis und 
Palästinensern als verständlich gewertet. Juden in Deutschland werden oft quasi als Botschafter Israels gesehen. 
Ist nicht allein schon diese Sichtweise antisemitisch?
Es handelt sich in einigen Fällen wohl eher um eine grobe Fehleinschätzung. Offenbar halten einige Juden noch 
immer nicht für Deutsche. Leider ist das ein altes Problem. Denken Sie an Ignatz Bubis. 1996 wurde ihm beim 
Besuch des israelischen Präsidenten Weizman zur Rede ""seines"" Präsidenten gratuliert. Bubis antwortete 
schlagfertig: ""Oh, Präsident Roman Herzog hält immer gute Reden."" Diese Fehlwahrnehmung ist nicht 
totzukriegen. Ich glaube, die Ursache dafür ist zum einen Unkenntnis, zum anderen das Fortleben uralter 
Vorurteile.
Die Angriffe auf den Jungen erfolgten von Mitschülern arabischer Herkunft. Ist diese Form des Antisemitismus 
mittlerweile bedrohlicher als der Antisemitismus von rechts?

KZ-Besuche für Flüchtlinge Josef Schuster, der Zentralratsvorsitzende der Juden, über das Kopftuchverbot, ein 
Islamgesetz und die zunehmende Gefährdung der Reli....
Es gibt mehrere Ausdrucksformen des Antisemitismus: Dazu zählen der klassische Antisemitismus, den wir vor 
allem bei Rechtsextremen finden, Antisemitismus in Form von überzogener Kritik an Israel, der eher im politisch 
linken Spektrum zu finden ist sowie Antisemitismus in Teilen der muslimischen Community. Alle Formen sind 
widerlich. Jede einzelne Form bedroht die Juden.
Aber der arabisch-muslimisch motivierte Antisemitismus ist einer, der häufiger vorkommt.
Es ist der, über den man aufgrund der Zuwanderung vermehrt redet. Allerdings bleibt festzuhalten: Die offiziellen 
Zahlen zeigen deutlich mehr antisemitische Straftaten durch Rechtsextremisten als von muslimischer Seite.
Wie sollte man dieser Form des Judenhasses begegnen? Braucht man dagegen andere Methoden als im Kampf 
gegen den herkömmlichen Antisemitismus?
Ja, die brauchen wir. Man muss sich klarmachen, dass viele jener Menschen, die nach Deutschland gekommen 
sind, aus Staaten stammen, in denen Judenhass und Israelfeindlichkeit zur Staatsräson gehören und ihnen dieser 
Hass über Jahre hinweg eingetrichtert wurde. Dass man solche Zerrbilder, die man jahrzehntelang vorgehalten 
bekam, nicht einfach an der Grenze nach Deutschland vergessen kann, ist verständlich. Umso wichtiger ist es 
allerdings, antisemitische Einstellungen in den Integrationskursen zu einem zentralen Thema zu machen.
Wie soll das genau geschehen?
Wir haben mit den Verantwortlichen des Bundesamtes für Migration und Flüchtlinge über diese Fragen gesprochen. 
Ich bin mit dem Gefühl aus diesen Gesprächen gekommen, dass sie bemüht sind, diese antijüdischen Zerrbilder in 
den Integrationskursen auch nach besten Kräften zu zerstören. Das gilt übrigens nicht nur in Bezug auf den 
Antisemitismus. Es geht um alle westlichen Werte: die Gleichberechtigung von Mann und Frau genauso wie einen 
toleranten Umgang mit gleichgeschlechtlichen Partnerschaften. Allerdings wissen wir auch: Zeitlich begrenzte 
Integrationskurse können keine Wunder bewirken. Aber vielleicht ließe es sich einrichten, dass Kursteilnehmer eine 
KZ-Gedenkstätte oder ein jüdisches Museum besuchen.
Trotzdem bleiben die meisten der Neuankömmlinge von der Propaganda ihrer Heimatländer beeinflusst.
Das stimmt. Die Menschen, die sich am Tage mit unseren Werten vertraut machen, sehen am Abend die 
Fernsehsender ihrer Heimat oder al-Dschasira. Vieles von dem, was dort verbreitet wird, widerspricht allem, wofür 
wir in Europa stehen. Manchmal frage ich mich, ob die dort gemachten Aussagen nicht verfassungswidrig sind. 
Verfassungsfeindlich sind sie auf alle Fälle. Lässt sich dagegen nicht vorgehen?
Lehrer klagen, immer mehr muslimische Schüler würden sich weigern, an Informationsfahrten zu 
Konzentrationslagern mitzufahren, weil dies nicht ihre Geschichte ist. Wie sollten die Schulen Ihrer Meinung nach 
reagieren?
Ich kenne viele Geschichten von Lehrern, die erzählen, wie gut diese Fahrten bei muslimischen Schülern 
ankommen. Die Fahrten hätten oft dazu geführt, dass die muslimischen Schüler erstmals überhaupt Empathie für 
die Opfer empfunden hätten. Empathie deshalb, weil sie eine Situation erkannt haben, die sie an die 
Fluchtschicksale ihrer eigenen Familien erinnerten, auch wenn sich die Schicksale nicht wirklich vergleichen lassen.
Die Zahl von Flüchtlingen, die nach Deutschland kommen, hat abgenommen, vergleicht man sie mit dem Jahr 
2015/2016. Viel ist seither getan worden, diese Flüchtlinge unterzubringen und zu integrieren. Wie beurteilen Sie 
das bisher Geleistete?
Es wurde viel und Gutes geleistet. Wer aber glaubt, die Integration könne innerhalb von zwei Jahren gelingen, der 
irrt. Wenn ich etwa auf die Integration der jüdischen Einwanderer aus der ehemaligen Sowjetunion in den 1990er-
Jahren zurückblicke, dann kann ich nur sagen: Eine vollständige Integration dauert eine, wenn nicht sogar zwei 
Generationen.
KZ-Besuche für Flüchtlinge Josef Schuster, der Zentralratsvorsitzende der Juden, über das Kopftuchverbot, ein 
Islamgesetz und die zunehmende Gefährdung der Reli....
Vor einem Jahr löste Ihre Aussage, dass wir um eine Art von Obergrenze nicht herumkommen werden, eine heftige 
Debatte aus. Auch wenn sie es nicht offen zugibt, hat die Bundesregierung den Weg eingeschlagen, den Sie 
skizziert haben: Sie sorgt dafür, dass weniger Flüchtlinge ins Land kommen. Fühlen Sie sich bestätigt?
Es war klar, dass eine weitere ungesteuerte Aufnahme von Flüchtlingen in der Größenordnung wie 2015 nicht zu 
verkraften ist. Nur darauf wollte ich aufmerksam machen. Auch für die Flüchtlinge wäre wenig gewonnen, wenn sie 
nicht mehr angemessen versorgt werden könnten.
Sie hatten damals Sorge, dass sich das Klima der Intoleranz durch den Zuzug von Menschen, die aus autoritären, 
auch antiwestlichen Gesellschaften kommen, verstärkt. Hat diese Sorge seither ab- oder zugenommen?
Ich hatte die Sorge, dass es rechtspopulistischen Parteien auch durch die hohe Zahl der Flüchtlinge noch leichter 
gelingen könnte, ein Klima der Intoleranz zu schüren. Das hat sich in meinen Augen leider auch bestätigt, wenn 
man zum Beispiel die Wahlergebnisse der AfD im vergangenen Jahr betrachtet. Und nach wie vor macht es mir 
Sorge, dass die AfD einen nicht unerheblichen Zulauf dadurch erhält, dass sie gegen den Islam, gegen Muslime 
und auch gegen die Zuwanderung agitiert.
In Deutschland wird mit Blick auf die Ereignisse in der Türkei wieder heftiger über die Frage der doppelten 
Staatsbürgerschaft debattiert. Was ist Ihre Position dazu?
Ich halte es für sinnvoll, dass jene, die dauerhaft in Deutschland leben und unsere Werte teilen, die deutsche 
Staatsbürgerschaft erhalten können. Über eine doppelte Staatsbürgerschaft lässt sich sicher diskutieren. Viele 
Politiker meinen offenbar, allein das Ablegen des zweiten Passes verändere die Denkweise. Das halte ich 
allerdings für fragwürdig.
Eine weitere Forderung ist die Verabschiedung eines Islamgesetzes, das unter anderem die Predigt in Deutsch 
vorschreibt. Was halten Sie von einem solchen Gesetz?
Wir sollten davon absehen, für einzelne Religionsgemeinschaften spezielle Gesetze zu schaffen. Allerdings sollte 
angestrebt werden, dass in allen Gotteshäusern, seien es Moscheen, seien es Kirchen oder Synagogen, in der 
Landessprache gepredigt wird.
Wie sieht es mit einem Kopftuchverbot aus? Sagt das Kopftuch oder die Kippa etwas über das Verhältnis der 
Trägerin oder des Trägers zum Staat aus?
Die Kippa sagt viel mehr über das Verhältnis ihres Trägers zur jüdischen Religion aus als über sein Verhältnis zum 
Staat. Auch das Bundesverfassungsgericht hat ein generelles Verbot religiöser Kopfbedeckungen abgelehnt. Ich 
halte ein Kopftuchverbot im öffentlichen Dienst für problematisch. Im Übrigen glaube ich nicht, dass es mit dem 
Grundgesetz vereinbar ist. Über ein Burka- oder Nikab-Verbot müsste gesondert gesprochen werden.
Wieso sollte das mit dem Grundgesetz vereinbar sein?
Ob das Tragen einer Burka oder eines Nikab verfassungsgemäß sind, müssen Juristen beurteilen. Ich halte es für 
wichtig, in jedem Gespräch dem Gesprächspartner auch ins Gesicht sehen zu können. Sprechen ist nicht nur 
verbal, sondern auch nonverbal.
Sollten Vertreter des Staates die Zeichen ihrer Religion öffentlich zeigen dürfen oder nicht?
Sie sollten die Zeichen ihrer Religion solange tragen dürfen, solange sie ihre Entscheidungen neutral fällen und 
sich neutral verhalten.
Seit den Auseinandersetzungen mit der islamistischen Gefahr und der Frage, wie man Muslime, die in Deutschland 
leben, integriert, hat sich die Neigung verstärkt, alles, was nicht in der Tradition der Mehrheitsgesellschaft liegt, 
abzulehnen, wenn nicht sogar zu bekämpfen: Das beginnt mit der Ablehnung der rituellen Schlachtweise von 
Tieren und endet bei einem mitunter heftigen Kampf gegen die Beschneidung. Sehen Sie diese Tendenz auch?
KZ-Besuche für Flüchtlinge Josef Schuster, der Zentralratsvorsitzende der Juden, über das Kopftuchverbot, ein 
Islamgesetz und die zunehmende Gefährdung der Reli....
Diese Tendenz nehme ich bereits seit Längerem wahr und bedauere sie sehr. Viele machen sich nicht klar, dass 
damit die Religionsfreiheit angegriffen wird und dass - wird diese Haltung stärker - muslimisches Leben in 
Deutschland genauso bedroht wird wie jüdisches Leben.
Hat sich Ihrer Meinung nach das Klima der Freiheitlichkeit in der Bundesrepublik in den vergangenen Jahren 
verschlechtert?
So weit würde ich nicht gehen. Allerdings gibt es Teile der Bevölkerung, die ihre Intoleranz heute offener und lauter 
als früher zeigen. Dagegen steht jene große Mehrheit, die sich für unsere Demokratie, Rechtsstaatlichkeit und 
unsere Werte engagiert einbringen. Das macht mir Mut!
Original Gesamtseiten-PDF
Graphic
 
Alex Kraus
Alex Kraus"
2017-04,Main Corpus,2017-04(50).ZIP,Lions-Club unterstützt die Flüchtlingshilfe.PDF,C:\PythonProjects\AfD-project\Corpora\Main Corpus\2017-04\raw_unarchive\Lions-Club unterstützt die Flüchtlingshilfe.PDF,Lions-Club unterstützt die Flüchtlingshilfe,lionsclub unterstützt die flüchtlingshilfe,Rheinische Post,rheinische post,Dienstag 25. April 2017,,LOKALES,213,1555,edab6bc0b0742f5a894e600252843e003233480b,,unique,review,,no,,no,,Short local brief kept for review.,2117,yes,regional_variant_review,,,,"HAmminkeln (RP) ""Sprachkompetenz hilft, in Arbeit zu kommen!"" - ein Grund für den Lions-Club Hamminkeln, das 
Sprachangebot der Flüchtlingshilfe weiter finanziell zu unterstützen. Bereits zum dritten Mal konnten Präsident 
Manfred Loskamp und sein Stellvertreter Stefan Schleiting aus dem Erlös des Adventskalendersverkaufs einen 
Scheck in Höhe von 2500 Euro an die Vertreter der Flüchtlingshilfe überreichen. ""Es ist absolut wichtig für die 
Flüchtlinge, dass sie weiter schnell Deutsch lernen. Nur so können sie eine Möglichkeit finden, eine vernünftige 
Arbeit zu bekommen. Es nützt nichts, wenn sie mit einem Beruf nach Deutschland kommen, aber die Sprache nicht 
können"", sagte Manfred Loskamp.
In Zusammenarbeit mit der Volkshochschule Wesel-Hamminkeln-Schermbeck bietet die Flüchtlingshilfe 
Hamminkeln Deutschkurse in verschiedenen Niveaustufen an. Erreichen die Kursteilnehmer ein B1-Niveau, sind 
sie in der Lage, jede Alltagssituation zu meistern. ""Gerade bei dem Kurs, der eine B1-Zertifizierung zum Ziel hat, ist 
eine sehr hohe Motivation der Teilnehmer festzustellen,"" kann Günter Crefeld als einer der Unterrichtenden erfreut 
aufzeigen. ""Wir sind dankbar, dass besonders auch der Lions-Club Hamminkeln neben der Stadt, dem Land NRW, 
dem Kommunalen Integrationszentrum Kreis Wesel und den Rotariern die Arbeit der Flüchtlingshilfe Hamminkeln 
so nachhaltig unterstützt,"" freuen sich Roswitha Kellersohn und Josefa Sonders.
Günter Crefeld, Manfred Loskamp, Josefa Sonders, Roswitha Kellersohn und und Stefan Schleiting (v.l.)
Foto: Privat"
2017-04,Main Corpus,2017-04(50).ZIP,Mehr Flüchtlinge aus Afrika Die Bundesregierung bereitet sich vor - ihre Ursachenbekämpfung kommt ab.PDF,C:\PythonProjects\AfD-project\Corpora\Main Corpus\2017-04\raw_unarchive\Mehr Flüchtlinge aus Afrika Die Bundesregierung bereitet sich vor - ihre Ursachenbekämpfung kommt ab.PDF,Mehr Flüchtlinge aus Afrika Die Bundesregierung bereitet sich vor - ihre Ursachenbekämpfung kommt aber,mehr flüchtlinge aus afrika die bundesregierung bereitet sich vor  ihre ursachenbekämpfung kommt aber,Der Tagesspiegel,der tagesspiegel,Montag 3. April 2017,Ulrike Scheffer,POLITIK; S. 4; Ausg. 23076,834,6089,cd45d2c0a92c7305031b83c2821bf97db191959b,,unique,keep,,no,,no,,,7674,no,,,,,"Berlin - Die Zahl der afrikanischen Flüchtlinge, die nach Europa gelangen, steigt stark. In den ersten drei Monaten 
kamen schon 51 Prozent mehr Afrikaner in die EU als Anfang vergangenen Jahres. Das geht aus Zahlen der 
Internationalen Organisation für Migration (IOM) hervor, die Migrationsströme dokumentiert. 
Bundesentwicklungsminister Gerd Müller (CSU) rechnet mit rund 300 000 bis 400 000 Flüchtlingen vom 
Nachbarkontinent in diesem Jahr und wirbt für einen Marshallplan für Afrika. Denn anders als in Syrien oder 
Afghanistan fliehen junge Afrikaner meist nicht vor Bürgerkriegen und politischen Unruhen, sondern vor Armut und 
Misswirtschaft, sprich, weil sie keine Zukunftsperspektive für sich sehen. Zu den Hauptherkunftsländern gehören 
derzeit Senegal, Nigeria, Guinea, Gambia und die Elfenbeinküste.
Die Fluchtroute von Afrika aus verläuft über Ägypten und vor allem über Libyen an der nordafrikanischen Küste. 
Dort organisieren Schlepperbanden die Überfahrt über das Mittelmeer nach Italien. Praktisch alle Flüchtlinge, die 
das EU-Land erreichen, stammen aus Afrika. Im vergangenen Jahr waren das nach Angaben der IOM insgesamt 
rund 181 000 - Tendenz deutlich steigend. In Deutschland ist die Entwicklung noch nicht spürbar. Die Zahl der 
Asylanträge von Afrikanern geht sogar leicht zurück - was vor allem daran liegt, dass Italien Flüchtlinge nicht mehr 
wie 2015 einfach durchreisen lässt, sondern diese vielmehr registriert und selbst aufnimmt. Das entspricht der 
Dublin-Verordnung, nach der in der EU Asylanträge grundsätzlich im Ankunftsland gestellt werden müssen.
Wie lange sich Italien an die Verordnung noch gebunden fühlt, ist allerdings fraglich, schließlich halten die EU-
Staaten ihre Zusage, den Partner zu entlasten, auch nicht ein. Der Umverteilungsplan der EU für 160 000 
Flüchtlinge aus Griechenland und Italien wird von vielen Mitgliedsstaaten schlicht ignoriert. Erst ein Bruchteil der 
Flüchtlinge wurde tatsächlich umgesiedelt.
Erste Anzeichen dafür, dass wieder mehr Flüchtlinge Italien in Richtung Norden verlassen, gibt es schon. Wer in 
den vergangenen Wochen in Basel einen Zug nach Deutschland genommen hat, mag sich über den vollen 
Bahnsteig gewundert haben. Und darüber, dass viele, meist schwarze Fahrgäste erst im letzten Moment 
eingestiegen sind. Hinter der deutschen Grenze leeren sich die Züge meist rasch wieder, weil viele Reisende nur 
die Grenze überqueren wollen, um in Deutschland einen Asylantrag zu stellen. Meist kommen die afrikanischen 

Mehr Flüchtlinge aus Afrika Die Bundesregierung bereitet sich vor - ihre Ursachenbekämpfung kommt aber 
kaum voran
Flüchtlinge aus Italien. Kontrollen müssen sie auf der kurzen Strecke kaum fürchten, dennoch hat die Bundespolizei 
2016 fast doppelt so viele illegale Grenzübertritte registriert wie 2015. In diesem Jahr könnten es noch einmal 
deutlich mehr werden. Seit Januar 2017, so teilte die Behörde mit, seien bereits 1250 Flüchtlinge aufgegriffen 
worden, im Vorjahreszeitraum nur 250.
Bundesinnenminister Thomas de Maizière (CDU) pocht darauf, dass Italien die illegalen Grenzübertritte 
unterbindet. Außerdem setzt er auf Rücknahmeabkommen mit Herkunftsstaaten, um einen neuen Anstieg der 
Flüchtlingszahlen in Deutschland zu verhindern. Asylgründe haben nur wenige der Afrikaner, die die gefährliche 
Fahrt über das Mittelmeer auf sich nehmen.
Der Bundesentwicklungsminister indes muss sich schon qua Amt auch mit den Flucht ursachen beschäftigen. 
Afrika ist außerdem ein Schwerpunktthema der deutschen G-20-Präsidentschaft. Da sind Konzepte gefragt. Müllers 
Marshallplan zum Beispiel. Doch mit dem zieht der CSU-Politiker Kritik auf sich. ""Reiner Etikettenschwindel"", 
schimpft etwa der Linken-Politiker Niema Movassat, der im Entwicklungsausschuss des Bundestages sitzt. ""Anders 
als der Name Marshallplan vermuten lässt, soll kein Cent zusätzliches Geld für Afrika aufgebracht werden"", sagte 
Movassat dem Tagesspiegel. Tatsächlich setzt Müller vor allem auf Investitionen privater Unternehmen. Zusätzlich 
sollen 20 Prozent der Hilfsgelder für Afrika zugunsten von Reformstaaten umgeschichtet werden. ""Die fehlen dann 
aber an anderer Stelle"", klagt Movassat. Hilfsorganisationen warnen, private Investoren würden sich nur für Staaten 
interessieren, die schon im Aufwind seien. ""Deutschland darf die ärmsten Staaten nicht vergessen"", heißt es bei der 
Deutschen Welthungerhilfe.
Die Siemens-Stiftung schließlich kommentiert: Für afrikanische Unternehmen sei es ""kaum möglich, die sehr 
wertvollen spezifischen Finanzierungsprogramme deutscher Institutionen zu kennen, sie auf Eignung für ihre 
eigenen Organisationen zu prüfen und letztlich Zugang dazu zu finden. Im Interesse dieser Partner möchten wir 
daher für weniger Komplexität und mehr transparente Darstellung werben"".
Lob erntete Müller bei der Vorstellung des Plans, weil er offen unfaire Handelsbedingungen für afrikanische Staaten 
anprangerte. ""Doch welche Schlüsse zieht er daraus?"", fragt Movassat. ""In der EU tritt Deutschland jedenfalls 
bisher nicht dafür ein, die Handelsbeziehungen auf eine neue Grundlage zu stellen."" So erhebe die EU 
beispielsweise keinen Einfuhrzoll auf Kakao, auf Schokolade aber sehr wohl. ""Also werden aus Afrika weiter billige 
Rohstoffe exportiert, die Wertschöpfung, der Schlüssel für eine Entwicklung, findet dagegen in Europa statt.""
Einen Entwicklungsschub erwartet der Oppositionspolitiker von dem Marshallplan nicht - und damit auch keine 
Beseitigung von Fluchtursachen. Durch die aktuelle Hungersnot werde sich die Lage in Afrika sogar noch weiter 
zuspitzen, sagt Movassat voraus. ""Und selbst hier versagt die Internationale Gemeinschaft, eine Katastrophe zu 
verhindern."" Auch Deutschland bleibe mit seinem Beitrag von weniger als 200 Millionen Euro hinter seinen 
Möglichkeiten zurück. ""Gemessen an unserem Regelbeitrag für die UN müssten wir doppelt so viel aufbringen.""
Graphic
 
Ankunft in Europa. Fast alle afrikanischen Flüchtlinge kommen über Italien in die EU. Die meisten bleiben auch 
dort, doch das könnte sich ändern. Foto: Giovanni Isolino/AFP"
2017-04,Main Corpus,2017-04(50).ZIP,Mietwohnung ist der nächste Schritt Integration Broschüre soll Vermieter informieren und anerkannten.PDF,C:\PythonProjects\AfD-project\Corpora\Main Corpus\2017-04\raw_unarchive\Mietwohnung ist der nächste Schritt Integration Broschüre soll Vermieter informieren und anerkannten.PDF,Mietwohnung ist der nächste Schritt Integration Broschüre soll Vermieter informieren und anerkannten,mietwohnung ist der nächste schritt integration broschüre soll vermieter informieren und anerkannten,Nordwest-Zeitung,nordwestzeitung,20. April 2017,,HATTEN; S. 41,348,2612,bee09f8acca0e9ac1992ddf64faa61c881745a14,,unique,keep,,no,,no,,,3705,no,,,,,"Sandkrug - 196 Asylsuchende leben derzeit in der Gemeinde Hatten. 123 sind nach Prüfung durch das Bundesamt 
für Migration anerkannt und müssen keine Abschiebung fürchten. Die ersten Familiennachzüge setzen ein. Jetzt 
müssten sie eigentlich die gemeindeeigenen oder von der Gemeinde angemieteten Wohnungen verlassen und sich 
neue Unterkünfte suchen so die Theorie. 
In der Praxis scheitert dieser Schritt allerdings allein schon daran, dass sowohl aufseiten der Wohnungsuchenden, 
als auch der Vermieter große Unsicherheit herrscht. Mir ist kein Fall bekannt, wo dieser Übergang geklappt hat , 
sagt Sozialamtsleiterin Heike Kersting. Die anerkannten Flüchtlinge müssen keine Angst haben, dass ihnen 
demnächst eine Kündigung ins Haus flattert. Schließlich müsste die Gemeinde sie, wenn sie obdachlos werden, 
doch wieder Unterkünfte zur Verfügung stellen.
Dank des Kreises ehrenamtlicher Helfer aus Sandkrug, der sich immer freitagnachmittags im Albert-Schweitzer-
Haus trifft, schlägt Hatten jetzt einen konstruktiveren Weg ein. Eine neue Broschüre mit dem Titel Aufruf an 
Vermieter und Hauseigentümer Wohnungen für Flüchtlinge gesucht ist in einer Auflage von 7000 Exemplaren 
gedruckt worden und geht an alle Hatter Haushalte. Finanziell unterstützt wird dieser Versuch, die Chancen für die 
neuen Bürger auf dem örtlichen Wohnungsmarkt zu verbessern, durch die Stiftung helfen (Niedersächsische Lotto-
Sport-Stiftung und Klosterkammer Hannover) sowie den Landkreis Oldenburg, die jeweils 400 Euro beisteuerten.
Die Broschüre informiert u.a. darüber, wer Miete und Nebenkosten zahlt und welche Höchstbeträge bei den 
Mietsätzen für Ein- bis Fünf-Personen-Haushalte gelten (370 bis 650 Euro). Die Hoffnung dahinter: Je mehr 

Mietwohnung ist der nächste Schritt Integration Broschüre soll Vermieter informieren und anerkannten 
Asylanten bei der Suche helfen
Informationen vorhanden sind, desto größer die Chance, dass Immobilienbesitzer Wohnungen auch Asylanten zur 
Verfügung stellen. An mangelnder Kommunikation und Kenntnissen soll das jedenfalls nicht scheitern. Auch wir 
stehen als Ansprechpartner für die Vermieter zur Verfügung , betont Petra Knab, wie auch Frerk Eiting eine der 
ehrenamtlichen Flüchtlingsbegleiter in der Gemeinde.
 Das Ganze ist eine einmalige Initiative im Landkreis , ist deshalb auch die Integrationsbeauftragte des Kreises, Ute 
Frankenfeld, überzeugt.
PDF-Datei dieses Dokuments
Graphic
 
Präsentieren die Broschüre: Amtsleiterin Heike Kersting, ehrenamtlicher Helfer Frerk Eiting, Integrationsbeauftragte 
Ute Frankenfeld und ehrenamtliche Helferin Petra Knab (von links)"
2017-04,Main Corpus,2017-04(50).ZIP,Neue Pläne für Flüchtlingswohnungen.PDF,C:\PythonProjects\AfD-project\Corpora\Main Corpus\2017-04\raw_unarchive\Neue Pläne für Flüchtlingswohnungen.PDF,Neue Pläne für Flüchtlingswohnungen,neue pläne für flüchtlingswohnungen,Rheinische Post,rheinische post,Montag 3. April 2017,Verena Kensbock und Anke Kronemeyer,MEERBUSCH,598,4229,009fdd8cdf1c56fc9b1bf57e44bb4543544c01a0,,unique,keep,,no,,no,,,4783,no,,,,,"Verena Kensbock und Anke Kronemeyer
Gut zehn Flüchtlinge leben zurzeit in den nagelneuen Holzhäusern Am Eisenbrand, für 196 wäre dort insgesamt 
Platz. Aber: Der Zustrom an Flüchtlingen hat in den vergangenen Monaten abgenommen. Außerdem werden die 
Verfahren kürzer, so dass die Flüchtlinge schneller den Kommunen zugewiesen werden, in denen sie dann auch 
wirklich leben sollen. Die Stadt hat ihren Plan für die Flüchtlings-Unterkünfte überarbeitet. Ein Großteil der 
geplanten Flüchtlingsunterkünfte soll anderweitig genutzt werden. Genau das ist Thema in einer gemeinsamen 
Sitzung von Haupt-, Finanz-, Wirtschaftsförderungs- sowie Sozialausschuss am Donnerstag, 6. April, um 17 Uhr in 
der Realschule Osterath.
Die Planung orientiert sich immer an der Zahl der Flüchtlinge, sagt Frank Maatz, Erster Beigeordneter. ""Wir haben 
in den vergangenen Monaten verschiedene Veränderungen erlebt."" So sei zum einen die Zahl der Flüchtlinge stark 
gesunken: Von Oktober bis Februar sei nur noch ein Flüchtling nach Meerbusch gekommen. Auch das 
Anerkennungsverfahren für Flüchtlinge habe sich beschleunigt: Im Jahr 2015 dauerte es noch sechs bis neun 
Monate. So lange mussten sie in den Unterkünften ausharren, bevor sie sich eigene Wohnungen suchen konnten. 
Nun brauchten die Behörden nur noch vier bis sechs Wochen, um über das Asylverfahren zu entscheiden. ""Zudem 
gibt es seit 2016 das Integrationsgesetz."" Es besagt, dass anerkannte Flüchtlinge mindestens drei Jahre in der 
Stadt leben müssen, in der sie ihr Asylverfahren laufen hatten. ""Für diese Leute brauchen wir jetzt sozialen 
Wohnraum."" Die Pläne im Überblick:
Geplante Unterkünfte Auf den städtischen Grundstücken ""Am alten Teich"" und ""Strümper Busch"" war - übrigens 
unter Protest zahlreicher Anwohner - der Bau von Reihenhäusern mit 288 Plätzen geplant. Diese Pläne liegen jetzt 
auf Eis. Die Grundstücke sollen ""städtebaulich neu bewertet"" werden. ""Denkbar wäre zum Beispiel 
Wohnbebauung"", sagt Frank Maatz, Erster Beigeordneter. Auf dem Strümper Busch könnten rund 24 
Sozialwohnungen entstehen. In jedem Fall will die Stadt die Flächen verkaufen. Das bedeutet: mehr bebaubare 
Flächen und Einnahmen für die Stadt. Zudem will die Stadt ihr Gebäude an der Hochstraße 16 aufgeben und 
verkaufen.

Neue Pläne für Flüchtlingswohnungen
Neubauten Der Bauverein Meerbusch und die Gemeinnützige Wohnungsgenossenschaft (GWG) Viersen bauen an 
der Moerser Straße und an der Rottstraße Häuser, die die Stadt zehn Jahre lang mieten und als 
Gemeinschaftsunterkünfte für Flüchtlinge nutzen wollte. Das sei nicht mehr notwendig: Die drei Häuser 
Cranachstraße, Am Heidbergdamm und Am Eisenbrand seien groß genug, sagt Maatz, eine Anmietung der neuen 
Häuser nicht mehr nötig. Die 18 Wohnungen in Lank sollen stattdessen als sozialer Wohnraum genutzt werden.
Mietverträge Mit den Vermietern des Pfarrheims in Strümp an der Paul-Jülke-Straße und dem Malteser-Gebäude 
an der Uerdinger Straße bestehen Mietverträge bis 2020. Die Stadt will die Gebäude im Sommer 2018 an die 
Eigentümer zurückgeben. Alternativ steht auch der Mietvertrag des Objekts am Neusser Feldweg auf der Kippe.
Flüchtlingsentwicklung Theoretisch wäre in Meerbusch Platz für 795 Flüchtlinge, tatsächlich wohnen derzeit aber 
nur 443 in der Stadt. 108 von ihnen sind bereits anerkannte Flüchtlinge, 106 ausreisepflichtig, 97 haben eine gute 
Bleibeperspektive. Insgesamt 460 geplante Plätze bleiben offen.
Allerdings weist die Bezirksregierung Arnsberg der Stadt seit vergangener Woche wieder regelmäßig Flüchtlinge 
zu. Insgesamt kommen in den nächsten Wochen 200 Personen nach Meerbusch - größtenteils ohne 
Bleibeperspektive. Diese sollen in den Unterkünften Cranachstraße, Am Heidbergdamm und Am Eisenbrand 
untergebracht werden - dort sei eine intensivere Betreuung der Flüchtlinge möglich. Die anerkannten Flüchtlinge 
aus diesen Unterkünften werden in die Unterkunft Am Eisenbrand verlegt. Ob darüber hinaus noch mehr 
Flüchtlinge zugewiesen werden, ist zurzeit unklar.
Finanzen Die Kommunen bekamen 2016 pro Flüchtling 10.000 Euro im Jahr. Seit Anfang des Jahres sind es 866 
Euro im Monat - jedoch nur bis drei Monate nach Anerkennung. Dadurch bekommt die Stadt deutlich weniger Geld 
pro Flüchtling."
2017-04,Main Corpus,2017-04(50).ZIP,Politiker jonglieren mit Zahlen.PDF,C:\PythonProjects\AfD-project\Corpora\Main Corpus\2017-04\raw_unarchive\Politiker jonglieren mit Zahlen.PDF,Politiker jonglieren mit Zahlen,politiker jonglieren mit zahlen,Nordwest-Zeitung,nordwestzeitung,15. April 2017,,LESERFORUM; S. 68,484,3283,5d6b56d1a8808975fabe2006feb8d54caf5b4d67,,unique,keep,,no,,no,,,4271,no,,,,,"Betrifft: Hunderttausende warten Einwanderung: CDU und SPD streiten über Familiennachzug von 
Asylbewerbern , Meinung, 6. April
Nun wissen wir es. 267 500 syrische Flüchtlinge haben Anspruch darauf, ihre Familie nachzuholen. Das heißt, dass 
in all diesen Fällen auch Angehörige vorhanden sind. Dann sagt das wundersame Bamf (Bundesamt für Migration 
und Flüchtlinge) etwas Erstaunliches. Es rechne durchschnittlich mit dem Nachzug von einem Angehörigen pro 
Flüchtling.
Ja, um Himmels Willen, wer von den Angehörigen muss denn dann in Syrien bleiben. Wird das mit dem 
Knobelbecher geregelt? Nee, nee.
Es ist ja in dieser Sache im Vorfeld schon alles mehrfach durchgespielt worden. Da lag die Bewertung von drei bis 
vier Nachzügler pro Flüchtling noch am unteren Ende. Und diese Zahlen sind wohl noch am ehesten realistisch. 
Das bedeutet dann natürlich eine weitere Zuwanderung im Millionen-Bereich. Zusätzlich zu der normalen jährlichen 
Zuwanderung von wahrscheinlich 300 000 (möglicherweise 500 000).
Das Bamf sagt weiterhin, dass 2016 in den ersten neun Monaten nur etwa 40 000 Visa für den Nachzug beantragt 
wurden. Der Präsident des Städte- und Gemeindebundes berichtet, für 2016 seien insgesamt 105 000 Visa erteilt 
worden. Das passt alles nicht zusammen. Unsere Politiker und die nachgeordneten Behörden jonglieren nur mit 
Zahlen, welche die gesellschaftliche Akzeptanz nicht übersteigen. Die Wahrheit spielt da keine große Rolle mehr.
Betrifft: Arabisch und Farsi künftig Schulfächer , Titelseite, 7. April

Politiker jonglieren mit Zahlen
Sind wir in Deutschland schon so weit, dass wir Sprachen wie Arabisch, Türkisch, Farsi und Polnisch lernen 
müssen, um uns zu verständigen? Ist das nicht ein Zeichen dafür, dass die Integration von Flüchtlingen 
fehlschlägt?
Viele Einwanderer aus diesen Ländern sind schon lange in Deutschland, können aber immer noch kein 
angemessenes Deutsch. Vielleicht wollen sie es auch nicht. Aber müssen wir dafür deren Sprache lernen? 
Vielleicht wollen wir das aber ja auch nicht, nur danach fragt hier in Deutschland ja schon lange keiner mehr!
Das einzige, was in dem Bericht noch fehlt, ist die Ankündigung, wann Türkisch, Arabisch oder ähnliches 
Amtssprache in Deutschland wird. Dann werden Personen aus diesen Ländern auf den Behörden nicht vor zu 
große Hindernisse gestellt. Dolmetscher können ja auch was ganz anderes übersetzen als ursprünglich gesagt 
und wir glauben denen blind.
Wir fragen uns jetzt nur noch, wann wir hier die Ausländer sind, obwohl wir niemals unsere Landesgrenzen 
überquert haben.
Schon im Jahr 2010 hat Thilo Sarrazin dieses vorhergesagt in seinem Buch Deutschland schafft sich ab . Jetzt 
sind wir kurz davor!
Betrifft: Wer im Syrien-Konflikt welche Interessen verfolgt Bürgerkrieg: Im Kampf um das arabische Land gibt es 
zahlreiche Akteure , Hintergrund, 6. April
Kurz und knapp lässt sich feststellen, dass es nicht um Menschenleben geht und auch keiner die Interessen der 
Kinder vertritt.
Abgesehen davon, dass Deutschland jahrelang die Zutaten für chemische Kampfstoffe an das Assad-Regime 
geliefert hat. Wie wäre es mal damit, bevor man eigene Interessen wahrnimmt, erst einmal die Verantwortung für all 
die toten Kinder und Zivilisten zu übernehmen? Fehlanzeige!
PDF-Datei dieses Dokuments"
2017-04,Main Corpus,2017-04(50).ZIP,Punktesystem soll Einwanderung regeln.PDF,C:\PythonProjects\AfD-project\Corpora\Main Corpus\2017-04\raw_unarchive\Punktesystem soll Einwanderung regeln.PDF,Punktesystem soll Einwanderung regeln,punktesystem soll einwanderung regeln,Frankfurter Rundschau,frankfurter rundschau,Mittwoch 5. April 2017,,POLITIK; S. 4,581,4387,bc61a8649659d4923b561a8c5db76116290a9ae0,,unique,keep,,no,,no,,,5612,no,,,,,"Von Kordula Doerfler
Der Entwurf für ein Einwanderungsgesetz, mit dem die Grünen ihren Wahlkampf eröffnen, umfasst 26 eng 
bedruckte Seiten. ""Deutschland ist ein Einwanderungsland"", sagte die Fraktionsvorsitzende im Bundestag, Katrin 
Göring-Eckardt, am Dienstag in Berlin, wo sie gemeinsam mit dem Abgeordneten Volker Beck den Entwurf 
vorstellte, der auch viele Änderungen an bestehenden Gesetzen vorsieht. ""Es ist an der Zeit, dem demografischen 
Wandel und dem Fachkräftemangel mit einem zeitgemäßen Einwanderungsgesetz zu begegnen.""
Kerngedanke ist, Arbeitssuchenden, die aus Ländern außerhalb der EU kommen, den Zugang zum deutschen 
Arbeitsmarkt zu erleichtern, wenn sie bestimmte Kriterien erfüllen. Die bestehenden Regelungen müssten 
entbürokratisiert, liberalisiert und vereinfacht werden, so Göring-Eckardt. Ähnlich wie im klassischen 
Einwanderungsland Kanada soll es auch in Deutschland ein Punktesystem geben, auf dessen Basis jährlich eine 
bestimmte Zahl von Visa vergeben wird.
Zumindest in diesem Punkt gleicht der Entwurf jenem, den die SPD im vergangenen November vorgestellt hatte. 
""Da gibt es eine Schnittmenge"", sagte auch Volker Beck. Wegen der politischen Differenzen in der 
Zuwanderungspolitik mit der Union und auch zwischen CDU und CSU ist der SPD-Entwurf jedoch chancenlos. Es 
ist nicht damit zu rechnen, dass die große Koalition noch vor der Wahl im September ein Einwanderungsgesetz 
verabschieden wird, obwohl darum in Deutschland nun schon seit fast 20 Jahren gerungen wird.
Während der SPD-Entwurf vorsieht, zunächst jährlich 25 000 qualifizierte Einwanderer ins Land zu holen, wollen 
die Grünen die Zahl je nach Bedarf festsetzen lassen. ""Das ist ein Paradigmenwechsel von einer 
nachfrageorientierten zu einer angebotsorientierten Zuwanderungspolitik"", so Beck.
""Wer eine bestimmte Mindestpunktzahl erreicht hat, hat sich für die Einreise nach Deutschland qualifiziert"", heißt es 
in dem Entwurf. Aus dem Pool der Bewerber sollen diejenigen mit der höchsten Punktezahl ausgewählt werden, die 
dann eine sogenannte Talentkarte erhalten, ein Vorschlag, der ebenfalls über die SPD-Vorstellungen hinausgeht. 
Interessenten ""mit erkennbar erfolgversprechendem beruflichen Potential"" dürfen dann ein Jahr lang in 
Deutschland nach Arbeit suchen. In dieser Zeit sollen sie keine staatliche Unterstützung bekommen und müssen 

Punktesystem soll Einwanderung regeln
selbst für ihren Lebensunterhalt aufkommen. Wer nach Ablauf dieser Frist keinen Job gefunden hat, dessen 
Aufenthaltstitel endet. Wer aber eine unbefristete Anstellung vorweisen kann oder sich erfolgreich selbstständig 
gemacht hat, erhält eine unbefristete Aufenthaltserlaubnis. Die SPD dagegen will diese zunächst auf drei Jahre 
begrenzen.
Ein weiterer Unterschied ist, dass die Sozialdemokraten die Entscheidung darüber, wie viele Menschen pro Jahr 
zuwandern dürfen, dem Bundestag überlassen wollen. Die Grünen hingegen möchten eine unabhängige 
Expertenkommission mit Vertretern aus Wirtschaft, Wissenschaft, Gewerkschaften, Verbänden und Behörden 
einsetzen, die die Auswahlkriterien für das Punktesystem und die Talentkarte entwickelt und den jährlichen Bedarf 
an Zuwanderern ermittelt.
Darüber hinaus wollen die Grünen die Beschränkungen beim Familiennachzug aufheben und das Aufenthalts- und 
Staatsbürgerschaftsrecht liberalisieren. Eine Einbürgerung soll bereits nach fünf statt derzeit acht Jahren möglich 
sein, zudem befürworten die Grünen die doppelte Staatsbürgerschaft. ""Ich rufe alle anderen Parteien auf, sich 
diesem Gesetzentwurf anzuschließen"", forderte Göring-Eckardt, die auch Spitzenkandidatin ihrer Partei ist. Und 
machte auch gleich klar: ""Wenn mit uns über Koalitionen geredet wird, muss über ein Einwanderungsgesetz 
geredet werden.""
Dass Zuwanderung gesteuert werden muss, ist zumindest in der Theorie mittlerweile in allen Parteien unstrittig, 
auch in der AfD. Wie dies genau aussehen soll, darüber gehen die Meinungen auseinander. So lehnt etwa die 
Linke ein Punktesystem ab. Schon 2002 hatte die damalige rot-grüne Bundesregierung erstmals ein 
Zuwanderungsgesetz verabschiedet. Es scheiterte jedoch schließlich am Widerstand von Union und FDP im 
Bundesrat.
Wer einen unbefristeten Arbeitsvertrag vorweist, soll dauerhaft bleiben dürfen
Graphic
 
Unsichere Zukunft: Syrische Flüchtlinge bei ihrer Ankunft im Aufnahmelager Friedland. Swen Pförtner/dpa"
2017-04,Main Corpus,2017-04(50).ZIP,Schleppende Abschiebung in Schengenländer Rückführung scheitert oft an deutschen Gerichten.PDF,C:\PythonProjects\AfD-project\Corpora\Main Corpus\2017-04\raw_unarchive\Schleppende Abschiebung in Schengenländer Rückführung scheitert oft an deutschen Gerichten.PDF,Schleppende Abschiebung in Schengenländer Rückführung scheitert oft an deutschen Gerichten,schleppende abschiebung in schengenländer rückführung scheitert oft an deutschen gerichten,Die Welt,die welt,Freitag 28. April 2017,Philip Kuhn,POLITIK; Politik; S. 4; Ausg. 99,549,4098,8c3cf055e265424d98df2da79bbc906091db5840,,unique,keep,,no,,no,,,5050,no,,,,,"Deutschland wollte nach den Dublin-Regeln im ersten Quartal dieses Jahres mehr als 15.000 Asylbewerber in 
andere Schengenstaaten abschieben. Aber nicht einmal jeder zehnte konnte zurückgeschickt werden. Das belegen 
Daten des Bundesamts für Migration und Flüchtlinge (BAMF), die der ""Welt"" vorliegen.
Demnach hat die Bundesrepublik von Januar bis März 16.631 Übernahmeersuchen an EU-Mitgliedstaaten gestellt. 
Im entsprechenden Zeitraum wurden aber nur 1344 Migranten zurückgebracht. Das entspricht einer Quote von 8,1 
Prozent. Im gleichen Zeitraum 2016 lag dieser Wert bei 8,6 Prozent. Die schleppende Entwicklung zeigt auch die 
Statistik für das Gesamtjahr: 2016 wollte Deutschland im Rahmen der sogenannten Dublin-Regeln insgesamt 
55.690 Flüchtlinge in Länder des Schengenraums zurückschicken, wo sie erstmalig registriert worden waren 
beziehungsweise einen Asylantrag gestellt hatten. Allerdings klappte das nur in 3968 Fällen (Quote: 7,1 Prozent).
Als besonders schwierig erweisen sich Rücküberstellungen nach Ungarn. 1317 Ersuchen stehen im ersten Quartal 
2017 nur 28 Rückstellungen gegenüber. Im vergangenen Jahr gab es 12.000 Ersuchen, nur 294-mal war man 
erfolgreich.
Für die generell große Diskrepanz gibt es eine Reihe von Gründen. Häufig liegt es nicht an den Behörden der 
betreffenden Schengenstaaten, dass Rücküberstellungen scheitern. Denn: Viele Asylbewerber legen Klage gegen 
die entsprechenden Bescheide des BAMF ein. Wenn dann das Verwaltungsgericht die aufschiebende Wirkung der 
Klage gegen den Bescheid anordnet, kann der Betreffende bis zum Ende des Hauptsacheverfahrens nicht 
überstellt werden. Das kann durchaus mehrere Monate in Anspruch nehmen.
In einzelnen Fällen kommt es auch zur Aufhebung der Bescheide. So hatte jüngst das Oberwaltungsgericht 
Lüneburg entschieden, dass Asylbewerber nicht nach Ungarn abgeschoben werden dürften, da ihnen dort eine 
unmenschliche und erniedrigende Behandlung drohe. Es sei zudem nicht auszuschließen, dass Ungarn 
zurückgeschickte Flüchtlinge ohne inhaltliche Prüfung ihrer Asylanträge einfach nach Serbien als sicherem 
Drittstaat abschiebe. Im konkreten Fall ging es um einem aus dem Kosovo kommenden Asylbewerber, den das 
BAMF nach Ungarn abschieben wollte. Bereits das Verwaltungsgericht Hannover hatte der Klage des Flüchtlings 

Schleppende Abschiebung in Schengenländer Rückführung scheitert oft an deutschen Gerichten
stattgegeben und dies ebenfalls mit systemischen Mängeln im ungarischen Asylsystem begründet. Das BAMF ging 
in Berufung, die schließlich scheiterte.
Neben den inzwischen hundertfach in Deutschland angestrengten Gerichtsverfahren gibt es noch andere Probleme 
für das BAMF bei Dublin-Rückführungen. Nach Angaben eines Behördensprechers tauchen viele Asylbewerber 
einfach unter oder melden sich aufgrund von Krankheit reiseunfähig. Das führt nach aktueller Rechtslage dazu, 
dass nach Ablauf einer sechsmonatigen beziehungsweise im Fall des Untertauchens 18-monatigen Frist die 
Zuständigkeit für die Durchführung des Asylverfahrens an die Bundesrepublik übergeht.
In umgekehrter Richtung - also bei Abschiebungen von Schengenmitgliedsländern Richtung Deutschland - 
funktioniert das System deutlich besser. Auch in dieser Hinsicht setzt sich der Trend der Vergangenheit fort. In den 
ersten drei Monaten dieses Jahres hat Deutschland 7728 Übernahmeersuchen aus den Schengenländern erhalten 
- ein Drittel hatte Erfolg. So wurden bis 31. März 2475 Schutzsuchende zurückgenommen. Im vergangenen Jahr 
war das Verhältnis ähnlich: Von 31.523 Übernahmeersuchen waren 12.091 erfolgreich - eine Erfolgsquote von 
beinahe 40 Prozent. Mit Schweden funktioniert es besonders reibungslos. Im ersten Quartal dieses Jahres stellte 
das Land 132 Anträge und schickte sogar 151 Migranten nach Deutschland zurück. Die Differenz lässt sich damit 
erklären, dass einige der Ersuchen bereits 2016 erfolgt waren. Umgekehrt stellte Deutschland in diesem Zeitraum 
allerdings 727 Übernahmeersuchen bei dem skandinavischen Land. Tatsächlich konnten aber nur 102 Migranten 
überstellt werden.
Original Gesamtseiten-PDF"
2017-04,Main Corpus,2017-04(50).ZIP,Schnuppern auf dem Arbeitsmarkt.PDF,C:\PythonProjects\AfD-project\Corpora\Main Corpus\2017-04\raw_unarchive\Schnuppern auf dem Arbeitsmarkt.PDF,Schnuppern auf dem Arbeitsmarkt,schnuppern auf dem arbeitsmarkt,Rheinische Post,rheinische post,Samstag 1. April 2017,,LOKALES,449,3212,d384d09b0abf71982f8ede760c56a29717473682,,unique,keep,,no,,no,,,3809,no,,,,,"Wesel (rme) Metallische Schleifgeräusche hallen durch die Werkstatt im Bildungszentrum des Baugewerbes (BZB). 
Die jungen Männer aus Afghanistan, Guinea, Pakistan, Irak, Nigeria und Marokko sind eifrig bei der Arbeit, 
bearbeiten die scharfen Kanten der Metallplatten, die sie in die Schraubstöcke gespannt haben. ""Das ist gar nicht 
so schwer"", sagt Mohammed Samir. Der 18-Jährige wollte eigentlich Kfz-Mechaniker werden, hat daheim in 
Afghanistan mit seinem Bruder an Autos geschraubt - doch seine Bildung reicht noch nicht für die Lehre in 
Deutschland. Also nimmt er seit Februar am Projekt ""Perspektiven für junge Flüchtlinge im Handwerk"" teil, lernt 
verschiedene Berufsfelder kennen und hat schon ein weiteres interessantes Gebiet entdeckt: das Baugewerbe. 
""Das hat viel mit Mathematik zu tun und ich mag Mathematik"", sagt er.
Wenn sich der 18-Jährige nach dem sechsmonatigen Projekt für eine Ausbildung in diesem Bereich entschließen 
sollte, würde das Markus Crone, Geschäftsbereichsleiter Ausbildung und pädagogische Maßnahmen beim BZB, 
freuen. Denn im Handwerk fehlen häufig geeignete Bewerber, berichtet er, besonders in Branchen wie dem 
Baugewerbe. Für deutsche Jugendliche ist eine höhere Schulbildung und ein Studium interessanter - so bleiben 
jedes Jahr Lehrstellen unbesetzt.
Daher ist das Projekt, das erstmals in Wesel angeboten wird, für beide Seiten vielversprechend. Die Betriebe 
haben die Chance, Auszubildende zu finden, die Flüchtlinge eine Perspektive. Und selbst wenn ihr Asylantrag noch 
nicht entschieden ist - sollten sie eine Ausbildung beginnen, dürfen sie diese in Deutschland beenden und noch 
zwei Jahre weiter arbeiten, wie Christian Parnitzke, Teamleiter des Integration Point der Arbeitagentur, erläutert.
Die zehn 18- bis 25-Jährigen schnuppern in verschiedene Berufe hinein, erhalten Deutschunterricht und - nicht 
weniger wichtig - pädagogische Betreuung, um die Anforderungen des hiesigen Berufsalltages meistern zu können. 
Pünktlichkeit ist da ein Thema, aber zum Beispiel auch die Frage, wie eine Krankmeldung funktioniert. Auch das 
Verständnis dafür, wie wichtig eine geregelte Ausbildung ist, bringen die Flüchtlinge aus der Heimat oft nicht mit, 
berichtet Markus Crone.
Die Gruppe hat sich gut zusammengefunden, paukt gemeinsam deutsche Grammatik und ist motiviert bei der 
Arbeit, berichtet BZB-Mitarbeitern Mirjam Enghy. Für die Männer ist es auch eine willkommene Möglichkeit, am 
Leben außerhalb der Flüchtlingsunterkunft teilzunehmen.

Schnuppern auf dem Arbeitsmarkt
Im Projekt enthalten sind bis zu sechs Wochen Praktikum, in denen mögliche Arbeitgeber die Flüchtlinge 
kennenlernen können - und umgekehrt. Ziel ist es, die Männer, die häufig aus der Heimat handwerkliche 
Erfahrungen mitbringen, in eine Lehre zu vermitteln. Oder in eine Einstiegsqualifizierung, eine Art 
Langzeitpraktikum, das die Brücke in eine Ausbildung sein kann.
Das ist auch der Wunsch von Ashuman Moses (25) aus Nigeria, der seit mehr als zwei Jahren in Deutschland lebt. 
Er hofft auf eine Lehrstelle als Anlagenmechaniker - wenn möglich, schon ab August.
Flüchtlinge bearbeiten in der Werkstatt des Bildungszentrums des Baugewerbes in Wesel ein Stück Metall. Foto: 
ROOS"
2017-04,Main Corpus,2017-04(50).ZIP,Stadt Kempen und Malteser unterstützen Flüchtlingshilfe.PDF,C:\PythonProjects\AfD-project\Corpora\Main Corpus\2017-04\raw_unarchive\Stadt Kempen und Malteser unterstützen Flüchtlingshilfe.PDF,Stadt Kempen und Malteser unterstützen Flüchtlingshilfe,stadt kempen und malteser unterstützen flüchtlingshilfe,Rheinische Post,rheinische post,Dienstag 4. April 2017,,LOKALES,228,1630,acf8b5d30e4a2b99e2f4fa9c9b9d5edb0797f7c3,,unique,keep,,no,,no,,,2265,no,,,,,"KEMPEN (RP) Seit Mitte Februar vermitteln die Malteser mit Unterstützung des Bundesamtes für Migration und 
Flüchtlinge (BAMF) in Kempen eine erste Orientierung zum Alltag und Werten in Deutschland für Flüchtlinge. Noch 
bis Juni werden die Menschen in der Unterkunft in der Peter-Jakob-Busch-Straße unterrichtet und es gilt, den 
Menschen Lebensweisen und Abläufe in Deutschland näher zu bringen. ""Wir sind froh, dass wir so unseren 
Flüchtlingen eine erste Hilfestellung anbieten können, damit die Menschen sich in der ungewohnten Umgebung 
besser zurechtfinden"", beschreibt Kempens Sozialdezernent Michael Klee das Ziel des Projektes.
Neben der Vermittlung von Werten und Erstorientierung lernen die Kursteilnehmer auch die deutsche Sprache. ""Die 
Menschen erhalten keinen kompletten Deutschkursus, allerdings werden die Lehrgänge in Deutsch gehalten und 
so machen die knapp 20 Schülerinnen und Schüler fast nebenbei ihre ersten Erfahrungen mit der deutschen 
Sprache,"" erläutert Dozentin Julia Krojer die Unterrichtsmethode. ""Der Unterricht findet seit ein paar Wochen und 
statt und die Flüchtlinge sind motiviert bei der Sache. Die Verantwortlichen der Stadt Kempen haben uns 
unbürokratisch einen Raum für die Schüler zur Verfügung gestellt"", erläutert der Dozent Ralf Ricken.
Die Malteser unterstützen bundesweit die Integration von Flüchtlingen. Wolfgang Heidinger, 
Diözesangeschäftsführer in der Diözese Aachen, sagt: ""Unser Ziel ist es, vor Ort den Flüchtlingen zu helfen, indem 
wir zum Beispiel Kurse anbieten oder aber auch Ehrenamtlichen beim Engagement in der Flüchtlingshilfe mit Rat 
und Tat zur Seite stehen."""
2017-04,Main Corpus,2017-04(50).ZIP,Stadt ordnet Flüchtlingsunterbringung neu.PDF,C:\PythonProjects\AfD-project\Corpora\Main Corpus\2017-04\raw_unarchive\Stadt ordnet Flüchtlingsunterbringung neu.PDF,Stadt ordnet Flüchtlingsunterbringung neu,stadt ordnet flüchtlingsunterbringung neu,Rheinische Post,rheinische post,Freitag 28. April 2017,ANDREAS REINERS,LOKALES,627,4554,3c0bd787b4ed253ba08107d4eb6a5dd3f6b1b019,,unique,keep,,no,,no,,,5058,no,,,,,"ANDREAS REINERS
KEMPEN Der Zeitplan ist gehörig aus den Fugen geraten, aber nun soll alles wieder ins Lot kommen. Am 
kommenden Dienstag, 2. Mai, ziehen die ersten Bewohner in ihre neuen Wohnungen ein. Die Stadt siedelt 
Flüchtlinge, die bislang in den Übergangsunterkünften am Hütterweg und an der Peter-Jakob-Busch-Straße leben, 
zum Schmeddersweg um. Neue Flüchtlinge, die der Stadt Kempen von der zuständigen Bezirksregierung Arnsberg 
zugewiesen werden, sind derzeit noch nicht angekündigt. Die Lage ist zurzeit eher entspannt. ""Der große Druck auf 
die Kommunen, Flüchtlinge unterzubringen, besteht momentan nicht"", sagt Kempens zuständiger Sozialdezernent 
Michael Klee im Gespräch mit der Rheinischen Post. Die Ende vergangenen Jahres prognostizierten 
Zuweisungsquoten sind längst überholt. Statt der für dieses Jahr angekündigten 350 bis 380 Asylbewerber gehen 
die Behörden derzeit von rund 200 Personen aus, die bis zum Jahresende mit Bleiberecht in die Thomasstadt 
kommen werden. Aktuell leben 410 Flüchtlinge in der Stadt. Die meisten haben ein Bleiberecht und werden 
zumindest für drei Jahre in Kempen bleiben.
Bei der Stadtverwaltung ist man froh darüber, dass der große Druck zurzeit aus dem Kessel ist. So können Sozial- 
und Bauverwaltung die Unterbringung von Flüchtlingen etwas entspannter planen. Konzeptionell ist man im 
Rathaus derzeit dabei, zunächst diejenigen Flüchtlinge, die ein Bleiberecht haben, in vernünftigen Wohnungen 
unterzubringen.
Am Dienstag werden daher Familien und Einzelpersonen in das erste der beiden Neubauten am Schmeddersweg 
umziehen. Sie leben derzeit in den Provisorien am Hütterweg und im ehemaligen Bankgebäude an der Peter-
Jakob-Busch-Straße. Der zweite Neubau auf dem Gelände zwischen Sporthotel und Reithalle wird voraussichtlich 
Anfang Juni bezugsfertig sein. In diesen Tagen werden die Sanitäranlagen montiert, die Möblierung ist bestellt.
48 Plätze bietet jedes der beiden Häuser. ""Das Kontingent werden wir aber zunächst nicht voll ausschöpfen"", sagt 
Dezernent Klee. In den einzelnen Wohnungen werden vorrangig Familien einziehen, die bisher in der Notunterkunft 
am Hütterweg leben und deren Kinder die Kindergärten und Schulen im Kempener Süden besuchen. ""Wir wollen 
sie nicht aus ihrem sozialen Umfeld herausreißen"", sagt Klee. Außerdem werden auch Wohnungen mit 

Stadt ordnet Flüchtlingsunterbringung neu
Einzelpersonen belegt, die bislang in der Halle des ehemaligen Bankgebäude im Gewerbegebiet leben. Das sind 
Flüchtlinge, deren Asylantrag bereits genehmigt ist und die auch schon einen Ausbildungs- oder Arbeitsplatz 
haben.
In den beiden Häusern gibt es neben den Wohnungen zentrale Räume für Waschmaschinen und Trockner sowie 
einen Gemeinschaftsraum, der auch für Integrationskurse und Beratungsgespräche genutzt werden kann. Die Stadt 
prüft derzeit, ob - wie ursprünglich geplant - zwei weitere Massivhäuser am Schmeddersweg errichtet werden 
sollen.
Platz braucht die Stadt auch für Angehörige von anerkannten Flüchtlingen, die im Rahmen der 
Familienzusammenführung in den kommenden Monaten nach Kempen kommen werden. Die Stadt rechnet hier mit 
20 bis 30 Personen. ""Wir brauchen insgesamt einen Puffer, um schnell reagieren zu können, wenn es wieder eine 
Flüchtlingswelle geben sollte"", meint Dezernent Klee.
Mit den beiden Häusern am Schmeddersweg will die Stadt auch Kapazitäten schaffen, um die Unterbringung der 
Asylbewerber insgesamt zu verbessern. Noch leben beispielsweise in der ehemaligen Johannes-Hubertus-Schule 
in St. Hubert Flüchtlinge in früheren Klassenzimmern, die für eine dauerhafte Unterbringung nicht geeignet sind. 
Auch die älteren Notunterkünfte an der Tönisberger Straße, in Escheln und am Neuenweg in Tönisberg müssen 
dringend saniert werden. Wenn von dort Asylbewerber umgesiedelt werden, könnten diese Gebäude modernisiert 
werden.
Stichwort Neuenweg: Auch dort ist bekanntlich auf einer ehemaligen Erweiterungsfläche des Sportplatzes ein 
Neubau für Flüchtlinge geplant. Ob dieser Plan jedoch realisiert wird, ist derzeit ebenfalls offen. Dies gehört 
ebenfalls zu dem Konzept, dass im Kempener Rathaus noch einmal auf den internen Prüfstand kommt.
Die Stadt plant eine Informationsveranstaltung für all diejenigen, die sich ehrenamtlich in der Flüchtlingshilfe 
engagieren. Auch ihnen soll das neue Unterbringungskonzept erläutert werden. Dezernent Klee verweist auch die 
Internetseite www.kempenhilft.de. Hier könnten sich alle Interessierten weiterhin informieren. Die Stadt will über 
das Portal zeitnah über Aktivitäten berichten."
2017-04,Main Corpus,2017-04(50).ZIP,Stadt verzichtet auf Flüchtlingsheim.PDF,C:\PythonProjects\AfD-project\Corpora\Main Corpus\2017-04\raw_unarchive\Stadt verzichtet auf Flüchtlingsheim.PDF,Stadt verzichtet auf Flüchtlingsheim,stadt verzichtet auf flüchtlingsheim,Rheinische Post,rheinische post,Montag 10. April 2017,Manfred Meis,LOKALES,424,3089,6dbbdf628bd499d7223ec8664de4ae07f53bd090,,unique,keep,,no,,no,,,3848,no,,,,,"Manfred Meis
Nettetal Auf dem Gelände der früheren Diskothek Kneppenhof in Hinsbeck-Glabbach werden keine weiteren 
Wohnungen für Flüchtlinge hergerichtet. Sie werden nicht mehr gebraucht, da der Zustrom von Flüchtlingen und 
Asylbewerbern merklich nachgelassen hat. Diese Mitteilung der Verwaltung nahm der Ausschuss für soziale 
Angelegenheiten zustimmend zur Kenntnis, gibt es damit doch eine Baustelle weniger bei der Unterbringung von 
Flüchtlingen aus Asien und Afrika, die der Stadt zugewiesen werden.
Als um die Jahreswende 2015/16 der Flüchtlingsstrom anschwoll, nahm die Stadt das Angebot eines privaten 
Investors dankbar an, im einst landwirtschaftlich genutzten und dann zur Diskothek umgebauten Kneppenhof 
Wohnungen für Flüchtlinge einzurichten. Bis Ende letzten Jahres entstanden im Gebäudeteil B Wohnungen für 
Flüchtlingsfamilien mit insgesamt bis zu 45 Personen. Gegen die Unterbringung von Flüchtlingen dort gab es 
erhebliche Proteste aus der Nachbarschaft, doch ""nun läuft es dort ganz hervorragend"", sagte Ina Schmitz-Prümen. 
Die Leiterin des Sozialamtes erwähnte dabei ausdrücklich auch die Hilfe durch Nachbarn und die ehrenamtliche 
Unterstützung durch die Flüchtlingshilfe Nettetal, die sich um die 39 dort untergebrachten Personen kümmern.
Wollte die Stadt nun auch grünes Licht für weitere Umbaumaßnahmen im Gebäudeteil A geben, müsste sie 
juristische Klimmzüge veranstalten. Denn dieser Bereich ist im Bebauungsplan ""Gewerbegebiet"", in dem dank einer 
Sondergenehmigung 2016 Wohnungen nur für Asylbewerber hergerichtet werden dürfen. Doch in diese Kategorie 
fallen in Nettetal immer weniger Menschen, da bei vielen der Asylantrag anerkannt wurde. Sie sollen nun eigentlich 
nicht mehr in einer Gemeinschaftsunterkunft leben, sondern müssen sich eine Wohnung auf dem freien Markt 
suchen. Das klappt noch längst nicht, aber ""trotz der momentanen Fehlbelegungen in den 
Gemeinschaftsunterkünften kommen wir mit den Plätzen aus"", sagte Schmitz-Prümen.
Ende Februar 2017 waren in Nettetal 632 ""schutzsuchende Personen"" registriert, von denen 453 noch 
Asylbewerber waren. 467 lebten in Gemeinschaftsunterkünften. Der größte Teil entfällt auf Breyell (221), dann 
folgen Kaldenkirchen (145), Lobberich (62) und Hinsbeck (39); in Leuth und Schaag gibt es keine 
Gemeinschaftsunterkunft. Unter den zuletzt zugewiesenen Asylbewerbern ist lauf Schmitz-Prümen aufgefallen, 

Stadt verzichtet auf Flüchtlingsheim
dass ""vermehrt türkische Familien kommen, vermutlich aufgrund der politischen Situation"". Herkunftsländer sind 
sonst häufig Syrien, aber auch Afghanistan, Irak, Eritrea, Somalia, Indien, Kirgistan, Armenien und sogar China. 
Zum Jahresende 2016 nahm die Zahl der Familien zu, so dass die Zahl der Asyslbewerber unter 18 Jahre auf 150 
stieg. Hinzu kommen noch 34 unbegleitete minderjährige Asylbewerber, die größtenteils von der Diakonie betreut 
werden.
Gab es Anfang 2013 in Nettetal 110 ""asylbegehrende Personen"", so verdoppelte sich deren Zahl innerhalb von 
zwei Jahren zum 1. Januar 2015 auf 214, stieg dann aber ein Jahr später rasant an auf 504."
2017-04,Main Corpus,2017-04(50).ZIP,"Strapaziertes Sozialsystem Welche langfristigen Folgen die Zuwanderung hat, ist umstritten. So langs.PDF","C:\PythonProjects\AfD-project\Corpora\Main Corpus\2017-04\raw_unarchive\Strapaziertes Sozialsystem Welche langfristigen Folgen die Zuwanderung hat, ist umstritten. So langs.PDF","Strapaziertes Sozialsystem Welche langfristigen Folgen die Zuwanderung hat, ist umstritten. So langsam aber",strapaziertes sozialsystem welche langfristigen folgen die zuwanderung hat ist umstritten so langsam aber,Die Welt,die welt,Dienstag 18. April 2017,Daniel Eckert,WIRTSCHAFT; Wirtschaft; S. 9; Ausg. 90,1239,9136,2af116d07bab395792e058c18f1aa0d359b410a9,,unique,keep,,no,,no,,,10698,no,,,,,"Offizielle Zahlen trudeln nur zögerlich ein, aber nach und nach wird das Ausmaß der Herausforderung klar. Der 
Zustrom von Flüchtlingen wird die deutschen Sozialsysteme vor eine immense Belastungsprobe stellen. Wie groß 
die Probleme sind, zeigt sich als Erstes in den Arbeitslosenstatistiken. Anerkannte Asylbewerber können sich in 
Deutschland nach einer relativ kurzen Wartefrist um Jobs bewerben. Finden sie keine Beschäftigung, haben sie wie 
jeder andere Anrecht auf Grundsicherung (Hartz IV).
Ökonomen sind noch uneins über den langfristigen Effekt von Migration auf die deutsche Wirtschaftsentwicklung. 
Doch der Erstkontakt vieler Migranten mit dem deutschen Arbeitsmarkt zeigt die Diskrepanz zwischen Anspruch 
und Wirklichkeit. Zumindest kurzfristig werden vor allem Asylbewerber von außerhalb Europas die Armutsquote in 
vielen Kommunen merklich erhöhen. Ausländer werden zunehmend zu einem dominierenden Faktor für die 
Sozialsysteme und auch für die Beschäftigungssituation: ""Die Entwicklung des deutschen Arbeitsmarkts wird 
zunehmend von Migration bestimmt"", stellt die Bundesagentur für Arbeit in einer aktuellen Studie fest. Die 
Zuwanderung hat sich in den vergangenen Jahren deutlich beschleunigt.
Tatsächlich gibt es in der deutschen Nachkriegsgeschichte nichts, was mit der derzeitigen Migrationswelle zu 
vergleichen wäre. Nach dem Fall der Mauer stieg die Zahl der Einwanderer schon einmal stark an. Damals erhöhte 
sich die ausländische Bevölkerung innerhalb von fünf Jahren um 1,8 Millionen. Diesmal sind es ganz andere 
Dimensionen. Nach vorläufigen Zahlen des Statischen Bundesamtes sind seit dem Jahr 2011 mindestens drei 
Millionen Menschen nach Deutschland eingewandert. Jeder 25. Einwohner ist neu dazugekommen. Ingesamt leben 
aktuell mindestens 9,5 Millionen Personen mit ausländischer Staatsbürgerschaft in der Bundesrepublik, das 
entspricht elf bis zwölf Prozent der Gesamtbevölkerung.
Die Gründe für die starke Zuwanderung sind vielfältig. Einer ist die deutsche Wirtschaft. Anders als über weite Teile 
der Neunzigerjahre und in der ersten Dekade des neuen Jahrhunderts sind die Beschäftigungsmöglichkeiten in 
Deutschland besser als anderswo in Europa. Viele EU-Bürger nutzen die uneingeschränkte 

Strapaziertes Sozialsystem Welche langfristigen Folgen die Zuwanderung hat, ist umstritten. So langsam aber 
wird das Ausmaß deutlich
Arbeitnehmerfreizügigkeit, um sich einen Job in Deutschland zu suchen. Die europäische Schuldenkrise hat ihres 
dazu beigetragen, die Zuwanderung aus den südlichen Euro-Staaten in den Norden zu verstärken.
In letzter Zeit sind es jedoch vor allem Asylsuchende und Arbeitsmigranten von außerhalb Europas, die nach 
Deutschland strömen. Allein die Zahl der Schutzsuchenden, die seit 2015 gekommen sind, wird auf 1,1 bis 1,2 
Millionen beziffert. Während Südeuropäer sich relativ gut und schnell in den Jobmarkt integrieren, lässt sich das für 
andere Bevölkerungsgruppen nicht sagen. Wie die Zahlen der Bundesagentur zeigen, ist das Bild bei Zuwanderern 
aus Osteuropa durchwachsen. Bei Rumänen und Ungarn liegt die Arbeitslosenquote nur einige Punkte über 
derjenigen deutscher Staatsbürger in Höhe von rund sechs Prozent. Größere Schwierigkeiten haben den Daten 
zufolge Bulgaren, bei denen 19 Prozent der Erwerbsfähigen ohne Beschäftigung sind und ein knappes Drittel (31 
Prozent) von Stütze lebt.
Die eigentliche Herausforderung stellen jedoch Migranten aus ""nichteuropäischen Asylherkunftsländern"" dar, wie es 
in der Amtssprache heißt. Schnelle Erfolge auf dem Jobmarkt sind aus verschiedenen Gründen nicht zu erwarten. 
Zu häufig nicht vorhandenen Deutschkenntnissen kommen fehlende Qualifikationen oder Nachweise. ""Die größte 
Herausforderung der Flüchtlingskrise ist sicherlich die Arbeitsmarktintegration"", gibt Panu Poutvaara, Professor am 
Ifo-Institut, zu. Der Migrationsforscher bemängelt zudem unnötige bürokratische Hürden wie die Residenzpflicht, die 
das Einstellen von Geflüchteten in Betrieben erschweren.
Das Gros der Flüchtlinge mehrt folglich zunächst das Heer der Sozialhilfeempfänger. So verzeichnen die in 
Deutschland lebenden Syrer eine Hartz-IV-Quote von 75 Prozent. Ähnliche, wenngleich nicht ganz so dramatische 
Zahlen gibt es bei Menschen aus dem Irak und aus Eritrea. Diese Ziffer bezieht sich nicht auf Schutzsuchende, die 
in Sammelunterkünften wohnen, sondern einen eigenen Haushalt bilden. Kritiker warnen vor einer Zuwanderung in 
die Sozialsysteme. Tatsächlich offenbart ein Blick auf die längerfristige Entwicklung, dass Ausländer einen immer 
größeren Teil der Sozialhilfeempfänger in Deutschland bilden. Hatten 2011 erst 19 Prozent der Hartz-IV-Empfänger 
eine ausländische Nationalität, so betrug die Quote 2016 bereits 27 Prozent.
Ob eine schlechte Integrationspolitik dafür mitverantwortlich ist oder nicht: Die jüngste Migration strapaziert die 
Sozialsysteme. Ein Großteil der finanziellen Lasten entfällt auf die Kommunen, weshalb der Deutsche Städtetag 
bereits Alarm schlägt. Im Jahr 2016 sind die Ausgaben für Sozialleistungen um 9,8 Prozent auf 59,3 Milliarden Euro 
geklettert, das waren 5,3 Milliarden Euro mehr als im Vorjahr. Im Vergleich mit 2014, dem Jahr vor der 
Flüchtlingskrise, sind die Ausgaben um rund zehn Milliarden Euro nach oben geschnellt. ""Wenn man die üblichen 
Steigerungsraten von vier Prozent jährlich zugrunde legt, ist ein flüchtlingsbedingter Anstieg in Milliardenhöhe 
realistisch"", rechnet Helmut Dedy, Hauptgeschäftsführer des Deutschen Städtetags, vor.
Die tatsächlichen finanziellen Belastungen gehen aber darüber hinaus. Denn sie umfassen unter anderem auch 
Ausgaben für Unterkünfte und Schulungsmaßnahmen. Das Münchner Ifo-Institut beziffert die direkten 
Mehrausgaben der Krise für Deutschland allein in diesem Jahr auf 20 bis 25 Milliarden Euro, und das ist noch nicht 
alles. ""Die langfristigen Kosten hängen sehr stark davon ab, wie gut oder schlecht uns die Integration gelingt"", sagt 
Ifo-Wissenschaftler Poutvaara. Prinzipiell können Migranten eine Volkswirtschaft durch ihre Arbeitskraft und ihr 
Wissen beleben. Im Falle der Flüchtlinge ist Poutvaara allerdings nicht allzu optimistisch, dass das auf absehbare 
Zeit der Fall sein wird: ""Leider muss man erwarten, dass die fiskalischen Folgen auch auf lange Frist negativ sein 
werden.""
Allerdings könnten die Kosten aus seiner Sicht erheblich gesenkt werden, wenn Staat und Gesellschaft Geflüchtete 
darin unterstützen, Arbeit zu finden oder ein Studium aufzunehmen. Ein Effekt der verstärkten Zuwanderung vor 
allem aus nichteuropäischen Ländern ist zudem, dass das statistische Armutsrisiko in Deutschland steigt. Das liegt 
auch an der Berechnungsmethode. Armutsgefährdet im Sinne der Definition ist jeder, der weniger als 60 Prozent 
des mittleren Einkommens verdient.
Für einen Single ohne Kinder sind das aktuell 942 Euro netto im Monat, für eine vierköpfige Familie mit zwei 
Kindern unter 14 Jahren 1978 Euro. Arbeitslose und Hartz-IV-Haushalte haben ein besonders hohes Risiko, unter 
dieser Schwelle zu liegen. Auch beim Paritätischen Gesamtverband rechnet man damit, dass die Armutsquote 
Strapaziertes Sozialsystem Welche langfristigen Folgen die Zuwanderung hat, ist umstritten. So langsam aber 
wird das Ausmaß deutlich
nach oben geht. ""Pro 100.000 Geflüchteten dürfte die Quote um 0,1 Prozentpunkte steigen. Wenn alle 800.000 
Menschen, die seit 2015 einen Antrag auf Asyl in Deutschland gestellt haben, unter die Armutsgrenze fielen, würde 
sich die Armutsquote um 0,8 Prozentpunkte erhöhen"", sagt eine Sprecherin des Sozialverbandes.
Theoretisch hieße das, dass die Armutsquote auf einen Höchstwert von 16,5 Prozent springen würde. Der 
Paritätische will dem Armutsrisiko Geflüchteter durch einen passgenauen Ausbau der Deutschkurse 
entgegenwirken. Außerdem sollten die Sprachkurse mit Arbeitsförderungs- und Qualifizierungsmaßnahmen 
kombiniert werden. ""Zentral für die Integration auch in den Arbeitsmarkt ist, dass die Menschen so schnell wie 
möglich aus Sammelunterkünften rauskommen und eine eigene Wohnung finden"", äußerte sich der Verband. 
Besonders brisant: Da sich Flüchtlinge häufig in Städten ballen, drohen die Metropolen zu Armutskrisenherden zu 
werden.
Die Kommunen ihrerseits fordern Entlastung seitens der Länder, damit die Städte unter der Last nicht kollabieren. 
Die Landesregierungen müssten dringend mehr Geld zur Verfügung stellen, etwa für zusätzliche Plätze in Kitas und 
Schulen, für Schulpsychologen, Dolmetscher, Sozialpädagogen und nicht zuletzt für die Sprachförderung, sagt 
Städtetag-Hauptgeschäftsführer Dedy. Forscher des arbeitgebernahen IW Köln merken dagegen an, dass die 
Migration in die Bundesrepublik selbst dann attraktiv bleibt, wenn die Neuankömmlinge von Hartz IV abhängig oder 
nur prekär beschäftigt sind. ""Viele der zusätzlichen 'Armen' können ihren Lebensstandard in Deutschland 
verbessern"", sagt IW-Ökonom Klaus-Heiner Röhl. Egal ob bulgarischer Arbeiter oder syrischer Flüchtling, die 
Einwanderung nach Deutschland bedeute einen Wohlstandsgewinn. Und genau deshalb wird die Zuwanderung in 
die Bundesrepublik anhalten.
Original Gesamtseiten-PDF"
2017-04,Main Corpus,2017-04(50).ZIP,Welche Ärzte für Abschiebung_(2).PDF,C:\PythonProjects\AfD-project\Corpora\Main Corpus\2017-04\raw_unarchive\Welche Ärzte für Abschiebung_(2).PDF,Welche Ärzte für Abschiebung?,welche ärzte für abschiebung,Frankfurter Rundschau,frankfurter rundschau,Mittwoch 26. April 2017,,HESSEN; S. F24,563,4162,091a1d9a8aefa571ba78c2f0bf74928765bc2b85,,unique,keep,,no,,no,,,5299,no,,,,,"Von Jutta Rippegather
Die Abschiebung kranker Flüchtlinge wird in Hessens Großstädten sehr unterschiedlich gehandhabt. Dies ergab 
eine Umfrage der Frankfurter Rundschau unter vier Kommunen im Rhein-Main-Gebiet. Während die Frankfurter 
Amtsärzte seit Jahren dafür grundsätzlich nicht zur Verfügung stehen, haben ihre Kollegen in Wiesbaden im 
vergangenen Jahr 21 Flüchtlinge für reisefähig erklärt, darunter sieben Kinder. Bei der Hälfte waren ""medizinische 
Maßnahmen zur Stabilisierung des Gesundheitszustandes erforderlich"", heißt es in der Antwort des Wiesbadener 
Gesundheitsamts. ""Dies betraf im wesentlichen Menschen mit psychischen Erkrankungen.""
Auch in Darmstadt stehen Amtsärzte für die Aufgabe bereit, Nähere Angaben dazu kann die Stadt jedoch nicht 
liefern, Offenbach fehlen ebenfalls Zahlen dazu. Dort setzt die Ausländerbehörde ""Polizeiärzte"" für die 
Untersuchungen ein, die nach Bedarf auch gleich die Flugbegleitung übernehmen können. Anlass für die FR-
Umfrage ist die Debatte infolge der umstrittene Abschiebung eines schwer traumatisierten Mannes in den Kosovo. 
Der 32-Jährige gehört der Minderheit der Roma an und wurde in der Psychiatrie der Uniklinik Gießen behandelt. 
Der Wetteraukreis hatte ihn unter einem Vorwand ins Landratsamt gelockt. Dort erklärte ihn ein Amtsarzt für 
reisefähig, Adnan G. wurde noch am selben Tag abgeschoben. Seit knapp zwei Monaten haust er jetzt mit Frau 
und vier Kindern in einer Absteige in Pristina ohne ausreichende medizinische Versorgung. Die FR hatte ihn dort 
besucht.
Der Fall hatte die Rolle der Amtsärzte bei Abschiebungen in den Fokus gerückt. Als Mitarbeiter des öffentlichen 
Gesundheitsdienstes stehen sie auf der Lohnliste der kreisfreien Stadt oder des Landkreises. Als Ärzte sind sie den 
Grundlagen ärztlicher Ethik verpflichtet. Nur in seltenen Fällen sind Amtsärzte in allen medizinischen Fachgebieten 
firm. Unter ihnen gäbe es wohl kaum Psychiater, sagt der Sprecher des Frankfurter Ordnungsamts, Ralph Rohr. 
Auch deshalb gebe es bei Abschiebungen ""mit den Amtsärzten keine Berührungspunkte"". Sollte ein abgelehnter 
Flüchtling nicht reisefähig sein, lege er in der Regel von sich aus ein Attest vor.
155 Abschiebungen habe das Ordnungsamt im vergangenen Jahr im Auftrag des Regierungspräsidiums Darmstadt 
vorbereitet, in den ersten drei Monaten 2017 seien es 39 gewesen. ""Überwiegend handelte es sich um Straftäter"", 
sagt Behördensprecher Rohr. ""Hier übernimmt der Anstaltsarzt eine eventuelle Überprüfung der Reisefähigkeit."" 
Wie die Entscheidungen ausfallen, sei für die Behörde irrelevant. Deshalb führe sie keine Statistik.

Welche Ärzte für Abschiebung?
Außer den Amtsärzten, denen der Polizei und der Justizvollzugsanstalten gibt es eine vierte Gruppe, die an 
Abschiebungen mitwirkt: ""Ein bestimmter Kreis von Ärzten"", sagt der Frankfurter Behördensprecher, deren Namen 
dem Datenschutz unterliegen. Bezahlt würden sie ""nach der normalen Honorarordnung"". Aus Offenbach heißt es, 
die Bundespolizei verfüge über ""eine Liste von Ärzten, die für Rückführungen zur Verfügung stehen"". Die 
Abrechnung erfolge in Anlehnung an die Gebührenordnung.
Eine landeseinheitliche Liste existiert nicht; die Spannbreite bei den Vergütungen sind laut hessischem 
Innenministerium groß. Sie seien nicht verbindlich geregelt. Die Leistungen würden ""nach ihrer individuellen 
Rechnungsstellung abgerechnet"".
DAS VERFAHREN
Ist ein Asylantrag
nach eingehender Prüfung abgelehnt und der Rechtsweg ausgeschöpft worden, können Flüchtlinge aus 
Deutschland in ihre Heimatländer zurückgeschickt werden. Das Bundesamt für Migration
und Flüchtlinge (Bamf) weist das für Hessen zuständige Regierungspräsidium in Darmstadt an, den Flüchtling 
abzuschieben. Das Regierungspräsidium
beauftragt die kreisfreie Stadt oder den Landkreis, die Abschiebung in die Wege zu leiten. 7800 Flüchtlinge
haben Hessen im vergangenen Jahr verlassen, davon mehr als 6100 durch eine freiwillige Ausreise, so die 
Auskunft des Landes.2015 gab es demnach 2658 Abschiebungen und 6701 freiwillige Ausreisen. jur
Graphic
 
Abflug: Ein abgelehnter Asylbewerber aus Tunesien wird von Bundespolizisten in Empfang genommen. dpa"
2017-04,Main Corpus,2017-04(50).ZIP,Welche Ärzte für Abschiebung_.PDF,C:\PythonProjects\AfD-project\Corpora\Main Corpus\2017-04\raw_unarchive\Welche Ärzte für Abschiebung_.PDF,Welche Ärzte für Abschiebung?,welche ärzte für abschiebung,Frankfurter Rundschau,frankfurter rundschau,Donnerstag 27. April 2017,,HESSEN; S. D8,563,4162,b9464cd9233a4d25a367ae2cf9a7b928d6f93f5c,,unique,keep,,no,,no,,,5300,no,,,,,"Von Jutta Rippegather
Die Abschiebung kranker Flüchtlinge wird in Hessens Großstädten sehr unterschiedlich gehandhabt. Dies ergab 
eine Umfrage der Frankfurter Rundschau unter vier Kommunen im Rhein-Main-Gebiet. Während die Frankfurter 
Amtsärzte seit Jahren dafür grundsätzlich nicht zur Verfügung stehen, haben ihre Kollegen in Wiesbaden im 
vergangenen Jahr 21 Flüchtlinge für reisefähig erklärt, darunter sieben Kinder. Bei der Hälfte waren ""medizinische 
Maßnahmen zur Stabilisierung des Gesundheitszustandes erforderlich"", heißt es in der Antwort des Wiesbadener 
Gesundheitsamts. ""Dies betraf im wesentlichen Menschen mit psychischen Erkrankungen.""
Auch in Darmstadt stehen Amtsärzte für die Aufgabe bereit, Nähere Angaben dazu kann die Stadt jedoch nicht 
liefern, Offenbach fehlen ebenfalls Zahlen dazu. Dort setzt die Ausländerbehörde ""Polizeiärzte"" für die 
Untersuchungen ein, die nach Bedarf auch gleich die Flugbegleitung übernehmen können.
Anlass für die FR-Umfrage ist die Debatte infolge der umstrittene Abschiebung eines schwer traumatisierten 
Mannes in den Kosovo. Der 32-Jährige gehört der Minderheit der Roma an und wurde in der Psychiatrie der 
Uniklinik Gießen behandelt. Der Wetteraukreis hatte ihn unter einem Vorwand ins Landratsamt gelockt. Dort 
erklärte ihn ein Amtsarzt für reisefähig, Adnan G. wurde noch am selben Tag abgeschoben. Seit knapp zwei 
Monaten haust er jetzt mit Frau und vier Kindern in einer Absteige in Pristina ohne ausreichende medizinische 
Versorgung. Die FR hatte ihn dort besucht.
Der Fall hatte die Rolle der Amtsärzte bei Abschiebungen in den Fokus gerückt. Als Mitarbeiter des öffentlichen 
Gesundheitsdienstes stehen sie auf der Lohnliste der kreisfreien Stadt oder des Landkreises. Als Ärzte sind sie den 
Grundlagen ärztlicher Ethik verpflichtet. Nur in seltenen Fällen sind Amtsärzte in allen medizinischen Fachgebieten 
firm. Unter ihnen gäbe es wohl kaum Psychiater, sagt der Sprecher des Frankfurter Ordnungsamts, Ralph Rohr. 
Auch deshalb gebe es bei Abschiebungen ""mit den Amtsärzten keine Berührungspunkte"". Sollte ein abgelehnter 
Flüchtling nicht reisefähig sein, lege er in der Regel von sich aus ein Attest vor.
155 Abschiebungen habe das Ordnungsamt im vergangenen Jahr im Auftrag des Regierungspräsidiums Darmstadt 
vorbereitet, in den ersten drei Monaten 2017 seien es 39 gewesen. ""Überwiegend handelte es sich um Straftäter"", 

Welche Ärzte für Abschiebung?
sagt Behördensprecher Rohr. ""Hier übernimmt der Anstaltsarzt eine eventuelle Überprüfung der Reisefähigkeit."" 
Wie die Entscheidungen ausfallen, sei für die Behörde irrelevant. Deshalb führe sie keine Statistik.
Außer den Amtsärzten, denen der Polizei und der Justizvollzugsanstalten gibt es eine vierte Gruppe, die an 
Abschiebungen mitwirkt: ""Ein bestimmter Kreis von Ärzten"", sagt der Frankfurter Behördensprecher, deren Namen 
dem Datenschutz unterliegen. Bezahlt würden sie ""nach der normalen Honorarordnung"". Aus Offenbach heißt es, 
die Bundespolizei verfüge über ""eine Liste von Ärzten, die für Rückführungen zur Verfügung stehen"". Die 
Abrechnung erfolge in Anlehnung an die Gebührenordnung.
Eine landeseinheitliche Liste existiert nicht; die Spannbreite bei den Vergütungen sind laut hessischem 
Innenministerium groß. Sie seien nicht verbindlich geregelt. Die Leistungen würden ""nach ihrer individuellen 
Rechnungsstellung abgerechnet"".
DAS VERFAHREN
Ist ein Asylantrag
nach eingehender Prüfung abgelehnt und der Rechtsweg ausgeschöpft worden, können Flüchtlinge aus 
Deutschland in ihre Heimatländer zurückgeschickt werden. Das Bundesamt für Migration
und Flüchtlinge (Bamf) weist das für Hessen zuständige Regierungspräsidium in Darmstadt an, den Flüchtling 
abzuschieben. Das Regierungspräsidium
beauftragt die kreisfreie Stadt oder den Landkreis, die Abschiebung in die Wege zu leiten. 7800 Flüchtlinge
haben Hessen im vergangenen Jahr verlassen, davon mehr als 6100 durch eine freiwillige Ausreise, so die 
Auskunft des Landes. 2015 gab es demnach 2658 Abschiebungen und 6701 freiwillige Ausreisen. jur
Graphic
 
Abflug: Ein abgelehnter Asylbewerber aus Tunesien wird von Bundespolizisten in Empfang genommen. dpa"
2017-04,Main Corpus,2017-04(50).ZIP,Welcher Fachkräftemangel_.PDF,C:\PythonProjects\AfD-project\Corpora\Main Corpus\2017-04\raw_unarchive\Welcher Fachkräftemangel_.PDF,Welcher Fachkräftemangel?,welcher fachkräftemangel,Frankfurter Rundschau,frankfurter rundschau,Donnerstag 13. April 2017,,LESERFORUM; S. 19,347,2755,b5e0ffeb94e17b0c54e60ea4b4b0e7216ce6922e,,unique,keep,,no,,no,,,3847,no,,,,,"""Die Bundesrepublik braucht Zuwanderung"", schreibt Kordula Doerfler und beruft sich auf den 
Bevölkerungsrückgang und einen Fachkräftemangel. Deswegen hält sie ein Einwanderungsgesetz für dringend 
geboten. Dieser Forderung ist grundsätzlich zuzustimmen, aber aus ganz anderen Gründen. Denn trotz 
Bevölkerungsrückgang nimmt statistisch das Bruttoinlandsprodukt pro erwerbstätiger Person zu (nicht zu 
verwechseln mit dem persönlichen Bruttoeinkommen). 2011 waren es 64 929 Euro, 2014 sogar 68 103 Euro; die 
Produktivität wächst also. Das ist allgemein auf kontinuierliche Rationalisierungen in den Betrieben und speziell auf 
die Digitalisierung von Arbeitsprozessen zurückzuführen.
2014 waren 30 175 000 Menschen sozialversicherungspflichtig beschäftigt. Davon waren 2 563 000 Ausländer; 
84,8 Prozent kamen aus der EU oder anderen europäischen Ländern. Die Arbeitslosenquote ist mit durchschnittlich 
6,4 Prozent ziemlich stabil; ebenso wie die von der Arbeitsagentur nicht erfassten Menschen ohne Beschäftigung, 
die mit mindestens 1,2 Millionen anzusetzen sind. Seit 2010 nimmt die Anzahl der arbeitslosen Ausländer wieder 
zu. Waren es damals 500 905, so stieg die Zahl 2014 auf 529 511 an. Der Arbeitsmarkt ist nicht leergefegt und es 
gibt statistisch keine Indikatoren für einen Fachkräftemangel. Es ist nicht davon auszugehen, dass sich das 
angesichts der technischen Entwicklung ändern wird. Immer weniger Menschen produzieren ein 
Bruttosozialprodukt, das bei zukunftsweisenden Produkten sogar stabil wachsen wird.
Ein Fachkräftemangel ist vor allem in Geschäftszweigen nachweisbar, die an Attraktivität verloren haben; z.B. 
Bäcker, Friseure, Schneider, Verkäufer in einfachen Warensortimenten. Dieser Trend wird von 
Arbeitgeberverbänden einschließlich den Industrie- und Handelskammern sowie den Handwerkskammern (als 
Körperschaften des öffentlichen Rechts eigentlich zur Neutralität verpflichtet) auf die gesamte Wirtschaft 
übertragen. So möchte man den Mindestlohn, das Leiharbeitergesetz und das Gesetz gegen 
Scheinselbstständigkeit unterlaufen.
Für ein Land wie die Bundesrepublik, das wirtschaftlich international verflochten ist, stellt sich dennoch die Frage 
nach einer geregelten Einwanderung. Denn der internationale Austausch von Waren und Dienstleistungen muss 
mit einem international geöffneten Arbeitsmarkt einhergehen. Über die Teilnehmer wird ausschließlich die 
Qualifikation entscheiden. Mit den zugewanderten Flüchtlingen hat das im Kern nichts zu tun. Denn deren 
Integration wird sich an der Bereitschaft entscheiden, die notwendigen Standards zu akzeptieren 

Welcher Fachkräftemangel?
(Kulturaufgeschlossenheit, säkulares Staatsverständnis, Beherrschung der deutschen Sprache). Klaus Philipp 
Mertens, Frankfurt"
2017-04,Main Corpus,2017-04(50).ZIP,"Wer Angst hat, lernt nicht FLÜCHTLINGE Das Integrationsgesetz sieht vor, dass auch abgelehnte Asylbe.PDF","C:\PythonProjects\AfD-project\Corpora\Main Corpus\2017-04\raw_unarchive\Wer Angst hat, lernt nicht FLÜCHTLINGE Das Integrationsgesetz sieht vor, dass auch abgelehnte Asylbe.PDF","Wer Angst hat, lernt nicht FLÜCHTLINGE Das Integrationsgesetz sieht vor, dass auch abgelehnte",wer angst hat lernt nicht flüchtlinge das integrationsgesetz sieht vor dass auch abgelehnte,"taz, die tageszeitung",taz die tageszeitung,Mittwoch 12. April 2017,Barbara Dribbusch,INLAND; S. 6,591,4455,531cc975d7bbd0ae3642cd35de35c37fb87d4044,,unique,keep,,no,,no,,,5782,no,,,,,"von Barbara Dribbusch
Berlin taz | Der 28-jährige Afghane war schon einige Jahre in Deutschland. Sein Asylantrag war abgelehnt worden, 
aber er war geduldet, besaß eine befristete Arbeitserlaubnis und arbeitete in einer Bäckerei im Allgäu. Er wollte 
eine Bäckerlehre machen, um seine Bleibeperspektive zu verbessern. Doch die zuständige Ausländerbehörde 
lehnte den Antrag auf eine Ausbildungserlaubnis ab, erzählt Stephan Dünnwald, Sprecher des bayerischen 
Flüchtlingsrats. Afghanistan gilt inzwischen als Land, in das man Flüchtlinge abschieben kann.
Der junge Afghane bekam Angst und reiste Richtung Frankreich. Er wurde an der Grenze kontrolliert, kam in 
Deutschland in Haft, dann in die Psychiatrie. Er wurde zur Abschiebung auf einen Flieger nach Kabul gebucht, was 
das Bundesverfassungsgericht stoppte. Jetzt sitzt der Mann, der zuvor Arbeit und eigene Wohnung hatte, depressiv 
in einem Flüchtlingsheim in der Nähe seines früheren Arbeitgebers im Allgäu. Arbeiten darf er nicht mehr.
Der junge Mann ist ein Beispiel dafür, wie die Willkür einer Ausländerbehörde Menschenleben beschädigen kann, 
übrigens auf Kosten der Allgemeinheit. Dabei sollte das Integrationsgesetz, seit August 2016 in Kraft, Ausbildung 
und Beschäftigung gerade für Geflüchtete mit Duldung erleichtern.
Das Integrationsgesetz gesteht Flüchtlingen, die im Asylverfahren nicht anerkannt wurden, aber eine Duldung 
haben und einen Ausbildungsplatz finden, für drei Jahre einen sicheren Aufenthaltsstatus zu. Nach der Ausbildung 
können sie als Beschäftigte mindestens zwei Jahre bleiben. Das Problem: Es gibt einen Ermessensspielraum der 
Ausländerbehörden, die regional unterschiedlich agieren.
In Bayern beispielsweise verweigerten die Ausländerbehörden in der Regel die Ausbildungserlaubnis, wenn das 
Asylverfahren noch laufe, berichtet Dünnwald. Werde der Flüchtling abgelehnt und erhalte nur eine Duldung, gebe 
es erst recht keine Ausbildungserlaubnis mehr. Ein Erlass des bayerischen Ministeriums aus dem September 2016 

Wer Angst hat, lernt nicht FLÜCHTLINGE Das Integrationsgesetz sieht vor, dass auch abgelehnte 
Asylbewerber eine Ausbildung machen dürfen. In der Praxis scheiter....
betont, dass aufenthaltsbeendende Maßnahmen bei Geduldeten Vorrang haben müssten vor einer Ausbildung. 
Dieser Erlass wurde allerdings mit Folgeschreiben etwas abgemildert. Und einige örtliche Ausländerbehörden sind 
liberaler.
 Man braucht eine funktionierende Zusammenarbeit zwischen den örtlichen Unternehmen, der Berufsschule und 
den Behörden , sagt Werner Nagler, Koordinator am Berufsschulzentrum Schwandorf in Bayern. Die Schule hat 
eine Metallklasse mit 15 Flüchtlingen, darin auch Afghanen mit Duldung. Sie gehen beim ortsansässigen 
Maschinenbauunternehmen Horsch in die Lehre und wohnen in einem Haus zusammen. Es klappt gut. Das örtliche 
Bauhandwerk habe Interesse an ähnlichen Ausbildungsgängen angemeldet, sagt Nagler.
Funktionierende Projekte vor Ort können die Rettung sein für Geflüchtete mit Duldung. Aber die Duldung hängt 
dann auch am Ausbildungsplatz. Im hessischen Waldeck-Frankenberg koordiniert Friedrich Schüttler bei der 
Innung für das Bauhandwerk ein Projekt mit Geflüchteten. Von 30 Leuten in der Vorqualifikation schafften es acht 
zu einem Ausbildungsvertrag. Man dürfe die Menschen nicht zu früh von der Vorqualifikation in die Ausbildung 
bringen, weil sie ohne ausreichende Deutschkenntnisse dann die Berufsschule nicht schafften, warnt Schüttler. Wer 
die Ausbildung abbricht, hat ein halbes Jahr Zeit, sich eine neue Lehrstelle zu suchen. Sonst erlischt die Duldung.
Leichter ist es, wenn ein Flüchtling auch für die Dauer einer berufsvorbereitenden Maßnahme eine Duldung 
bekommt. Das ist etwa in Hamburg der Fall. Dort werden Vorqualifikationen mitgezählt, sagt Gesine Keßler-Mohr 
von der Handwerkskammer Hamburg. Geflüchtete können hier außerdem auch dann schon eine 
Ausbildungserlaubnis bekommen, wenn das Asylverfahren noch läuft.
Bei abgelehnten Asylsuchenden mit Ausreisepflicht gilt eine Lehrstelle als fast einziger Weg, doch eine dauerhafte 
Bleibeperspektive zu bekommen. Doch das Hü und Hott der Politik schafft Unruhe. Die Bilder von Abschiebungen 
nach Kabul ängstigen Tausende afghanischer Flüchtlinge, die derzeit an schulischen oder berufsvorbereitenden 
Maßnahmen teilnehmen. Werner Nagler stellt fest: Ein Mensch, der Angst hat, kann nicht lernen .
Das Problem: Es gibt einen Ermessensspielraum der Ausländerbehörden"
2017-04,Main Corpus,2017-04(50).ZIP,"Wer darf ins Land kommen_ Einwanderung Die Pläne der Parteien   Manches passt zusammen, manches nich.PDF","C:\PythonProjects\AfD-project\Corpora\Main Corpus\2017-04\raw_unarchive\Wer darf ins Land kommen_ Einwanderung Die Pläne der Parteien   Manches passt zusammen, manches nich.PDF","Wer darf ins Land kommen? Einwanderung Die Pläne der Parteien Manches passt zusammen, manches nicht",wer darf ins land kommen einwanderung die pläne der parteien manches passt zusammen manches nicht,Nordwest-Zeitung,nordwestzeitung,05. April 2017,,NACHRICHTEN POLITIK; S. 3,309,2382,a49f6e8be2e2ab72f438b1999a19e5b002f64eff,,unique,keep,,no,,no,,,3348,no,,,,,"Berlin - Immerhin darin sind sich die meisten Parteien und Experten einig: Deutschland braucht Einwanderer, weil 
die Bevölkerung altert und in einigen Berufen der Nachwuchs fehlt. Und um diesen Zuzug vernünftig zu regeln, 
braucht es eine Art Einwanderungsgesetz. Aber wer entscheidet, wer kommen darf? Und nach welchen Kriterien?
Am Dienstag haben die Grünen ihre Idee dazu präsentiert, die Deutschland schon lange ein Einwanderungsland 
nennen. Auch andere Parteien haben schon Konzepte oder wenigstens Leitlinien. Manche passen zusammen, 
andere gar nicht. So sehen die Pläne der Parteien in Deutschland aus: SPD: Herzstück des SPD-Konzepts ist ein 
Punktesystem nach kanadischem Vorbild. Ausländische Bewerber bekommen Punkte nach Kriterien wie 
Qualifikation, Sprachkenntnisse, Alter und Integrationschancen. Wer die Mindestpunktzahl erreicht, kommt auf eine 
Warteliste. Liegt ein Jobangebot vor, rutscht er im Ranking automatisch nach oben. CDU: Die Christdemokraten 
wollen ein Einwanderungsgesetz, haben aber noch kein ausgearbeitetes Konzept. Flüchtlingsfragen standen 
zuletzt im Vordergrund. Grüne: Die Partei will ein Punktesystem wie die SPD, die Kriterien soll eine Kommission 
festlegen. Qualifizierte Ausländer sollen mit einer Talentkarte auch ohne Job ein Jahr auf Probe kommen dürfen. 
Flüchtlinge sollen vom Asyl- ins Einwanderungsrecht wechseln können, wenn sie qualifiziert sind. Linke: Die 
Linken wollen kein Einwanderungsgesetz, sie nennen es ein Auslesesystem und modernisierte Gastarbeiterpolitik 
. FDP: Die Liberalen wollen auch ein Punktesystem nach Bildungsgrad, Alter, Sprachkenntnissen und 
Qualifikation. Zudem schlagen sie wie die Grünen die Möglichkeit eines Spurwechsels für Asylbewerber vor, wenn 
sie dieselben Kriterien erfüllen wie Fachkräfte aus dem Ausland. CSU: Deutschland brauche ein 
Einwanderungsbegrenzungsgesetz , heißt es bei der CSU. Anzahl der Zuwanderer, Fachkräftebedarf, Qualifikation, 

Wer darf ins Land kommen? Einwanderung Die Pläne der Parteien Manches passt zusammen, manches nicht
Integrationsprognose sowie ein gesicherter Arbeitsplatz und Lebensunterhalt müssten klar gesetzlich geregelt sein. 
 AfD: Die AfD will ausschließlich qualifizierten Zuzug nach Bedarf zulassen, ohne Details zu nennen. Vorrang 
sollen eine aktivierende Familienpolitik und die Reduzierung der Abwanderung haben.
PDF-Datei dieses Dokuments"
2017-04,Main Corpus,2017-04(50).ZIP,Wettlauf um die Wohnungen In der Flüchtlingspolitik wird d.PDF,C:\PythonProjects\AfD-project\Corpora\Main Corpus\2017-04\raw_unarchive\Wettlauf um die Wohnungen In der Flüchtlingspolitik wird d.PDF,Wettlauf um die Wohnungen In der Flüchtlingspolitik wird d,wettlauf um die wohnungen in der flüchtlingspolitik wird d,"taz, die tageszeitung",taz die tageszeitung,Samstag 29. April 2017,David Joram,SCHWERPUNKT; S. 56-57,310,2169,db6d921914af9ed63c23909ba01bf313cb287d75,,unique,keep,,no,,no,,,3169,no,,,,,"In der Flüchtlingspolitik wird der regierenden Küstenkoalition (SPD, Grüne, SSW) stets ein humanistischer Kurs 
attestiert. Im Wahlkampf betonte Torsten Albig erneut, wie wichtig es sei, Menschen, die vor Hunger und Tod 
flüchten, zu unterstützen. Die Integration junger Menschen in den Arbeitsmarkt sieht Albig als zentral an. 
Abschiebungen nach Afghanistan lehnt er ab und spricht von Symbolpolitik . Davon betroffen seien lediglich rund 
100 Menschen, die könne Deutschland locker integrieren. Damit widerspricht Albig Teilen der Bundes-SPD, etwa 
Außenminister Sigmar Gabriel.
Für Günther gilt generell, Gesetze konsequent anzuwenden, sprich: Wer kein Asyl bekommt, soll möglichst schnell 
abgeschoben werden. Wieder in Betrieb nehmen wolle man die Abschiebehaftanstalt in Rendsburg. In ihrem 
Landesintegrationsgesetz setzt die CDU auf die Vermittlung von Grundwerten und Leitkultur und das bekannte 
Motto Fördern und Fordern. 
In der TV-Wahlarena am Dienstag wurde über Flüchtlinge vor allem in Bezug auf Wohnräume und sozialen Frieden 
diskutiert. Eine Zuschauerin merkte an, dass insbesondere in den drei großen Städten Flensburg, Kiel und Lübeck 
eine große Konkurrenz herrsche. In Flensburg liege der Schlüssel bei 1:8, also acht Bewerbern pro Wohnung, in 
Kiel bei 1:30. Mehr Wohnraum wird also benötigt darüber sind sich auch beide Kandidaten einig.
Daniel Günther fordert 100.000 zusätzliche Wohnungen und weist darauf hin, dass immer mehr Studierende nach 
Schleswig-Holstein kämen: In den letzten Jahren sind nur 69 zusätzliche Wohnheimplätze geschaffen worden. Da 
müssen wir deutlich mehr tun. Günther will deshalb die Grunderwerbssteuer senken und hat auch private 
Wohnungsgesellschaften im Blick.
Albig äußert sich zur Wohnungsfrage noch offensiver: 100.000, eher 140.000 Wohnungen werden gebraucht in 
den nächsten Jahren. Er führte an, dass in den letzten Jahren die Wohnraumförderungsmittel verdoppelt worden 
seien. Der SPD-Mann gibt sich sozial und sagt, dass in den nächsten fünf Jahren mindestens 5.000 bezahlbare 
Wohnungen entstehen sollen . Klare Preisvorstellungen hat er ebenfalls: In einem Segment von fünf, sechs Euro 
Kaltmiete. djo"
2017-04,Main Corpus,2017-04(50).ZIP,Wie kriminell sind Flüchtlinge_ Was die Kriminalstatistiken der Bundesländer über die Zunahme von Ge(2).PDF,C:\PythonProjects\AfD-project\Corpora\Main Corpus\2017-04\raw_unarchive\Wie kriminell sind Flüchtlinge_ Was die Kriminalstatistiken der Bundesländer über die Zunahme von Ge(2).PDF,Wie kriminell sind Flüchtlinge? Was die Kriminalstatistiken der Bundesländer über die Zunahme von,wie kriminell sind flüchtlinge was die kriminalstatistiken der bundesländer über die zunahme von,Die ZEIT (inklusive ZEIT Magazin),die zeit inklusive zeit magazin,20. April 2017,Martin Klingst,POLITIK;Wie kriminell sind Flüchtlinge?; S. 4; Ausg. 17,1449,10700,e16a7625fb649f5f4436497d2da68ea2061162e9,variant_001,regional_variant,review,,no,,no,,,11846,no,,,near_001,variant_001,"Sascha Venohr
VON MARTIN KLINGST UND SASCHA VENOHR
Die Gewaltkriminalität nimmt wieder zu. Und das liegt vor allem an den Taten von Zuwanderern
 Zwischen 2007 und 2015 sank die allgemeine Gewaltkriminalität in Deutschland. Seit 2015 jedoch steigt sie in 
den meisten Bundesländern wieder. Das gilt vor allem für Körperverletzungsdelikte und mit Einschränkung auch 
für Raub und für die ebenfalls zur Gewaltkriminalität zählenden Straftaten gegen die sexuelle Selbstbestimmung. 
14 von 16 Bundesländern haben der ZEIT übereinstimmend gemeldet: Ohne die Straftaten von tatverdächtigen 
Zuwanderern wäre die Gewaltkriminalität 2016 entweder weiter gesunken oder zumindest nicht gestiegen. 
Einige Beispiele: 2016 stiegen Gewaltstraftaten in Bayern insgesamt um 9,8 Prozent, die hier von Zuwanderern 
begangenen Delikte sogar um 93 Prozent. Ein Fünftel aller in Bayern für Gewaltkriminalität registrierten 
Tatverdächtigen (20 Prozent) waren Zuwanderer. In Niedersachsen, das im vergangenen Jahr - bis auf die 
Gewaltkriminalität - sogar einen weiteren Rückgang aller registrierten Straftaten verzeichnete, stellten Zuwanderer 
10,8 Prozent aller tatverdächtigen Gewalttäter, in Baden-Württemberg 18,5 Prozent - und in Nordrhein-Westfalen 
trotz eines Rückgangs im Vergleich zu 2015 immer noch 12,1 Prozent. In Thüringen verdreifachten sich 2016 
sogar die durch Zuwanderer begangenen Gewaltdelikte. Ihr Anteil an allen tatverdächtigen Gewalttätern schnellte 
innerhalb eines Jahres von 5,1 auf 14,5 Prozent.
In Berlin stiegen 2016 die Straftaten gegen die sexuelle Selbstbestimmung um 60 auf insgesamt 2852 Fälle, die 
hier von Zuwanderern begangenen Delikte um 69 von 72 auf 141. In Rheinland-Pfalz nahmen Sexualdelikte um 
108 auf insgesamt 2388 Fälle zu. Auf das Konto von tatverdächtigen Zuwanderern gingen 184 Fälle, also 7,7 
Prozent aller Sexualdelikte. Ohne sie wäre dieser Straftatenbereich von 2015 auf 2016 statt um 4,7 Prozent »nur« 

Wie kriminell sind Flüchtlinge? Was die Kriminalstatistiken der Bundesländer über die Zunahme von 
Gewalttaten seit 2015 verraten
um 0,05 Prozent gewachsen, die gesamte Gewaltkriminalität hätte ohne Zuwanderer sogar um 2,1 Prozent 
abgenommen.
Allgemein gilt: Zuwanderer waren 2016, selbst wenn man sämtliche ausländerrechtlichen Straftaten wie etwa den 
illegalen Aufenthalt herausrechnet, überdurchschnittlich an der gesamten registrierten Kriminalität beteiligt. 
Obwohl sie in der Regel nur zwischen 0,5 und 2,5 Prozent der Wohnbevölkerung in einem Bundesland 
ausmachen, stellten sie bis zu 10 Prozent aller tatverdächtigen Straftäter.
Die tatverdächtigen Gewalttäter sind hauptsächlich junge Männer
Überall auf der Welt zeigen die Statistiken, dass junge Männer unter 30 besonders anfällig dafür sind, Straftaten 
zu begehen. Das gilt vor allem für Gewaltdelikte. 2014 stellte die Gruppe der 14- bis 30-jährigen Männer lediglich 
9,2 Prozent der Wohnbevölkerung in Deutschland, aber 60,4 Prozent der tatverdächtigen Gewalttäter.
Die Faustregel: Je mehr junge Männer es gibt, desto mehr Straftaten gibt es. Das gilt auch für junge männliche 
Zuwanderer, die in den vergangenen zwei Jahren in besonders hoher Zahl nach Deutschland kamen und 
besonders häufig mit dem Gesetz in Konflikt gerieten. Zwei von fünf Zuwanderern (37,2 Prozent) gehören dieser 
problematischen Alters- und Geschlechtsgruppe an. Unter Maghrebinern und Afrikanern aus Staaten südlich der 
Sahara sind es sogar noch mehr. Denn die gefährliche Überfahrt übers Mittelmeer wagen meist nur jüngere 
Menschen. Aus dem Nahen und Mittleren Osten hingegen kamen auf dem Landweg über den Balkan auch 
Großfamilien und mit ihnen ältere Menschen.
Einige Beispiele: 2016 waren in Baden-Württemberg 61,9 Prozent aller einer Gewalttat verdächtigten Zuwanderer 
zwischen 18 und 29 Jahre alt; in Hessen waren 78,1 Prozent unter 30, in Schleswig-Holstein 75 Prozent. Bei 
Straftaten gegen die sexuelle Selbstbestimmung waren in Mecklenburg-Vorpommern 31 von 49 tatverdächtigen 
Zuwanderern jünger als 30, in Baden-Württemberg 271 von 480 zwischen 17 und 29 Jahren, in Hessen 166 von 
242.
Die Tücken der Kriminalstatistik
 Am 24. April wird Bundesinnenminister Thomas de Maizière die Polizeiliche Kriminalstatistik für 2016 vorstellen. 
ZEIT und ZEIT ONLINE wollten schon vorher wissen, in welchem Umfang Flüchtlinge und Asylbewerber vor 
allem an Gewalttaten beteiligt sind. Denn diese Straftaten gegen das Leben, gegen die körperliche Unversehrtheit 
und gegen die sexuelle Selbstbestimmung wecken besondere Ängste und stehen darum immer wieder im 
Zentrum der Berichterstattung. 
ZEIT und ZEIT ONLINE haben sich alle einschlägigen Zahlenwerke der 16 Bundesländer für 2016 angeschaut 
und den für die Erhebungen zuständigen Landeskriminalämtern auf dem Weg über die vorgesetzten 
Innenministerien zusätzliche Fragen gestellt. 14 Bundesländer haben geantwortet, 13 davon schriftlich, einige 
sehr ausführlich. Nur die Ministerien im Saarland und in Brandenburg haben nicht rechtzeitig auf unsere Fragen 
reagiert.
Natürlich haben auch Kriminalstatistiken nur eine begrenzte Aussagekraft. Sie werden von den Bundesländern mit 
unterschiedlichen Methoden und unterschiedlicher Sorgfalt geführt. Außerdem erfassen sie nur jene Straftaten, 
die der Polizei bekannt geworden sind. Daneben bleibt ein großes Dunkelfeld an unentdeckten oder nicht 
angezeigten Delikten. Aufgeführt werden außerdem nur sogenannte »Tatverdächtige«. Es bleibt also unklar, ob 
sich der Verdacht auch tatsächlich erhärtet hat und es zu einer Anklage und einer Verurteilung gekommen ist. 
Schließlich - und auch das ist wichtig - ist das Risiko eines Fremden, angezeigt zu werden, nach Untersuchungen 
des Kriminologischen Forschungsinstituts Niedersachsen bis zu doppelt so hoch wie das Risiko eines deutschen 
Tatverdächtigen. Nicht nur deutsche Opfer und Zeugen wenden sich bei einem Zuwanderer eher an die Polizei, 
sondern auch die Angehörigen einer anderen Nationalität, Religion oder Ethnie.
Für die exakte statistische Erfassung von Asylbewerbern und Flüchtlingen gibt es ein zusätzliches Problem. Die 
Kategorie »Zuwanderer« ist ungenau, denn darunter fallen Asylberechtigte und Schutzberechtigte, Asylbewerber, 
Wie kriminell sind Flüchtlinge? Was die Kriminalstatistiken der Bundesländer über die Zunahme von 
Gewalttaten seit 2015 verraten
Kontingent- und Bürgerkriegsflüchtlinge sowie Nicht-EU-Ausländer mit einer Duldung oder mit illegalem 
Aufenthalt. Um diese Kategorie auf Flüchtlinge und Asylbewerber zu beschränken, rechnen darum manche 
Bundesländer die sogenannten »Illegalen« heraus. Andere wie Bremen und Brandenburg verzichten ganz auf die 
Nennung von Zuwanderern und erfassen nur die viel umfassendere Gruppe aller »nichtdeutschen 
Tatverdächtigen«.
Dennoch sind die Polizeistatistiken die einzige einigermaßen verlässliche Grundlage, um das 
Kriminalitätsgeschehen in Deutschland zu erfassen. Diese Zahlenwerke, die Antworten der Bundesländer auf 
unsere Fragen und die uns ebenso vorliegenden »Kernaussagen« des Bundeskriminalamts zur 
Zuwanderungskriminalität 2016 bilden die Grundlage unserer sechs Trendmeldungen.
Einige wenige junge Intensivtäter treiben die Statistik nach oben
 Dieses Phänomen ist bislang weder ausreichend erfasst noch erforscht. Gleichwohl weisen viele Bundesländer 
in ihren Antworten an die ZEIT auf dieses Problem hin. Zum Beispiel: 2016 wurden in Baden-Württemberg 3105 
Zuwanderer ein einziges Mal wegen einer Gewalttat registriert, 462 zwei- bis viermal, 22 tatverdächtige 
Zuwanderer fünf- bis neunmal. Sachsen meldet, dass 2016 fast 40 Prozent aller durch Zuwanderer begangenen 
Straftaten (also nicht nur Gewaltdelikte) von sogenannten Intensivtätern verübt wurden. 7253 Straftaten gingen 
auf das Konto von nur 685 Tatverdächtigen. Um als Mehrfachtäter geführt zu werden, muss der Betroffene in der 
Regel mindestens fünfmal straffällig geworden sein. 
Syrer, Iraker und Afghanen werden im Vergleich zu anderen Nationalitäten seltener straffällig
Etwa die Hälfte der Zuwanderer sind Syrer, Iraker und Afghanen. Deshalb tauchen sie - bezogen auf alle 
Straftaten und nicht nur auf Gewaltdelikte - in der Kriminalitätsstatistik besonders häufig auf: In Baden-
Württemberg liegen zum Beispiel straffällige Syrer mit 4053 Tatverdächtigen klar vor Gambiern (2346) und 
Afghanen (1943). In Hamburg stehen Afghanen deutlich an erster Stelle, gefolgt von Syrern und Iranern. In 
Bayern bilden Syrer die Spitze, dann kommen Afghanen, Iraker und Nigerianer.
Doch diese absoluten Zahlen, sosehr sie auch beunruhigen mögen, sind nur bedingt aussagekräftig. Man muss 
sie ins Verhältnis zur Gesamtzahl der Zuwanderer aus dem jeweiligen Herkunftsland setzen, dann relativieren sie 
sich. Im Ergebnis bilanzieren fast alle Bundesländer: Flüchtlinge und Asylbewerber aus Syrien, Afghanistan und 
dem Irak werden seltener straffällig als solche aus anderen Herkunftsländern. Gemessen an ihren viel kleineren 
Gesamtzahlen geraten Zuwanderer aus den nordafrikanischen Maghreb-Staaten und aus einer Reihe von 
afrikanischen Staaten südlich der Sahara weit häufiger mit dem Gesetz in Konflikt.
Die Mehrzahl der Körperverletzungen ereignet sich in Flüchtlingsunterkünften
Viele Bundesländer erfassen erst seit Kurzem den Tatort. Verlässliche Gesamtzahlen gibt es darum noch nicht. 
Aber die Tendenz ist deutlich und wird von allen Bundesländern bestätigt: Die meisten der von tatverdächtigen 
Zuwanderern verübten einfachen und schweren Körperverletzungen finden in Flüchtlingsheimen statt. In Baden-
Württemberg zum Beispiel waren es fast zwei Drittel. In Bayern wurden 58,3 Prozent aller von Zuwanderern 
verübten Straftaten in Flüchtlingsunterkünften begangen.
Die meisten Gewaltopfer von Zuwanderern sind selbst Zuwanderer
In Baden-Württemberg waren 87 Prozent der Opfer einer von tatverdächtigen Zuwanderern verübten 
Körperverletzung selbst Flüchtlinge. In Bayern ereigneten sich 64,9 Prozent aller Gewaltdelikte unter 
Zuwanderern. In Hessen hatten 70 Prozent der Opfer einer von Zuwanderern begangenen Straftat eine 
ausländische Nationalität. So bruchstückhaft diese Daten noch sind, der deutliche Trend wird von den meisten 
Bundesländern bestätigt.
Wie kriminell sind Flüchtlinge? Was die Kriminalstatistiken der Bundesländer über die Zunahme von 
Gewalttaten seit 2015 verraten
Diese Nachricht über die Opfer stützt den bereits zuvor aufgezeigten Trend: Die massenhafte Unterbringung von 
Flüchtlingen unterschiedlicher Religionen, Ethnien, Nationalitäten, Geschlechter und Herkunft in gemeinsamen 
Sammeleinrichtungen ist ein großes Problem und fördert die Gewalt.
 Gewalttaten
 Flüchtlinge
 So viele Menschen dieser Altersgruppen stellten 2015 einen Erstantrag auf Asyl"
2017-04,Main Corpus,2017-04(50).ZIP,Wie kriminell sind Flüchtlinge_ Was die Kriminalstatistiken der Bundesländer über die Zunahme von Ge.PDF,C:\PythonProjects\AfD-project\Corpora\Main Corpus\2017-04\raw_unarchive\Wie kriminell sind Flüchtlinge_ Was die Kriminalstatistiken der Bundesländer über die Zunahme von Ge.PDF,Wie kriminell sind Flüchtlinge?; Was die Kriminalstatistiken der Bundesländer über die Zunahme von,wie kriminell sind flüchtlinge was die kriminalstatistiken der bundesländer über die zunahme von,Die ZEIT (inklusive ZEIT Magazin),die zeit inklusive zeit magazin,20. April 2017,"Martin Klingst, Sascha Venohr",POLITIK;Wie kriminell sind Flüchtlinge?; S. 4; Ausg. 17,1448,10694,87dc480277e0494ddb518d94530468bb03fad016,variant_001,regional_variant,review,,no,,no,,,11843,no,,,near_001,variant_001,"VON MARTIN KLINGST UND SASCHA VENOHR
Die Gewaltkriminalität nimmt wieder zu. Und das liegt vor allem an den Taten von Zuwanderern
Zwischen 2007 und 2015 sank die allgemeine Gewaltkriminalität in Deutschland. Seit 2015 jedoch steigt sie in 
den meisten Bundesländern wieder. Das gilt vor allem für Körperverletzungsdelikte und mit Einschränkung auch 
für Raub und für die ebenfalls zur Gewaltkriminalität zählenden Straftaten gegen die sexuelle Selbstbestimmung. 
14 von 16 Bundesländern haben der ZEIT übereinstimmend gemeldet: Ohne die Straftaten von 
tatverdächtigen Zuwanderern wäre die Gewaltkriminalität 2016 entweder weiter gesunken oder zumindest nicht 
gestiegen.
Einige Beispiele: 2016 stiegen Gewaltstraftaten in Bayern insgesamt um 9,8 Prozent, die hier von Zuwanderern 
begangenen Delikte sogar um 93 Prozent. Ein Fünftel aller in Bayern für Gewaltkriminalität registrierten 
Tatverdächtigen (20 Prozent) waren Zuwanderer. In Niedersachsen, das im vergangenen Jahr - bis auf die 
Gewaltkriminalität - sogar einen weiteren Rückgang aller registrierten Straftaten verzeichnete, stellten 
Zuwanderer 10,8 Prozent aller tatverdächtigen Gewalttäter, in Baden-Württemberg 18,5 Prozent - und in 
Nordrhein-Westfalen trotz eines Rückgangs im Vergleich zu 2015 immer noch 12,1 Prozent. In Thüringen 
verdreifachten sich 2016 sogar die durch Zuwanderer begangenen Gewaltdelikte. Ihr Anteil an allen 
tatverdächtigen Gewalttätern schnellte innerhalb eines Jahres von 5,1 auf 14,5 Prozent.
In Berlin stiegen 2016 die Straftaten gegen die sexuelle Selbstbestimmung um 60 auf insgesamt 2852 Fälle, die 
hier von Zuwanderern begangenen Delikte um 69 von 72 auf 141. In Rheinland-Pfalz nahmen Sexualdelikte um 
108 auf insgesamt 2388 Fälle zu. Auf das Konto von tatverdächtigen Zuwanderern gingen 184 Fälle, also 7,7 
Prozent aller Sexualdelikte. Ohne sie wäre dieser Straftatenbereich von 2015 auf 2016 statt um 4,7 Prozent ""nur"" 
um 0,05 Prozent gewachsen, die gesamte Gewaltkriminalität hätte ohne Zuwanderer sogar um 2,1 Prozent 
abgenommen.
Allgemein gilt: Zuwanderer waren 2016, selbst wenn man sämtliche ausländerrechtlichen Straftaten wie etwa den 
illegalen Aufenthalt herausrechnet, überdurchschnittlich an der gesamten registrierten Kriminalität beteiligt. 

Wie kriminell sind Flüchtlinge?; Was die Kriminalstatistiken der Bundesländer über die Zunahme von 
Gewalttaten seit 2015 verraten
Obwohl sie in der Regel nur zwischen 0,5 und 2,5 Prozent der Wohnbevölkerung in einem Bundesland 
ausmachen, stellten sie bis zu 10 Prozent aller tatverdächtigen Straftäter.
Die tatverdächtigen Gewalttäter sind hauptsächlich junge Männer
Überall auf der Welt zeigen die Statistiken, dass junge Männer unter 30 besonders anfällig dafür sind, Straftaten 
zu begehen. Das gilt vor allem für Gewaltdelikte. 2014 stellte die Gruppe der 14- bis 30-jährigen Männer lediglich 
9,2 Prozent der Wohnbevölkerung in Deutschland, aber 60,4 Prozent der tatverdächtigen Gewalttäter.
Die Faustregel: Je mehr junge Männer es gibt, desto mehr Straftaten gibt es. Das gilt auch für junge männliche 
Zuwanderer, die in den vergangenen zwei Jahren in besonders hoher Zahl nach Deutschland kamen und 
besonders häufig mit dem Gesetz in Konflikt gerieten. Zwei von fünf Zuwanderern (37,2 Prozent) gehören dieser 
problematischen Alters- und Geschlechtsgruppe an. Unter Maghrebinern und Afrikanern aus Staaten südlich der 
Sahara sind es sogar noch mehr. Denn die gefährliche Überfahrt übers Mittelmeer wagen meist nur jüngere 
Menschen. Aus dem Nahen und Mittleren Osten hingegen kamen auf dem Landweg über den Balkan auch 
Großfamilien und mit ihnen ältere Menschen.
Einige Beispiele: 2016 waren in Baden-Württemberg 61,9 Prozent aller einer Gewalttat verdächtigten Zuwanderer 
zwischen 18 und 29 Jahre alt; in Hessen waren 78,1 Prozent unter 30, in Schleswig-Holstein 75 Prozent. Bei 
Straftaten gegen die sexuelle Selbstbestimmung waren in Mecklenburg-Vorpommern 31 von 49 tatverdächtigen 
Zuwanderern jünger als 30, in Baden-Württemberg 271 von 480 zwischen 17 und 29 Jahren, in Hessen 166 von 
242.
Die Tücken der Kriminalstatistik
Am 24. April wird Bundesinnenminister Thomas de Maizière die Polizeiliche Kriminalstatistik für 2016 vorstellen. 
ZEIT und ZEIT ONLINE wollten schon vorher wissen, in welchem Umfang Flüchtlinge und Asylbewerber vor 
allem an Gewalttaten beteiligt sind. Denn diese Straftaten gegen das Leben, gegen die körperliche Unversehrtheit 
und gegen die sexuelle Selbstbestimmung wecken besondere Ängste und stehen darum immer wieder im Zentrum 
der Berichterstattung.
ZEIT und ZEIT ONLINE haben sich alle einschlägigen Zahlenwerke der 16 Bundesländer für 2016 angeschaut und 
den für die Erhebungen zuständigen Landeskriminalämtern auf dem Weg über die vorgesetzten Innenministerien 
zusätzliche Fragen gestellt. 14 Bundesländer haben geantwortet, 13 davon schriftlich, einige sehr ausführlich. Nur 
die Ministerien im Saarland und in Brandenburg haben nicht rechtzeitig auf unsere Fragen reagiert.
Natürlich haben auch Kriminalstatistiken nur eine begrenzte Aussagekraft. Sie werden von den Bundesländern mit 
unterschiedlichen Methoden und unterschiedlicher Sorgfalt geführt. Außerdem erfassen sie nur jene Straftaten, die 
der Polizei bekannt geworden sind. Daneben bleibt ein großes Dunkelfeld an unentdeckten oder nicht angezeigten 
Delikten. Aufgeführt werden außerdem nur sogenannte ""Tatverdächtige"". Es bleibt also unklar, ob sich der 
Verdacht auch tatsächlich erhärtet hat und es zu einer Anklage und einer Verurteilung gekommen ist. Schließlich - 
und auch das ist wichtig - ist das Risiko eines Fremden, angezeigt zu werden, nach Untersuchungen des 
Kriminologischen Forschungsinstituts Niedersachsen bis zu doppelt so hoch wie das Risiko eines deutschen 
Tatverdächtigen. Nicht nur deutsche Opfer und Zeugen wenden sich bei einem Zuwanderer eher an die Polizei, 
sondern auch die Angehörigen einer anderen Nationalität, Religion oder Ethnie.
Für die exakte statistische Erfassung von Asylbewerbern und Flüchtlingen gibt es ein zusätzliches Problem. Die 
Kategorie ""Zuwanderer"" ist ungenau, denn darunter fallen Asylberechtigte und Schutzberechtigte, Asylbewerber, 
Kontingent- und Bürgerkriegsflüchtlinge sowie Nicht-EU-Ausländer mit einer Duldung oder mit illegalem Aufenthalt. 
Um diese Kategorie auf Flüchtlinge und Asylbewerber zu beschränken, rechnen darum manche Bundesländer die 
sogenannten ""Illegalen"" heraus. Andere wie Bremen und Brandenburg verzichten ganz auf die Nennung von 
Zuwanderern und erfassen nur die viel umfassendere Gruppe aller ""nichtdeutschen Tatverdächtigen"".
Wie kriminell sind Flüchtlinge?; Was die Kriminalstatistiken der Bundesländer über die Zunahme von 
Gewalttaten seit 2015 verraten
Dennoch sind die Polizeistatistiken die einzige einigermaßen verlässliche Grundlage, um das 
Kriminalitätsgeschehen in Deutschland zu erfassen. Diese Zahlenwerke, die Antworten der Bundesländer auf 
unsere Fragen und die uns ebenso vorliegenden ""Kernaussagen"" des Bundeskriminalamts zur 
Zuwanderungskriminalität 2016 bilden die Grundlage unserer sechs Trendmeldungen.
Einige wenige junge Intensivtäter treiben die Statistik nach oben
Dieses Phänomen ist bislang weder ausreichend erfasst noch erforscht. Gleichwohl weisen viele Bundesländer in 
ihren Antworten an die ZEIT auf dieses Problem hin. Zum Beispiel: 2016 wurden in Baden-Württemberg 3105 
Zuwanderer ein einziges Mal wegen einer Gewalttat registriert, 462 zwei- bis viermal, 22 tatverdächtige 
Zuwanderer fünf- bis neunmal. Sachsen meldet, dass 2016 fast 40 Prozent aller durch Zuwanderer begangenen 
Straftaten (also nicht nur Gewaltdelikte) von sogenannten Intensivtätern verübt wurden. 7253 Straftaten gingen 
auf das Konto von nur 685 Tatverdächtigen. Um als Mehrfachtäter geführt zu werden, muss der Betroffene in 
der Regel mindestens fünfmal straffällig geworden sein.
Syrer, Iraker und Afghanen werden im Vergleich zu anderen Nationalitäten seltener straffällig
Etwa die Hälfte der Zuwanderer sind Syrer, Iraker und Afghanen. Deshalb tauchen sie - bezogen auf alle 
Straftaten und nicht nur auf Gewaltdelikte - in der Kriminalitätsstatistik besonders häufig auf: In Baden-
Württemberg liegen zum Beispiel straffällige Syrer mit 4053 Tatverdächtigen klar vor Gambiern (2346) und 
Afghanen (1943). In Hamburg stehen Afghanen deutlich an erster Stelle, gefolgt von Syrern und Iranern. In 
Bayern bilden Syrer die Spitze, dann kommen Afghanen, Iraker und Nigerianer.
Doch diese absoluten Zahlen, sosehr sie auch beunruhigen mögen, sind nur bedingt aussagekräftig. Man muss 
sie ins Verhältnis zur Gesamtzahl der Zuwanderer aus dem jeweiligen Herkunftsland setzen, dann relativieren sie 
sich. Im Ergebnis bilanzieren fast alle Bundesländer: Flüchtlinge und Asylbewerber aus Syrien, Afghanistan und 
dem Irak werden seltener straffällig als solche aus anderen Herkunftsländern. Gemessen an ihren viel kleineren 
Gesamtzahlen geraten Zuwanderer aus den nordafrikanischen Maghreb-Staaten und aus einer Reihe von 
afrikanischen Staaten südlich der Sahara weit häufiger mit dem Gesetz in Konflikt.
Die Mehrzahl der Körperverletzungen ereignet sich in Flüchtlingsunterkünften
Viele Bundesländer erfassen erst seit Kurzem den Tatort. Verlässliche Gesamtzahlen gibt es darum noch nicht. 
Aber die Tendenz ist deutlich und wird von allen Bundesländern bestätigt: Die meisten der von tatverdächtigen 
Zuwanderern verübten einfachen und schweren Körperverletzungen finden in Flüchtlingsheimen statt. In Baden-
Württemberg zum Beispiel waren es fast zwei Drittel. In Bayern wurden 58,3 Prozent aller von Zuwanderern 
verübten Straftaten in Flüchtlingsunterkünften begangen.
Die meisten Gewaltopfer von Zuwanderern sind selbst Zuwanderer
In Baden-Württemberg waren 87 Prozent der Opfer einer von tatverdächtigen Zuwanderern verübten 
Körperverletzung selbst Flüchtlinge. In Bayern ereigneten sich 64,9 Prozent aller Gewaltdelikte unter 
Zuwanderern. In Hessen hatten 70 Prozent der Opfer einer von Zuwanderern begangenen Straftat eine 
ausländische Nationalität. So bruchstückhaft diese Daten noch sind, der deutliche Trend wird von den meisten 
Bundesländern bestätigt.
Diese Nachricht über die Opfer stützt den bereits zuvor aufgezeigten Trend: Die massenhafte Unterbringung von 
Flüchtlingen unterschiedlicher Religionen, Ethnien, Nationalitäten, Geschlechter und Herkunft in gemeinsamen 
Sammeleinrichtungen ist ein großes Problem und fördert die Gewalt.
Graphic
Wie kriminell sind Flüchtlinge?; Was die Kriminalstatistiken der Bundesländer über die Zunahme von 
Gewalttaten seit 2015 verraten
 
 Gewalttaten 
 Flüchtlinge 
 So viele Menschen dieser Altersgruppen stellten 2015 einen Erstantrag auf Asyl"
2017-04,Main Corpus,2017-04(50).ZIP,"Wie lange dauert es, bis aus Flüchtlingen Kollegen werden_ 40 000 Lehrstellen sind in Deutschland un.PDF","C:\PythonProjects\AfD-project\Corpora\Main Corpus\2017-04\raw_unarchive\Wie lange dauert es, bis aus Flüchtlingen Kollegen werden_ 40 000 Lehrstellen sind in Deutschland un.PDF","Wie lange dauert es, bis aus Flüchtlingen Kollegen werden? 40 000 Lehrstellen sind in Deutschland unbesetzt.",wie lange dauert es bis aus flüchtlingen kollegen werden 40 000 lehrstellen sind in deutschland unbesetzt,Die ZEIT (inklusive ZEIT Magazin),die zeit inklusive zeit magazin,12. April 2017,Arnfrid Schenk,"CHANCEN;Wie lange dauert es, bis aus Flüchtlingen Kollegen werden?; S. 65; Ausg. 16",1968,13905,6909672bdafb1ec1ce2896939102d7b997982d59,variant_002,regional_variant,review,,no,,no,,,15785,no,,,near_002,variant_002,"VON ARNFRID SCHENK
Man kann Firas Ajouri, 40 Jahre alt, durchaus als ein Musterbeispiel für gelungene Integration beschreiben. 
Geboren ist er in Damaskus, heute wohnt er in der Mitte Deutschlands, in Bad Hersfeld. Guter Job, ein Haus, er 
spricht perfekt Deutsch, mit leicht nordhessischem Einschlag. Seine Kinder steuern auf das Abitur zu, ein Sohn 
will Ingenieur werden, der andere Arzt, die Tochter, noch klein, Prinzessin.
Allerdings kam Ajouri nicht im Herbst 2015 nach Deutschland, sondern vor fast 30 Jahren, mit elf. Integration 
braucht Zeit, kaum einer weiß das so gut wie er, und vielleicht ist er genau deshalb der richtige Mann am richtigen 
Platz. Firas Ajouri ist Ausbildungsleiter beim Straßenbaukonzern Strabag, in der Lehrwerkstatt im Städtchen 
Bebra, Nordhessen, und kümmert sich dort auch um Flüchtlinge.
Tiefbaufacharbeiter und Baugeräteführer werden hier ausgebildet, hält man sich nicht an die Fachsprache: 
Straßenbauer und Baggerfahrer. Aus ganz Deutschland kommen die Auszubildenden, seit einem Jahr auch aus 
Eritrea, Somalia und Syrien. Die knapp zwanzig Flüchtlinge sind zwischen 18 und 35 Jahre alt, vier mit Abitur, 
manche haben sogar studiert, einige haben in ihrer Heimat nur wenige Jahre die Schule besucht. 20 von 1,2 
Millionen Menschen, die 2015 und 2016 nach Deutschland strömten und Asyl beantragten.
Auf die große Euphorie - die Flüchtlinge sind die Lösung für Fachkräftemangel und demografischen Wandel - 
folgte die große Ernüchterung: Die Geflüchteten sind zu schlecht ausgebildet, keine Fachkräfte von morgen, 
sondern, wenn überhaupt, für fernere Tage. »Wir schaffen das« gilt nicht für einen Sprint, sondern für einen 
Marathon.
Handelskammern, Handwerkskammern und Unternehmen, Arbeitsagentur und Bildungsministerium gründeten 
zahlreiche Initiativen und Zusammenschlüsse, um Flüchtlinge auszubilden und in den Arbeitsmarkt zu bringen. 
Regionale Netzwerke, landesweite, bundesweite. Sie heißen »Wir zusammen«, »Unternehmen integrieren 
Flüchtlinge« oder »Joblinge«. Auch einzelne Unternehmen engagierten sich. Die Zeit drängt: Laut 
Arbeitsministerin Andrea Nahles beziehen mittlerweile 400 000 Flüchtlinge Hartz IV. Und es werden Monat für 

Wie lange dauert es, bis aus Flüchtlingen Kollegen werden? 40 000 Lehrstellen sind in Deutschland unbesetzt. 
Warum es so schwierig ist, Asylbewerber in Ausbildu....
Monat mehr. Die Zeit scheint aber auch günstig: 43 500 Lehrstellen konnten 2016 nicht besetzt werden, ein neuer 
Höchststand. Da muss doch etwas gehen. Was wurde aus all den Programmen, wie lange dauert es, bis aus 
Flüchtlingen Praktikanten, Lehrlinge und Mitarbeiter werden? Wie schnell lassen sich Hürden wie 
Sprachprobleme, Lernrückstände, kulturelle Unterschiede überbrücken? Besuche auf den Baustellen der 
Integration.
80 Prozent der Unternehmer sind mit den Leistungen der Flüchtlinge zufrieden
Über 830 Lehrlinge hat Ajouri in seiner Laufbahn ausgebildet, von Routine kann er trotzdem nicht sprechen. Seit 
die Flüchtlinge da sind, haben sich seine Aufgaben erweitert. Er muss nicht mehr nur Flächenberechnungen 
erklären - er ist jetzt auch Deutschlehrer und Deutschlanderklärer. Zuständig für Fragen wie: Ist es okay, wenn 
hier Männer auf der Straße knutschen?
 Eine Theoriestunde in der Lehrwerkstatt an einem Donnerstagnachmittag, Anfang März: Rund zwanzig Strabag-
Auszubildende in blau-orangefarbenen Arbeitsoveralls sitzen in den Tischreihen, Einheimische und Flüchtlinge 
gemischt. Vor sich Taschenrechner und das Übungsheft Tiefbau 2. »Ibsa, magst du vorlesen?«, fragt Ajouri. 
Ibsa quält sich stockend durch eine Aufgabe, in der »Erdarbeiten erforderlich« sind. »Was heißt das?«, fragt der 
Ausbilder, »habt ihr das alle verstanden?« Es dauert, bis die ersten Meldungen kommen. Ajouri erklärt geduldig, 
lässt weiter vorlesen, es geht um »Aushub« und den »Auflockerungsfaktor«. Und es gilt die Regel: Niemand lacht 
den anderen aus, egal wie schwer ihm die Worte fallen. 
»Es ist Arbeit ohne Ende«, sagt Ajouri. Aber er macht sie mit Leidenschaft. Es sind seine Jungs. Ajouri sieht ein 
wenig aus wie der junge Robert de Niro, man kann ihn sich auch gut als Ausbilder bei der Bundeswehr vorstellen, 
ein harter Hund vielleicht, aber einer, der will, dass seine Jungs es schaffen. Der sie antreibt, aber nicht vergisst, 
ihnen immer wieder auf die Schulter zu klopfen.
Hört Ajouri, dass einer seiner Lehrlinge noch in einer Sammelunterkunft für Flüchtlinge wohnt, holt er ihn dort raus, 
»sonst kann er hier nicht mithalten«, in den Unterkünften haben die anderen nichts zu tun, da ist Lärm bis nachts 
um halb zwei. Auf dem Werkstattgelände gibt es in Containern Doppelzimmer für die Azubis. Die 
Auszubildenden haben eine Probezeit von vier Monaten, die Übernahmequote liegt bei 90 Prozent. »Wer mich 
überstanden hat, wird auch seinen Weg im Job machen«, sagt Ajouri.
Zu ihnen gehört Osama. Vor einem Jahr und vier Monaten ist er in Deutschland angekommen. Er ist 32 Jahre alt, 
in Damaskus hat er Pädagogik studiert und als Grundschullehrer gearbeitet. Jetzt sitzt er auf einem 100 000 Euro 
teuren Baggersimulator und belädt unter Zeitdruck Laster. Er schwitzt, aber er hat Spaß. Baugeräteführer wird er 
nach seinem Abschluss sein. Der krasse Berufswechsel stört ihn nicht, er ist froh, dass ihm in Deutschland ein 
Neustart geglückt ist.
Die Flüchtlinge können etwas, und zwar schon heute, nicht erst übermorgen: Mitte März befragte die OECD 
(Organisation für wirtschaftliche Zusammenarbeit und Entwicklung) 2200 Arbeitgeber in Deutschland nach ihren 
Erfahrungen mit Asylbewerbern, als Praktikanten, als Auszubildende. Die Ergebnisse sind insgesamt gut: 80 
Prozent der befragten Unternehmer gaben an, mit den Leistungen der Flüchtlinge zufrieden zu sein. Über 60 
Prozent beklagten aber die rudimentären Sprachkenntnisse.
Im Herbst 2016 lobte Sigmar Gabriel, damals noch Wirtschaftsminister, den Mittelstand als eigentliche Stütze der 
Integration in den Arbeitsmarkt. Kurz zuvor hatte eine Umfrage ergeben, dass die 30 Dax-Unternehmen im Land 
bisher nur rund 50 Flüchtlinge fest eingestellt hatten. Spätestens seitdem ruhen die Hoffnungen auf dem 
Mittelstand.
Auf Betrieben wie Betz-Chrom in Gräfelfing bei München, Spezialist für das Hartverchromen von Oberflächen und 
Rohren, unter anderem in der Luftfahrttechnik. Die Firma hat 60 Mitarbeiter, hier werden Metallbauer, 
Zerspanungsmechaniker, Oberflächenbeschichter ausgebildet. Die Märzsonne heizt den Besprechungsraum im 
ersten Stock auf. Seit ein paar Monaten stellt ihn die Chefin abends der raumklammen Volkshochschule für 
Sprach- und Integrationskurse zur Verfügung.
Wie lange dauert es, bis aus Flüchtlingen Kollegen werden? 40 000 Lehrstellen sind in Deutschland unbesetzt. 
Warum es so schwierig ist, Asylbewerber in Ausbildu....
Miriam Betz hat die Firma von ihrer Mutter übernommen, und wie für ihre Mutter ist es auch für sie 
selbstverständlich, dass man sich für Flüchtlinge engagiert. Früher kamen sie aus dem zerbrechenden 
Jugoslawien, heute aus Syrien oder dem Irak. Auch der Fertigungsleiter ist kein klassischer Bayer, hört sich 
gleichwohl wie einer an. Mohammad Farahani ist im Iran geboren, mit neun Jahren kam er nach Deutschland. 
Jetzt, 20 Jahre später, hat er den Meistertitel als Bester seines Jahrgangs geholt. Integration brauche Zeit, sagt 
die Chefin.
Mohamed Zarzorie sitzt ihr gegenüber und nickt. Er ist 30 Jahre alt, hat in Aleppo Werkstoffkunde studiert und bei 
kleineren Firmen gearbeitet. Im Oktober 2015, mitten in der größten Flüchtlingsflut, kam er nach Bayern. Auf einer 
Jobmesse stieß er auf Betz-Chrom, ein freiwilliger Helferkreis unterstützte ihn bei der Bewerbung. Zuerst dachte 
er an ein Langzeitpraktikum über sechs Monate, um die Fachsprache für den Maschinenbau zu lernen, jetzt hat er 
sich für eine Ausbildung entschieden. Die Chefin freut sich. Wenn beide Seiten wirklich wollen, lassen sich 
Sprachbarrieren und bürokratische Hürden überwinden.
Unternehmen wie Betz-Chrom sind Teil des stetig wachsenden Netzwerks der Industrie- und Handelskammer 
(IHK), es nennt sich »Unternehmen integrieren Flüchtlinge«. Derzeit bilden 1230 Firmen 2500 Flüchtlinge aus - 
bundesweit.
 Darum, dass es noch mehr werden, kümmern sich Menschen wie Hansjörg Brunhuber. Brunhuber ist 
Diplomsozialwirt und seit Juli 2016 Integrationsberater. Im Auftrag der IHK ist er in München und Oberbayern als 
eine Art Bürokratielotse unterwegs, der Flüchtlinge und Unternehmer durch das Regeldickicht führt. Bei sich hat er 
acht zusammengeheftete DIN-A4-Blätter: Beschäftigung von Geflüchteten - die Regularien Schritt für Schritt. 
Welchen Status hat die geflüchtete Person, was bedeutet das für das Einstellungsverfahren, in welcher Region gilt 
die Vorrangprüfung? Mit den Personalunterlagen für einen geflüchteten Syrer könne man schnell mal vier Leitz-
Ordner füllen, sagt er. Mancher kleine Mittelständler ohne Personalabteilung lasse sich von diesem bürokratischen 
Aufwand abschrecken und verzichte lieber. Brunhuber erzählt auch von den großen Erwartungen der Flüchtlinge, 
ihrer Unkenntnis über die Qualifikationen, die es braucht, um auf dem deutschen Arbeitsmarkt Fuß zu fassen. Wer 
in Nigeria in einer Straßenwerkstatt Reifen gewechselt hat, kann hier nicht gleich als Kfz-Mechaniker anfangen. 
Größtes Problem aber ist derzeit die unsichere Rechtspraxis. Es kann passieren, dass ein Auszubildender erst mit 
viel Mühe eingelernt - und dann abgeschoben wird. Zwar gilt in der Zwischenzeit die »3 plus 2«-Regel, also: 
garantierter Aufenthalt für drei Jahre Ausbildung plus zwei Jahre Arbeit. Doch bleibt den Ausländerbehörden ein 
großer Ermessensspielraum. Viele Betriebe scheuen sich deshalb, Flüchtlinge einzustellen.
Gebraucht werden Fachkräfte, keine Schubkarrenschieber
Trotzdem hat man in Bayern schon einiges geschafft. 60 000 Flüchtlinge wurden 2016 in Praktika, Arbeit und 
Ausbildung gebracht, verkündete Bayerns Wirtschaftsministerin Ilse Aigner. Über 40 Prozent davon entfallen aber 
auf Praktikumsplätze. Dabei sind die Lücken auf dem Ausbildungsmarkt groß: Auch in Bayern konnten im 
vergangenen Jahr 12 000 Lehrstellen nicht besetzt werden.
Die Flüchtlinge müssen eine Ausbildung aber auch wollen. Und das ist oft nicht der Fall. So ergab jüngst eine 
Studie des Instituts der Deutschen Wirtschaft, dass viele von ihnen Helferjobs bevorzugen. Lieber weniger Geld, 
dafür aber schnell verdient, um rasch ihre Familien damit unterstützen zu können.
Anja Siering kennt das Problem, sie ist Pädagogische Leiterin bei der Bäckerinnung in Hamburg. Um den Wert 
einer Ausbildung zu verdeutlichen, zeichnet sie Linien an die Tafel. Das verdient ihr einmal, wenn ihr eine 
Ausbildung macht, das, wenn ihr bei den Hilfsjobs bleibt. Die zweite Linie bleibt auf einem niedrigen Niveau. 
Siering wirbt bei den Flüchtlingen für die duale Ausbildung und bei Unternehmern darum, einen Flüchtling 
einzustellen. Nicht immer stößt sie auf offene Ohren. Aber das ändere sich, sagt sie, je mehr sich herumspricht, 
dass viele Flüchtlinge etwas wollen und etwas können.
Die Bäckerinnung ist einer der Träger eines bundesweiten Projektes, um Flüchtlinge in den Arbeitsmarkt zu 
bringen. Es ist ein gemeinsames Programm von Bundesbildungsministerium, Bundesarbeitsagentur und 
Wie lange dauert es, bis aus Flüchtlingen Kollegen werden? 40 000 Lehrstellen sind in Deutschland unbesetzt. 
Warum es so schwierig ist, Asylbewerber in Ausbildu....
Zentralverband des deutschen Handwerks. »Wege in Ausbildung für Flüchtlinge« heißt es. Es richtet sich an 
diejenigen, die nicht mehr schulpflichtig, aber noch nicht über 25 Jahre alt sind. In drei Stufen sollen die 
Flüchtlinge an verschiedene Handwerksberufe herangeführt werden, vom Tischler bis zum Bäcker. Ist etwas 
Passendes gefunden, schließt sich eine Vertiefungphase über 13 Wochen an, im Idealfall folgt dann der 
Übergang in ein Ausbildungsverhältnis. Bis 2018 sollen so aus 10 000 Flüchtlingen Azubis werden. Ein 
ambitioniertes Ziel, räumte beim Start der Chef der Bundesagentur ein, aber erreichbar. Man brauche Fachkräfte, 
sagte der Handwerkspräsident, keine Schubkarrenschieber. Zahlen für 2017 gibt es noch nicht. Die für 2016 sind 
noch überschaubar: 1119 Geflüchtete haben die zweite Phase der Schnupperkurse durchlaufen.
Die Integrationsmaschine kommt in Gang, aber sehr langsam.
Wie lange wird es dauern, bis die Mehrheit der Geflüchteten auf dem Arbeitsmarkt untergekommen ist? Herbert 
Brücker, Migrationsexperte vom Institut für Arbeitsmarkt- und Berufsforschung, sagt: Von denen, die 2015 ins 
Land gekommen sind, waren 2016 zehn Prozent erwerbstätig. Es werde noch ungefähr fünf Jahre dauern, bis 
wenigstens die Hälfte der Flüchtlinge eine Arbeit gefunden habe. Der Marathon hat gerade erst begonnen.
***
Da geht doch noch was!Im Jahr 2016 blieben laut aktuellem Berufsbildungsbericht 43 500 Lehrstellen unbesetzt - 
4,5 Prozent mehr als im Vorjahr. »Es gibt allen Grund, die gesellschaftliche Wertschätzung der dualen 
Ausbildung wieder zu erhöhen«, sagte Bundesbildungsministerin Johanna Wanka. Die demografische 
Entwicklung und die steigende Zahl höherer Schulabschlüsse sowie mehr Studienanfänger gelten als 
Hauptgründe. Die Lücke bei den Lehrstellen bietet Flüchtlingen eine Chance. Ein großer Teil von ihnen ist unter 
25 Jahre alt. 2016 waren viele noch in Integrationskursen; jetzt betreten sie den Ausbildungsmarkt. Immer mehr 
Geflüchtete sind in den vergangenen Monaten auch an den deutschen Hochschulen angekommen. Laut 
Hochschulrektorenkonferenz sind derzeit 1140 Flüchtlinge für ein Fachstudium immatrikuliert, fünfmal so viele 
wie noch vor einem halben Jahr. 5700 machen einen studienvorbereitenden Sprach- oder Fachkurs. Zwei Drittel 
der Geflüchteten an den Unis stammen aus Syrien.
***
 Osama (links) war Grundschullehrer in Damaskus. Jetzt macht er eine Ausbildung zum Baggerfahrer beim 
Straßenbaukonzern Strabag in Bebra"
2017-04,Main Corpus,2017-04(50).ZIP,"Wie lange dauert es, bis aus Flüchtlingen Kollegen werden_ 40_000 Lehrstellen sind in Deutschland un.PDF","C:\PythonProjects\AfD-project\Corpora\Main Corpus\2017-04\raw_unarchive\Wie lange dauert es, bis aus Flüchtlingen Kollegen werden_ 40_000 Lehrstellen sind in Deutschland un.PDF","Wie lange dauert es, bis aus Flüchtlingen Kollegen werden? 40?000 Lehrstellen sind in Deutschland unbesetzt.",wie lange dauert es bis aus flüchtlingen kollegen werden 40000 lehrstellen sind in deutschland unbesetzt,Die ZEIT (inklusive ZEIT Magazin),die zeit inklusive zeit magazin,12. April 2017,Arnfrid Schenk,"CHANCEN;Wie lange dauert es, bis aus Flüchtlingen Kollegen werden?; S. 65; Ausg. 16",1969,13910,a4e2b0a2f4639e4f54637a0df51871a604d6889e,variant_002,regional_variant,review,,no,,no,,,15791,no,,,near_002,variant_002,"VON ARNFRID SCHENK
Man kann Firas Ajouri, 40 Jahre alt, durchaus als ein Musterbeispiel für gelungene Integration beschreiben. 
Geboren ist er in Damaskus, heute wohnt er in der Mitte Deutschlands, in Bad Hersfeld. Guter Job, ein Haus, er 
spricht perfekt Deutsch, mit leicht nordhessischem Einschlag. Seine Kinder steuern auf das Abitur zu, ein Sohn 
will Ingenieur werden, der andere Arzt, die Tochter, noch klein, Prinzessin.
Allerdings kam Ajouri nicht im Herbst 2015 nach Deutschland, sondern vor fast 30 Jahren, mit elf. Integration 
braucht Zeit, kaum einer weiß das so gut wie er, und vielleicht ist er genau deshalb der richtige Mann am richtigen 
Platz. Firas Ajouri ist Ausbildungsleiter beim Straßenbaukonzern Strabag, in der Lehrwerkstatt im Städtchen Bebra, 
Nordhessen, und kümmert sich dort auch um Flüchtlinge.
Tiefbaufacharbeiter und Baugeräteführer werden hier ausgebildet, hält man sich nicht an die Fachsprache: 
Straßenbauer und Baggerfahrer. Aus ganz Deutschland kommen die Auszubildenden, seit einem Jahr auch aus 
Eritrea, Somalia und Syrien. Die knapp zwanzig Flüchtlinge sind zwischen 18 und 35 Jahre alt, vier mit Abitur, 
manche haben sogar studiert, einige haben in ihrer Heimat nur wenige Jahre die Schule besucht. 20 von 1,2 
Millionen Menschen, die 2015 und 2016 nach Deutschland strömten und Asyl beantragten.
Auf die große Euphorie - die Flüchtlinge sind die Lösung für Fachkräftemangel und demografischen Wandel - folgte 
die große Ernüchterung: Die Geflüchteten sind zu schlecht ausgebildet, keine Fachkräfte von morgen, sondern, 
wenn überhaupt, für fernere Tage. ""Wir schaffen das"" gilt nicht für einen Sprint, sondern für einen Marathon.
Handelskammern, Handwerkskammern und Unternehmen, Arbeitsagentur und Bildungsministerium gründeten 
zahlreiche Initiativen und Zusammenschlüsse, um Flüchtlinge auszubilden und in den Arbeitsmarkt zu bringen. 
Regionale Netzwerke, landesweite, bundesweite. Sie heißen ""Wir zusammen"", ""Unternehmen integrieren 
Flüchtlinge"" oder ""Joblinge"". Auch einzelne Unternehmen engagierten sich. Die Zeit drängt: Laut Arbeitsministerin 
Andrea Nahles beziehen mittlerweile 400?000 Flüchtlinge Hartz IV. Und es werden Monat für Monat mehr. Die Zeit 
scheint aber auch günstig: 43?500 Lehrstellen konnten 2016 nicht besetzt werden, ein neuer Höchststand. Da 

Wie lange dauert es, bis aus Flüchtlingen Kollegen werden? 40?000 Lehrstellen sind in Deutschland unbesetzt. 
Warum es so schwierig ist, Asylbewerber in Ausbildu....
muss doch etwas gehen. Was wurde aus all den Programmen, wie lange dauert es, bis aus Flüchtlingen 
Praktikanten, Lehrlinge und Mitarbeiter werden? Wie schnell lassen sich Hürden wie Sprachprobleme, 
Lernrückstände, kulturelle Unterschiede überbrücken? Besuche auf den Baustellen der Integration.
80 Prozent der Unternehmer sind mit den Leistungen der Flüchtlinge zufrieden
Über 830 Lehrlinge hat Ajouri in seiner Laufbahn ausgebildet, von Routine kann er trotzdem nicht sprechen. Seit 
die Flüchtlinge da sind, haben sich seine Aufgaben erweitert. Er muss nicht mehr nur Flächenberechnungen 
erklären - er ist jetzt auch Deutschlehrer und Deutschlanderklärer. Zuständig für Fragen wie: Ist es okay, wenn hier 
Männer auf der Straße knutschen?
Eine Theoriestunde in der Lehrwerkstatt an einem Donnerstagnachmittag, Anfang März: Rund zwanzig Strabag-
Auszubildende in blau-orangefarbenen Arbeitsoveralls sitzen in den Tischreihen, Einheimische und Flüchtlinge 
gemischt. Vor sich Taschenrechner und das Übungsheft Tiefbau 2. ""Ibsa, magst du vorlesen?"", fragt Ajouri. 
Ibsa quält sich stockend durch eine Aufgabe, in der ""Erdarbeiten erforderlich"" sind. ""Was heißt das?"", fragt der 
Ausbilder, ""habt ihr das alle verstanden?"" Es dauert, bis die ersten Meldungen kommen. Ajouri erklärt geduldig, 
lässt weiter vorlesen, es geht um ""Aushub"" und den ""Auflockerungsfaktor"". Und es gilt die Regel: Niemand lacht 
den anderen aus, egal wie schwer ihm die Worte fallen.
""Es ist Arbeit ohne Ende"", sagt Ajouri. Aber er macht sie mit Leidenschaft. Es sind seine Jungs. Ajouri sieht ein 
wenig aus wie der junge Robert de Niro, man kann ihn sich auch gut als Ausbilder bei der Bundeswehr vorstellen, 
ein harter Hund vielleicht, aber einer, der will, dass seine Jungs es schaffen. Der sie antreibt, aber nicht vergisst, 
ihnen immer wieder auf die Schulter zu klopfen.
Hört Ajouri, dass einer seiner Lehrlinge noch in einer Sammelunterkunft für Flüchtlinge wohnt, holt er ihn dort raus, 
""sonst kann er hier nicht mithalten"", in den Unterkünften haben die anderen nichts zu tun, da ist Lärm bis nachts um 
halb zwei. Auf dem Werkstattgelände gibt es in Containern Doppelzimmer für die Azubis. Die Auszubildenden 
haben eine Probezeit von vier Monaten, die Übernahmequote liegt bei 90 Prozent. ""Wer mich überstanden hat, wird 
auch seinen Weg im Job machen"", sagt Ajouri.
Zu ihnen gehört Osama. Vor einem Jahr und vier Monaten ist er in Deutschland angekommen. Er ist 32 Jahre alt, in 
Damaskus hat er Pädagogik studiert und als Grundschullehrer gearbeitet. Jetzt sitzt er auf einem 100?000 Euro 
teuren Baggersimulator und belädt unter Zeitdruck Laster. Er schwitzt, aber er hat Spaß. Baugeräteführer wird er 
nach seinem Abschluss sein. Der krasse Berufswechsel stört ihn nicht, er ist froh, dass ihm in Deutschland ein 
Neustart geglückt ist.
Die Flüchtlinge können etwas, und zwar schon heute, nicht erst übermorgen: Mitte März befragte die OECD 
(Organisation für wirtschaftliche Zusammenarbeit und Entwicklung) 2200 Arbeitgeber in Deutschland nach ihren 
Erfahrungen mit Asylbewerbern, als Praktikanten, als Auszubildende. Die Ergebnisse sind insgesamt gut: 80 
Prozent der befragten Unternehmer gaben an, mit den Leistungen der Flüchtlinge zufrieden zu sein. Über 60 
Prozent beklagten aber die rudimentären Sprachkenntnisse.
Im Herbst 2016 lobte Sigmar Gabriel, damals noch Wirtschaftsminister, den Mittelstand als eigentliche Stütze der 
Integration in den Arbeitsmarkt. Kurz zuvor hatte eine Umfrage ergeben, dass die 30 Dax-Unternehmen im Land 
bisher nur rund 50 Flüchtlinge fest eingestellt hatten. Spätestens seitdem ruhen die Hoffnungen auf dem 
Mittelstand.
Auf Betrieben wie Betz-Chrom in Gräfelfing bei München, Spezialist für das Hartverchromen von Oberflächen und 
Rohren, unter anderem in der Luftfahrttechnik. Die Firma hat 60 Mitarbeiter, hier werden Metallbauer, 
Zerspanungsmechaniker, Oberflächenbeschichter ausgebildet. Die Märzsonne heizt den Besprechungsraum im 
ersten Stock auf. Seit ein paar Monaten stellt ihn die Chefin abends der raumklammen Volkshochschule für Sprach- 
und Integrationskurse zur Verfügung.
Wie lange dauert es, bis aus Flüchtlingen Kollegen werden? 40?000 Lehrstellen sind in Deutschland unbesetzt. 
Warum es so schwierig ist, Asylbewerber in Ausbildu....
Miriam Betz hat die Firma von ihrer Mutter übernommen, und wie für ihre Mutter ist es auch für sie 
selbstverständlich, dass man sich für Flüchtlinge engagiert. Früher kamen sie aus dem zerbrechenden 
Jugoslawien, heute aus Syrien oder dem Irak. Auch der Fertigungsleiter ist kein klassischer Bayer, hört sich 
gleichwohl wie einer an. Mohammad Farahani ist im Iran geboren, mit neun Jahren kam er nach Deutschland. 
Jetzt, 20 Jahre später, hat er den Meistertitel als Bester seines Jahrgangs geholt. Integration brauche Zeit, sagt die 
Chefin.
Mohamed Zarzorie sitzt ihr gegenüber und nickt. Er ist 30 Jahre alt, hat in Aleppo Werkstoffkunde studiert und bei 
kleineren Firmen gearbeitet. Im Oktober 2015, mitten in der größten Flüchtlingsflut, kam er nach Bayern. Auf einer 
Jobmesse stieß er auf Betz-Chrom, ein freiwilliger Helferkreis unterstützte ihn bei der Bewerbung. Zuerst dachte er 
an ein Langzeitpraktikum über sechs Monate, um die Fachsprache für den Maschinenbau zu lernen, jetzt hat er 
sich für eine Ausbildung entschieden. Die Chefin freut sich. Wenn beide Seiten wirklich wollen, lassen sich 
Sprachbarrieren und bürokratische Hürden überwinden.
Unternehmen wie Betz-Chrom sind Teil des stetig wachsenden Netzwerks der Industrie- und Handelskammer 
(IHK), es nennt sich ""Unternehmen integrieren Flüchtlinge"". Derzeit bilden 1230 Firmen 2500 Flüchtlinge aus - 
bundesweit.
Darum, dass es noch mehr werden, kümmern sich Menschen wie Hansjörg Brunhuber. Brunhuber ist 
Diplomsozialwirt und seit Juli 2016 Integrationsberater. Im Auftrag der IHK ist er in München und Oberbayern als 
eine Art Bürokratielotse unterwegs, der Flüchtlinge und Unternehmer durch das Regeldickicht führt. Bei sich hat er 
acht zusammengeheftete DIN-A4-Blätter: Beschäftigung von Geflüchteten - die Regularien Schritt für Schritt. 
Welchen Status hat die geflüchtete Person, was bedeutet das für das Einstellungsverfahren, in welcher Region gilt 
die Vorrangprüfung? Mit den Personalunterlagen für einen geflüchteten Syrer könne man schnell mal vier Leitz-
Ordner füllen, sagt er. Mancher kleine Mittelständler ohne Personalabteilung lasse sich von diesem bürokratischen 
Aufwand abschrecken und verzichte lieber. Brunhuber erzählt auch von den großen Erwartungen der Flüchtlinge, 
ihrer Unkenntnis über die Qualifikationen, die es braucht, um auf dem deutschen Arbeitsmarkt Fuß zu fassen. Wer 
in Nigeria in einer Straßenwerkstatt Reifen gewechselt hat, kann hier nicht gleich als Kfz-Mechaniker anfangen.
Größtes Problem aber ist derzeit die unsichere Rechtspraxis. Es kann passieren, dass ein Auszubildender erst mit 
viel Mühe eingelernt - und dann abgeschoben wird. Zwar gilt in der Zwischenzeit die ""3 plus 2""-Regel, also: 
garantierter Aufenthalt für drei Jahre Ausbildung plus zwei Jahre Arbeit. Doch bleibt den Ausländerbehörden ein 
großer Ermessensspielraum. Viele Betriebe scheuen sich deshalb, Flüchtlinge einzustellen.
Gebraucht werden Fachkräfte, keine Schubkarrenschieber
Trotzdem hat man in Bayern schon einiges geschafft. 60?000 Flüchtlinge wurden 2016 in Praktika, Arbeit und 
Ausbildung gebracht, verkündete Bayerns Wirtschaftsministerin Ilse Aigner. Über 40 Prozent davon entfallen aber 
auf Praktikumsplätze. Dabei sind die Lücken auf dem Ausbildungsmarkt groß: Auch in Bayern konnten im 
vergangenen Jahr 12?000 Lehrstellen nicht besetzt werden.
Die Flüchtlinge müssen eine Ausbildung aber auch wollen. Und das ist oft nicht der Fall. So ergab jüngst eine 
Studie des Instituts der Deutschen Wirtschaft, dass viele von ihnen Helferjobs bevorzugen. Lieber weniger Geld, 
dafür aber schnell verdient, um rasch ihre Familien damit unterstützen zu können.
Anja Siering kennt das Problem, sie ist Pädagogische Leiterin bei der Bäckerinnung in Hamburg. Um den Wert 
einer Ausbildung zu verdeutlichen, zeichnet sie Linien an die Tafel. Das verdient ihr einmal, wenn ihr eine 
Ausbildung macht, das, wenn ihr bei den Hilfsjobs bleibt. Die zweite Linie bleibt auf einem niedrigen Niveau. Siering 
wirbt bei den Flüchtlingen für die duale Ausbildung und bei Unternehmern darum, einen Flüchtling einzustellen. 
Nicht immer stößt sie auf offene Ohren. Aber das ändere sich, sagt sie, je mehr sich herumspricht, dass viele 
Flüchtlinge etwas wollen und etwas können.
Die Bäckerinnung ist einer der Träger eines bundesweiten Projektes, um Flüchtlinge in den Arbeitsmarkt zu 
bringen. Es ist ein gemeinsames Programm von Bundesbildungsministerium, Bundesarbeitsagentur und 
Wie lange dauert es, bis aus Flüchtlingen Kollegen werden? 40?000 Lehrstellen sind in Deutschland unbesetzt. 
Warum es so schwierig ist, Asylbewerber in Ausbildu....
Zentralverband des deutschen Handwerks. ""Wege in Ausbildung für Flüchtlinge"" heißt es. Es richtet sich an 
diejenigen, die nicht mehr schulpflichtig, aber noch nicht über 25 Jahre alt sind. In drei Stufen sollen die Flüchtlinge 
an verschiedene Handwerksberufe herangeführt werden, vom Tischler bis zum Bäcker. Ist etwas Passendes 
gefunden, schließt sich eine Vertiefungphase über 13 Wochen an, im Idealfall folgt dann der Übergang in ein 
Ausbildungsverhältnis. Bis 2018 sollen so aus 10?000 Flüchtlingen Azubis werden. Ein ambitioniertes Ziel, räumte 
beim Start der Chef der Bundesagentur ein, aber erreichbar. Man brauche Fachkräfte, sagte der 
Handwerkspräsident, keine Schubkarrenschieber. Zahlen für 2017 gibt es noch nicht. Die für 2016 sind noch 
überschaubar: 1119 Geflüchtete haben die zweite Phase der Schnupperkurse durchlaufen.
Die Integrationsmaschine kommt in Gang, aber sehr langsam.
Wie lange wird es dauern, bis die Mehrheit der Geflüchteten auf dem Arbeitsmarkt untergekommen ist? Herbert 
Brücker, Migrationsexperte vom Institut für Arbeitsmarkt- und Berufsforschung, sagt: Von denen, die 2015 ins Land 
gekommen sind, waren 2016 zehn Prozent erwerbstätig. Es werde noch ungefähr fünf Jahre dauern, bis 
wenigstens die Hälfte der Flüchtlinge eine Arbeit gefunden habe. Der Marathon hat gerade erst begonnen.
***
Da geht doch noch was!Im Jahr 2016 blieben laut aktuellem Berufsbildungsbericht 43?500 Lehrstellen unbesetzt - 
4,5 Prozent mehr als im Vorjahr. ""Es gibt allen Grund, die gesellschaftliche Wertschätzung der dualen Ausbildung 
wieder zu erhöhen"", sagte Bundesbildungsministerin Johanna Wanka. Die demografische Entwicklung und die 
steigende Zahl höherer Schulabschlüsse sowie mehr Studienanfänger gelten als Hauptgründe. Die Lücke bei den 
Lehrstellen bietet Flüchtlingen eine Chance. Ein großer Teil von ihnen ist unter 25 Jahre alt. 2016 waren viele 
noch in Integrationskursen; jetzt betreten sie den Ausbildungsmarkt. Immer mehr Geflüchtete sind in den 
vergangenen Monaten auch an den deutschen Hochschulen angekommen. Laut Hochschulrektorenkonferenz 
sind derzeit 1140 Flüchtlinge für ein Fachstudium immatrikuliert, fünfmal so viele wie noch vor einem halben Jahr. 
5700 machen einen studienvorbereitenden Sprach- oder Fachkurs. Zwei Drittel der Geflüchteten an den Unis 
stammen aus Syrien. 
***
Graphic
 
 Osama (links) war Grundschullehrer in Damaskus. Jetzt macht er eine Ausbildung zum Baggerfahrer beim 
Straßenbaukonzern Strabag in Bebra"
2017-04,Main Corpus,2017-04(50).ZIP,Willkommenskultur für Arbeitskräfte Nach der SPD haben auch die Grünen ein Einwanderungsgesetz vorge.PDF,C:\PythonProjects\AfD-project\Corpora\Main Corpus\2017-04\raw_unarchive\Willkommenskultur für Arbeitskräfte Nach der SPD haben auch die Grünen ein Einwanderungsgesetz vorge.PDF,Willkommenskultur für Arbeitskräfte Nach der SPD haben auch die Grünen ein Einwanderungsgesetz vorgelegt,willkommenskultur für arbeitskräfte nach der spd haben auch die grünen ein einwanderungsgesetz vorgelegt,Der Tagesspiegel,der tagesspiegel,Mittwoch 5. April 2017,Ulrike Scheffer,POLITIK; S. 5; Ausg. 23078,628,4896,9036a3ac9c813c43caf333618b8166cf9bef56b9,,unique,keep,,no,,no,,,6075,no,,,,,"Berlin - Ein modernes Einwanderungsland braucht ein ebensolches Einwanderungsgesetz - sagen die Grünen. 
""Und dass Deutschland ein Einwanderungsland ist, daran gibt es wohl keinen Zweifel mehr"", sagte die 
Parteivorsitzende, Katrin Göring-Eckardt, am Dienstag in Berlin. Deutschland habe einen wachsenden Bedarf an 
Arbeitskräften, den es im Inland nicht decken könne. Nach der SPD haben die Grünen daher nun einen Entwurf für 
ein Einwanderungsgesetz vorgelegt. Das Leitmotiv dahinter: ""Einwanderung wird nicht als Problem gesehen, 
sondern ist erwünscht und muss aktiv gestaltet werden"", erläuterte Mitverfasser Volker Beck. Entsprechend solle 
das geltende Aufenthaltsrecht in ""Gesetz zur Förderung der Einwanderung und der Integration von Ausländern, 
kurz Einwanderungsgesetz"" umbenannt werden.
Konkret zielt der Entwurf darauf ab, Zuwanderung deutlich zu erleichtern und Hürden bei der Integration und 
Einbürgerung von Einwanderern abzubauen. Qualifizierte Ausländer sollen über eine sogenannte Talentkarte die 
Möglichkeit erhalten, auch ohne ein konkretes Arbeitsplatzangebot nach Deutschland zu kommen. Ein Jahr lang 
sollen sie eine Anstellung suchen dürfen, Anspruch auf soziale Unterstützung hätten sie in der Zeit nicht. Die 
Grünen nennen dies eine angebotsorientierte Zuwanderung. ""Damit kommen wir den Bedürfnissen 
mittelständischer und kleiner Unternehmen entgegen, die keine eigenen Rekrutierungsbüros im Ausland betreiben 
können"", erläuterte Göring-Eckardt.
Grundlage für die Talentkarte ist ein Punktesystem nach kanadischem Vorbild. Eine Kommission soll dafür jährlich 
Kontingente für bestimmte Berufsgruppen und Qualifikationen festlegen.
Die sogenannte Vorrangprüfung soll für qualifizierte Bewerber grundsätzlich abgeschafft werden. Vor einer 
Einstellung müsste dann nicht mehr geprüft werden, ob es auch geeignete deutsche Bewerber für eine Stelle gibt. 
Aus Sicht der Grünen-Politiker wäre dies ein entscheidender Schritt zur Entbürokratisierung von 
Einstellungsverfahren, ""eine große Erleichterung für Unternehmen"", wie Göring-Eckardt sagte.
Die Pläne gehen in eine ähnliche Richtung wie die der SPD. Sie hatte Ende vergangenen Jahres ebenfalls ein 
Einwanderungsgesetz vorgeschlagen, das sich am kanadischen Punktesystem orientiert. In einigen Punkten geht 
der Grünen-Entwurf aber deutlich über die Vorschläge der Sozialdemokraten hinaus. So wollen die Grünen auch 

Willkommenskultur für Arbeitskräfte Nach der SPD haben auch die Grünen ein Einwanderungsgesetz vorgelegt
einen sogenannten Spurwechsel vom Asyl- ins Einwanderungsverfahren erlauben, wenn Asylbewerber 
entsprechende Qualifíkationen vorweisen können. Außerdem sollen Unternehmen auch Ausbildungsplätze an 
Zuwanderer vergeben können, ausländischen Studienabsolventen soll es leichter gemacht werden, in Deutschland 
zu bleiben.
Um die Integration von Zuwanderern zu beschleunigen, plädieren die Grünen dafür, erfolgreichen Einwanderern 
schneller ein dauerhaftes Aufenthaltsrecht zu gewähren und die Wartezeit für eine Einbürgerung von acht auf fünf 
Jahre zu verkürzen. Ihren alten Pass sollen Zuwanderer behalten dürfen, ihre in Deutschland geborenen Kinder 
grundsätzlich die deutsche Staatsangehörigkeit erhalten. Familienangehörige sollen sofort und auch ohne deutsche 
Sprachkenntnisse nachkommen dürfen.
In welcher Koalition sie nach der kommenden Bundestagswahl die größten Chancen sieht, den Gesetzesvorschlag 
durchzusetzen, wollte Göring-Eckardt nicht sagen. Schnittmengen gebe es sicher mit der SPD, sagte sie, aber 
auch in Teilen der CDU sei eine Zustimmung vorstellbar. Der stellvertretende Fraktionsvorsitzende der Union, 
Stephan Harbarth, zeigte in einer ersten Reaktion allerdings wenig Verständnis für die grüne Willkommenskultur. 
""Ein Modell, das Zuwanderung ohne Arbeit, ohne Qualifikation und im Kern auch für abgelehnte Asylbewerber 
ermöglicht, lehnt die Union strikt ab"", sagte Harbarth dem Tagesspiegel. Seiner Ansicht nach hat Deutschland 
schon jetzt liberale Zuwanderungsregelungen. Und es hat die EU. ""Der deutsche Arbeitsmarkt steht über 400 
Millionen Europäern offen. Warum sollten sich Arbeitskräfte in Drittstaaten leichter finden lassen als in den 
Mitgliedsstaaten der EU, die uns in vielfacher Hinsicht viel näher stehen?""
Am ehesten wäre ein Zuwanderungsgesetz wohl in einer Ampel-Koalition zu verwirklichen. Im Tagesspiegel-
Interview hatte FDP-Chef Christian Lindner vor wenigen Tagen gesagt: ""Es muss leichter möglich sein, mit einem 
guten Bildungsabschluss nach Deutschland zu kommen und sich hier im Arbeitsmarkt zu etablieren."" Bei den 
Grünen vermisst er allerdings eine klare Abgrenzung zwischen Zuwanderung und Asylrecht. ""Hierzu geben die 
Grünen keine ausreichenden Antworten"", so Lindner am Dienstag.
Graphic
 
Mangelberuf. Die Pflegebranche sucht händeringend Mitarbeiter. Auch Flüchtlinge werden hier ausgebildet. Foto: 
Hendrik Schmidt/dpa"
2017-04,Main Corpus,2017-04(50).ZIP,Wohnungen für Familien in der Fliehburg.PDF,C:\PythonProjects\AfD-project\Corpora\Main Corpus\2017-04\raw_unarchive\Wohnungen für Familien in der Fliehburg.PDF,Wohnungen für Familien in der Fliehburg,wohnungen für familien in der fliehburg,Rheinische Post,rheinische post,Donnerstag 20. April 2017,Jörg Werner,LOKALES,390,2911,1e47eaf4b19137ff2f79edbf9a4788dea0823bf8,,unique,keep,,no,,no,,,3419,no,,,,,"Jörg Werner
Dinslaken Nach Anfang des Monats bekanntgewordenen internen Berechnungen der Bundesregierung haben rund 
268.000 syrische Flüchtlinge in Deutschland Anspruch auf Familiennachzug. Grob gerechnet heißt das, dass 
500.000 bis 600.000 Menschen aufgrund dieses Anspruchs das Recht haben nach Deutschland zu kommen und 
untergebracht zu werden. Für Dinslaken könnte das, wie Caritasdirektor Michael van Meerbeck auf Anfrage der 
Rheinischen Post berichtet, bedeuten, dass allein aus diesem Personenkreis bis zu 600 Menschen untergebracht 
werden müssten. Die Caritas organisiert in Dinslaken für die Stadt die Unterbringung und Betreuung der 
Flüchtlinge. Unter anderem in der Fliehburg. Bei einer Belegung dicht an dicht mit zwei Personen pro Zimmer bietet 
diese Unterkunft 1700 Einzelbetten. Inzwischen aber leben von den rund 1200 Flüchtlingen, die die Caritas in 
Dinslaken betreut, noch 500 in der Fliehburg. Das bedeutet, dass die Flüchtlinge dort inzwischen so untergebracht 
werden können, dass es ""einem nach unseren Maßstäben verträglichen Standard entspricht"", wie van Meerbeck 
erklärt. Für Familien allerdings sind die Unterkünfte nicht ausgelegt.
Für die wäre es wichtig, dass auch wohnungsähnliche Unterkünfte mit eigener Küche, eigenem Bad und einer 
entsprechenden Anzahl an Zimmern angeboten werden können. Deswegen will die Caritas nun eines von fünf 
Häusern, deren Bau der Rat zur Flüchtlingsunterbringung vorsorglich beschlossen hat, in Absprache mit der 
Stadtverwaltung, als Familienhaus, das eben solche Wohnungen bietet, bauen. Ob die anderen vier Häuser auch 
so errichtet werden, müsste der Rat noch beschließen.
Laut Caritasdirektor besteht der Bedarf an Familienwohnungen nicht nur wegen der möglicherweise nachfolgenden 
syrische Familien, sondern aus ganz grundsätzlichen Überlegungen. Zum einen sollten dort Familien untergebracht 
werden, die eine geringe Bleibeperspektive hätten, zum anderen aber auch solche, die dort das Leben in normalen 
Wohnverhältnissen - sprich: in eigenen Wohnungen von privaten Vermietern - einüben könnten. Zum Dritten hält er 
solche Angebote aber auch für wichtig, damit keine Konkurrenzsituation mit einheimischen Familien 
heraufbeschworen wird. Der Wohnungsmarkt in Dinslaken sei nun einmal angespannt. Die Stadtverwaltung sei bei 
ihren Bemühungen, Flüchtlinge in dezentralen Wohnungen übers Stadtgebiet unterzubringen zwar durchaus 
erfolgreich, doch sollte dabei der Eindruck vermieden werden, dass Flüchtlingsfamilien einheimischen Familien den 

Wohnungen für Familien in der Fliehburg
Wohnraum wegnähmen. Die Integration von Flüchtlingen in der Stadt sei ein langwieriger Prozess, da könne das 
Angebot von Familienwohnungen in den Flüchtlingsunterkünften hilfreich sein.
Bisher sind die Häuser in der Fliehburg eher für die Belegung mit Einzelpersonen ausgelegt. Jetzt entsteht dort ein 
Familienhaus. RP-Archivfoto: Heinz Schild"
2017-04,Main Corpus,2017-04(50).ZIP,Zahl der Gewalttaten nimmt zu.PDF,C:\PythonProjects\AfD-project\Corpora\Main Corpus\2017-04\raw_unarchive\Zahl der Gewalttaten nimmt zu.PDF,Zahl der Gewalttaten nimmt zu,zahl der gewalttaten nimmt zu,Frankfurter Rundschau,frankfurter rundschau,Montag 24. April 2017,,POLITIK; S. 5,543,3946,f831a0605f2b23fc181d6052407102e041f72a62,,unique,keep,,no,,no,,,4928,no,,,,,"Von Markus Decker
Die Hemmschwelle für Gewalttaten in Deutschland sinkt offenbar wieder. So ist die jahrelang rückläufige 
Gewaltkriminalität deutlich gestiegen, um 6,7 Prozent auf 193 542 Fälle im vergangenen Jahr. Das geht laut ""Welt 
am Sonntag"" aus der Polizeilichen Kriminalstatistik für 2016 hervor, die am Montag von Bundesinnenminister 
Thomas de Maizière (CDU) offiziell präsentiert wird.
Ein Hauptgrund für den Anstieg ist, dass gefährliche und schwere Körperverletzungen erheblich zugenommen 
haben, um 9,9 Prozent auf 140 033 Fälle. Insbesondere Jugendliche fallen häufiger bei Gewaltkriminalität auf, die 
Kriminalstatistik verzeichnet bei ihnen einen Anstieg um zwölf Prozent auf 22 646 Tatverdächtige. Bei der 
gefährlichen und schweren Körperverletzung wurde ein Plus um 16,5 Prozent auf 18 156 jugendliche Verdächtige 
registriert.
Aber auch Zuwanderer haben einen Anteil daran. In dem Kapitel ""Im Fokus"" beschäftigt sich die Kriminalstatistik 
ausführlich mit dem Thema ""Kriminalität und Zuwanderung"". Demnach gab es im vergangenen Jahr 174 438 
tatverdächtige Zuwanderer. Das ist gegenüber 2015 ein Anstieg von 52,7 Prozent. Dabei wurden Straftaten wie 
unerlaubte Einreisen, die nur Zuwanderer begehen können, nicht berücksichtigt.
Nach der Statistik fallen Zuwanderer in einigen Kriminalitätsfeldern besonders auf: So stellen sie beim 
Taschendiebstahl einen Anteil von 35,1 Prozent aller gut zwei Millionen Tatverdächtigen in Deutschland. Bei 
Wohnungseinbrüchen sind es 11,3 Prozent. Und bei der gefährlichen und schweren Körperverletzung sowie 
Vergewaltigung und sexuellen Nötigung sind es jeweils 14,9 Prozent.
Allerdings gibt es einige Faktoren, die die Zahlen auf diesem Gebiet relativieren. So wurden dem ""Spiegel"" zufolge 
60 Prozent der Körperverletzungen, die auf das Konto von Flüchtlingen gingen, in deren Unterkünften begangen. 
Sie richten sich also nicht gegen Deutsche und waren teilweise der großen Enge und der langen Aufenthaltsdauer 
in Massenunterkünften geschuldet. Überdies ist ein Drittel der Asylsuchenden unter 30 Jahre. Junge Männer 
nehmen unabhängig von ihrer Nationalität stets einen führenden Platz in den Kriminalitätsstatistiken ein. Das gilt 
auch für die Urheber von Gewalt gegen Migranten. Und schließlich lebten 2016 durchschnittlich deutlich mehr 
Menschen in Deutschland als 2015. Damit stieg absolut die Kriminalität.

Zahl der Gewalttaten nimmt zu
Die Reaktionen auf den Bericht fallen deshalb unterschiedlich aus. Der innenpolitische Sprecher der CDU/CSU-
Bundestagsfraktion, Stephan Mayer, sagte der FR: ""Deutschland ist nach wie vor ein sicheres Land. Aber wir 
haben Veränderungen, die durchaus Besorgnis erregend sind. Und die feststellbare Zunahme bei den 
ausländischen Tatverdächtigen ist eine Tatsache, die man ernst nehmen muss - ohne dabei einen Generalverdacht 
zu erheben."" Natürlich sei dies nicht zuletzt auf die höhere Zuwanderung von Migranten und Flüchtlingen 
zurückzuführen. Und auch wenn ein Großteil der Straftaten in den Unterkünften stattfinde, betonte Mayer, so 
würden die Polizisten dadurch doch gleichermaßen gebunden.
Grüne klagt Regierung an
Die innenpolitische Sprecherin der Grünen-Bundestagsfraktion, Irene Mihalic, erklärte hingegen: ""Für mich ist 
dieser Anstieg nicht wirklich überraschend. Und die Bundesregierung muss sich fragen lassen, ob sie mit ihrem 
Kurs gegenüber Flüchtlingen nicht mehr Probleme schafft als sie vorgibt, lösen zu wollen."" Sie fügte hinzu: ""Junge 
Männer sind in den Statistiken immer führend. Und wenn man diese Männer ohne Perspektive und stabiles 
soziales Umfeld lässt, dann muss man sich nicht wundern.""
Die große Koalition müsse dringend den Zugang zum Arbeits- und Ausbildungsmarkt verbessern und den 
Familiennachzug wieder ermöglichen. Das würde helfen, der Kriminalität vorzubeugen. ""Die Bundesregierung 
handelt dem ständig zuwider.""
Graphic
 
Die Polizei registriert eine Zunahme von Körperverletzungen. imago"
2017-04,Main Corpus,2017-04(50).ZIP,Zauberwort Ausbildung.PDF,C:\PythonProjects\AfD-project\Corpora\Main Corpus\2017-04\raw_unarchive\Zauberwort Ausbildung.PDF,Zauberwort Ausbildung,zauberwort ausbildung,Frankfurter Rundschau,frankfurter rundschau,Dienstag 4. April 2017,,MEINUNG; S. 10,767,5679,0e4baad6185b9c99e5719921f8328b56f3e80a4e,,unique,keep,,no,,no,,,6539,yes,commentary_noncore,,,,"Von Jutta Roitsch
Von Tag zu Tag wird klarer, dass die Willkommenskultur zu Ende ist. Die Bundesregierung in Berlin wischt 
Erwartungen, endlich zu akzeptieren, dass Deutschland ein Einwanderungsland ist, mit Gesetzen und 
Verordnungen vom Tisch. Die Bescheide zur Abschiebung sind mit einer dreisten Leichtigkeit formuliert, die Kenner 
fassungslos machen. In diese Entwicklung greift (noch) die Rechtsprechung ein und korrigiert Behördenwillkür.
Subtiler geht es in einem anderen Sektor zu. Begrüßten einige Manager und ihre Interessenorganisationen noch 
vor zwei Jahren die jungen Geflüchteten als ihren heiß begehrten Fachkräftenachwuchs, so ist die Begeisterung 
längst erkaltet. Wer die Stellungnahmen aus Industrie, Wirtschaftsinstituten und Handwerk über eine mögliche 
Ausbildung für Geflüchtete zu lesen versteht, der erkennt den Rückzug, genauer die Rückzugslinie.
Hieß es noch vor nicht langer Zeit, die Jugendlichen mit Migrationshintergrund seien ""nicht ausbildungsreif"" und 
daher für die anspruchsvolle duale Ausbildung nicht geeignet, so hat die heutige Einstiegsbarriere das Kürzel B1. 
Die Zahl der angeblich nicht ausbildungsreifen Jugendlichen mit oder ohne Hauptschulabschluss schwankte 
zwischen einer Viertel und einer halben Million. Sie landeten in dem ""Übergangssystem"", in dem sich 
Bildungsträger höchst unterschiedlicher Qualität etabliert haben.
Mit jahrelanger (teurer) Verzögerung landeten nach seriösen Studien drei von vier Jugendlichen doch noch im 
dualen Ausbildungssystem: mit nachgeholten Schulabschlüssen, mit zumindest stabilerem Selbstwertgefühl und 
mit einem Willen, es sich, den einstigen Lehrern und Lehrerinnen und den Firmen, die sie nicht einmal zum 
Vorstellungsgespräch eingeladen hatten, zu zeigen. Für Gewerkschaften wie die Gewerkschaft Erziehung und 
Wissenschaft, aber auch den DGB, stand die Formel vom nicht ausbildungsreifen Jugendlichen für die Weigerung 
der Arbeitgeberseite, mehr Ausbildungsplätze zur Verfügung zu stellen.
Das Kürzel B1 schreckt bisher weder die GEW oder den DGB noch sonstige kritische Begleiter der Politik auf. Es 
wird übersehen, dass Industrie, Handel und Handwerk ihre möglichen Ausbildungsplätze für geflüchtete 
Jugendliche und junge Männer von diesem Kürzel abhängig machen. Dahinter verbirgt sich ein internationales, 
goetheinstitutsbasiertes Sprachniveau. Die Kenntnisse in der deutschen Sprache und Grammatik, die geprüft 
werden, sind umfangreich: irgendwo angesiedelt bei den Kenntnissen, die nach einer zehnjährigen Schulpflicht auf 
einer guten allgemeinbildenden Schule erwartet werden.

Zauberwort Ausbildung
Aus einer zweijährigen Erfahrung mit jungen Eritreern und Afghanen, die Kurse der Volkshochschule oder anderer 
Bildungsträger durchlaufen haben, lässt sich feststellen, dass viele an dem Test B1 im ersten Anlauf scheitern, 
obwohl sie sehr genau wissen, was das Zauberwort ""Ausbildung"" bedeutet. Wenn die jungen Männer (weniger die 
jungen Frauen) ein Wort in den langen Wartezeiten auf Asyl oder Duldung gelernt haben, dann ist es das Wort 
Ausbildung.
Eine konkrete Vorstellung, was das deutsche Berufsbildungsystem ausmacht und wie lange es dauert, haben 
weder die Afghanen noch die Eritreer. Unbekannt sind ihnen die Anforderungen, die Meister und Ausbilder von 
ihnen erwarten: Pünktlichkeit, Durchhaltevermögen und Zuverlässigkeit zum Beispiel. Aber sie wissen sehr wohl, 
dass dieses Zauberwort ihnen den Zugang zum deutschen Arbeitsmarkt öffnet. Und ihnen ein Bleiberecht von 
mindestens drei plus zwei Jahren einräumt, nämlich die Zeit der Lehre und einer kurzen Berufserfahrung. Die 
Afghanen klammern sich an diese Regelung, auch wenn sie nicht zu der Gruppe von Geflüchteten mit ""positiver 
Bleibeperspektive"" gehören.
Auf diese Gruppe aber konzentrieren sich die Angebote der Wirtschaft und des Handwerks. Selbst die 
umfangreichen Programme, die mit Geld und Engagement angestoßen worden sind, die ""Perspektiven für junge 
Flüchtlinge"" oder ""Wirtschaft integriert"" gelten nur für Geflüchtete aus sechs Ländern, nicht für die große Gruppe 
der Afghanen. Sie versuchen dennoch, die Barriere zu überwinden, nicht willkommen zu sein. Die Möglichkeiten, 
die ihnen geboten werden, halten sich in Grenzen. Der unsichere Status macht es Firmen und Betrieben auch nicht 
leicht, sich persönlich um die Ausbildungsbürokratie zu bemühen.
Die Erfahrungen in der Arbeit mit Flüchtlingen belegen: Vorwürfe an die Adresse der Geflüchteten, sie seien nur am 
schnellen Geld und nicht an der zukunftssicheren dualen Ausbildung interessiert, gehen an den Problemen vorbei. 
Die Mehrheit der Geflüchteten kennt diese Eintrittskarte, aber für sie wird ein hoher Preis verlangt, den sie in ein bis 
drei Jahren ihres Aufenthalts nicht bezahlen können.
Bei den Praktikern vor Ort scheint allmählich ein Umdenken einzusetzen. Die Wirtschaft beharrt auf B1, das heißt 
auf Sprachkenntnissen, die eine qualifizierte Ausbildung überhaupt ermöglichen. Aber der Weg bis dahin ist kein 
direkter. Die Umwege könnten über Lernwerkstätten oder Produktionsschulen laufen. Es gibt genug Initiativen, die 
in den geschmähten ""Warteschleifen"" mit Erfolg ausprobiert worden sind. Aber es gibt eine Bedingung: ein 
gesichertes, zeitlich berechenbares Bleiberecht, das nicht ausschließlich an eine Lehre geknüpft ist. Für eine 
solche Investition in die Zukunft der Geflüchteten sollte die politische Kraft doch noch reichen.
Jutta Roitsch , ehemalige Redakteurin der FR und Autorin, arbeitet seit zwei Jahren im Rahmen von ""Frankfurt hilft"" 
ehrenamtlich mit Geflüchteten.
Graphic
 
Die Politik hat dieWillkommenskultur beendet. Viele Firmen sind dem gefolgt - auf Kosten der Flüchtlinge."
