batch_id,corpus_name,source_archive,file_name,file_path,title_original,title_normalized,publication,publication_normalized,date,byline,section,word_count,body_char_count,body_hash_exact,duplicate_group_id,duplicate_category,keep_drop_review,drop_reason,kept_representative_of_group,representative_selection_reason,malformed_flag,malformed_reason,notes,raw_text_chars,low_value_flag,low_value_reason,exact_duplicate_group,near_duplicate_group,repeated_variant_group,body_text
2013-07,Main Corpus,2013-07(104).ZIP,_Die Polizei macht alles kaputt_ SOLIDARISCH Die Flüchtlinge im Berliner Camp arbeiten eng mit den M.PDF,C:\PythonProjects\AfD-project\Corpora\Main Corpus\2013-07\raw_unarchive\_Die Polizei macht alles kaputt_ SOLIDARISCH Die Flüchtlinge im Berliner Camp arbeiten eng mit den M.PDF,"""Die Polizei macht alles kaputt"" SOLIDARISCH Die Flüchtlinge im Berliner Camp arbeiten eng mit den",die polizei macht alles kaputt solidarisch die flüchtlinge im berliner camp arbeiten eng mit den,"taz, die tageszeitung",taz die tageszeitung,Montag 01. Juli 2013,SUSANNE MEMARNIA,THEMEN DES TAGES; S. 03,416,2955,3a5d202a936160a457819a19f526d57354aac237,,unique,keep,,no,,no,,,4184,no,,,,,"BERLIN taz Über den Zelten am Kreuzberger Oranienplatz liegt am Sonntagmittag fast idyllische Ruhe. Drei 
schwarzhäutige Männer sitzen auf den Lehnen einer Parkbank und unterhalten sich. Sonst ist niemand zu sehen 
von den rund 80 Flüchtlingen, die hier schon seit Oktober vorigen Jahres leben. Es ist zu früh, die meisten schlafen 
sicher noch , erklärt ein deutscher Unterstützer im Infozelt. Außerdem müssten sie zuerst mit ihren Leuten in 
München telefonieren, bevor sie etwas sagen können zu den Ereignissen dort.
Dass Berliner Aktivisten vor einigen Tagen zur Unterstützung in die bayerische Hauptstadt gefahren sind, 
überrascht nicht. Solidarität wird groß geschrieben unter den Flüchtlingen und ihren deutschen Unterstützern. Am 
Freitag demonstrierten rund 100 Menschen vor der Landesvertretung Bayerns.
Das Berliner Camp war von Beginn an ein überregionales Unterfangen. Gegründet nach einem Protestmarsch von 
Flüchtlingen aus ganz Deutschland in die Hauptstadt, wird es getragen von Menschen, zumeist Afrikanern, die in 
Asylbewerberheimen leben müssen, oft jahrelang, unter fragwürdigen Bedingungen und permanenter Angst vor 
Abschiebung. Wer sich dem Camp in Berlin angeschlossen hat, den haben Wut und Verzweiflung hergetrieben.
Handshake mit Politikern
Einer von ihnen ist Turgay, ein türkischer Journalist. Er ist seit Beginn bei den Protesten dabei und kennt auch die 
Münchner Hungerstreikenden. Sie sind mit uns nach Berlin gelaufen vor fast einem Jahr , erzählt er. Über die 
Räumung des Münchner Protestcamps ist er nicht überrascht: Die Polizei macht immer alles kaputt, auch hier. 
Der 40-Jährige meint den Hungerstreik der Berliner im vorigen Herbst: Knapp 20 Flüchtlinge, vor allem Iraner, 
campierten und hungerten wochenlang vor dem Brandenburger Tor in Sichtweite zum Bundestag. Politiker kamen 
zum Handshake, eine Abordnung der Flüchtlinge wurde im Innenausschuss empfangen. Mitte Dezember mussten 

""Die Polizei macht alles kaputt"" SOLIDARISCH Die Flüchtlinge im Berliner Camp arbeiten eng mit den 
Münchnern zusammen. Seit neun Monaten sind sie im Dauerprotes....
sie dennoch unverrichteter Dinge aufgeben: Die Polizei hatte ihnen trotz Eiseskälte und einsetzendem Schneefall 
Zelte und Decken weggenommen. Darauf besetzten die Flüchtlinge eine leerstehende Schule.
Seit neun Monaten dauert der Protest nun an. Nicht jeder kommt damit klar. Einmal tickte ein Campbewohner aus 
und stach einem anderen in den Rücken. Vor kurzem griff ein junger Deutschtürke einen Campbewohner mit dem 
Messer an. Der Mann habe sich provoziert gefühlt, als er mit dem Kinderwagen vorbeikam, so später die Polizei. 
Die Flüchtlinge hingegen sprachen von einer anlasslosen, rassistischen Tat.
Danach klagten Anwohner über Probleme mit dem Zeltlager. Der grüne Bezirksbürgermeister berief einen runden 
Tisch ein. Ergebnis: Ein Sanitärcontainer wird umgesetzt. Und: Das Camp soll bleiben. Mindestens bis zur 
Bundestagswahl.
SUSANNE MEMARNIA"
2013-07,Main Corpus,2013-07(104).ZIP,Abri kann vorerst bleiben FLÜCHTLINGE Der iranischen Student Ehsan Abri kann nun doch in Deutschland.PDF,C:\PythonProjects\AfD-project\Corpora\Main Corpus\2013-07\raw_unarchive\Abri kann vorerst bleiben FLÜCHTLINGE Der iranischen Student Ehsan Abri kann nun doch in Deutschland.PDF,Abri kann vorerst bleiben; FLÜCHTLINGE Der iranischen Student Ehsan Abri kann nun doch in Deutschland,abri kann vorerst bleiben flüchtlinge der iranischen student ehsan abri kann nun doch in deutschland,"taz, die tageszeitung",taz die tageszeitung,Mittwoch 24. Juli 2013,,NORD AKTUELL; S. 21,269,2049,24ea8765180fb99fde776e1771959b7d2143422f,,unique,keep,,no,,no,,,3335,no,,,,,"Das Bundesamt für Migration und Flüchtlinge verzichtet auf die Abschiebung des in Lübeck lebenden Flüchtlings 
Ehsan Abri nach Ungarn. Durch Anwendung des Selbsteintrittsrechts könne der Asylantrag des Iraners in 
Deutschland gestellt werden, teilte das Kieler Innenministerium am Dienstag mit.
Kurz zuvor hatte das Ministerium das Gegenteil vermeldet: Das Bundesamt für Migration und Flüchtlinge bestehe 
darauf, dass Abri nach Ungarn rücküberstellt werde. Innenstaatssekretär Bernd Küpperbusch (SPD) war nach 
eigenen Angaben nicht über die 180-Grad-Drehung des Bundesamtes informiert worden. Erst durch eine 
Stellungnahme des Flüchtlingsrats habe er von der neuen Lage erfahren.
Ehsan Abri ist nach eigener Darstellung homosexuell und Kommunist. Er war im Mai von der Bundespolizei 
kontrolliert und in Abschiebehaft geführt worden. Innenminister Breitner hatte vor einem Monat 
Bundesinnenminister Hans-Peter Friedrich (CSU) gebeten, sich für eine humanitäre Lösung einzusetzen. Friedrich 
hatte daraufhin die Überstellung von Abri nach Ungarn zunächst gestoppt und eine erneute Prüfung des 
Selbsteintritts zugesagt.
Das Bundesamt hatte nach Angaben Küpperbuschs am 17. Juli vorerst eine Ablehnung des Selbsteintrittsrechts 
kommuniziert. Die sogenannte Dublin-Verordnung gibt den Mitgliedstaaten die Möglichkeit, Asylanträge selbst zu 
prüfen, obwohl sie nach den regulären Kriterien der Verordnung eigentlich nicht zuständig sind. Für ein 
Selbsteintrittsrecht können familiäre, kulturelle oder andere humanitäre Gesichtspunkte sprechen.
 Ehsan Abri kann jetzt mit einer gewissen Berechtigung hoffen, als Asylbewerber in Deutschland anerkannt zu 
werden , sagte der Staatssekretär. Flüchtlingen aus dem Iran werde in Deutschland vielfach Schutz gewährt, 
entweder durch politisches Asyl, Gewährungen von Flüchtlingsschutz oder die Feststellung eines 
Abschiebeverbots. (epd)

Abri kann vorerst bleiben; FLÜCHTLINGE Der iranischen Student Ehsan Abri kann nun doch in Deutschland 
einen Asyl-Antrag stellen. Er saß schon in Haft und sollte...."
2013-07,Main Corpus,2013-07(104).ZIP,Aggressive Stimmung in Hellersdorf Am Dienstag wurde über die geplante Flüchtlingsunterkunft informi.PDF,C:\PythonProjects\AfD-project\Corpora\Main Corpus\2013-07\raw_unarchive\Aggressive Stimmung in Hellersdorf Am Dienstag wurde über die geplante Flüchtlingsunterkunft informi.PDF,Aggressive Stimmung in Hellersdorf Am Dienstag wurde über die geplante Flüchtlingsunterkunft informiert. Das,aggressive stimmung in hellersdorf am dienstag wurde über die geplante flüchtlingsunterkunft informiert das,Berliner Zeitung,berliner zeitung,Mittwoch 10. Juli 2013,Birgitt Eltzel,LOKALES; S. 19; Ausg. 158,622,4525,d03939787550cd347d5a935e1bb7a02dac4f0141,,unique,keep,,no,,no,,,6106,no,,,,,"Hellersdorf hat am Dienstagabend wieder einmal sein hässliches Gesicht gezeigt. Sprechchöre wie ""Nein zum 
Heim"", ""Volksverräter"" und ""Lügen, Lügen"" begleiteten eine Informationsveranstaltung zur Notunterkunft für 
Flüchtlinge, die dort nun entsteht. Zu den rund 800 Menschen, die nach Angaben der Polizei gekommen waren, 
gehörten etliche Neonazis, darunter der Berliner NPD-Chef Sebastian Schmittke. Sie heizten die ohnehin 
angespannte Stimmung sichtlich an. Aber auch die Antifa, der Bund der Verfolgten des Naziregimes sowie 
Vertreter von Flüchtlingsinitiativen und demokratischen Parteien nahmen an der rund anderthalbstündigen hitzigen 
Debatte teil. Auch Bundestagsvizepräsidentin Petra Pau (Linke) und Stefan Ziller, Bundestagskandidat der Grünen, 
waren gekommen. Die Polizei war mit 60 Beamten im Einsatz. Später gab es eine Spontandemonstration mit mehr 
als 100 Teilnehmern.
Erste Bauarbeiten am früheren Max-Reinhardt-Gymnasium in Hellersdorf haben schon begonnen. In dem seit 2008 
leer stehenden Schulgebäude an der Carola-Neher-Straße, das wegen sinkender Schülerzahlen aufgegeben 
wurde, will das Landesamt für Soziales (Lageso) ab Mitte Juli eine Notunterkunft für Flüchtlinge mit rund 200 
Plätzen einrichten. Nach dem Umbau des gesamten Komplexes soll dort in rund einem Jahr ein Heim für 
Asylbewerber und Flüchtlingsfamilien mit 400 Plätzen entstehen.
Weil absehbar war, dass viele Bürger kommen, hatte das Bezirksamt noch am Dienstagmorgen den 
Veranstaltungsort gewechselt. Statt im Evangelischen Gemeindezentrum an der Glauchauer Straße fand die 
Diskussion auf dem größeren Außengelände einer benachbarten Schule statt. Für 400 erwartete Teilnehmer 
wurden Sitzgelegenheiten geschaffen, doch es kam mehr als doppelt so viele Menschen. Denn die Stimmung im 
Kiez ist gereizt.
Kein Interesse an Argumenten
Zwar gibt es überall in Berlin, wo neue Flüchtlingsunterkünfte geplant werden, zunächst Vorbehalte und Ängste. 
Doch gegen die geplante Nutzung des Hellersdorfer Schulgebäudes wird besonders aggressiv gehetzt. Im Internet 
meldete sich eine anonyme Bürgerinitiative, die nach Einschätzung des Verfassungsschutzes von der NPD 
beeinflusst ist, zu Wort. Flugblätter mit rassistischem Inhalt wurden verbreitet. In den Plattenbauten hat die NPD, 
die mit zwei Verordneten im Bezirksparlament sitzt, bei den Berlin-Wahlen 2011 mehr als vier Prozent der Stimmen 

Aggressive Stimmung in Hellersdorf Am Dienstag wurde über die geplante Flüchtlingsunterkunft informiert. Das 
rief Neonazis auf den Plan
bekommen. Bis Dienstagabend hatten mehr als tausend Menschen die Facebook-Seite der Initiative mit der 
Forderung ""Nein zum Heim"" mit dem ""Gefällt mir""-Button versehen, teilweise gab es dort hetzerische Kommentare.
Das sollte sich am Dienstagabend fortsetzen, als Lageso-Präsident Franz Allert, Bürgermeister Stefan Komoß 
(SPD), Sozialstadträtin Dagmar Pohle (Linke) und ein Vertreter des Heimbetreibers die Pläne vorstellten. Die 
interessierten einen Teil der Erschienenen wenig, auch nicht die Erfahrungen aus anderen Bezirken. Immer wieder 
ertönten die ""Nein zum Heim""-Chöre. Als der Leiter des Polizeiabschnitts 61 berichtete, dass es im Bereich der 
Polizeidirektion 6 sieben Wohnheime für Ausländer und zwei Erstaufnahmestellen gibt, die ""sehr unauffällig"" seien, 
wurde dies mit Buhrufen quittiert. Dazu kam es auch, als Franz Allert darauf hinwies, dass die Gewährung von 
politischem Asyl eine im Grundgesetz verankerte Aufgabe sei. Selbst der Appell, dass es sich um Menschen 
handelt, die durch Kriege und Gewalt traumatisiert sind, fand kaum Gehör.
Wie einst in Rostock-Lichtenhagen
Stattdessen befürchteten Bürger Kriminalität, Schmutz und andere Belastungen für das Leben im Kiez. Beklagt 
wurde auch die schlechte soziale Lage in Deutschland, fehlende Kitaplätze, Arbeitslosigkeit und Hartz IV. Die 
Stimmung war so angespannt, dass Klaus-Jürgen Dahler, Bezirksverordneter der Linken, an die Ereignisse von 
Rostock-Lichtenhagen erinnerte. Dort kam es 1992 zu schweren Ausschreitungen gegen Asylbewerber, am denen 
sich mehrere Hundert teilweise rechtsextreme Randalierer beteiligten. Viele Zuschauer applaudierten.
Weil die Zahl der Flüchtlinge steigt, sollen in allen Bezirken Unterkünfte entstehen. Laut Senat kamen allein im Mai 
und Juni 925 Flüchtlinge nach Berlin, mehr als doppelt so viele wie im selben Zeitraum des Vorjahres. Mit fast 1200 
Menschen hat Lichtenberg die meisten Flüchtlinge aufgenommen. In Marzahn-Hellersdorf gibt es zurzeit zwei 
Heime mit 170 Plätzen."
2013-07,Main Corpus,2013-07(104).ZIP,Angst vor Pogrom gegen Tschetschenen  Ethnische Konflikte in Südrussland eskalieren.PDF,C:\PythonProjects\AfD-project\Corpora\Main Corpus\2013-07\raw_unarchive\Angst vor Pogrom gegen Tschetschenen  Ethnische Konflikte in Südrussland eskalieren.PDF,Angst vor Pogrom gegen Tschetschenen Ethnische Konflikte in Südrussland eskalieren,angst vor pogrom gegen tschetschenen ethnische konflikte in südrussland eskalieren,Berliner Zeitung,berliner zeitung,Mittwoch 10. Juli 2013,Christian Esch,POLITIK; S. 6; Ausg. 158,434,3214,b9b9455152f0852979e1b86a9e61cf7c0c7f146f,,unique,keep,,no,,no,,,4168,no,,,,,"Eine Messerstecherei in Südrussland ist fast zu einem Pogrom ausgeartet. Die russischen Behörden mussten 
Einwohner der Siedlung Pugatschow bei Saratow am Wochenende daran hindern, gegen Zuwanderer aus dem 
Kaukasus vorzugehen und ein von Muslimen besuchtes Café in Brand zu setzen. Die Lage sei unter Kontrolle, 
berichtete die Polizei am Dienstag.
Der Konflikt begann in der Nacht zu Sonnabend. Vor einem Café stach ein 16 Jahre alter Tschetschene den vier 
Jahre älteren Ruslan Marschanow nieder. Anlass war offenbar der Streit um ein Mädchen. Der ehemalige 
Fallschirmjäger Marschanow starb im Krankenhaus. Seine Beerdigung am Sonntag wuchs sich zu einer spontanen 
Demonstration von Freunden, Verwandten und Unbeteiligten aus. Die Polizei hielt Meldungen zufolge Hunderte 
Einwohner davon ab, sich auf die Jagd nach Zuwanderern aus dem Kaukasus zu machen. Auch am Montag kam 
es zu einer Demonstration. Dabei forderte die erzürnte Menge die Aussiedlung von Zuwanderern aus dem 
Nordkaukasus. Die Polizei verhinderte das Niederbrennen des von Muslimen besuchten Cafés ""Halal"", meldete die 
Agentur Interfax. Ebenso mussten die Einwohner an der Sperrung einer Bundesstraße gehindert werden.
Den Gouverneur niedergebrüllt
Wie ernst die Behörden den aufflammenden Unmut der Pugatschower nehmen, zeigt ihre Reaktion: So besuchte 
der Gouverneur des Saratower Gebiets persönlich die Siedlung, um die Einwohner zu beschwichtigen. Ebenso war 
der Polizeichef des Gebiets am Ort, und die Ermittlungen zu der Messerstecherei sollen von Beamten aus der 
Hauptstadt Moskau geführt werden. Der Täter ist gefasst und geständig.
Videoaufnahmen der Nachrichtenagentur Ria Nowosti und der Boulevardzeitung Komsomolskaja Prawda zeigen 
den Streit zwischen Behördenvertretern und Einwohnern. ""Aussiedeln, aussiedeln!"", skandiert die Menge und 
überschreit dabei den Rajon-Chef. Ein Vertreter der Staatsanwaltschaft verweist darauf, dass es doch örtliche 
Tschetschenen gewesen seien, die den Täter gefasst und der Polizei ausgeliefert hätten. Einwohner beklagen sich, 
dass Kaukasier schon mehrfach an Messerstechereien beteiligt gewesen sein.
Opfer war Sohn eines Tataren

Angst vor Pogrom gegen Tschetschenen Ethnische Konflikte in Südrussland eskalieren
Von der Tat distanzierte sich Tschetscheniens Oberhaupt Ramsan Kadyrow. Der Vertreter Tschetscheniens im 
Föderalbezirk Wolgagebiet sagte, dass der ursprüngliche Streit nichts mit dem ethnischen Hintergrund der 
Beteiligten zu tun habe. Dem Internetmedium Kawpolit zufolge war das Opfer der Messerstecherei selbst Sohn 
eines Tataren und von Kind auf mit örtlichen Tschetschenen befreundet. Diese brachten ihn auch ins Krankenhaus.
Alltagsgewalt unter Beteiligung von Angehörigen nordkaukasischer Ethnien ist in Russland seit längerem ein viel 
diskutiertes und politisch brisantes Thema - schließlich gehört der Nordkaukasus zu Russland. Wie schnell sich 
einzelne Gewalttaten zu einem Flächenbrand ausweiten können, zeigte vor sieben Jahren das Beispiel in 
Kondopoga, einer Kleinstadt in der nordrussischen Provinz Karelien. Damals hatte die Ermordung zweier Männer 
durch tschetschenische Schläger in einem Restaurant tagelange Ausschreitungen in der Stadt zur Folge."
2013-07,Main Corpus,2013-07(104).ZIP,Asyl und Rechtsstaat Die Behörden reagierten besonnen im Fall der Münchener Flüchtlinge.PDF,C:\PythonProjects\AfD-project\Corpora\Main Corpus\2013-07\raw_unarchive\Asyl und Rechtsstaat Die Behörden reagierten besonnen im Fall der Münchener Flüchtlinge.PDF,Asyl und Rechtsstaat Die Behörden reagierten besonnen im Fall der Münchener Flüchtlinge,asyl und rechtsstaat die behörden reagierten besonnen im fall der münchener flüchtlinge,Die Welt,die welt,Montag 1. Juli 2013,Jacques Schuster,FORUM; Kommentar; S. 3; Ausg. 150,277,1956,9e5663b3b167de8c46e37060e37dc8480a82d397,,unique,drop,commentary_noncore,no,,no,,,2923,yes,commentary_noncore,,,,"Das Asylrecht ist religiösen Ursprungs. Darüber hinaus besitzt es in Deutschland ein besonderes Gewicht. Es 
waren die vielen Verfolgungs- und Vertreibungsschicksale während der Zeit des Dritten Reichs, die dazu führten, 
dass die Väter und Mütter des Grundgesetzes das Recht politisch, rassisch und religiös Verfolgter auf Asyl zu 
einem Grundrecht erhoben. Auch aus diesem Grund darf man den Münchener Behörden glauben, wenn sie 
hervorheben, wie schwer es ihnen gefallen ist, das Lager der 44 Flüchtlinge durch die Polizei räumen zu lassen.
Im Falle der 44 Afghanen, Iraner, Syrer und Äthiopier dürfen sämtliche Beobachter zudem davon ausgehen: Jeder 
der Flüchtlinge wird eine schwere, von Not, Trübsal und Terror geprägte Lebensgeschichte erzählen können. Für 
sie also muss gelten: Im Zweifel für den Emigranten.
Das besonnene Zusammenspiel zwischen Münchener Oberbürgermeister und bayerischem Ministerpräsidenten 
verweist darauf, dass eben diese Behutsamkeit im Falle der 44 Verzweifelten trotz des Vorwahlkampfes durchaus 
vorhanden war. Die Versuche, überparteilich zu vermitteln, belegt diese Tatsache. Sowohl Hans-Jochen Vogel von 
der SPD als auch Alois Glück von der CSU sind in der Lage, die Dimension dieserart Tragödien zu erfassen und 
sie nach politischen, rechtlichen und menschlichen Ermessen zumindest zu mildern.
Dass sie scheiterten, liegt nicht am Starrsinn des Staates, sondern an der ideologischen Verbohrtheit jener 
Flüchtlingsorganisationen und selbsternannter Helfer, die am Rindermarkt meinten, das Schicksal der 44 
Hungernden zu einem Kampf gegen das „Schweinesystem"" verwandeln zu können. Sie sollten sich fragen, was 
ihnen ein Menschenleben wert ist. Und die Emigranten? Trotz aller Widrigkeiten, die sie erlebt haben, konnten sie 
nicht ernsthaft glauben, ihr Bleiberecht durch einen Hungerstreik erpressen zu können. Der Staat hat die Pflicht, 
jeden Fall einzeln zu prüfen. So ist es nun einmal in einem Rechtsstaat."
2013-07,Main Corpus,2013-07(104).ZIP,Asyl_ Gibt's nur in der Notaufnahme FLÜCHTLINGE Hungerstreik zwangsweise beendet_ Polizei räumt Zelt.PDF,C:\PythonProjects\AfD-project\Corpora\Main Corpus\2013-07\raw_unarchive\Asyl_ Gibt's nur in der Notaufnahme FLÜCHTLINGE Hungerstreik zwangsweise beendet_ Polizei räumt Zelt.PDF,Asyl? Gibt's nur in der Notaufnahme; FLÜCHTLINGE Hungerstreik zwangsweise beendet: Polizei räumt,asyl gibts nur in der notaufnahme flüchtlinge hungerstreik zwangsweise beendet polizei räumt,"taz, die tageszeitung",taz die tageszeitung,Montag 01. Juli 2013,MAHA,SEITE 1; S. 01,295,2236,e5bddd3306adee0491495775c35a191a09994a4f,,unique,keep,,no,,no,,,3715,no,,,,,"MÜNCHEN taz Der Hunger- und Durststreik von Asylsuchenden auf dem Münchner Rindermarkt ist beendet. Die 
Polizei räumte das Camp, das die Streikenden notdürftig errichtet hatten, am frühen Sonntagmorgen. Die zum 
Schluss noch verbliebenen 44 stark dehydrierten Flüchtlinge wurden in Krankenhäuser gebracht, konnten diese 
aber im Laufe des Tages zum Teil wieder verlassen. Sie würden nun wie Wohnungslose behandelt und in 
städtischen Apartments, Pensionen und Notunterkünften untergebracht, sagte Münchens Sozialreferentin Brigitte 
Meier (SPD).
Die Asylsuchenden hatten gefordert, dass allen im Camp befindlichen Personen ohne Prüfung Asyl gewährt wird. 
Das war eine rechtlich unmögliche Forderung , sagte der Münchner Oberbürgermeister Christian Ude (SPD). Man 
habe das von der Verfassung gewährte Demonstrationsrecht sehr ernst genommen. Es sei den Hungerstreikenden 
aber nicht um humanitäre oder soziale Verbesserungen gegangen, über die man hätte reden können . Wie die 
Stadt mitteilte, befanden sich unter den Streikenden nur drei Asylsuchende aus Oberbayern. Die anderen seien aus 
anderen bayerischen Bezirken angereist. Die Flüchtlinge hatten seit über einer Woche die Nahrungsaufnahme 
abgelehnt. Seit Dienstag weigerten sie sich auch zu trinken.
Ashkan Khorasani, der die Verhandlungen im Namen der Streikenden leitete, wurde wegen Verstoßes gegen das 
Versammlungsrecht festgenommen. Die Staatsanwaltschaft prüfe, ob der Strafantrag gegen den in Berlin lebenden 
Iraner erweitert werde, sagte Bayerns Innenminister Joachim Hermann (CSU). Zwölf Unterstützer der 
Asylsuchenden, die versuchten, die Räumung mit Sitzblockaden zu verhindern, wurden festgenommen. Bis auf 
zwei waren alle am Sonntagmittag wieder frei.

Asyl? Gibt's nur in der Notaufnahme; FLÜCHTLINGE Hungerstreik zwangsweise beendet: Polizei räumt 
Zeltlager in der Münchner Innenstadt, bringt 44 Asylsuchende in....
 Wir dürfen jetzt nicht zur Tagesordnung übergehen , sagte der evangelische Landesbischof Heinrich Bedford-
Strohm. Die Politik müsse dafür sorgen, dass Asylsuchende menschenwürdig untergebracht werden und ein faires 
Asylverfahren bekommen.
Auch in Berlin und Hamburg kämpfen Flüchtlinge derzeit für mehr Rechte. MAHA
Schwerpunkt SEITE 3"
2013-07,Main Corpus,2013-07(104).ZIP,Asylbewerber in München Polizei löst Hungercamp auf.PDF,C:\PythonProjects\AfD-project\Corpora\Main Corpus\2013-07\raw_unarchive\Asylbewerber in München Polizei löst Hungercamp auf.PDF,Asylbewerber in München Polizei löst Hungercamp auf,asylbewerber in münchen polizei löst hungercamp auf,Die Welt,die welt,Montag 1. Juli 2013,,POLITIK; Kompakt; S. 5; Ausg. 150,189,1365,a81d48e8f40949ababfc18b658d9d6f6b57bc16d,,unique,keep,,no,,no,,,2163,no,,,,,"Ein Camp von knapp 50 Asylsuchenden im Hunger- und Durststreik ist am Sonntag in München von der Polizei 
aufgelöst worden. 44 der zum Teil stark geschwächten Menschen wurden in zwölf Krankenhäuser gebracht, wie ein 
Sprecher der Stadt mitteilte. Es habe konkrete, unmittelbare Lebensgefahr bestanden. Ein Mensch habe bereits 
wiederbelebt werden müssen, mehrere Personen hätten schon im Koma gelegen, berichtete Oberbürgermeister 
Christian Ude. Der Rechtsstaat hat sich nicht erpressen lassen, äußerte Sozialministerin Christine Haderthauer 
(CSU). Die Asylbewerber aus mehreren asiatischen und afrikanischen Staaten hatten die sofortige Anerkennung 
ihrer Asylanträge erzwingen wollen. Sie hatten seit sieben Tagen gehungert und seit Dienstag auch gedurstet. Die 
Folgen seien einkalkuliert, so ihr Sprecher: „Wenn es Tote gibt - womit auch er rechnet - , dann ist eben die Politik 
in Deutschland daran schuld."" Zuletzt war ein Vermittlungsversuch der Ex-Politiker Hans-Jochen Vogel (SPD) und 
Alois Glück (CSU, Foto) gescheitert. Sie hatten eine schnelle Prüfung der Asylanträge in Aussicht gestellt, dies 
schlägt nun auch das Bundesamt für Migration und Flüchtlinge vor. Die Betroffenen dringen aber auf ein 
Aufenthaltsrecht. Bei der Räumung des Camps wurden 13 Menschen vorläufig festgenommen.
 Kommentar Seite 3
Graphic
 
dpa/Andreas Gebert
Andreas Gebert"
2013-07,Main Corpus,2013-07(104).ZIP,Asylgesetz_ CDU fordert mehr Geld für Kommunen.PDF,C:\PythonProjects\AfD-project\Corpora\Main Corpus\2013-07\raw_unarchive\Asylgesetz_ CDU fordert mehr Geld für Kommunen.PDF,Asylgesetz: CDU fordert mehr Geld für Kommunen,asylgesetz cdu fordert mehr geld für kommunen,Südwest Presse,südwest presse,Samstag 20. Juli 2013,,Südwestumschau; S. 5,265,1940,517a4b8f613945b3f3f7c2de2b013f0af2a76e1b,,unique,keep,,no,,no,,,2940,no,,,,,"Eine Erhöhung der Wohnfläche für Flüchtlinge von 4,5 auf sieben Quadratmeter, Bar- statt Sachleistungen und eine 
bessere soziale Betreuung: Die Kernpunkte des neuen Flüchtlings-Aufnahmegesetzes des Landes, das 
Integrationsministerin Bilkay Öney (SPD) am Dienstag dem Kabinett vorlegt, stoßen im Landtag auf breite 
Zustimmung. ""Wir begrüßen das Gesetz und hoffen, dass es nun zügig durch das Verfahren geht, damit es zum 1. 
Januar 2014 in Kraft treten kann"", sagte der Integrationsexperte des grünen Koalitionspartners, der Tübinger 
Abgeordnete Daniel Lede Abal. Damit würden alle Neuregelungen ab 2014 gelten. Nur für die Ausweitung der 
Wohnfläche gilt eine Übergangsfrist bis 2016.
Die zentralen Forderungen der Grünen fänden sich im Gesetz wieder, sagte Lede Abal. Indem es die 
Unterbringung auf Wohnungen ausweite, die soziale Betreuung verbessere und ein spezielles Augenmerk auf 
traumatisierte Flüchtlinge lege, werde die soziale Isolation der Asylbewerber endlich aufgebrochen.
Auch die Opposition signalisierte Zustimmung, verband sie jedoch mit Kritik. ""Grundsätzlich sind wir offen für 
Verbesserungen bei den Lebensbedingungen für Flüchtlinge"", sagte der integrationspolitische Sprecher der CDU, 
Bernhard Lasotta. Im Landesetat müssten dann aber auch ausreichend Mittel für die Stadt- und Landkreise 
bereitstehen. ""Das ist bisher nicht der Fall.""
Zurückhaltend reagierte FDP-Fraktionschef Hans-Ulrich Rülke. ""Es wird höchste Zeit, dass Frau Öney etwas 
vorlegt. Bisher hat sie wenig geleistet"", sagte der Liberale. ""Inhaltlich können wir im Grundsatz mitgehen."" Aber 
bevor seine Fraktion den Entwurf wirklich bewerten könne, müsse sie ihn erst noch genau prüfen.
Das Integrationsministerium kündigte derweil an, die Flüchtlingsunterkünfte im Main-Tauber-Kreis in Augenschein 
nehmen zu wollen. Seit Tagen demonstrieren in Stuttgart nahe dem Ministerium Dutzende Asylbewerber aus dem 
Kreis gegen ihre Lebensbedingungen."
2013-07,Main Corpus,2013-07(104).ZIP,ASYLRECHT Residenzpflicht und Arbeitsverbot.PDF,C:\PythonProjects\AfD-project\Corpora\Main Corpus\2013-07\raw_unarchive\ASYLRECHT Residenzpflicht und Arbeitsverbot.PDF,ASYLRECHT Residenzpflicht und Arbeitsverbot,asylrecht residenzpflicht und arbeitsverbot,Berliner Zeitung,berliner zeitung,Donnerstag 11. Juli 2013,Steffen Hebestreit,POLITIK; S. 2; Ausg. 159,391,2907,6f758119bba367a06ff5fbb425292f8e122e0c92,,unique,keep,,no,,no,,,3605,no,,,,,"In Artikel 47 des Asylverfahrensgesetzes ist geregelt, dass Asylbewerber für die Dauer von mindestens sechs 
Wochen, längstens aber für drei Monate in den zuständigen Aufnahmeeinrichtungen wohnen müssen. Das 
Bundesamt für Migration und Flüchtlinge verteilt die in Deutschland gelandeten Flüchtlinge und Asylbewerber auf 
die Bundesländer. Diese müssen geeignete Sammelunterkünfte bereithalten.
Solange die Betroffenen in den Aufnahmeeinrichtungen wohnen, müssen sie für Behörden und Gerichte erreichbar 
sein. Nach dieser Zeit sollen sie bis zur Entscheidung ihres Asylgesuchs laut Gesetz ""in der Regel in 
Gemeinschaftsunterkünften untergebracht werden"". Diese müssen sich im Verwaltungsbezirk der zuständigen 
Ausländerbehörde befinden. Diesen Bezirk dürfen die Asylbewerber in vielen Bundesländern nicht verlassen, das 
ist die sogenannte Residenzpflicht.
Asylbewerber können in dieser Zeit legal kein Geld verdienen. Stattdessen haben sie Anrecht auf Sozialleistungen, 
die vorwiegend durch Sachleistungen abgedeckt werden. Da ein Asylverfahren 15 bis 20 Monate dauern kann, 
sieht das Gesetz eine Härtefallregelung vor, nach der Asylbewerber, die sich länger als ein Jahr in Deutschland 
aufhalten, mit Erlaubnis der Arbeitsagentur eine Tätigkeit aufnehmen können.
Seit CDU/CSU, FDP, SPD und Grüne das Asylrecht im Jahr 1993 massiv verschärft haben, ist die Zahl der 
Asylbewerber stark zurückgegangen. Asylsuchende, die auf dem Landweg einreisen, kommen per Definition aus 
einem sicheren Drittland und können nach dem Schengener Abkommen dorthin abgeschoben werden. Die 
Auswirkungen dieser Regelung sind spürbar. Im Jahr 1992 verzeichneten die Behörden 438000 Asylanträge, im 
vorigen Jahr waren es knapp 65000.
Allerdings bedeutete dies 2012 einen Anstieg von fast 50Prozent gegenüber den Vorjahren, was vor allem auf eine 
wachsende Zahl von Gesuchen aus Serbien und Mazedonien zurückzuführen ist. Dort beheimatete Roma 
versuchten in großem Maße, hier Asyl zu erhalten. Ihre Anerkennungsquote liegt bei null. Insgesamt werden 
weniger als zwei Prozent aller Asylanträge anerkannt. In diesem Jahr liegt die Zahl der Anträge deutlich über dem 
Vorjahr, weil mehr Flüchtlinge aus Afghanistan und Syrien eintreffen.
Neben dem Asylantenstatus gibt es den Flüchtlingsstatus, der etwas weniger strikte Voraussetzungen hat. Früher 
erhielten anerkannte Flüchtlinge nur eine befristete Aufenthaltsbefugnis, inzwischen bekommen sie eine 
unbefristete.

ASYLRECHT Residenzpflicht und Arbeitsverbot
Bei der Ablehnung eines Antrags kann es Gründe geben, die eine Abschiebung des Betroffenen in seine Heimat 
verhindern, etwa weil dort Bürgerkrieg herrscht oder weil er Repressionen befürchten muss. Das Gesetz hat dafür 
den Begriff des ""geduldeten Aufenthalts"". Dabei liegt es im Ermessen der Behörden, einem Betroffenen, der sich 
länger als ein Jahr legal in Deutschland aufhält, zu gestatten zu arbeiten."
2013-07,Main Corpus,2013-07(104).ZIP,Auf Tragen fixiert ins Krankenhaus GERÄUMT Der Hunger- und Durststreik der Asylsuchenden aus dem Ira.PDF,C:\PythonProjects\AfD-project\Corpora\Main Corpus\2013-07\raw_unarchive\Auf Tragen fixiert ins Krankenhaus GERÄUMT Der Hunger- und Durststreik der Asylsuchenden aus dem Ira.PDF,"Auf Tragen fixiert ins Krankenhaus; GERÄUMT Der Hunger- und Durststreik der Asylsuchenden aus dem Iran,",auf tragen fixiert ins krankenhaus geräumt der hunger und durststreik der asylsuchenden aus dem iran,"taz, die tageszeitung",taz die tageszeitung,Montag 01. Juli 2013,MARLENE HALSER,THEMEN DES TAGES; S. 03,594,4398,9cd5430864670f6b467e2b55b4b3ae2c9dbf8be6,,unique,keep,,no,,no,,,6330,no,,,,,"AUS MÜNCHEN MARLENE HALSER
 Akute Räumungsgefahr am Rindermarkt! Feuerwehr, Rettungswägen und Lkws mit Betten sammeln sich an der 
Theresienwiese! Bitte sofort kommen , hatten die Unterstützer von Refugee Tent Action gegen vier Uhr morgens 
noch auf Facebook gepostet. Eine Stunde später war es so weit: 350 Polizisten rückten an, um das 
Flüchtlingscamp in Münchens Innenstadt zu räumen.
Darunter waren auch Beamte des Unterstützungskommandos (USK), das für Einsätze mit besonderem 
Gefährdungspotenzial bestimmt ist. Wir haben den Versammlungsort schlagartig umstellt , so Münchens 
Polizeivizepräsident Robert Kopp nach der Aktion. Dann habe man den Rettungskräften schnellstmöglich Zugang 
verschafft.
Damit war der Hunger- und Durststreik der zuletzt noch 44 Asylsuchenden aus dem Iran, Afghanistan, Äthiopien, 
Syrien und Sierra Leone beendet. Seit mehr als sieben Tagen hatten sie nichts gegessen und seit fünf auch nichts 
mehr getrunken. Die stark geschwächten Menschen wurden ins Krankenhaus gebracht zum Teil gegen ihren 
Willen. Einige wurden von Polizei und Rettungskräften auf Tragen fixiert, wie Augenzeugen berichteten.
Begonnen hatte die Aktion am Samstag vor einer Woche. Nach einer Demo gegen Bayerns Flüchtlingspolitik ließen 
sich etwa einhundert Demonstranten auf dem nur wenige hundert Meter vom Marienplatz entfernten Rindermarkt 
nieder und traten in Hungerstreik. Gemeinsam mit UnterstützerInnen errichteten sie ein Zeltlager. Ihr Ziel: 
Anerkennung aller Asylsuchenden als politisch Geflüchtete und einen Stopp aller Abschiebungen.

Auf Tragen fixiert ins Krankenhaus; GERÄUMT Der Hunger- und Durststreik der Asylsuchenden aus dem Iran, 
Afghanis-tan, Äthiopien, Syri-en und Sierra Leone auf de....
Als die ersten Streikenden in der Nacht zum Mittwoch wegen Dehydrierung kollabierten und per Rettungswagen ins 
Krankenhaus transportiert werden mussten, initiierte die Regierung von Oberbayern im Auftrag des 
Sozialministeriums einen runden Tisch . Dort bot das Bundesamt für Migration und Flüchtlinge (BAMF) an, die 
Asylverfahren zu beschleunigen und die Anträge aller Streikenden binnen zwei Wochen zu bearbeiten jedoch 
ohne Garantie auf einen positiven Bescheid.
Weil sich im Camp auch Flüchtlinge befanden, deren Asylanträge bereits abgelehnt waren, gingen die Streikenden 
nicht auf das Angebot ein. Diesmal werden die Flüchtlinge den Protest so lange aufrechterhalten, bis ihre 
Forderungen erfüllt sind , so deren Sprecher zur taz. Diese Forderung hielt er bis zu seiner Festnahme am 
Sonntagmorgen aufrecht.
Auf dem Rindermarkt spielten sich dramatische Szenen ab. Immer wieder mussten dehydrierte Asylsuchende von 
den Rettungskräften auf Baren gehievt und zum Krankenwagen gebracht werden. Bis zum Sonntag waren nach 
Angaben der Stadt 21 Menschen kollabiert, einige sogar mehrmals, weil sie nach wenigen Stunden in 
medizinischer Behandlung wieder ins Camp zurückgekehrt waren, um den Streik fortzusetzen. Ein Mann erlitt einen 
Herzstillstand und musste reanimiert werden. Zudem kam es immer wieder zu lautstarken Diskussionen zwischen 
Unterstützern und Passanten, die ihre rassistischen Ansichten unverhohlen und lautstark zum Ausdruck brachten 
und die Streikenden als Kanaken und Neger beschimpften.
Am Freitagabend schließlich berief Münchens Oberbürgermeister Christian Ude einen Stab für außergewöhnliche 
Ereignisse (SAE) ein. Am Samstag verständigten sich Bayerns Regierung und die Stadt München zudem auf einen 
erneuten Vermittlungsversuch: Der frühere SPD-Vorsitzende Hans-Jochen Vogel und Ex-CSU-Politiker Alois Glück 
besuchten das Zeltlager und führten anschließend im nahe gelegenen Stadtmuseum ein Gespräch mit zwei 
Anwälten und dem Flüchtlingssprecher.
 Das war eine Lachnummer , so Alexander Thal vom Bayerischen Flüchtlingsrat, da kamen zwei respektable alte 
Männer ohne Verhandlungsmandat. Sie forderten, die Flüchtlinge sollten den Streik sofort beenden dann könne 
man über die Bedingungen verhandeln, unter denen Asylbewerber in Bayern leben müssen. Wieder lehnten die 
Streikenden ab.
Weil der Sprecher der Flüchtlinge den Rettungskräften den Zugang zu den Hungernden verwehrte, ließ das 
Kreisverwaltungsreferat die Versammlung verbieten. Als weder Unterstützer noch Streikende Anstalten machten, 
das Camp abzubrechen, begann die Polizei mit der Räumung.
Immer wieder beschimpften Passanten die Streikenden als Kanaken und Neger"
2013-07,Main Corpus,2013-07(104).ZIP,Bayern entschärft seine Asyl-Verordnung.PDF,C:\PythonProjects\AfD-project\Corpora\Main Corpus\2013-07\raw_unarchive\Bayern entschärft seine Asyl-Verordnung.PDF,Bayern entschärft seine Asyl-Verordnung,bayern entschärft seine asylverordnung,Die Welt,die welt,Dienstag 23. Juli 2013,,POLITIK; S. 5; Ausg. 169,167,1249,24af4d7e7deaf96762bd1893698367d9a76440ba,,unique,keep,,no,,no,,,1927,no,,,,,"In der letzten Sitzung des Bayerischen Landtags vor den Wahlen im September haben CSU und FDP in der 
vergangenen Woche einen symbolischen Kurswechsel in der Asylpolitik vollzogen. Die beiden 
Regierungsfraktionen „begrüßen"" in einem Dringlichkeitsantrag die Streichung eines Halbsatzes aus der 
Asyldurchführungsverordnung: dass die Unterbringung der Asylbewerber „die Bereitschaft zur Rückkehr in das 
Heimatland fördern"" soll. Diese Formulierung diente nach Einschätzung der Kritiker der Abschreckung und trug zu 
Missständen in den Unterkünften bei. Daher gab die SPD in der Landtagsdebatte der CSU eine Mitschuld an dem 
Hungerstreik-Camp von Asylbewerbern Anfang Juli in München. Bayerns Innenminister Joachim Herrmann (CSU) 
forderte am Samstag außerdem eine schnellere Bearbeitung von Asylanträgen. „Die lange Wartezeit verschlechtert 
die Situation für alle"", kritisierte er. „Wer bleiben darf und wer nicht, sollte deshalb spätestens nach sechs Monaten 
feststehen. Die durchschnittliche Bearbeitungszeit eines Asylantrags beträgt aber derzeit mehr als acht Monate."" 
Der Bund müsse jetzt dringend handeln, damit auch die rund 68 Prozent der Asylbewerber, die nicht anerkannt 
würden, rasch in ihre Heimatländer rückgeführt werden könnten."
2013-07,Main Corpus,2013-07(104).ZIP,Berlin braucht 1000 neue Plätze für Flüchtlinge Rund 5000 Asylbewerber werden in diesem Jahr insgesa.PDF,C:\PythonProjects\AfD-project\Corpora\Main Corpus\2013-07\raw_unarchive\Berlin braucht 1000 neue Plätze für Flüchtlinge Rund 5000 Asylbewerber werden in diesem Jahr insgesa.PDF,Berlin braucht 1000 neue Plätze für Flüchtlinge Rund 5000 Asylbewerber werden in diesem Jahr insgesamt in,berlin braucht 1000 neue plätze für flüchtlinge rund 5000 asylbewerber werden in diesem jahr insgesamt in,Der Tagesspiegel,der tagesspiegel,Donnerstag 18. Juli 2013,Hannes Heine,BERLIN; S. 7; Ausg. 21751,535,3845,6a808e9bd65a3f8e5eb1b6dcc759d0cbfd2e172c,,unique,keep,,no,,no,,,5460,no,,,,,"Angesichts von Kriegen, Diskriminierung und Armut fliehen immer mehr Menschen nach Deutschland - und 
besonders viele kommen zunächst in Berlin an. Für die Dauer eines Asylverfahrens bleiben gemäß einer 
Bundesregelung aber nur fünf Prozent aller Flüchtlinge in der Stadt. Vergangenes Jahr nahm Berlin demnach 3518 
Asylbewerber auf, in diesem Jahr werden insgesamt 5000 Männer, Frauen und Kinder kommen - das bedeutet 
rund 2500 Neuankömmlinge in den kommenden Monaten. Dies teilten Sozialsenator Mario Czaja (CDU) und das 
Landesamt für Gesundheit und Soziales (Lageso) am Mittwoch mit.
Hintergrund sind Zahlen des Bundesamtes für Migration und Flüchtlinge, das erstmals eine Prognose für 2013 
bekannt gab: Rund 100 000 Menschen werden bis Jahresende nach Deutschland geflohen sein. Ursachen sind der 
Tschetschenien-Konflikt - 21 Prozent der Flüchtlinge in Berlin kamen 2012 aus Russland -, die Lage der Roma auf 
dem Balkan, die Kämpfe in Syrien und Afghanistan.
Insgesamt leben 14 000 Menschen in Berlin, die Hilfe nach dem Asylbewerberleistungsgesetz beziehen, viele 
davon in Wohnungen, was wegen des angespannten Marktes aber schwierig ist. Lageso-Chef Franz Allert zufolge 
werden in den nächsten Monaten 1000 neue Plätze benötigt - auch Notunterkünfte, die kurzfristig eingerichtet 
werden.
In der Späthstraße in Neukölln-Britz wird demnächst ein altes Möbelhaus zur Flüchtlingsunterkunft umgebaut. 
Beobachter weisen darauf hin, dass es gerade in Britz immer wieder Angriffe junger Rechtsradikaler auf 
vermeintliche Linke gegeben hat. Die NPD ist dort propagandistisch besonders aktiv. Wie berichtet, hatte eine neue 
Notunterkunft in Hellersdorf heftigen Streit ausgelöst. Vergangene Woche war es dort auf einer 
Bürgerversammlung zum Eklat gekommen, als Rechtsradikale das Wort ergriffen. Marzahn-Hellersdorf ist einer der 
Bezirke, die wenig Flüchtlinge aufgenommen haben. Selbst wenn die eingeplanten 200 Frauen, Männer und Kinder 
bald in das alte Schulgebäude einziehen, beherbergt der Bezirk nur rund fünf Prozent aller Berliner Asylbewerber. 
Angesichts befürchteter Übergriffe fordert der Flüchtlingsrat ein Sicherheitskonzept. Allert wies darauf hin, dass alle 

Berlin braucht 1000 neue Plätze für Flüchtlinge Rund 5000 Asylbewerber werden in diesem Jahr insgesamt in 
der Stadt ankommen, deutlich mehr als im Vorjahr. Es f....
Unterkünfte häufiger von Polizeistreifen angefahren und Sicherheitsdienste verstärkt würden. Um den Anwohnern 
""berechtigte Sorgen und Ängste"" zu nehmen, sagte Senator Czaja wiederholt, es werde Treffen mit Anwohnern, 
Wohnungsbaugesellschaften und Hilfsorganisationen geben. Die Stadt brauche eine Debatte, räumte er ein, die 
man aber zunehmend führe. Die Informationspolitik verteidigte Czaja jedoch: Die Ankunft von Flüchtlingen sei kaum 
planbar, Anwohner würden so früh wie möglich informiert.
Wegen Flüchtlingsheimen hatte es nicht nur mit Anwohnern, sondern auch mit den Bezirken viel Streit gegeben. 
Seit Czajas Amtsantritt 2011 blockierten einige Stadträte die Einrichtung von Heimen. ""Inzwischen führen wir 
konstruktive Gespräche"", sagte Czaja. ""Doch niemand kann sich zurücklehnen."" Von einer ausgeglichenen 
Verteilung kann keine Rede sein: In Steglitz-Zehlendorf sind 2,4 Prozent der Flüchtlinge untergebracht, in Spandau 
12,2 Prozent.
Immer wieder ist in den Bezirken und im Senat vor allem über Roma diskutiert worden, 25 000 sollen in der Stadt 
leben. Viele von ihnen sind keine Asylbewerber. Sie kommen aus den EU-Ländern Bulgarien und Rumänien und 
dürfen einreisen. Am Dienstag hatte der Senat als erstes Bundesland einen Aktionsplan verabschiedet. Demnach 
sollen unter anderem Roma-Kinder in speziellen Gruppen Deutsch lernen.
Graphic
 
Umstritten. Seit Monaten leben Flüchtlinge in einem Camp auf dem Oranienplatz. Eine Lösung ist nicht in Sicht. 
Foto: Georg Moritz"
2013-07,Main Corpus,2013-07(104).ZIP,Berlin weist Snowden ab Bundesregierung will Enthüller der US -Datenspionage nicht aufnehmen.PDF,C:\PythonProjects\AfD-project\Corpora\Main Corpus\2013-07\raw_unarchive\Berlin weist Snowden ab Bundesregierung will Enthüller der US -Datenspionage nicht aufnehmen.PDF,Berlin weist Snowden ab Bundesregierung will Enthüller der US -Datenspionage nicht aufnehmen,berlin weist snowden ab bundesregierung will enthüller der us datenspionage nicht aufnehmen,Südwest Presse,südwest presse,Mittwoch 3. Juli 2013,,Politik; S. 1,283,2123,a050411932196dc134febe00664ccdb9a6765ded,,unique,keep,,no,,no,,,3579,no,,,,,"Die Bundesregierung hat das Aufnahmegesuch des von den USA verfolgten Ex-Geheimdienstmitarbeiters Edward 
Snowden zurückgewiesen. Der 30-Jährige hatte gestern in Deutschland und 19 weiteren Ländern um politisches 
Asyl nachgesucht. Zuvor hatte Snowden seinen Asylantrag an Russland zurückgezogen, weil er die Auflagen dafür 
nicht erfüllen wollte. Russlands Präsident Wladimir Putin hatte verlangt, dass Snowden keinerlei Enthüllungen mehr 
veröffentlichen dürfe, die den USA schadeten.
Neben Deutschland lehnten auch zahlreiche andere Staaten das Ansinnen Snowdens um Aufnahme ab. Damit sitzt 
der Mann, der seit zwei Wochen umfangreiche Dokumente über die Abhöraktionen der amerikanischen 
Geheimdienste veröffentlicht, weiterhin auf dem Moskauer Flughafen fest. Ecuador, wo Snowden zuvor schon Asyl 
beantragt hat, gibt sich zurückhaltend. Sein Land prüfe das Gesuch noch nicht, sagte Präsident Rafael Correa der 
Zeitung ""The Guardian"".
Snowdens Anfrage hatte in Deutschland die Parteien entzweit. Während Außenminister Guido Westerwelle (FDP) 
und Innenminister Hans-Peter Friedrich (CSU) den Antrag ablehnten, sprach sich Westerwelles Parteikollege und 
Vorsitzender der Jungen Liberalen, Lasse Becker, dafür aus, Snowden Asyl zu gewähren. ""Er ist kein Held, aber er 
hat unter sehr schwierigen Umständen die richtige Entscheidung getroffen, indem er diesen Skandal öffentlich 
gemacht hat"", sagte er der SÜDWESTPRESSE. Auch die Grünen forderten eine Aufenthaltserlaubnis für Snowden. 
Er habe Praktiken enthüllt, die gegen Grundrechte verstießen.
Die Vorwürfe, dass die USA nicht nur Privatleute und Unternehmen, sondern auch Politiker in ganz Europa 
abhören, belastet die diplomatischen Beziehungen. Am Wochenende reist nach Angaben von Innenminister 
Friedrich eine deutsche Delegation in die USA, um Aufklärung zu erhalten. Bundeskanzlerin Angela Merkel (CDU) 
verurteilte die Datenspionage durch den US-Geheimdienst. Für die Wirtschaft müsse es verlässliche 
Rahmenbedingungen geben. Dazu gehöre, ""dass man nicht ausspioniert wird - egal von wem"", sagte sie beim 
Besuch des Maschinenbauers Trumpf in Ditzingen."
2013-07,Main Corpus,2013-07(104).ZIP,Berliner Willkommenskulturen FLÜCHTLINGE Natürlich haben die Berliner und ihre Politiker nichts gege.PDF,C:\PythonProjects\AfD-project\Corpora\Main Corpus\2013-07\raw_unarchive\Berliner Willkommenskulturen FLÜCHTLINGE Natürlich haben die Berliner und ihre Politiker nichts gege.PDF,Berliner Willkommenskulturen; FLÜCHTLINGE Natürlich haben die Berliner und ihre Politiker nichts gegen,berliner willkommenskulturen flüchtlinge natürlich haben die berliner und ihre politiker nichts gegen,"taz, die tageszeitung",taz die tageszeitung,Samstag 13. Juli 2013,MARINA MAI,BERLIN AKTUELL; S. 41,290,2032,d129aeb9a0bbf9a2faaa3d3639d49ed987b20ae8,,unique,keep,,no,,no,,,3326,no,,,,,"VON MARINA MAI
Die Flüchtlingszahlen in Deutschland steigen. 80.000 etwa kamen im Jahr 2012, fünf Prozent davon muss Berlin 
aufnehmen. 4.000 Menschen also, die Schutz vor Krieg, Gewalt, Verfolgung suchen. Das sollte in einer Stadt, die 
Willkommenskultur zu einem der Grundsätze ihrer Integrationspolitik erhoben hat, eigentlich kein Problem sei. 
Oder?
Tatsächlich gibt es überall, wo Sozialsenator Mario Czaja (CDU) eine neue Flüchtlingsunterkunft eröffnen will, 
Proteste, die ihr hässlichstes Gesicht diese Woche in Hellersdorf zeigten, wo NPD-Anhänger eine 
Bürgerversammlung dominierten. Doch es wäre falsch, Anti-Flüchtlings-Propaganda allein den Rechtsextremen in 
die Schuhe zu schieben. Sie schüren Stimmungen, für die es eine Grundlage in der Mitte der Gesellschaft gibt. 
Berlins rot-schwarze Landesregierung hat dabei bisher eine gute Figur gemacht. Czaja appelliert immer wieder an 
das Verständnis der BerlinerInnen für Menschen, die ihre Heimat unfreiwillig verlassen. Auch nach der 
Stimmungsmache in Hellersdorf hat er die passenden Worte gefunden.
Doch andere Bezirkspolitiker mit CDU-Parteibuch legen viel Kreativität an den Tag, um Asylbewerber nur nicht bei 
sich haben zu wollen. So vertreten die Baustadträte von Mitte, Carsten Spallek, und von Reinickendorf, Martin 
Lambert, die These, Asylbewerberheime seien in einem Wohngebiet für die Nachbarn unverträglich. Schließlich 
wohnen die Flüchtlinge auf engstem Raum, das sei eine Zumutung für die Nachbarn, wohlbemerkt.
Wenn das Heim in Hellersdorf voll ist, wird der Senat als nächstes eines in Neukölln eröffnen. Es braucht keine 
prophetische Gabe zur Voraussage, dass die NPD auch dort die Stimmung schüren wird. Jetzt sind Neuköllns 
Bezirkspolitiker gefragt, die in Hellersdorf gemachten Fehler zu analysieren und die Bürger besser mit ins Boot zu 
nehmen.

Berliner Willkommenskulturen; FLÜCHTLINGE Natürlich haben die Berliner und ihre Politiker nichts gegen 
Asylbewerber - nur will man sie lieber anderswo und keine....
Mehr zum Thema SEITE 44/45"
2013-07,Main Corpus,2013-07(104).ZIP,Besser als obdachlos ASYL 70 Flüchtlinge sind in Karlsruhe gestrandet. In Ungarn sei die Unterbringu.PDF,C:\PythonProjects\AfD-project\Corpora\Main Corpus\2013-07\raw_unarchive\Besser als obdachlos ASYL 70 Flüchtlinge sind in Karlsruhe gestrandet. In Ungarn sei die Unterbringu.PDF,Besser als obdachlos; ASYL 70 Flüchtlinge sind in Karlsruhe gestrandet. In Ungarn sei die Unterbringung,besser als obdachlos asyl 70 flüchtlinge sind in karlsruhe gestrandet in ungarn sei die unterbringung,"taz, die tageszeitung",taz die tageszeitung,Dienstag 23. Juli 2013,NADINE MICHEL,INLAND; S. 06,301,2212,0969c87125247c85f54ec989475571611e3e10c3,,unique,keep,,no,,no,,,3239,no,,,,,"STUTTGART taz | In Karlsruhe sitzen derzeit 70 Flüchtlinge aus Afghanistan und warten auf einen Asylbescheid. 
Das Besondere: Allen wurde bereits ein Aufenthaltsrecht in Ungarn zugesprochen. Doch von dort sind sie 
weitergeflohen. Denn die Zustände in den ungarischen Flüchtlingsunterkünften seien schlichtweg desolat. 
Vergeblich hatten die Flüchtlinge versucht, dagegen zu protestieren.
Am 12. Juni kam die Flüchtlingsgruppe in die Landesaufnahmestelle Karlsruhe. Zuvor waren sie in Ungarn im 
Flüchtlingslager Bicske untergekommen. Dort hatten sie sich zusammengeschlossen, um eine bessere Behandlung 
in Ungarn zu fordern, wo sie akut von Obdachlosigkeit betroffen gewesen seien. Zwar hatten sie einen 
Schutzstatus erhalten, der allerdings nicht viel mehr wert ist als das Papier, auf dem er steht , sagt Armin Schäfer, 
der die Gruppe mit anderen Mitstreitern in Karlsruhe unterstützt.
Ihre Jahresfrist im sogenannten Pre-Integrations-Camp war abgelaufen. Nun drohte ihnen, ohne jegliche finanzielle 
oder medizinische Unterstützung auf die Straße gesetzt zu werden.
 Wir haben keine andere Möglichkeit gesehen, als zusammenzubleiben und eine gemeinsame Lösung woanders zu 
suchen , schreiben die Flüchtlinge in einer Erklärung.
Die gegenwärtige Rechtslage sieht nun vor, dass die Flüchtlinge zurück nach Ungarn müssen. Grundlage dafür ist 
die sogenannte Dublin-II-Verordnung, durch die ein Asylsuchender nur noch einen Antrag in einem Mitgliedstaat 
stellen kann. Das Bundesamt für Migration und Flüchtlinge teilte auf Anfrage der taz mit, dass Ungarn bereits auf 
das Übernahmeersuchen geantwortet habe. Die Bescheide würden die Flüchtlinge zeitnah erhalten.
Nun rufen die Unterstützer unter anderem die grün-rote Landesregierung Baden-Württemberg dazu auf, für eine 
humanitäre Lösung zu sorgen. Die Regierung könnte wegen der Situation in Ungarn die Abschiebung für eine 
bestimmte Zeit aussetzen. Das zuständige SPD-geführte Innenministerium verweist jedoch darauf, noch keine 
belastbaren Informationen vom Bundesamt für Migration und Flüchtlinge vorliegen zu haben.

Besser als obdachlos; ASYL 70 Flüchtlinge sind in Karlsruhe gestrandet. In Ungarn sei die Unterbringung 
katastrophal
NADINE MICHEL"
2013-07,Main Corpus,2013-07(104).ZIP,"Bezirke sollen Flagge zeigen ASYL Der Chef des Landesamts für Soziales fordert Solidarität, um berli.PDF","C:\PythonProjects\AfD-project\Corpora\Main Corpus\2013-07\raw_unarchive\Bezirke sollen Flagge zeigen ASYL Der Chef des Landesamts für Soziales fordert Solidarität, um berli.PDF","Bezirke sollen Flagge zeigen ASYL Der Chef des Landesamts für Soziales fordert Solidarität, um berlinweit",bezirke sollen flagge zeigen asyl der chef des landesamts für soziales fordert solidarität um berlinweit,"taz, die tageszeitung",taz die tageszeitung,Mittwoch 17. Juli 2013,Konrad Litschko,BERLIN AKTUELL; S. 21,519,3809,93b8763cf0fb5043cef9d15d2c4c0c58121ac2b2,,unique,keep,,no,,no,,,5138,no,,,,,"VON KONRAD LITSCHKO
In Bezug auf die Unterbringung von Flüchtlingen richtet der zuständige Präsident des Amtes für Gesundheit und 
Soziales, Franz Allert, einen deutlichen Appell an die Bezirke. Ihm fehle das Verständnis für die 
Verweigerungshaltung einiger, sagte er der taz: Das ist eine gemeinsame Aufgabe Berlins. Die Bezirke sollten 
sich dazu bekennen und nicht das Land vorschieben.
Bis Ende Mai nahm Berlin dieses Jahr 1.883 Asylsuchende auf so viele wie lange nicht. Bei der Unterbringung 
aber zieren sich einige Bezirke immer wieder. Zuletzt machten auf einer Informationsveranstaltung in Hellersdorf 
auch Bürger massiv Stimmung gegen eine Notunterkunft. Allert kritisierte scharf, dass dort anwesende Politiker 
nicht widersprachen. Warum haben sie nicht deutlich gemacht, dass sie die Notwendigkeit sehen, diese Menschen 
hier aufzunehmen? 
Die Linken-Politikerin Petra Pau, die vor Ort war, verwies auf Parteikollegen, die Stellung bezogen hätten. Sie 
selbst habe bereits im Voraus auf Neonazis hingewiesen. Der Hellersdorfer SPD-Abgeordnete Sven Kohlmeier 
sagte, er sei unsicher gewesen, wie zu reagieren sei. Es habe die Ansage gegeben, keine politischen Äußerungen 
zu tätigen.
Trotz der Proteste wollen Land und Bezirk an dem Standort in einer leerstehenden Schule festhalten. Allert 
kündigte aber an, keinen Termin mehr für den Einzug der Flüchtlinge zu nennen. Ursprünglich sollte das Heim bis 
Monatsende eröffnen. Die Flüchtlinge würden nun schrittweise die Schule beziehen, sagte Allert nicht gleich 100 
Leute am ersten Tag .
Bezirksbürgermeister Stefan Komoß (SPD) will Anwohner nur noch in nichtöffentlichen Veranstaltungen 
informieren. Er lobte die vielen Hilfsangebote, die zuletzt eingegangen seien. Sie reichen von der Lernhilfe für 

Bezirke sollen Flagge zeigen ASYL Der Chef des Landesamts für Soziales fordert Solidarität, um berlinweit 
Flüchtlinge unterzubringen. Gespräche im Kreuzberger F....
Asylantenkinder bis zu Hilfsaktionen der Alice Salomon Hochschule. Gleichzeitig weigerte sich Komoß, die 
Anwohner in die rechte Ecke zu stellen .
Unterdessen droht ein Treffen der seit Monaten auf dem Kreuzberger Oranienplatz protestierenden Flüchtlinge mit 
Bundespolitikern zu scheitern. Die Asylbewerber hatten das Gespräch vor anderthalb Wochen mit einer 
Straßenblockade eingefordert. Bezirksbürgermeister Franz Schulz (Grüne) hatte darauf Berliner Senatoren und 
Bundespolitiker zu einem Treffen am Donnerstag eingeladen. Bisher gab es dafür aber fast nur Absagen.
So heißt es etwa in der Antwort des Bundesinnenministeriums an Schulz, die Asylverfahren des Bundesamtes für 
Migration enthielten weder ein politisches noch ein sonstiges Ermessen . Daher können die getroffenen 
Entscheidungen auch nicht Gegenstand von Gesprächen sein. Zudem hätten die Flüchtlinge schon im November 
im Innenausschuss des Bundestages vorgesprochen. Ein erneutes Gespräch sei weder angebracht noch 
zielführend .
Berlins Innensenator Frank Henkel (CDU) ließ ausrichten, er nehme an keinen Gesprächen teil, die sich in 
rechtswidrigen Zuständen bewegen . Absagen gab es zudem von Sozialsenator Mario Czaja (CDU), der 
Bundesmigrationsbeauftragten Maria Böhmer (CDU), dem CDU-Fraktionschef im Bundestag, Volker Kauder, und 
Sozialsenatorin Dilek Kolat (SPD). Letztere will aber eine Vertretung aus dem Büro ihrer Integrationsbeauftragten 
schicken. Auch der Grünen-Bundestagsabgeordnete Hans-Christian Ströbele sagte zu.
Ein Flüchtling aus dem Camp sagte, ihnen sei versprochen worden, dass sich für Asylpolitik Verantwortliche an der 
Runde beteiligen. Davon gehen wir weiter aus. Ende das Gespräch ergebnislos, werde man den Protest 
verschärfen. Wir haben gar keine andere Wahl. 
Interview SEITE 23
Ein neues Gespräch sei weder zielführend noch angebracht , so das Innenministerium"
2013-07,Main Corpus,2013-07(104).ZIP,Das verdrängte Grundrecht.PDF,C:\PythonProjects\AfD-project\Corpora\Main Corpus\2013-07\raw_unarchive\Das verdrängte Grundrecht.PDF,Das verdrängte Grundrecht,das verdrängte grundrecht,Berliner Zeitung,berliner zeitung,Mittwoch 24. Juli 2013,Mira Gajevic,POLITIK; S. 4; Ausg. 170,660,4528,131c9b18bdd642271fae50ea2cebb85280f91a1a,,unique,keep,,no,,no,,,5593,no,,,,,"Die Schlagzeilen der letzten Monate klingen unheimlich vertraut: ""Asyl-Alarm"", ""Flüchtlingsstrom"", ""Immer mehr 
Flüchtlinge drängen nach Deutschland"". Fast könnte man meinen, alle Verfolgten dieser Erde haben sich auf den 
Weg zu uns gemacht und verlangen nun frech einen Teil unseres Wohlstands. Politiker wie der bayerische 
Innenminister Joachim Herrmann sprechen schon von internationalen Migrationsströmen, die es aufzuhalten gelte, 
bevor sie nach Deutschland schwappten, um mal im Bild zu bleiben. Migrationsströme? Rinnsale träfe es besser. 
Weltweit gibt es derzeit laut UN 45 Millionen Flüchtlinge, das ist der höchste Stand seit zwei Jahrzehnten. 43000 
von ihnen sind in den ersten sechs Monaten dieses Jahres nach Deutschland gekommen.
Richtig ist, dass das 86 Prozent oder 20000 Menschen mehr als vor einem Jahr sind. Doch zur Erinnerung: 1992, 
ein Jahr vor der Einschränkung des Grundrechts auf Asyl, stellten 438000 Menschen in Deutschland ein solches 
Gesuch. Danach gingen die Zahlen dramatisch zurück, 2007 kamen nur noch 19000 Flüchtlinge in die 
Bundesrepublik. Das war der Tiefststand, seitdem suchen jedes Jahr wieder etwas mehr Menschen Schutz in 
Deutschland, was nicht zuletzt den vielen Kriegen geschuldet ist.
Die alten Reflexe funktionieren jedoch immer noch. Anwohner wehren sich gegen neue Unterkünfte, und 
Bundesinnenminister Hans-Peter Friedrich unterstellt den Flüchtlingen Missbrauch und droht ihnen. Seine Reaktion 
auf die neuen Zahlen: Nun müsse der Aufenthalt derer, die nur aus missbräuchlichen oder asylfremden Gründen zu 
uns kommen, schnell beendet werden. Als ob die Behörden es in der Vergangenheit zu häufig durchgehen ließen, 
wenn einer zu Unrecht einen Antrag auf Asyl gestellt hat. Nichts könnte falscher sein.
Wie kann es sein, dass 43000 Flüchtlinge solche Ängste auslösen? Überfordert es uns wirklich, diese Menschen 
aufzunehmen? Und erinnert sich eigentlich jemand daran, dass wir ein Grundrecht auf Asyl haben? Schlimm 
genug, dass sich die unselige Allianz von CDU, CSU, FDP und SPD vor 20 Jahren auf die Demontage dieses 
Grundrechts verständigt hat. Aber trotz aller Einschränkungen, noch heißt es im Grundgesetz Artikel 16a: ""Politisch 
Verfolgte genießen Asylrecht."" Alle Politiker täten gut daran, an dieses Grundrecht gelegentlich zu erinnern.
Eine Studie der Bertelsmann-Stiftung kam vor ein paar Tagen zu dem Ergebnis, dass die Deutschen stärker als 
andere Nationen Angst vor Vielfalt haben: Die Vorbehalte gegen Ausländer sind groß, das Asylbewerberheim 
wollen wir lieber nicht in unserer Nähe haben. Das Fremde, es ist uns offenbar unheimlich. Und schafft es einmal 
jemand, in unser Land zu kommen, dann tun wir alles, um ihn wieder wegzuekeln. Wir zwingen Asylbewerber, 
monatelang in Sammelunterkünften zu leben, verfrachten sie anschließend in entlegene Dörfer, die sie nicht 

Das verdrängte Grundrecht 
verlassen dürfen. Wir verbieten ihnen zu arbeiten, speisen sie - wie in Bayern - mit Essenspaketen ab. Jede 
bürokratische Drangsalierung macht ihnen deutlich, dass man sie eigentlich nicht hierhaben will. All das geschieht, 
um zu verhindern, dass noch mehr von ihnen kommen.
Dabei kümmert es uns nicht, wie es sich für eine mit dem Tode bedrohte afghanische Journalistin und Mutter 
anfühlen muss, ihre Familie in der Heimat zurückzulassen. Oder wie es einem iranischen Studenten geht, der, von 
der Polizei gefoltert, nur mit Mühe sein Leben durch die Flucht nach Deutschland retten konnte. Der hier 17 Monate 
lang zur Untätigkeit verdammt ist, bis sein Antrag entschieden ist. Der in der Zeit nicht einmal einen Deutschkursus 
belegen kann, weil er diesen aus eigener Tasche bezahlen müsste.
Ja, wahrscheinlich musste nicht jeder Flüchtling, der hier Asyl beantragt, um sein Leben fürchten. Aber ist es 
deshalb richtig, jedem Flüchtling niedere Motive zu unterstellen? Dagegen spricht schon die Statistik. Denn trotz 
der fast unüberwindbar hohen Hürden, die unser Asylrecht inzwischen stellt, darf fast jeder zweite Flüchtling 
hierbleiben. Im ersten Quartal dieses Jahres wurden zwar nur knapp zwei Prozent aller Asylanträge anerkannt. 
Aber 20 Prozent wurde der Flüchtlingsstatus gewährt; weitere 23 Prozent durften nicht abgeschoben werden, weil 
in ihrem Heimatland Krieg herrscht oder sie dort Repressionen fürchten müssen. Sie alle haben ein Recht, hier zu 
sein, ein verfassungsmäßiges Recht sogar. Und es sollte die Aufgabe der Politik sein, dafür zu sorgen, dass sie es 
unter menschenwürdigen Bedingungen in Anspruch nehmen können."
2013-07,Main Corpus,2013-07(104).ZIP,Deutsche Staatsbürger gesucht Das Land startet eine „Einbürgerungsoffensive_ für Einwanderer. Unter.PDF,C:\PythonProjects\AfD-project\Corpora\Main Corpus\2013-07\raw_unarchive\Deutsche Staatsbürger gesucht Das Land startet eine „Einbürgerungsoffensive_ für Einwanderer. Unter.PDF,"Deutsche Staatsbürger gesucht Das Land startet eine „Einbürgerungsoffensive"" für Einwanderer. Unter Türken",deutsche staatsbürger gesucht das land startet eine einbürgerungsoffensive für einwanderer unter türken,Welt am Sonntag,welt am sonntag,7. Juli 2013,Kristian Frigelj,NRW; Ausg. 27,1195,8538,b0fe9df6ce4f607a735484ccf483bdff110accf5,,unique,keep,,no,,no,,,9836,no,,,,,"Eine junge Frau steht am Rednerpult des Landtags und erzählt von einer großen Entscheidung. Emine Bozkurt ist 
keine Politikerin, keine Abgeordnete, sondern Studentin. Es geht um ihr Leben. Die 23-jährige ist ein 
Einwandererkind, ihre Großeltern und Eltern kamen aus der Türkei. Sie ist in Duisburg geboren und aufgewachsen, 
„in Marxloh"", darauf legt sie Wert. Sie hat sich entschieden, die deutsche Staatsbürgerschaft anzunehmen und im 
Gegenzug die türkische Staatsangehörigkeit aufzugegeben. „Ich identifiziere mich mit meinem Herkunftsland und 
mit Deutschland gleich stark, und hätte mir die doppelte Staatsbürgerschaft gewünscht"", sagt Bozkurt zu den 
Anwesenden.
Sie gehört zu jener Generation, die sich mit dem 23. Lebensjahr für einen Pass entscheiden und die Vorteile 
abwägen müssen. „Ich finde die rechtliche Gleichstellung und das Wahlrecht wichtig, und erhoffe mir durch die 
Einbürgerung auch Vorteile für meine berufliche Zukunft"", sagt Bozkurt vor dem Plenum.
Es war eine historische Feier im vergangenen Monat. Landtagspräsidentin Carina Gödecke und Ministerpräsidentin 
Hannelore Kraft (beide SPD) hatten gemeinsam zum ersten „Einbürgerungsempfang"" im Plenum geladen. Hundert 
Eingebürgerte waren gekommen. Hundert von wenigen Zehntausenden, die jährlich diesen Schritt machen. Es ist 
eine Minderheit, denn in Nordrhein-Westfalen leben rund 1,6 Millionen Menschen ohne deutschen Pass. „Viele sind 
hier geboren, viele leben seit Jahrzehnten hier. Die große Mehrheit erfüllt alle Voraussetzungen zur Einbürgerung, 
aber dennoch gehen nur wenige Zehntausend Jahr für Jahr diesen Schritt. Das zeigt auch, dass wir noch viel tun 
müssen, damit dieser Schritt selbstverständlicher wird"", sagte Ministerpräsidentin Kraft.
Deutschland müsse „ein echtes Einwanderungsland und Einbürgerungsland werden mit einer Willkommens- und 
einer Anerkennungskultur."" Kraft kündigte beim Festakt eine „Einbürgerungsoffensive"" an, zu der sich am morgigen 
Montag ihre Minister für Integration und für Inneres, Guntram Schneider und Ralf Jäger, äußern und die Kampagne 
„Ja ich will"" vorstellen werden.

Deutsche Staatsbürger gesucht Das Land startet eine „Einbürgerungsoffensive"" für Einwanderer. Unter Türken 
ist der deutsche Pass wenig beliebt
Im vergangenen Jahr hat der Landtag einhellig das Integrations- und Teilhabegesetz verabschiedet, mit dem 
Migranten im Alltag besser unterstützt werden sollen. Die Verwaltungen und Behörden sollen sich besser auf die 
Bedürfnisse der Einwanderer einstellen. Freilich ist auch klar, dass der Bund bei der Einwanderungspolitik die 
entscheidenden Weichen stellt.
Victor Ricardo Carrara gehörte mit seiner Frau Mechthild zu den Ehrengästen im Landtag. Der 56-jährige 
Düsseldorfer ist 1973 mit seinen Eltern aus Argentinien gekommen, weil das Leben unter der Militärjunta schwer 
erträglich war. Der junge Mann ging arbeiten, lernte abends mit einem Sprachbuch einer spanischen Kollegin 
Deutsch und versuchte es tags darauf anzuwenden. „Es gibt nichts Schlimmeres, als in einem fremden Land zu 
leben und die Sprache nicht zu beherrschen"", sagte Carrara.
Der Düsseldorfer ist Bereichsleiter eines Lebensmittelunternehmens hat seinen privaten Aufstieg gemacht. 
Allerdings hat er sich erst nach vierzig Jahren einbürgern lassen, im März dieses Jahres bekam er die Urkunde. 
Carrara hat früher schon daran gedacht, aber irgendwie kam es nicht dazu, auch aus Bequemlichkeit. „Im 
vergangenen Jahr dann dachte ich mir: Warum weiter warten? Ich habe meine Familie hier gegründet, meine Frau 
ist Deutsche, meine Kinder sind Deutsche. Heimat ist da, wo man sich wohlfühlt, und ich fühle mir hier wohl.""
Man stößt in ganz NRW auf Menschen, die Deutschland lieb gewonnen haben und die Beschwernisse einer 
Einbürgerung auf sich nehmen. Sie schätzen an den Deutschen vor allem die Disziplin, die Pünktlichkeit, einen 
reibungslosen organisatorischen Ablauf in der Verwaltung. Die „Welt am Sonntag"" hat mit einigen von ihnen 
gesprochen. Bei Niki Kontomichi-Joost hat es ein halbes Jahrhundert von der Ankunft bis zur Einbürgerung 
gedauert. „Eigentlich hätte ich die Einbürgerung schon vor 30 Jahren machen können, aber dann hätte ich die 
griechische Staatsbürgerschaft aufgeben müssen. Das wollte ich nicht. Vor zwanzig Jahren habe ich mir die 
Unterlagen geholt, aber der bürokratische Aufwand hat mich abgeschreckt"", erzählt die 54-jährige Lehrerin aus 
Sprockhövel. Ihre Töchter haben ebenfalls beide Pässe: „Damit Sie alle Möglichkeiten haben"", sagt Kontomichi-
Joost und fügt hinzu: „Wir fahren jedes Jahr im Sommer nach Griechenland und empfinden es als Bereicherung, 
dass wir dort unsere Wurzeln haben.""
Im Zeitraum 2000 und 2012 haben sich nach Angaben des Integrationsministeriums rund eine halbe Million 
Menschen für den deutschen Pass entschieden. Im vergangenen Jahr waren unter den 30.282 Eingebürgerten 
erneut mit großem Abstand rund 12.000 Türken (Vorjahr 10.1169). Die Einbürgerungsoffensive der 
Landesregierung entspringt wohl auch einer eher ernüchternden Erkenntnis: Ein Erhebung des Zentrums für 
Türkeistudien in Essen macht deutlich, dass ein Großteil der türkischstämmigen Menschen die Einbürgerung klar 
ablehnt und eine realistische Bereitschaft bei lediglich 13 Prozent besteht. Die Forscher fanden heraus, dass sich 
viele Türkeistämmige stärker mit ihrem Herkunftsland als mit Deutschland identifizieren, auch nach der 
Einbürgerung. „Gut ein Viertel (27 Prozent) ist froh, die alte Staatsbürgerschaft aufgegeben zu haben, mehr als die 
Hälfte stimmt dem jedoch gar nicht zu. Trotz der notwendigen Aufgabe der türkischen Staatsbürgerschaft fühlt sich 
die weit überwiegende Mehrheit (90 Prozent) weiterhin der Türkei sehr oder eher zugehörig und 83 Prozent würden 
eine Wiedereinbürgerung in die Türkei beantragen, wenn dies möglich wäre"", heißt es in der Studie. Die 
Hauptgründe, die gegen eine Einbürgerung sprächen, seien der Verlust der türkischen Staatsbürgerschaft und dass 
kaum Vorteile gesehen werden.
Dabei sind die Motive der Generationen ganz unterschiedlich: Für die erste Generation spielen fehlende Anreize u 
nd eine Rückkehrabsicht eine überdurchschnittliche Rolle„, heißt es in der Studie, Die zweite Generation sei eher 
durch den Aufwand abgeschreckt. ""In der dritten Generation spielen hingegen die emotionalen Gründe eine 
herausgehobene Rolle, fehlende Anreize oder zu hoher Aufwand werden unterdurchschnittlich häufig genannt.„ Ein 
relativ hoher Anteil der dritten Generation wolle sich wegen einer möglichen Rückkehr nicht einbürgern lassen.
Einbürgerungswillige besitzen tendenziell einen höheren Bildungsgrad, gehobenere Berufe, häufigere Kontakte zu 
Deutschen. Einer von ihnen ist Mahmut Egilmez. Er wurde in Wermelskirchen geboren und will Lehrer für 
Mathematik und Sozialwissenschaften werden. ""Ich plane meine Zukunft auf jeden Fall in Deutschland, deswegen 
habe ich mich auch für die deutsche Staatsbürgerschaft entschieden. Falls ich hier keine Arbeit finden sollte, 
könnte ich mir auch vorstellen in der Türkei zu arbeiten„, sagt der 22-Jährige.
Deutsche Staatsbürger gesucht Das Land startet eine „Einbürgerungsoffensive"" für Einwanderer. Unter Türken 
ist der deutsche Pass wenig beliebt
Er rechnet damit, dass die meisten der dritten Generation hier leben werden. ""Dass ich die deutsche 
Staatsbürgerschaft angenommen habe, ändert nichts an der Tatsache, dass Türkisch meine Muttersprache ist. An 
meinem Leben hat sich seit der Einbürgerung auch nichts geändert. Ich bin weiterhin ein gläubiger Moslem. Ich 
werde nach wie vor als deutscher Staatsbürger im bevorstehenden Fastenmonat Ramadan fasten.„ Egilmez spricht 
von ""zwei Heimaten„. Er will die Zukunft Deutschlands ""mitgestalten„ und sagt: ""Für mich stellt sich die Frage nicht, 
wann kehre ich zurück, sondern wann sterbe ich hier.„
Die dritte Generation ist offenbar auch ungebundener. Ähnlich wie der Egilmez will sich die Duisburgerin Emine 
Bozkurt, die im Landtag reden durfte, alle Optionen offenhalten: ""Es ist nicht ganz klar, ob ich dauerhaft in 
Deutschland bleibe. Ich bin ein junger, flexibler Mensch und ich weiß nicht, welche Türen sich mir noch öffnen. Es 
kann ja sein, dass sich in der Türkei ein besserer Job, eine bessere Zukunft ergeben.""
Graphic
 
ullstein/ Schicke
Gekommen um zu bleiben: NRW fehlen Fachkräfte, zudem will das Land die Integration von Einwanderern 
verbessern. Die Einbürgerungsoffensive ist ein weiterer Baustein
Privat
Niki Kontomich-Joost, Sprockhövel
Privat
Mahmut Egilmez, Wermelskirchen
ullstein - Schicke
Privat
Privat"
2013-07,Main Corpus,2013-07(104).ZIP,Deutschland hat ein neues Asylproblem Anträge sind um 90 Prozent gestiegen. In einigen Wochen kommen.PDF,C:\PythonProjects\AfD-project\Corpora\Main Corpus\2013-07\raw_unarchive\Deutschland hat ein neues Asylproblem Anträge sind um 90 Prozent gestiegen. In einigen Wochen kommen.PDF,Deutschland hat ein neues Asylproblem Anträge sind um 90 Prozent gestiegen. In einigen Wochen kommen,deutschland hat ein neues asylproblem anträge sind um 90 prozent gestiegen in einigen wochen kommen,Die Welt,die welt,Dienstag 23. Juli 2013,Laura Réthy,POLITIK; S. 5; Ausg. 169,1165,8161,c8fba30480e46971538638b04ee030e703033c78,,unique,keep,,no,,no,,,9427,no,,,,,"Für einen Arzt bist du aber sehr schüchtern, Kamal„, lacht Mageda Abou-Khalil. Vorsichtiger Händedruck, leise 
Stimme. Kamal ist 26, Syrer und vor drei Monaten im Übergangswohnheim für Flüchtlinge an der Eduard-Grunow-
Straße in Bremen angekommen. Das Heim unter Leitung von Mageda Abou-Khalil wurde erst Mitte April eröffnet, 
es verströmt noch den Geruch neuer Räume. Große Fenster, weiß verputzte Wände, warmer Holzboden. Eigentlich 
sollte aus dem vierstöckigen Gebäude ein Hostel werden, doch angesichts der vielen fehlenden Plätze zur 
Unterbringung von Asylsuchenden entschied sich die Stadt anders. Nun wohnen 50 Menschen aus dem Iran, 
Afghanistan, Nigeria und Syrien hier. Man kann dieses Heim als einen Glücksfall bezeichnen. Zwar ist auch hier, 
wie in ganz Deutschland, der Platz knapp, aber die Zimmer sind größer als vorgeschrieben, die Atmosphäre 
freundlich. Mageda Abou-Khalil, die noch ein zweites Heim in Bremen leitet, vermittelt Deutschkurse, macht 
Behördengänge und hilft bei der Wohnungssuche. Nur, es gibt in Bremen keine Wohnungen. Normalbürger haben 
es schon schwer, eine zu finden. Menschen wie Kamal noch mehr.
Er bewohnt ein kleines Zimmer. Zehn Quadratmeter mit Bett, Tisch, Kühlschrank, Fernseher und Bad. Keine Bilder, 
keine persönlichen Erinnerungsstücke. ""Er fühlt sich einsam hier„, erzählt Mageda Abou-Khalil, die für alle 
Bewohner die erste Ansprechpartnerin und oft einzige Zuhörerin und Psychologin ist. Jetzt übersetzt sie, was 
Kamal auf Arabisch erzählt. Kamal hat in Syrien als Arzt gearbeitet, und sein Fehler war es, ärztliche Neutralität zu 
wahren. Er behandelte Oppositionelle wie Regierungstreue. Dann kamen die Morddrohungen, von beiden Seiten, 
und Kamal floh mit seinen Eltern und den sieben Geschwistern in die kurdischen Gebiete Syriens. Von dort 
gelangte er alleine nach Deutschland. Seine Familie blieb.

Deutschland hat ein neues Asylproblem Anträge sind um 90 Prozent gestiegen. In einigen Wochen kommen 
5000 syrische Flüchtlinge hinzu. Länder fühlen sich überfor....
Seit Beginn des Bürgerkriegs sind Tausende syrische Flüchtlinge nach Deutschland gekommen. Ende März 
versprach Bundesinnenminister Hans-Peter Friedrich (CSU) dann, Deutschland werde ein Kontingent von 5000 
Flüchtlingen aufnehmen. Die ersten sind da, die Mehrheit folgt in den nächsten Wochen. Nach Angaben des UN-
Flüchtlingshilfswerks UNHCR sind bereits rund 1,8 Millionen Syrer in die Nachbarländer geflohen, vor allem nach 
Jordanien, in den Libanon und die Türkei sowie den kurdischen Nordirak. Dabei steht nur ein Teil der Menschen 
einer Auswahl für das deutsche Aufnahmeprogramm zur Verfügung. Denn zum einen können längst nicht alle 1,8 
Millionen Menschen durch das UNHCR erfasst werden, da viele informell über die Grenzen gingen und nun bei 
Verwandten oder in rasch angemieteten Wohnungen und Behelfsunterkünften leben. Zum anderen will sich 
Deutschland nach Angaben des Innenministeriums auf Flüchtlinge konzentrieren, die derzeit im Libanon leben. 
Denn das Land, halb so groß wie Hessen, droht unter der Last der Bürgerkriegsflüchtlinge zu ersticken.
Offiziell registriert waren im Libanon am 31. März 2013 rund 509.000 Flüchtlinge, das libanesische 
Innenministerium vermutet, dass es doppelt so viele sind. Die meisten von ihnen hatten nicht vor, eine Reise nach 
Europa zu unternehmen, sondern planten, bald nach Syrien zurückzukehren. Deutschland als Ziel kam meist nur 
bei denen infrage, die hier Verwandte haben. Daher forderten Hilfswerke, dass man die Menschen nicht im 
Rahmen eines formellen, auf Dauer angelegten Kontingentprogramms holen sollte, sondern es ihnen durch eine 
Lockerung der Visumbestimmungen erleichtern sollte, für einige Zeit nach Deutschland zu kommen. Auf diesem 
Wege kamen tatsächlich einige Tausend Menschen aus Syrien. Doch schon weil ein Ende des Bürgerkriegs nicht 
absehbar ist, sollen nun auch Menschen per Kontingentprogramm hierher reisen. Neben Schwerverletzten sowie 
Kleinkindern und Müttern will die Bundesregierung besonders jene berücksichtigen, die wegen ihres 
Bildungsstands oder ihres politischen Engagements einen Beitrag zum Wiederaufbau des Landes leisten können. 
Rund 1600 Personen aus dieser Gruppe will Deutschland aufnehmen.
In den Bundesländern ist man skeptisch. ""Wer kann bei der Auswahl prüfen, ob diese Menschen auch tatsächlich 
wieder zurückgehen werden und wollen? Außerdem wird das humanitäre Kontingent dadurch geschmälert„, heißt 
es aus einem Landesministerium. Doch man kann darin auch eine Chance sehen. ""Es ist zumindest ein 
interessanter Ansatz, der auch bei der Bevölkerung die Akzeptanz erhöhen könnte„, sagt Evelyn Jäger, 
Referatsleiterin für die Aufnahme und Integration von Migranten in Schleswig-Holstein. Eine Auswahl nach 
Bildungsstand würde auch bedeuten, dass Christen überproportional vertreten wären. Zwar beträgt ihr Anteil an der 
syrischen Gesamtbevölkerung nur 8,5 Prozent, doch unter den Flüchtlingen scheinen sie stärker vertreten zu sein. 
Hinzu kommt, dass Christen in Syrien eher der Mittel- und Oberschicht angehören, sodass sie dem 
Bildungskriterium eher gerecht werden könnten.
Aber wohin mit den Flüchtlingen? In welches Bundesland man auch blickt, überall sind die Flüchtlingsheime 
überfüllt oder erreichen bald die Kapazitätsgrenze. Derweil steigt die Zahl der Asylanträge weiter. Bis Ende Juni 
dieses Jahres wurden in Deutschland rund 43.000 Asylerstanträge gestellt. 2012 waren es zum gleichen Zeitpunkt 
knapp 22.500. Das ist ein Anstieg um rund 90 Prozent. Und diese Zahl beinhaltet nicht die Flüchtlinge aus 
Resettlement-Programmen, die Deutschland aus Drittstaaten aufnimmt, etwa die 99 Iraker, die unlängst aus der 
Türkei in Hannover ankamen. Auch die 5000 Syrer sind nicht mit eingerechnet, da sie direkt einen 
Aufenthaltsstatus erhalten.
Den größten Teil der Asyl-Antragsteller bilden Menschen aus Russland, viele von ihnen aus Tschetschenien. Der 
starke Zustrom aus dieser Region wurde wahrscheinlich durch Gerüchte ausgelöst. Man erzählt sich, Deutschland 
sei bereit, 40.000 Tschetschenen aufzunehmen. ""In einigen Dörfern verkaufen ganze Straßen ihr ganzes 
Vermögen, um die Schlepper zu bezahlen„, sagt Swetlana Gannuschkina, Leiterin der Nichtregierungsorganisation 
Bürgerlicher Beistand. Sie vermutet, dass die Schlepper die Gerüchte verbreiten könnten. Dass die Menschen den 
Lügen glauben, hänge vor allem mit der Aussichtslosigkeit der Situation zusammen. ""Die Situation erinnert an die 
schlimmsten Stalin-Zeiten„, sagt Gannuschkina. Menschen werden entführt und ermordet, es gebe aber keine 
Ermittlungen in den Fällen. Die Verwandten von Opfern wenden sich aus Angst nicht an die Staatsanwaltschaft und 
nur selten an Menschenrechtler. ""Die Menschen fliehen und sind bereit, an alles zu glauben, was ihnen die 
Hoffnung gibt, aufgenommen zu werden.„
Deutschland hat ein neues Asylproblem Anträge sind um 90 Prozent gestiegen. In einigen Wochen kommen 
5000 syrische Flüchtlinge hinzu. Länder fühlen sich überfor....
Diese Hoffnung wird in Deutschland dann zu einer Zahl. Das Bundesamt für Migration und Flüchtlinge (BAMF) wagt 
eine Prognose für die Asylanträge: ""Wir rechnen damit, dass die 100.000-Marke in diesem Jahr überschritten wird„, 
sagt Christiane Germann vom BAMF. Beim chronischen Mangel an Plätzen könnte dies dramatisch werden. ""Wir 
haben ein grundsätzliches Problem mit der Unterbringung von Flüchtlingen in ganz Deutschland„, sagt David 
Lukaßen von der Senatorin für Soziales, Kinder, Jugend und Frauen in Bremen. Nach den 90er-Jahren sei die Zahl 
der Flüchtlinge so stark zurückgegangen, dass Heime leer standen. 1992 etwa lag die Zahl der Asylbewerber bei 
rund 438.000 und damit weit über den heutigen Zahlen. ""Leere Heime muss man natürlich rechtfertigen. Also 
wurden sie mangels Bedarf geschlossen."" Und heute suchen die Länder händeringend nach 
Unterbringungsmöglichkeiten. Das können Zelte oder Wohncontainer sein. Wer es wie Kamal in ein solches 
Wohnheim wie in Bremen schafft, hat Glück, sofern Glück hier eine Kategorie sein kann. Wo die 5000 Syrer in 
einigen Wochen unterkommen sollen, weiß bis jetzt niemand so recht.
Graphic
 
Beate Nowak"
2013-07,Main Corpus,2013-07(104).ZIP,Deutschland Kompakt FDP_ Ampel-Koalition soll formell ausgeschlossen werden ++ Asyl_ Bayern kritisie.PDF,C:\PythonProjects\AfD-project\Corpora\Main Corpus\2013-07\raw_unarchive\Deutschland Kompakt FDP_ Ampel-Koalition soll formell ausgeschlossen werden ++ Asyl_ Bayern kritisie.PDF,Deutschland Kompakt FDP: Ampel-Koalition soll formell ausgeschlossen werden ++ Asyl: Bayern kritisiert,deutschland kompakt fdp ampelkoalition soll formell ausgeschlossen werden  asyl bayern kritisiert,Die Welt,die welt,Montag 22. Juli 2013,,POLITIK; Kompakt; S. 4; Ausg. 168,642,4621,f262a344213165f2a6e0c70a30b20da28de2bba6,,unique,keep,,no,,no,,,6359,no,,,,,"FDP
Ampel-Koalition soll formell ausgeschlossen werden
Die FDP-Spitze will kurz vor der Bundestagswahl einem Regierungsbündnis mit SPD und Grünen eine klare 
Absage erteilen. Der Vorstand werde auf dem Wahlkonvent am 12. September in Mainz in einem Wahlaufruf die 
Koalitionsaussage zugunsten der Union bekräftigen, hieß es. In dem formellen Beschluss werde zudem eine 
Ampelkoalition nach der Bundestagswahl am 22. September ausgeschlossen. Die FDP setzt damit als Machtoption 
allein auf die Wiederwahl von Schwarz-Gelb. In Umfragen verbuchen die Liberalen Aufwind. In der wöchentlichen 
Emnid-Umfrage für die „Bild am Sonntag"" kam die FDP erstmals seit über einem Jahr auf sechs Prozent. Bei 
anderen Instituten liegt sie zwischen 4 und 6,5 Prozent. Mit einer formellen Absage wolle FDP-Chef Philipp Rösler 
zehn Tage vor der Wahl Unentschlossene mobilisieren, die befürchteten, die FDP könnte den SPD-Kandidaten 
Peer Steinbrück zum Kanzler wählen, wenn es für Schwarz-Gelb nicht reichen sollte, berichtete der „Spiegel"". 
Bereits nach 2005 war die FDP in die Opposition gegangen, obwohl rechnerisch ein Bündnis mit SDP und Grünen 
möglich gewesen wäre.
Asyl
Bayern kritisiert Bund: Verfahren zu lang
Bayerns Innenminister Joachim Herrmann (CSU) wirft dem Bund unzumutbare Verzögerungen bei der Bearbeitung 
von Asylanträgen vor. „Die Beschleunigung der Asylverfahren hat eine zentrale Bedeutung"", sagte Herrmann. 
„Derzeit liegen beim Bundesamt mehr als 67.000 Asylanträge, über die noch nicht entschieden wurde. In diesem 
Jahr sind bundesweit deutlich mehr als 100.000 Asylanträge zu erwarten."" Es koste die Länder viele zusätzliche 

Deutschland Kompakt FDP: Ampel-Koalition soll formell ausgeschlossen werden ++ Asyl: Bayern kritisiert 
Bund: Verfahren zu lang ++ Evangelische Kirche: Käßmann k....
Millionen, je länger Bewerber untergebracht werden müssen. „Die lange Verfahrensdauer ist für die Länder 
unzumutbar - besonders aber auch für jenes Drittel der Asylbewerber, die später ein Bleiberecht erhalten oder als 
asylberechtigt anerkannt werden."" Das für Entscheidungen eingesetzte Personal beim Bundesamt für Migration 
müsse um mindestens 200 Mitarbeiter aufgestockt werden.
Evangelische Kirche
Käßmann kritisiert Familienpapier
Die frühere Ratsvorsitzende der Evangelischen Kirche in Deutschland (EKD), Margot Käßmann, hat das jüngste 
Familienpapier der EKD kritisiert. „Ich persönlich hätte im Text die positiven Seiten der Ehe gern deutlicher 
herausgestellt gesehen"", sagte die frühere hannoversche Landesbischöfin dem Nachrichtenmagazin „Der Spiegel"". 
In dem Papier rückt die Kirche von der traditionellen Ehe als der alleinigen Norm ab und ruft zur Unterstützung auch 
anderer Lebensformen wie etwa Homosexualität auf. Die im Juni vorgestellte Neuausrichtung bei der 
Familienpolitik stieß auf Kritik. So warnten die Katholiken davor, die Ehe mit anderen Formen des 
Zusammenlebens gleichzusetzen. „Wir sollten nicht immer von der Verfallsgeschichte der Ehe sprechen, sondern 
mehr von den Paaren, die goldene, diamantene oder gar eiserne Hochzeit feiern"", bemängelte Käßmann. 
Allerdings sei das neue Papier kein Dogma, es könnten jederzeit auch neue Vorschläge eingebracht werden.
Hochschule
Studenten besetzen leer stehende Uni-Klinik
In der hessischen Uni-Stadt Marburg haben Studenten eine ehemalige Augenklinik der Hochschule besetzt. Die 
Polizei bestätigte am Sonntag, dass das leer stehende Gebäude seit Freitag von ein paar Dutzend Studenten 
besetzt ist. Die Veranstalter sprachen von 100 Hausbesetzern. Sie wollen nach eigenen Angaben ein Zeichen 
setzen gegen Wohnungsnot und Wohnraumspekulation. In den kommenden Tagen wollen die Studenten in den 
Klinikräumen zahlreiche Vorträge sowie Veranstaltungen abhalten. Das vierstöckige Gebäude, das sich im Besitz 
der Universität Marburg befindet, steht seit 2011 leer.
20. Juli
Gauck mahnt Soldaten zu „kritischem Mitdenken""
Bundespräsident Joachim Gauck hat bei der Gelöbnisfeier am 69. Jahrestag des gescheiterten Hitler-Attentats das 
Verantwortungsbewusstsein eines jeden Soldaten hervorgehoben. „Befehl und Gehorsam haben da ihre Grenzen, 
wo gegen Recht und Menschenwürde verstoßen wird"", sagte Gauck am Samstagabend. Rund 500 Soldaten legten 
im Beisein von Gauck und Verteidigungsminister Thomas de Maizière (CDU) vor dem Berliner Reichstag ein 
Gelöbnis ab. Die Feier findet traditionell am Jahrestag des gescheiterten Attentats auf Adolf Hitler vom 20. Juli 1944 
statt. Gauck sagte, der 20. Juli erinnere an jene Soldaten, „die nicht nur Befehl und Gehorsam kannten, sondern die 
letztlich ihrem Gewissen den Vorrang gaben""."
2013-07,Main Corpus,2013-07(104).ZIP,Deutschland Kompakt I Asyl_ Deutlich mehr Bewerber im ersten Halbjahr ++ Kita-Ausbau_ Südwesten verf.PDF,C:\PythonProjects\AfD-project\Corpora\Main Corpus\2013-07\raw_unarchive\Deutschland Kompakt I Asyl_ Deutlich mehr Bewerber im ersten Halbjahr ++ Kita-Ausbau_ Südwesten verf.PDF,Deutschland Kompakt I Asyl: Deutlich mehr Bewerber im ersten Halbjahr ++ Kita-Ausbau: Südwesten verfehlt,deutschland kompakt i asyl deutlich mehr bewerber im ersten halbjahr  kitaausbau südwesten verfehlt,Die Welt,die welt,Dienstag 16. Juli 2013,,POLITIK; Kompakt; S. 6; Ausg. 163,594,4354,1ac28f6db1777e7cc4fceffc9ac63921e0e57a76,,unique,keep,,no,,no,,,6208,no,,,,,"Asyl
Deutlich mehr Bewerber im ersten Halbjahr
Im ersten Halbjahr 2013 sind insgesamt 43.016 Menschen nach Deutschland geflüchtet und haben hier Asyl 
beantragt. Wie das Bundesinnenministerium in Berlin mitteilte, waren es damit rund 86 Prozent mehr als im 
Vergleichszeitraum 2012. Die meisten Flüchtlinge (knapp 10.000) kamen aus Russland. Auf Platz zwei der 
Hauptherkunftsländer folgte Syrien, von dort kamen rund 4500 Flüchtlinge. An dritter Stelle steht Afghanistan mit 
mehr als 3400 Flüchtlingen. Als Flüchtling nach der Genfer Konvention anerkannt wurden von Januar bis Juni 
knapp 4800 Flüchtlinge, das waren 15 Prozent aller Antragsteller. Für rund 5200 weitere Flüchtlinge wurde ein 
Abschiebeverbot verhängt. Die Zahl der seit Beginn des Bürgerkriegs nach Deutschland geflüchteten Syrer erhöhte 
sich im Juni auf mehr als 13.000. Sie werden in der Regel als Flüchtlinge anerkannt. Die Innenminister der Länder 
hatten wiederholt ein Abschiebeverbot für Syrien beschlossen.
Kita-Ausbau
Südwesten verfehlt Betreuungsquote
Baden-Württemberg hat beim Ausbau der Kita-Plätze für Kinder unter drei Jahren stark aufgeholt - doch die 
angepeilte Quote von 37 Prozent zum 1. August wird verfehlt. Im kommenden Jahr werde aber für gut jedes dritte 
Kleinkind ein Platz bereitstehen, versprach Staatssekretärin Marion von Wartenberg (SPD) in Stuttgart. Dann soll 
es etwa 100.000 Betreuungsplätze für unter Dreijährige geben. Aktuell werde mit 68.000 betreuten Kindern eine 
Quote von 25 Prozent erreicht, weitere 30.000 Plätze seien aber in Bau oder Planung.

Deutschland Kompakt I Asyl: Deutlich mehr Bewerber im ersten Halbjahr ++ Kita-Ausbau: Südwesten verfehlt 
Betreuungsquote ++ Hessen : Grüne: CDU-Aussagen zu Koal....
Hessen
Grüne: CDU-Aussagen zu Koalition unglaubwürdig
Mit Kritik und Ablehnung haben die hessischen Grünen auf die Aussagen der CDU-Spitze zu einem möglichen 
Bündnis nach der Landtagswahl im September reagiert. „An einem Tag beschimpft die CDU die Grünen als 
sozialistische Deindustrialisierer, am nächsten schwadroniert sie über Schwarz-Grün"", teilte Wahlkampfmanager 
Kai Klose in Wiesbaden mit. „Das ist unglaubwürdig und beruht nicht auf Gegenseitigkeit."" Der CDU-Vorsitzende 
und Ministerpräsident Volker Bouffier hatte in einem am Sonntag veröffentlichten Interview ein Bündnis mit den 
Grünen nicht grundsätzlich ausgeschlossen. Bouffier hatte auf die gute Zusammenarbeit von CDU und Grünen in 
Frankfurt verwiesen und erklärt, vor allem in der Bildungspolitik sehe er Gemeinsamkeiten beider Parteien.
Kinderschutzbund
Drei Millionen Kinder machen keinen Urlaub
Nach Einschätzung des Deutschen Kinderschutzbundes können drei Millionen Kinder aus Armut nicht in den 
Urlaub fahren. Die Zahl der Familien in Deutschland, die sich keinen Urlaub leisten können, sei in den vergangenen 
zehn Jahren um 50 Prozent gestiegen, sagte Kinderschutzpräsident Heinz Hilgers der „Neuen Osnabrücker 
Zeitung"". Er forderte eine sommerliche Einmalzahlung für Kinder aus Hartz-IV-Familien in Höhe von 300 Euro. 
Kinder sozial schwacher Familien dürften beim Urlaub nicht abgehängt werden, mahnte Hilgers. Gezielte 
Ferienangebote von Sozialverbänden für arme Familien seien nur ein Tropfen auf den heißen Stein. Zudem 
kritisierte der Kinderschutzpräsident, in vielen Feriengebieten würden Kinder nur „als Störfaktor gesehen"". 
Deutschland sei „kindentwöhnt"".
Bundestag
Thierse fordert mehr Ostdeutsche im Parlament
Bundestagsvizepräsident Wolfgang Thierse wünscht sich mehr Parlamentarier mit ostdeutschen Biografien im 
Bundestag. Es sei „bedauerlich, dass die existenziellen Erfahrungen einer Diktatur, des Zusammenbruchs eines 
Systems, der Entwertung von Lebenserfahrungen immer weniger präsent sind"", sagte der SPD-Politikerim 
Interview mit „Zeit Online"". „Denn Erfahrungen grundieren politisches Handeln."" Er beobachte, dass die Zahl der 
Ostdeutschen im Parlament weiter abnehme, sagte Thierse. „In allen Parteien sind auch die Kandidaten aus 
Ostdeutschland häufig Westdeutsche."" Er pflichtete SPD-Kanzlerkandidat Peer Steinbrück bei, der ein fehlendes 
Verständnis der Westdeutschen für DDR-Biografien bemängelt hatte. Das negative Faszinosum Stasi habe die 
Bewertung ostdeutscher Biografien überschattet. Von der Regierung forderte Thierse, gnädiger zu sein und die 
Stasi-Überprüfung im öffentlichen Dienst abzuschaffen."
2013-07,Main Corpus,2013-07(104).ZIP,Deutschland Kompakt II Arbeitsmarkt_ Fachkräfte auch ohne Studium willkommen ++ Syrien-Flüchtlinge_.PDF,C:\PythonProjects\AfD-project\Corpora\Main Corpus\2013-07\raw_unarchive\Deutschland Kompakt II Arbeitsmarkt_ Fachkräfte auch ohne Studium willkommen ++ Syrien-Flüchtlinge_.PDF,Deutschland Kompakt II; Arbeitsmarkt: Fachkräfte auch ohne Studium willkommen ++ Syrien-Flüchtlinge:,deutschland kompakt ii arbeitsmarkt fachkräfte auch ohne studium willkommen  syrienflüchtlinge,Die Welt,die welt,Dienstag 23. Juli 2013,,POLITIK; Kompakt; S. 5; Ausg. 169,510,3816,d69439f162dc389102b21b4817419c00518413e3,,unique,keep,,no,,no,,,5999,no,,,,,"Arbeitsmarkt
Fachkräfte auch ohne Studium willkommen
In 14 Berufsfeldern vom Altenpfleger bis zum Lokführer sind ausländische Fachkräfte aus Nicht-EU-Staaten ab 
sofort auch ohne Studium willkommen. Das Arbeitsministerium veröffentlichte eine Liste von Ausbildungsberufen, in 
denen besonders großer Arbeitskräftemangel herrscht. Wer eine passende Berufsausbildung in einem dieser 
Berufe mitbringt, darf in der Bundesrepublik arbeiten. FDP-Arbeitsmarktexperte Johannes Vogel sprach von einer 
richtigen Weichenstellung. Nächster Schritt müsse nach der Bundestagswahl die Einführung eines Punktesystems 
nach dem Vorbild Kanadas und Australiens sein, um die Einwanderungserlaubnis über Qualifikation und aufgrund 
der Arbeitsmarktlage zu steuern, forderte Vogel. Die Liste der Mangelberufe ergänzt die neue 
Beschäftigungsverordnung, die seit dem 1. Juli in Kraft ist. Auf der sogenannten Positivliste stehen vor allem 
technische Berufe. Bei den Lokführern etwa kommen auf 49 registrierte Arbeitslose 100 Job-Angebote. In der 
Altenpflege ist der Mangel noch größer: Auf 100 freie Stellen kommen dort nur 39 Arbeitslose. Weitere Berufsfelder 
sind Mechatronik, Automatisierungstechnik und auch Berufe in der Klempnerei.
Syrien-Flüchtlinge
Bundesanwalt klagt gegen mutmaßlichen Assad-Spion
Die Bundesanwaltschaft hat Anklage gegen einen mutmaßlichen Spion des syrischen Geheimdienstes erhoben. 
Der 60-Jährige soll Oppositionelle ausgespäht haben, teilte die Behörde in Karlsruhe mit. Es ist bereits der zweite 
Fall innerhalb weniger Tage. Am vergangenen Freitag hatte die Anwaltschaft einen 37-jährigen Deutsch-Syrer 
wegen Agententätigkeit für das Regime von Baschar al-Assad angeklagt. In dem neuen Fall soll der Mann, der die 
deutsche und die libanesische Staatsbürgerschaft besitzt, von September 2011 bis Februar 2012 mehrere 

Deutschland Kompakt II; Arbeitsmarkt: Fachkräfte auch ohne Studium willkommen ++ Syrien-Flüchtlinge: 
Bundesanwalt klagt gegen mutmaßlichen Assad-Spion ++ DDR-Fr....
Veranstaltungen der syrischen Opposition in Berlin besucht haben. Seine Informationen hat er laut Anklage an 
einen Verbindungsmann weitergegeben, der bereits Ende 2012 rechtskräftig wegen Spionage verurteilt worden ist. 
Über diesen Mittelsmann seien die Informationen dann dem syrischen Geheimdienst zugetragen worden.
DDR-Frauengefängnis
Weg für Gedenkstätte Hoheneck ist frei
Der Weg für eine Gedenkstätte im ehemaligen DDR-Frauengefängnis Hoheneck im Erzgebirge ist frei. Die Stadt 
habe die Anlage für 160.000 Euro von der Chemnitzer Artmis GmbH gekauft, sagte ein Sprecher. Allerdings gebe 
es für den Fall, dass die erhofften Fördermittel für das Projekt ausblieben, bis Mai 2014 eine Rücktrittsklausel. In 
dem Gebäudekomplex soll neben der Gedenkstätte die interaktive Lern- und Erlebniswelt „Phänomenia"" 
untergebracht werden. Das Gefängnis Hoheneck im Erzgebirge gilt als Synonym für DDR-Frauenhaft unter 
unmenschlichen Bedingungen. Viele Gefangene saßen aus politischen Gründen ein. Das Gefängnis war 2001 
geschlossen worden und wurde 2003 an die Artemis GmbH verkauft, die daraus ein Hotel mit mehreren 
Restaurants machen wollte.
Asylbewerber
Soldaten werfen Feuerwerkskörper auf Heim
Zwei Soldaten der Bundeswehr haben in Arnstadt (Thüringen) Feuerwerkskörper auf ein Asylbewerberheim 
geworfen. Als ein Bewohner sie aufforderte, damit aufzuhören, hätten sie den Mann beschimpft, den Hitlergruß 
gezeigt und ausländerfeindliche Parolen gerufen, teilte die Polizei in Gotha am Montag mit. Die am Wohnheim 
angebrachte Videokamera schlugen die betrunkenen 23 und 25 Jahre alten Männer ab. Die Zeitsoldaten waren in 
Zivil unterwegs. Sie wurden kurzzeitig von der Polizei in Nähe des Tatortes festgenommen, gegen sie wird wegen 
Volksverhetzung und Sachbeschädigung ermittelt.
Graphic
 
obs/ Swr
Swr"
2013-07,Main Corpus,2013-07(104).ZIP,Deutschland lehnt Aufnahme ab _Voraussetzungen fehlen_ _ Ex-Geheimdienstler bemüht sich in 20 Länder.PDF,C:\PythonProjects\AfD-project\Corpora\Main Corpus\2013-07\raw_unarchive\Deutschland lehnt Aufnahme ab _Voraussetzungen fehlen_ _ Ex-Geheimdienstler bemüht sich in 20 Länder.PDF,"Deutschland lehnt Aufnahme ab ""Voraussetzungen fehlen"" / Ex-Geheimdienstler bemüht sich in 20 Ländern",deutschland lehnt aufnahme ab voraussetzungen fehlen  exgeheimdienstler bemüht sich in 20 ländern,Frankfurter Rundschau,frankfurter rundschau,Mittwoch 03. Juli 2013,,Politik; S. 2,720,5256,55f06e00a5036d4b3ff21aaa970bd4ee175c90bd,variant_001,regional_variant,review,,no,,no,,,7031,no,,,,variant_001,"Von Steffen Hebestreit und Thorsten Knuf
Die Suche nach sicherer Zuflucht wird für den von den USA gejagten Ex-Geheimdienstler Edward Snowden immer 
schwieriger. Die Bundesregierung lehnte am Dienstag die Aufnahme des US-Bürgers ab. Der 30-Jährige hatte 
Deutschland und 19 weitere Länder um politisches Asyl gebeten. Seinen Antrag in Russland zog er zurück. Nach 
Angaben des Kremls wollte er nicht auf die Bedingungen von Präsident Wladimir Putin eingehen, weitere 
Enthüllungen über die gigantische Datensammelei des US-Geheimdienstes NSA einzustellen.
Das Auswärtige Amt und das Bundesinnenministerium in Berlin prüften, ob eine Aufnahme aus humanitären und 
völkerrechtlichen Gründen möglich sei. Am Abend teilten sie mit: ""Die Voraussetzungen für eine Aufnahme liegen 
nicht vor.""
Bundesinnenminister Hans-Peter Friedrich (CSU) hatte zuvor schon die Hoffnungen gedämpft. Snowden könne 
kein Asyl im eigentlichen Sinne beantragen, weil er dazu bereits in Deutschland sein müsste. Außenminister Guido 
Westerwelle (FDP) hatte versichert, der Antrag werde streng nach Recht und Gesetz geprüft.
Die Spitzenkandidaten der Grünen, Katrin Göring-Eckardt und Jürgen Trittin, kritisierten, dass Snowden kein Asyl in 
Deutschland bekommen soll. ""Die Absage von Angela Merkel an eine Aufnahme von Edward Snowden zeigt die 
ganze Scheinheiligkeit dieser Regierung. Sie gibt sich empört, unternimmt aber nichts"", erklärten die Grünen-
Politiker am Dienstagabend in Berlin. Die Bundesregierung habe rechtlich die Möglichkeit, Snowden eine 
Aufenthaltserlaubnis zu erteilen und sollte es auch tun. Er habe der Demokratie einen großen Dienst erwiesen, 
indem er Geheimdienstpraktiken aufgedeckt habe, die die Grundrechte eklatant verletzten.
""Merkel sollte ihn holen"" 
Zuvor hatten auch der SPD-Netzpolitiker Lars Klingbeil und Linken-Chefin Katja Kipping gefordert, dem einstigen 
US-Geheimdienstmitarbeiter in Deut-schland Asyl zu gewähren. Snowden sei ein moderner Bürgerrechtskämpfer 
und werde von den USA aus politischen gründen verfolgt, sagte Kipping der Frankfurter Rundschau. ""Merkel sollte 
die Kanzlermaschine nach Moskau schicken und Snowden nach Berlin holen."" 

Deutschland lehnt Aufnahme ab ""Voraussetzungen fehlen"" / Ex-Geheimdienstler bemüht sich in 20 Ländern 
um Asyl
Der 30-jährige Netzwerk-Spezialist verfügt im Augenblick nicht mehr über einen gültigen Reisepass, nachdem die 
US-Behörden seine Ausweispapiere für ungültig erklärt haben. Faktisch würde US-Präsident Barack Obama die 
Staatsangehörigkeit zur Waffe machen, beklagte sich Snowden in einer Mitteilung, die die Enthüllungsplattform 
Wikileaks in der Nacht zu Dienstag veröffentlicht hatte. 
Darin teilte Snowden überdies mit, in insgesamt 20 Staaten um Asyl nachgesucht zu haben. Im Transitbereich des 
Moskauer Flughafens habe er entsprechende Schreiben an einen russischen Konsularbeamten mit der Bitte 
übergeben, sie an die besagten Botschaften weiterzuleiten. 
Neben Bolivien, Brasilien, China, Kuba, Nicaragua, Indien und Venezuela befinden sich Finnland, Frankreich, 
Italien, Irland, den Niederlanden, Norwegen, Österreich, Polen, Spanien, die Schweiz und auch Deutschland auf 
dieser Liste. 
Bundesinnenminister Friedrich hatte am Dienstag bestätigt, dass ein Schreiben Snowdens vorliege, in dem er um 
Aufnahme in Deutschland bitte. Er verweise darin darauf, wie schlecht die USA in vergleichbaren Fällen in der 
Vergangenheit mit Whistleblowern umgegangen seien. Friedrich sagte eine Prüfung zu, äußerte aber sogleich 
Zweifel, dass humanitäre Gründe als Asylgrund tragen würden. Schließlich handele es sich bei den USA um einen 
demokratischen Rechtsstaat mit unabhängiger Justiz und frei gewählten Abgeordneten. Generell hat jeder politisch 
Verfolgte das Recht, in Deutschland Asyl zu beantragen. 
Vor Deutschland lehnten auch mehrere EU-Länder und Indien den Asyl-Antrag von Snowden ab. Venezuelas 
Präsident Nicolás Maduro rief in Moskau dazu auf, Snowden unter internationalen Schutz zu stellen: ""Er hat 
niemanden getötet, sondern nur die Wahrheit gesagt."" Asyl in Venezuela hat Snowden laut Maduro nicht beantragt. 
mit dpa, mdc 
Seite 13 
AUSLIEFERUNGSABKOMMEN 
Mit der EU 
unterzeichneten die USA 2009 ein neues Auslieferungsabkommen. Darin verpflichtet sich Washington unter 
anderem, gegen niemanden die Todesstrafe zu verhängen, der von der EU an US-Behörden überstellt wird. Mit 
den von Snowden für seine Asylgesuche ausgewählten EU-Ländern waren bereits zuvor bilaterale 
Auslieferungsabkommen in Kraft, mit Deutschland seit 1980. 
Auch die restlichen 
europäischen Staaten auf Snowdens Asyl-Liste 
schlossen Auslieferungsabkommen 
mit den USA ab. 
Kein Abkommen 
besteht mit China. Mit Island, Kuba, Nicaragua und 
Venezuela haben die USA zwar Auslieferungsabkommen vereinbart, doch 
wurden sie bereits vor dem Zweiten Weltkrieg unterzeichnet. Die 
Regierungen dieser Staaten dürften 
sich daran nicht mehr gebunden 
Deutschland lehnt Aufnahme ab ""Voraussetzungen fehlen"" / Ex-Geheimdienstler bemüht sich in 20 Ländern 
um Asyl
fühlen. 
Den Asylantrag abgelehnt 
haben neben Deutschland bereits auch Indien und Polen. Österreich und Spanien wollen ihn aus formalen 
Grunden nicht prüfen. Ecuador, das als erstes im Gespräch war, distanziert sich. dpa/FR"
2013-07,Main Corpus,2013-07(104).ZIP,Deutschland nimmt 5000 Flüchtlinge auf.PDF,C:\PythonProjects\AfD-project\Corpora\Main Corpus\2013-07\raw_unarchive\Deutschland nimmt 5000 Flüchtlinge auf.PDF,Deutschland nimmt 5000 Flüchtlinge auf,deutschland nimmt 5000 flüchtlinge auf,Südwest Presse,südwest presse,Montag 1. Juli 2013,,Politik; S. 2,176,1336,9aa47c7e3934f0944fb9aabf0fd24989c00519d4,,unique,keep,,no,,no,,,2115,no,,,,,"Die ersten der 5000 syrischen Flüchtlinge, die Deutschland in einem Sonderprogramm aufnehmen will, können ab 
Juli in die Bundesrepublik einreisen. Dabei handle es sich um Menschen, die in Syrien oder einem Nachbarland 
von deutschen Konsulaten Aufenthaltstitel erhalten und auf eigene Kosten nach Deutschland kommen, teilte der 
Sprecher des Bundesinnenministeriums mit. Die erste organisierte Gruppe von Flüchtlingen wird vermutlich Mitte 
August im Grenzdurchgangslager Friedland bei Göttingen erwartet. Unter den 5000 Flüchtlingen sollen vor allem 
Familien mit Kindern, Kranke, religiös Verfolgte und Menschen mit Verwandten in Deutschland sein.
Derweil spitzt sich die Lage in der drittgrößten syrischen Stadt Homs dramatisch zu. Die Truppen von Präsident 
Baschar al-Assad weiteten ihre Militäroffensive auf die Oppositionshochburg aus und drängten die Rebellen zurück. 
Die Regimegegner appellierten an die internationale Staatengemeinschaft und forderten eine Flugverbotszone. 
""Syrien läuft Gefahr auseinanderzubrechen, jetzt wo Assads Truppen mit Unterstützung des Iran, Russlands und 
der Hisbollah-Milizen eine heftige Offensive in der Stadt Homs begonnen haben"", erklärte die Nationale Syrische 
Koalition. Am 5. Juni hatten die Regierungstruppen bereits die nahegelegene und strategisch wichtige Stadt Al-
Kusair erobert."
2013-07,Main Corpus,2013-07(104).ZIP,Deutschland weist Snowden ab   Bundesregierung will US -amerikanischen Geheimnis-Enthüller kein Asyl.PDF,C:\PythonProjects\AfD-project\Corpora\Main Corpus\2013-07\raw_unarchive\Deutschland weist Snowden ab   Bundesregierung will US -amerikanischen Geheimnis-Enthüller kein Asyl.PDF,Deutschland weist Snowden ab Bundesregierung will US -amerikanischen Geheimnis-Enthüller kein Asyl,deutschland weist snowden ab bundesregierung will us amerikanischen geheimnisenthüller kein asyl,Berliner Zeitung,berliner zeitung,Mittwoch 3. Juli 2013,Steffen Hebestreit,POLITIK; Ausg. 152,494,3612,b10e7fdeda2d049a38ffed2ab92f12f6db69330e,,unique,keep,,no,,no,,,5462,no,,,,,"Der frühere US-Geheimdienstmitarbeiter Edward Snowden sucht verzweifelt nach einem Land, das ihm politisches 
Asyl gewährt und ihn vor einer Auslieferung an die USA schützt. Am Dienstag bat der 30-Jährige, der sich nach wie 
vor im Transitbereich des Moskauer Flughafens Scheremetjewo aufhalten soll, in 20 Staaten um Asyl. Darunter 
befindet sich auch Deutschland. ""Die Voraussetzungen für eine Aufnahme liegen nicht vor"", teilten das Auswärtige 
Amt und das Bundesinnenministerium am Dienstagabend in Berlin mit.
Neben Deutschland, Finnland, Frankreich, Italien, Irland, die Niederlande, Norwegen, Österreich, Polen, Spanien 
und die Schweiz befinden sich unter anderen auch Bolivien, Brasilien, China, Kuba, Nicaragua, Indien sowie 
Venezuela auf der Liste der Staaten, in denen Snowden um Asyl bat. US-Präsident Barack Obama warnte 
allerdings, dass Länder einen Preis zu zahlen hätten, wenn sie Snowden aufnähmen.
Sein Asylgesuch für Russland zog Snowden zurück. Präsident Wladimir Putin bot ihm zwar Asyl an, forderte 
Snowden aber zugleich auf, dann nicht mehr länger den USA, einem ""Verbündeten"" Russlands, zu schaden.
Nach Angaben von Bundesinnenminister Hans-Peter Friedrich (CSU) begründete Snowden sein Asylgesuch, das 
per Fax in der deutschen Botschaft in Moskau eintraf, mit Verweis auf den schlechten Umgang der USA mit 
früheren Geheimnis-Enthüllern. Über die Asyl-aussichten in Deutschland hatte sich Friedrich von vornherein 
skeptisch geäußert. Bei den USA handele es sich schließlich um einen demokratischen Rechtsstaat mit 
unabhängiger Justiz und freigewählten Abgeordneten.
Die Grünen warfen der Bundesregierung Scheinheiligkeit vor. ""Sie gibt sich empört, unternimmt aber nichts"", 
erklärten die Spitzenkandidaten Katrin Göring-Eckardt und Jürgen Trittin. Im Laufe des Tages hatten sich auch der 
SPD-Netzpolitiker Lars Klingbeil und die Linken-Vorsitzende Katja Kipping für die Aufnahme Snowdens in der 
Bundesrepublik ausgesprochen. Er sei ein moderner Bürgerrechtskämpfer und werde von den USA aus politischen 
Gründen verfolgt, sagte Kipping der Berliner Zeitung. ""Merkel sollte die Kanzlermaschine nach Moskau schicken 
und Snowden nach Berlin holen.""

Deutschland weist Snowden ab Bundesregierung will US -amerikanischen Geheimnis-Enthüller kein Asyl 
gewähren Voraussetzungen sind nicht erfüllt / Ex-NSA-Agent ....
Die Menschenrechtsgruppe Pro Asyl wies auf die Möglichkeit hin, Snowden ""zur Wahrung politischer Interessen"" 
einen Aufenthaltsstatus zu gewähren. Dies liege im Ermessen des Bundesinnenministers, sagte Pro-Asyl-
Geschäftsführer Günter Burkhardt.
Am Dienstag erklärten bereits eine Reihe von Staaten, darunter Norwegen, Polen und Indien, dem Asylantrag 
Snowdens nicht stattgeben zu wollen. Nur Venezuela signalisierte Bereitschaft.
Bundesinnenminister Friedrich widersprach am Dienstag auch Berichten, wonach der US-Geheimdienst NSA den 
deutschen Internetknoten De-Cix in Frankfurt am Main ausspähe. Er habe dafür keinerlei Hinweise, sagte Friedrich. 
Ein solches Anzapfen wäre eine Verletzung deutscher Souveränitätsrechte, sagte er. Es gebe auch keinerlei 
Hinweise, dass deutsche Botschaften ausgespäht würden.
Damit äußerte er sich deutlich moderater als Regierungssprecher Steffen Seibert am Vortag, was das Ausmaß der 
angeblichen Ausspähungen durch den NSA angeht. Friedrich kündigte an, am Wochenende reise eine deutsche 
Delegation in die USA, um Aufklärung zu erhalten. Am Mittwoch soll sich das Parlamentarische Kontrollgremium 
des Bundestags in einer Sondersitzung mit dem Thema befassen. (mit mdc. und thk.) Seite 3, Auslese Seite 4, 
Politik Seite 6"
2013-07,Main Corpus,2013-07(104).ZIP,Die Furcht vor dem Tod der Flüchtlinge Politiker rechtfertigen Zwangsräumung des Zeltlagers der Asyl.PDF,C:\PythonProjects\AfD-project\Corpora\Main Corpus\2013-07\raw_unarchive\Die Furcht vor dem Tod der Flüchtlinge Politiker rechtfertigen Zwangsräumung des Zeltlagers der Asyl.PDF,Die Furcht vor dem Tod der Flüchtlinge Politiker rechtfertigen Zwangsräumung des Zeltlagers der,die furcht vor dem tod der flüchtlinge politiker rechtfertigen zwangsräumung des zeltlagers der,Südwest Presse,südwest presse,Montag 1. Juli 2013,,Im Brennpunkt; S. 3,705,5059,8d6db6b93698e9622de2e659375802662a64d88f,,unique,keep,,no,,no,,,6644,no,,,,,"Um 4.29 Uhr verschickten die hungerstreikenden Asylbewerber vom Münchner Rindermarkt noch eine E-Mail und 
luden zur Pressekonferenz für Sonntagmittag. Ganze 31 Minuten später war es vorbei mit dem Protestcamp. 350 
Polizisten rückten um fünf Uhr in Mannschaftswagen an, begleitet von Krankentransportern, und räumten das 
Zeltlager hinter dem Marienplatz. Es ging um Leben und Tod bei den Flüchtlingen aus Ländern wie dem Iran, 
Pakistan oder Äthiopien. Seit einer Woche hatten sie nichts mehr gegessen, seit Dienstag waren sie im so 
genannten trockenen Hungerstreik, sie tranken nichts mehr. ""Ziel war ausschließlich die Rettung von 
Menschenleben. Die Fälle von Zusammenbrüchen häuften sich dramatisch"", sagte Münchens Oberbürgermeister 
Christian Ude (SPD) gestern Mittag.
Am Rindermarkt stehen noch zwei mobile blaue WC-Plastikkabinen. Sonst weist nichts mehr auf diese dramatische 
Woche hin, in der Flüchtlinge mit ihrem Tod gespielt und gedroht hatten, um in Deutschland bleiben zu dürfen. Die 
so frontal angegangenen Politiker waren bestürzt, aufgewühlt, ratlos. Ein paar erschöpfte deutsche Unterstützer 
sitzen noch auf den Stufen des plätschernden Brunnens, wo die Skulptur mit den drei Rindern und ihrem Hirten 
steht. ""Das war brutal"", sagt ein junger Mann, der seinen Namen nicht nennen möchte. ""Die waren vermummt, 
haben die Zeltwände aufgerissen und die Menschen rausgezogen.""
Die vorläufige Bilanz laut Polizei: 44 Flüchtlinge waren in dem Camp, darunter drei Kinder, die während der Zeit 
normal ernährt wurden. Die Erwachsenen wurden alle in Krankenhäuser eingeliefert. Nach der Behandlung werden 
sie in städtischen Notunterkünften unterkommen, erklärt Sozialreferentin Brigitte Meier. Der ""Versammlungsleiter"" 
des Streiks, der 24-jährige Iraner Ashkan Khorasani, ist noch in Haft. 23 weitere Unterstützer waren kurzzeitig 
festgenommen worden, weil sie Polizisten beleidigt und versucht hatten, den Abtransport der Hungernden zu 
verhindern. Diese seien meist völlig geschwächt und regungslos in den Zelten gelegen, berichtet Polizei-
Vizepräsident Robert Kopp. Ein Mann habe erst mehrere Minuten behandelt werden müssen, um transportfähig zu 
sein. ""Wir schauen nicht zu, wie Menschen auf der Straße sterben"", so Kopp. Bayerns Innenminister Joachim 
Herrmann (CSU) meint: ""Wir haben erfolgreich Leben geschützt."" Wie schon zu Beginn des Hungerstreiks sagt er: 
""Wir lassen uns nicht erpressen."" Über die Anerkennung von Asylbewerbern könne nicht ""auf dem Pflaster des 
Rindermarkts entschieden werden"".

Die Furcht vor dem Tod der Flüchtlinge Politiker rechtfertigen Zwangsräumung des Zeltlagers der 
Asylbewerber in München
Dabei hatte es am Samstagnachmittag für wenige Stunden so ausgesehen, als könnten sich Politik und Streikende 
auf eine Lösung verständigen. Nach einem Krisentreffen in der Staatskanzlei mit Ministerpräsident Horst Seehofer 
(CSU) wurden zwei Vermittler zu dem Zelt geschickt, die hohe moralische Autorität besitzen: Der ehemalige 
Münchner Oberbürgermeister und SPD-Vorsitzende Hans-Jochen Vogel, 87 Jahre ist er mittlerweile alt, sowie Alois 
Glück (CSU), Ex-Landtagspräsident und Vorsitzender des Zentralkomitees der Katholiken.
Doch die beiden kamen nicht mit dem Angebot der Duldung aller Hungerstreikenden als Härtefälle gemäß Paragraf 
23 des Aufenthaltsgesetzes. Ihre Aufgabe war es auszuloten, ob über etwas anderes als die Maximalforderung 
verhandelt werden kann. Beim Gespräch im nahen Münchner Stadtmuseum, an dem auch Dolmetscher und zwei 
Rechtsanwälte teilnahmen, kam aber nichts heraus. Er sei ""erschüttert"", sagte Hans-Jochen Vogel danach.
Da war die schnellstmögliche Räumung fast zwingend. 35 Flüchtlinge waren allein in der Nacht zuvor kollabiert ins 
Krankenhaus gebracht und mit Infusionen wieder aufgepäppelt worden. Sie sind danach gleich ins Camp zurück. 
Doch lässt sich die Verweigerung von Flüssigkeit nicht lange durchhalten. Nach Angaben von Wilfried Blume-
Beyerle, Leiter des Kreisverwaltungsreferats und zustänidg für die öffentliche Ordnung, wurde den Amtsärzten der 
Zutritt zu den Hungernden teils von Khorasani verweigert, was dann auch der eigentliche Grund der Räumung war.
Ude, der Seehofer bei der Landtagswahl im Herbst herausfordert, bedankt sich für die ""hervorragende 
Zusammenarbeit mit der Staatsregierung und der Polizei"". Er sowie Minister Herrmann sind über den ""Sprecher"" 
erzürnt. Khorasani hat Asyl erhalten und lebt in Berlin. Laut Herrmann stammt er aus dem kommunistischen 
Widerstand des Iran. Sein Verhalten erinnere an Aktionen geschulter Kaderorganisationen. Die Flüchtlinge sollten 
nichts sagen, allein er wollte für sie sprechen. Auch deutsche Unterstützer verwiesen an ihn und machten keine 
Aussagen. Wahrscheinlich ist, dass er den Hungernden die kompromisslose Linie aufgedrängt hat. Ude sagt: ""Er 
hat das Leben anderer Menschen eingesetzt, um politische Ziele durchzusetzen.""
Graphic
 
Polizisten räumen den Münchner Rindermarkt auf. Am frühen Morgen haben sie die 44 Hungernden aus den Zelten 
geholt und in Kliniken gebracht. Foto: dpa"
2013-07,Main Corpus,2013-07(104).ZIP,Die Muslim-Macher Wie viele Anhänger des Islam leben hierzulande_ Die Zahlen differieren - das dient.PDF,C:\PythonProjects\AfD-project\Corpora\Main Corpus\2013-07\raw_unarchive\Die Muslim-Macher Wie viele Anhänger des Islam leben hierzulande_ Die Zahlen differieren - das dient.PDF,Die Muslim-Macher; Wie viele Anhänger des Islam leben hierzulande? Die Zahlen differieren - das dient,die muslimmacher wie viele anhänger des islam leben hierzulande die zahlen differieren  das dient,Der Tagesspiegel,der tagesspiegel,Montag 22. Juli 2013,Andrea Dernbach,POLITIK; S. 4; Ausg. 21755,744,5205,91c52c442265b3a1134f4679b5e172e98116c41f,,unique,keep,,no,,no,,,6208,no,,,,,"Berlin - Zwischen 3,8 und 4,3 Millionen Muslime leben in Deutschland - das stellte vor vier Jahren das Bundesamt 
für Migration und Flüchtlinge (Bamf) fest. Das wären mehr oder weniger fünf Prozent der gesamten Bevölkerung. 
Oder sind es nur 1,9 Prozent, wie die Volkszähler 2011 im bundesweiten Zensus feststellte? Oder jene 2,8 bis 3,2 
Millionen, die die rot-grüne Bundesregierung 1999 - die erste offizielle Schätzung überhaupt in Deutschland - 
präsentierte, als die Unionsfraktion im Bundestag sie danach fragte? Sieben Jahre und zwei Regierungen später 
war dann von 3,1 bis 3,4 Millionen Muslimen die Rede.
Die tatsächliche Zahl dürfte sich über diese 14 Jahre hinweg kaum stark verändert haben. Dass die Ziffern so 
deutlich abweichen, hat mit der Zählweise zu tun. Und die wiederum, so hat es die aus Berlin stammende Erlanger 
Islamwissenschaftlerin Riem Spielhaus kürzlich festgestellt (""Wer ist Muslim und wenn ja, wie viele? Muslime in der 
Statistik"") spiegelt mehr das Weltbild der Statistiker oder ihrer Auftraggeber als die Realität: Die beiden älteren 
regierungsamtlichen Zahlen zum Beispiel entstammten einer kulturalistischen Sicht darauf, wer als muslimisch gilt, 
schreibt Spielhaus in ihrer Analyse für den ""Mediendienst Integration"". Sie bildeten ab, wer selbst oder wessen 
Familie aus einem muslimisch geprägten Land stammte. So konnten auch arabische Christen, Atheisten oder 
frühere Muslime in die Zahlenreihen geraten - dagegen nie Muslime aus Familien, die seit Generationen deutsch 
sind.
In den neueren Statistiken wurde das korrigiert; sowohl die Bamf-Zählung wie auch der Zensus 2011 
berücksichtigten, ob die Befragten sich selbst als Muslime definierten. Aber auch diese neueren Zahlen haben es in 
sich: Die Bamf-Statistik blieb beim Prinzip ""aus muslimischen Ländern stammend"". Und dass etwa der Zensus das 
Bekenntnis zu einer von drei muslimischen Strömungen verlangte, sunnitisch, schiitisch oder alevitisch, dürfte das 
Ergebnis deutlich gedrückt haben. Wer sich in diesen Schubladen nicht wohlfühlte oder sie gar nicht kannte, fiel 
aus der Zählung. Zudem verweigerten bei dieser ersten großflächigen Befragung - erfasst wurde ein Drittel aller in 
Deutschland Lebenden - 17,4 Prozent der Befragten die Aussage zu ihrer Religionszugehörigkeit. Die Statistiker 
selbst sehen deshalb ihre Arbeit als wenig aussagekräftig an und wollen die Daten in den nächsten Jahren mit 
anderen abgleichen.

Die Muslim-Macher; Wie viele Anhänger des Islam leben hierzulande? Die Zahlen differieren - das dient 
politischen Interessen
Eine etablierte Zahl gibt es dennoch: Jene 3,8 bis 4,3 Millionen Muslime, die das Bamf vor vier Jahren im Auftrag 
der Deutschen Islam-Konferenz herausfilterte, haben sich inzwischen allgemein durchgesetzt. Das liegt aber, wie 
Spielhaus argumentiert, nicht an der einzigartigen Qualität der Nürnberger Zahlen, denen sie gleichwohl 
handwerkliche Solidität bescheinigt. Sie seien einfach ""alternativlos""; es gebe noch nichts Verlässlicheres. 
Andererseits aber passten die Kriterien der Erhebung gut zum westeuropäischen ""allgemeinen Empfinden"", wie 
und wer Muslime seien: Migranten nämlich und, unabhängig von ihren anderen Prägungen, eine geschlossene 
Gemeinschaft. Einen weiteren Grund könnte man ergänzen: Die Bamf-Zahl ist auch die größte von allen bisher 
erhobenen, und an einer möglichst großen Zahl statistischer Muslime haben viele Beteiligte ein Interesse: Die 
muslimischen Verbände, die ihre Bedeutung daraus ableiten, ebenso wie Rechtsextreme oder auch Populisten, die 
damit Überfremdungsängste befeuern und Drohszenarien ausmalen, wie Spielhaus schreibt. Berlins Ex-Senator 
Thilo Sarrazin rechnete die Zahl der Muslime hierzulande auf ""fünf bis sechs"" Millionen hoch. Aber auch Länder 
und Kommunen errechnen aus den Zahlen den Bedarf an Religionsunterricht, Kita- und Friedhofsplätzen.
Wie raus aus dem Zahlensalat? Spielhaus plädiert dafür, das künftige, realistischere Statistiken mit einem Begriff 
von ""muslimisch"" arbeiten, der sich auf Religiosität beschränkt und das Wort nicht zum Ersatz für ""migrantisch"" 
macht. Das wäre auch im Sinne von Staat und Verbänden, könnte aber zu Überraschungen führen: Eine 
""wesentliche Erkenntnis"" der anerkannten Bamf-Studie war, schreibt Spielhaus, dass starke Teile der aus 
muslimischen Ländern stammenden Menschen angaben, gar keine Muslime zu sein. Als Muslime definierten sich 
die Hälfte der Iraner, nur 37 Prozent der Südosteuropäer, 64 Prozent der Einwanderer aus dem Nahen Osten und 
88 Prozent der Türkeistämmigen. Und von denen, die sich als Muslime bezeichneten, nannten sich gar 14 Prozent 
wenig oder gar nicht gläubig.
Ob bessere Statistiken dann mehr oder weniger Muslime in Deutschland zutage fördern, bleibt abzuwarten: Aus 
dem, was bisher bekannt ist, sagte Autorin Spielhaus dem Tagesspiegel, ""ist kein Trend zu erkennen"".
Graphic
 
Muslimisch und deutsch. Viele Statistiken verorten Muslime (hier Kinder bei einer Feier der Ahmadiyya-Gemeinde 
in Mannheim) freilich immer noch unter Migranten. Von denen sieht sich selbst aber ein erheblicher Teil gar nicht 
als zugehörig - oder aber als nicht oder wenig religiös. Foto: Ronald Wittek/picture alliance-dpa"
2013-07,Main Corpus,2013-07(104).ZIP,"Die Vor-Geschichte THEATER AM O-PLATZ Mit den Asyl-Monologen erzählen Flüchtlinge, wie sie nach Deut.PDF","C:\PythonProjects\AfD-project\Corpora\Main Corpus\2013-07\raw_unarchive\Die Vor-Geschichte THEATER AM O-PLATZ Mit den Asyl-Monologen erzählen Flüchtlinge, wie sie nach Deut.PDF","Die Vor-Geschichte; THEATER AM O-PLATZ Mit den Asyl-Monologen erzählen Flüchtlinge, wie sie nach",die vorgeschichte theater am oplatz mit den asylmonologen erzählen flüchtlinge wie sie nach,"taz, die tageszeitung",taz die tageszeitung,Montag 29. Juli 2013,JURI STERNBURG,BERLIN; S. 23,743,5036,b74f9e3bbbdb73b3a461e138cbab14f52b8e3f77,,unique,keep,,no,,no,,,6375,no,,,,,"VON JURI STERNBURG
Viel wurde bereits geschrieben über das Refugee Camp auf dem Oranienplatz. Vielleicht zu viel, beziehungsweise 
zu viel Unwahres und Irrelevantes. Dementsprechend fällt es an diesem schwülen Samstagabend schwer, 
unvoreingenommen den Platz zu betreten, um sich die Vorstellung der Asyl-Monologe anzuschauen man sieht 
all die Geschichten quasi über den Köpfen der Menschen schweben, manchen stehen sie auch ins Gesicht 
geschrieben.
Insofern gibt es vielleicht keinen besseren Ort in der Stadt, um die dokumentarischen Texte zu präsentieren. 
Stunden-, teilweise tagelang haben Michael Ruf, der Autor, und die Mitglieder des Theaterkollektivs Bühne für 
Menschenrechte Flüchtlinge und Verfolgte interviewt und daraus die Monologe erstellt, immer sinn-, meist auch 
wortgetreu. Die Texte erzählen unter anderem von Ali aus Togo, von Freunden Präsident genannt, Felleke aus 
Äthiopien, der erst willensstark Abschiebeversuche verhindern muss, um dann einen Menschenrechtspreis zu 
bekommen, und Safiye, die nach Jahren der Haft in der Türkei und einer abstrus klingenden Asylablehnung sich für 
das Lebensbejahendste überhaupt entscheidet: Sie schenkt einem Sohn und einer Tochter das Leben.
Bewohner und Unterstützer des seit Herbst 2012 existierenden Camps wollten sich mit der Vorstellung ganz direkt 
an die Anwohner richten, erklären, wie solche Schicksale zustande kommen, zeigen, was es bedeutet, auf der 
Flucht zu sein, und dass man hier nicht aus Spaß an der Freude campiert. Es gibt schließlich keinen besseren 
Weg, das Leid der Flüchtenden begreiflich zu machen, als sie selbst zu Wort kommen zu lassen. Deutschlandweit 
gab es bereits 130 Vorstellungen in über 70 verschiedenen Städten.
Angebot zum Dialog

Die Vor-Geschichte; THEATER AM O-PLATZ Mit den Asyl-Monologen erzählen Flüchtlinge, wie sie nach 
Deutschland gekommen sind. Das interessiert zunächst aber nur B....
Knapp 300 Leute stehen und sitzen nun vor der selbst gezimmerten Holzbühne, auf der die drei Schauspieler die 
Monologe vortragen. Der Großteil der Zuschauer sind Unterstützer, Freunde und Betroffene. Man kann nicht 
behaupten, dass die Anwohner in Massen erschienen sind, um endlich einmal in einen Dialog zu treten.
Vielleicht liegt das aber auch daran, dass es die sogenannte große Wut der Anwohner gar nicht gibt und viele der 
hier Lebenden sehr genau wissen, was es bedeutet, fremd beziehungsweise inzwischen fremd im eigenen Land zu 
sein. Dennoch ist die Reaktion des Camps richtig sich öffnen statt sich abzuschotten. Eine Haltung die nach all 
den kolportierten Geschichten und Aktionen der letzten Wochen auch verständlich wäre.
Da ist zum Beispiel Kurt Wansner von der Kreuzberger CDU, der eine Unterschriftenaktion startete, um das Camp 
räumen zu lassen. Die Listen werde ich dem Innensenator übergeben , sagt Wansner und meint denselben 
Innensenator, Frank Henkel (CDU), der sich weigert, zusammen mit den Vertretern des Camps einem sogenannten 
runden Tisch beizuwohnen.
Oder Gunnar Schupelius, Kolumnist der B.Z., welcher beinahe wöchentlich über das Camp hetzt und immer 
absurdere Gründe dafür vorbringt, weshalb es geräumt werden muss. Erst vor einer Woche zitierte und bestärkte er 
einen Leser, welcher anführte, dass sich seine aus Ostpreußen geflohene Oma im Grab umdrehen würde, wenn 
sie das mit ansehen müsste. Das ist natürlich ein triftiger Grund für eine sofortige Räumung.
Der Messerangriff eines Mannes auf einen der Bewohner wird von Schupelius kurzerhand komplett umgedeutet: 
Dieser verteidigt sich plötzlich, indem er auf einen Flüchtling zurennt und ihm ein Messer in die Brust stößt. Des 
Weiteren wirft er ihnen vor, Hühnchen knabbernd auf der Straße zu sitzen und im Freien zu kochen . Insofern ist 
die deutlich spürbare Skepsis auf dem Gelände gegenüber der Presse nachvollziehbar.
Von den Kritikern und Feinden des Camps werden die Dealer aus dem Görlitzer Park, Berichte von sexueller 
Belästigung im Umfeld des Platzes und der anfallende Müll zu einem großen Eintopf verrührt und als Gründe 
angeführt, das Camp zu räumen, ganz so als wären legale und illegale Suchtmittel, Sexismus und Müll keine 
gesellschaftlichen Probleme, die sich durch alle Schichten ziehen, sondern ein spezielles Problem der 
Protestierenden.
Kritiker bleiben fern
Als das Stück beginnt, wird es ruhig in den Sitzreihen. Vorbeilaufende Anwohner, und Touristen bleiben stehen, 
hören zu. Auf einer Videoleinwand gibt es eine englische und französische Übersetzung. Nun erscheint auch 
langsam das Publikum, das man mit der Vorführung erreichen möchte.
Die Sonne geht langsam unter, zwischen den Monologen spielt ein Saxofonist. Es ist keine bedrückte oder betrübte 
Stimmung, auch wenn die Texte von unglaublichen Torturen erzählen man freut sich, eher so zahlreich 
zusammen gekommen zu sein.
Von all den Menschen, die sich öffentlich negativ zum Camp geäußert haben und hier etwas hätten lernen können, 
hat man keinen gesehen.
Es ist keine bedrückte Stimmung, auch wenn die Texte von vielen Torturen erzählen"
2013-07,Main Corpus,2013-07(104).ZIP,Disco-Streit endet hinter Gittern Landgericht Ulm verhängt dreieinhalb Jahre Haft wegen versuchten T.PDF,C:\PythonProjects\AfD-project\Corpora\Main Corpus\2013-07\raw_unarchive\Disco-Streit endet hinter Gittern Landgericht Ulm verhängt dreieinhalb Jahre Haft wegen versuchten T.PDF,Disco-Streit endet hinter Gittern Landgericht Ulm verhängt dreieinhalb Jahre Haft wegen versuchten Totschlags,discostreit endet hinter gittern landgericht ulm verhängt dreieinhalb jahre haft wegen versuchten totschlags,Südwest Presse,südwest presse,Samstag 13. Juli 2013,,Ulm und Neu-Ulm; S. 19,184,1289,1944acac642d3d2512f3b02ea6130a19be67dc08,,unique,keep,,no,,no,,,2320,no,,,,,"Für dreieinhalb Jahre muss ein 29-jähriger Mann hinter Gitter. Das Landgericht Ulm hat den erst im Herbst 2011 im 
Zuge der Familienzusammenführung nach Deutschland gekommenen Türken wegen versuchten Totschlags in 
einem allerdings minderschweren Fall verurteilt. Mitte Januar hatte er in einem Kellerlokal der Ulmer Innenstadt 
einen ihm völlig unbekannten algerischen Asylbewerber angegriffen und mit einem Klappmesser verletzt. Zunächst 
hatte er seinen Kontrahenten in der Toilette der Diskothek leicht an Hals und Hand geschnitten, später aber vor 
dem Lokal wahllos versucht, auf ihn einzustechen. Das Gericht bewertete dies als so genannten bedingten 
Tötungsvorsatz; der 29-Jährige habe zwar nicht bewusst und zielgerichtet töten wollen, den Tod seines 
Gegenübers aber billigend in Kauf genommen. Etwas unklar blieb in der Beweiserhebung, warum der Abend so 
eskaliert war. Offenbar hatte sich der unbekannte Algerier an den Tisch des Türken und dessen Freunde gesetzt 
und mit einer der Frauen zu sprechen begonnen. Davon hatte sich der 29-Jährige provoziert gefühlt. Der 
Verteidiger des Türken hat in dessen Reaktion aber lediglich eine gefährliche Körperverletzung gesehen und eine 
Bewährungsstrafe beantragt. Der Staatsanwalt hatte vier Jahre und acht Monate Haft gefordert."
2013-07,Main Corpus,2013-07(104).ZIP,"Diskriminiert genug_ ASYLRECHT Summieren sich Diskriminierungen so, dass sie einer schweren Menschen.PDF","C:\PythonProjects\AfD-project\Corpora\Main Corpus\2013-07\raw_unarchive\Diskriminiert genug_ ASYLRECHT Summieren sich Diskriminierungen so, dass sie einer schweren Menschen.PDF","Diskriminiert genug?; ASYLRECHT Summieren sich Diskriminierungen so, dass sie einer schweren",diskriminiert genug asylrecht summieren sich diskriminierungen so dass sie einer schweren,"taz, die tageszeitung",taz die tageszeitung,Mittwoch 03. Juli 2013,CHRISTIAN RATH,INLAND; S. 07,467,3507,ab4182b7d059d3d62227d9331e416909ed0e3450,,unique,keep,,no,,no,,,5232,no,,,,,"BERLIN taz | Bald könnten sich die Chancen für Roma erhöhen, in Deutschland Asyl zu erhalten. Im 
Asylverfahrensgesetz wird eine Regel eingefügt, wonach Asyl auch bei einer Summierung von Diskriminierungen 
gewährt werden muss, die jede für sich noch nicht asylwürdig ist. Am Freitag wird der Bundesrat dieser 
Gesetzesänderung voraussichtlich zustimmen. Der Bundestag hat das Gesetz im Juni schon beschlossen.
Derzeit werden Asylanträge von Roma fast immer abgelehnt. Die Anerkennungsquote für Antragsteller aus Serbien 
und Mazedonien liegt beim Bundesamt für Migration und Flüchtlinge (BAMF) regelmäßig bei unter einem Prozent. 
Roma werden wegen ihrer Ethnie eben nicht gefoltert und ins Gefängnis gesteckt. Und die bloße Diskriminierung 
auf dem Arbeitsmarkt, im Bildungssystem und bei der Gewährung von Sozialleistungen wird bisher nicht als 
Verfolgung im Sinne der Genfer Flüchtlingskonvention anerkannt.
Der neue Paragraf 3a des Asylverfahrensgesetzes verspricht Asyl nun aber auch bei einer Kumulierung 
unterschiedlicher Maßnahmen , die in der Summe so gravierend sind wie eine schwerwiegende 
Menschenrechtsverletzung. Künftig müssen Asylverfahren aufwendiger werden, gerade bei Anträgen von Roma, 
um auch die Summe von Alltagsdiskriminierungen richtig erfassen und bewerten zu können , erklärt Reinhard Marx, 
der führende deutsche Asyl-Anwalt.
In der Praxis findet das Gegenteil statt. Auf Druck von Bundesinnenminister Hans-Peter Friedrich (CSU) hat das 
Asyl-Bundesamt im letzten Sommer ein Schnellverfahren eingeführt, nach dem alle Anträge vom Westbalkan 
binnen weniger Tage oder Wochen entschieden sein sollen. Das BAMF sagt dazu, die Anträge würden nur prioritär 
, aber nicht oberflächlich geprüft.

Diskriminiert genug?; ASYLRECHT Summieren sich Diskriminierungen so, dass sie einer schweren 
Menschenrechtsverletzung gleichen, soll Asyl gewährt werden, sagt e....
Marx' Erfahrung ist eine andere: Das Bundesamt stellt in seinen Ablehnungsentscheidungen nur noch 
Textbausteine zusammen. Selbst schwerwiegende Misshandlungen werden nicht mehr erwähnt. Dass unter diesen 
Umständen alltägliche Diskriminierungen angemessen geprüft werden, ist nicht zu erwarten. 
Dabei müsste die Verfolgung durch kumulative Maßnahmen schon heute geprüft werden. Die EU-Qualifikations-
Richtlinie, die Mindeststandards für die Asyl-Anerkennung definiert, schreibt dies bereits seit einigen Jahren vor. 
Seit 2007 fand sich auch ein versteckter Passus dazu im deutschen Aufenthaltsgesetz. Die Neuregelung im 
Asylverfahrensgesetz ändert die Rechtslage also gar nicht, sondern macht sie nur sichtbarer.
Erstaunlich also, dass es in den vergangenen sechs Jahren kein einziges entsprechendes Gerichtsurteil zugunsten 
von Roma gab. Pro Asyl sucht zwar Präzedenzfälle und würde auch einen Musterprozess finanzieren, bisher aber 
ohne Erfolg. Hauptproblem ist, dass für Roma die alltägliche Diskriminierung so normal ist, dass sie das im 
Anhörungsverfahren in der Regel gar nicht vorbringen , sagt Marei Pelzer, Pro-Asyl-Rechtsexpertin.
In einem Musterprozess müsste auch der Einwand geprüft werden, den das Bundesinnenministerium (BMI) geltend 
macht. Gegen Diskriminierungen müssen erst einmal die Gerichte vor Ort und notfalls der Europäische Gerichtshof 
für Menschenrechte eingeschaltet werden , sagte BMI-Asylexperte Frank Mengel, nur wenn das scheitert, kann 
jemand Aufnahme in Deutschland verlangen. CHRISTIAN RATH
Die Neuregelung zum Asyl ändert die Rechtslage nicht, sie macht sie nur sichtbarer"
2013-07,Main Corpus,2013-07(104).ZIP,Dutzende Flüchtlinge im Meer vermisst INDONESIEN Vor der Insel Java kentert ein Boot bei stürmischer.PDF,C:\PythonProjects\AfD-project\Corpora\Main Corpus\2013-07\raw_unarchive\Dutzende Flüchtlinge im Meer vermisst INDONESIEN Vor der Insel Java kentert ein Boot bei stürmischer.PDF,Dutzende Flüchtlinge im Meer vermisst; INDONESIEN Vor der Insel Java kentert ein Boot bei stürmischer See,dutzende flüchtlinge im meer vermisst indonesien vor der insel java kentert ein boot bei stürmischer see,"taz, die tageszeitung",taz die tageszeitung,Donnerstag 25. Juli 2013,UW,AUSLAND; S. 11,345,2370,e9497410f8dffe37ed4f9de92e9af88b44155031,,unique,keep,,no,,no,,,3573,no,,,,,"CIDAUN/CANBERRA afp/taz | Vor der Küste Indonesiens ist ein Flüchtlingsboot mit möglicherweise mehr als 200 
Menschen an Bord gesunken. Wie Polizei und Rettungskräfte am Mittwoch mitteilten, starben mindestens sieben 
Menschen, 156 Flüchtlinge konnten gerettet werden, womöglich Dutzende wurden aber noch vermisst.
Das Unglück ereignete sich bei stürmischer See vor der Südküste des westlichen Teils der Insel Java. Ein 
indonesischer Polizeisprecher gab an, er rechne damit, dass 204 Menschen an Bord des Boots waren, das am 
Dienstagabend zu sinken begonnen hatte. Ein Überlebender sprach von mindestens 250 Flüchtlingen an Bord.
Einsatzleiter Rochmali sagte, 157 Menschen seien gerettet worden, ein Kind sei später aber gestorben. Die 
Flüchtlinge würden später genauer befragt, sie hätten aber angegeben, aus dem Irak, dem Iran und aus Sri Lanka 
zu stammen. Unter den Toten waren nach Angaben der Polizei fünf Kinder, darunter ein anderthalbjähriges 
Kleinkind. Auch eine Schwangere und ein rund 30-jähriger Mann starben.
Nach Angaben von Überlebenden schwammen etwa 38 Menschen in der Dunkelheit stundenlang um ihr Leben, bis 
sie die Küste erreichten. Unter ihnen waren auch Frauen und Kinder. Die australische Zeitung Daily Telegraph 
zitierte einen Mann namens Soheil mit den Worten, er sei der einzige Überlebende einer Gruppe von 61 iranischen 
Flüchtlingen. Seinen Angaben zufolge verließ der srilankische Kapitän das sinkende Schiff in einem kleinen Boot. 
Die australische Küstenwache gab an, nicht in den Vorfall involviert zu sein.
Erneut war die zu Australien gehörende Weihnachtsinsel das Ziel der Schutzsuchenden. Sie liegt nur 500 Kilometer 
südlich der Küste Javas. Mindestens 1.000 Menschen sind in den vergangenen Jahren auf dieser gefährlichen 
Fahrt ums Leben gekommen. Im laufenden Jahr schafften es jedoch 15.000 Bootsflüchtlinge in australisches 
Territorium.
Seit vergangenem Freitag haben sie keine Chance mehr, auf den fünften Kontinent Asyl zu erhalten. Der neue 
Premierminister Kevin Rudd hatte bekannt gegeben, ab sofort alle Bootsflüchtlinge ins benachbarte Papua-

Dutzende Flüchtlinge im Meer vermisst; INDONESIEN Vor der Insel Java kentert ein Boot bei stürmischer See 
mit über 200 Menschen an Bord
Neuguinea schicken zu wollen. Sollten sie als Flüchtlinge anerkannt werden, dürfen sie sich nur in Papua-Neuguina 
niederlassen. UW"
2013-07,Main Corpus,2013-07(104).ZIP,"Ein Zwischenruf zu den... ...Flüchtlingen Barbara John meint, dass ein Bleiberecht für alle vor alle.PDF","C:\PythonProjects\AfD-project\Corpora\Main Corpus\2013-07\raw_unarchive\Ein Zwischenruf zu den... ...Flüchtlingen Barbara John meint, dass ein Bleiberecht für alle vor alle.PDF",Bleiberecht für alle vor allem Menschenhändlern hilft,bleiberecht für alle vor allem menschenhändlern hilft,Der Tagesspiegel,der tagesspiegel,Sonntag 14. Juli 2013,,MEINUNG; S. 6; Ausg. 21747,292,2088,c05dec1ef276bd1a6cfaea5bffe505403947de0e,,unique,drop,commentary_noncore,no,,no,,,3096,yes,commentary_noncore,,,,"Flüchtlingscamps auf öffentlichen Plätzen in Deutschland, daran werden wir uns wohl gewöhnen müssen. 
Asylbewerber katapultieren sich demonstrativ ins Zentrum der Aufmerksamkeit, in Berlin (Oranienplatz), in 
Hamburg (Kirche St. Pauli), bis zur Räumung vor zwei Wochen auch in München (Rindermarkt). Warum? Weil sie 
in der direkten Begegnung mit Bürgern auf ihr Schicksal aufmerksam machen wollen, statt sich als Nummern durch 
die Asylmaschinerie schleusen zu lassen. Auf den Plätzen erzählen sie: Von ihren Familien in den 
Herkunftsländern ohne Zukunft, von der in Deutschland geltenden Pflicht zum Aufenthalt in bestimmten 
Verwaltungsbezirken, vor allem aber von der Angst vor Abschiebung. Hierbleiben wollen sie um fast jeden Preis, 
auch wenn sie nicht als Asylberechtigte anerkannt oder zumindest geduldet werden. Woran wir uns auch 
gewöhnen müssen, sind aggressive Proteste von Bürgern (wie in Hellersdorf), die alle Flüchtlinge wieder dahin 
zurückschicken wollen, woher sie kommen: in die Hoffnungslosigkeit, weil sie als Konkurrenten um Arbeit und 
staatliche Unterstützung gesehen werden.
Es ist eindeutig: In der Asylpolitik kann der Staat es keiner Interessengruppe recht machen. Für die einen tut er zu 
viel, für die anderen zu wenig. Er erntet Sturm von allen Seiten, weil er Humanität ins Grundgesetz geschrieben hat 
(Artikel 16a). Das bedeutet Dauerstreit. So muss es sein, denn die gesetzlich verbürgte Aufnahme von Bedrängten 
ist noch eine junge humanitäre Errungenschaft, die viele vermutlich erst dann akzeptieren werden, wenn sie selbst 
Schutz im Ausland suchen. Diese Innovation braucht entschiedene, aber besonnene Verteidiger. Dazu gehört nicht 
jener fitte Verhandlungsführer (Asylberechtigter aus dem Iran), der in München Flüchtlinge zum Trink- und 
Essstreik für ein bedingungsloses Bleiberecht bewegte. Dieser Mann ist kein Held. Er rettete niemanden; er spielte 
mit dem Leben anderer.
Wer fordert, Bleiberecht für alle, keine Abschiebung mehr, der nimmt in Kauf, dass Schlepper und Menschhändler 
künftig über unsere Einwanderungspolitik bestimmen."
2013-07,Main Corpus,2013-07(104).ZIP,Eine Abschiebung bringt Italiens Regierung ins Wanken Die Ausweisung der Familie eines kasachischen.PDF,C:\PythonProjects\AfD-project\Corpora\Main Corpus\2013-07\raw_unarchive\Eine Abschiebung bringt Italiens Regierung ins Wanken Die Ausweisung der Familie eines kasachischen.PDF,Eine Abschiebung bringt Italiens Regierung ins Wanken; Die Ausweisung der Familie eines kasachischen,eine abschiebung bringt italiens regierung ins wanken die ausweisung der familie eines kasachischen,Die Welt,die welt,Donnerstag 18. Juli 2013,Tobias Bayer,POLITIK; S. 8; Ausg. 165,1044,7311,2ae1dd576fda846cbd19b8401e231f8c8bde357f,,unique,keep,,no,,no,,,8444,no,,,,,"Mailand
Es liest sich wie ein Thriller. Am 28. Mai 2013 spricht der Botschafter Kasachstans um 15.30 Uhr bei der 
italienischen Polizei vor. Der gesuchte Verbrecher Muktar Ablyazow halte sich in einer Villa im Römer Viertel Casal 
Palocco auf, sagt der Diplomat. Dann geht es schnell. Eine rund 50 Mann starke Spezialeinheit dringt in der Nacht 
zum 29. Mai in das Haus ein. Sieben Personen sind anwesend. Doch Ablyazow findet sie nicht, stattdessen seine 
Frau Alma und die sechsjährige Tochter Alua. Alma wird zur Identifikation in das Zentrum an der Ponte Galeria 
gebracht. In dem Gebäude wird über Abschiebungen entschieden. Am 31. Mai ist es dann so weit. Alma und Alua 
sollen nach Kasachstan ausgeflogen werden, befinden die italienischen Behörden.
Die Botschaft Kasachstans in Österreich bucht ein Privatflugzeug. Vom Flughafen Ciampino bricht der Flieger mit 
Mutter und Tochter an Bord gegen 19 Uhr Ortszeit in Richtung Astana, der Hauptstadt Kasachstans, auf. Zu 
diesem Zeitpunkt sind seit dem Hinweis des Botschafters gerade einmal 75 Stunden vergangen.
Es sind 75 Stunden, die Mitte Juli die italienische Regierung ins Wanken bringen. Denn: Muktar Ablyazow ist ein 
Dissident, der vor dem kasachischen Präsidenten Nursultan Nasarbajew auf der Flucht ist. Ablyazow war 
Energieminister und Präsident der Bank BTA. Er wandelte sich zu einem Kritiker Nasarbajews und verließ 2009 
seine Heimat, nachdem BTA verstaatlicht wurde. Kasachstan wirft ihm Betrug und Beteiligung an kriminellen 
Gruppierungen vor. Ablyazow streitet das alles ab und spricht von politischer Verfolgung. Zwischenzeitlich erhielt er 
Asyl in London. Menschenrechtsvertreter fragen sich nun: Wie kann es sein, dass Italien die Frau und die Tochter 
eines Dissidenten ausweist? Ist das nicht ein Verstoß gegen die Menschenrechte?
In Italien hat ein Whodunit eingesetzt. Es wird aufgearbeitet, wer zu welchem Zeitpunkt etwas von der Affäre 
wusste. Im Fokus der Kritik steht Innenminister und Vizepremier Angelino Alfano, 42, in dessen Zuständigkeit die 
Polizeiarbeit fällt. Am Dienstagabend legte er Rechenschaft im Parlament ab und beteuerte, über die Abschiebung 
nicht informiert worden zu sein. Die Regierung ließ einen Untersuchungsbericht erstellen und veröffentlichte eine 

Eine Abschiebung bringt Italiens Regierung ins Wanken; Die Ausweisung der Familie eines kasachischen 
Dissidenten setzt Innenminister unter Druck
Stellungnahme, in der sie die Version Alfanos stützte. Sie räumte aber Fehler ein und sprach von „Anomalien"" in 
diesem Fall. Erste Köpfe rollen. Alfanos Bürochef Giuseppe Procaccini trat zurück. Alessandro Valeri, der das Amt 
für öffentliche Sicherheit leitet, soll abgelöst werden. Doch den Oppositionsparteien, allen voran die Bewegung Fünf 
Sterne, reicht das nicht. Sie fordern den Rücktritt Alfanos und haben deshalb einen Misstrauensantrag gegen 
diesen gestellt. Am Freitag wird über diesen abgestimmt.
Sollte Alfano stürzen, wäre das extrem riskant für die italienische Regierung. Seit Ende April steht Ministerpräsident 
Enrico Letta, 46, einer großen Koalition, bestehend aus Sozialdemokraten und der Partei Popolo della Libertà 
(PDL) Silvio Berlusconis, 76, vor. Es ist ein aus der Not geborenes Zweckbündnis. Die Beziehungen zwischen den 
Partnern sind gespannt. Alfano ist ein enger Vertrauter Berlusconis. Müsste er zurücktreten, dann ist nicht 
ausgeschlossen, dass die PDL den Pakt aufkündigt. Der Cavaliere stellt sich schon einmal schützend vor Alfano: 
„Ihn trifft keine Schuld. Finger weg von ihm!""
Der kasachische Krimi ist bei Weitem nicht die einzige Belastungsprobe für die Regierungskoalition. Seit Wochen 
überschatten die Justizquerelen Berlusconis die Arbeit des Kabinetts. Der Ex-Premier steht in den Fällen Mediaset 
und Ruby vor Gericht. Es geht um Steuerhinterziehung und Sex gegen Bezahlung mit einer Minderjährigen. Im 
Mediaset-Verfahren könnte er bald rechtskräftig zu vier Jahren Haft und einer Sperre für öffentliche Ämter von fünf 
Jahren verurteilt werden. Für den 30. Juli ist die Anhörung am obersten italienischen Gericht angesetzt.
Die Affäre um den Dissidenten Ablyazow bringt vor allem die Sozialdemokraten in die Bredouille. Innerhalb der 
Partei wächst Tag für Tag der Unmut über die Koalition mit Berlusconi. Es tobt ein Streit zwischen den 
Parteivertretern, die noch zu der Regierung stehen, und denjenigen, die gegenüber der PDL für einen harten Kurs 
plädieren. Ein für Mittwoch angesetztes Treffen der Parlamentarier unter der Leitung von Parteisekretär Guglielmo 
Epifani wurde kurzfristig auf Donnerstag verschoben.
Sehr einflussreich ist der Bürgermeister von Florenz, Matteo Renzi, 38. Er ist eine Zukunftshoffnung der 
Sozialdemokraten und wird als künftiger Parteisekretär gehandelt. Renzi steht eigentlich an der Seite der 
Regierung und von Premier Letta, mit dem er freundschaftliche Beziehungen pflegt. Doch Renzi beginnt zu 
sticheln. Er legt nahe, dass sich Letta im Parlament äußern sollte: „Ich bin mir sicher, dass Enrico klare Worte 
finden wird."" 13 Senatoren, die Renzi nahestehen, veröffentlichten am Mittwoch einen Brief, in dem sie den 
Rücktritt Alfanos fordern: „Das ist nötig, damit die Regierung auf internationaler und nationaler Ebene wieder 
glaubwürdig ist"", schrieben die Senatoren, darunter auch der Vizefraktionschef Stefano Lepri.
Für Letta selbst kommt die Debatte über die Zukunft Alfanos zum denkbar ungünstigsten Zeitpunkt. Italiens 
Ministerpräsident tourt durch Europa, um für eine wachstumsfreundlichere Politik zu werben. Aus Sicht des Landes 
hat das Priorität. Wegen der schweren Rezession rutschen viele Familien in die Armut. Laut einem am Mittwoch 
veröffentlichten Bericht der Statistikbehörde Istat befanden sich im vergangenen Jahr 12,7 Prozent der Familien in 
der Armutszone. 2011 dagegen waren es nur 11,1 Prozent gewesen. Die ersten Erfolge verbuchte Letta bereits. 
Brüssel nahm Italien von der Liste der Defizitsünder und gewährte mehr finanziellen Spielraum. Außerdem einigte 
sich Europa darauf, gegen die hohe Jugendarbeitslosigkeit auf dem Alten Kontinent vorzugehen.
Doch immer wieder gibt es empfindliche Rückschläge. Die Ratingagentur Standard & Poor's stufte vergangene 
Woche die Bonität Italiens um eine Note auf BBB herab. Das sind nur noch zwei Noten über Ramschniveau. Nun 
kratzt die Affäre Ablyazow am Ruf der Regierung und des Landes. Zu beobachten war das am Dienstag. Letta war 
zu Besuch bei der Denkfabrik Chatham House in London. Eigentlich ging es um die Herausforderungen Europas. 
Doch statt der großen Zukunftsthemen musste sich Letta den Fragen zu Innenminister Alfano und zur Stabilität der 
Regierung stellen. Fast schon peinlich berührt antwortete er auf eine Frage eines Agenturjournalisten dazu: „Die 
Regierung wird fortbestehen. Ich bin davon überzeugt, dass wir die Schwierigkeiten überwinden werden.""
„Ich bin davon überzeugt, dass wir die Schwierigkeiten überwinden werden"" Enrico Letta, italienischer 
Ministerpräsident
Eine Abschiebung bringt Italiens Regierung ins Wanken; Die Ausweisung der Familie eines kasachischen 
Dissidenten setzt Innenminister unter Druck
Graphic
 
dpa/Giuseppe Lami
Italiens Innenminister muss sich vor dem Parlament zur Abschiebung von Frau und Tochter des kasachischen 
Dissidenten Muktar Ablyazow erklären
Giuseppe Lami"
2013-07,Main Corpus,2013-07(104).ZIP,Eine politische Entscheidung Snowden bemüht sich in 20 Ländern um Asyl - Deutschland will prüfen.PDF,C:\PythonProjects\AfD-project\Corpora\Main Corpus\2013-07\raw_unarchive\Eine politische Entscheidung Snowden bemüht sich in 20 Ländern um Asyl - Deutschland will prüfen.PDF,Eine politische Entscheidung Snowden bemüht sich in 20 Ländern um Asyl - Deutschland will prüfen,eine politische entscheidung snowden bemüht sich in 20 ländern um asyl  deutschland will prüfen,Frankfurter Rundschau,frankfurter rundschau,Mittwoch 03. Juli 2013,,Politik; S. 2,721,5251,1245c63e5447b167d9931a464676c4cad500e3e0,variant_001,regional_variant,review,,no,,no,,,6977,no,,,,variant_001,"Von Steffen Hebestreit und Thorsten Knuf
Der frühere NSA-Mitarbeiter Edward Snowden sucht verzweifelt nach einem Land, das ihn politisches Asyl gewährt 
und vor einer Auslieferung in die USA beschützt. Am Dienstag zog der 30-Jährige sein Asylgesuch in Russland 
zurück, nachdem der russische Präsident Wladimir Putin ihm zwar angeboten hatte, in Moskau Asyl zu bekommen, 
ihn aber zugleich aufforderte, dann nicht mehr länger dem russischen ""Verbündeten"" USA zu schaden. 
Der 30-jährige Netzwerk-Spezialist verfügt im Augenblick nicht mehr über einen gültigen Reisepass, nachdem die 
US-Behörden seine Ausweispapiere für ungültig erklärt haben. Faktisch würde US-Präsident Barack Obama die 
Staatsangehörigkeit zur Waffe machen, beklagte sich Snowden in einer Mitteilung, die die Enthüllungsplattform 
Wikileaks in der Nacht zu Dienstag veröffentlicht hatte. 
Darin teilte Snowden überdies mit, in insgesamt 20 Staaten um Asyl nachgesucht zu haben. Im Transitbereich des 
Moskauer Flughafens habe er entsprechende Schreiben an einen russischen Konsularbeamten mit der Bitte 
übergeben, sie an die besagten Botschaften weiterzuleiten. 
Neben Bolivien, Brasilien, China, Kuba, Nicaragua, Indien und Venezuela befinden sich Finnland, Frankreich, 
Italien, Irland, den Niederlanden, Norwegen, Österreich, Polen, Spanien, die Schweiz und auch Deutschland auf 
dieser Liste. 
In der Bundesrepublik sind am Dienstag die Forderungen nach einer Aufnahme Snowdens lauter geworden. Neben 
Grünen-Fraktionschef Jürgen Trittin und SPD-Netzpolitiker Lars Klingbeil forderte auch Linken-Chefin Katja 
Kipping, dem einstigen US-Geheimdienstmitarbeiter in Deut-schland Asyl zu gewähren.
""Merkel sollte ihn holen"" 
Snowden sei ein moderner Bürgerrechtskämpfer und werde von den USA aus politischen gründen verfolgt, sagte 
Kipping der Frankfurter Rundschau. ""Merkel sollte die Kanzlermaschine nach Moskau schicken und Snowden nach 
Berlin holen."" Bundesinnenminister Hans-Peter Friedrich (CSU) bestätigte, dass ein Schreiben Snowdens vorliege, 
in dem er um Aufnahme in Deutschland bitte. Er verweise darin darauf, wie schlecht die USA in vergleichbaren 
Fällen in der Vergangenheit mit Whistleblowern umgegangen seien. Friedrich kündigte an, dieses Schreiben ""nach 
Recht und Gesetz"" zu prüfen. 

Eine politische Entscheidung Snowden bemüht sich in 20 Ländern um Asyl - Deutschland will prüfen
Er zweifele aber, dass humanitäre Gründe als Asylgrund tragen würden, schließlich handele es sich bei den USA 
um einen demokratischen Rechtsstaat mit unabhängiger Justiz und frei gewählten Abgeordneten. ""Letztlich könnte 
es eine politische Entscheidung werden, ob er in Deutschland Asyl erhält.""
Generell hat jeder politisch Verfolgte das Recht, in Deutschland Asyl zu beantragen. Um in der Bundesrepublik Asyl 
beantragen zu können, müsste der 30-Jährige zunächst aber nach Deutschland gelangen. Ohne gültige 
Reisedokumente ist dies schwierig. Die Menschenrechtsgruppe Pro Asyl wies aber auf die Möglichkeit hin, 
Snowden ""zur Wahrung politischer Interessen"" einreisen zu lassen und ihm einen Aufenthaltsstatus zu gewähren. 
Dies liege im Ermessen des Bundesinnenministers, sagte Pro-Asyl-Geschäftsführer Günter Burkhardt der FR.
Snowden würde aus Sicht hiesiger Behörden aus einem sicheren Drittland einreisen, in dem er nicht politisch 
verfolgt wird, was dem Asyl hierzulande entgegensteht. 
Sollte Edward Snowden ungeachtet dessen ein Asylverfahren in Deutschland erhalten, müssten die Behörden 
prüfen, ob er in seiner Heimat tatsächlich politisch verfolgt wird. Denn allein, dass die US-Behörden nach dem 
früheren NSA-Mann wegen Spionage und Geheimnisverrat fahnden, ist kein Beleg dafür, dass er ""politisch"" verfolgt 
wird. 
Zentral für diese Einschätzung dürften dann Stellungnahmen von Regierungsseite sein, die die politische Lage in 
den USA allgemein darstellen. Dabei dürfte auch eine Rolle spielen, ob den Betroffenen in seiner Heimat ein faires 
rechtsstaatliches Verfahren erwartet oder ein ""politischer"" Prozess. Dass Deutschland die USA als Land darstellt, in 
dem Gegner politisch verfolgt werden, gilt als unwahrscheinlich. mit mdc 
Seite 13 
AUSLIEFERUNGSABKOMMEN 
Mit der EU 
unterzeichneten die USA 2009 ein neues Auslieferungsabkommen. Darin verpflichtet sich Washington unter 
anderem, gegen niemanden die Todesstrafe zu verhängen, der von der EU an US-Behörden überstellt wird. Mit 
den von Snowden für seine Asylgesuche ausgewählten EU-Ländern waren bereits zuvor bilaterale 
Auslieferungsabkommen in Kraft, mit Deutschland seit 1980. 
Auch die restlichen 
europäischen Staaten auf Snowdens Asyl-Liste 
schlossen Auslieferungsabkommen 
mit den USA ab. 
Kein Abkommen 
besteht mit China. Mit Island, Kuba, Nicaragua und 
Venezuela haben die USA zwar Auslieferungsabkommen vereinbart, doch 
wurden sie bereits vor dem Zweiten Weltkrieg unterzeichnet. Die 
Regierungen dieser Staaten dürften 
sich daran nicht mehr gebunden 
fühlen. 
Den Asylantrag abgelehnt 
Eine politische Entscheidung Snowden bemüht sich in 20 Ländern um Asyl - Deutschland will prüfen
haben bereits Indien und Polen. Österreich und Spanien wollen ihn aus formalen Grunden nicht prüfen. Ecuador, 
das zuerst im Gespräch als Asylland war, distanziert sich von Snowden. dpa/FR"
2013-07,Main Corpus,2013-07(104).ZIP,Ende im Morgengrauen Das Camp der hungerstreikenden Asylbewerber in München ist geräumt - die Rolle.PDF,C:\PythonProjects\AfD-project\Corpora\Main Corpus\2013-07\raw_unarchive\Ende im Morgengrauen Das Camp der hungerstreikenden Asylbewerber in München ist geräumt - die Rolle.PDF,Ende im Morgengrauen Das Camp der hungerstreikenden Asylbewerber in München ist geräumt - die Rolle,ende im morgengrauen das camp der hungerstreikenden asylbewerber in münchen ist geräumt  die rolle,Der Tagesspiegel,der tagesspiegel,Montag 1. Juli 2013,"Patrick Guyton, München",POLITIK; S. 4; Ausg. 21734,818,5851,f8fd257350aea78e05093fb7c29296dda02f0642,,unique,keep,,no,,no,,,7240,no,,,,,"Um 4.29 Uhr verschickten die hungerstreikenden Asylbewerber vom Münchner Rindermarkt noch eine E-Mail und 
luden zu einer Pressekonferenz für den Sonntagmittag ein. 31 Minuten später war es vorbei mit dem Protestcamp. 
350 Polizisten rückten um fünf Uhr in Mannschaftswagen an, begleitet von Krankentransportern, und räumten das 
Zeltlager unmittelbar hinter dem Marienplatz. Es ging um Leben und Tod bei den Flüchtlingen aus verschiedenen 
Ländern, etwa aus dem Iran, Pakistan und Äthiopien. Seit einer Woche hatten sie nichts mehr gegessen, seit 
Dienstag waren sie im sogenannten trockenen Hungerstreik, sie tranken auch nichts mehr. ""Ziel war ausschließlich 
die Rettung von Menschenleben, die Fälle von Zusammenbrüchen häuften sich dramatisch"", sagt Münchens 
Oberbürgermeister Christian Ude (SPD) am Mittag.
Am Rindermarkt sind nur noch die zwei mobilen blauen WC-Plastikkabinen übrig, ansonsten deutet nichts mehr auf 
diese dramatische Woche hin, in der Flüchtlinge mit ihrem Leben gespielt und mit ihrem Tod gedroht hatten, um in 
Deutschland bleiben zu dürfen. Und in der sich die frontal angegangenen verantwortlichen Politiker bestürzt 
zeigten, aufgewühlt, ratlos. Ein paar erschöpfte deutsche Unterstützer sitzen noch auf den Stufen des 
plätschernden Brunnens, wo die Skulptur mit den drei Rindern und ihrem Hirten steht. ""Das war brutal"", sagt ein 
junger Mann, der seinen Namen nicht nennen möchte. ""Die waren komplett vermummt, haben die Zeltwände 
aufgerissen und die Menschen rausgezogen.""
Die vorläufige Bilanz laut Polizei: 44 Flüchtlinge waren in dem Camp, darunter drei Kinder, die während der Zeit 
normal ernährt wurden. Die Erwachsenen wurden alle in Krankenhäuser eingeliefert. Nach der Behandlung werden 
sie in städtischen Notunterkünften unterkommen, so die Sozialreferentin Brigitte Meier. Der ""Versammlungsleiter"" 
des Streiks, der 24-jährige Iraner Ashkan Khorasani, ist noch in Haft. 23 weitere Unterstützer wurden kurzzeitig 
festgenommen, weil sie Polizisten beleidigt und versucht hatten, den Abtransport der Hungernden zu verhindern. 
Diese seien meist völlig geschwächt und regungslos in den Zelten gelegen, berichtete Polizei-Vizepräsident Robert 
Kopp. Ein Mann habe erst mehrere Minuten lang vor Ort behandelt werden müssen, um überhaupt transportfähig 
zu sein. ""Wir schauen nicht zu, wie Menschen auf der Straße sterben"", so Kopp. Bayerns Innenminister Joachim 
Herrmann (CSU) meinte: ""Wir haben erfolgreich Leben geschützt."" Wie schon zu Beginn des Hungerstreiks sagte 

Ende im Morgengrauen Das Camp der hungerstreikenden Asylbewerber in München ist geräumt - die Rolle 
ihres Sprechers wirft Fragen auf
er: ""Wir lassen uns nicht erpressen."" Über die Anerkennung von Asylbewerbern könne nicht ""auf dem Pflaster des 
Rindermarkts entschieden werden"".
Dabei hatte es am Samstagnachmittag für wenige Stunden so ausgesehen, als könnten sich die Politik und der 
Sprecher der Streikenden doch auf eine Lösung verständigen. Nach einem Krisentreffen in der Staatskanzlei mit 
Ministerpräsident Horst Seehofer (CSU) wurden zwei Vermittler zu dem Zelt geschickt, die hohe moralische 
Autorität besitzen: der ehemalige Münchner Oberbürgermeister und SPD-Vorsitzende Hans-Jochen Vogel, 87 
Jahre ist er mittlerweile alt, sowie Alois Glück (CSU), Ex-Landtagspräsident und Vorsitzender des Zentralkomitees 
der deutschen Katholiken.
Doch die beiden kamen nicht, wie fälschlich vermeldet worden war, mit dem Angebot der Duldung aller 
Hungerstreikenden als Härtefälle gemäß Paragraf 23 des Aufenthaltsgesetzes. Vielmehr war es die Aufgabe von 
Vogel und Glück, auszuloten, ob über irgendetwas anderes verhandelt werden kann außer der Maximalforderung 
des Sprechers, dass alle Flüchtlinge politisches Asyl erhalten. Bei der Runde im nahen Münchner Stadtmuseum, 
an der auch Dolmetscher und zwei Rechtsanwälte teilnahmen, kam nichts heraus. Er sei ""erschüttert"", sagte Hans-
Jochen Vogel danach.
Da war die schnellstmögliche Räumung dann fast zwingend. 35 Flüchtlinge waren allein in der Nacht zuvor 
kollabiert ins Krankenhaus gebracht und mit Infusionen wieder aufgepäppelt worden, sie sind danach gleich wieder 
ins Camp zurück. In einem Fall musste eine Frau wiederbelebt werden. Doch lässt sich vor allem die Verweigerung 
von Flüssigkeit nicht lange durchhalten, auch wenn die Betroffenen immer wieder notversorgt werden, sagt ein 
Münchner Amtsarzt. ""Von Mal zu Mal werden die Leute deutlich schwächer."" Nach Angaben von Wilfried Blume-
Beyerle, Leiter des Kreisverwaltungsreferats und damit für die öffentliche Ordnung zuständig, wurde den 
Amtsärzten der Zutritt und das Gespräch mit den Hungernden teils von Khorasani verweigert, was dann auch der 
eigentliche Grund der Räumung war.
Christian Ude, der Ministerpräsident Horst Seehofer bei der Landtagswahl im Herbst herausfordert, bedankte sich 
ausdrücklich für die ""hervorragende Zusammenarbeit mit der Staatsregierung und mit der Polizei"". Er sowie 
Innenminister Herrmann sind vor allem über den ""Sprecher"" erzürnt. Ashkan Khorasani hat selbst politisches Asyl 
erhalten und lebt in Berlin. Er war bei der Besetzung der iranischen Botschaft in Berlin im vergangenen November 
mit dabei. Laut Herrmann stammt er aus dem kommunistischen Widerstand des Irans. Sein Verhalten erinnerte an 
Aktionen von geschulten Kaderorganisationen. Die Flüchtlinge sollten nichts sagen, allein er wollte für sie sprechen. 
Auch die deutschen Unterstützer verwiesen immer wieder an ihn und machten keine eigenen Aussagen. 
Wahrscheinlich ist, dass er den Hungernden die kompromisslose Linie aufgedrängt hat. Ude sagt: ""Er hat das 
Leben anderer Menschen eingesetzt, um politische Ziele durchzusetzen.""
Graphic
 
Einsatz. Am Sonntagmorgen um fünf Uhr kam die Polizei und brachte die Hungerstreikenden in Krankenhäuser. 
Das Zeltlager wurde aufgelöst. Foto: Peter Kneffel/dpa"
2013-07,Main Corpus,2013-07(104).ZIP,"EU-Kommission gegen Deutschtests EINWANDERUNG Ehegatten, die zu ihrem Partner nach Deutschland ziehe.PDF","C:\PythonProjects\AfD-project\Corpora\Main Corpus\2013-07\raw_unarchive\EU-Kommission gegen Deutschtests EINWANDERUNG Ehegatten, die zu ihrem Partner nach Deutschland ziehe.PDF","EU-Kommission gegen Deutschtests; EINWANDERUNG Ehegatten, die zu ihrem Partner nach Deutschland",eukommission gegen deutschtests einwanderung ehegatten die zu ihrem partner nach deutschland,"taz, die tageszeitung",taz die tageszeitung,Donnerstag 11. Juli 2013,CHRISTIAN RATH,INLAND; S. 07,437,3317,dd51da6ba3c0dd3fc47bdee63cb87746903dff80,,unique,keep,,no,,no,,,4824,no,,,,,"BERLIN taz | Deutschland verstößt mit seinen Sprachtests beim Ehegattennachzug gegen EU-Recht. Dieser 
Auffassung ist die EU-Kommission und hat deshalb ein Vertragsverletzungsverfahren gegen Deutschland 
eingeleitet. Dies geht aus einer Antwort der Bundesregierung auf eine kleine Anfrage der Linken hervor, die der taz 
vorliegt.
Seit August 2007 bekommen nachziehende Ehegatten nur noch dann eine deutsche Aufenthaltserlaubnis, wenn 
sie sich zumindest auf einfache Art in deutscher Sprache verständigen können. Dies muss vor der Abreise durch 
einen Sprachtest nachgewiesen werden. Betroffen sind von der Regelung vor allem Türken, Russen und 
Kosovaren. Für EU-Staatsangehörige, US-Amerikaner und Bürger aus vielen anderen Industriestaaten gilt die 
Deutschpflicht nicht.
Nach Auffassung der EU-Kommission verstoßen solche Sprachtests gegen die EU-Richtlinie zur 
Familienzusammenführung. Die Richtlinie versucht, den Nachzug von Ehegatten und anderen Familienangehörigen 
zu erleichtern. Ein Test, der bei schlechten Ergebnissen zur Verweigerung des Nachzugsrechts führen kann, 
verletze diese Richtlinie.
Die EU-Kommission hat daher die deutsche Regierung förmlich zur Stellungnahme aufgefordert. Das ist der erste 
Schritt des Vertragsverletzungsverfahrens. Die Bundesregierung hat demgegenüber angekündigt, dass sie die 
Sprachtests beibehalten will. Sie beruft sich auf einen Passus der EU-Richtlinie, wonach der Staat von 
Zuwanderern Integrationsmaßnahmen verlangen kann.

EU-Kommission gegen Deutschtests; EINWANDERUNG Ehegatten, die zu ihrem Partner nach Deutschland 
ziehen wollen, müssen Sprachkenntnisse nachweisen. Die EU sieht ....
Am Ende muss wohl der Europäische Gerichtshof entscheiden, ob die Sprachprüfungen zulässig sind oder nicht. 
Die Bundesregierung ging bisher offensichtlich davon aus, dass sie beim EuGH wenig Chancen hat. Jedenfalls hat 
sie in mehreren Streitfällen den Nachzug auch bei gescheitertem Sprachtest gewährt, um eine Vorlage an den 
EuGH zu vermeiden.
Nach einer aktuellen Statistik der Bundesregierung fielen 2012 immerhin 34 Prozent der nachzugswilligen Eheleute 
beim Deutschtest durch. In Ländern wie Bangladesh und Kosovo liegt die Misserfolgsquote sogar bei 54 und 53 
Prozent. Insgesamt nahmen 2012 rund 28.000 Ehegatten an solchen Sprachtests teil, wobei fast 10.000 Personen 
der Nachzug zum Partner wegen mangelnder Deutschkenntnisse verwehrt wurde.
 Hinter diesen Zahlen steckt das unermessliche Leid derer, die trotz aller Bemühungen an den 
Sprachanforderungen scheitern und von den Menschen getrennt werden, die sie lieben , kritisiert Sevim Dagdelen, 
die integrationspolitische Sprecherin der Linken. Sie fordert deshalb, die Sprachhürden beim Ehegattennachzug 
sofort abzuschaffen und nicht auf eine Entscheidung des EuGH zu warten. Es sei ein Skandal, das 
Zusammenleben von Ehepartnern zu verhindern.
Das Bundesverwaltungsgericht hat im September 2012 immerhin bereits entschieden, dass beim Nachzug zu 
einem deutschen Staatsangehörigen niedrigere Anforderungen bestehen als beim Nachzug zu einem in 
Deutschland lebenden Ausländer. Im ersten Fall soll von einem erfolgreichen Sprachtest abgesehen werden 
können, wenn Bemühungen um den Spracherwerb ( ) nicht möglich, nicht zumutbar oder innerhalb eines Jahres 
nicht erfolgreich sind. CHRISTIAN RATH"
2013-07,Main Corpus,2013-07(104).ZIP,Flüchtlinge angekommen ASYL 99 Menschen aus dem Irak sind in Hannover gelandet. Sie werden vorerst i.PDF,C:\PythonProjects\AfD-project\Corpora\Main Corpus\2013-07\raw_unarchive\Flüchtlinge angekommen ASYL 99 Menschen aus dem Irak sind in Hannover gelandet. Sie werden vorerst i.PDF,Flüchtlinge angekommen ASYL 99 Menschen aus dem Irak sind in Hannover gelandet. Sie werden vorerst in,flüchtlinge angekommen asyl 99 menschen aus dem irak sind in hannover gelandet sie werden vorerst in,"taz, die tageszeitung",taz die tageszeitung,Mittwoch 17. Juli 2013,,NORD AKTUELL; S. 21,180,1352,4049519ec89f96f7c9c24987bbc29cfb3c16898f,,unique,keep,,no,,no,,,2468,no,,,,,"Weitere 99 Flüchtlinge aus dem Irak sind am Dienstag in Deutschland angekommen. Wie das 
Bundesinnenministerium mitteilte, werden sie im Zuge des Resettlement-Programms aufgenommen. Die 
Innenminister der Länder hatten Ende 2011 beschlossen, insgesamt 900 besonders schutzbedürftige Flüchtlinge 
aus dem Nahen Osten und Nordafrika aufzunehmen. Ich hoffe, dass sie nun in Deutschland gut ankommen und 
hier eine neue Heimat finden , sagte der Parlamentarische Staatssekretär im Bundesinnenministerium, Christoph 
Bergner (CDU).
Zwei der zunächst 101 erwarteten Menschen seien aus gesundheitlichen Gründen erst einmal zurückgeblieben und 
kämen später nach, hieß es aus dem Ministerium. Bei den Irakern, die vor den gewaltsamen 
Auseinandersetzungen in ihrem Land in die Türkei geflohen waren, handelt es sich den Angaben zufolge 
größtenteils um Familien.
Die Flüchtlinge werden zunächst für bis zu 14 Tage im Grenzdurchgangslager Friedland bei Göttingen 
untergebracht. Dort sollen sie Sprachunterricht und Informationen über das Leben in Deutschland erhalten. Danach 
werden sie in verschiedenen Bundesländern aufgenommen. Das Resettlement-Programm soll den Flüchtlingen 
dauerhaft eine neue Heimat bieten. Im Rahmen des Programms hat sich Deutschland verpflichtet, von 2012 bis 
einschließlich 2014 jeweils 300 Flüchtlinge pro Jahr aufzunehmen. (dpa)"
2013-07,Main Corpus,2013-07(104).ZIP,Flüchtlinge unerwünscht In Berlin-Hellersdorf protestieren Anwohner gegen die Unterbringung von Asyl.PDF,C:\PythonProjects\AfD-project\Corpora\Main Corpus\2013-07\raw_unarchive\Flüchtlinge unerwünscht In Berlin-Hellersdorf protestieren Anwohner gegen die Unterbringung von Asyl.PDF,Flüchtlinge unerwünscht In Berlin-Hellersdorf protestieren Anwohner gegen die Unterbringung von,flüchtlinge unerwünscht in berlinhellersdorf protestieren anwohner gegen die unterbringung von,Berliner Zeitung,berliner zeitung,Donnerstag 11. Juli 2013,Andrea Beyerlein und Thomas Rogalla,POLITIK; Ausg. 159,460,3553,831d78bec54910c8c0e4a38df27398668d3f6a36,,unique,keep,,no,,no,,,4905,no,,,,,"Die steigende Zahl der nach Deutschland einreisenden Flüchtlinge löst auch in Berlin verschärfte Konflikte aus. Die 
Tumulte bei einer Informationsveranstaltung zu einer Notunterkunft im Bezirk Marzahn-Hellersdorf, bei der aus den 
Reihen der über 800 Teilnehmer ausländerfeindliche Parolen wie ""Deutschland den Deutschen"" skandiert wurden, 
haben eine neue Debatte über den Umgang mit Asylsuchenden ausgelöst. Zeitgleich forderte Berlins 
Innenstaatssekretär Bernd Krömer (CDU) unter Verweis auf eine ""erheblich verschlechterte Sicherheitslage"" den 
Bezirk Friedrichshain-Kreuzberg auf, das Flüchtlingscamp am Oranienplatz aufzulösen.
Berlins Regierender Bürgermeister Klaus Wowereit (SPD) mahnte am Mittwoch zur Besonnenheit: ""Toleranz mit 
den Menschen, die von überall auf der Welt zu uns kommen, ist die Grundlage unseres Gemeinwesens. Sie muss 
täglich geschützt und auch verteidigt werden"", sagte er. Neonazis hätten mit ihren Aktionen bei der 
Bürgerversammlung auf einem Schulhof in Hellersdorf die Stimmung angeheizt. Das bestätigte auch der Berliner 
Verfassungsschutz. Angesichts des beginnenden Bundestagswahlkampfes sei davon auszugehen, dass die NPD 
in Hellersdorf ein Thema gefunden habe, das sie öffentlichkeitswirksam nutzen könne.
Auch Sozialsenator Mario Czaja (CDU) verurteilte die ""undifferenzierte Stimmungsmache von Rechtsaußen"". 
Zugleich warb er dafür, die wachsende Zahl der Flüchtlinge in Berlin vor Obdachlosigkeit zuschützen. Das Land sei 
verpflichtet, die Flüchtlinge unterzubringen. Bis Ende des Jahres würden bis zu 5000 Asylbewerber in Berlin 
erwartet. Mehr als 6000 leben bereits in der Stadt.
Der Präsident des Landesamtes für Gesundheit und Soziales (Lageso), Franz Allert, kritisierte die mangelnde 
Unterstützung für die Arbeit seiner Behörde, die für die Unterbringung der Asylbewerber in Berlin zuständig ist. ""Ich 
habe die Erwartung an die Politik, insbesondere an die bezirkliche Ebene, uns mehr als bisher zu unterstützen und 
mit dafür zu sorgen, dass unser gesetzlicher Auftrag bei der Bevölkerung wieder Akzeptanz findet"", sagte Allert der 
Berliner Zeitung. Berlin habe in den vergangenen Jahrzehnten schon weit mehr Flüchtlinge als heute 
untergebracht. Allert sieht derzeit kaum Chancen für eine umfassende Beteiligung der Anwohner bei der 
Standortauswahl der Asylunterkünfte. Dazu fehle es oft an der nötigen Zeit.

Flüchtlinge unerwünscht In Berlin-Hellersdorf protestieren Anwohner gegen die Unterbringung von 
Asylbewerbern Neonazis missbrauchen Bürgerversammlung / Wowereit....
Zugleich hat ein Schreiben der von CDU-Chef Frank Henkel geführten Innenverwaltung eine Kontroverse 
ausgelöst. In dem Brief beklagt Staatssekretär Krömer die Zunahme von Einbrüchen, Fahrraddiebstählen und 
Körperverletzungen seit Bestehen des Flüchtlingscamps am Oranienplatz. Er fordert vom grünen 
Bezirksbürgermeister Franz Schulz eine Mitteilung, wann er ""die rechtswidrige Sondernutzung öffentlichen 
Straßenlandes"" beenden werde. Schulz wies die Forderungen als ""unterschwellige Hetze"" und Rechtspopulismus 
zurück.
Bundesinnenminister Hans-Peter Friedrich (CSU) kündigte am Mittwoch für die nächsten Wochen das Eintreffen 
der ersten 5000 syrischen Flüchtlinge an, zu deren Aufnahme sich die Bundesregierung bereiterklärt hat. Laut 
Friedrich sind schon rund 16000 Syrier nach Deutschland geflohen.
Am Montag hatte Papst Franziskus auf der italienischen Insel Lampedusa ""Globalisierung der Gleichgültigkeit"" 
gegenüber Flüchtlingen beklagt. (mit dpa)
Tagesthema Seite 2, Leitartikel Seite 4, Berlin Seite 17"
2013-07,Main Corpus,2013-07(104).ZIP,Flüchtlinge Über den Zaun Von Gerd Nowakowski.PDF,C:\PythonProjects\AfD-project\Corpora\Main Corpus\2013-07\raw_unarchive\Flüchtlinge Über den Zaun Von Gerd Nowakowski.PDF,Flüchtlinge Über den Zaun Von Gerd Nowakowski,flüchtlinge über den zaun von gerd nowakowski,Der Tagesspiegel,der tagesspiegel,Freitag 12. Juli 2013,,TITEL; S. 1; Ausg. 21745,506,3518,7bce481fa674787f93a0a30dff06c98bea99dc85,,unique,keep,,no,,no,,,4322,no,,,,,"Wer es sich selbst zu einfach macht, der macht es den Brandstiftern einfach. Und auch wer es gut meint, kann 
unbeabsichtigt selbst zum Brandstifter werden. Das gilt in Berlin für den Plattenbaubezirk Hellersdorf, wo ein neues 
Flüchtlingsheim abgelehnt wird, wie fürs hippe Kreuzberg, wo campierende Asylbewerber polarisieren. Zu einfach 
machen es sich die, die die ganze Debatte für überflüssig erklären, weil doch 2012 nur 77 000 Flüchtlinge nach 
Deutschland kamen. Ja, wo ist das Problem für ein Volk von 80 Millionen, was schon aus demografischen Gründen 
an Zuwanderung interessiert sein muss?
In der Tat hat der Asylkompromiss von 1993, der nur die Fassade eines Grundrechts übrig ließ, die Zahl von 
jährlich einer halben Million Asylbewerber radikal reduziert. Und von den Antragstellern werden nur zwei Prozent 
anerkannt. Doch diejenigen, die es hierher schaffen, sind nicht die gut ausgebildeten Eliten, die Deutschlands 
Politiker haben wollen, um die internationale Wettbewerbsfähigkeit zu erhalten. So zu tun, als hätte es keine 
Auswirkungen auf die Anwohner, als gäbe es keine Reibereien, wenn in der Nachbarschaft ein Heim mit hunderten 
Menschen entsteht, die nach eigenen kulturellen Regeln und Gewohnheiten leben, ist weltfremd.
Damit macht man es sich genauso einfach, wie die EU verantwortlich zu machen für das Repressionsregime an 
Europas Südgrenze. Dort sollen nun auch Drohnen fliegen; die aber schützen nicht Flüchtlinge, sondern die EU vor 
neuen Flüchtlingen. Es war immerhin Deutschland, das 1993 mit der Aushöhlung des Asylrechts die Blaupause für 
Europas Flüchtlingspolitik schrieb. Stacheldrahtzäune, Hubschrauber und Schiffe, die Boote abdrängen, oder auch 
die Mauer aus Paragrafen, die den Tod zahlloser Menschen verdecken, sind Ergebnis deutscher Politik. Daran ist 
zu erinnern anlässlich des Papstbesuchs auf Lampedusa mit seinem Appell gegen Gleichgültigkeit und für mehr 
Humanität, der auch in Berlin eifrig zustimmend begleitet wurde.
Nur ist der Papst nicht überall in Berlin gehört worden. Berlins NPD-Chef ist vielmehr ein rechter Brandstifter, einer, 
der in Hellersdorf und anderswo die Ängste von Menschen ausnutzen will für rassistische Politik. Verantwortliche 
Politik darf Hetze aber nicht nachgeben - und muss alles tun, um Belastungen zu reduzieren, damit wenigstens ein 
konfliktfreies Nebeneinander möglich wird. Dazu gehört mehr als ein Zaun um ein Heim. Und der grüne 
Kreuzberger Bürgermeister Franz Schulz wird da ebenfalls zum Brandstifter, wenn er am Oranienplatz eine 
Konfrontation zwischen campierenden Asylbewerbern und Anwohnern zulässt. Die Flüchtlinge prangern zu Recht 
das Asylrecht an, das nicht zuerst auf Hilfe, sondern auf Abschreckung angelegt ist. Doch Schulz weiß genau, dass 
sie dort auf dem Platz keine Zukunft haben; die Zustände zu tolerieren ist nicht humanitär, sondern politischer 
Eigennutz.

Flüchtlinge Über den Zaun Von Gerd Nowakowski
Eine Revision des Gesetzes, 20 Jahre nach dem Asylkompromiss, ist überfällig. Es ist die Politik selbst, die 
Anwohnerproteste schafft, wenn sie hunderte Flüchtlinge in leer stehende Schulen zwingt wie in Hellersdorf, anstatt 
sie in Wohnungen unterzubringen, wo sie sich integrieren können. Es ist falsch, Asylbewerbern jede Ausbildung, 
jedes Studium oder jede Arbeit zu verbieten und ihnen eine Residenzpflicht aufzuzwingen, statt ihnen 
Bewegungsfreiheit zuzugestehen. Die Lehre aus Lampedusa lautet darum: Wenn man es sich zu einfach macht, 
dann wird es nur schwieriger. Für alle."
2013-07,Main Corpus,2013-07(104).ZIP,FLÜCHTLINGSCAMP AM ORANIENPLATZ Politiker kommen nicht zum Runden Tisch.PDF,C:\PythonProjects\AfD-project\Corpora\Main Corpus\2013-07\raw_unarchive\FLÜCHTLINGSCAMP AM ORANIENPLATZ Politiker kommen nicht zum Runden Tisch.PDF,FLÜCHTLINGSCAMP AM ORANIENPLATZ Politiker kommen nicht zum Runden Tisch,flüchtlingscamp am oranienplatz politiker kommen nicht zum runden tisch,Der Tagesspiegel,der tagesspiegel,Dienstag 16. Juli 2013,,BERLIN; S. 8; Ausg. 21749,133,1067,ee887e25acff245a9f83823bc01c4c3b4441cf56,,unique,keep,,no,,no,,,1830,no,,,,,"EINLADUNG
Seit Monaten campieren Flüchtlinge am Oranienplatz in Kreuzberg. Sie fordern mehr Rechte und bessere 
Lebensbedingungen für Asylbewerber in Deutschland. Der Bezirksbürgermeister von Friedrichshain-Kreuzberg, 
Franz Schulz (Grüne), hat vergangene Woche Bundes- und Landespolitiker zu einem Runden Tisch am 
Donnerstag eingeladen.
ABSAGEN
Die Teilnahme abgelehnt haben jetzt Innensenator Frank Henkel und Staatssekretär Bernd Krömer (beide CDU). 
Dies sei kein geeigneter Rahmen, solange Schulz ""die rechtswidrige Situation am Oranienplatz duldet"", sagte ein 
Sprecher. Auch Sozialsenator Mario Czaja (CDU) wird nicht kommen: Die Forderungen beträfen ausschließlich 
Bundesrecht. Auch stehe Czaja nicht hinter der geforderten Abschaffung der Residenzpflicht. Integrationssenatorin 
Dilek Kolat (SPD) sagte aus Termingründen ab. Der Senat sei aber durch die Integrationsbeauftragte Monika Lüke 
vertreten. Die Integrationsbeauftragte des Bundes, Marion Böhmer (CDU), ist im Urlaub, Bundesinnenminister 
Hans-Peter Friedrich (CSU) äußerte sich bisher nicht. axh"
2013-07,Main Corpus,2013-07(104).ZIP,Flüchtlingsdrama vor der Insel Java Boot mit mehr als 200 Menschen an Bord sinkt. Zahl der Opfer noc.PDF,C:\PythonProjects\AfD-project\Corpora\Main Corpus\2013-07\raw_unarchive\Flüchtlingsdrama vor der Insel Java Boot mit mehr als 200 Menschen an Bord sinkt. Zahl der Opfer noc.PDF,Flüchtlingsdrama vor der Insel Java Boot mit mehr als 200 Menschen an Bord sinkt. Zahl der Opfer noch,flüchtlingsdrama vor der insel java boot mit mehr als 200 menschen an bord sinkt zahl der opfer noch,Berliner Zeitung,berliner zeitung,Donnerstag 25. Juli 2013,,PANORAMA; S. 28; Ausg. 171,317,2255,75af1cc0e176b66c8e34da9745cdfbb2b9826ed8,,unique,keep,,no,,no,,,3476,no,,,,,"Vor der Küste Indonesiens ist ein Flüchtlingsboot mit mehr als 200 Menschen an Bord gesunken. Wie Polizei und 
Rettungskräfte am Mittwoch mitteilten, starben mindestens sieben Menschen, darunter fünf Kinder. Auch eine 
schwangere Frau kam ums Leben. 156 Flüchtlinge konnten gerettet werden. Wie viele Menschen vermisst werden, 
war zunächst noch unklar. In Australien, wohin die Flüchtlinge offenbar unterwegs waren, flammte die Debatte um 
den Umgang mit Flüchtlingen neu auf.
Das Drama ereignete sich bei stürmischer See vor der Südküste der Insel Java. Ein indonesischer Polizeisprecher 
gab an, er rechne damit, dass 204 Menschen an Bord des Bootes waren, das am Dienstagabend (Ortszeit) zu 
sinken begonnen hatte. Ein Überlebender sprach von mindestens 250 Flüchtlingen. Einsatzleiter Rochmali zufolge 
haben die Geretteten angegeben, aus dem Irak, dem Iran und aus Sri Lanka zu stammen.
Nach Medienberichten schwammen etwa 38 Menschen in der Dunkelheit stundenlang um ihr Leben, bis sie die 
Küste erreichten. Unter ihnen waren auch Frauen und Kinder. Die australische Zeitung Daily Telegraph zitierte 
einen Mann namens Soheil mit den Worten, er sei der einzige Überlebende einer Gruppe von 61 iranischen 
Flüchtlingen. Seinen Angaben zufolge verließ der sri-lankische Kapitän das sinkende Schiff in einem kleinen Boot.
Die australische Küstenwache gab an, nicht in den Vorfall involviert zu sein. Die indonesischen Behörden 
koordinierten die Bergungs- und Rettungsarbeiten allein. Medienberichten zufolge war das Ziel der Flüchtlinge 
Australien. Auf dem gefährlichen Seeweg ertranken in der Vergangenheit bereits Hunderte illegale Einwanderer. 
Seit Jahresbeginn trafen mehr als 13000 Asylbewerber in Australien ein.
Der Umgang mit Flüchtlingen ist ein wichtiges Thema vor der Parlamentswahl im September. Am Freitag teilte 
Australiens Premierminister Kevin Rudd mit, gemäß einem mit Papua-Neuguinea geschlossenen Abkommen 
würden Bootsflüchtlinge künftig dorthin geschickt. Neuen Zündstoff erhielt die Debatte am Mittwoch durch Rod St. 
George, früherer ranghoher Mitarbeiter eines Lagers auf der Insel Manus, die zu dem Land gehört. Er sagte im 
australischen Fernsehen, in den Aufnahmelagern würden Menschen gefoltert und vergewaltigt. (AFP)"
2013-07,Main Corpus,2013-07(104).ZIP,FLÜCHTLINGSHEIME Asylbewerber als Anwohner.PDF,C:\PythonProjects\AfD-project\Corpora\Main Corpus\2013-07\raw_unarchive\FLÜCHTLINGSHEIME Asylbewerber als Anwohner.PDF,FLÜCHTLINGSHEIME Asylbewerber als Anwohner,flüchtlingsheime asylbewerber als anwohner,Der Tagesspiegel,der tagesspiegel,Dienstag 30. Juli 2013,,BERLIN; S. 8; Ausg. 21763,132,928,ff35c6b2e979136686c2881a76a5b71206750351,,unique,keep,,no,,no,,,1460,no,,,,,"WER ZUFLUCHT SUCHT
Seit Jahren sind nicht so viele Flüchtlinge nach Berlin gekommen wie in diesem Frühjahr und Sommer. Die meisten 
sind Roma vom Balkan, Flüchtlinge aus Tschetschenien und Syrien. Der zuständige Sozialsenator Mario Czaja 
(CDU) hatte sich über deren Unterbringung mit den Bezirken gestritten.
WO SIE IN BERLIN LEBEN
Die Asylbewerberunterkünfte sind sehr ungleich in der Stadt verteilt. In Lichtenberg sind derzeit fast 1700 Frauen, 
Männer und Kinder untergebracht; in Mitte, Tempelhof-Schöneberg, Spandau jeweils rund 800. In Steglitz-
Zehlendorf hingegen sind es knapp 150 Menschen, in Neukölln weniger als 30.
ANWOHNER-KLAGEN
Neben Hellersdorf hatten sich Anwohner vor allem in Wittenau über eine Flüchtlingsunterkunft beschwert. Eine 
Gemeinschaft von Wohnungseigentümern geht rechtlich gegen die Unterkunft im Marie-Schlei-Haus vor. Durch die 
enge Belegung steige dort unter anderem die Seuchengefahr. hah"
2013-07,Main Corpus,2013-07(104).ZIP,FRAGEN Asylbewerber in Berlin.PDF,C:\PythonProjects\AfD-project\Corpora\Main Corpus\2013-07\raw_unarchive\FRAGEN Asylbewerber in Berlin.PDF,FRAGEN Asylbewerber in Berlin,fragen asylbewerber in berlin,Berliner Zeitung,berliner zeitung,Freitag 12. Juli 2013,,LOKALES; S. 16; Ausg. 160,377,2745,3a0e8bdceada26b8177d6c2742a8702d0c39a131,,unique,keep,,no,,no,,,3421,no,,,,,"Wie viele Asylbewerber kommen derzeit in die Hauptstadt?
Bis zum Jahresende werden laut dem Landesamt für Gesundheit und Soziales (Lageso) rund 43000 Flüchtlinge in 
Deutschland erwartet, etwa 5000 davon in Berlin. Derzeit leben in der Hauptstadt bereits mehr als 6000 Flüchtlinge 
in über 30 Unterkünften.
Woher stammen sie?
Flüchtlinge kommen derzeit vor allem aus Kriegs- und Krisenländern wie Syrien, Afghanistan und Pakistan, aber 
auch aus ehemaligen GUS-Staaten sowie aus Serbien und Bosnien-Herzegowina.
Ist Berlin überdurchschnittlich beteiligt an der Aufnahme?
Nein. Etwa 15Prozent aller Flüchtlinge kommen über Berlin nach Deutschland. Ein Drittel davon muss das Land 
Berlin aufnehmen. Zwei Drittel werden auf andere Orte in der Bundesrepublik verteilt.
Wer entscheidet über die gestellten Asylanträge? Hat das Land Berlin Möglichkeiten, die Dauer des Asylverfahrens 
zu beeinflussen?
Nein, die Bundesländer und auch Berlin haben mit dem Asylverfahren an sich überhaupt nichts zu tun. Zuständig 
ist ausschließlich das Bundesamt für Migration und Flüchtlinge. Dort müssen die Anträge gestellt werden und dort 
werden sie auch bearbeitet und entschieden. Wie lange das dauert, hängt von jedem Einzelfall ab.
Wie lange leben die Menschen durchschnittlich in einem Heim?
In Artikel 47 des Asylverfahrensgesetzes ist geregelt, dass Asylbewerber für mindestens sechs Wochen, längstens 
aber für drei Monate in den zuständigen Aufnahmeeinrichtungen wohnen müssen. Danach sollen sie bis zur 
Entscheidung über ihr Asylersuchen in der Regel in Gemeinschaftsunterkünften untergebracht werden. Ein 
Asylverfahren kann 15 bis 20 Monate dauern.
Dürfen die Flüchtlinge arbeiten?

FRAGEN Asylbewerber in Berlin
Asylbewerber dürfen nicht arbeiten. Stattdessen haben sie Anrecht auf Sozialleistungen, die vorwiegend durch 
Sachleistungen abgedeckt werden. Eine Härtefallregelung sieht vor, dass Asylbewerber, die sich länger als ein Jahr 
in Deutschland aufhalten, mit Erlaubnis der Arbeitsagentur eine Tätigkeit aufnehmen dürfen.
Gibt es Erkenntnisse, ob sich rund um die Heime Kriminalitätsschwerpunkte gebildet haben?
Nach Angaben des Lageso gibt es in Berlin rund um die Unterkünfte keine größeren Probleme. Im Bereich der für 
mehrere Bezirke zuständigen Polizeidirektion 6, wo sieben Asylbewerberunterkünfte und zwei Erstaufnahmeheime 
existieren, gibt es nach Angaben der Polizei keine erhöhte Kriminalität.
Wie soll bei der angespannten Situation in Hellersdorf für Sicherheit gesorgt werden?
Wegen des Streits schickt die Polizei öfter Streifen in den Kiez. Die Polizeipräsenz werde ""lageabhängig"" 
angepasst, heißt es. Für die Sicherheit im Heim ist der Betreiber zuständig, er hat einen privaten Sicherheitsdienst 
beauftragt. (el., cls.)"
2013-07,Main Corpus,2013-07(104).ZIP,Freie Fahrt im Pfändertunnel Korridorvignette fällt weg - Staus in Lindau und Bregenz befürchtet.PDF,C:\PythonProjects\AfD-project\Corpora\Main Corpus\2013-07\raw_unarchive\Freie Fahrt im Pfändertunnel Korridorvignette fällt weg - Staus in Lindau und Bregenz befürchtet.PDF,Freie Fahrt im Pfändertunnel Korridorvignette fällt weg - Staus in Lindau und Bregenz befürchtet,freie fahrt im pfändertunnel korridorvignette fällt weg  staus in lindau und bregenz befürchtet,Südwest Presse,südwest presse,Donnerstag 4. Juli 2013,,Südwestumschau; S. 8,595,4180,8829d4ab483d1ac43d9551d2f8e9d03c39e28680,,unique,keep,,no,,no,,,5288,no,,,,,"Auf diesen Tag haben sich alle gefreut: Fernfahrer, Pendler, Urlauber. Heute früh gaben die österreichischen 
Behörden den Pfändertunnel komplett frei. Jetzt ist auch die alte Röhre aus den achtziger Jahren nach einjähriger 
Sanierung in Betrieb, der Verkehr rollt erstmals durch beide Röhren. Vorbei scheint die Zeit der langen Staus vor 
den beiden Portalen des Pfänderbergs, die verursacht wurden, weil sich die Autobahnen - auf deutscher Seite die A 
96, auf österreichischer Seite die A 14 - durch den Tunnel auf zwei Spuren verengten. ""Das war sehr lästig"", sagt 
Thomas Baumann von der Stadt Bregenz, ""wir sind sehr froh über die Freigabe, denn die beiden Röhren bedeuten 
mehr Sicherheit.""
Doch im gleichen Atemzug kommt der Rathaussprecher auf den ""Wermutstropfen"" zu sprechen, der die Freude 
über den Endausbau des Pfändertunnels vergällt. Denn mit der Freigabe der zweiten Röhre fällt die 
Korridorvignette weg. Sie war für viele Autofahrer aus Deutschland mit dem Ziel Schweiz oder Bregenzerwald ein 
Anreiz, den Tunnel zu nutzen, statt sich ohne Maut durch die Bregenzer Innenstadt zu plagen.
Die österreichische Mautgesellschaft Asfinag führte diese Vignette für zwei Euro pro Fahrt vor fünf Jahren ein, um 
Bregenz zu entlasten. Sie galt für den Streckenabschnitt zwischen Hörbranz und Hohenems. Nun müssen alle, die 
den Tunnel passieren, mindestens eine Zehn-Tagesvignette für 8,30 Euro lösen. Diese Vignette berechtigt dazu, 
das ganze österreichische Autobahnnetz zu benutzen. Doch davon haben jene Kraftfahrer wenig, die gleich nach 
dem Tunnel die Autobahn wieder verlassen.
Der Wegfall der Korridorvignette hat in Bregenz, aber auch auf der deutschen Seite Empörung ausgelöst. Der 
Lindauer Landrat Elmar Stegmann (CSU)ist besonders enttäuscht. Er erinnert daran, dass der österreichische 
Außenminister Michael Spindelegger gegenüber Bayerns Ministerpräsident Horst Seehofer angekündigt hat, nach 
einer besseren Lösung zu suchen. Stegmann wetterte, die Asfinag werde mit der Entscheidung, die 
Korridorvignette abzuschaffen, ""leider einmal mehr ihrem ohnehin schon ramponierten Image als staatlich 
lizensierter Betrieb der Wegelagerei mehr als gerecht"".
Jemand, der jetzt die ZehnTages-Vignette kaufen müsse, komme sich vor wie einer, der für ein Glas Milch gleich 
die ganze Kuh kaufen müsse, sagte Landrat Stegmann. Wilfried Vögel von der Lindauer Stadtverwaltung spricht 
von Schikane.

Freie Fahrt im Pfändertunnel Korridorvignette fällt weg - Staus in Lindau und Bregenz befürchtet
Wenn es nur bei den finanziellen Folgen bliebe. Die Städte Bregenz und Lindau befürchten, dass sich Autofahrer, 
denen die Vignette zu teuer ist, mit ihrem Fahrzeug durch die Innenstädte quetschen. Auf Lindauer Seite ist 
hauptsächlich der Stadtteil Zech betroffen, auf Bregenzer Seite Lochau und das Zentrum. Um zu verhindern, dass 
ein Verkehr der Maut-Flüchtlinge entsteht, müsste der Pfändetunnel von der Gebühr befreit sein, sagt Baumann: 
""Die Tages-Vignette war dafür der Schritt in die richtige Richtung.""
Der Bregenzer Bürgermeister Markus Linhart hat die Wiener Regierung bekniet, die Tagesvignette beizubehalten. 
Er bat um einen Termin bei Verkehrsministerin Doris Bures, bekam aber keinen. Auch die Internationale Bodensee-
Konferenz appellierte an die Wiener Regierung. Die Asfinag blieb hart. Die Maut-Gesellschaft verweist auf die 
gesetzliche Regelung. Danach endet das Pilotprojekt Korridorvignette mit dem Vollausbau des Pfändertunnels. Die 
Asfinag spricht von einem Einnahmeausfall von fünf Millionen Euro durch die günstige Tagesvignette. Diese 
Kalkulation wird aber von der Stadt Bregenz bestritten. Die Rechnung ginge nur auf, wenn wirklich alle Teilnehmer 
des Transitverkehrs die Zehn-Tages-Vignette lösen würden. Was sie aber nicht täten. Und so habe Bregenz die 
Lasten zu tragen.
Der Protest scheint nichts zu nutzen. Nur durch eine Gesetzesänderung könnte die Korridorvignette wieder 
eingeführt werden. Abgeordnete wollen einen Antrag im Parlament einreichen. Baumann macht sich aber keine 
Hoffnungen. ""Das wird verpuffen."" Auch Vögel ist überzeugt: ""Für eine Gesetzesänderung gibt es keine 
Bereitschaft. Wir laufen gegen eine Wand."""
2013-07,Main Corpus,2013-07(104).ZIP,Grenzen der Toleranz Forsa-Umfrage_ Jeder fünfte Berliner würde sich von Flüchtlingen in der Nachbar.PDF,C:\PythonProjects\AfD-project\Corpora\Main Corpus\2013-07\raw_unarchive\Grenzen der Toleranz Forsa-Umfrage_ Jeder fünfte Berliner würde sich von Flüchtlingen in der Nachbar.PDF,Grenzen der Toleranz Forsa-Umfrage: Jeder fünfte Berliner würde sich von Flüchtlingen in der Nachbarschaft,grenzen der toleranz forsaumfrage jeder fünfte berliner würde sich von flüchtlingen in der nachbarschaft,Berliner Zeitung,berliner zeitung,Montag 29. Juli 2013,Sabine Rennefanz,LOKALES; S. 15; Ausg. 174,488,3564,76046445dcf486b2ea72d1dcf30c0dcab0a4ded9,,unique,keep,,no,,no,,,4654,no,,,,,"Kürzlich veröffentlichte das Bundesamt für Migration und Flüchtlinge (BAMF), dass die Zahl der Asylbewerber 
deutschlandweit im ersten Halbjahr 2013 um 86,5 Prozent im Vergleich zum Vorjahreszeitraum gestiegen ist. Auch 
in Berlin kommen immer mehr Flüchtlinge an, der Senat sucht dringend nach Unterkünften, tausend Plätze fehlen.
Auch wenn in der Stadt Konflikte um Asylbewerber schwelen, zeigt sich die Mehrheit der Berliner tolerant. 
Allerdings gibt es eine nicht unbedeutende Minderheit von 21 Prozent, die sich nach eigenem Bekunden gestört 
fühlen würde, wenn in ihrer direkten Nachbarschaft eine Flüchtlingsunterkunft eingerichtet werden würde. Auf 
diesen Bevölkerungs-teil dürften sich die Bemühungen rechtsradikaler Parteien richten, die versuchen, die 
Flüchtlingsproblematik für den Wahlkampf zu benutzen. Auf einer Anwohnerversammlung neulich in Hellersdorf 
hatte die NPD damit bereits Erfolg. Die Forsa-Umfrage im Auftrag der Berliner Zeitung wurde danach durchgeführt, 
zwischen dem 16. und dem 25. Juli 2013. 1005 Menschen wurden befragt.
Zwei Drittel der Befragten (65Prozent) haben sich gegen Stadtrand-Ghettos ausgesprochen, sie sind dafür, dass 
Flüchtlinge in Wohngebieten in der Stadt untergebracht werden. Trotz des Wirbels um Hellersdorf: Es fällt auf, dass 
die Ablehnung von Flüchtlingen in der Nachbarschaft im Ostteil nicht wesentlich größer ist als im Westen. Im Osten 
würden sich 23 Prozent der Befragten ""stark"" oder ""sehr stark"" gestört fühlen, im Westen 19 Prozent. Am stärksten 
ist die Ablehnung von Flüchtlingen im Kiez bei über 45-Jährigen und CDU-Wählern.
Was die Hintergründe der steigenden Asylbewerberzahlen angeht, gibt es offenbar Aufklärungsbedarf in der 
Bevölkerung. Laut BAMF stammen die meisten Flüchtlinge aus Kriegsgebieten wie Tschetschenien, Syrien und 
Afghanistan. Mehr als die Hälfte bekommt wegen drohender Verfolgung einen Schutzstatus. Trotzdem glauben 63 
Prozent der Befragten, dass die meisten Zuwanderer aus wirtschaftlichen Motiven kommen. Besonders verbreitet 
ist diese Auffassung unter CDU-Anhängern. Je mehr man nachfragt, desto stärker wird deutlich, dass die Berliner 
bei aller Toleranz auch Ängste und Sorgen mit Flüchtlingsheimen verbinden.
Die Hälfte der Berliner ist der Meinung, dass die Unterkünfte Auswirkungen auf den Stadtteil haben, in dem sie 
liegen. Wenn man sich bei diesen Befragten erkundigt, welche Folgen das sein könnten, ohne Antworten 
vorzugeben, nennen 29 Prozent in freier Assoziation steigende Kriminalität und Gewalt, 18 Prozent soziale 

Grenzen der Toleranz Forsa-Umfrage: Jeder fünfte Berliner würde sich von Flüchtlingen in der Nachbarschaft 
gestört fühlen
Spannungen, 16 Prozent mehr Müll. 9 Prozent sehen auch etwas Positives - und erwarten einen Kulturaustausch. 
Ob es sich dabei um Aktivisten des provisorischen Flüchtlingscamps auf dem Oranienplatz handelt, ist unbekannt.
Der Staatssekretär für Inneres, Bernd Krömer (CDU), ist auf die Ängste kürzlich im Zusammenhang mit dem 
Flüchtlingscamp eingegangen. In einem Brief an den scheidenden Bezirksbürgermeister von Friedrichshain-
Kreuzberg, Franz Schulz (Grüne), drückte er seine Sorge über steigende Kriminalität rund um den Platz aus. Seit 
September 2012 habe sich die Sicherheitslage in Teilbereichen verschlechtert. Die Polizei kann das zwar nicht 
direkt nachweisen, aber Schlagzeilen machte eine Messerstecherei zwischen einem Anwohner und einem 
Flüchtling, zuletzt kursierten Vergewaltigungsvorwürfe. Schulz' designierte Nachfolgerin, Monika Herrmann, will das 
Camp aber auch nicht auflösen."
2013-07,Main Corpus,2013-07(104).ZIP,"Herausforderung ja, Asylproblem nein FLUCHT Für die baldige Ankunft von knapp 1.000 Menschen aus Syr.PDF","C:\PythonProjects\AfD-project\Corpora\Main Corpus\2013-07\raw_unarchive\Herausforderung ja, Asylproblem nein FLUCHT Für die baldige Ankunft von knapp 1.000 Menschen aus Syr.PDF","Herausforderung ja, Asylproblem nein FLUCHT Für die baldige Ankunft von knapp 1.000 Menschen aus Syrien",herausforderung ja asylproblem nein flucht für die baldige ankunft von knapp 1000 menschen aus syrien,"taz, die tageszeitung",taz die tageszeitung,Donnerstag 25. Juli 2013,MARCO CARINI,NORD AKTUELL; S. 21,637,4622,3befbe8c4b17c42ebf97520cc216451af1a6aea1,,unique,keep,,no,,no,,,6438,no,,,,,"VON MARCO CARINI
5.000 sind es bundesweit, gut 900 von ihnen sollen in den vier Nordländern untergebracht werden die Rede ist 
von Menschen, die vor dem syrischen Bürgerkrieg geflohen sind und in den kommenden Wochen im ganzen 
Bundesgebiet ankommen sollen. 470 von ihnen soll nach dem sogenannten Königsteiner Verteilungsschlüssel 
Niedersachsen aufnehmen, 160 das Land Schleswig-Holstein, 130 Hamburg, gut 100 Mecklenburg-Vorpommern 
und 50 Flüchtlinge sollen in Bremen eine neue Heimat finden.
Die Unterbringung der Flüchtlinge stellt die Bundesländer vor Probleme. Denn die Zahl der Asylsuchenden steigt 
seit 2007 kontinuierlich. Wurden 2007 bundesweit knapp 20.000 Asylanträge gestellt, so waren es 2011 über 
45.000 und im vergangenen Jahr knapp 65.000. In diesem Jahr, so prognostiziert das Bundesamt für Migration und 
Flüchtlinge, könnte die Hunderttausender-Schallmauer erstmals seit 1998 wieder durchbrochen werden. Das reicht 
für Springers Regionalzeitung Hamburger Abendblatt, um in seiner Ausgabe von Dienstag kraftvoll zu titeln: 
Deutschland hat ein neues Asylproblem .
Containerdörfer entstehen
Die Bundesländer bereiten sich derweil auf die erwarteten Flüchtlinge vor. Wir erweitern in diesem Jahr unsere 
Unterbringungsmöglichkeiten für Flüchtlinge um 500 Plätze , erläutert Bernd Schneider von der Bremer 
Sozialbehörde. So sei in der Eduard-Grunow-Straße schon ein Übergangsheim eröffnet worden. Außerdem werde 
an drei neuen Containerdörfern mit je gut 100 Plätzen gearbeitet, sagt Schneider.

Herausforderung ja, Asylproblem nein FLUCHT Für die baldige Ankunft von knapp 1.000 Menschen aus Syrien 
in Norddeutschland fehlen noch Unterkünfte. Der Anstieg ....
Die Bauten stoßen auf unterschiedliches Echo. In Bremen-Mitte und Schwachhausen wurden die Flüchtlinge von 
der Nachbarschaft sehr positiv begrüßt und ihnen unterschiedlichste Hilfe angeboten , weiß Schneider. An der 
Peripherie, in Bremen-Nord und West gäbe es allerdings in der Nachbarschaft der Container-Wohnheime deutliche 
Vorbehalte in der Nachbarschaft. Hier leben bereits ziemlich viele Armutszuwanderer aus Rumänien und 
Bulgarien, so dass es heißt, die Stadtteile seien belastet genug , beschreibt Schneider die Erfahrungen mit der 
Durchführung des Unterbringungs-Programms.
In den anderen Bundesländern sieht es nicht viel anders aus. Nachdem zwischen 1997 und 2007 die Zahl der 
Flüchtlinge aufgrund der Asylgesetzgebung um 80 Prozent zurückging, bauten alle Länder ihre 
Unterbringungsplätze rapide ab und müssen sie nun genauso rapide wieder aufstocken.
In Niedersachsen und Schleswig-Holstein, wo das Innenministerium davon ausgeht, dass die ersten Flüchtlinge 
nicht vor September eintreffen werden, bemühen sich die Landesregierungen derzeit sich mit den Kommunen ins 
Benehmen zu setzen, wo noch Unterbringungskapazitäten geschaffen werden können.
In Schleswig-Holstein etwa hat sich die Zahl der neu aufgenommenen Flüchtlinge in der ersten Jahreshälfte im 
Vergleich zum selben Vorjahreszeitraum fast verdoppelt von knapp 800 auf über 1.500. Innenminister Andreas 
Breitner (SPD) betont: Die Lage spitzt sich zu. Hamburg prüft derweil, ob Flüchtlinge aus dem Hamburger 
Kontingent auch in den Nachbarländern untergebracht werden können, wie das seit Jahren schon in der wegen 
ihrer abgelegenen Lage hoch umstrittenen Flüchtlingsunterkunft in Horst geschieht.
Die gestiegene Zahl an Flüchtlingen führt dabei bereits nicht nur in den Medien zu Sprachwendungen, die an die 
Mitte der neunziger Jahre erinnern, wo Asylantenflut und Flüchtlingsschwemme zum allgemeinen Sprachgebrauch 
gehörten und das Bild vom mit Zuwanderern vollen und im sinken begriffenen Boot ausländerfeindliche Vorbehalte 
förderte. So forderte Lübecks Bürgermeister Bernd Saxe (SPD) vor wenigen Tagen via Lübecker Nachrichten den 
Bund auf, die versuchte Zuwanderung übers Asylrecht endlich zu begrenzen .
Eine Äußerung, die im Kieler Kabinett nicht für Erheiterung sorgte und Innenminister Andreas Breitner (SPD) zu 
einer sofortigen Reaktion ermunterte. Unser Boot ist nicht voll , konterte Breitner via Facebook: Wenn in vielen 
Ecken der Welt Krieg herrscht und der arabische Frühling sich zu einem Herbst mit Flucht und Bürgerkriegen 
entwickelt, dann kann unsere europäische Antwort kein Flüchtlingsstopp sein. 
Das sieht Bernd Schneider aus Bremen ähnlich: Ein Asylproblem haben Staaten wie Jordanien oder der Libanon, 
die gerade hunderttausende Flüchtlinge aufnehmen müssen nicht wir , lautet die klare Aussage des Bremer 
Behördensprechers.
 Ein Asylproblem haben Staaten wie der Libanon nicht wir 
Bernd Schneider, Bremer Sozialbehörde"
2013-07,Main Corpus,2013-07(104).ZIP,HEUTE.PDF,C:\PythonProjects\AfD-project\Corpora\Main Corpus\2013-07\raw_unarchive\HEUTE.PDF,HEUTE,heute,Berliner Zeitung,berliner zeitung,Donnerstag 18. Juli 2013,,POLITIK; Ausg. 165,313,2249,3c5139803cc929700040670d4a763a532e9b52b4,,unique,keep,,no,,no,,,3033,no,,,,,"Immer mehr
Flüchtlinge kommen nach Berlin
Auf der Suche nach Hilfe strömen immer mehr Flüchtlinge nach Berlin. Im Jahr 2012 nahm die Stadt 3518 neue 
Asylbewerber dauerhaft auf - ein Anstieg um 52 Prozent im Vergleich zu 2011. Das geht aus dem am Mittwoch in 
Berlin veröffentlichten Jahresbericht des Landesamtes für Gesundheit und Soziales hervor. Ein Großteil der 
Menschen stammte aus der Russischen Föderation (21 Prozent), Serbien (16,7 Prozent) sowie Bosnien und 
Herzegowina (15,8 Prozent). Weitere 2500 Flüchtlinge sollen bis Jahresende kommen. Rund 1000 
Unterbringungsplätze fehlen. Unterdessen ist der Runde Tisch über das Flüchtlingscamp am Oranienplatz 
gescheitert. Es wird einen Gesprächskreis mit den Flüchtlingen geben. Auch in Brandenburg stieg die Zahl der 
Flüchtlinge. Land und Kommunen streiten über die Aufnahme. Derweil befinden sich vier Insassen der Abschiebe-
Haftanstalt Eisenhüttenstadt im Hungerstreik. Tagesthema Seite 2, Brandenburg Seite 20
Wirbel um angeblich
zweites Prism-Programm
Die Bundesregierung ist Berichten entgegengetreten, wonach die Bundeswehr bereits seit Jahren über das US-
Spähprogramm Prism Bescheid wusste. Regierungssprecher Steffen Seibert verwies am Mittwoch auf 
Erkenntnisse des Bundesnachrichtendienstes, wonach es sich bei einem in Afghanistan verwendeten System mit 
gleichem Namen um ein anderes System handele. Es werde von der Nato-Truppe Isaf betrieben.
Leitartikel Seite 4, Politik Seite 6
Gericht schlägt Deal mit Costa-Concordia-Kapitän aus
Im Prozess um das Kentern der ""Costa Concordia"" hat das Gericht am Mittwoch die Anklageschrift gegen Kapitän 
Francesco Schettino verlesen. Schettino wollte sich teilweise schuldig bekennen, um das Strafmaß auf drei Jahre 
und fünf Monate Haft zu begrenzen. Das Gericht schlug den Deal aus. Schettino werden grobe Fehler vorgeworfen, 
die zur Katastrophe mit 32 Toten führten. Panorama Seite 28
Griechisches Parlament verabschiedet Reformpaket

HEUTE
Das griechische Parlament hat eine Reform des öffentlichen Dienstes beschlossen und damit den Weg für weitere 
internationale Hilfsgelder freigemacht. Die Abgeordneten stimmten in der Nacht zum Donnerstag für ein 
umstrittenes Gesetz, das Massenentlassungen möglich macht. Politik Seite 5"
2013-07,Main Corpus,2013-07(104).ZIP,Hilfe für Begüterte Deutschland nimmt Syrien-Flüchtlinge auf - aber nicht ohne Bedingungen.PDF,C:\PythonProjects\AfD-project\Corpora\Main Corpus\2013-07\raw_unarchive\Hilfe für Begüterte Deutschland nimmt Syrien-Flüchtlinge auf - aber nicht ohne Bedingungen.PDF,Hilfe für Begüterte; Deutschland nimmt Syrien-Flüchtlinge auf - aber nicht ohne Bedingungen,hilfe für begüterte deutschland nimmt syrienflüchtlinge auf  aber nicht ohne bedingungen,Frankfurter Rundschau,frankfurter rundschau,Donnerstag 18. Juli 2013,,Politik; S. 6,561,3929,3eed42400c754a2f1af74541bb0001e92097c27b,,unique,keep,,no,,no,,,4931,no,,,,,"Von Mira Gajevic
Man stelle sich vor, Deutschland würde 18 Millionen Flüchtlinge aufnehmen. Verglichen mit seiner Einwohnerzahl 
beherbergt der kleine Libanon derzeit so viele Opfer des syrischen Bürgerkriegs: Nämlich mehr als eine Million 
Flüchtlinge in einem Land, das selbst nur 4,2 Millionen Einwohner groß ist. Caritas-Präsident Peter Neher bemühte 
am Mittwoch auf seiner Jahres-Pressekonferenz diesen Vergleich, um die dramatische Lage der Nachbarländer zu 
verdeutlichen, die nach über zwei Jahren Bürgerkrieg in Syrien an ihre Grenzen stoßen. ""Man kann sich leicht 
ausmalen, zu welchen Spannungen das unter ungleich besseren wirtschaftlichen und einfacheren politischen 
Rahmenbedingungen in Deutschland führen würde"", sagte Neher. 
Bislang kommt nur ein sehr geringer Teil der Flüchtlinge nach Deutschland, 4500 waren es in den ersten sechs 
Monaten dieses Jahres. Insgesamt suchten seit Ausbruch des Bürgerkriegs im März 2011 rund 13 000 Syrer hier 
Schutz. 5000 besonders schutzbedürftige Syrer, die derzeit in den Flüchtlingslagern ausharren, wird die 
Bundesrepublik in den kommenden Monaten in einem Sonderprogramm zusätzlich aufnehmen. Die Bundesländer 
wurden aufgefordert, auch Verwandte von bereits in Deutschland lebenden Syrern ins Land zu holen. Der Caritas-
Präsident appellierte an die Länder, hier ""angesichts der Belastungen der Nachbarn Syriens"" Großzügigkeit zu 
zeigen. 
Unerträglich lange Wartezeit 
Auch der stellvertretende Geschäftsführer von Pro Asyl, Bernd Mesovic, hofft, dass die Bundesländer sich nicht 
hinter Auflagen, Fristen und anderen bürokratischen Hindernissen verstecken, um so die Zahl der Verwandten, die 
nach Deutschland kommen wollen, kleinzuhalten. Viele Syrer hätten in den Camps keine Papiere mehr, zum Teil 
dauere es Wochen, bis sie vor Ort einen Termin bekämen, um den Visa-Antrag stellen zu können. Wenn es dann 
noch zum Maßstab werde, dass die hier lebenden Verwandten grundsätzlich voll für den Lebensunterhalt ihrer 
Angehörigen aufkommen müssen, ""dann werden sich das nur wenige Begüterte leisten können"", so Mesovic.
Anders als viele andere Flüchtlinge aus Kriegsgebieten müssen sich die Syrer immerhin nicht um ihre Anerkennung 
sorgen. 99,5 Prozent ihrer Anträge werden anerkannt, die Bearbeitungszeit ist kurz. Doch nicht überall werden sie 
mit offenen Armen begrüßt. Vielerorts fehlen Unterkünfte, wehren sich Anwohner gegen die Einrichtung von 
Flüchtlingsheimen wie im Ost-Berliner Bezirk Hellersdorf. Viele Städte und Kommunen zeigen sich überfordert. 

Hilfe für Begüterte; Deutschland nimmt Syrien-Flüchtlinge auf - aber nicht ohne Bedingungen
Denn nicht nur aus Syrien suchen Menschen Schutz vor Bürgerkrieg und Gewalt in Deutschland. Seit Monaten 
nimmt die Zahl der Flüchtlinge zu, die sich um Asyl in der Bundesrepublik bewerben. 43 016 Menschen waren es in 
den ersten sechs Monaten dieses Jahres, das waren 86 Prozent mehr als im Vergleichszeitraum des Vorjahres. 
Überraschend viele, fast 10 000, kamen aus Russland, die meisten Tschetschenen, die vor Willkür und Verfolgung 
von staatlicher Seite und dem Terror islamistischer Gruppen fliehen. 
Neben den 4500 Syrern kamen 3448 Flüchtlinge aus Afghanistan, 4100 Menschen aus Serbien und Mazedonien - 
vor allem Vertreter der Roma-Minderheit - beantragten ebenfalls im ersten Halbjahr Asyl. Die Politik hat bislang 
nicht reagiert. Nicht nur an Heimen mangelt es, viele Asylbewerber müssen auch häufig länger als ein Jahr auf 
ihren Bescheid warten. Während bei den Roma binnen Wochen die Anträge bearbeitet und abgelehnt werden, 
müssen Asylbewerber aus dem Iran oder Afghanistan, die gute Chancen auf Erfolg haben, zum Teil sogar 17 
Monate auf ihren Bescheid warten, wie aus einer Anfrage der Linken im Bundestag hervorgeht. Für Mesovic von 
Pro Asyl ist das eine skandalöse Politik zu Lasten von Menschen, die so unter schwierigsten Bedingungen über 
Monate in Flüchtlingscamps leben müssen."
2013-07,Main Corpus,2013-07(104).ZIP,In der Sackgasse.PDF,C:\PythonProjects\AfD-project\Corpora\Main Corpus\2013-07\raw_unarchive\In der Sackgasse.PDF,In der Sackgasse,in der sackgasse,Berliner Zeitung,berliner zeitung,Freitag 26. Juli 2013,,LOKALES; S. 15; Ausg. 172,295,2147,41544be605f138c1af1b3c4b150b0055ef5dbea4,,unique,keep,,no,,no,,,2767,no,,,,,"Das Flüchtlingscamp und die mit Flüchtlingen belegte Schule in Kreuzberg machen wieder Schlagzeilen, diesmal 
mit einer mutmaßlichen Vergewaltigung einer Aktivistin durch einen ausländischen Campbewohner. Die Polizei, die 
davon nicht im Mai aus der linksautonomen Primärquelle Indymedia, sondern erst jetzt aus einer Boulevardzeitung 
erfuhr, ermittelt. Darüber hinaus gibt es für Politik und interessierte gesellschaftliche Gruppen, womit nicht die um 
sich selbst kreisenden ""linken Strukturen"" gemeint sind, die dringende Aufgabe, für die Flüchtlinge endlich einen 
Ausweg aus der Sackgasse zu finden. Ein Dreivierteljahr lang leben diese unter unwürdigen Umständen, von linken 
""Antirassisten"" benutzt als Speerspitze gegen die herrschende Asylpolitik, vom grünen Bürgermeister Schulz für 
seine persönliche Kreuzberg-ist-anders-Show und von der CDU, um Ressentiments gegen Ausländer zu 
verstärken. Nur die SPD ist draußen, die macht in dieser Sache nichts.
Der Frust im Lager wächst unterdessen. Die Flüchtlinge haben nichts von dem bekommen, was ihnen Schulz und 
ihre ""Unterstützer"" versprochen haben. Die Aufmerksamkeit der Öffentlichkeit richtet sich nicht auf die teils 
berechtigten Anliegen der Flüchtlinge, sondern eher auf unschöne Begleitumstände ihrer Unterbringung. Und der 
Runde Tisch, zu dem der grüne Bezirksbürgermeister Land und Bund zitieren wollte, war erwartungsgemäß eine 
Pleite. Das treibt die Betroffenen weiter in die Verzweiflung.
Was sie brauchen, ist eine realistische Perspektive, und die wird in einem Wahlkampfjahr sicher nicht sein, dass die 
CDU sich gütig für ein pauschales Aufenthaltsrecht für alle einsetzt, die in Berlin für Asyl protestieren und Straßen 
blockieren. Die Lösung kann andererseits nicht sein, mit einem markigen Polizeieinsatz eine nachhaltige Lösung 
des Problems erreichen zu wollen. Denn noch gilt dem Buchstaben und dem Geist nach das Rest-Asylrecht im 
Grundgesetz. Vor allen von den Grünen wüsste man gern Wege, die aus diesem grünen Kreuzberger Schlamassel 
herausführen.
Foto: <Autor_Lokal>Thomas Rogalla
</Autor_Lokal>fordert eine Perspektive für die Flüchtlinge in Kreuzberg."
2013-07,Main Corpus,2013-07(104).ZIP,Kein Platz für Flüchtlinge ASYLPOLITIK II Das neue Konzept zur Unterbringung von Flüchtlingen in Bra.PDF,C:\PythonProjects\AfD-project\Corpora\Main Corpus\2013-07\raw_unarchive\Kein Platz für Flüchtlinge ASYLPOLITIK II Das neue Konzept zur Unterbringung von Flüchtlingen in Bra.PDF,Kein Platz für Flüchtlinge ASYLPOLITIK II Das neue Konzept zur Unterbringung von Flüchtlingen in,kein platz für flüchtlinge asylpolitik ii das neue konzept zur unterbringung von flüchtlingen in,"taz, die tageszeitung",taz die tageszeitung,Dienstag 09. Juli 2013,AKW,BERLIN AKTUELL; S. 21,377,2910,64c961fb41a7ae890dcbd71bb799fa43ee0b1946,,unique,keep,,no,,no,,,4172,no,,,,,"Es war nach mehrmonatiger Verlängerung der Beratungszeit dringend erwartet worden: das neue 
Unterbringungskonzept Brandenburgs für Flüchtlinge. Auch in dem dünn besiedelten Land stellt eine wachsende 
Zahl Schutzsuchender die Kommunen bei der Wohnraumversorgung zunehmend vor Probleme. Das 65-seitige 
Konzept, das Sozialstaatssekretär Wolfgang Schröder vergangene Woche in Potsdam präsentierte, erntet 
allerdings vor allem heftige Kritik.
 Wir hatten endlich ein Unterbringungskonzept erwartet und erhielten einen Bericht über das Scheitern eines 
solchen , sagt etwa die sozialpolitische Sprecherin von Bündnis 90/Die Grünen im Brandenburger Landtag, Ursula 
Nonnemacher. Das vorrangige Ziel des neuen Konzepts, Flüchtlinge in Wohnungen statt in 
Gemeinschaftsunterkünften unterzubringen und so ihre Integration zu erleichtern, sei auf den Sankt 
Nimmerleinstag in der nächsten Legislaturperiode verschoben worden.
Tatsächlich macht das Konzept wenig Hoffnung auf baldige Verbesserung der aktuell schwierigen Wohnsituation 
für Flüchtlinge in Brandenburg. Die Zahl der dem Land von Bundesamt für Migration zugewiesenen Asylsuchenden 
ist vor dem Hintergrund bundesweit steigender Flüchtlingszahlen von 570 im Jahr 2007 auf 1.700 2012 gestiegen. 
Wohnheime sind überfüllt, vielerorts werde der seit 20 Jahren geltende Schlüssel von sechs Quadratmeter 
Wohnraum pro Person nicht mehr eingehalten, klagt der Landesflüchtlingsrat. Auch für soziale Betreuung sei nicht 
ausreichend gesorgt.
Vor allem in diesen Punkten sollte das Konzept Abhilfe schaffen. Doch das Papier aus dem Sozialministerium 
macht keinen Hehl daraus, dass es angesichts der steigenden Flüchtlingszahlen diese Ziele aufgibt: Die 
grundsätzlichen Zielrichtungen müssten vor dem Hintergrund der gegenwärtigen Unterbringungssituation 
relativiert werden , heißt es da. Zudem ergebe sich aus der heterogenen Situation in den Kommunen, dass es 

Kein Platz für Flüchtlinge ASYLPOLITIK II Das neue Konzept zur Unterbringung von Flüchtlingen in 
Brandenburg geht auf Abstand zu seinen ursprünglichen Zielsetzu....
sich bei einem Unterbringungskonzept für das Land Brandenburg nicht um ein auf die Kreisebene 
heruntergebrochenes Konzept mit detaillierten Vorgaben handeln kann . Mit anderen Worten: Das Land will den für 
die Unterbringung verantwortlichen Kommunen gar keine verbindlichen Vorschriften machen. So weisen die 
Verfasser auch die von Kommunen geäußerten Zweifel an der Finanzierbarkeit der Wohnungsunterbringung 
zurück: Da das neue Konzept keine verbindlichen Vorgaben an die Kommunen enthalte, gehe auch die 
Argumentation zur angeblichen Unterfinanzierung weitgehend in die Irre .
 Das Konzept löst keine Probleme , sagt Simone Tetzlaff vom Flüchtlingsrat Brandenburg. Es sei bedauerlich, dass 
die Landesregierung nicht in der Lage war, etwas Konkreteres zu entwickeln . Die Konsequenzen trügen weiterhin 
die Flüchtlinge. AKW"
2013-07,Main Corpus,2013-07(104).ZIP,Keine Aufnahme Ein Whistleblower sucht verzweifelt Asyl - auch in Deutschland. Doch die Chancen ware.PDF,C:\PythonProjects\AfD-project\Corpora\Main Corpus\2013-07\raw_unarchive\Keine Aufnahme Ein Whistleblower sucht verzweifelt Asyl - auch in Deutschland. Doch die Chancen ware.PDF,Keine Aufnahme Ein Whistleblower sucht verzweifelt Asyl - auch in Deutschland. Doch die Chancen waren,keine aufnahme ein whistleblower sucht verzweifelt asyl  auch in deutschland doch die chancen waren,Der Tagesspiegel,der tagesspiegel,Mittwoch 3. Juli 2013,Christian Tretbar,ZWEITE; S. 2; Ausg. 21736,784,5855,7175b92bfdce16f23d83948ff04bf67e33833388,,unique,keep,,no,,no,,,7391,no,,,,,"Von Albert Funk und Christian Tretbar
Er gilt als ausgewiesener IT-Spezialist, aber auf der Suche nach einer neuen Heimat vertraute er lieber dem 
Faxgerät: Edward Snowden hat am Dienstagfrüh per Fax in der Deutschen Botschaft in Moskau Asyl beantragt. Er 
tat das auch in 19 weiteren Staaten. Derzeit sitzt der Mann, der mit seinen Enthüllungen zu den Maßnahmen des 
amerikanischen Geheimdienstes NSA für Spannungen zwischen den USA und einer Reihe betroffener Staaten 
sorgt, ohne gültige Papiere im Transitbereich des Moskauer Flughafens Scheremetjewo fest. Am Abend stellte die 
Bundesregierung klar, dass sie Snowdens Aufnahmegesuch ablehnt.
Wie hat die Bundesregierung die Ablehnung des Aufnahmegesuchs begründet?
""Die Voraussetzungen für eine Aufnahme liegen nicht vor"", teilten das Auswärtige Amt und das 
Bundesinnenministerium am Dienstagabend lapidar mit. Zuvor hatte Außenminister Guido Westerwelle (FDP) am 
Morgen bestätigt, dass Snowden ein Asylgesuch gestellt hatte. Es werde gemäß den Vorschriften geprüft. Die 
Ministerien mussten entscheiden, ob eine Aufnahme aus humanitären und völkerrechtlichen Gründen möglich ist. 
Das Ergebnis war negativ. Snowden hat nach Ansicht der Regierung somit keinen Asylanspruch (das Gesuch hätte 
er formell auch erst stellen können, wenn er nach Deutschland gekommen wäre). Natürlich spielen politische 
Gründe eine Rolle. Eine auch nur vorübergehende Aufnahme wäre in Washington als Affront gewertet worden.
Worum ging es bei der Prüfung konkret?
Asyl bekommen in Deutschland vor allem politisch Verfolgte. Das beinhaltet aber nicht nur die Verfolgung wegen 
politischer Überzeugung, sondern auch wegen der Rasse, des Geschlechts oder der Religion. Im Falle Snowdens 
spielte auch der Paragraf 22 des Aufenthaltsgesetzes eine Rolle. Dort heißt es, dass einem Ausländer für die 
Aufnahme aus dem Ausland ""aus völkerrechtlichen"" oder ""dringenden humanitären Gründen"" eine 
Aufenthaltserlaubnis erteilt werden kann. Diese stellt laut Gesetz der Bundesinnenminister aus, um die ""Wahrung 
politischer Interessen der Bundesrepublik Deutschland"" sicherzustellen. Zur Begründung hätte zum Beispiel dienen 
können, dass Deutschland von den USA verlangt, die Spionagevorwürfe aufzuklären. Mit Verweis auf Paragraf 22 

Keine Aufnahme Ein Whistleblower sucht verzweifelt Asyl - auch in Deutschland. Doch die Chancen waren 
gering. Wieso ist das so kompliziert?
des Aufenthaltsgesetzes werden auch Bürgerkriegsflüchtlinge beispielsweise aus Syrien in Deutschland 
aufgenommen.
Schwierig ist der Fall jedoch, weil Snowden von den Vereinigten Staaten per internationalem Haftbefehl gesucht 
wird. Deutschland und die USA haben ein gegenseitiges Auslieferungsabkommen geschlossen, wonach 
mutmaßliche Täter ausgeliefert werden, wenn ihnen mindestens ein Jahr Haft droht. Aber es gibt Ausnahmen, zum 
Beispiel dann, wenn dem mutmaßlichen Straftäter die Todesstrafe droht. Dann muss Deutschland nur ausliefern, 
wenn die USA zusichern, auf die Todesstrafe zu verzichten. Zwar ist unklar, ob Snowden mit der Todesstrafe 
rechnen muss, aber ein Vergleich mit Bradley Manning könnte hilfreich sein. Dem US-Soldaten, der als wichtigste 
Quelle für die von Wikileaks veröffentlichten Diplomatendepeschen und Irakkriegsdokumente gilt, droht beim 
Prozess in den USA wegen Geheimnisverrats und ""Kollaboration mit dem Feind"" die Todesstrafe. Zusätzlich 
besteht auch ein Auslieferungsabkommen zwischen der EU und den USA, was die bilateralen Abkommen ergänzt. 
Auch darin ist eine Einschränkung im Falle einer drohenden Todesstrafe enthalten.
Wie sieht die Opposition den Fall Snowden und die Entscheidung der Regierung?
SPD und Grüne hatten sich für eine Aufnahme Snowdens stark gemacht. Sie argumentieren, dass sich der 30-
Jährige um die Freiheits- und Bürgerrechte verdient gemacht habe. SPD-Parlamentsgeschäftsführer Thomas 
Oppermann bezeichnete es als ""großes Verdienst"" Snowdens, dass dieser ""eine breite gesellschaftliche Debatte 
über schrankenlose staatliche Überwachung ausgelöst"" habe. SPD-Chef Sigmar Gabriel wiederholte seine 
Forderung, dass die Kanzlerin erklären müsse, was Kanzleramt und Bundesnachrichtendienst von den Späh-
Aktivitäten wussten. Die Grünen-Spitzenkandidaten Katrin Göring-Eckardt und Jürgen Trittin teilten am Abend mit: 
""Die Absage von Angela Merkel an eine Aufnahme von Edward Snowden zeigt die ganze Scheinheiligkeit dieser 
Regierung. Sie gibt sich empört, unternimmt aber nichts."" Die Bundesregierung habe rechtlich die Möglichkeit, 
Snowden eine Aufenthaltserlaubnis zu erteilen und sollte dies auch tun, erklärten Göring-Eckardt und Trittin. Dieser 
habe ""der Demokratie einen großen Dienst erwiesen"", indem er Geheimdienstpraktiken aufgedeckt habe, welche 
die Grundrechte verletzten. ""Das kümmert Angela Merkel aber offenkundig nicht"", hieß es in der Stellungnahme 
weiter. Der Grünen-Abgeordnete Hans-Christian Ströbele zieht einen Vergleich zu den Auseinandersetzungen um 
Steuer-CDs. Er verwies dabei auf Fälle, bei denen Deutschland Whistleblowern aus der Schweiz oder Liechtenstein 
Zeugenschutz gewährt habe im Austausch für Informationen zu deutschen Steuerflüchtlingen. Bei Snowden gehe 
es um Informationen über die Verletzung der Menschen- und Bürgerrechte von Millionen Bürgern.
Gibt es neue Erkenntnisse über
das Ausmaß der Spähaktivitäten des NSA?
Zumindest erhofft sich die Bundesregierung neue Erkenntnisse von einer Delegation des 
Bundesinnenministeriums, die am Wochenende in die USA reisen wird. Innenminister Hans-Peter Friedrich (CSU) 
betonte am Dienstag, dass es bisher keine Beweise oder Fakten gebe, wonach die Bundesregierung, deutsche 
Botschaften oder deutsche Internetknotenpunkte ausgespäht wurden. Wäre dies allerdings der Fall, wäre das eine 
Verletzung der Souveränitätsrechte Deutschlands.
Graphic
 
Fotos: Reuters, fotolia, Montage: Thomas Mika"
2013-07,Main Corpus,2013-07(104).ZIP,Keine Einigung über Asylheim in Senden.PDF,C:\PythonProjects\AfD-project\Corpora\Main Corpus\2013-07\raw_unarchive\Keine Einigung über Asylheim in Senden.PDF,Keine Einigung über Asylheim in Senden,keine einigung über asylheim in senden,Südwest Presse,südwest presse,Mittwoch 31. Juli 2013,,Alb-Donau und Region; S. 16,181,1351,05c879dd7ee4b633d3f19778188cf03a80033691,,unique,keep,,no,,no,,,1888,no,,,,,"Das Ziel war, ""die Grundlagen für eine Diskussion und Beschlussfassung im Stadtrat"" zu schaffen. So hatte die 
CSU ihren Antrag auf eine interfraktionelle Sitzung zum Asylbewerberheim in Senden begründet. Die Sitzung hat 
unter Ausschluss der Öffentlichkeit am Montagabend stattgefunden. Wie zu erfahren ist, konnten sich die Stadträte 
dabei aber nicht auf eine Linie verständigen. Bürgermeister Kurt Baiker nahm das Thema von der öffentlichen 
Stadtratssitzung gestern Abend. Seitens der CSU ist offenbar bei dem Treffen am Montag erneut darauf verwiesen 
worden, dass die verhängte Veränderungssperre über das Gewerbegebiet ""Hungerwiesen"", an dessen Rand die 
Flüchtlingsunterkunft entstehen soll, vor Gericht nicht bestehen könnte. Wie berichtet, droht der Investor, ein 
Sendener Unternehmer, mit einer Klage. Er interpretiert die Veränderungssperre und die geplante Überarbeitung 
des Bebauungsplans als Verhinderungsstrategie. Die Christsozialen verfolgen das Ziel, mit dem Investor zu einer 
Einigung über die Bettenzahl zu kommen, um einen Rechtsstreit zu verhindern. Denn bei einer Niederlage, so die 
Befürchtung, könne die Kommune nichts mehr regeln. Die Stadtverwaltung aber gibt sich überzeugt davon, dass 
die Sperre unangreifbar ist. Begründet wird sie damit, dass der gültige Bebauungsplan keine gesunden 
Wohnverhältnisse ermögliche."
2013-07,Main Corpus,2013-07(104).ZIP,Kirchenasyl reicht nicht Wir müssen die Gesetzeslage ändern(2).PDF,C:\PythonProjects\AfD-project\Corpora\Main Corpus\2013-07\raw_unarchive\Kirchenasyl reicht nicht Wir müssen die Gesetzeslage ändern(2).PDF,Kirchenasyl reicht nicht; Wir müssen die Gesetzeslage ändern,kirchenasyl reicht nicht wir müssen die gesetzeslage ändern,Die ZEIT (inklusive ZEIT Magazin),die zeit inklusive zeit magazin,18. Juli 2013,Mark Spörrle,S. 52; Ausg. 30,701,4985,69562556c65583c7696937a1882da5606819414f,exact_001,duplicate_exact,review,,no,,no,,,6000,no,,exact_001,,,"Zuerst klingt es paradox: Die 80 Männer aus Afrika, die in der Hamburger Kirche St. Pauli Zuflucht gefunden 
haben, kamen nicht als Asylbewerber, sondern reisten als Touristen ein. Im Gepäck eine Aufenthaltserlaubnis für 
Italien, die sie von den dortigen Behörden nach ihrer Flucht aus dem kriegsgeschüttelten Libyen erhalten hatten. 
Das Papier erklärt sie quasi zu Italienern auf Zeit. In Italien dürften die Männer ganz legal leben, arbeiten, ihr 
Glück suchen. Dass ihnen das zugleich unmöglich gemacht wurde und sie keinen anderen Ausweg sahen, als 
nun in Deutschland zu bleiben, und sei es illegal, zeigt wieder, wie menschenverachtend das europäische 
Asylsystem ist.
Daran konnten auch 30 Jahre Kirchenasyl in Deutschland, konnte all das couragierte Engagement einzelner 
Christengemeinden bisher nichts ändern. Es gibt immer noch kein faires Aufnahme-, Integrations- oder, besser: 
Einwanderungssystem für Menschen, die vor Mord, Folter und dem Hungertod zu uns fliehen. Die Asylgesetze 
haben sich längst in Asylverhinderungsgesetze verwandelt. Wer es schafft, vorbei an Schiffen, Hubschraubern und 
Stacheldraht nach Europa zu gelangen, ohne im Mittelmeer zu ertrinken, für dessen Schicksal ist heute der 
Einreiseweg wichtiger als der Grund der Flucht.
Schon in den achtziger Jahren rief der Umgang mit Flüchtlingen Kirchenmitglieder auf den Plan. Kirchenasyl in 
allen Formen, so wie jetzt die vorübergehende Aufnahme der Männer in der Kirche St. Pauli als ""humanitäre 
Nothilfe"", ist uralte Christenpflicht. Asyl, vom griechischen asylon, bedeutet Zuflucht und ist das älteste 
Menschenrecht überhaupt. Lange vor Christi Geburt galt: Wer sich in Heiligtümer oder Tempel flüchtete, war vor 
Selbstjustiz sicher und hatte die Chance auf einen Prozess, später auch auf Milde oder Begnadigung. Im alten Rom 
war es auch für Nichtchristen ein Sakrileg, Flüchtlinge aus christlichen Gotteshäusern zu holen. Im Mittelalter wurde 
Kirchenasyl zum kaiserlich verbrieften Recht: Klöster durften Schutz vor weltlichen Verfolgern gewähren.
Seit 1983 beherbergen nun deutsche Kirchgemeinden, zumeist protestantische, erneut Menschen. Um sie vor 
ungerechtfertigter Abschiebung zu schützen, vor Menschenrechtsverletzungen, vor Gefahr für Leib und Leben. 
Rein rechtlich gesehen, könnte dies auch in jeder Privatwohnung oder im Elektroladen um die Ecke stattfinden: In 
unserem Staat sind sakrale Orte kein rechtsfreier Raum. Wird Kirchenasyl von Behörden und Politikern in der 
Regel respektiert, beruht dies auf der stillschweigenden Übereinkunft, dass es hässlich aussieht, wenn in den 
Medien Bilder von deutschen Uniformierten auftauchen, die Kirchentüren einrammen, Priester zur Seite drängen 
und schreiende Frauen und Kinder aus dem Gebetshaus zerren.

Kirchenasyl reicht nicht; Wir müssen die Gesetzeslage ändern
Nicht nur die Basis muss helfen, ein Bewusstsein für Unrecht zu schaffen
Dass die ökumenische Bundesarbeitsgemeinschaft Asyl in 75 Prozent der Fälle eine Lösung vermelden kann, ist 
zweifellos ein großer Erfolg für Hunderte von Flüchtlingen. In der Sache aber konnte das kaum etwas ändern. Das 
europäische Asylsystem behandelt jeden Asylbewerber wie ein unerwünschtes Paket. Immer derjenige EU-Staat ist 
für ihn zuständig, den er als Erstes betreten hat. Aber die Asyl- und Sozialstandards in Italien, wie die Hamburger 
Flüchtlinge sie erlitten haben, sind so wenig vergleichbar mit dem, was wir darunter verstehen, dass schon einige 
deutsche Verwaltungsgerichte entschieden, es sei nicht zumutbar, Flüchtlinge dorthin zurückzubringen. 
""Unmenschliche und erniedrigende Behandlung"" sowie Obdachlosigkeit drohten in den überfüllten italienischen 
Asyllagern, schrieben Richter aus Stuttgart.
Fast noch schlimmer aber sind die Bedingungen, unter denen man dort lebt, sobald man als Flüchtling anerkannt 
ist. Es gibt praktisch keine Integrationsmaßnahmen, keine Sprachkurse, keine Unterkunft und deshalb auch keine 
Arbeit. Tausende wohnen in Slums und Abbruchhäusern oder auf der Straße. Der Frankfurter Anwalt Dominik 
Bender, Autor eines Berichtes für Pro Asyl, drückte es so aus: ""Die italienischen Behörden legen es regelrecht 
darauf an, die Menschen in andere Länder Europas zu drängen.""
Wie die 300 Flüchtlinge aus Afrika, die nach Hamburg kamen und von denen einige nun in der Kirche St. Pauli 
Zuflucht fanden. Durchaus möglich, dass zumindest sie zu den Happy Few gehören werden, denen engagierte 
Christen in Deutschland wieder einmal helfen können. Doch die politischen Verhältnisse zu ändern, durch die die 
Afrikaner erst in ihre ausweglose Lage gerieten, das geht, wenn überhaupt, nur durch ein öffentliches Bewusstsein 
für die Unhaltbarkeit des Asylsystems. Dieses Bewusstsein zu schaffen, dabei müssen die christlichen Kirchen 
helfen - entschieden, gemeinsam, machtvoll und nicht wieder nur an der Basis. Der Besuch des Papstes in 
Lampedusa könnte ein Anfang gewesen sein. Aber das war hoffentlich noch längst nicht alles.
VON MARK SPÖRRLE"
2013-07,Main Corpus,2013-07(104).ZIP,Kirchenasyl reicht nicht Wir müssen die Gesetzeslage ändern.PDF,C:\PythonProjects\AfD-project\Corpora\Main Corpus\2013-07\raw_unarchive\Kirchenasyl reicht nicht Wir müssen die Gesetzeslage ändern.PDF,Kirchenasyl reicht nicht Wir müssen die Gesetzeslage ändern,kirchenasyl reicht nicht wir müssen die gesetzeslage ändern,Die ZEIT (inklusive ZEIT Magazin),die zeit inklusive zeit magazin,18. Juli 2013,Mark Spörrle,GLAUBEN & ZWEIFELN;Kirchenasyl reicht nicht; S. 52; Ausg. 30,701,4987,69562556c65583c7696937a1882da5606819414f,exact_001,duplicate_exact,review,,no,,no,,,6023,no,,exact_001,,,"Zuerst klingt es paradox: Die 80 Männer aus Afrika, die in der Hamburger Kirche St. Pauli Zuflucht gefunden 
haben, kamen nicht als Asylbewerber, sondern reisten als Touristen ein. Im Gepäck eine Aufenthaltserlaubnis für 
Italien, die sie von den dortigen Behörden nach ihrer Flucht aus dem kriegsgeschüttelten Libyen erhalten hatten. 
Das Papier erklärt sie quasi zu Italienern auf Zeit. In Italien dürften die Männer ganz legal leben, arbeiten, ihr 
Glück suchen. Dass ihnen das zugleich unmöglich gemacht wurde und sie keinen anderen Ausweg sahen, als 
nun in Deutschland zu bleiben, und sei es illegal, zeigt wieder, wie menschenverachtend das europäische 
Asylsystem ist.
Daran konnten auch 30 Jahre Kirchenasyl in Deutschland, konnte all das couragierte Engagement einzelner 
Christengemeinden bisher nichts ändern. Es gibt immer noch kein faires Aufnahme-, Integrations- oder, besser: 
Einwanderungssystem für Menschen, die vor Mord, Folter und dem Hungertod zu uns fliehen. Die Asylgesetze 
haben sich längst in Asylverhinderungsgesetze verwandelt. Wer es schafft, vorbei an Schiffen, Hubschraubern 
und Stacheldraht nach Europa zu gelangen, ohne im Mittelmeer zu ertrinken, für dessen Schicksal ist heute der 
Einreiseweg wichtiger als der Grund der Flucht.
 Schon in den achtziger Jahren rief der Umgang mit Flüchtlingen Kirchenmitglieder auf den Plan. Kirchenasyl in 
allen Formen, so wie jetzt die vorübergehende Aufnahme der Männer in der Kirche St. Pauli als »humanitäre 
Nothilfe«, ist uralte Christenpflicht. Asyl, vom griechischen asylon, bedeutet Zuflucht und ist das älteste 
Menschenrecht überhaupt. Lange vor Christi Geburt galt: Wer sich in Heiligtümer oder Tempel flüchtete, war vor 
Selbstjustiz sicher und hatte die Chance auf einen Prozess, später auch auf Milde oder Begnadigung. Im alten 
Rom war es auch für Nichtchristen ein Sakrileg, Flüchtlinge aus christlichen Gotteshäusern zu holen. Im Mittelalter 
wurde Kirchenasyl zum kaiserlich verbrieften Recht: Klöster durften Schutz vor weltlichen Verfolgern gewähren. 
Seit 1983 beherbergen nun deutsche Kirchgemeinden, zumeist protestantische, erneut Menschen. Um sie vor 
ungerechtfertigter Abschiebung zu schützen, vor Menschenrechtsverletzungen, vor Gefahr für Leib und Leben. 
Rein rechtlich gesehen, könnte dies auch in jeder Privatwohnung oder im Elektroladen um die Ecke stattfinden: 
In unserem Staat sind sakrale Orte kein rechtsfreier Raum. Wird Kirchenasyl von Behörden und Politikern in der 
Regel respektiert, beruht dies auf der stillschweigenden Übereinkunft, dass es hässlich aussieht, wenn in den 
Medien Bilder von deutschen Uniformierten auftauchen, die Kirchentüren einrammen, Priester zur Seite drängen 
und schreiende Frauen und Kinder aus dem Gebetshaus zerren.

Kirchenasyl reicht nicht Wir müssen die Gesetzeslage ändern
Nicht nur die Basis muss helfen, ein Bewusstsein für Unrecht zu schaffen 
Dass die ökumenische Bundesarbeitsgemeinschaft Asyl in 75 Prozent der Fälle eine Lösung vermelden kann, ist 
zweifellos ein großer Erfolg für Hunderte von Flüchtlingen. In der Sache aber konnte das kaum etwas ändern. Das 
europäische Asylsystem behandelt jeden Asylbewerber wie ein unerwünschtes Paket. Immer derjenige EU-Staat 
ist für ihn zuständig, den er als Erstes betreten hat. Aber die Asyl- und Sozialstandards in Italien, wie die 
Hamburger Flüchtlinge sie erlitten haben, sind so wenig vergleichbar mit dem, was wir darunter verstehen, dass 
schon einige deutsche Verwaltungsgerichte entschieden, es sei nicht zumutbar, Flüchtlinge dorthin 
zurückzubringen. »Unmenschliche und erniedrigende Behandlung« sowie Obdachlosigkeit drohten in den 
überfüllten italienischen Asyllagern, schrieben Richter aus Stuttgart.
Fast noch schlimmer aber sind die Bedingungen, unter denen man dort lebt, sobald man als Flüchtling anerkannt 
ist. Es gibt praktisch keine Integrationsmaßnahmen, keine Sprachkurse, keine Unterkunft und deshalb auch 
keine Arbeit. Tausende wohnen in Slums und Abbruchhäusern oder auf der Straße. Der Frankfurter Anwalt 
Dominik Bender, Autor eines Berichtes für Pro Asyl, drückte es so aus: »Die italienischen Behörden legen es 
regelrecht darauf an, die Menschen in andere Länder Europas zu drängen.«
Wie die 300 Flüchtlinge aus Afrika, die nach Hamburg kamen und von denen einige nun in der Kirche St. Pauli 
Zuflucht fanden. Durchaus möglich, dass zumindest sie zu den Happy Few gehören werden, denen engagierte 
Christen in Deutschland wieder einmal helfen können. Doch die politischen Verhältnisse zu ändern, durch die die 
Afrikaner erst in ihre ausweglose Lage gerieten, das geht, wenn überhaupt, nur durch ein öffentliches Bewusstsein 
für die Unhaltbarkeit des Asylsystems. Dieses Bewusstsein zu schaffen, dabei müssen die christlichen Kirchen 
helfen - entschieden, gemeinsam, machtvoll und nicht wieder nur an der Basis. Der Besuch des Papstes in 
Lampedusa könnte ein Anfang gewesen sein. Aber das war hoffentlich noch längst nicht alles.
VON MARK SPÖRRLE"
2013-07,Main Corpus,2013-07(104).ZIP,Kita-Pflicht ab drei_ Da war doch mal was Von Gerd Appenzeller.PDF,C:\PythonProjects\AfD-project\Corpora\Main Corpus\2013-07\raw_unarchive\Kita-Pflicht ab drei_ Da war doch mal was Von Gerd Appenzeller.PDF,Kita-Pflicht ab drei? Da war doch mal was Von Gerd Appenzeller,kitapflicht ab drei da war doch mal was von gerd appenzeller,Der Tagesspiegel,der tagesspiegel,Freitag 26. Juli 2013,,TITEL; S. 1; Ausg. 21759,508,3539,5dea553b2d11d2938b52ac946afb1c95f84d9dc6,,unique,keep,,no,,no,,,4492,no,,,,,"Deutschland ist ein Einwanderungsland. Das spürt man besonders stark in den großen Städten. Von den mehr als 
28 000 Mädchen und Jungen, die im vergangenen Jahr in Berlin eingeschult wurden, kamen fast 40 Prozent aus 
Migrantenfamilien. Sieben Jahre zuvor, 2005, waren es nur 30 Prozent gewesen. Der steigende Zuzug von 
Menschen aus anderen Ländern verändert die Stadt, bereichert ihr Leben, macht es vielfältiger. Und er kann auch 
Probleme bereiten, beispielsweise, wenn die Neubürger kein Deutsch sprechen. Für die Schulen ist das eine 
Chance. Sie und die Kindergärten leisten den wichtigsten Beitrag zur Integration und machen erst möglich, dass 
aus einem neuen Wohnort in einem fremden Land eine Heimat werden kann.
Aber was ist, wenn die Eltern dieser Kinder die Chancen nicht nutzen, wenn sie ihre Kinder nicht in eine Kita 
schicken, in der Deutsch gesprochen wird? Dann erschweren sie den Start der Kleinen in der Schule ganz 
erheblich. Das hat fast immer Auswirkungen bis in die Berufsfindung hinein und verdüstert damit auch die 
Perspektiven für ein Leben in gesicherten finanziellen Verhältnissen. Deshalb ist es nachvollziehbar und spricht für 
einen wachen politischen Instinkt, dass die jüngsten Statistiken der Gesundheitsverwaltung den SPD-
Fraktionsvorsitzenden Raed Saleh, der selber Migrant ist, alarmieren.
Die Zahlen aus dem von Gesundheitssenator Mario Czaja betreuten Ressort sind eindeutig. Zuwandererkinder, die 
vor der Einschulung keinen Kindergarten besuchten, sprechen zu 53 Prozent kaum oder gar kein Deutsch, 21 
Prozent können sich nur fehlerhaft artikulieren. Das heißt, drei Viertel dieser Kinder werden von Anfang an dem 
Unterricht nicht folgen können. Waren die kleinen Mädchen und Jungen aber länger als zwei Jahre in einer Kita, 
sind nur noch drei Prozent sprachlich sehr stark gehandicapt, 22 Prozent haben Probleme, aber 75 Prozent 
sprechen gut Deutsch. Raed Saleh folgert daraus, es müsse künftig eine Kita-Pflicht für über Dreijährige geben.
Das erscheint logisch, löst aber nicht nur in konservativen Kreisen heftige Proteste aus. Die meisten Menschen 
lassen sich vom Staat nicht gerne bevormunden. Sie möchten selber entscheiden, was für sie und ihre Kinder gut 
ist. Artikel sechs des Grundgesetzes fordert sie dazu auch auf. Er überantwortet den Eltern Pflege und Erziehung 
der Kinder. Eine Kindergartenpflicht ab drei Jahre verletzte dieses Grundrecht. Der fehlerhafte Ansatz wird auch 
nicht dadurch geheilt, dass man den Kitas einen Bildungsauftrag zuweist und sie damit Schulen gleichstellt. Das 
Bundesverfassungsgericht würde diesen Trick kaum mitmachen.
Was also tun, wenn doch ein früher Kindergartenbesuch - übrigens auch für Kinder aus rein deutschen, aber 
bildungsfernenen Elternhäusern - so segensreiche Folgen hätte? Mit dem Schuljahr 2005/6 wurden die Vorklassen 

Kita-Pflicht ab drei? Da war doch mal was Von Gerd Appenzeller
an den Berliner Grundschulen abgeschafft. Sie hatten sich zwar sehr bewährt, nicht zuletzt im Hinblick auf den 
Spracherwerb von Migrantenkindern. Aber Finanzsenator Thilo Sarrazin wollte, Bildungssenator Klaus Böger 
musste sparen. Deshalb wurde das Einschulungsalter um ein halbes Jahr vorverlegt und den Kitas die 
schulvorbereitende Erziehung zugewiesen. Daraus kann die Politik lernen. Sie muss über Kinderärzte, Kirchen, 
Nachbarschafts klubs und Gesprächskreise für einen frühen Kindergartenbesuch werben. Und sie könnte die 
klassische Vorschule wieder dort stattfinden lassen, wo sie, grundgesetzkonform, hingehört: in der Schule."
2013-07,Main Corpus,2013-07(104).ZIP,KOMMENTAR · FLÜCHTLINGE_ Streiten statt hungern.PDF,C:\PythonProjects\AfD-project\Corpora\Main Corpus\2013-07\raw_unarchive\KOMMENTAR · FLÜCHTLINGE_ Streiten statt hungern.PDF,KOMMENTAR · FLÜCHTLINGE: Streiten statt hungern,kommentar  flüchtlinge streiten statt hungern,Südwest Presse,südwest presse,Montag 1. Juli 2013,,Politik; S. 2,216,1584,b4049d181530d4cc6780c88fa621c71568b26dd3,,unique,drop,commentary_noncore,no,,no,,,2355,yes,commentary_noncore,,,,"Mitgefühl für die Asylbewerber, deren Hungerstreik nun die Polizei beendete, ist angebracht. Manches Schicksal ist 
erschütternd. In der Heimat werden diese Menschen verfolgt und aus Deutschland oftmals rausgedrängt oder auf 
unabsehbare Zeit in Massenunterkünfte gesteckt. Familien werden zerrissen, erst in der vergangenen Woche 
wurde ein zwölfjähriger Junge allein nach Ungarn abgeschoben, während Mutter und Geschwister hier blieben.
Dennoch gab es in der zugespitzten Situation am Münchner Rindermarkt keine Alternative zur Räumung. 
Nachgeben konnten die staatlichen Institutionen nicht. Das hat die Politik einmütig erkannt, auch von den Grünen 
gibt es keine Kritik an dem Vorgehen. Warum sollten 44 Flüchtlinge Asyl erhalten, weil sie ihr Leben gefährden? 
Was wäre dann mit tausenden Asylbewerbern, die sich nicht der drastischen Aktion angeschlossen haben?
Sehr ungut kamen der immer radikaler werdende Streik und das Gebahren des ""Sprechers"" selbst bei Menschen 
an, die sich für Flüchtlinge einsetzen. Sich auf die Straße legen und mit dem Sterben drohen - so etwas darf nicht 
funktionieren.
Unter dem Regiment des Anführers wurden Chancen vertan. Gerade in Bayern ist eine Debatte über den Umgang 
mit Asylbewerbern überfällig. Kein anderes Bundesland behandelt Flüchtlinge rigider - etwa mit 
Massenunterkünften, der Residenzpflicht und den ungeliebten Essenspaketen. Äußerungen der Sozialministerin 
Christine Haderthauer und anderer CSU-Politiker überschreiten immer wieder die Grenze zum Zynismus. Darüber 
muss geredet und gestritten werden, nicht aber gehungert."
2013-07,Main Corpus,2013-07(104).ZIP,Kommunen und Land streiten über Flüchtlinge Innenministerium fordert zügige Verteilung der Betroffen.PDF,C:\PythonProjects\AfD-project\Corpora\Main Corpus\2013-07\raw_unarchive\Kommunen und Land streiten über Flüchtlinge Innenministerium fordert zügige Verteilung der Betroffen.PDF,Kommunen und Land streiten über Flüchtlinge Innenministerium fordert zügige Verteilung der Betroffenen,kommunen und land streiten über flüchtlinge innenministerium fordert zügige verteilung der betroffenen,Berliner Zeitung,berliner zeitung,Donnerstag 18. Juli 2013,Gerold Büchner,LOKALES; S. 20; Ausg. 165,450,3531,d034c8caa64577ea82a9a44ca2b40e5740e757f1,,unique,keep,,no,,no,,,4283,no,,,,,"EISENHÜTTENSTADT. Der starke Anstieg der Flüchtlingszahlen führt zu Konflikten zwischen Landesregierung 
und Kommunen. Das Innenministerium verlangte am Mittwoch eine raschere Aufnahme von Asylbewerbern durch 
Landkreise und Städte in Brandenburg. Staatssekretär Rudolf Zeeb sagte bei einem Besuch der 
Erstaufnahmestelle in Eisenhüttenstadt, es sei ""auf Dauer nicht zu akzeptieren"", dass Flüchtlinge dort länger als 
notwendig bleiben müssen. Aus Sicht des Ministeriums handeln die Kommunen zu zögerlich.
Der Landkreistag wies die Kritik zurück. Gemeinden und Kreisen fehle das Geld, um Unterbringungskapazitäten 
vorzuhalten oder kurzfristig zu schaffen. ""Das Land muss bei den Investitionskosten mehr Unterstützung leisten"", 
sagte die Sprecherin des Verbandes, Jutta Schlüter, der Berliner Zeitung. Die Kreise seien finanziell überfordert, 
wenn sie allein Container aufstellen oder neue Gemeinschaftsunterkünfte einrichten sollten, um den Zuwachs zu 
bewältigen.
Laut zuständigem Sozialministerium steigen die Zahlen sogar weiter. Ging es Anfang Juli für dieses Jahr noch von 
3025 Flüchtlingen aus, die Brandenburg nach dem bundesweiten Verteilerschlüssel unterzubringen hat, so rechnet 
das Ministerium nach Informationen der Berliner Zeitung inzwischen mit mehr als 3300 Asylbewerbern.
In Eisenhüttenstadt, wo alle Flüchtlinge zunächst unterkommen, herrscht seit Monaten drangvolle Enge. Innen-
Staatssekretär Zeeb hörte bei seinem Besuch Klagen von Bewohnern der Einrichtung und sagte mehr Personal zu: 
Mindestens vier Mitarbeiter würden zusätzlich eingestellt. Zeeb räumte ein, dass das Heim seine Kapazitätsgrenze 
überschritten habe. Eigentlich ist es auf 500 Bewohner ausgelegt, derzeit leben dort fast 700 Menschen - 200 von 
ihnen in vier eilig aufgestellten Containern. Weiterer Druck entsteht dadurch, dass mehrere Gebäude der früheren 
Volkspolizei-Kaserne dringend saniert oder abgerissen und ersetzt werden müssen. Dafür sind acht Millionen Euro 
vorgesehen, aber es fehlt an Umsetzplätzen etwa für alleinstehende männliche Flüchtlinge, deren Haus der 
Renovierung bedarf.
Familien wiederum sollen eigentlich zügig in Wohnungen im Land umziehen können, doch auch an Wohnungen 
herrscht Mangel. In Regierungskreisen wird die Schuld dafür den Landkreisen zugewiesen. Landkreistag-
Sprecherin Schlüter betonte, es sei schwierig, auf dem Markt geeignete Wohnungen zu finden. Auch die 
Brandenburger Integrationsbeauftragte Doris Lemmermeier sagte: ""Wohnungen alleine helfen angesichts der 
Bewerberzahlen nicht weiter. Die Kommunen kommen nicht umhin, Gemeinschaftsunterkünfte anzubieten."" Zudem 

Kommunen und Land streiten über Flüchtlinge Innenministerium fordert zügige Verteilung der Betroffenen
könnten nicht alle Flüchtlinge in der Nähe Berlins unterkommen. Lemmermeier und Zeeb hoben indes einen 
Fortschritt in der Erstaufnahmestelle hervor: Ab August sollen dort alle Kinder Schulunterricht erhalten. Neben 
Deutsch werden Lehrer in drei Muttersprachen der Flüchtlinge unterrichten, so die Integrationsbeauftragte.
Hungerstreik dauert an
Vier Insassen der Abschiebe-Haftanstalt in Eisenhüttenstadt setzten derweil ihren Hungerstreik fort. Ein Mann, der 
am Dienstag vorsorglich zweimal im Krankenhaus untersucht worden war, kam laut Innenministerium ohne Befund 
zurück in die streng gesicherte Anstalt, die gleich neben dem Asylbewerberheim liegt. An der Protestaktion 
beteiligen sich drei Georgier und ein Pakistaner. Der Flüchtlingsrat forderte die Abschaffung der Abschiebehaft in 
Eisenhüttenstadt."
2013-07,Main Corpus,2013-07(104).ZIP,Kreuzberger verhindern NPD-Demo Fünfmal wollen die Rechtsextremen am Sonnabend demonstrieren - fünfm.PDF,C:\PythonProjects\AfD-project\Corpora\Main Corpus\2013-07\raw_unarchive\Kreuzberger verhindern NPD-Demo Fünfmal wollen die Rechtsextremen am Sonnabend demonstrieren - fünfm.PDF,Kreuzberger verhindern NPD-Demo; Fünfmal wollen die Rechtsextremen am Sonnabend demonstrieren -,kreuzberger verhindern npddemo fünfmal wollen die rechtsextremen am sonnabend demonstrieren,Der Tagesspiegel,der tagesspiegel,Sonntag 14. Juli 2013,Jörn Hasselmann,BERLIN; S. 10; Ausg. 21747,782,5588,6cc22dd9ce655e7277eb58cb5b4696b3301c1849,,unique,keep,,no,,no,,,6793,no,,,,,"Es beginnt mit einer Schmach. Volltönend hat die NPD angekündigt, ihren Tag der Demonstrationen, in Kreuzberg 
zu beginnen. Ausgerechnet in Kreuzberg, der linken Festung. Um 9.30 Uhr wollen die Rechtsextremen auf dem 
Moritzplatz starten, 300 Meter vom Oranienplatz entfernt, wo seit Monaten Asylbewerber mit Duldung des 
Bezirksamtes campieren. Trotz der für Kreuzberger Verhältnisse frühen Stunde sind knapp 500 
Gegendemonstranten auf dem Moritzplatz und in den Seitenstraßen. Und sie warten. Es wird 9.45 Uhr, es wird 10 
Uhr, nichts geschieht. In den Gesichtern leitender Polizisten ist zu erkennen: Hier passiert nichts mehr. Die NPD 
kneift, hat dies der Polizei durchtelefoniert. Einsatzleiter Detlef Brenner lässt gegen 10.15 Uhr über den 
Polizeilautsprecherwagen durchsagen: Keine NPD-Demo in Kreuzberg. Jubel brandet auf.
Die vielen Gegendemonstranten haben an dieser Absage sicher einen großen Anteil, haben sie doch die 
Fahrbahnen sowohl in der Heinrich-Heine-Straße als auch am Moritzplatz dichtgemacht. Der Kleinlaster der NPD 
wäre hier nur schlecht zum vorgesehenen Standort durchgekommen, jedenfalls nicht ohne Reizgas- und 
Schlagstock einsatz. Die Politprominenz freut sich ebenso, dass Kreuzberg verschont bleibt. Die 
Bundestagsfraktionsvorsitzende der Grünen, Renate Künast, ist gekommen, natürlich auch der 
Bezirksbürgermeister von Friedrichshain Kreuzberg, Franz Schulz, ebenfalls ein Grüner. Die Stimmung ist bestens, 
die geplante Provokation geplatzt. Für 350 Polizisten ein ruhiger Start in einen langen Arbeitstag. Per Lautsprecher 
weist die Polizei sogar auf einen Doppeldecker-Bus hin, ""der nach Marzahn fährt"".
Hellersdorf ist auf der Demo-Tagesordnung der NPD die Nummer 2. Fünf Auftritte über den ganzen Sonnabend 
und die ganze Stadt verteilt hat die rechtsextremistische Partei angekündigt. Überall dort, wo Asylbewerberheime 
existieren oder geplant sind. Eigentlich wollte die NPD mit ihrer Mini-Demo auf den Oranienplatz, das hatte die 
Polizei untersagt und den Moritzplatz vorgeschlagen.
In Hellersdorf soll ein Asylbewerberheim entstehen, in der vergangenen Woche war bei einer Bürgerversammlung 
die Stimmung hochgekocht, Rechts- und Linksextremisten hatten sich gegenseitig beschimpft. In Hellersdorf sind 

Kreuzberger verhindern NPD-Demo; Fünfmal wollen die Rechtsextremen am Sonnabend demonstrieren - 
fünfmal stören Bürger lautstark. Zum Moritzplatz schaffen es die....
deshalb weit mehr Gegendemonstranten als in Kreuzberg, etwa 800 sind zum Alice-Salomon-Platz am U-Bahnhof 
Hellersdorf gekommen. Die Stimmung ist aufgeheizt. 30 bis 40 schwarzgekleidete Linksautonome haben die 
lockeren Absperrungen der Polizei durchbrochen und gelangen an den NPD-Kleinlaster, an dem Landesparteichef 
Sebastian Schmidtke an den Lautsprechern herumbastelt. Statt die Linken mit Gewalt zurückzudrängen lässt die 
Polizei den Laster einfach zehn Meter wegfahren, schon ist der Abstand wieder hergestellt. Aber die Gegner, 
darunter einige Asylbewerber, sind sehr dicht dran. Sie machen ohrenbetäubenden Krach, mit Musik, Sirenen und 
Gebrüll. Von Sebastian Schmidtke und den beiden anderen Rednern ist schon fünf Meter weiter nichts mehr zu 
verstehen. Am längsten redet Maria Fank, die Lebensgefährtin Schmidtkes, gegen den Radau an. Sie ist im 
Bundesvorstand der NPD-Frauenorganisation ""Ring Nationaler Frauen"", was sie sagt, ist nicht zu verstehen. Nach 
Zählung der Polizei sind es 15 Rechte, von Demonstranten kann man schlecht sprechen. Es ist eher der 
Wachschutz für den Wagen und die Redner. Schnell müssen die Rechten Regenschirme aufspannen, es fliegen 
einige Eier und Wasserbomben. Am Einkaufscenter am Platz hängt in der vierten Etage ein Transparent mit 
Slogans gegen Nazis.
Etwas abseits steht Polizeipräsident Klaus Kandt, eigentlich ist er schon im Urlaub. Aber wegen der aufgeheizten 
Stimmung in Hellersdorf will er sich den Einsatz selbst ansehen. Letztlich bleibt es weitgehend friedlich, die Gegner 
versuchen nicht, durch die zwei Ketten Bereitschaftspolizei durchzubrechen.
Als der NPD-Tross aus einem Laster und einem Kleinbus schon weg ist, nimmt die Polizei einen Eierwerfer fest, 
verfrachtet ihn in einen Mannschaftswagen. Schnell wird die Stimmung bei den Umstehenden hitzig. Einige dutzend 
Menschen rütteln an der Wanne, blockieren deren Abfahrt. Recht robust schubsen Beamte die Menge beiseite, der 
Wagen kann abfahren. In Hellersdorf gibt es vier Festnahmen, später in Reinickendorf zwei und in Westend drei 
weitere. Vorwurf laut Polizei: Beleidigung, Körperverletzung, Widerstand, Sachbeschädigung.
Die späteren Auftritten der NPD sind ruhiger. In Reinickendorf, in Sichtweite des Märkischen Viertels, haben sich 
250 Gegendemonstranten versammelt. Kurzzeitig können sie sich auf die Straße setzen und Schmidtkes Zeitplan 
um 30 Minuten verschieben. Nach Westend, zum Spandauer Damm, sind noch 200 Gegner mitgereist. Sie fahren 
auch in einem ausgemusterten Doppeldecker der BVG, am Steuer sitzt Dirk Stegemann, in der linken Szene seit 
Jahren als Demo-Organisator und -Anmelder bekannt. Und Stegemann, das ist sein Vorteil, ist im Besitz eines Bus-
Führerscheins. Gegen 15.45 Uhr startet er Richtung Marienfelde, zur letzten Station der NPD. Dort wird sie schon 
von 170 Gegendemonstranten erwartet. Besondere Vorkommnisse: Keine.
Graphic
 
Nicht mit uns. Rund 800 Demonstranten übertönten in Hellersdorf die Redner der NPD. Polizeipräsident Klaus 
Kandt machte sich dort ein Bild von der Lage. Die Grünen-Politikerin Renate Künast war zum Moritzplatz in 
Kreuzberg gekommen. Fotos: dpa (3), Jörn Hasselmann"
2013-07,Main Corpus,2013-07(104).ZIP,Könnte Deutschland Snowden helfen_(2).PDF,C:\PythonProjects\AfD-project\Corpora\Main Corpus\2013-07\raw_unarchive\Könnte Deutschland Snowden helfen_(2).PDF,Könnte Deutschland Snowden helfen?,könnte deutschland snowden helfen,Die ZEIT (inklusive ZEIT Magazin),die zeit inklusive zeit magazin,4. Juli 2013,Tina Hildebrandt,ANGRIFF DER GEHEIMDIENSTE; S. 4; Ausg. 28,256,1927,a688beb07616c37b3bb02890ea64406fc2577c45,variant_002,regional_variant,review,,no,,no,,,2751,no,,,near_001,variant_002,"In der deutschen Botschaft in Moskau ging am Dienstag ein Fax im Namen von Edward Snowden ein - er 
beantragte damit politisches Asyl in Deutschland. Am selben Abend erklärte ein Sprecher des Auswärtigen 
Amtes, dass er die Voraussetzungen dafür nicht erfülle. Das Innenministerium erklärt: ""Nach deutschem 
Asylrecht kommt eine Gewährung von Asyl nicht in Betracht, wenn ein Asylantrag im Ausland (auch bei einer 
deutschen Auslandsvertretung) gestellt wird.""
Die Grünen fordern nun von der Bundesregierung, Snowden ein Aufenthaltsrecht in Deutschland zu gewähren, 
gegebenenfalls über ein Journalistenvisum, da sich Snowden publizistisch betätige. Dann könne dieser 
entscheiden, ob ein Asylverfahren für ihn in Betracht komme. Die Unterstützung von Datenräubern sei ""gar nichts 
Außergewöhnliches"", sagt der grüne Innenexperte Hans-Christian Ströbele. So seien auch ausländische 
Informanten, die Datensätze über Steuersünder weitergegeben hätten, durch Geldzahlungen und 
Zeugenschutzprogramme vor Verfolgung bewahrt worden.
""Wenn die Bundesregierung es mit ihrem Aufklärungsinteresse wirklich ernst meint, dann muss sie Snowden 
helfen"", so Ströbele. Laut Grundgesetz kann das Aufenthaltsrecht an Ausländer gegeben werden, wenn sie in ihrer 
Heimat verfolgt werden. Oder wenn es für die ""Wahrung der politischen Interessen der Bundesrepublik 
Deutschland erforderlich"" ist, sie zu schützen. Dies sei ""im Fall von Herrn Snowden eingehend zu prüfen"", so das 
Innenministerium. Snowdens jüngste Enthüllungen betreffen Überwachungsmaßnahmen in Deutschland, die 
hierzulande rechtswidrig sind.
Laut WikiLeaks hat Snowden am Dienstag Asylanträge an 21 Länder gestellt, darunter China, die Schweiz und 
Venezuela. Mehrere Staaten haben seinen Antrag für ungültig erklärt, auch Ecuador will ihm kein Asyl gewähren.
VON TINA HILDEBRANDT
Graphic
 
 Edward Snowden harrt im Moskauer Flughafen aus 

Könnte Deutschland Snowden helfen?"
2013-07,Main Corpus,2013-07(104).ZIP,Könnte Deutschland Snowden helfen_.PDF,C:\PythonProjects\AfD-project\Corpora\Main Corpus\2013-07\raw_unarchive\Könnte Deutschland Snowden helfen_.PDF,Könnte Deutschland Snowden helfen?,könnte deutschland snowden helfen,Die ZEIT (inklusive ZEIT Magazin),die zeit inklusive zeit magazin,4. Juli 2013,Tina Hildebrandt,"POLITIK, ARTIKELFOLGE ANGRIFF DER GEHEIMDIENSTE;Könnte Deutschland Snowden helfen?; S.",251,1880,2d31bc2ee6c8695898ea878413aacb864236abfb,variant_002,regional_variant,review,,no,,no,,,2887,no,,,near_001,variant_002,"In der deutschen Botschaft in Moskau ging am Dienstag ein Fax im Namen von Edward Snowden ein - er 
beantragte damit politisches Asyl in Deutschland. Am selben Abend erklärte ein Sprecher des Auswärtigen Amtes, 
dass er die Voraussetzungen dafür nicht erfülle. Das Innenministerium erklärt: »Nach deutschem Asylrecht 
kommt eine Gewährung von Asyl nicht in Betracht, wenn ein Asylantrag im Ausland (auch bei einer deutschen 
Auslandsvertretung) gestellt wird.«
Die Grünen fordern nun von der Bundesregierung, Snowden ein Aufenthaltsrecht in Deutschland zu gewähren, 
gegebenenfalls über ein Journalistenvisum, da sich Snowden publizistisch betätige. Dann könne dieser 
entscheiden, ob ein Asylverfahren für ihn in Betracht komme. Die Unterstützung von Datenräubern sei »gar 
nichts Außergewöhnliches«, sagt der grüne Innenexperte Hans-Christian Ströbele. So seien auch ausländische 
Informanten, die Datensätze über Steuersünder weitergegeben hätten, durch Geldzahlungen und 
Zeugenschutzprogramme vor Verfolgung bewahrt worden.
»Wenn die Bundesregierung es mit ihrem Aufklärungsinteresse wirklich ernst meint, dann muss sie Snowden 
helfen«, so Ströbele. Laut Grundgesetz kann das Aufenthaltsrecht an Ausländer gegeben werden, wenn sie in 
ihrer Heimat verfolgt werden. Oder wenn es für die »Wahrung der politischen Interessen der Bundesrepublik 
Deutschland erforderlich« ist, sie zu schützen. Dies sei »im Fall von Herrn Snowden eingehend zu prüfen«, so das 
Innenministerium. Snowdens jüngste Enthüllungen betreffen Überwachungsmaßnahmen in Deutschland, die 
hierzulande rechtswidrig sind.
Laut WikiLeaks hat Snowden am Dienstag Asylanträge an 21 Länder gestellt, darunter China, die Schweiz und 
Venezuela. Mehrere Staaten haben seinen Antrag für ungültig erklärt, auch Ecuador will ihm kein Asyl gewähren.
VON TINA HILDEBRANDT
 Edward Snowden harrt im Moskauer Flughafen aus"
2013-07,Main Corpus,2013-07(104).ZIP,LESERINNENBRIEFE(2).PDF,C:\PythonProjects\AfD-project\Corpora\Main Corpus\2013-07\raw_unarchive\LESERINNENBRIEFE(2).PDF,LESERINNENBRIEFE,leserinnenbriefe,"taz, die tageszeitung",taz die tageszeitung,Montag 08. Juli 2013,,INLAND; S. 07,690,5066,9c0dfbae52a5d9f0cc359dff5ea0c09440ebe160,,unique,drop,reader_letter,no,,no,,,5923,yes,reader_letter,,,,"Bunt gemischt
- betr.: Asyl? Gibt's nur in der Notaufnahme u. a., taz vom 1. 7. 13
Als Tochter eines Verwaltungsrichters, der seit langer Zeit mit Asylanträgen betraut ist, bin ich bei der Lektüre Ihrer 
Artikel aus dem Staunen nicht mehr rausgekommen. Neben der latenten Heroisierung der Hungerstreikenden, die 
durch moralische Erpressung ihr Asylgesuch durchsetzen und somit die Grundsätze der Rechtstaatlichkeit 
aushebeln wollten, werden hier auch die Kompetenzen von Legislative und Judikative bunt durcheinandergemischt.
1. Es ist nicht Deutschland , das Asylanträge prüft oder nicht prüft, sondern es sind einzelne Richter.
2. Es sind nicht die Richter, die die Rechtsprechung anwenden, die Dublin II zu verantworten hat.
Egal, wie man zu Gemeinschaftsunterbringung und Residenzpflicht steht, es war richtig, die Asylsuchenden vor 
dem Verhungern/Verdursten zu bewahren und ohne Prüfung der Anträge auch keine Anerkennung derselben zu 
gewähren. Dass gerade eine Zeitung des kleinen Gutmannes so offensichtlich mit Rechtsbeugung liebäugelt, finde 
ich so irritierend wie beschämend. JULIA GROTE, Dachau
Zeit und Fingerspitzengefühl
- betr.: Mit dem Islam ist kein Staat zu machen , taz vom 5. 7. 13
Der Artikel gefällt mir gut, da er die ganze Problematik der Ereignisse aufzeigt. Der Putsch des Militärs drängt die 
Islamisten, die sich doch nach dem demokratischen Sieg ihres Frontmannes als unfähig und autoritär erwiesen 
haben, in eine Märtyrerrolle und untergräbt bei ihren zugegebenermaßen zahlreichen Anhängern das Vertrauen in 
die demokratischen Spielregeln, ja fanatisiert sie noch mehr. Die Alternative wäre aber gewesen, tatenlos 
zuzusehen, wie Mursi die noch kaum entwickelte Demokratie in eine religiöse Diktatur umformt.
Nun muss es darum gehen, ein breites Bündnis aus Liberalen, gemäßigten Muslimbrüdern und vernünftigen 
Militärs zu bilden, um Ägypten wirtschaftlich und gesellschaftlich zu stabilisieren. Natürlich können und dürfen wir 
nicht unser westliches Politikmodell islamisch geprägten Gesellschaften aufnötigen, doch müssen die USA, als 

LESERINNENBRIEFE
wichtiger Geldgeber, auf der Einhaltung rechtsstaatlicher und demokratischer Mindeststandards beharren. Die EU 
könnte bei der Ausbildung einer unabhängigen, verantwortungsvollen Justiz, bei der Schulung einer bürgernahen 
Polizei helfen. Unsere Presse muss weiterhin aufmerksam die Vorgänge am Nil beobachten, muss den 
Reformkräften Raum geben. Prominenz schützt vor willkürlicher Verhaftung. All das braucht Zeit und 
Fingerspitzengefühl.
Es bleibt zu hoffen, dass in Ägypten einflussreiche Persönlichkeiten die Aufgabe der Krisenschlichtung, der 
Versöhnung übernehmen. CHRISTIAN FUCHS, Gutenstetten
Vasallen der USA
- betr.: Edward Snowden dringend gesucht , taz vom 4. 7. 13
Es ist offensichtlich: Die USA und ihre Präsidenten & Co. bestimmen seit Jahrzehnten, was Demokratie ist und wer 
die Feinde der US-amerikanischen Freiheit sind.
Etwas vereinfacht ausgedrückt: Der Furz eines US-amerikanischen Präsidenten ist der EU, und insbesondere der 
Merkel-Regierung, wichtiger als der Schutz freiheitlicher Demokratie. Besäßen europäische Staatschefs (weiblich 
und männlich) Rückgrat, sie gewährten Edward Snowden EU-weit Asyl und lebenslanges Bleiberecht. Indes, 
unsere StaatenlenkerInnen haben keinen Arsch in der Hose, werden weiterhin Vasallen der USA bleiben.
REINHARD SCHARNHÖLZ, Kerpen
Mutig und ehrenwert
- betr.: Die Jagd nach Snowden über Europa , taz vom 4. 7. 13
Es ist eine Unverschämtheit, was sich die politischen Klassen des Westens wieder einmal herausnehmen! Jeder, 
der längst überfällige soziale Reformen und wenn notwendig auch grundlegende soziale Veränderungen 
anstrebt, muss ständig damit rechnen, praktisch zum Verbrecher gestempelt und mit Schikanen und der 
Unterstützung seiner Gegner verfolgt zu werden. Die Medien haben dafür das Attribut umstritten eingeführt.
Despoten reaktionären Zuschnitts, wie zum Beispiel die unumschränkten Herrscher der Golfmonarchien, werden 
jedoch hofiert und mit Waffen aller Art und jeder Größe ausgestattet, wenn sie nur den Interessen und Ambitionen 
unserer Machteliten und unserer marktkonformen Demokratie dienen. Zumindest vor Jahren noch soll man 
hierzulande Diktatoren und Kriegsverbrechern die heimliche Einreise in die Bundesrepublik ermöglicht haben, um 
sich hier in renommierten Krankenhäusern und von Kapazitäten ärztlich behandeln zu lassen.
Es wäre interessant zu beobachten, wie unsere selbstbewusste eiserne Kanzlerin sich gebärden würde, wenn man 
ihr etwas Ähnliches unterstellen würde wie Evo Morales und ihr Flugzeug zur Landung zwingen würde. Dabei ist 
noch zu berücksichtigen, dass es sich bei Edward Snowden, den man angeblich? im Flugzeug von Evo Morales 
vermutete, ähnlich wie bei Bradley Manning, nicht um einen Verbrecher handelt, sondern um eine mutige und 
ehrenwerte Person, die uns über die Machenschaften unserer politischen Klasse aufzuklären versucht hat und 
vielleicht sogar nach deutschem Recht eigentlich einen Anspruch auf Asyl hat.
LUDWIG SCHÖNENBACH, Bremen"
2013-07,Main Corpus,2013-07(104).ZIP,LESERINNENBRIEFE.PDF,C:\PythonProjects\AfD-project\Corpora\Main Corpus\2013-07\raw_unarchive\LESERINNENBRIEFE.PDF,LESERINNENBRIEFE,leserinnenbriefe,"taz, die tageszeitung",taz die tageszeitung,Montag 29. Juli 2013,,BREMEN AKTUELL; S. 24,798,5520,45dcdf695c36df4f45ad9a2057a8a0366bc355b1,,unique,drop,reader_letter,no,,no,,,6238,yes,reader_letter,,,,"Gegen ungeregelte Zuwanderung
- betr.: Vernünftige Bahnen , taz.bremen v. 23. 07. 13
Das Kriterium der Eignung eines Gebäudes für die Unterbringung eines Flüchtlingswohnheims reicht allein für eine 
Standortentscheidung nicht aus. Wesentlich ist auch der Kontext im Umfeld einer solchen Einrichtung, wenn es 
denn zu einer Integration in das Leben eines Stadtteils kommen soll. Insofern greift die Feststellung der Eignung 
des Gebäudes am Schiffbauerdamm durch Kristina Vogt zu kurz.
Der Stadtteil ist sehr bunt, d. h. es leben in Gröpelingen Menschen, die sehr unterschiedlichen Ethnien zuzuordnen 
sind und von denen viele als sozial benachteiligt gelten. Durch eine gute Kooperation der unterschiedlichsten 
Einrichtungen des Sozial-, Bildungs-, Sport- und Gesundheitsbereichs sowie der Religionsgemeinschaften, der 
Wohnungswirtschaft und der Polizei im Rahmen des Präventionsrates West ist es bisher gut gelungen, ein 
weitgehend friedliches Zusammenleben zu gestalten, das vom gegenseitigem Respekt vor dem Anderssein 
getragen wird. Das ist eine großartige Leistung der im Stadtteil lebenden Menschen, weil das bisher mit relativ 
geringen staatlichen Mitteln und mit sehr viel ehrenamtlichem Engagement erreicht wurde.
Dieser produktive Kontext ist durch die ungeregelte Zuwanderung aus den EU-Ländern aktuell gefährdet. Die 
Zentralressorts insbesondere Soziales, Bau und Gesundheit begleiten diesen Prozess bisher leider nicht 
koordiniert und ressortübergreifend, sondern sie ignorieren ihn weitgehend. Er findet ungeregelt statt, weil im 
Gegensatz zu der Einrichtung eines Flüchtlingswohnheimes keinerlei öffentliche Debatte über Zustimmungen des 
Stadtteilbeirates stattfindet. Die Zuwanderung konzentriert sich auf Stadtteile mit hohem Anteil türkisch sprechender 
Bevölkerung, weil die ZuwanderInnen diese Sprache beherrschen. Dadurch sind z. B. schon heute in 
Gröpelingen/Oslebshausen an einigen Stellen sehr prekäre Situationen entstanden, die, wenn nicht bald 
systematisch und konsequent gehandelt wird, zu politisch brisanten Eruptionen führen können. Der Präventionsrat 
hat hierzu bereits Handlungsfelder erarbeitet, verabschiedet und den politischen Entscheidungsträgern übermittelt, 
um so einen Prozess zu erreichen, in dem die Institutionen des Stadtteils mit ihrer Mischung aus ehren- und 
hauptamtlicher Arbeit die Integration der ZuwanderInnen in den Stadtteil ermöglichen wollen. Wenn jetzt, wie vom 
Sozialressort vorgeschlagen, in diesen Kontext auch noch ein Flüchtlingswohnheim platziert wird, dann ist die 

LESERINNENBRIEFE
Gefahr sehr groß, dass der Gesamtzusammenhalt im Stadtteil in der heutigen Form nicht mehr zu halten sein wird. 
Deswegen sollte das Sozialressort zunächst einmal die materielle Basis und Klarheit für den Umgang mit der 
Armutszuwanderung herstellen, bevor es das nächste Integrationsprojekt in Gröpelingen einrichtet.
 HELMUT ZACHAU, Gesundheitstreffpunkt West
Über die Tagesmütter-Bürokratie
- betr.: Tagesmütter warten auf ihr Geld , taz.bremen v. 26. 05. 13
Ich übe den Beruf der Tagesmutter seit dem Jahre 2009 als Selbständige bei mir zu Hause aus. Ich schildere 
einfach einmal den momentanen Sachstand hier bei mir zu Hause.
Ich betreue derzeit vier Tageskinder. Für diese vier Tageskinder haben die Eltern und auch ich bereits im April 
2013 die Anträge zur Verlängerung bei der Wirtschaftlichen Jugendhilfe (WJH) eingereicht ( Folgeanträge ). Alle 
Anträge laufen ansonsten zum 31. 07. 13 hier aus. Ab dem 01. 08. 13 muss immer alles neu beantragt werden. 
Normal sollte dieses übergangslos klappen und die Zahlungen sollte auch ab 01. 08. 13 weiterlaufen. Leider ist dies 
überhaupt nicht der Fall. Da ich von meinen eingereichten Bescheiden aus dem April 2013 immer noch nichts 
gehört habe, ob diese verlängert werden, ob die Zahlungen weiterlaufen etc. haben die Eltern und ich in der letzten 
Woche bei den Behörden versucht anzufragen, was hier nun Stand der Dinge ist. Leider gibt es hier nicht wirklich 
eine klare Aussage. Es gab Aussagen wie die, es sei doch nicht ungewöhnlich, dass Sie noch keine Bescheide 
haben oder die Anträge seien doch erst aus dem April 2013 , es gebe ebenso noch keine Richtlinien, um dieses 
zu berechnen und man könne nicht sagen, ob somit die Betreuung bei der Tagesmutter unterbrechungsfrei 
weiterlaufen kann . Es gab Diskussionen zwischen meinen Eltern und der WJH, die WJH wollte die Stundenzahl 
von 21 pro Woche Woche auf 25 heraufsetzen. Ich bekomme bei der geringeren Stundenzahl tatsächlich minimal 
mehr Geld als wenn ich auf 25 Stunden gehen würde.
Nun hatte ich von meinen vier festen Tageskindern einen Bescheid bekommen, leider fehlerhaft. Ich habe 
Widerspruch eingelegt und es kam hier tatsächlich nach kurzer Zeit ein richtiger Bescheid. Bei drei Tageskindern ist 
aber weiterhin offen, wie es hier weitergehen soll. Die Eltern und ich waren bisher erfolglos sehr bemüht, etwas in 
Erfahrung zu bringen. Es war nun soweit, dass ich mich für ab dem 01. 08. 13 nach einer anderen Stelle (auch 
Putzstelle) umgesehen habe, damit mein Einkommen ab August gesichert ist. Ich teilte meinen Eltern mit, dass ich 
ab 01. 08. 13 die Betreuung in der Tagespflege erst einmal einstellen muss , da ich auf ein monatliches Gehalt 
angewiesen bin und ich es mir nicht leisten kann, diesen Ausfall zu haben.
Bis heute (Freitag der 26. 07. 13) habe ich noch keine Bescheide der drei Tageskinder und ich weiß immer noch 
nicht, ob ich am 01. 08. 13 mein Gehalt bekomme.
 KATJA REGNIER, Tagesmutter in Bremen"
2013-07,Main Corpus,2013-07(104).ZIP,Mama Tengas Abenteuer Die Hamburgerin Katrin Rohde arbeitet seit 1995 für die Armen in Burkina Faso.PDF,C:\PythonProjects\AfD-project\Corpora\Main Corpus\2013-07\raw_unarchive\Mama Tengas Abenteuer Die Hamburgerin Katrin Rohde arbeitet seit 1995 für die Armen in Burkina Faso.PDF,Mama Tengas Abenteuer Die Hamburgerin Katrin Rohde arbeitet seit 1995 für die Armen in Burkina Faso,mama tengas abenteuer die hamburgerin katrin rohde arbeitet seit 1995 für die armen in burkina faso,Welt am Sonntag,welt am sonntag,14. Juli 2013,Janina Kirsch,HAMBURG; Ausg. 28,733,4870,6e297f28cefe92d0804aab1ec14b6b9d2af3ab6f,,unique,keep,,no,,no,,,5980,no,,,,,"Managré Nooma bedeutet übersetzt: „Das Gute geht nie verloren"". Es ist ein Sprichwort aus der westafrikanischen 
Sprache Mooré - und das Lebensmotto von Katrin Rohde. Eine schicksalhafte Reise führte die gebürtige 
Hamburgerin Ende der 80er-Jahre nach Burkina Faso, das drittärmste Land der Welt. Damals engagierte sich die 
Buchhändlerin in Plön mit heißem Herzen beim „Arbeitskreis der Asylbewerber"".
Einer von ihnen schien nach deutscher Diagnose verrückt, der Bruder daheim war bei einem Telefonat mit der vom 
„Helfen wollen"" beseelten Frau anderer Meinung: Er tippte auf einen Zauber, gegen den nur eine traditionelle 
afrikanische Medizin helfen konnte. Also reiste Rohde nach Afrika, das erste Mal in ihrem Leben, holte die Medizin 
ab, erkrankte selbst an Meningitis, und überlebte sowohl Reisestrapazen als auch Krankheit. Der Burkinabé, wie 
die Bewohner in Burkina Faso genannt werden, wurde wieder gesund und kehrte in seine Heimat zurück. Seine 
deutsche Lebensretterin aber war fortan infiziert vom Virus Afrika. 1995 entschied sie sich, inzwischen 47 Jahre alt 
ist, ihr Hab und Gut aufzugeben, Deutschland zu verlassen und sich auf ein afrikanisches Abenteuer einzulassen.
In der Hauptstadt Ouagadougou mietete sie sich ein kleines Haus. Ihr Interesse galt vor allem den Straßenkindern, 
für die sie ein eigenes Heim bauen wollte. Mit dem mitgebrachten Ford Transit fuhr sie gezielt zu deren 
Aufenthaltsorten, um so langsam das Vertrauen der Jugendlichen zu gewinnen. Rohde versorgte sie mit 
Medikamenten und einer warmen Mahlzeit pro Woche. Nach und nach versuchte sie, einige der Jugendlichen in 
Familien unterzubringen, die sie finanziell unterstützte.
Inzwischen lebt Katrin Rohde seit fast 20 Jahren in Burkina Faso und hat seither zahlreiche Einrichtungen, wie 
Waisenhäuser, Krankenstationen und Schulen für Kinder und Jugendliche sowie bedürftige Frauen vor Ort 
aufgebaut. „Die ersten fünf Jahre waren hart"", sagt die Hamburgerin. Sie habe viele Krankheiten und 
Enttäuschungen erleiden müssen. 40 Mal war sie im Krankenhaus. „Das war meine eigene Schuld"", sagt sie heute. 
„Ich wollte leben wie eine Afrikanerin, und das geht nun mal nicht. Ohne Ventilator und Kühlschrank kommt man als 
Europäerin nicht klar."" Doch davon hat sie sich nicht abschrecken lassen. Sie hat weiter für ihre Schützlinge 
gekämpft, und nach einigen Fehlschlägen entstand AMPO, ein Kinderhilfswerk von mittlerweile beeindruckender 
Größe. „Ich bin sehr stolz auf alle unsere Kinder"", sagt Rohde. Zur Zeit leben 320 in den Waisenhäusern. „Sie sind 
fleißig in der Schule, zwölf von ihnen gehen sogar zur Universität."" Aber auch auf ihre Mitarbeiter sei sie 

Mama Tengas Abenteuer Die Hamburgerin Katrin Rohde arbeitet seit 1995 für die Armen in Burkina Faso
unglaublich stolz: „Klaglos und ohne Worte werden viele Überstunden gemacht, fröhlich und offen wird sich 
ausgetauscht"", sagt Rohde, die für ihr unermüdliches Engagement bereits mit dem Bundesverdienstkreuz 
ausgezeichnet wurde.
Finanziert wird all das aus Spenden, die die ehemalige Buchhändlerin überwiegend auf Vortragsreisen in 
Deutschland erwirbt. Beinahe zwei Millionen Euro werden im Jahr benötigt, um alle Einrichtungen 
aufrechtzuerhalten. Doch diese Vorträge nutze sie nicht nur, um das nötige Budget für ihre Projekte zu finden, 
sondern auch um „deutschen Kindern Verstehen für andere Welten aufzuzeigen"". Denn eines hat sie damals, als 
sie im Alter von 40 Jahren das erste Mal nach Afrika reiste, ganz schnell begriffen: „Geld hat nichts mit Glück zu 
tun."" Mehr noch: „In Europa will man sich einfach nicht zufrieden geben. Viele Menschen rennen und raffen und 
verpassen dabei Glück und Zufriedenheit und letztlich sich selbst.""
In Burkina Faso lebt Katrin Rohde heute nicht weit von den Waisenhäusern entfernt. In ihr Haus könne sie sich 
zurückziehen wenn „das Elend mal wieder zu viel wird"". Ständig würden Frauen mit sterbenden Kindern 
vorbeikommen, auch nachts. Gerade auf dem Sektor Gesundheit müsse immer Hilfe geleistet werden: „Hier kommt 
ein Arzt auf 30.000 Menschen.""
Von den Menschen um sie herum wird die Deutsche liebevoll Mama Tenga, Mama Vaterland, genannt. „Darauf bin 
ich richtig stolz"", sagt Rohde, die in Afrika zwar ihren Lebensmittelpunkt hat, dennoch gerne und regelmäßig in ihre 
Heimat kommt - so zum Beispiel zu ihrem 65. Geburtstag, den sie Anfang Juni mit der ganzen Familie in Hamburg 
feierte.
„Wir haben am Hafen portugiesisch gegessen. Die Schiffe tuteten und ich fühlte mich mal wieder so richtig zu 
Hause!"" erzählt sie. Und was macht die 65-Jährige am liebsten, wenn sie mal wieder in Hamburg ist? „In 
Teufelsbrück sitzen und die Elbe riechen. Freunde und Freundinnen treffen, deutsch reden, und vor allem Käse und 
Schokolade essen. Welch ein Luxus!""
Graphic
 
Sahel e. V.
Ein Herz und eine Seele: Katrin Rohde und drei ihrer Schützlinge
Sahel e.V."
2013-07,Main Corpus,2013-07(104).ZIP,Marzahn - Hellersdorf dementiert Amtsmaulwurf KEIN PLATZ FÜR FLÜCHTLINGE.PDF,C:\PythonProjects\AfD-project\Corpora\Main Corpus\2013-07\raw_unarchive\Marzahn - Hellersdorf dementiert Amtsmaulwurf KEIN PLATZ FÜR FLÜCHTLINGE.PDF,Marzahn - Hellersdorf dementiert Amtsmaulwurf KEIN PLATZ FÜR FLÜCHTLINGE,marzahn  hellersdorf dementiert amtsmaulwurf kein platz für flüchtlinge,"taz, die tageszeitung",taz die tageszeitung,Mittwoch 31. Juli 2013,Marina Mai,BERLIN AKTUELL; S. 22,242,1713,ff1012fe965ceb134e73f4431af3ac93f1e28cba,,unique,keep,,no,,no,,,2374,no,,,,,"KEIN PLATZ FÜR FLÜCHTLINGE
Die Unterbringung von Flüchtlingen wird immer schwieriger. Derzeit müssen sich 6.341 Menschen 6.159 
Wohnheimplätze teilen. Knapp 200 Menschen müssen auf Gängen schlafen. Auch Aufenthalts- und Fernsehräume 
sollen nun belegt werden.
Grund der Überfüllung ist laut Silvia Kostner vom zuständigen Landesamt für Gesundheit und Soziales neben 
einem starken Zuzug von Flüchtlingen aus Tschetschenien der nach wie vor bestehende Baustopp für ein neues 
Heim in Hellersdorf, den das Bezirksamt verfügt hat. Dabei liege das vom Bezirk geforderte Statikgutachten vor und 
habe die Bedenken ausgeräumt, so Kostner: Der Bezirk fordert aber nun Gutachten zum Brand- und Lärmschutz. 
Intern hält man das für Schikane. In dem Gebäude war früher eine Schule, die weit mehr Lärm als die 
vorgesehenen Wohnräume produzierte. Kostner: Wir empfinden das Verhalten des Bezirkes als unsolidarisch 
gegenüber den Flüchtlingen, die Berlin versorgen muss. 
Sozialsenator Mario Czaja (CDU) muss jetzt entscheiden, ob er die Gutachten abwartet oder die ehemalige Schule 
beschlagnahmt. Letzteres wäre ein Affront gegen seinen Jugendfreund Christian Gräff (CDU), Baustadtrat des 
Bezirkes. Nach taz-Recherchen gehen die Blockaden allerdings nicht von Gräff aus, der im Urlaub ist, sondern von 
einer Mitarbeiterin, die auch im Verdacht steht, die Bürgerinitiative gegen das Heim mit internen Informationen zu 
versorgen. Bezirksstadtrat Stephan Richter (SPD) dementiert das. Wir können uns nicht vorstellen, dass eine 
Mitarbeiterin Kontakte mit der rechten Szene pflegt. Wir glauben auch nicht, dass im Amt Bestrebungen 
vorherrschen, die Inbetriebnahme des Heimes zu verhindern oder zu verlangsamen. Marina Mai"
2013-07,Main Corpus,2013-07(104).ZIP,"Mehr Babys, aber noch mehr Sterbefälle Zuwanderer bringen für Deutschland ein Plus.PDF","C:\PythonProjects\AfD-project\Corpora\Main Corpus\2013-07\raw_unarchive\Mehr Babys, aber noch mehr Sterbefälle Zuwanderer bringen für Deutschland ein Plus.PDF","Mehr Babys, aber noch mehr Sterbefälle Zuwanderer bringen für Deutschland ein Plus",mehr babys aber noch mehr sterbefälle zuwanderer bringen für deutschland ein plus,Berliner Zeitung,berliner zeitung,Freitag 5. Juli 2013,,POLITIK; S. 6; Ausg. 154,239,1573,e9918078c7673ec0bcddb8ffb8bb7dcf69bb6dd7,,unique,keep,,no,,no,,,2485,no,,,,,"In Deutschland kommen wieder mehr Babys zur Welt. Die Zahl der Todesfälle steigt aber stärker. Die Lücke 
zwischen Sterbefällen und Geburten war 2012 sogar so groß wie seit 37 Jahren nicht mehr. Das teilte das 
Statistische Bundesamt in Wiesbaden am Donnerstag auf der Basis vorläufiger Zahlen mit. Diesen 
Bevölkerungsrückgang kehrten Zuwanderer aber um, sie brachten Deutschland insgesamt ein Plus. Zudem haben 
sich wieder mehr Menschen beim Standesamt trauen lassen.
Etwa 674000 Kinder wurden im vergangenen Jahr geboren. Das waren nach den vorläufigen Berechnungen etwa 
11000 oder 1,6 Prozent mehr als im Vorjahr. Gestorben sind etwa 870000 Menschen - 2,0 Prozent (oder 18000) 
mehr als vor Jahresfrist. Seit 1972 sterben in der Bundesrepublik jedes Jahr mehr Menschen als geboren werden. 
Die Zahl der Geburten ist von 1998 bis 2006 stetig gesunken, seither schwankt sie von Jahr zu Jahr.
Die Differenz zwischen Todesfällen und Geburten betrug im vergangenen Jahr 196000. Das entspricht ungefähr 
einer Stadt der Größe zwischen Kassel und Mainz. Allerdings haben Zuwanderer insgesamt für ein Plus bei der 
Bevölkerung gesorgt: Die Krise in Südeuropa und die EU-Osterweiterung brachten im vergangenen Jahr so viele 
Menschen nach Deutschland wie zuletzt 1995. Aus Zu- und Abwanderung ergab sich ein Einwohnergewinn von 
369000.
Bei den Eheschließungen errechneten die Statistiker auch ein Plus: 387000 Menschen trauten sich und gaben 
ihrem Partner das Ja-Wort; das waren 2,5 Prozent (oder 10000) mehr als 2011. Mehr Ehen waren zuletzt 2005 
geschlossen worden. (dpa)"
2013-07,Main Corpus,2013-07(104).ZIP,Messerstecherei mit Folgen Polizei verhindert Pogrom gegen tschetschenische Zuwanderer in Südrusslan.PDF,C:\PythonProjects\AfD-project\Corpora\Main Corpus\2013-07\raw_unarchive\Messerstecherei mit Folgen Polizei verhindert Pogrom gegen tschetschenische Zuwanderer in Südrusslan.PDF,Messerstecherei mit Folgen Polizei verhindert Pogrom gegen tschetschenische Zuwanderer in Südrussland,messerstecherei mit folgen polizei verhindert pogrom gegen tschetschenische zuwanderer in südrussland,Frankfurter Rundschau,frankfurter rundschau,Mittwoch 10. Juli 2013,,Politik; S. 9,401,2986,b845567a967f74ac717117903b992cce38d282a7,,unique,keep,,no,,no,,,3848,no,,,,,"Von Christian Esch
Eine Messerstecherei in Südrussland ist am Wochenende fast zu einem Pogrom ausgeartet. Die russischen 
Behörden mussten Einwohner der Siedlung Pugatschow bei Saratow daran hindern, gegen Zuwanderer aus dem 
Kaukasus vorzugehen und ein von Muslimen besuchtes Café in Brand zu setzen. Die Lage sei unter Kontrolle, 
berichtete die Polizei am Dienstag. 
Der Konflikt begann in der Nacht zu Sonnabend. Vor einem Café stach ein 16 Jahre alter Tschetschene den vier 
Jahre älteren Ruslan Marschanow nieder. Anlass war offenbar der Streit um ein Mädchen. Der Ex-Fallschirmjäger 
Marschanow starb im Krankenhaus. Seine Beerdigung am Sonntag wuchs sich zu einer spontanen Demonstration 
von Freunden, Verwandten und Unbeteiligten aus. Die Polizei hielt Meldungen zufolge hunderte Einwohner davon 
ab, sich auf die Jagd nach Zuwanderern aus dem Kaukasus zu machen. Auch am Montag kam es zu einer 
Demonstration. Dabei forderte die erzürnte Menge die Aussiedlung von Zuwanderern aus dem Nordkaukasus. Die 
Polizei verhinderte die Inbrandsetzung des von Muslimen besuchten Cafés ""Halal"", meldete die Agentur Interfax. 
Ebenso mussten die Einwohner an der Sperrung einer Bundesstraße gehindert werden. 
Wie ernst die Behörden den aufflammenden Unmut der Pugatschower nehmen, zeigt ihre Reaktion: So besuchte 
der Gouverneur des Saratower Gebiets persönlich die Siedlung, um die Einwohner zu beschwichtigen. Ebenso war 
der Polizeichef des Gebiets am Ort, und die Ermittlungen zu der Messerstecherei sollen von Experten aus Moskau 
geführt werden. Der Täter ist gefasst und geständig. 
Videoaufnahmen der Nachrichtenagentur Ria Nowosti und der Boulevardzeitung ""Komsomolskaja Prawda"" zeigen 
den Streit zwischen Behördenvertretern und Einwohnern. ""Aussiedeln, aussiedeln!"", skandiert die Menge und 
überschreit dabei den Bezirkschef. 
Kaukasier lieferten Täter aus 
Die Staatsanwaltschaft verweist darauf, dass es doch örtliche Tschetschenen gewesen seien, die den Täter gefasst 
und der Polizei ausgeliefert hätten. Einwohner beklagen sich, Kaukasier seien schon mehrfach an 
Messerstechereien beteiligt gewesen. 

Messerstecherei mit Folgen Polizei verhindert Pogrom gegen tschetschenische Zuwanderer in Südrussland
Tschetscheniens Oberhaupt Ramsan Kadyrow distanziert sich von der Tat. Dem Internetmedium ""Kawpolit"" zufolge 
war das Opfer der Messerstecherei selbst Sohn eines Tataren und von Kind auf mit örtlichen Tschetschenen 
befreundet. Diese brachten ihn auch ins Krankenhaus.
Alltagsgewalt unter Beteiligung von Angehörigen nordkaukasischer Ethnien ist in Russland seit längerem ein viel 
diskutiertes und politisch brisantes Thema - schließlich gehört der Nordkaukasus zu Russland. Wie schnell sich 
einzelne Gewalttaten zu einem Flächenbrand ausweiten können, zeigte vor sieben Jahren das Beispiel der 
nordrussischen Stadt Kondopoga. Damals hatte die Ermordung zweier Männer durch tschetschenische Schläger in 
einem Restaurant Ausschreitungen in der Stadt zur Folge."
2013-07,Main Corpus,2013-07(104).ZIP,Ministerium sieht keine Missstände Flüchtlingsheime nach Protest kontrolliert.PDF,C:\PythonProjects\AfD-project\Corpora\Main Corpus\2013-07\raw_unarchive\Ministerium sieht keine Missstände Flüchtlingsheime nach Protest kontrolliert.PDF,Ministerium sieht keine Missstände Flüchtlingsheime nach Protest kontrolliert,ministerium sieht keine missstände flüchtlingsheime nach protest kontrolliert,Südwest Presse,südwest presse,Freitag 26. Juli 2013,,Südwestumschau; S. 5,341,2635,9a364ab36c59f891c3d08fb5ade722a6fe2e5d9b,,unique,keep,,no,,no,,,3633,no,,,,,". Vor dem Seitenausgang des Intergrationsministeriums in Stuttgart protestieren seit gut einer Woche rund 20 
Asylbewerber gegen die ihrer Ansicht nach unmenschliche Unterbringung und Betreuung im Main-Tauber-Kreis. 
""Wir werden behandelt wie Gefangene"", behaupteten sie in einer Erklärung. Ministerin Bilkay Önay (SPD) hat nach 
einem Gespräch ihren Abteilungsleiter Joachim Pampel ins Taubertal geschickt. Sein Fazit nach der Besichtigung 
einer von zwei Gemeinschaftsunterkünften: ""Qualität und Quantität entsprechen dem Standard."" Dem Landratsamt 
könne kein Verstoß gegen das Asylbewerberleistungsgesetz oder das Flüchtlingsaufnahmegesetz vorgeworfen 
werden.
In einem früheren Schwesternwohnheim in Bad Mergentheim mit Platz für 135 Personen leben derzeit 125 
Asylbewerber, davon gehören 75 Personen zu 21 Familien. Das Haus stamme zwar aus den 1950er Jahren, sei 
jedoch 2011 grundlegend saniert worden, sagte Sozialdezernentin Elisabeth Krug. Abteilungsleiter Pampel sah 
besonders die Apartments als geeignet für Familien an, auch die Grünanlage empfand er als positiv. Die beklagte 
""hohe Belegungsdichte"" lasse sich auch dadurch erklären, dass Familien zusammenbleiben wollten und eine 
andere Immobilie ablehnten.
In Külsheim sind in ein ursprünglich für Spätaussiedler bestimmtes Haus mit 60 Plätzen 33 alleinstehende Männer 
aus Syrien, Algerien und Pakistan eingezogen. In dem 5500-Einwohner-Städtchen engagieren sich Vereine, 
Kirchen und Privatpersonen, um die Flüchtlinge zu unterstützen. Sie können Sprachkurse belegen und mit den 
Kickern des SVK trainieren.
In beiden Orten bekommen die Asylsuchenden außer dem Taschengeld von monatlich 137 Euro je Erwachsenem 
Sachleistungen im Wert von 154 Euro. Doch die Wortführer der Flüchtlinge wollen nur noch Bargeld, um 
individuellere Einkäufe zu ermöglichen. Diese Forderung will das Landratsamt in Tauberbischofsheim erfüllen.
Die Wohnsituation werde durch die geplante Gesetzesänderung verbessert, sagte Pampel. Demnach erhöhe sich 
der Raumanspruch von 4,5 auf sieben Quadratmeter.
Landratsamt und Ministerium sind sich einig, dass besonders die lange Dauer des Verwaltungsverfahrens zur 
Unzufriedenheit beitrage. ""Daraus können psychische Erkrankungen resultieren"", sagte Krug. Dauere ein 

Ministerium sieht keine Missstände Flüchtlingsheime nach Protest kontrolliert
Asylverfahren länger als ein Jahr, werde die Ministerin in jedem Einzelfall eine Beschleunigung anmahnen, 
versprach Pampel.
Graphic
 
Ein früheres Schwesternwohnheim in Bad Mergentheim entspricht nicht der Erwartung von Asylbewerbern, genügt 
aber gesetzlichem Standard. Foto: Hans Georg Frank"
2013-07,Main Corpus,2013-07(104).ZIP,Mit Snowden gegen das Empire WOLF-DIETER VOGEL ÜBER ASYL FÜR DEN WHISTLEBLOWER IN SÜDAMERIKA.PDF,C:\PythonProjects\AfD-project\Corpora\Main Corpus\2013-07\raw_unarchive\Mit Snowden gegen das Empire WOLF-DIETER VOGEL ÜBER ASYL FÜR DEN WHISTLEBLOWER IN SÜDAMERIKA.PDF,Mit Snowden gegen das Empire WOLF-DIETER VOGEL ÜBER ASYL FÜR DEN WHISTLEBLOWER IN,mit snowden gegen das empire wolfdieter vogel über asyl für den whistleblower in,"taz, die tageszeitung",taz die tageszeitung,Montag 08. Juli 2013,WOLF-DIETER VOGEL,MEINUNG UND DISKUSSION; S. 12,253,1847,6396ad0c51cdf42c1f985d007bde7a48c9c1814d,,unique,drop,commentary_noncore,no,,no,,,2823,yes,commentary_noncore,,,,"WOLF-DIETER VOGEL ÜBER ASYL FÜR DEN WHISTLEBLOWER IN SÜDAMERIKA
Für die Regierungen Boliviens, Venezuelas, Nicaraguas und Ecuadors hätte es nicht besser kommen können: Ein 
Mann, der als Enthüller massiver US-Abhörmaßnahmen in aller Welt verehrt wird, sucht Asyl. Zahlreiche Staaten, 
die wie Deutschland eine Konfrontation mit Washington vermeiden wollen, verweigern die Aufnahme. Dann geben 
sich die Europäer auch noch als Handlanger der Gringos her und stoppen die bolivianische Präsidentenmaschine, 
weil der Verfolgte an Bord vermutet wurde.
Nichts liegt für die Linksregierungen näher, als Edward Snowden Asyl anzubieten. Sie können sich so wieder als 
Vorkämpfer gegen das Imperium profilieren. Und das unter günstigen Vorzeichen: Der Whistleblower steht für die 
Meinungsfreiheit, deren fehlende Umsetzung Washington immer wieder als Vorwand dient, um etwa gegen 
Venezuela ins Feld zu ziehen. Die Botschaft der linken Präsidenten dürfte vor allem an die eigene Klientel und an 
andere Latino-Regierungen gerichtet sein, die in Sachen Snowden zurückhaltender sind. Doch der Vorstoß ist 
gewagt: Nach Chávez' Tod hat die Opposition an Stärke gewonnen, auch Ecuadors Staatschef Rafael Correa ist 
mit Widerstand konfrontiert.
Zwar handeln die Staaten zunehmend mit China, doch die Ölexporte Venezuelas in den verhassten Norden 
finanzieren weiterhin einen Teil des Sozialprogramms. Sollte Correa, der sich noch nicht eindeutig geäußert hat, 
einer Aufnahme Snowdens zustimmen, werden die USA ein jüngst vereinbartes Zollabkommen auf Eis legen und 
damit ökonomisch wichtige Sektoren schwächen. Zuspitzung ist in allen Ländern programmiert: Regierungstreue 
werden die antiimperialistische Fahne schwenken, Oppositionelle gegen den wirtschaftlichen Schaden mobilisieren. 
Zur Entspannung wird diese Geste nicht beitragen.
Schwerpunkt SEITE 2"
2013-07,Main Corpus,2013-07(104).ZIP,Münchner Flüchtlingsstreik zeitigt erste Wirkung RECHTE Die bayerische Staatsregierung kündigt Verbe.PDF,C:\PythonProjects\AfD-project\Corpora\Main Corpus\2013-07\raw_unarchive\Münchner Flüchtlingsstreik zeitigt erste Wirkung RECHTE Die bayerische Staatsregierung kündigt Verbe.PDF,Münchner Flüchtlingsstreik zeitigt erste Wirkung RECHTE Die bayerische Staatsregierung kündigt,münchner flüchtlingsstreik zeitigt erste wirkung rechte die bayerische staatsregierung kündigt,"taz, die tageszeitung",taz die tageszeitung,Montag 08. Juli 2013,MARLENE HALSER,INLAND; S. 06,293,2333,804e4158b2d7086794dd176ca70825ccdfba7620,,unique,keep,,no,,no,,,3323,no,,,,,"MÜNCHEN taz Der Streik der Asylsuchenden in der Münchner Innenstadt hat die bayerische Staatsregierung 
offenbar aufgeschreckt. Sozialministerin Christine Haderthauer (CSU) hat am Freitag im Gespräch mit der 
Süddeutschen Zeitung erklärt, einen umstrittenen Halbsatz im bayerischen Asylrecht streichen zu wollen. In der 
sogenannten Asyldurchführungsverordnung heißt es, die Unterbringung der Asylsuchenden soll die Bereitschaft 
zur Rückkehr in das Heimatland fördern .
Die Auswirkungen dieses Satzes kritisieren Asylsuchende und Flüchtlingsorganisationen seit Jahren: 
heruntergekommene Gemeinschaftsunterkünfte, mangelnde soziale Betreuung der oft traumatisierten Menschen, 
normierte Essenspakete, kaum Angebote für Deutschkurse sowie das Verbot, eine eigene Wohnung zu suchen 
oder den Regierungsbezirk für die Dauer des Asylverfahrens zu verlassen.
Die Streichung des umstrittenen Passus soll in einer der kommenden Kabinettssitzungen beschlossen werden. 
Rückendeckung bekam die Sozialministerin von Ministerpräsident Horst Seehofer (CSU). Ich möchte, dass der 
Satz wegkommt. Wir betreiben als Staatsregierung eine solche Politik nicht , so Seehofer.
Alexander Thal vom Bayerischen Flüchtlingsrat sieht das als Symbolpolitik, um die Gemüter zu beruhigen . 
Solange sich an der Lagerunterbringung, die in Bayern verpflichtend ist, nichts ändere, bleibe auch die Streichung 
des Passus ohne Auswirkung. Notwendig wäre jetzt, schnellstmöglich die Lagerpflicht aus dem Aufnahmegesetz 
zu streichen , sagte Thal. Die Abschaffung der Gemeinschaftsunterkünfte lehnt die Ministerin aber weiterhin ab.
Haderthauer kündigte jedoch Verbesserungen an den Essenspaketen an: Sie wolle den Bezirksregierungen mehr 
Flexibilität zugestehen, sodass nach einer gewissen Zeit auf Gutscheine oder Bargeld umgestellt werden kann , so 
die Ministerin. Was das konkret bedeutet, ist unklar.
Ausgelöst hat die angekündigte Kehrtwende der Streik Asylsuchender, der Ende Juni auf dem Münchner 
Rindermarkt stattfand. Die anfangs über 50 Flüchtlinge hatten die Nahrung, später auch die Aufnahme von 
Flüssigkeit verweigert. Als die Situation zu eskalieren drohte, wurde das Camp von der Polizei geräumt.

Münchner Flüchtlingsstreik zeitigt erste Wirkung RECHTE Die bayerische Staatsregierung kündigt 
Verbesserungen in der Asylpolitik an
MARLENE HALSER"
2013-07,Main Corpus,2013-07(104).ZIP,NACHRICHTEN(2).PDF,C:\PythonProjects\AfD-project\Corpora\Main Corpus\2013-07\raw_unarchive\NACHRICHTEN(2).PDF,NACHRICHTEN,nachrichten,Der Tagesspiegel,der tagesspiegel,Dienstag 9. Juli 2013,,BRANDENBURG; S. 11; Ausg. 21742,250,1696,0ad22427a3e434c532704d60a20689763c4421d8,,unique,keep,,no,,no,,,2315,no,,,,,"Oranienplatz stundenlang blockiert
Berlin - Bewohner des Flüchtlingscamps am Kreuzberger Oranienplatz haben am Montag die Oranienstraße für 
mehr als vier Stunden komplett gesperrt. Sie rückten nach Angaben der Polizei gegen 10.30 Uhr Möbel und 
Matratzen auf die Straße und verlangten, mit einemPolitiker über ihre Situation zu sprechen. Am Vormittag sprach 
dann Bezirksbürgermeister Franz Schulz (Grüne) mit ihnen, gegen 14.50 Uhr verließen sie die Straße wieder. 80 
Beamte waren im Einsatz, regelten aber vor allem den Ersatzverkehr durch umliegende Straßen. lvt
Kind stirbt nach Sturz aus Fenster
Berlin - Tödliche Verletzung erlitt am Sonntagabend ein Kleinkind, als es aus der dritten Etage eines Weddinger 
Wohnhauses stürzte. Das teilte die Polizei mit. Nach Angaben der Mutter kletterte der Anderthalbjährige in einem 
unbeobachteten Moment gegen 21 Uhr im Wohnzimmer auf die Couch, öffnete ein Fenster und fiel in die Tiefe. 
Rettungskräfte brachten den am Kopf schwer verletzten Jungen in eine Klinik, in der er kurz vor Mitternacht starb. 
Das LKA hat die Ermittlungen übernommen. Tsp
Hallen in Johannisthal ausgebrannt
Berlin - Hunderte Feuerwehrleute haben am Montag rund acht Stunden gebraucht, um einen Brand am Groß-
Berliner Damm 80 in Johannisthal unter Kontrolle zu bringen. Gegen 0.58 Uhr am frühen Montagmorgen wurde die 
Feuerwehr auf das dortige Industriegelände gerufen, wo ein Feuer in einer Holzlagerhalle ausgebrochen war. Die 
meterhohe Rauchwolke war auch von der A 113 aus zu sehen. Insgesamt brannte es auf einer Fläche von 5000 
Quadratmetern. Die Löscharbeiten dauerten bis in den Nachmittag an. Das Brandkommissariat hat die Ermittlungen 
übernommen.kat/casch"
2013-07,Main Corpus,2013-07(104).ZIP,NACHRICHTEN(3).PDF,C:\PythonProjects\AfD-project\Corpora\Main Corpus\2013-07\raw_unarchive\NACHRICHTEN(3).PDF,NACHRICHTEN,nachrichten,Berliner Zeitung,berliner zeitung,Dienstag 16. Juli 2013,,POLITIK; S. 6; Ausg. 163,391,2932,12c3f55fe817d4742671ec30887f8519121844a8,,unique,keep,,no,,no,,,4288,no,,,,,"Zahl der Asylbewerber im ersten Halbjahr gestiegen
Im ersten Halbjahr 2013 sind insgesamt 43016 Menschen nach Deutschland geflüchtet und haben hier Asyl 
beantragt. Wie das Bundesinnenministerium am Montag in Berlin mitteilte, waren es damit rund 86 Prozent mehr 
als im Vergleichszeitraum 2012. Die meisten Flüchtlinge (knapp 10000) kamen aus Russland, davon sind die 
meisten Tschetschenen. Auf Platz zwei der Hauptherkunftsländer folgte Syrien(4500), auf Platz drei Afghanistan 
(3400). (epd)
Moskau will verurteilte Agenten austauschen
Russland will im Rahmen eines Gefangenenaustauschs ein in Deutschland verurteiltes Agentenpaar zurück ins 
Land holen. Wie die russische Wirtschaftszeitung Kommersant am Montag berichtete, soll im Gegenzug 
mindestens ein in Russland inhaftierter Agent, der für den Westen spioniert haben soll, an Deutschland übergeben 
werden. Entsprechende Gespräche zwischen Moskau und Berlin hätten nach der Verurteilung des russischen 
Paares in Deutschland begonnen. (AFP)
CSU verspricht in Bayern Vollbeschäftigung
Die CSU geht mit dem Versprechen der Vollbeschäftigung in den Wahlkampf zur bayerischen Landtagswahl. Bis 
2018 und damit bis zum Ende der nächsten Legislaturperiode solle das erreicht werden und die 
Jugendarbeitslosigkeit vollständig verschwinden, sagte CSU-Chef Horst Seehofer am Montag nach einer 
Vorstandssitzung seiner Partei. Scharf griff der bayerische Ministerpräsident den SPD-Kanzlerkandidaten Peer 
Steinbrück an. (AFP)
Mehr Piratenüberfälle
an Westafrikas Küste
Piratenangriffe vor der Küste Westafrikas nehmen zu. Im Golf von Guinea habe es seit Januar 31 Zwischenfälle 
gegeben, darunter vier Entführungen, teilte das Internationale Schifffahrtsbüro mit. In der Region seien 56 Seeleute 
als Geiseln genommen worden, eine Person sei getötet und mindestens fünf weitere seien verletzt worden. Die 
Angriffe vor der Küste Somalias und im Golf von Aden hingegen fiel auf den tiefsten Stand seit 2006. (Reuters, dpa)
Tränengas gegen Demonstranten in Ägypten

NACHRICHTEN
In Ägypten haben sich am Montag erneut Zehntausende Anhänger des gestürzten Präsidenten Mohammed Mursi 
zu Protesten gegen die Übergangsregierung versammelt. Die Polizei setzte am Abend in Kairo Tränengas gegen 
Demonstranten ein, die eine Nilbrücke blockierten und Steine auf Sicherheitskräfte warfen. Am Montag hielt sich 
auch der stellvertretende US-Außenminister William Burns in Kairo auf. Er rief zu Dialog und Gewaltverzicht auf. 
(dpa)
Assads Truppen drängen Rebellen zurück
Syrische Regierungstruppen sind nach Rebellenangaben am Montag in einen von Aufständischen kontrollierten 
Stadtteil von Damaskus eingerückt. Nach massivem Raketen- und Artilleriebeschuss seien Einheiten der 
Republikanischen Garde mit Panzern vorgestoßen, berichtete ein Befehlshaber der Aufständischen. Die Soldaten 
hätten Hunderte Einwohner als Geiseln in einer Moschee und zwei Schulen zusammengetrieben. (Reuters)"
2013-07,Main Corpus,2013-07(104).ZIP,NACHRICHTEN(4).PDF,C:\PythonProjects\AfD-project\Corpora\Main Corpus\2013-07\raw_unarchive\NACHRICHTEN(4).PDF,NACHRICHTEN,nachrichten,Berliner Zeitung,berliner zeitung,Dienstag 30. Juli 2013,,LOKALES; S. 15; Ausg. 175,361,2684,06ebedc61573e2926f396d50e2bc0be877ba1ab6,,unique,keep,,no,,no,,,3672,no,,,,,"Demonstranten blockieren Straße zum Flughafen Tegel
Die Polizei musste am Montagabend die Hauptzufahrt zum Flughafen Tegel sperren, weil Demonstranten die 
Straße blockierten. Bis gegen 20.45 Uhr konnten Fluggäste die Terminals nur mit Verzögerungen erreichen, teilte 
ein Sprecher mit. Die unangemeldete Protestaktion richtete sich gegen die Abschiebung eines Asylbewerbers. 
Nach Informationen der Berliner Zeitung wollten die Demonstranten verhindern, dass die Crew von Qatar Airways 
zu ihrem Flugzeug gelangte. Erfolg hatten sie nicht, der Flug nach Doha konnte starten. Im Terminal kam es zu 
Rangeleien mit der Polizei. Damit alle Flüge abgewickelt werden konnten, erlaubte der Senat Starts bis Mitternacht. 
(pn.)
Festsaal Kreuzberg: Polizei untersucht Brandschutt
Die Ursache für den Großbrand im Festsaal Kreuzberg ist weiter unklar. Es sei viel Brandschutt gesichert worden, 
der jetzt genau analysiert werden müsse, sagte ein Polizeisprecher. Wann die Analysen abgeschlossen seien, 
lasse sich noch nicht sagen. Weiterhin kämen ein technischer Defekt oder fahrlässige Brandstiftung als Ursachen 
infrage. Das Feuer war in der Nacht zum 21.Juli ausgebrochen. (dpa)
Ermittlungen gegen Glööckler eingestellt
Das Ermittlungsverfahren gegen Modemacher Harald Glööckler (48) wegen des Verdachts auf Kokain-Konsum ist 
eingestellt worden. Die Berliner Generalstaatsanwaltschaft bestätigte eine entsprechende Mitteilung des Designers. 
Es habe keinen Tatnachweis gegeben, sagte die Sprecherin, Oberstaatsanwältin Silke Becker. Glööckler kündigte 
rechtliche Schritte gegen die Bild-Zeitung an, die Anfang Juli über die Ermittlungen berichtet hatte. ""Mit einem so 
schwerwiegenden Verdacht auf der Titelseite eine derartige Medienlawine ins Rollen zu bringen, ist nicht nur 
fahrlässig, sondern kann ganz gezielt und auf einen Schlag Existenzen vernichten"", so der Designer. (dpa)
Alte Nationalgalerie
weiterhin geschlossen
Wegen eines Defekts an der Klimaanlage bleibt die Alte Nationalgalerie auf der Berliner Museumsinsel vorerst 
weiter geschlossen. Der Austausch der Kältemaschine werde voraussichtlich eine Woche in Anspruch nehmen, 
teilten die Staatlichen Museen am Montag mit. Zunächst sollte das Haus nur bis zum vergangenen Sonntag 

NACHRICHTEN
geschlossen bleiben. Man habe sich jedoch entschieden, das betreffende Maschinenteil komplett zu erneuern, hieß 
es. Der Ausfall hat dazu geführt, dass die Klimaanlage nicht mehr die erforderliche Kälteleistung bringt. In der Alten 
Nationalgalerie sind unter anderem Werke von Adolph Menzel, Max Liebermann, Anselm Feuerbach, Claude 
Monet, Auguste Renoir und Paul Cézanne sowie Skulpturen von Auguste Rodin zu sehen. (dpa)"
2013-07,Main Corpus,2013-07(104).ZIP,NACHRICHTEN.PDF,C:\PythonProjects\AfD-project\Corpora\Main Corpus\2013-07\raw_unarchive\NACHRICHTEN.PDF,NACHRICHTEN,nachrichten,Berliner Zeitung,berliner zeitung,Montag 22. Juli 2013,,LOKALES; S. 15; Ausg. 168,364,2674,85d7319644c598452f652f87e1492a2e01bb084c,,unique,keep,,no,,no,,,3298,no,,,,,"Bekenntnis zu Hellersdorfer Flüchtlingsheim
Nach Protesten gegen ein geplantes Asylbewerberheim in Marzahn-Hellersdorf haben sechs Parteien in einer 
gemeinsamen Erklärung ihre Unterstützung für das Vorhaben zugesagt. Zuletzt hatten Rechtsextreme gegen eine 
Flüchtlingsunterkunft in einem ehemaligen Schulgebäude Stimmung gemacht. CDU, SPD, Grüne, Linke, FDP und 
Piraten im Bezirk erklärten am Sonntag in einem Schreiben: ""Marzahn-Hellersdorf bekennt sich zur gemeinsamen 
Verantwortung, Flüchtlingen und Asylsuchenden eine sichere Unterbringung zu ermöglichen. Die 
Unterzeichnenden unterstützen dieses Vorhaben uneingeschränkt. Wir heißen Flüchtlinge in unserem Bezirk 
willkommen!"" Um die geplante Unterkunft in Marzahn-Hellersdorf gibt es seit einiger Zeit Streit. (dpa)
Weichenstörungen bei
der S-Bahn
Die sommerliche Pannenserie bei der S-Bahn nimmt kein Ende. Am Sonntag war das Unternehmen gleich von 
einer ganzen Serie von Weichenstörungen betroffen. Innerhalb einer Stunde gab es am Nachmittag 
Weichenstörungen in den Bezirken Tempelhof, Neukölln und Lichtenberg, die den Verkehr auf verschiedenen 
Linien behinderten. Ob die Hitze mit Temperaturen um 30 Grad die technischen Schwierigkeiten verursacht hat, 
blieb zunächst allerdings offen. Ein Unternehmenssprecher sagte am Sonntagnachmittag, der Grund für die 
ungewöhnliche Häufung sei unklar. (dpa) Lastwagen kracht gegen Bahn-Brücke
Ein Lastwagen mit Ladekran ist am Sonnabendmorgen am S-Bahnhof Tiergarten unter einer Brücke 
hängengeblieben und umgekippt. Der Lkw-Fahrer kam ins Krankenhaus, die Straße war in beiden Richtungen 
stundenlang gesperrt. Das Baufahrzeug, das in Richtung Siegessäule unterwegs war, prallte mit so großer Wucht 
gegen die S-Bahn-Brücke, dass es zur Seite kippte. Unklar ist, ob der Unfall durch einen technischen Defekt 
verursacht wurde, oder ob der Fahrer die Höhe unterschätzt hatte. An der Brücke entstand kein nennenswerter 
Schaden. Erst am Sonntag war die Straße wieder komplett befahrbar. (dpa)
Rosinenbomber-Ersatz kommt aus England
Der bei einer Bruchlandung vor drei Jahren stark beschädigte Rosinenbomber soll bald wieder über Berlin fliegen. 
Der Kauf einer baugleichen Originalmaschine soll am Montag im englischen Coventry perfekt gemacht werden, wie 
der Förderverein ""Rosinenbomber"" mitteilte. Die DC-3 soll als Ersatzteilspender für die im Juni 2010 verunglückte 

NACHRICHTEN
Maschine dienen. Die für Kaufsumme von 210 000 US-Dollar war durch Spenden zusammengekommen. Das 
Ersatzflugzeug soll am 30.Juli in einem fünfstündigen Flug nach Schönefeld überführt werden. Wenige Wochen 
später will man die beiden baugleichen Maschinen reparieren lassen. (dpa)"
2013-07,Main Corpus,2013-07(104).ZIP,Neue Milde der CSU Rasanter Kurswechsel in der Asylpolitik nach Hungerstreik.PDF,C:\PythonProjects\AfD-project\Corpora\Main Corpus\2013-07\raw_unarchive\Neue Milde der CSU Rasanter Kurswechsel in der Asylpolitik nach Hungerstreik.PDF,Neue Milde der CSU Rasanter Kurswechsel in der Asylpolitik nach Hungerstreik,neue milde der csu rasanter kurswechsel in der asylpolitik nach hungerstreik,Südwest Presse,südwest presse,Freitag 5. Juli 2013,,Politik; S. 2,369,2756,5466c3ea59b5b86fc95cbc023c03b34a7e962756,,unique,keep,,no,,no,,,3824,no,,,,,"Nach dem Hungerstreik von Flüchtlingen in München rückt die CSU in der Asylpolitik innerhalb weniger Tage von 
jahrelang verteidigten Grundsätzen ab. Ministerpräsident Horst Seehofer (CSU) will nun einen seit Jahren 
umstrittenen Satz aus der Durchführungsverordnung für die Unterbringung von Asylbewerbern streichen lassen. 
Darin heißt es, dass die Unterbringung ""die Bereitschaft zur Rückkehr in das Heimatland fördern"" solle. ""Ich 
möchte, dass der Satz wegkommt. Wir betreiben als Staatsregierung eine solche Politik nicht"", sagte Seehofer der 
""Süddeutschen Zeitung"".
Sozialministerin Christine Haderthauer (CSU) hatte schon vor vier Jahren für die Streichung der Passage gekämpft, 
war aber damals am Widerstand des Innenministeriums gescheitert. Haderthauer sagte ihrerseits in einem weiteren 
seit Jahren heiß umkämpften Streitpunkt Entgegenkommen zu: der Versorgung mit Essenspaketen. ""Auch die 
Sachleistungen bei der Versorgung sollen noch mehr flexibilisiert werden"", sagte Haderthauer. Bei Flüchtlingen, die 
noch in Gemeinschaftsunterkünften wohnten, wolle sie den Bezirksregierungen mehr Flexibilität geben, ""so dass 
nach einer gewissen Zeit auf Gutscheine oder Bargeld umgestellt werden kann"".
Zu spüren bekommt den Kurswechsel auch Bundesinnenminister Hans-Peter Friedrich (CSU). Er steht parteiintern 
unter Druck, weil das dem Innenministerium zugeordnete Bundesamt für Migration und Flüchtlinge verantwortlich 
für die schleppende Bearbeitung der Asylanträge ist. ""Es ist Aufgabe des Bundes, die Verfahrensdauer zu 
verkürzen"", so Haderthauer. Vorgabe der EU sei, Asylanträge innerhalb von sechs Monaten zu bearbeiten. ""Unsere 
Aufforderung an den Bundesinnenminister ist, dass diese sechs Monate eingehalten werden.""
Haderthauer sagte voraus, dass allein neue Plätze für die steigende Zahl der Asylbewerber die Probleme nicht 
lösen werde: ""Es ist realitätsfremd zu glauben, dass wir nur durch zusätzliche Plätze Entspannung schaffen 
können, wenn die Verfahren nicht verkürzt werden.""
Zur bayerischen Asylpolitik sagte sie: ""Es ist nicht so, dass wir jetzt erst gestern den Hebel umgelegt hätten. Wir 
haben schrittweise bereits viele Verbesserungen in die Wege geleitet, die aber in der Öffentlichkeit nicht so 
wahrgenommen wurden."" So seien die Mittel für die Asylsozialberatung in dieser Legislatur auf 3,4 Millionen Euro 
mehr als verdoppelt worden. Bereits 2010 habe nur noch die Hälfte der Asylbewerber in 
Gemeinschaftsunterkünften gelebt. ""Ich möchte diesen Weg weitergehen und werbe dafür, die 

Neue Milde der CSU Rasanter Kurswechsel in der Asylpolitik nach Hungerstreik
Gemeinschaftsunterkünfte zunehmend als Wohnangebot zu begreifen - und zwar auch für Asylbewerber, die nicht 
mehr verpflichtet sind, dort zu wohnen."""
2013-07,Main Corpus,2013-07(104).ZIP,No Headline In Original(2).PDF,C:\PythonProjects\AfD-project\Corpora\Main Corpus\2013-07\raw_unarchive\No Headline In Original(2).PDF,No Headline In Original,no headline in original,Berliner Zeitung,berliner zeitung,Mittwoch 24. Juli 2013,,SEITE 3; S. 3; Ausg. 170,1630,10737,24f5931dfb0780a3300eeaa3f3e63f1e8b599f2f,,unique,drop,malformed,no,,yes,placeholder_title,,11293,no,,,,,"MANNHEIM. An manchen Tagen kommt der Hunger zu Marija Krstanovic ins Büro. Zuletzt in Gestalt einer etwa 40 
Jahre alten Frau mit dreckiger Kleidung und vier Kindern. Sie war schwarzgefahren und entschuldigte sich, dass sie 
einfach so auftauche: Sie, ihr Mann und die Kinder seien noch nicht lange in Deutschland, hätten noch keine Arbeit 
und die Anträge auf Eltern- und Kindergeld seien nicht bewilligt, sagte sie - und ja, sie alle hätten jetzt seit zwei 
Tagen nichts mehr gegessen: ""Bitte entschuldigen Sie. Haben Sie eine Kleinigkeit für uns?"" Marija Krstanovic kennt 
das, für solche Fälle hat sie immer ein paar Lebensmittelmarken der Caritas. ""Dass jemand kommt und sagt, er 
hätte schon seit Tagen nichts mehr gegessen - das habe ich mindestens ein Mal in der Woche.""
Marija Krstanovic, 31 Jahre, ist Migrationsberaterin, spezialisiert auf Zuwanderer aus Bulgarien und Rumänien. Sie 
sei der erste und bislang einzige Mensch in Deutschland in diesem Amt, sagt sie - und ist auch zuständig für Roma, 
jene Volksgruppe also, die gegenwärtig angeblich massenhaft in Deutschland einwandert. Marija Krstanovic sieht 
das anders. Sie sagt: ""Ob Roma oder nicht, das merkt man gar nicht.""
Ihr Büro liegt in Jungbusch, einem Stadtteil mit Häusern aus der Gründerzeit, bei manchen glaubt man nicht, dass 
seither etwas an ihnen erneuert worden ist. Um zu Marija Krstanovic zu gelangen, passiert man einen Hausflur, in 
dem es nach Hunde-Urin stinkt, der graue Boden klebt. Im zweiten Stock des Hauses residiert sie inmitten von 
Sperrholzmöbeln und Büchern mit Titeln wie ""Schule 2002"" oder ""Windows 95"". ""Der Raum hier wird auch für 
Fortbildungen genutzt"", sagt sie dazu.
Post von der Kasse
Marija Krstanovic hat eine tiefe Stimme und lange dunkle Locken. Sie arbeitet im Gemeinschaftszentrum 
Jungbusch, einer gemeinsamen Einrichtung verschiedener Sozialträger - darunter Arbeiterwohlfahrt, Caritas und 
Paritätischer Wohlfahrtsverband. Das klingt ein bisschen bürokratisch, und ein Großteil ihrer Arbeit ist damit auch 
ganz gut umschrieben: Gleich drei Briefe sind es, die eine kleine Frau in einem abgewetzten grauen Jackett gerade 
auf den Tisch legt, während sie ein fragendes Gesicht zieht. ""AOK"" steht in grünen Buchstaben auf dem obersten, 
Marija Krstanovic öffnet ihn und redet dann Bulgarisch, nur ab und zu fällt das Wort ""Jobcenter"". Hinterher sagt sie: 
""Die Frau hat seit einigen Monaten keine Beiträge zur Krankenversicherung bezahlt. Deswegen wollte die Kasse 
wissen, was los ist.""
Als Marija Krstanovic im März 2012 mit ihrem Job begann, da konnte sie kein Bulgarisch. Also lernte sie es - ganz 
alleine, nach Geld für einen Kurs wollte sie lieber erst gar nicht fragen. ""Ich bin bosnische Serbin. Serbokroatisch 
und Bulgarisch sind sich ziemlich ähnlich."" Beim Rumänischen ist es schwieriger, da braucht sie immer einen 

No Headline In Original
Dolmetscher - und den bekommt sie auch, vielleicht auch, weil sie ihn selten braucht. ""Hier im Viertel leben viel 
mehr Bulgaren.""
Es ist nicht so, dass die Frau im grauen Jackett, die sich Suezhanna nennt, einfach nur ein Problem mit der 
Krankenkasse hat - es ist eins von vielen: Seit einer Erkrankung ist sie arbeitslos, ihre Wohnung verlor sie ohne Job 
gleich mit. Nun ist sie bei einem Bekannten untergekommen, sagt sie - was dem Jobcenter genügte, ihr unter 
Verweis auf eine ""Bedarfsgemeinschaft"" die Unterstützung zu streichen. Den Bekannten hat sie gleich mitgebracht, 
Marija Krstanovic erklärt den beiden, dass sie gegen den Entschluss des Jobcenters nur vorgehen kann, wenn sie 
etwas Schriftliches bekommt. Doch der Mann spricht kein Bulgarisch und kaum Deutsch, und vielleicht ist er auch 
nur ein skrupelloser Vermieter. ""Viele der Migranten leben in ganz normalen Wohnverhältnissen"", sagt Marija 
Krstanovic, ""es kommt aber auch vor, dass fünf oder mehr sich zwei Zimmer teilen."" In Jungbusch kostet ein Platz 
in einem Bettenlager 120 Euro monatlich.
Als Marija Krstanovic ein junges Mädchen war, da lebte sie an einem Ort, an dem fast immer schönes Wetter war. 
Mostar, das war eine Stadt in einem Land namens Jugoslawien. Es gab dort Serben, Kroaten und Bosniaken, das 
wusste sie aber nur, weil einige Schüler an katholischen oder orthodoxen Feiertagen in der Schule fehlten und 
andere an muslimischen. Eines Tages im Jahr 1992 ließ eine gewaltige Detonation die Schule erbeben. Ein 
Tanklaster, der explodiert war. Dann Gefechtslärm. Sie erinnert sich, dass ihr Bruder sie an der Hand nimmt, sie 
laufen ins Freie, schließlich kommt ihnen der Vater entgegen; in Socken auf der Straße.
""Zuwanderung ins Sozialsystem ist nicht vorgesehen."" So lautet ein Satz des Innenministers Hans-Peter Friedrich 
(CSU), und er beschreibt ziemlich genau, was viele über die Migranten aus Bulgarien und Rumänien denken. ""Wer 
nur hierherkommt, um Sozialhilfe zu kassieren, muss zurückgeschickt werden."" Das ist ein anderer Friedrich'scher 
Satz. Die Realität, die Marija Krstanovic erlebt, ist eine ganz andere: Viele der Neuankömmlinge haben überhaupt 
keinen Anspruch auf Leistungen - und die meisten denken gar nicht daran, welche zu beantragen. Wie auch, wenn 
man nicht mal weiß, dass es so etwas gibt? Gerade erst hatte sie wieder einen jungen Kerl bei sich im Büro sitzen, 
der ihr von seinen 14-Stunden-Schichten auf dem Bau erzählt hat - und den 20 bis 30 Euro, die er am Tag erhält. 
""Es gibt noch keine Arbeitnehmerfreizügigkeit, die Leute dürfen nur arbeiten, wenn sie ein Gewerbe haben. Das 
wissen viele aber vorher nicht. Also bleibt ihnen nur die Schwarzarbeit"", sagt Krstanovic. Zuwanderung von 
Fachkräften gibt es aus Rumänien und Bulgarien auch - aber wer hierherkommt, ist meist jung, unqualifiziert und 
kann die Sprache nicht.
Nachdem die Fenster im Schulgebäude zerborsten waren, verließ Marija Krstanovics Familie noch am selben Tag 
Mostar. Es begann eine Flucht von Dorf zu Dorf, von einem Verwandten zum nächsten. Ein Bild hat sich ihr aus 
dieser Zeit eingeprägt, es ist das eines Flusses, der nach einem starkem Regen reißend geworden war. An die 
Busfahrt nach Deutschland hat sie kaum noch Erinnerungen. Es setzt erst wieder ein, als sie schließlich im grauen 
Mannheim ankam.
Wie viele Menschen es sind, die heute aus Bulgarien und Rumänien nach Deutschland kommen, weiß niemand so 
genau. Die Bundesagentur für Arbeit hat im Jahr 2011 rund 112000 Menschen gezählt, der deutsche Städtetag im 
selben Zeitraum sogar 147000 - wobei Kritiker dieser Zahl einwenden, dass zwei Drittel dieser Menschen auch im 
selben Jahr wieder gegangen sein könnten. Marija Krstanovic berät in ihrer Sprechstunde derzeit etwa 200 
Menschen, ihre Familien nicht mitgerechnet. Und sie unternimmt Spaziergänge durch das Viertel, geht mit einem 
Fußball zum Spielplatz oder schüttelt einfach mal Hände - um die Menschen zu erreichen.
""Wir fragen nicht nach ethnischer Zugehörigkeit, weil das für unser Hilfsangebot nicht relevant ist"", sagt sie. Roma, 
dahinter verbirgt sich für Marija Krstanovic weniger eine Volksgruppe als eine Zuschreibung, die in der subjektiven 
Wahrnehmung entsteht. ""Viele Leute sehen bei uns im Viertel einen Menschen mit etwas dunklerer Hautfarbe und 
denken: 'Aha, ein Zigeuner.' Dabei haben zum Beispiel viele bulgarische Muslime eine recht dunkle Haut.""
Joachim Krauss kann das bestätigen. ""Es ist überhaupt nicht ersichtlich, warum es eine Roma-Migration geben 
soll"", sagt der Historiker vom Zentrum für Antisemitismusforschung in Berlin. So handele es sich bei vielen 
aktuellen Migranten um Menschen aus Bulgarien und Rumänien, dass diese durchweg als ""Roma"" gälten, sei eine 
einseitige Zuschreibung.
No Headline In Original
Die Krstanovics bekamen damals schon bald Post von der Ausländerbehörde. Die Familie sollte das Land 
verlassen, hieß es darin, Grund seien die ungültigen Pässe: Mostar, das sei keine Stadt in Jugoslawien, sondern 
eine in Bosnien-Herzegowina. Für die Aufenthaltsgenehmigung brauche man also einen bosnischen Pass. 
Irgendwann beantragte die Behörde diese Pässe eigenmächtig. Jetzt waren Krstanovics also Bosnier. Eine 
Aufenthaltsgenehmigung gab es trotzdem nicht: Jahrelang lebte die Familie mit einer Duldung, mal gültig für einen 
Monat, mal für drei. Erst eine schwere Krankheit der Mutter verhinderte ihre Abschiebung und die ihrer 
Angehörigen.
15 Jahre Ungewissheit
Als Marija Krstanovic 18 wurde, bekam sie ihren ersten eigenen Abschiebebescheid. Dass sie am Ende doch 
bleiben durfte, liegt daran, dass sich Menschen in ihrem Umfeld für sie stark gemacht haben: Schulkameraden 
organisierten Sitzstreiks beim Bürgermeister oder wandten sich an die Presse. ""Es sind ja immer 
Ermessensentscheidungen. Wenn man aufzeigt: Da sollen Menschen abgeschoben werden, die sich gut integriert 
haben, dann wirkt das auch"", sagt sie heute.
Doch eine unbefristete Aufenthaltsgenehmigung bekam sie erst 2005. Sie war damals schon einige Zeit an der 
Universität, fast 15 Jahre hatte sie bis dahin mit dem Wissen gelebt, dass man sie von einem Monat zum nächsten 
einfach außer Landes bringen könnte. Plötzlich durfte sie bleiben, für immer. Freuen konnte sie sich deswegen 
nicht. ""Ich habe nur gelernt: Wenn man etwas im Leben haben will, dann muss man dafür kämpfen.""
Kämpfe ausfechten, das ist auch die tägliche Arbeit der Menschen in ihrer Beratung. Wie man ihnen dabei hilft, das 
hat Marija Krstanovic als Sozialarbeiterin im Studium vermittelt bekommen - aber gelernt hat sie es eigentlich am 
eigenen Beispiel. Sie, die damals nicht willkommen war, heißt diejenigen willkommen, die es heute nicht sind. Die 
Habenichtse, die vom Paradies geträumt haben, die vor der Armut in die Armut geflohen sind. Und es werden mehr 
kommen, da ist sie sich sicher. ""Gerade weil viele Leute so jung sind, würde es richtig etwas bringen, in sie zu 
investieren, man würde nachher sehr viel rausbekommen. Andernfalls schafft man sich nur eine unglaublich breite 
Bevölkerungsschicht ohne Zukunft"", sagt sie.
Sie kann diejenigen verstehen, die zu ihr kommen. Aber sie hat gelernt, Abstand zu halten. Die Probleme der 
Anderen sind nicht ihre Probleme, meistens jedenfalls. Manchmal aber tauchen auch Menschen in ihrer Beratung 
auf, die eigentlich gar nicht hierher gehören: Keine Arbeitsmigranten, sondern Asylbewerber etwa oder Illegale - wie 
etwa die Frau, die sich vor einigen Wochen in ihr Büro verirrte. Sie brauchte eine medizinische Behandlung und 
wusste nicht, an wen sie sich wenden konnte; ein Problem, das Marija Krstanovic so nie gehabt hatte. Und doch 
schnürte es ihr die Kehle zu. Sie fühlte sich wie damals, als sie von Mostar nach Mannheim gekommen war: 
Niemand da, der hilft, niemand da, der sagt, wer hilft. Dann schüttelte sie die Erinnerungen ab und gab der Frau 
eine Adresse."
2013-07,Main Corpus,2013-07(104).ZIP,NPD in Berlin Das Recht der Rechten.PDF,C:\PythonProjects\AfD-project\Corpora\Main Corpus\2013-07\raw_unarchive\NPD in Berlin Das Recht der Rechten.PDF,NPD in Berlin; Das Recht der Rechten,npd in berlin das recht der rechten,Der Tagesspiegel,der tagesspiegel,Samstag 13. Juli 2013,,MEINUNG; S. 6; Ausg. 21746,191,1303,9f3107f75bc2de6fd22e7ca7470d9d6664aaa5be,,unique,drop,commentary_noncore,no,,no,,,1941,yes,commentary_noncore,,,,"Die NPD macht mobil. Es sind heute zwar nur ein Kleinlaster und einige Pkws unterwegs, aber die Provokation 
sitzt: Die Rechtsextremisten wollen in Berlin gegen Asylbewerber auf die Straße, und das vor deren Unterkünften, 
und das auch noch im angeblich linken Kreuzberg. So biedert sich die rechte Truppe als Partei der Ordnung beim 
Stammtisch an. Und die Polizei darf wieder zwischen den Fronten stehen und sich beschimpfen lassen: ""Deutsche 
Polizisten schützen die Faschisten."" So häufig die Parole schon gebrüllt wurde, so falsch ist sie. Die Polizei schützt 
das Versammlungsrecht, nicht politische Forderungen. Solange die Rechtspartei nicht verboten ist, darf sie 
demonstrieren wie alle anderen. Dass so viele Menschen den Rechten dieses Recht streitig machen, schadet der 
Demokratie mehr als die Tiraden der NPD. Bislang hat die Partei mit keiner Taktik etwas beim Wähler erreicht. 
Weder mit gruseligen Fackelmärschen noch mit ""politischen"" Kundgebungen. Wer erinnert sich an den November 
2012, als die NPD am Brandenburger Tor ""gegen Asylmissbrauch"" protestierte? Genau: niemand. Genauso wenig 
ist hängen geblieben, dass die Rechtsextremisten für Hochwasseropfer sammeln oder die ""Todesstrafe für 
Kinderschänder"" fordern. Der Wähler ist klüger als die NPD. Zum Glück. Ha
Seiten 1 und 14"
2013-07,Main Corpus,2013-07(104).ZIP,NPD mobilisiert gegen Flüchtlinge.PDF,C:\PythonProjects\AfD-project\Corpora\Main Corpus\2013-07\raw_unarchive\NPD mobilisiert gegen Flüchtlinge.PDF,NPD mobilisiert gegen Flüchtlinge,npd mobilisiert gegen flüchtlinge,Der Tagesspiegel,der tagesspiegel,Samstag 13. Juli 2013,,TITEL; S. 1; Ausg. 21746,121,933,ba80146f1e16b8b4e711eb7f2e69e5349c3a737b,,unique,keep,,no,,no,,,1572,no,,,,,"Berlin - Die NPD will am heutigen Sonnabend in mehreren Berliner Bezirken gegen Asylsuchende demonstrieren. 
Die Polizei bestätigte am Freitag, dass in Kreuzberg, Hellersdorf, Charlottenburg, Reinickendorf und Marienfelde 
kleinere Kundgebungen in der Nähe von vorhandenen und geplanten Asylbewerberheimen angemeldet worden 
sind. Auf dem Oranienplatz, wo seit Monaten Asylbewerber in Zelten leben, dürfen die Rechten nicht 
demonstrieren. Vor allem in Kreuzberg werden Proteste von Antifaschisten erwartet, die Polizei wird mit mehreren 
hundert Beamten im Einsatz sein. In Marienfelde und Hellersdorf haben Linkspartei und SPD 
Gegendemonstrationen angemeldet. Auch die Grünen rufen zu Aktionen auf. Es sei unerträglich, ""dass die NPD 
das Parteienprivileg zur Verbreitung ihrer rassistischen Propaganda nutzen kann"", sagte Berlins Regierender 
Bürgermeister Klaus Wowereit (SPD) dem Tagesspiegel. Ha/sik
Seite 14 und Meinungsseite"
2013-07,Main Corpus,2013-07(104).ZIP,O-TON ZU ASYL FÜR EDWARD SNOWDEN.PDF,C:\PythonProjects\AfD-project\Corpora\Main Corpus\2013-07\raw_unarchive\O-TON ZU ASYL FÜR EDWARD SNOWDEN.PDF,O-TON ZU ASYL FÜR EDWARD SNOWDEN,oton zu asyl für edward snowden,"taz, die tageszeitung",taz die tageszeitung,Samstag 06. Juli 2013,Franziska Probst,AKTUELLES; S. 06,203,1308,e1ee8da2dc58556706802ae9130368d25da46f64,,unique,keep,,no,,no,,,2158,no,,,,,"- Franziska Probst, 28, Kunsttherapeutin aus Bernau, forderte am Donnerstag bei einer Demo vor der US-
amerikanischen Botschaft in Berlin Asyl für Edward Snowden in Deutschland.
- Ich bin kein besonders aktiver Handynutzer. Ich habe auch kein Smartphone, kein Tablet und halte mich von 
Facebook, Twitter und anderen Netzwerken fern. Ich bin geschockt, was die Enthüllungen Edward Snowdens und 
seine Verfolgung angeht. Die gigantische Datenausspähung greift direkt in meine Grundrechte ein und ist ein 
Angriff auf die freie Meinungsäußerung. Selbst was in meinen privaten Räumen passiert, ob bei mir zu Hause oder 
im Netz, kann ausgewertet werden. Alles was ich einmal gesagt habe, kann mir im Mund rumgedreht und 
irgendwann mal gegen mich verwendet werden. Von der deutschen Bundesregierung fordere ich, Edward Snowden 
die Möglichkeit des Asyls zu geben obwohl ich diesem Staat misstraue. Wenn Snowden herkäme, wäre er hier 
nicht sicher. Es gibt in Deutschland nicht die Sicherheit, die er braucht und die ihm zusteht, um geschützt zu sein. 
Hilfe für Snowden wäre aber nicht nur ein Zeichen für ihn, sondern auch für die deutsche Bevölkerung, dass die 
Bundesregierung unsere Grundrechte ernst nimmt.
- Wir können nicht überall sein. Sie haben einen O-Ton für uns? Dann bitte mit Bild an o-ton@taz.de"
2013-07,Main Corpus,2013-07(104).ZIP,Obdachlosen-Asyl unzumutbar_ Kritik an Unterkunft der Stadt Senden - Bürgermeister_ Hatten kein Geld.PDF,C:\PythonProjects\AfD-project\Corpora\Main Corpus\2013-07\raw_unarchive\Obdachlosen-Asyl unzumutbar_ Kritik an Unterkunft der Stadt Senden - Bürgermeister_ Hatten kein Geld.PDF,Obdachlosen-Asyl unzumutbar? Kritik an Unterkunft der Stadt Senden - Bürgermeister: Hatten kein Geld für,obdachlosenasyl unzumutbar kritik an unterkunft der stadt senden  bürgermeister hatten kein geld für,Südwest Presse,südwest presse,Samstag 20. Juli 2013,,Kreis Neu-Ulm und Region; S. 23,378,2703,efd789aaf25cb60ef1e88a9a4c0e1ce1a222dd1f,,unique,keep,,no,,no,,,3601,no,,,,,"Seit Jahren ist die Unterbringung von Obdachlosen in Senden kein Thema mehr. Weder Bürgermeister Kurt Baiker 
noch eine der Stadtratsfraktionen hat seit einem ersten Anlauf 2008 die Zustände in der maroden Unterkunft in 
Freudenegg angesprochen. Das lag zum einen daran, dass das Gebäude so weitab vom Schuss liegt. Zum 
anderen hatte die Kommune zuletzt nicht das Geld für eine neue Lösung, dann wurden andere 
Investitionsschwerpunkte gesetzt: Schulen, Straßen. Nun kocht das Problem hoch, nachdem ein Bewährungshelfer 
des Amtsgerichts Memmingen kürzlich in einer Verhandlung sagte: Er kenne viele Obdachlosenunterkünfte, aber 
so schlimm wie in Senden sei es nirgends.
Baiker widerspricht nicht. ""Der Bewährungshelfer hat völlig Recht."" Das unter Denkmalschutz stehende Haus sei 
arg heruntergekommen. Dort gibt es keine Heizung, die Toiletten funktionieren oft nicht. Die Stadt lasse zwar immer 
wieder Reparaturen durchführen, aber natürlich sei die Unterkunft keine Dauerlösung für die derzeit zwölf Frauen 
und Männer. Jetzt, wo es der Kommune finanziell besser geht, müsse das Problem angegangen werden.
Dabei schwebt dem Bürgermeister eine Lösung vor, die er bereits im November 2009 skizziert hatte: ""Ich meine, 
wir sollten eine dezentrale Unterbringung organisieren. Wir sollten die Leute trennen und ihnen so die Möglichkeit 
geben, wieder ins gesellschaftliche Leben zurückzufinden."" Draußen in der kleinen Siedlung Freudenegg seien die 
Obdachlosen ""ausgeklammert"". 2009 hatte Baiker die Idee vorgebracht, bis zu drei Wohnsitzlose im ehemaligen 
Pfarrhaus auf dem Kirchberg bei St. Jodok unterzubringen. Das Haus war damals frisch saniert worden. Im 
Dachgeschoss wäre Platz gewesen für Ein-Zimmer-Appartements. Baiker sagte damals, die Lage des Gebäudes 
sei ideal: Ärzte, Geschäfte und der Tafel-Laden wären zu Fuß erreichbar, die Sendener Innenstadt nicht weit weg.
Widerspruch kam damals prompt von CSU-Fraktionschef Walter Wörtz. ""In dieser Randlage sind neue Probleme 
vorprogrammiert"", sagte der Stadtrat damals. Was etwa, wenn die oft draußen sitzenden, lauten und alkoholisierten 
Bewohner eine jenseits der Gartenmauer stattfindende Beerdigung störten? Wörtz missfiel der Plan auch deshalb, 
weil das Pfarrhaus eines der letzten verbliebenen Altgebäude von Senden ist. Eine Diskussion im Stadtrat fand 
allerdings nie statt, weil - wie gesagt - infolge der Weltwirtschaftskrise die Einnahmen auch in Senden einbrachen.

Obdachlosen-Asyl unzumutbar? Kritik an Unterkunft der Stadt Senden - Bürgermeister: Hatten kein Geld für 
andere Lösung
Graphic
 
Ziemlich heruntergekommen ist dieses Haus in Freudenegg, in dem derzeit zwölf obdachlose Frauen und Männer 
leben. Foto: Privat"
2013-07,Main Corpus,2013-07(104).ZIP,Politik Kompakt Zuwanderung_ Blue Card lockt nur 2500 Ausländer nach Deutschland ++ RAF_ Kohl bot si.PDF,C:\PythonProjects\AfD-project\Corpora\Main Corpus\2013-07\raw_unarchive\Politik Kompakt Zuwanderung_ Blue Card lockt nur 2500 Ausländer nach Deutschland ++ RAF_ Kohl bot si.PDF,Politik Kompakt; Zuwanderung: Blue Card lockt nur 2500 Ausländer nach Deutschland ++ RAF: Kohl bot sich,politik kompakt zuwanderung blue card lockt nur 2500 ausländer nach deutschland  raf kohl bot sich,Die Welt,die welt,Samstag 27. Juli 2013,,POLITIK; Kompakt; S. 6; Ausg. 173,589,4109,ff52b2b8682f24c00fcedb48b67bbfc161ef2202,,unique,keep,,no,,no,,,5784,no,,,,,"Zuwanderung
Blue Card lockt nur 2500 Ausländer nach Deutschland
Die vor einem Jahr eingeführte Blue Card für hoch qualifizierte Fachkräfte trifft im Ausland kaum auf Resonanz. 
Von den bislang knapp 9000 verteilten Blauen Karten gingen rund 70 Prozent an Ausländer, die sich bereits in 
Deutschland aufhielten. Bis zum 30. Juni zählte das zuständige Bundesamt für Migration und Flüchtlinge (BAMF) 
8879Blue-Card-Inhaber. Davon waren 2536 Personen (28,56 Prozent) wegen der Blauen Karte eingereist, teilte 
das Bundesamt auf Anfrage der „Welt"" mit. „Bei den restlichen Inhabern liegt ein Statuswechsel aus einem anderen 
Aufenthaltsstatus heraus vor."" Die meisten Blue-Card-Besitzer kamen aus Indien (1971), gefolgt von China (775) 
und Russland (597). Das Bürgerkriegsland Syrien ist mit 389 Akademikern ebenfalls stark vertreten. Außerdem 
haben Hochschulabsolventen aus Drittstaaten seit dem 1. August 2012 das Recht, für ein halbes Jahr nach 
Deutschland zu kommen, um sich eine Stelle zu suchen, wenn sie sich in dieser Zeit selbst finanzieren können. 
Von dieser Regelung machten nach Angaben des BAMF bis zum Stichtag 30. Juni gerade einmal 81 Ausländer 
Gebrauch.
RAF
Kohl bot sich 1977 als Geisel für Schleyer an
Der damalige CDU-Vorsitzende Helmut Kohl wollte sich nach Darstellung von Altkanzler Helmut Schmidt (SPD) im 
Herbst 1977 während der Entführung von Arbeitgeberpräsident Hanns-Martin Schleyer als Geisel zur Verfügung 
stellen. „Nicht ehrenhaft, es war verrückt. Die Idee, sich als Geisel gegen Hanns-Martin Schleyer austauschen zu 
lassen, war eine Schnapsidee"", sagte Schmidt in der „Süddeutschen Zeitung"". Seine eigene Entscheidung, die 

Politik Kompakt; Zuwanderung: Blue Card lockt nur 2500 Ausländer nach Deutschland ++ RAF: Kohl bot sich 
1977 als Geisel für Schleyer an ++ Organspende: Zwei Dri....
Forderungen der RAF abzulehnen und den Austausch Schleyers gegen inhaftierte Häftlinge zu verweigern, sei zu 
diesem Zeitpunkt längst gefallen gewesen.
Organspende
Zwei Drittel der Deutschen zweifeln am System
Nur knapp jeder dritte Bundesbürger befürwortet die Organspende. Wie eine Umfrage für die „Leipziger 
Volkszeitung"" ergab, haben nur 33 Prozent der Menschen im Osten und 29 Prozent der westdeutschen 
Bevölkerung Vertrauen in das System. Zwei Drittel seien nach den jüngsten Skandalen um die Vergabe von 
Spenderorganen dagegen nicht mehr sicher, ob „alles mit rechten Dingen zugeht"". Gut vier von zehn 
Bundesbürgern (41 Prozent) wären grundsätzlich zwar bereit zu spenden, könnten sich aber noch nicht zum 
Ausfüllen eines Spenderausweises durchringen.
Syrien
Rebellen vermelden Erfolge im Kampf gegen Regierung
In Syrien haben die Rebellen eigenen Angaben zufolge deutliche Erfolge im Kampf gegen die Einheiten von 
Präsident Baschar al-Assad erzielt. Sowohl im Norden als auch im Süden des Landes seien Stellungen der Armee 
eingenommen worden, hieß es am Freitag. Bei einer Offensive zu Wochenbeginn in der Stadt Chan al-Assal seien 
mehr als 150 Soldaten getötet worden, teilte die oppositionelle Syrische Beobachtungsstelle für Menschenrechte 
mit. 51 der Soldaten seien hingerichtet worden. Auf YouTube wurde ein Video einer Rebellengruppe verbreitet, auf 
dem rund 30 blutverschmierte Leichen junger Männer zu sehen sind, die vor einer Wand übereinandergelegt 
wurden.
China
Peking fordert Nordkorea zu Atom-Gesprächen auf
Im Streit über das nordkoreanische Atomprogramm hat China sein isoliertes Nachbarland zu Verhandlungen 
aufgefordert. Man werde darauf bestehen, dass es auf der Koreanischen Halbinsel keine Atomwaffen geben dürfe, 
sagte Vizepräsident Li Yuanchao bei einem Besuch in Pjöngjang laut Mitteilung des Außenministeriums. Es müsse 
einen Dialog geben, um den Konflikt friedlich beizulegen. Die Beziehungen zwischen Pjöngjang und Peking sind 
nach einer Serie nordkoreanischer Raketentests angespannt. Das Gespräch von Li mit Staatschef Kim Jong-un war 
die wichtigste Begegnung zwischen Vertretern beider Länder, seit Kim im Dezember 2011 die Macht übernahm. Li 
bekräftigte, sein Land unterstützt die Wiederaufnahme der Sechs-Parteien-Gespräche."
2013-07,Main Corpus,2013-07(104).ZIP,Politprofi im Hungerstreik.PDF,C:\PythonProjects\AfD-project\Corpora\Main Corpus\2013-07\raw_unarchive\Politprofi im Hungerstreik.PDF,Politprofi im Hungerstreik,politprofi im hungerstreik,Berliner Zeitung,berliner zeitung,Donnerstag 4. Juli 2013,,POLITIK; S. 4; Ausg. 153,436,3105,0ea4a1e8b4b385a42c8302f7c2b3957ca7bfb815,,unique,keep,,no,,no,,,3757,no,,,,,"Angesichts der Spekulationen, wo der Geheimnisverräter Edward Snowden ist und wo er hin soll, ist ein anderer 
dramatischer Kampf um Asyl in den Hintergrund gerückt. Nach der Räumung eines Camps von Asylsuchenden, die 
in München in den Hungerstreik getreten waren, kritisiert derweil Bernd Kastner in der Süddeutschen Zeitung die 
deutsche Asylpraxis vor allem als eine Politik der Abschreckung. ""Flüchtlinge sollen erst gar nicht kommen, und 
wenn doch, sollen sie schnell wieder raus. Doch diese Strategie funktioniert nicht. Wer vor Krieg oder Verfolgung 
flieht, erkundigt sich nicht vorher, was in deutschen Paragrafen steht. Und wer geht freiwillig zurück, wenn er auf 
monatelanger Flucht Schreckliches erlebt hat?"" Der Abbruch des Hungerstreiks durch die Polizei war Kastner 
zufolge aber unvermeidlich. ""Die Politik hat am Münchner Rindermarkt richtig reagiert, sie hat Menschenleben 
geschützt und auch den Rechtsstaat. Aber das genügt nicht. Kalt und nass war es nicht nur eine Woche lang im 
Camp, die ganze Politik ist erstarrt in Eiseskälte. Es ist höchste Zeit, die Alltagsschikanen gegen Flüchtlinge zu 
beenden und Strukturen zu stärken, die aus der Mitte der Gesellschaft erwachsen.""
Die Neue Osnabrücker Zeitung lässt an der politischen Dimension des Hungerstreiks indes kein gutes Haar. ""Dass 
Flüchtlinge diese Menschenwürde einfordern, ist verständlich. Doch beim Hungerstreik in München geht es um 
etwas anderes: Es ist der Versuch, den Rechtsstaat durch grausame Inszenierung und mit Druckmitteln 
auszuhebeln. Anders formuliert: Wer mit Selbstmord droht, um Maximalforderungen zu erreichen, handelt wie ein 
Erpresser. Doch der Staat kann und darf nicht am Gesetz vorbei pauschale Einzelfallentscheidungen für alle 
Streikenden treffen.""
Wurde der Hungerstreik also politisch instrumentalisiert? Auf n-tv.de hat sich Issio Ehrich mit Ashkan Khorasani, 
dem Sprecher der Hungerstreikenden, befasst. ""Schon nach den ersten Auftritten Khorasanis in München kamen 
Zweifel an seiner Rolle auf. Der junge Mann mit dem dichten Vollbart überraschte mit seinen pointierten 
Formulierungen und mit seinem geschliffenen Englisch. Spricht da ein Politprofi, der die Flüchtlinge 
instrumentalisiert, um seine politischen Ziele zu verwirklichen? Setzt da ein eloquenter Taktiker das Leben von 44 
Menschen aufs Spiel, die womöglich die Tragweite ihrer Aktion nicht in Gänze erfassen konnten? Herrmann, Ude 
und andere Politiker scheuten nicht davor zurück, diesen Blick auf Khorasani mit ihren Äußerungen zu befördern. 
Khorasani selbst sieht sich dagegen als Opfer einer perfiden Strategie. Eines ist unbenommen: Khorasani ist 
hochpolitisiert. Der gebürtige Iraner war in seiner früheren Heimat in der kommunistischen Opposition organisiert. 
(...) Noch als Asylbewerber und später als anerkannter Flüchtling engagierte er sich bei Protesten gegen das 
deutsche Asylrecht und nahm beim Flüchtlingsmarsch von Würzburg nach Berlin teil. Er trat mehrmals als 
Versammlungsleiter auf und versuchte gar, die nigerianische Botschaft in Berlin zu besetzen."" Harry Nutt

Politprofi im Hungerstreik"
2013-07,Main Corpus,2013-07(104).ZIP,Polizei beendet in München Flüchtlingsprotest.PDF,C:\PythonProjects\AfD-project\Corpora\Main Corpus\2013-07\raw_unarchive\Polizei beendet in München Flüchtlingsprotest.PDF,Polizei beendet in München Flüchtlingsprotest,polizei beendet in münchen flüchtlingsprotest,Südwest Presse,südwest presse,Montag 1. Juli 2013,,Politik; S. 1,150,1165,50083ae8291f7c8e6c1e7271d5274e29d5d01cba,,unique,keep,,no,,no,,,2077,no,,,,,"Die Behörden in München haben den einwöchigen Hungerstreik von Asylbewerbern beendet und das Camp 
geräumt. Alle 44 Asylbewerber - darunter drei Kinder - wurden in Krankenhäuser gebracht. Die Entscheidung zur 
Räumung trafen Oberbürgermeister Christian Ude (SPD) und Ministerpräsident Horst Seehofer (CSU) wegen 
akuter Lebensgefahr für die Hungerstreikenden. Ein Mensch habe bereits wiederbelebt werden müssen, mehrere 
Personen hätten schon im Koma gelegen, berichtete Ude in einer Pressekonferenz.
Der Anführer der Aktion, der als politischer Flüchtling anerkannte Iraner Ashkan Khorasani, wurde festgenommen, 
weil er Ärzten die Behandlung der schon stark geschwächten Flüchtlinge verwehrt haben soll. Das weitere 
Vorgehen gegen ihn prüft nun die Staatsanwaltschaft. Auch zwölf Unterstützer aus dem linksautonomen Spektrum, 
die Notarztwagen blockiert, Widerstand geleistet oder Polizisten bei der Räumung gegen 5 Uhr morgens beleidigt 
haben sollen, wurden vorläufig festgenommen.
Vor der Räumung war ein Vermittlungsversuch des früheren SPD-Vorsitzenden Hans-Jochen Vogel und des 
ehemaligen Landtagspräsidenten Alois Glück (CSU) am Samstagabend gescheitert."
2013-07,Main Corpus,2013-07(104).ZIP,Polizei räumt Flüchtlingscamp Vermittlungsversuch für Hungerstreikende in München gescheitert.PDF,C:\PythonProjects\AfD-project\Corpora\Main Corpus\2013-07\raw_unarchive\Polizei räumt Flüchtlingscamp Vermittlungsversuch für Hungerstreikende in München gescheitert.PDF,Polizei räumt Flüchtlingscamp Vermittlungsversuch für Hungerstreikende in München gescheitert,polizei räumt flüchtlingscamp vermittlungsversuch für hungerstreikende in münchen gescheitert,Berliner Zeitung,berliner zeitung,Montag 1. Juli 2013,Markus Decker,POLITIK; S. 5; Ausg. 150,520,3867,a700b2e1e058e05c69e7b0639db85e0c60a2c740,,unique,keep,,no,,no,,,4877,no,,,,,"Der Vorsitzende des Zentralkomitees der deutschen Katholiken und frühere CSU-Politiker Alois Glück hat die 
Räumung des Camps seit einer Woche hungerstreikender Asylbewerber in München verteidigt: Man habe 
drohende Todesfälle verhindern wollen. Die zuständige Behörde ließ das Camp am Sonntagmorgen auflösen, 
nachdem eine Vermittlung durch Alois Glück und den ehemaligen Münchener Oberbürgermeister Hans-Jochen 
Vogel (SPD) am Sonnabend keinen Erfolg gebracht hatte. 44 teils lebensgefährlich geschwächte Patienten wurden 
mit dem Rettungsdienst in zwölf verschiedene Krankenhäuser gebracht. Mehr als 35 von ihnen waren 
zwischenzeitlich kollabiert.
""Wir haben zweieinhalb Stunden ein sehr intensives Gespräch mit dem Sprecher der Hungerstreikenden geführt"", 
sagte Glück am Sonntag der Berliner Zeitung. ""Am Schluss hat sich herausgestellt, dass es nur zwei Positionen 
gibt: Entweder ein sofortiges Aufenthaltsrecht für alle - oder der Hungerstreik wird weitergeführt. Es gab keinerlei 
Bereitschaft, sich auf irgendwelche anderen Dinge einzulassen."" Er habe mit Vogel versucht, ohne jede staatliche 
Vorgabe und auf einer menschlichen Ebene einen Weg aus der Sackgasse zu finden und die Lebensgefahr 
abzuwenden, so Glück. Dies sei nicht möglich gewesen.
Der Sprecher der Hungerstreikenden habe am Sonnabend erklärt, dass die Lebensgefahr für die Menschen steige. 
""Und am Schluss war es Aufgabe des Staates, im Hinblick auf diese Lebensgefahr Entscheidungen zu treffen"", 
betonte der CSU-Politiker. Zu weiteren Konsequenzen und einer möglichen Reform des Asylrechts wollte er sich 
nicht äußern.
Die Asylbewerber aus mehreren afrikanischen und asiatischen Ländern standen seit einer Woche im Hungerstreik 
und weigerten sich seit Dienstag auch zu trinken, was innerhalb weniger Tage zum Tod führen kann. Nachdem sie 
trotz des Gesprächs erklärt hatten, an ihrer Aktion festhalten zu wollen, begannen am Sonntag gegen fünf Uhr 
morgens etwa 350 Polizisten mit der Räumung des Camps.
Glück und Vogel waren von Bayerns Ministerpräsidenten Horst Seehofer (CSU) sowie von Münchens 
Oberbürgermeister Christian Ude (SPD) mit der Vermittlung beauftragt worden. Der Landtagswahlkampf sollte 
zurückstehen. Ude tritt im September als SPD-Spitzenkandidat gegen Seehofer an.

Polizei räumt Flüchtlingscamp Vermittlungsversuch für Hungerstreikende in München gescheitert
Kritik an der Art und Weise des Vermittlungsversuchs übte der Bayerische Flüchtlingsrat. Glück und Vogel hätten 
versucht, den Streik ohne Entgegenkommen zu beenden, sagte dessen Sprecher Alexander Thal. Das Problem 
hätte Thal zufolge durchaus auf dem Verhandlungsweg gelöst werden können. ""Die Flüchtlinge hatten signalisiert, 
ihren trockenen Hungerstreik auszusetzen, wenn ihnen zunächst eine befristete Aufenthaltsgenehmigung erteilt 
worden wäre."" Glück und Vogel hätten jedoch kein konkretes Angebot vorlegen können.
Die Bedingungen für Asylbewerber gelten in Bayern als sehr schlecht. So können sie sich nur eingeschränkt 
bewegen. Statt Geld bekommen sie häufig Lebensmittelmarken. Besonders die bayerische Sozialministerin 
Christine Haderthauer (CSU) zog zuletzt starken Unmut auf sich. Sie hatte sich von Anfang an hartherzig gezeigt 
und gesagt: ""Hierzulande ist Politik nicht erpressbar. Wir leben in einem Rechtsstaat, wo man sich nicht durch 
Hungerstreiks eine Vorzugsbehandlung erzwingen kann.""
Nach der Räumung des Lagers hat der Präsident des Bundesamtes für Migration und Flüchtlinge den 
Asylbewerbern eine schnelle Prüfung ihrer Anträge versprochen. Mehrere bekämen Flüchtlingsschutz, die 
Verfahren seien bereits abgeschlossen, erklärte Manfred Schmidt. 13 Anträge seien noch offen, weil sie erst ab 
März gestellt worden seien. Zehn Asylbewerber klagten derzeit gegen die Bescheide des Bundesamtes. Sieben 
Anträge seien schon rechtskräftig abgelehnt, teilte er am Sonntag mit."
2013-07,Main Corpus,2013-07(104).ZIP,Seehofer strebt Verbesserungen für Flüchtlinge an.PDF,C:\PythonProjects\AfD-project\Corpora\Main Corpus\2013-07\raw_unarchive\Seehofer strebt Verbesserungen für Flüchtlinge an.PDF,Seehofer strebt Verbesserungen für Flüchtlinge an,seehofer strebt verbesserungen für flüchtlinge an,Südwest Presse,südwest presse,Mittwoch 3. Juli 2013,,Politik; S. 2,168,1317,04969e14c27260e84a1bfed3d51da15596441bb8,,unique,keep,,no,,no,,,2054,no,,,,,"Nach der Auflösung des Münchner Protest-Camps von hungerstreikenden Asylbewerbern will die bayerische 
Regierung die Lebensbedingungen für Flüchtlinge verbessern. Ministerpräsident Horst Seehofer (CSU) deutete 
Änderungen für Asylbewerber bei den Verfahren und der Unterbringung an. So sollen die Asylverfahren schneller 
bearbeitet werden, wie ein Sprecher der Staatskanzlei sagte. Dazu müssten im Bundesamt für Migration und 
Flüchtlinge (BAMF) in Nürnberg 200 Stellen besetzt werden. Notfalls müsste die Bundesregierung Beamte in das 
Amt abordnen.
An der Residenzpflicht für Asylbewerber will der Freistaat grundsätzlich festhalten. Es soll künftig aber 
unbürokratisch die Erlaubnis erteilt werden können, den Ort der Unterbringung zu verlassen. Unbegleitete 
minderjährige Flüchtlinge sollen zudem alle professionelle Begleitung erhalten - in 95 Prozent der Fälle sei dies 
bereits jetzt so.
Die Unterstützer der hungerstreikenden Flüchtlinge, die auch tagelang nichts getrunken hatten, hielten an ihrer 
Kritik wegen der Räumung des Camps fest. Im Gegensatz zu den Streikenden habe sich die Regierung bei 
Verhandlungen nicht bewegt, sagte Flüchtlingsrats-Sprecher Alexander Thal. Innenminister Joachim Hermann 
(CSU) hätte den Flüchtlingen zumindest eine vorübergehende Aufenthaltserlaubnis ausstellen können."
2013-07,Main Corpus,2013-07(104).ZIP,Singend Deutsch lernen Ein Musiktherapeut will in dem Flüchtlingsheim an der Soorstraße in Charlotte.PDF,C:\PythonProjects\AfD-project\Corpora\Main Corpus\2013-07\raw_unarchive\Singend Deutsch lernen Ein Musiktherapeut will in dem Flüchtlingsheim an der Soorstraße in Charlotte.PDF,Singend Deutsch lernen Ein Musiktherapeut will in dem Flüchtlingsheim an der Soorstraße in Charlottenburg,singend deutsch lernen ein musiktherapeut will in dem flüchtlingsheim an der soorstrasse in charlottenburg,Berliner Zeitung,berliner zeitung,Samstag 27. Juli 2013,Birgitt Eltzel,LOKALES; S. 21; Ausg. 173,685,4459,4aaa85000e190c0cb9b9db7bb4411a4cf957db20,,unique,keep,,no,,no,,,5408,no,,,,,"Reza Kaabdollah malt mit einem dicken Stift Tiere an eine große Plastiktafel: ein Krokodil, eine Giraffe, einen Affen, 
eine Maus. Der 42-Jährige ist vor sieben Jahren aus dem Iran geflüchtet, er hat Asyl in Deutschland bekommen, 
inzwischen gehört er zur Security im Flüchtlingsheim an der Soorstraße in Westend. Eine Stelle in seinem 
gelernten Beruf als Stuckateur hat Kaabdollah in Berlin nicht gefunden. Es freut ihn, dass er während seiner 
Arbeitszeit nun auch mal wieder zeichnen darf. Das hat er früher oft getan, wenn er seine Schablonen herstellte. 
Jetzt malt er für die jüngsten Bewohner des Hauses, das seit Mai eine Notunterkunft für Flüchtlinge aus den Kriegs- 
und Krisengebieten der Welt ist. ""Die Kinder sollen doch wenigstens ein bisschen Freude haben.""
Verstehen ohne viel Worte
Bald treffen die ersten Mädchen und Jungen im Gemeinschaftsraum des alten Backsteinhauses ein. Sie sind fünf 
bis zehn Jahre alt und kommen aus Syrien und Afghanistan, aus Serbien und dem Kosovo. Heute findet eine 
Singstunde statt, 15 Stühle sind zum Kreis zusammengestellt. Noch ziemlich schüchtern nehmen die Kleinen Platz. 
In ihrer Mitte steht Frank Becker (62). Der Medizinpädagoge und Musiktherapeut kommt zwei Mal wöchentlich ins 
Heim, er will dort einen Chor gründen. ""Singen befreit vom Schmerz und trüben Gedanken"", sagt er. Becker bietet 
die Singstunden ehrenamtlich an, er gehört zu den vielen Helfern aus Charlottenburg-Wilmersdorf, die die 
Flüchtlinge unterstützen wollen.
Und obwohl er keine der Muttersprachen der Kinder spricht, kann er sie schnell zum Mitmachen bewegen. Wer will, 
versteht sich schließlich auch ohne große Worte. Zuerst werden reihum nur Silben angestimmt, ""la-la, la-la, la-la-
laa"". Dann kommen die Hände zum Einsatz, Klatschen, Klatschen, Klatschen. Jetzt auch noch die Beine 
ausstrecken, la-la-laa, klatschen, wieder Beine strecken, Arme auseinander und wieder zusammen, klatschen. Das 
erste Kichern hebt an: Da sind doch tatsächlich welche aus dem Takt gekommen. Nun deutet Becker auf die Tiere 
an der Tafel: ""Wer kennt die noch vom letzten Mal?"" ""Krookoodill"", ruft die siebenjährige Diona, ein schmächtiges 
Mädchen in einem pinkfarbenen Top. Die anderen wiederholen, unterstützt von Becker: ""Krokodil, Krokodil"". Auch 
die Namen der anderen Tiere werden gerufen, immer wieder. Es ist ein Sprechchor - und die Kinder lernen 
spielend Deutsch.

Singend Deutsch lernen Ein Musiktherapeut will in dem Flüchtlingsheim an der Soorstraße in Charlottenburg 
einen Chor gründen. Er übt schon mit den Kindern. Die ....
Nun tritt Ferial mit ihrer Geige in den Kreis. Die Zehnjährige ist mit ihrem Bruder Farid (8) und Vater Naser Rmeih 
zu Besuch gekommen. Rmeih, ein im Libanon geborener Palästinenser, kam selbst vor 13 Jahren als Flüchtling in 
die Stadt. Damals war Krieg im Libanon. ""Ich weiß, wie schwer es ist, die Heimat zu verlassen,"", sagt er. Der 43-
Jährige, der sich zum medizinischen Bademeister ausbilden lässt, ist seit Jahren mit dem Chorleiter befreundet. 
""Die Gans Agathe"" heißt das Stück, das Ferial nun anstimmt. ""A-ga-the"", sagt Becker, ""Aa-gaa-thee"", wiederholen 
die Kinder.
Drei Monate auf der Flucht
Sie hatten ein Klavier gehabt zu Hause, erzählt der zehnjährige Wahchied, Naser Rmeih übersetzt. Damals, bevor 
die fünfköpfige Familie A. aus der hart umkämpften Stadt Homs in Syrien geflohen ist. Vater Mahmmud, der einen 
kleinen Handel für Autoersatzteile hatte, erzählt, dass sie am 14.Februar aufgebrochen seien, zunächst in den 
Libanon, wo er sich Hilfe für seine schwer traumatisierte Frau und seinen zweiten Sohn Mohammet (7) erhoffte. 
Weil sie dort nicht therapiert werden konnten, versuchten sie, nach Deutschland zu gelangen. Der Weg führte die 
Familie über die Türkei, Griechenland und Ungarn. In Berlin kamen sie am 21.Mai an, mit wenig mehr als dem, was 
sie auf dem Leib trugen.
Rekorder als Klavierersatz
Jasmin (6), die Jüngste der Familie A., muss während der Singstunde immer wieder lachen. Gemeinsam mit den 
anderen Mädchen und Jungen zieht sie dann mit rhythmischen Klatschen durchs Heim. Am 24.August wird es dort 
ein Sommerfest geben. Dann soll der Kinderchor schon auftreten. ""Wir müssen noch viel üben"", sagt Chorleiter 
Becker. Die ersten Lieder sollen bald einstudiert werden. Gern hätte er ein Klavier zur Begleitung - im Heim gibt es 
diesen Luxus natürlich nicht. Zunächst muss ein mitgebrachter Radiorekorder reichen. ""Aber wir schaffen das"", sagt 
Becker."
2013-07,Main Corpus,2013-07(104).ZIP,Snowden darf nicht nach Deutschland Bundesregierung_ Kein Anlass für Aufnahme.PDF,C:\PythonProjects\AfD-project\Corpora\Main Corpus\2013-07\raw_unarchive\Snowden darf nicht nach Deutschland Bundesregierung_ Kein Anlass für Aufnahme.PDF,Snowden darf nicht nach Deutschland Bundesregierung: Kein Anlass für Aufnahme,snowden darf nicht nach deutschland bundesregierung kein anlass für aufnahme,Der Tagesspiegel,der tagesspiegel,Mittwoch 3. Juli 2013,,TITEL; S. 1; Ausg. 21736,265,1956,4d99288ccc257cac4dc734f3d66c0ee6806d2e13,,unique,keep,,no,,no,,,3098,no,,,,,"Berlin/Moskau - Die Suche nach sicherer Zuflucht wird für den von den USA gejagten Ex-Geheimdienstler Edward 
Snowden immer schwieriger. Die Bundesregierung lehnte am Dienstag die Aufnahme des US-Bürgers ab. Der 30-
Jährige hatte Deutschland und 19 weitere Länder um politisches Asyl gebeten. Seinen Antrag in Russland zog er 
zurück. Snowden soll sich derzeit auf einem Moskauer Flughafen aufhalten. Nach Angaben des Kremls wollte er 
nicht auf die Bedingungen von Präsident Wladimir Putin eingehen, Enthüllungen über die Datensammelei des US-
Geheimdienstes NSA einzustellen.
Das Auswärtige Amt und das Bundesinnenministerium prüften, ob eine Aufnahme aus humanitären und 
völkerrechtlichen Gründen möglich sei. Am Abend teilten sie mit: ""Die Voraussetzungen für eine Aufnahme liegen 
nicht vor."" Bundesinnenminister Hans-Peter Friedrich (CSU) hatte schon zuvor die Hoffnungen gedämpft. Snowden 
könne kein Asyl im eigentlichen Sinne beantragen, weil er dazu bereits in Deutschland sein müsste.
Norwegen nannte es unwahrscheinlich, dass der 30-Jährige dort Asyl erhalten würde. Polen erklärte, es werde 
einen Asylantrag nicht befürworten. Österreich, Spanien und Finnland verwiesen darauf, dass ein Asylantrag auf 
ihrem Boden gestellt werden müsse. Indien erklärte, es gebe keinen Grund, Snowdens Asylantrag stattzugeben.
Grünen-Fraktionschefin Renate Künast sprach sich für eine Aufnahme aus. ""Snowden hat als Whistleblower für 
Transparenz über haarsträubende und offenbar rechtswidrige Praktiken gesorgt. Solche Transparenz ist 
lebensnotwendig für die Demokratie"", sagte sie dem Tagesspiegel. Die Bundesregierung hätte aus humanitären 
Gründen eine Aufenthaltserlaubnis ermöglichen können. Kanzlerin Angela Merkel verurteilte Datenspionage durch 
den US-Geheimdienst. Für die Wirtschaft müsse es verlässliche Rahmenbedingungen geben. Dazu gehöre, ""dass 
man nicht ausspioniert wird - egal von wem"", sagte sie. ctr/dpa
Seiten 2, 13 und Meinungsseite"
2013-07,Main Corpus,2013-07(104).ZIP,Snowdens Flucht durch eine verkehrte Welt.PDF,C:\PythonProjects\AfD-project\Corpora\Main Corpus\2013-07\raw_unarchive\Snowdens Flucht durch eine verkehrte Welt.PDF,Snowdens Flucht durch eine verkehrte Welt,snowdens flucht durch eine verkehrte welt,Berliner Zeitung,berliner zeitung,Mittwoch 10. Juli 2013,Daniel Haufler,POLITIK; S. 4; Ausg. 158,199,1397,2871b55e4c3dbe5dfad19bc849ecb88f9e65f0b3,,unique,keep,,no,,no,,,2274,no,,,,,"Es ist eine verkehrte Welt: Nicht die demokratischen Rechtsstaaten Europas gewähren dem Enthüller des 
amerikanischen Überwachungswahns Asyl. Nein, Edward Snowden muss erst in die ""lupenreinen"" Demokratien 
China und Russland fliehen, um sich der Verfolgung durch die USA zu entziehen, und nun in Venezuela Asyl 
beantragen. Deutschland hatte sich zuvor bereits formaljuristisch aus der Affäre gezogen, da die ""Voraussetzungen 
für eine Aufnahme"" nicht vorlagen. Von seinem Ermessensspielraum in Sachen Aufenthaltserlaubnis wollte 
Innenminister Friedrich lieber keinen Gebrauch machen. Schließlich seien die USA doch ein Rechtsstaat mit 
unabhängiger Justiz und frei gewählten Abgeordneten.
Ein Rechtsstaat jedoch, der sich im selbst ausgerufenen Krieg gegen den Terror immer weniger um Menschen- und 
Bürgerrechte sorgt und immer mehr auf Überwachung und Bestrafung setzt. Das zeigt schon ein Vergleich: Durfte 
der Enthüller der Pentagon-Papiere Daniel Ellsberg in den 70er-Jahren noch gegen Kaution auf freiem Fuß bleiben 
bis zum Prozess gegen ihn, saß der Wikileaks-Whistleblower Bradley Manning vor seinem Verfahren drei Jahre im 
Gefängnis, davon acht Monate in Einzelhaft. Doch all dies ignoriert Friedrich großzügig und erinnert so an ein altes 
Kindergedicht: ""Beide Hände in den Taschen / Hielt er sich die Augen zu. / Denn er konnte nicht ertragen, / Wie 
nach Veilchen roch die Kuh."""
2013-07,Main Corpus,2013-07(104).ZIP,Sommer mit Spion Im Juli 1973 machte Willy Brandt mit seiner Familie Ferien in Norwegen. Es wurde de(2).PDF,C:\PythonProjects\AfD-project\Corpora\Main Corpus\2013-07\raw_unarchive\Sommer mit Spion Im Juli 1973 machte Willy Brandt mit seiner Familie Ferien in Norwegen. Es wurde de(2).PDF,Sommer mit Spion Im Juli 1973 machte Willy Brandt mit seiner Familie Ferien in Norwegen. Es wurde der,sommer mit spion im juli 1973 machte willy brandt mit seiner familie ferien in norwegen es wurde der,Die ZEIT (inklusive ZEIT Magazin),die zeit inklusive zeit magazin,4. Juli 2013,Eckard Michels,GESCHICHTE;Sommer mit Spion; S. 19; Ausg. 28,2522,17471,d561346f897ea237968223011ffd67b58b57d83b,variant_003,regional_variant,review,,no,,no,,,18804,no,,,near_002,variant_003,"Michels
1973
Der Sommer 1973 sollte dem ersten sozialdemokratischen Kanzler der Bundesrepublik Deutschland zum 
VerhÃ¤ngnis werden. Denn in die Ferien nach Norwegen begleitete Willy Brandt ein Referent, der ein Agent der 
DDR war: GÃ¼nter Guillaume.
Ãoeber diese vier Wochen ist viel spekuliert worden. Der Norwegenurlaub trug entscheidend dazu bei, dass 
Brandt im Mai 1974 von seinem Amt zurÃ¼cktrat. Und nicht zuletzt Guillaume selbst brÃ¼stete sich spÃ¤ter mit 
seiner NÃ¤he zum Kanzler wÃ¤hrend dieser Wochen und dem seiner Darstellung nach unglaublichen Coup, der 
ihm so gelang.
Aber stimmt das Ã¼berhaupt? Wie nah war Guillaume dem Kanzler in Norwegen wirklich gewesen? Und was 
hatte er Hochgeheimes an Ost-Berlin verraten?
Ort des Geschehens war ein Ferienhaus in der NÃ¤he des StÃ¤dtchens Hamar, 120 Kilometer nÃ¶rdlich von 
Oslo. Der gebÃ¼rtige LÃ¼becker Brandt liebte Norwegen, das Land hatte ihm wÃ¤hrend der Nazizeit - bis zum 
deutschen Ãoeberfall im FrÃ¼hjahr 1940 - Asyl gewÃ¤hrt; aus Hamar stammte Brandts zweite Frau Rut. Mit dem 
jÃ¼ngsten Sohn, dem zwÃ¶lfjÃ¤hrigen Matthias, waren die beiden Anfang Juli 1973 dort eingetroffen und 
blieben bis zum Ende des Monats.
Zu diesem Zeitpunkt war GÃ¼nter Guillaume eigentlich schon als DDR-Agent enttarnt. Dennoch durfte er Brandt 
begleiten - eines von vielen RÃ¤tseln, die das Geschehen umgeben. Weniger rÃ¤tselhaft ist die Entwicklung bis 
zu diesem Punkt. 1956 war der damals 29-jÃ¤hrige Guillaume mit seiner Frau Christel als sogenannter 
Ãoebersiedlungs-IM von der Stasi aus Ost-Berlin nach Frankfurt am Main geschickt worden, um dort die SPD 
auszuspionieren. Als stramm antikommunistisch profilierter Genosse machte er in Hessen eine bescheidene 
Parteikarriere, die erst im Herbst 1969 Fahrt aufnahm, als die SPD die Bundestagswahl gewann. Der Frankfurter 

Sommer mit Spion Im Juli 1973 machte Willy Brandt mit seiner Familie Ferien in Norwegen. Es wurde der 
folgenreichste Kanzlerurlaub in der Geschichte der Bundesr....
Abgeordnete und Bundesverkehrsminister Georg Leber, fÃ¼r den Guillaume den Wahlkampf organisiert hatte, 
vermittelte ihn ins Bonner Kanzleramt.
GÃ¼nter Guillaume arbeitete im Palais Schaumburg zunÃ¤chst als Verbindungsmann zu den Gewerkschaften; 
Anfang Oktober 1972 stieg er zum Parteireferenten im KanzlerbÃ¼ro auf. Dieses BÃ¼ro unter Reinhard Wilke 
arbeitete Brandt direkt zu. Wilke zeichnete fÃ¼r die innenpolitischen Vorlagen verantwortlich, sein Stellvertreter 
Wolf-Dietrich Schilling bearbeitete die AuÃYenpolitik. Guillaume als dritter Referent betreute die Kontakte Brandts 
als SPD-Vorsitzender und Abgeordneter zu seiner eigenen Partei.
Allerdings bekam der neue Mann in seinem Bonner Arbeitsalltag wenig zu Gesicht, was fÃ¼r Ost-Berlin wirklich 
interessant gewesen wÃ¤re. Zu niedrig war er nach wie vor in der Kanzleramtshierarchie angesiedelt; zu wenig 
hielten Brandt, Wilke und Schilling von den FÃ¤higkeiten des biederen Frankfurters, um ihn mit wirklich wichtigen 
VorgÃ¤ngen zu betrauen.
Wie froh war Guillaume daher, wenn er mit dem Kanzler auf Reisen gehen konnte. Denn da kam er nÃ¤her an ihn 
heran. Wobei er nicht immer mitfahren durfte, sondern nur dann, wenn Brandt als Parteivorsitzender der SPD oder 
als WahlkÃ¤mpfer in der Bundesrepublik unterwegs war. Reiste Brandt in seiner Funktion als Regierungschef, 
war im Inland Wilke und auf Staatsbesuchen im Ausland Schilling dabei.
Es gehÃ¶rte zu den Aufgaben des jeweils ZustÃ¤ndigen, Verbindung zum Palais Schaumburg zu halten, damit 
die Regierungsmaschinerie wÃ¤hrend Brandts Abwesenheit nicht ins Stocken geriet. Dies bedeutete, dass 
Guillaume auf den Exkursionen des Kanzlers nicht nur, wie in Bonn, Interna der SPD zu Gesicht bekam, sondern 
potenziell alle wichtigen VorgÃ¤nge zur Innen- wie AuÃYenpolitik, die den Kanzler per Fernschreiben oder 
gelegentlich per Kurier aus Bonn erreichten. Ebenso nahm der mitreisende Referent dann alle Anweisungen des 
Kanzlers fÃ¼r Bonn entgegen.
Was die Norwegenreise fÃ¼r Brandt so brisant machte, war der Umstand, dass das fÃ¼r die Spionageabwehr 
zustÃ¤ndige KÃ¶lner Bundesamt fÃ¼r Verfassungsschutz das Ehepaar Guillaume schon seit Wochen als 
Agenten verdÃ¤chtigte. Bereits am 29. Mai 1973 informierte GÃ¼nther Nollau, PrÃ¤sident des 
Verfassungsschutzes, seinen Dienstherrn, Innenminister Hans-Dietrich Genscher, Ã¼ber den Verdacht gegen 
Guillaume. Genscher teilte dies noch am selben Tag Brandt mit. Doch hatte Nollau geraten, nichts an der 
Arbeitsroutine Guillaumes im Kanzleramt zu Ã¤ndern.
 Der Verfassungsschutz wollte Guillaume und dessen Frau, von der man glaubte, sie fungiere als Kurierin, 
gleichsam unter Idealbedingungen observieren und sie dann auf frischer Tat mitsamt mÃ¶glichen HintermÃ¤nnern 
Ã¼berfÃ¼hren. Denn die bisherigen Anhaltspunkte reichten noch nicht fÃ¼r eine Verhaftung des Ehepaars aus. 
AuÃYerdem wÃ¼nschte Nollau, dass mÃ¶glichst niemand im Palais Schaumburg etwas Ã¼ber den Verdacht 
erfahren sollte, allenfalls der Kanzler selbst. Brandt, dies war der abstruse Plan des Verfassungsschutzes, sollte 
gleichsam als KÃ¶der zum Fang eines Spions dienen. Doch weder Genscher noch Brandt stellten Nollaus 
irrwitzige Empfehlung infrage - was Brandt nach dem RÃ¼cktritt in seinen Notizen zum Fall G mit dem 
sarkastischen Satz kommentierte: Â»Ich Rindvieh hÃ¤tte mich auf diesen Rat eines anderen Rindviehs nie 
einlassen dÃ¼rfen.Â«
Der Kanzler selbst konnte sich nur schwer vorstellen, dass Guillaume, der Ã¼berzeugte rechte Sozialdemokrat, 
ein DDR-Spion sein sollte. Allerdings fiel Brandt dessen biedere Beflissenheit schon lange lÃ¤stig. Er hatte daher 
Ende Mai, unmittelbar bevor ihm der Verdacht mitgeteilt wurde, Kanzleramtschef Horst Grabert aufgetragen, 
nach einer neuen Verwendung fÃ¼r Guillaume zu suchen. Und nun sollte dieser Kerl auf Anraten Nollaus vorerst 
nicht aus seiner NÃ¤he entfernt werden? Brandt war verÃ¤rgert.
Unmittelbar nach Genschers ErÃ¶ffnung weihte er, entgegen Nollaus Wunsch, BÃ¼rochef Wilke und 
Kanzleramtschef Grabert in den Verdacht ein. Dennoch hatten beide keine Bedenken, dass Guillaume mit nach 
Norwegen fahren sollte. Wilke hielt den Parteireferenten fÃ¼r ziemlich beschrÃ¤nkt und traute ihm schon deshalb 
Ã¼berhaupt keine Spionagemission zu. AuÃYerdem wollte er endlich richtige Ferien mit seiner Familie machen, 
Sommer mit Spion Im Juli 1973 machte Willy Brandt mit seiner Familie Ferien in Norwegen. Es wurde der 
folgenreichste Kanzlerurlaub in der Geschichte der Bundesr....
nachdem er in den Vorjahren den Kanzler im Sommer begleitet hatte. Auch Nollau selbst empfahl, Guillaume 
mitzunehmen.
Der Verfassungsschutz hat mal wieder den Ãoeberblick verloren
Brandt reiste ab. Der auÃYenpolitische Referent Schilling hielt im Palais Schaumburg die Stellung. Weil zwischen 
Brandt, Wilke und Grabert Vertraulichkeit vereinbart worden war, hatten sie Schilling nicht Ã¼ber die 
Verdachtsmomente gegen Guillaume informiert. Folglich schickte der ahnungslose Schilling wenig spÃ¤ter alle 
Fernschreiben - gleich welcher Geheimhaltungsstufe - nach Norwegen an Â»Herrn Guillaume, z. Zt. HamarÂ«, mit 
der Bitte um Weiterleitung an den Kanzler.
Anders als von Wilke, Grabert und Brandt erwartet, hatte der Verfassungsschutz, der doch angeblich Guillaume 
auf frischer Tat ertappen wollte, nichts fÃ¼r seine Ãoeberwachung in Norwegen veranlasst. Nollau wiederum 
glaubte, das Kanzleramt hÃ¤tte die nÃ¶tigen Vorkehrungen getroffen, um Guillaume in Bonn oder auf Reisen von 
sensiblen Informationen fernzuhalten. Allerdings standen seine eigene Empfehlung, nichts an der Arbeitsroutine 
Guillaumes zu Ã¤ndern, um den mutmaÃYlichen Spion in Sicherheit zu wiegen, sowie sein Wunsch, dass im 
Kanzleramt keiner auÃYer Brandt etwas von dem Verdacht wissen sollte, solchen Vorkehrungen diametral 
entgegen. Nollau hatte offensichtlich den Ãoeberblick Ã¼ber das Geschehen lÃ¤ngst verloren.
AuÃYer Guillaume waren noch drei PersonenschÃ¼tzer des Bundeskriminalamts mit nach Hamar gereist, zudem 
zwei Spezialisten des Bundesnachrichtendienstes, die den Fernschreiber bedienten und die ein- und ausgehende 
Korrespondenz ent- beziehungsweise verschlÃ¼sselten. Sie alle hatten ebenfalls keine Ahnung von dem 
Verdacht gegen den Referenten.
GÃ¼nter und Christel Guillaume wohnten mit ihrem 16-jÃ¤hrigen Sohn Pierre in einem Haus etwa 200 Meter von 
dem der Brandts entfernt; die Beamten und die Fernmeldestelle waren in einer nahe gelegenen Jugendherberge 
untergebracht. Guillaume fungierte als Bote zwischen Fernmeldestelle und Kanzlerhaus. Die einzige kurze 
Missstimmung gab es, als Christel Guillaume anfangs versuchte, die Fernschreiben fÃ¼r den Kanzler 
entgegenzunehmen, was ihr von den BND-Beamten verwehrt wurde, da die Papiere nur ihrem Mann 
ausgehÃ¤ndigt werden dÃ¼rften. Ansonsten lobten die Fernmeldespezialisten in ihrem Abschlussbericht nach der 
RÃ¼ckkehr aus Norwegen die gute Zusammenarbeit mit Guillaume.
 Der stern- Reporterin Wibke Bruhns, die zu einem Interview angereist war, fiel allerdings auf, dass Brandt hier 
noch mehr um Abstand zu seinem Referenten bemÃ¼ht war als in Bonn. Sie machte Guillaumes rechthaberische 
Frau dafÃ¼r verantwortlich. Auch Guillaume selbst spÃ¼rte wohl die VerÃ¤nderung, schob es aber auf den 
Umstand, dass man sich hier in keiner trinkfesten MÃ¤nnerrunde wie auf anderen Reisen befand, sondern die 
Familien dabei waren. TatsÃ¤chlich war es weniger der Spionageverdacht, der Brandt auf Distanz gehen lieÃY, 
als die Tatsache, dass der Referent ihm zunehmend auf die Nerven fiel. Alle bisherigen Fahrten, auf denen 
Guillaume ihn begleitet hatte - sei es zum Parteitag, zu den Klausurtagungen der SPD-FÃ¼hrung in Bad 
MÃ¼nstereifel oder wÃ¤hrend der Image-Reisen unter dem Motto Â»Der Kanzler informiert sich bei den 
BÃ¼rgernÂ« - , waren auf zwei bis acht Tage beschrÃ¤nkt gewesen. Und jetzt hatte er ihn vier Wochen am Hals, 
noch dazu im Urlaub! 
Als das Kanzleramt spÃ¤ter, nach der Verhaftung des Spions im April 1974 in Bonn, daranging, den 
nachrichtendienstlichen Schaden abzuschÃ¤tzen, wurde rasch deutlich, dass der gemeinsame Norwegenurlaub 
Guillaumes groÃYer Augenblick gewesen sein musste. WÃ¤hrend dieser vier Wochen schickte Schilling aus Bonn 
49Fernschreiben Ã¼ber Guillaume an Brandt, darunter elf der Stufe Â»geheimÂ«. Neun Fernschreiben Brandts 
mit seinen Anweisungen an das Palais Schaumburg
setzte Guillaume aus Hamar ab, davon zwei der Kategorie Â»geheimÂ«. Im Vergleich hierzu gingen von Anfang 
MÃ¤rz 1973 bis Mitte Februar 1974 wÃ¤hrend anderer Reisen Brandts mit Guillaume lediglich 15 Fernschreiben 
durch die HÃ¤nde des Spions, von denen auch nur zwei als Â»geheimÂ« galten.
Sommer mit Spion Im Juli 1973 machte Willy Brandt mit seiner Familie Ferien in Norwegen. Es wurde der 
folgenreichste Kanzlerurlaub in der Geschichte der Bundesr....
Wie brisant waren die Schreiben? Das politische Thema, das den Kanzler in seinem Urlaub am meisten 
beschÃ¤ftigte, waren die Spannungen im westlichen BÃ¼ndnis, hervorgerufen durch eine Rede des designierten 
US-AuÃYenministers Henry Kissinger im April 1973. In dieser hatte er eine Â»neue Atlantik-ChartaÂ« 
angekÃ¼ndigt. Sie sollte dauerhaft die amerikanische FÃ¼hrung in der Nato festschreiben. Das Projekt stellte 
zugleich eine Absage an eine vertiefte europÃ¤ische Integration dar, die den bislang dominierenden US-Einfluss 
hÃ¤tte schmÃ¤lern kÃ¶nnen.
In Ost-Berlin ist kein einziges Dokument angekommen
Die transatlantischen Verwerfungen und BemÃ¼hungen um diplomatische Schadensbegrenzung spiegelten sich, 
Ã¼ber Bonn nach Hamar geleitet, in Berichten der deutschen Botschaften in Washington, London und Paris 
wider; auÃYerdem in Schreiben von AuÃYenminister Walter Scheel und Verteidigungsminister Leber, die sich im 
Juli mit ihren amerikanischen Amtskollegen trafen, schlieÃYlich sogar in einem Briefwechsel zwischen Brandt und 
US-PrÃ¤sident Richard Nixon.
Im April 1974, als der Spionagefall publik wurde, war die Norwegenreise zunÃ¤chst noch kein Thema. Doch bald 
drangen Details darÃ¼ber an die Ã-ffentlichkeit, und schon erhob sich der Verdacht, das Kanzleramt habe etwas 
zu vertuschen. Brandt selbst Ã¼bernahm schlieÃYlich die Verantwortung dafÃ¼r, dass er den Spion trotz der 
Verdachtsmomente mit in den Urlaub genommen hatte, und begrÃ¼ndete vor allem damit seinen RÃ¼cktritt. Die 
Norwegenreise in den Vordergrund zu stellen erschien Brandt nun auch deshalb opportun, weil die anderen 
Motive, die zu seinem RÃ¼cktrittsentschluss beitrugen, ihm wenig geeignet schienen, Ã¶ffentlich diskutiert zu 
werden. So wollte Brandt weder das seit 1973 erodierte Vertrauen in seine Kanzlerschaft thematisieren noch die 
Unterstellungen hinsichtlich seines Privatlebens, noch die mangelnde UnterstÃ¼tzung durch Fraktionschef 
Herbert Wehner in der SpionageaffÃ¤re.
Ein Jahr spÃ¤ter bildeten dann die sogenannten Hamar-Dokumente beim Guillaume-Prozess vor dem 
Oberlandesgericht DÃ¼sseldorf die wichtigste StÃ¼tze der Anklage gegen das Ehepaar. Durch die Weiterleitung 
der Kanzlerkorrespondenz in den Osten, so argumentierte der Generalbundesanwalt, sei eine groÃYe Gefahr 
fÃ¼r die Ã¤uÃYere Sicherheit der Republik entstanden. Die Richter folgten mit ihrem Urteil vom 15. Dezember 
1975 der Argumentation der Anklage und verurteilten GÃ¼nter Guillaume zu 13 Jahren, seine Frau zu acht 
Jahren GefÃ¤ngnis, beide wegen Â»schweren LandesverratsÂ«. Die Hamar-Korrespondenz, so hielt das Urteil 
fest, habe dem Ostblock Einblick in die Verwerfungen innerhalb der Nato gegeben und ihm so einen Ansatz zur 
Destabilisierung des Westens geboten.
Das war allerhand. Und doch: Schon damals gab es keinen Beweis dafÃ¼r, dass die Guillaumes Ã¼berhaupt 
versucht hatten, die Hamar-Dokumente oder andere sensible Informationen in den Osten weiterzuleiten. Die 
Anklage besaÃY zwar genÃ¼gend Anhaltspunkte, dass das Ehepaar Ã¼ber mehr als eineinhalb Jahrzehnte fÃ¼r 
den DDR-Geheimdienst spioniert hatte - nicht zuletzt Guillaumes EingestÃ¤ndnis bei seiner Verhaftung, er sei 
Offizier der DDR. Dennoch stand das Urteil wegen Â»schweren LandesverratsÂ« auf tÃ¶nernen FÃ¼ÃYen. Es 
kam nur zustande, weil das Gericht dem Agentenpaar unterstellte, beide hÃ¤tten jede sich bietende Gelegenheit 
genutzt, um alle ihnen zugÃ¤nglichen Informationen umgehend in die DDR zu expedieren. So deuteten die 
Richter ein Treffen von Christel Guillaume mit einer unbekannten Frau am 13. August 1973 in einem Bonner 
Lokal, das der Verfassungsschutz observiert hatte, als den Versuch, Kopien der Hamar-Dokumente nach Ost-
Berlin zu schaffen. Obwohl keine Â»MaterialÃ¼bergabeÂ« beobachtet werden konnte, habe das Verhalten der 
beiden Frauen, so mutmaÃYten die KÃ¶lner SchlapphÃ¼te, konspirativen Charakter besessen. Die Unbekannte 
sei aller Wahrscheinlichkeit nach eine Kurierin aus Ost-Berlin gewesen.
Heute wissen wir, dass jene Frau tatsÃ¤chlich eine Stasi-Mitarbeiterin war. Sie bemerkte die (offenbar plumpe) 
Observation durch den Verfassungsschutz. Augenblicklich vernichtete sie das Material, das ihr Christel Guillaume 
gegeben hatte - angeblich warf sie es in den Rhein - , und nahm noch am selben Abend in KÃ¶ln den Nachtzug 
nach Berlin, Hauptstadt der DDR.
Sommer mit Spion Im Juli 1973 machte Willy Brandt mit seiner Familie Ferien in Norwegen. Es wurde der 
folgenreichste Kanzlerurlaub in der Geschichte der Bundesr....
Vor einigen Jahren entschlÃ¼sselten Spezialisten der Stasi-Unterlagen-BehÃ¶rde die elektronische DDR-
Datenbank Sira. Sie fÃ¼hrt alle wichtigen Berichte und Dokumente auf, welche die Spione seit 1969 aus dem 
Westen geliefert hatten. VÃ¶llig Ã¼berrascht stellte man fest: FÃ¼r die Guillaumes sind im Sommer 1973 keine 
EingÃ¤nge verzeichnet, es gelangte gar keine Hamar-Korrespondenz nach Ost-Berlin. Offenbar ist die 
nachrichtendienstliche Â»SternstundeÂ« im Osten nie wahrgenommen worden. Hatte Guillaume gar nichts 
geliefert? War das Material verloren gegangen? Oder war es das, was die Unbekannte vernichtet hatte? Die 
Fragen sind bis heute ungeklÃ¤rt.
Dennoch wurde der Â»TopspionÂ«, der 1981 im Zuge eines Gefangenenaustausches vorzeitig in die DDR 
zurÃ¼ckkehren durfte, nicht mÃ¼de, sich fÃ¼r seinen genialen Coup feiern zu lassen. 1988 erschienen seine von 
der Stasi zuvor heftig redigierten Memoiren. Darin berichtet er Ã¼ber hochdramatische Wochen in Norwegen, 
Ã¼ber einen geheimen Kurier, der von Schweden aus die Hamar-Korrespondenz in die DDR geliefert habe, und 
so weiter. Nichts davon stimmt, aber die Ehre dieses Â»Kundschafters des FriedensÂ«, wie das Regime in Ost-
Berlin seine Spione nannte, blieb gewahrt. Guillaume starb 1995 im brandenburgischen Eggersdorf, seine 1981 
von ihm geschiedene Frau 2004 in Berlin.
Weniger Ã¼berraschend als die Ostberliner Pointe der AffÃ¤re bleibt allerdings - zumal aus heutiger Perspektive - 
eine andere: das Totalversagen des Verfassungsschutzes und seines Chefs GÃ¼nther Nollau. Denn hier liegt der 
SchlÃ¼ssel dafÃ¼r, dass Brandts Norwegenreise vom Juli 1973 in der Tat zum politisch folgenreichsten 
Kanzlerurlaub in der Geschichte der Bundesrepublik wurde.
VON ECKARD MICHELS
***
Der Autor lehrt Geschichte am Birkbeck College der University of London. Mehr zum Thema in seinem Buch 
Â»Guillaume, der Spion. Eine deutsch-deutsche KarriereÂ«, das gerade im Ch. Links Verlag erschienen ist (416 
S., 24,90 â,¬)
***
 Willy und Rut Brandt 1973 in Hamar. Im Hintergrund mit Fotoapparat Â»TopagentÂ« Guillaume
 GÃ¼nter und Christel Guillaume 1975 vor Gericht in DÃ¼sseldorf"
2013-07,Main Corpus,2013-07(104).ZIP,Sommer mit Spion Im Juli 1973 machte Willy Brandt mit seiner Familie Ferien in Norwegen. Es wurde de.PDF,C:\PythonProjects\AfD-project\Corpora\Main Corpus\2013-07\raw_unarchive\Sommer mit Spion Im Juli 1973 machte Willy Brandt mit seiner Familie Ferien in Norwegen. Es wurde de.PDF,Sommer mit Spion; Im Juli 1973 machte Willy Brandt mit seiner Familie Ferien in Norwegen. Es wurde der,sommer mit spion im juli 1973 machte willy brandt mit seiner familie ferien in norwegen es wurde der,Die ZEIT (inklusive ZEIT Magazin),die zeit inklusive zeit magazin,4. Juli 2013,Michels,S. 19; Ausg. 28,2424,17236,4a93d295ead01f51dd9e2a1cd704810c4ae3f8b0,variant_003,regional_variant,review,,no,,no,,,18559,no,,,near_002,variant_003,"1973
Der Sommer 1973 sollte dem ersten sozialdemokratischen Kanzler der Bundesrepublik Deutschland zum 
Verhängnis werden. Denn in die Ferien nach Norwegen begleitete Willy Brandt ein Referent, der ein Agent der 
DDR war: Günter Guillaume.
Über diese vier Wochen ist viel spekuliert worden. Der Norwegenurlaub trug entscheidend dazu bei, dass Brandt im 
Mai 1974 von seinem Amt zurücktrat. Und nicht zuletzt Guillaume selbst brüstete sich später mit seiner Nähe zum 
Kanzler während dieser Wochen und dem seiner Darstellung nach unglaublichen Coup, der ihm so gelang.
Aber stimmt das überhaupt? Wie nah war Guillaume dem Kanzler in Norwegen wirklich gewesen? Und was hatte er 
Hochgeheimes an Ost-Berlin verraten?
Ort des Geschehens war ein Ferienhaus in der Nähe des Städtchens Hamar, 120 Kilometer nördlich von Oslo. Der 
gebürtige Lübecker Brandt liebte Norwegen, das Land hatte ihm während der Nazizeit - bis zum deutschen Überfall 
im Frühjahr 1940 - Asyl gewährt; aus Hamar stammte Brandts zweite Frau Rut. Mit dem jüngsten Sohn, dem 
zwölfjährigen Matthias, waren die beiden Anfang Juli 1973 dort eingetroffen und blieben bis zum Ende des Monats.
Zu diesem Zeitpunkt war Günter Guillaume eigentlich schon als DDR-Agent enttarnt. Dennoch durfte er Brandt 
begleiten - eines von vielen Rätseln, die das Geschehen umgeben. Weniger rätselhaft ist die Entwicklung bis zu 
diesem Punkt. 1956 war der damals 29-jährige Guillaume mit seiner Frau Christel als sogenannter Übersiedlungs-
IM von der Stasi aus Ost-Berlin nach Frankfurt am Main geschickt worden, um dort die SPD auszuspionieren. Als 
stramm antikommunistisch profilierter Genosse machte er in Hessen eine bescheidene Parteikarriere, die erst im 
Herbst 1969 Fahrt aufnahm, als die SPD die Bundestagswahl gewann. Der Frankfurter Abgeordnete und 
Bundesverkehrsminister Georg Leber, für den Guillaume den Wahlkampf organisiert hatte, vermittelte ihn ins 
Bonner Kanzleramt.

Sommer mit Spion; Im Juli 1973 machte Willy Brandt mit seiner Familie Ferien in Norwegen. Es wurde der 
folgenreichste Kanzlerurlaub in der Geschichte der Bundes....
Günter Guillaume arbeitete im Palais Schaumburg zunächst als Verbindungsmann zu den Gewerkschaften; Anfang 
Oktober 1972 stieg er zum Parteireferenten im Kanzlerbüro auf. Dieses Büro unter Reinhard Wilke arbeitete Brandt 
direkt zu. Wilke zeichnete für die innenpolitischen Vorlagen verantwortlich, sein Stellvertreter Wolf-Dietrich Schilling 
bearbeitete die Außenpolitik. Guillaume als dritter Referent betreute die Kontakte Brandts als SPD-Vorsitzender 
und Abgeordneter zu seiner eigenen Partei.
Allerdings bekam der neue Mann in seinem Bonner Arbeitsalltag wenig zu Gesicht, was für Ost-Berlin wirklich 
interessant gewesen wäre. Zu niedrig war er nach wie vor in der Kanzleramtshierarchie angesiedelt; zu wenig 
hielten Brandt, Wilke und Schilling von den Fähigkeiten des biederen Frankfurters, um ihn mit wirklich wichtigen 
Vorgängen zu betrauen.
Wie froh war Guillaume daher, wenn er mit dem Kanzler auf Reisen gehen konnte. Denn da kam er näher an ihn 
heran. Wobei er nicht immer mitfahren durfte, sondern nur dann, wenn Brandt als Parteivorsitzender der SPD oder 
als Wahlkämpfer in der Bundesrepublik unterwegs war. Reiste Brandt in seiner Funktion als Regierungschef, war 
im Inland Wilke und auf Staatsbesuchen im Ausland Schilling dabei.
Es gehörte zu den Aufgaben des jeweils Zuständigen, Verbindung zum Palais Schaumburg zu halten, damit die 
Regierungsmaschinerie während Brandts Abwesenheit nicht ins Stocken geriet. Dies bedeutete, dass Guillaume 
auf den Exkursionen des Kanzlers nicht nur, wie in Bonn, Interna der SPD zu Gesicht bekam, sondern potenziell 
alle wichtigen Vorgänge zur Innen- wie Außenpolitik, die den Kanzler per Fernschreiben oder gelegentlich per 
Kurier aus Bonn erreichten. Ebenso nahm der mitreisende Referent dann alle Anweisungen des Kanzlers für Bonn 
entgegen.
Was die Norwegenreise für Brandt so brisant machte, war der Umstand, dass das für die Spionageabwehr 
zuständige Kölner Bundesamt für Verfassungsschutz das Ehepaar Guillaume schon seit Wochen als Agenten 
verdächtigte. Bereits am 29. Mai 1973 informierte Günther Nollau, Präsident des Verfassungsschutzes, seinen 
Dienstherrn, Innenminister Hans-Dietrich Genscher, über den Verdacht gegen Guillaume. Genscher teilte dies noch 
am selben Tag Brandt mit. Doch hatte Nollau geraten, nichts an der Arbeitsroutine Guillaumes im Kanzleramt zu 
ändern.
Der Verfassungsschutz wollte Guillaume und dessen Frau, von der man glaubte, sie fungiere als Kurierin, 
gleichsam unter Idealbedingungen observieren und sie dann auf frischer Tat mitsamt möglichen Hintermännern 
überführen. Denn die bisherigen Anhaltspunkte reichten noch nicht für eine Verhaftung des Ehepaars aus. 
Außerdem wünschte Nollau, dass möglichst niemand im Palais Schaumburg etwas über den Verdacht erfahren 
sollte, allenfalls der Kanzler selbst. Brandt, dies war der abstruse Plan des Verfassungsschutzes, sollte gleichsam 
als Köder zum Fang eines Spions dienen. Doch weder Genscher noch Brandt stellten Nollaus irrwitzige 
Empfehlung infrage - was Brandt nach dem Rücktritt in seinen Notizen zum Fall G mit dem
sarkastischen Satz kommentierte: ""Ich Rindvieh hätte mich auf diesen Rat eines anderen Rindviehs nie einlassen 
dürfen.""
Der Kanzler selbst konnte sich nur schwer vorstellen, dass Guillaume, der überzeugte rechte Sozialdemokrat, ein 
DDR-Spion sein sollte. Allerdings fiel Brandt dessen biedere Beflissenheit schon lange lästig. Er hatte daher Ende 
Mai, unmittelbar bevor ihm der Verdacht mitgeteilt wurde, Kanzleramtschef Horst Grabert aufgetragen, nach einer 
neuen Verwendung für Guillaume zu suchen. Und nun sollte dieser Kerl auf Anraten Nollaus vorerst nicht aus 
seiner Nähe entfernt werden? Brandt war verärgert.
Unmittelbar nach Genschers Eröffnung weihte er, entgegen Nollaus Wunsch, Bürochef Wilke und Kanzleramtschef 
Grabert in den Verdacht ein. Dennoch hatten beide keine Bedenken, dass Guillaume mit nach Norwegen fahren 
sollte. Wilke hielt den Parteireferenten für ziemlich beschränkt und traute ihm schon deshalb überhaupt keine 
Spionagemission zu. Außerdem wollte er endlich richtige Ferien mit seiner Familie machen, nachdem er in den 
Vorjahren den Kanzler im Sommer begleitet hatte. Auch Nollau selbst empfahl, Guillaume mitzunehmen.
Der Verfassungsschutz hat mal wieder den Überblick verloren
Sommer mit Spion; Im Juli 1973 machte Willy Brandt mit seiner Familie Ferien in Norwegen. Es wurde der 
folgenreichste Kanzlerurlaub in der Geschichte der Bundes....
Brandt reiste ab. Der außenpolitische Referent Schilling hielt im Palais Schaumburg die Stellung. Weil zwischen 
Brandt, Wilke und Grabert Vertraulichkeit vereinbart worden war, hatten sie Schilling nicht über die 
Verdachtsmomente gegen Guillaume informiert. Folglich schickte der ahnungslose Schilling wenig später alle 
Fernschreiben - gleich welcher Geheimhaltungsstufe - nach Norwegen an ""Herrn Guillaume, z. Zt. Hamar"", mit der 
Bitte um Weiterleitung an den Kanzler.
Anders als von Wilke, Grabert und Brandt erwartet, hatte der Verfassungsschutz, der doch angeblich Guillaume auf 
frischer Tat ertappen wollte, nichts für seine Überwachung in Norwegen veranlasst. Nollau wiederum glaubte, das 
Kanzleramt hätte die nötigen Vorkehrungen getroffen, um Guillaume in Bonn oder auf Reisen von sensiblen 
Informationen fernzuhalten. Allerdings standen seine eigene Empfehlung, nichts an der Arbeitsroutine Guillaumes 
zu ändern, um den mutmaßlichen Spion in Sicherheit zu wiegen, sowie sein Wunsch, dass im Kanzleramt keiner 
außer Brandt etwas von dem Verdacht wissen sollte, solchen Vorkehrungen diametral entgegen. Nollau hatte 
offensichtlich den Überblick über das Geschehen längst verloren.
Außer Guillaume waren noch drei Personenschützer des Bundeskriminalamts mit nach Hamar gereist, zudem zwei 
Spezialisten des Bundesnachrichtendienstes, die den Fernschreiber bedienten und die ein- und ausgehende 
Korrespondenz ent- beziehungsweise verschlüsselten. Sie alle hatten ebenfalls keine Ahnung von dem Verdacht 
gegen den Referenten.
Günter und Christel Guillaume wohnten mit ihrem 16-jährigen Sohn Pierre in einem Haus etwa 200 Meter von dem 
der Brandts entfernt; die Beamten und die Fernmeldestelle waren in einer nahe gelegenen Jugendherberge 
untergebracht. Guillaume fungierte als Bote zwischen Fernmeldestelle und Kanzlerhaus. Die einzige kurze 
Missstimmung gab es, als Christel Guillaume anfangs versuchte, die Fernschreiben für den Kanzler 
entgegenzunehmen, was ihr von den BND-Beamten verwehrt wurde, da die Papiere nur ihrem Mann ausgehändigt 
werden dürften. Ansonsten lobten die Fernmeldespezialisten in ihrem Abschlussbericht nach der Rückkehr aus 
Norwegen die gute Zusammenarbeit mit Guillaume.
Der stern- Reporterin Wibke Bruhns, die zu einem Interview angereist war, fiel allerdings auf, dass Brandt hier 
noch mehr um Abstand zu seinem Referenten bemüht war als in Bonn. Sie machte Guillaumes rechthaberische 
Frau dafür verantwortlich. Auch Guillaume selbst spürte wohl die Veränderung, schob es aber auf den Umstand, 
dass man sich hier in keiner trinkfesten Männerrunde wie auf anderen Reisen befand, sondern die Familien dabei 
waren. Tatsächlich war es weniger der Spionageverdacht, der Brandt auf Distanz gehen ließ, als die Tatsache, 
dass der Referent ihm zunehmend auf die Nerven fiel. Alle bisherigen Fahrten, auf denen Guillaume ihn begleitet 
hatte - sei es zum Parteitag, zu den Klausurtagungen der SPD-Führung in Bad Münstereifel oder während der 
Image-Reisen unter dem Motto ""Der Kanzler informiert sich bei den Bürgern"" - , waren auf zwei bis acht Tage 
beschränkt gewesen. Und jetzt hatte er ihn vier Wochen am Hals, noch dazu im Urlaub!
Als das Kanzleramt später, nach der Verhaftung des Spions im April 1974 in Bonn, daranging, den 
nachrichtendienstlichen Schaden abzuschätzen, wurde rasch deutlich, dass der gemeinsame Norwegenurlaub 
Guillaumes großer Augenblick gewesen sein musste. Während dieser vier Wochen schickte Schilling aus Bonn 
49Fernschreiben über Guillaume an Brandt, darunter elf der Stufe ""geheim"". Neun Fernschreiben Brandts mit 
seinen Anweisungen an das Palais Schaumburg
setzte Guillaume aus Hamar ab, davon zwei der Kategorie ""geheim"". Im Vergleich hierzu gingen von Anfang März 
1973 bis Mitte Februar 1974 während anderer Reisen Brandts mit Guillaume lediglich 15 Fernschreiben durch die 
Hände des Spions, von denen auch nur zwei als ""geheim"" galten.
Wie brisant waren die Schreiben? Das politische Thema, das den Kanzler in seinem Urlaub am meisten 
beschäftigte, waren die Spannungen im westlichen Bündnis, hervorgerufen durch eine Rede des designierten US-
Außenministers Henry Kissinger im April 1973. In dieser hatte er eine ""neue Atlantik-Charta"" angekündigt. Sie sollte 
dauerhaft die amerikanische Führung in der Nato festschreiben. Das Projekt stellte zugleich eine Absage an eine 
vertiefte europäische Integration dar, die den bislang dominierenden US-Einfluss hätte schmälern können.
In Ost-Berlin ist kein einziges Dokument angekommen
Sommer mit Spion; Im Juli 1973 machte Willy Brandt mit seiner Familie Ferien in Norwegen. Es wurde der 
folgenreichste Kanzlerurlaub in der Geschichte der Bundes....
Die transatlantischen Verwerfungen und Bemühungen um diplomatische Schadensbegrenzung spiegelten sich, 
über Bonn nach Hamar geleitet, in Berichten der deutschen Botschaften in Washington, London und Paris wider; 
außerdem in Schreiben von Außenminister Walter Scheel und Verteidigungsminister Leber, die sich im Juli mit 
ihren amerikanischen Amtskollegen trafen, schließlich sogar in einem Briefwechsel zwischen Brandt und US-
Präsident Richard Nixon.
Im April 1974, als der Spionagefall publik wurde, war die Norwegenreise zunächst noch kein Thema. Doch bald 
drangen Details darüber an die Öffentlichkeit, und schon erhob sich der Verdacht, das Kanzleramt habe etwas zu 
vertuschen. Brandt selbst übernahm schließlich die Verantwortung dafür, dass er den Spion trotz der 
Verdachtsmomente mit in den Urlaub genommen hatte, und begründete vor allem damit seinen Rücktritt. Die 
Norwegenreise in den Vordergrund zu stellen erschien Brandt nun auch deshalb opportun, weil die anderen Motive, 
die zu seinem Rücktrittsentschluss beitrugen, ihm wenig geeignet schienen, öffentlich diskutiert zu werden. So 
wollte Brandt weder das seit 1973 erodierte Vertrauen in seine Kanzlerschaft thematisieren noch die 
Unterstellungen hinsichtlich seines Privatlebens, noch die mangelnde Unterstützung durch Fraktionschef Herbert 
Wehner in der Spionageaffäre.
Ein Jahr später bildeten dann die sogenannten Hamar-Dokumente beim Guillaume-Prozess vor dem 
Oberlandesgericht Düsseldorf die wichtigste Stütze der Anklage gegen das Ehepaar. Durch die Weiterleitung der 
Kanzlerkorrespondenz in den Osten, so argumentierte der Generalbundesanwalt, sei eine große Gefahr für die 
äußere Sicherheit der Republik entstanden. Die Richter folgten mit ihrem Urteil vom 15. Dezember 1975 der 
Argumentation der Anklage und verurteilten Günter Guillaume zu 13 Jahren, seine Frau zu acht Jahren Gefängnis, 
beide wegen ""schweren Landesverrats"". Die Hamar-Korrespondenz, so hielt das Urteil fest, habe dem Ostblock 
Einblick in die Verwerfungen innerhalb der Nato gegeben und ihm so einen Ansatz zur Destabilisierung des 
Westens geboten.
Das war allerhand. Und doch: Schon damals gab es keinen Beweis dafür, dass die Guillaumes überhaupt versucht 
hatten, die Hamar-Dokumente oder andere sensible Informationen in den Osten weiterzuleiten. Die Anklage besaß 
zwar genügend Anhaltspunkte, dass das Ehepaar über mehr als eineinhalb Jahrzehnte für den DDR-Geheimdienst 
spioniert hatte - nicht zuletzt Guillaumes Eingeständnis bei seiner Verhaftung, er sei Offizier der DDR. Dennoch 
stand das Urteil wegen ""schweren Landesverrats"" auf tönernen Füßen. Es kam nur zustande, weil das Gericht dem 
Agentenpaar unterstellte, beide hätten jede sich bietende Gelegenheit genutzt, um alle ihnen zugänglichen 
Informationen umgehend in die DDR zu expedieren. So deuteten die Richter ein Treffen von Christel Guillaume mit 
einer unbekannten Frau am 13. August 1973 in einem Bonner Lokal, das der Verfassungsschutz observiert hatte, 
als den Versuch, Kopien der Hamar-Dokumente nach Ost-Berlin zu schaffen. Obwohl keine ""Materialübergabe"" 
beobachtet werden konnte, habe das Verhalten der beiden Frauen, so mutmaßten die Kölner Schlapphüte, 
konspirativen Charakter besessen. Die Unbekannte sei aller Wahrscheinlichkeit nach eine Kurierin aus Ost-Berlin 
gewesen.
Heute wissen wir, dass jene Frau tatsächlich eine Stasi-Mitarbeiterin war. Sie bemerkte die (offenbar plumpe) 
Observation durch den Verfassungsschutz. Augenblicklich vernichtete sie das Material, das ihr Christel Guillaume 
gegeben hatte - angeblich warf sie es in den Rhein - , und nahm noch am selben Abend in Köln den Nachtzug nach 
Berlin, Hauptstadt der DDR.
Vor einigen Jahren entschlüsselten Spezialisten der Stasi-Unterlagen-Behörde die elektronische DDR-Datenbank 
Sira. Sie führt alle wichtigen Berichte und Dokumente auf, welche die Spione seit 1969 aus dem Westen geliefert 
hatten. Völlig überrascht stellte man fest: Für die Guillaumes sind im Sommer 1973 keine Eingänge verzeichnet, es 
gelangte gar keine Hamar-Korrespondenz nach Ost-Berlin. Offenbar ist die nachrichtendienstliche ""Sternstunde"" im 
Osten nie wahrgenommen worden. Hatte Guillaume gar nichts geliefert? War das Material verloren gegangen? 
Oder war es das, was die Unbekannte vernichtet hatte? Die Fragen sind bis heute ungeklärt.
Dennoch wurde der ""Topspion"", der 1981 im Zuge eines Gefangenenaustausches vorzeitig in die DDR 
zurückkehren durfte, nicht müde, sich für seinen genialen Coup feiern zu lassen. 1988 erschienen seine von der 
Stasi zuvor heftig redigierten Memoiren. Darin berichtet er über hochdramatische Wochen in Norwegen, über einen 
Sommer mit Spion; Im Juli 1973 machte Willy Brandt mit seiner Familie Ferien in Norwegen. Es wurde der 
folgenreichste Kanzlerurlaub in der Geschichte der Bundes....
geheimen Kurier, der von Schweden aus die Hamar-Korrespondenz in die DDR geliefert habe, und so weiter. 
Nichts davon stimmt, aber die Ehre dieses ""Kundschafters des Friedens"", wie das Regime in Ost-Berlin seine 
Spione nannte, blieb gewahrt. Guillaume starb 1995 im brandenburgischen Eggersdorf, seine 1981 von ihm 
geschiedene Frau 2004 in Berlin.
Weniger überraschend als die Ostberliner Pointe der Affäre bleibt allerdings - zumal aus heutiger Perspektive - eine 
andere: das Totalversagen des Verfassungsschutzes und seines Chefs Günther Nollau. Denn hier liegt der 
Schlüssel dafür, dass Brandts Norwegenreise vom Juli 1973 in der Tat zum politisch folgenreichsten Kanzlerurlaub 
in der Geschichte der Bundesrepublik wurde.
VON ECKARD MICHELS
***
Der Autor lehrt Geschichte am Birkbeck College der University of London. Mehr zum Thema in seinem Buch 
""Guillaume, der Spion. Eine deutsch-deutsche Karriere"", das gerade im Ch. Links Verlag erschienen ist (416 S., 
24,90 (EURO)) 
***
Graphic
 
 Willy und Rut Brandt 1973 in Hamar. Im Hintergrund mit Fotoapparat ""Topagent"" Guillaume 
 Günter und Christel Guillaume 1975 vor Gericht in Düsseldorf"
2013-07,Main Corpus,2013-07(104).ZIP,STATISTIK Wichtigster Anlaufpunkt in Deutschland.PDF,C:\PythonProjects\AfD-project\Corpora\Main Corpus\2013-07\raw_unarchive\STATISTIK Wichtigster Anlaufpunkt in Deutschland.PDF,STATISTIK Wichtigster Anlaufpunkt in Deutschland,statistik wichtigster anlaufpunkt in deutschland,Berliner Zeitung,berliner zeitung,Donnerstag 18. Juli 2013,Andrea Beyerlein,POLITIK; S. 2; Ausg. 165,466,3408,7985036e5960fbfd70beca92c882067a8c2d5a99,,unique,keep,,no,,no,,,4268,no,,,,,"Berlin ist der Hauptanlaufpunkt der nach Deutschland einreisenden Flüchtlinge, sagte am Mittwoch Berlins 
Sozialsenator Mario Czaja (CDU). 15 bis 20 Prozent der Asylbewerber kämen in der Hauptstadt an und müssten 
hier zumindest kurzzeitig untergebracht werden. Und es werden ständig mehr.
2011 waren es noch 5413 Asylsuchende, die in Berlin ankamen. Im vergangenen Jahr bereits 9418. Ein Anstieg 
von 74 Prozent. Im laufenden Jahr ist diese Dimension schon in den ersten sechs Monaten erreicht. Bis Juni 
meldeten sich 9266 Flüchtlinge beim Landesamt für Gesundheit und Soziales (Lageso) in der Turmstraße in 
Moabit. Dort werden die erste medizinische Betreuung, eine Unterkunft und die Verteilung auf andere 
Bundesländer organisiert. Nach einem festgelegten Schlüssel muss Berlin für die Dauer des Verfahrens fünf 
Prozent der Flüchtlinge aufnehmen und für sie eine Unterkunft bereitstellen.
Seit seinem Amtsantritt im Dezember 2011 sei es gelungen, die Zahl der Plätze von damals 3178 auf heute 6248 
nahezu zu verdoppeln, sagte Czaja. Die Kooperation der Bezirke habe sich deutlich verbessert. ""Das Konzept der 
gerechteren Verteilung in der Stadt greift."" Trotzdem steht das dem Sozialsenator unterstellte Lageso weiter unter 
Druck: Alle Plätze sind nahezu belegt. Nach der Prognose des Bundesamtes für Migration und Flüchtlinge, das 
2013 von bundesweit 100000 Asylsuchenden ausgeht (ein Anstieg um mehr als 50 Prozent), muss Berlin zusätzlich 
zu den knapp 2500 Menschen, die im ersten halben Jahr hier untergebracht wurden, bis Jahresende noch einmal 
die gleiche Zahl aufnehmen. Zusätzlich werden in Kürze 250 Bürgerkriegsflüchtlinge aus Syrien erwartet. Czaja 
geht von einem zusätzlichen Bedarf von 1000 Plätzen aus. Im Gegensatz zu anderen Bundesländern sei es in 
Berlin bislang dennoch gelungen, den Aufbau von Zeltstädten oder die Belegung von Turnhallen zu vermeiden.
In den vergangenen Monaten haben Anwohnerproteste gegen neue Flüchtlingsunterkünfte zugenommen. Eine von 
Rechtsextremisten instrumentalisierte Anwohnerversammlung in Marzahn-Hellersdorf hatte vergangene Woche 
bundesweit Aufsehen erregt. Mittlerweile gebe es aber eine ""Fülle von Hilfsangeboten aus ganz Hellersdorf"", sagte 
Czaja. Er und der Lageso-Präsident Franz Allert appellierten an Kommunalpolitiker und Berliner, dafür einzutreten, 
dass Asylsuchende eine Unterkunft, ein faires Verfahren und ihren Kindern Bildungschancen gewährt werden. ""Wir 
wissen, dass die Entwicklung so bald nicht abreißen wird"", sagte Czaja. Die Ankunft der Flüchtlinge sei oft nicht 
planbar.

STATISTIK Wichtigster Anlaufpunkt in Deutschland
Zahlen, wie viele Menschen mittlerweile ohne Flüchtlingsstatus, also illegal in Berlin lebten, konnte der Senator 
nicht nennen. Aus Gesprächen mit Hilfseinrichtungen für die medizinische Versorgung etwa von der Caritas 
entnehme er, dass auch diese Zahlen anstiegen.
Unterdessen ist der Runde Tisch zum Flüchtlingscamp am Oranienplatz in Kreuzberg gescheitert. Dazu hatte 
Bezirksbürgermeister Franz Schulz (Grüne) für Donnerstag Bundes- und Landespolitiker eingeladen, aber nur 
Absagen erhalten - auch vom Sozialsenator. ""Ich möchte keine falschen Erwartungen wecken"", sagte Czaja am 
Mittwoch. Schulz wolle Themen behandeln, die auf Bundesebene zu regeln seien. Czaja sagte, dass er zudem 
wesentliche Forderungen der Flüchtlinge, wie die nach Abschaffung der Residenzpflicht, nicht teile."
2013-07,Main Corpus,2013-07(104).ZIP,STICHWORT · ASYLBEWERBER_ Flucht aus Russland und Syrien.PDF,C:\PythonProjects\AfD-project\Corpora\Main Corpus\2013-07\raw_unarchive\STICHWORT · ASYLBEWERBER_ Flucht aus Russland und Syrien.PDF,STICHWORT · ASYLBEWERBER: Flucht aus Russland und Syrien,stichwort  asylbewerber flucht aus russland und syrien,Südwest Presse,südwest presse,Dienstag 16. Juli 2013,,Politik; S. 2,218,1619,28904bdf8d0b5c55ed68b6ec0ea7925ce9832d43,,unique,keep,,no,,no,,,2544,no,,,,,"Rund 43 000 Menschen haben im ersten Halbjahr 2013 in Deutschland Asyl beantragt. Die meisten Flüchtlinge 
(knapp 10 000) kamen aus Russland. Auf Platz zwei der Herkunftsländer folgte Syrien mit rund 4500 Flüchtlingen. 
Die Zahl der seit Ausbruch des Bürgerkriegs im März 2011 nach Deutschland geflüchteten Syrer erhöhte sich damit 
auf rund 13 000.
Unter den zehn Hauptherkunftsländern der Flüchtlinge im ersten Halbjahr waren außerdem Afghanistan, Iran, Irak, 
Pakistan, Somalia und Georgien. Als Flüchtling nach der Genfer Konvention anerkannt wurden knapp 4800 
Menschen, das waren 15 Prozent aller Antragsteller. Für rund 5200 weitere Flüchtlinge (17 Prozent) wurde ein 
Abschiebeverbot verhängt.
Syrer werden derzeit in der Regel als Flüchtlinge in Deutschland anerkannt. Die Innenminister der Länder haben 
wiederholt ein Abschiebeverbot für Menschen aus dem Bürgerkriegsland vereinbart. Deutschland will 5000 
besonders schutzbedürftige, syrische Flüchtlinge aufnehmen, die derzeit in den Flüchtlingslagern in den 
Nachbarländern Syriens verharren. Mitte August soll die erste Gruppe im Grenzdurchgangslager Friedland bei 
Göttingen ankommen. Außerdem können Syrer vor Ort Visa beantragen und damit selbstständig einreisen.
Im vergangenen Jahr hatte eine steigende Anzahl von Flüchtlingen aus Serbien und Mazedonien, darunter meist 
Mitglieder der unter Diskriminierung leidenden Roma-Minderheit, eine Debatte über angeblichen Asylmissbrauch in 
Deutschland entfacht. Aus diesen beiden Ländern beantragten von Januar bis Juni rund 4100 Menschen Asyl. Das 
sind deutlich weniger als im Herbst vergangenen Jahres."
2013-07,Main Corpus,2013-07(104).ZIP,STICHWORT · SNOWDEN_ Wenig Chancen auf Asyl.PDF,C:\PythonProjects\AfD-project\Corpora\Main Corpus\2013-07\raw_unarchive\STICHWORT · SNOWDEN_ Wenig Chancen auf Asyl.PDF,STICHWORT · SNOWDEN: Wenig Chancen auf Asyl,stichwort  snowden wenig chancen auf asyl,Südwest Presse,südwest presse,Mittwoch 3. Juli 2013,,Politik; S. 2,217,1629,f4cf274ae8403561fe5a557aca90909dd805429f,,unique,keep,,no,,no,,,2454,no,,,,,"Der frühere Mitarbeiter des US-Geheimdienstes NSA, Edward Snowden, hat per Fax auch in Deutschland Asyl 
beantragt. Hat er einen Anspruch darauf?
Die Genfer Konventionen schützen Flüchtlinge, die wegen ihrer Rasse, Religion, Nationalität oder ihrer politischen 
Überzeugung verfolgt werden. Das trifft auf Snowden eher nicht zu. Die Europäische Menschenrechtskonvention 
(EMRK) schützt allerdings zusätzlich vor unfairen Gerichtsverfahren, Todesstrafe oder Folter. Snowden ist zwar 
kein Europäer. Russland und Deutschland sind aber verpflichtet, Menschen in ihrer Hoheitsgewalt entsprechend zu 
schützen.
In Deutschland kann Snowden dennoch eigentlich kein Asyl verlangen, denn ein Antrag kann nur hier gestellt 
werden. Der Asylantrag ist für Deutschland damit rechtlich erst relevant, wenn der Amerikaner deutschen Boden 
berühren würde. Deutschland könnte ihn aber trotzdem aufnehmen. Denn im Aufenthaltsgesetz heißt es in 
Paragraf 22: ""Einem Ausländer kann für die Aufnahme aus dem Ausland aus völkerrechtlichen oder dringenden 
humanitären Gründen eine Aufenthaltserlaubnis erteilt werden."" Voraussetzung ist, dass dies zur Wahrung 
politischer Interessen der Bundesrepublik befürwortet wird. Das wird derzeit von der Bundesregierung geprüft. Aus 
politischen Gründen könnte sie - theoretisch - einem Aufenthalt in Deutschland zustimmen.
Dem entgegen steht wiederum das zwischen der EU und den USA 2009 geschlossene Auslieferungsabkommen. 
Wenn Snowden sich auch nach deutschem Recht strafbar gemacht hat, wäre seine Auslieferung nur zu verhindern, 
wenn ihm in den USA die Todesstrafe drohen würde. Das ist aber nicht so."
2013-07,Main Corpus,2013-07(104).ZIP,SYRER Bundesländer sollen großzügig sein.PDF,C:\PythonProjects\AfD-project\Corpora\Main Corpus\2013-07\raw_unarchive\SYRER Bundesländer sollen großzügig sein.PDF,SYRER Bundesländer sollen großzügig sein,syrer bundesländer sollen grosszügig sein,Berliner Zeitung,berliner zeitung,Donnerstag 18. Juli 2013,Mira Gajevic,POLITIK; S. 2; Ausg. 165,399,2860,87c1f87d5c0aa43ac9b864951617d9e7c9e297e8,,unique,keep,,no,,no,,,3727,no,,,,,"Man stelle sich einmal vor, Deutschland würde 18 Millionen Flüchtlinge aufnehmen. Verglichen mit seiner 
Einwohnerzahl beherbergt der kleine Libanon derzeit so viele Opfer des syrischen Bürgerkriegs: Nämlich mehr als 
eine Million Flüchtlinge in einem Land, das selbst nur 4,2 Millionen Einwohner zählt. Caritas-Präsident Peter Neher 
bemühte am Mittwoch auf seiner Jahres-Pressekonferenz diesen Vergleich, um die dramatische Lage der 
Nachbarländer zu verdeutlichen, die nach über zwei Jahren Bürgerkrieg in Syrien inzwischen an ihre Grenzen 
stoßen.
Bislang kommt nur ein verschwindend geringer Teil der Flüchtlinge nach Deutschland, 4500 waren es in den ersten 
sechs Monaten dieses Jahres. Insgesamt suchten seit Ausbruch des Bürgerkriegs im März 2011 rund 13000 Syrer 
hier Schutz. Weitere 5000 Syrer, die derzeit in den Flüchtlingslagern ausharren, wird die Bundesrepublik in den 
kommenden Monaten im Rahmen eines Sonderprogramms aufnehmen. Die Bundesländer wurden aufgefordert, 
Verwandte von in Deutschland lebenden Syrern ins Land zu holen. Caritas-Präsident Neher appellierte an die 
Länder, großzügig zu sein. ""Angesichts der Belastungen der syrischen Nachbarländer wäre eine großzügige 
Ausweitung dieser humanitären und politischen Geste aus unserer Sicht angemessen"", sagte er.
Auch der stellvertretende Geschäftsführer von Pro Asyl, Bernd Mesovic, hofft, dass die Bundesländer sich nicht 
hinter Auflagen, Fristen und anderen bürokratischen Hindernissen verstecken, um so die Zahl der Verwandten, die 
nach Deutschland kommen wollen, klein zu halten. Viele Syrer hätten in den Camps keine Papiere mehr, zum Teil 
dauere es Wochen, bis sie vor Ort einen Termin bekämen, um den Visa-Antrag stellen zu können. Wenn es dann 
noch zum Maßstab werde, dass die hier lebenden Verwandten grundsätzlich vollständig für den Lebensunterhalt 
ihrer Angehörigen aufkommen müssen, ""dann werden sich das nur wenige Begüterte leisten können"", so Mesovic.
Anders als viele andere Flüchtlinge aus Kriegsgebieten, müssen sich die Syrer immerhin nicht um ihre 
Anerkennung sorgen. 99,5 Prozent ihrer Anträge werden anerkannt, die Bearbeitungszeit ist kurz. Doch nicht 
überall werden sie mit offenen Armen begrüßt. Vielerorts fehlen Unterkünfte, viele Städte zeigen sich angesichts 
des deutlichen Anstiegs der Flüchtlingszahlen in der jüngsten Zeit überfordert. 43016 Menschen bewarben sich in 
den ersten sechs Monaten dieses Jahres um Asyl, 86 Prozent mehr als im Vergleichszeitraum des Vorjahres.
Überraschend viele, fast 10000 Flüchtlinge, kamen aus Russland, die meisten von ihnen sind Tschetschenen, die 
vor staatlicher Willkür und Verfolgung und dem Terror islamistischer Gruppen fliehen. 3448 Flüchtlinge kamen aus 
Afghanistan, 4100 Menschen aus Serbien und Mazedonien - vor allem Angehörige der Roma-Minderheit.

SYRER Bundesländer sollen großzügig sein"
2013-07,Main Corpus,2013-07(104).ZIP,"Syrer im Angebot FLÜCHTLINGE Millionen von Syrern sind auf der Flucht, viele stranden in Beirut. Ihn.PDF","C:\PythonProjects\AfD-project\Corpora\Main Corpus\2013-07\raw_unarchive\Syrer im Angebot FLÜCHTLINGE Millionen von Syrern sind auf der Flucht, viele stranden in Beirut. Ihn.PDF","Syrer im Angebot FLÜCHTLINGE Millionen von Syrern sind auf der Flucht, viele stranden in Beirut. Ihnen zu",syrer im angebot flüchtlinge millionen von syrern sind auf der flucht viele stranden in beirut ihnen zu,"taz, die tageszeitung",taz die tageszeitung,Montag 15. Juli 2013,BENTE SCHELLER,MEINUNG UND DISKUSSION; S. 12,931,6271,5886be383e4f105c0289ace2a730bcb61772db09,,unique,keep,,no,,no,,,7510,yes,commentary_noncore,,,,"Der kleine Libanon mit seinen rund 4,2 Millionen EinwohnerInnen hat offiziell über 500.000 syrische Flüchtlinge 
aufgenommen; die wirkliche Zahl dürfte doppelt so hoch sein. Damit machen Syrerinnen und Syrer mittlerweile fast 
ein Fünftel der Menschen im Libanon aus, trotzdem bleibt die syrisch-libanesische Grenze offen. Deutschland hat 
sich nach mehr als zwei Jahren des Konflikts zur Aufnahme von gerade mal 5.000 Flüchtlingen durchgerungen.
Der Libanon hat bislang keine Flüchtlingscamps eingerichtet und bekommt wenig internationale Flüchtlingshilfe. 
Wer hier ankommt, ist auf sich selbst gestellt. Die meisten Flüchtlinge suchen sich eine Unterkunft dort, wo sie 
irgendjemanden kennen. Viele kommen erst mal nach Beirut. Die Ärmsten der Armen campieren auf 
Verkehrsinseln unter den Hochstraßen. Ihre Habe in wenigen Plastiktüten verstaut, verbringen sie dort den Tag, 
einige von ihnen stehen bettelnd mitten im dichten Straßenverkehr.
Keine Arbeitsgenehmigung
Wer noch Erspartes hat, geht in die überfüllten Palästinenserlager Sabra und Schatila. Viele Palästinenser 
quartieren sich bei ihren Familien oder Freunden ein und vermieten ihre Wohnung an die Syrer, um ein wenig Geld 
zu machen. Ein karger Raum, ohne Teppich, ohne alles, kostet dort 300 Dollar im Monat das Billigste, was man im 
teuren Beirut bekommen kann. Mittlerweile haben sich fast 2.000 syrische Flüchtlingsfamilien, oft mit bis zu zehn 
Mitgliedern, alleine hier registriert. Entsprechend klettern die Preise weiter.
 Wir haben von Privatleuten ein Stück Land in der Bekaa-Ebene zur Verfügung gestellt bekommen und geplant, wie 
man dort ein Flüchtlingslager einrichten könnte , berichtet Abu Khaled von der Hilfsorganisation Najda Now. Wir 
haben sogar die Zustimmung der örtlichen Verwaltung bekommen, aber natürlich ist es wichtig, von Anfang an die 
Wasser- und Abwasserversorgung zu regeln. Dafür bräuchten wir 30.000 US-Dollar, aber niemand will sie uns 
geben, solange es kein Abkommen auf Regierungsebene gibt. 

Syrer im Angebot FLÜCHTLINGE Millionen von Syrern sind auf der Flucht, viele stranden in Beirut. Ihnen zu 
helfen wäre einfach. Doch fast niemand kümmert sich um....
Erschwerend kommt hinzu, dass der Libanon den SyrerInnen keine Arbeitsgenehmigung erteilt. Viele arbeiten 
schwarz und nehmen in Kauf, deutlich unter Tarif bezahlt zu werden. Das wiederum hat viele Libanesen ihre Jobs 
gekostet. Seit der brutalen Niederschlagung der Aufstände durch das Assad-Regime hat die Armut im Libanon 
deutlich zugenommen und damit auch die Straßenkriminalität. Das wird alles auf die Syrer geschoben. 
Ressentiments nehmen zu.
Kein Platz in den Schulen
In der Folge gehen viele Flüchtlinge in besonders konservative Gegenden, weil Menschen sich dort eher 
verpflichtet fühlen, anderen zu helfen. Andere haben sich in einem stillgelegten Gefängnis in der Bekaa-Ebene 
eingerichtet. In Saida, im Süden des Libanon, wohnen Hunderte Flüchtlinge am Rande der Stadt in 
Betonrohbauten, die nur aus Zwischendecken und Stützpfeilern bestehen. Im März habe ich diesen Ort besucht. 
Der eisige Wind, der durch das Gebäude pfiff, wurde nur von dünnen Spanplatten und Planen abgehalten, mit 
denen sich einzelne Familien kleine Bereiche abgetrennt haben. Im Winter hatten sie nichts, um zu heizen. Die 
einzige Kochgelegenheit war ein Stahlfass vor dem Gebäude, dem der beißende Gestank verbrannten Mülls 
entströmte. Anderes Brennmaterial gab es nicht.
 Habt ihr von irgendjemandem Hilfe bekommen? fragten wir. Eine Organisation war so freundlich, uns die Planen 
zu geben. Und dort drüben dürfen wir uns Wasser holen. Eine Frau mit einem Baby auf dem Arm deutete auf einen 
anderen Rohbau hundert Meter entfernt, von dem gerade ein paar Jungs Eimer herantragen. Woher kommt ihr? 
Und wie habt ihr dort gelebt? Der Älteste des Lagers zuckt die Schultern: Wir kommen aus dem Umland von 
Homs. Dort ist die Situation Anfang 2013 so schlimm geworden, dass es einfach nicht mehr ging. Ein paar Männer 
aus unserer Gegend waren hier auf dem Bau beschäftigt, deshalb sind wir hierher genommen. Wir wollen uns nicht 
beschweren, wir hatten auch zu Hause nicht viel. Hauptsache, wir sind in Sicherheit. Ob die Kinder zur Schule 
gehen? Nein, für syrische Flüchtlinge gibt es keinen Platz in libanesischen Schulen. Kommt, trinkt Kaffee mit uns , 
laden sie uns ein. Die Situation hat ihre Gastfreundschaft nicht geschmälert.
Frauenhandel floriert
In Kairo ist die Situation für syrische Flüchtlinge nicht besser. So stellt die seit Jahren in Ägypten lebende 
Journalistin Julia Gerlach fest: Syrische Frauen sind in Ägypten zum Mythos geworden. Selbst unser Hausmeister 
träumt davon, sich eine zu nehmen, dabei hat er schon zwei Frauen. Immer wieder ginge das Gerücht um, dass in 
dieser oder jener Moschee Syrerinnen vermittelt würden, und wer sich dafür interessiert, hat nicht das Gefühl, 
etwas Falsches zu machen. Das Einzige, was man bieten können muss, ist ein Zimmer für die Heirat. Viele Ägypter 
können sich eine Heirat mit einer Ägypterin nicht leisten und reden sich jetzt ein, sie täten den notleidenden 
Syrerinnen nur etwas Gutes. Immer wieder könne man auf der Straße den Ausspruch hören: Baschar, danke, dass 
du uns so viele Syrerinnen schickst. 
Ganz so offensichtlich ist der Frauenhandel im Libanon nicht. Aber auch hier kursieren viele Geschichten über 
Eheschließungen aus Not und von Familien, die ihre Töchter verkaufen. Sexuelle Nötigung ist auch hier salonfähig 
geworden. Mein libanesischer Kollege Haid Haid kommentiert: Ich habe viele Jahre für das UNHCR in Syrien mit 
irakischen Flüchtlingen gearbeitet. Da gab es auch sexuelle Ausbeutung, aber Prostitution war verpönt. Doch hier 
hat man dieser fürchterlichen Praxis zu sozialer Akzeptanz verholfen. 
Auch wenn die Politik keine Antwort auf die große Syrien-Frage hat: Sie sollte sich zumindest der humanitären 
Katastrophe stellen. Das heißt, sich dafür einsetzen, dass mehr Staaten mehr Flüchtlinge aufnehmen. Und um 
den viel beschworenen Flächenbrand zu verhindern endlich substanzielle finanzielle Hilfe in die bedrängten 
Nachbarstaaten und die befreiten Gebiete schicken. BENTE SCHELLER
Die sozialen Spannungen nehmen zu. Denn die Flüchtlinge treiben die Mieten in die Höhe und arbeiten zu 
Spottpreisen"
2013-07,Main Corpus,2013-07(104).ZIP,Top Ten der vernachlässigten Nachrichten.PDF,C:\PythonProjects\AfD-project\Corpora\Main Corpus\2013-07\raw_unarchive\Top Ten der vernachlässigten Nachrichten.PDF,Top Ten der vernachlässigten Nachrichten,top ten der vernachlässigten nachrichten,Der Tagesspiegel,der tagesspiegel,Samstag 13. Juli 2013,,MEDIEN; S. 31; Ausg. 21746,189,1447,b6fa2470c34511f6a90fb0852a21dc39b7d4f5b6,,unique,keep,,no,,no,,,2098,no,,,,,"Die deutschen Medien haben nach Ansicht der Initiative Nachrichtenaufklärung (INA) auch in diesem Jahr brisante 
Themen vernachlässigt. Das wichtigste der ignorierten Themen sei das Verteilen von Geldern aus Prozessen durch 
Richter, sagte der Journalismusforscher Horst Pöttker von der Initiative Nachrichtenaufklärung am Freitag in Köln. 
Sie entschieden in Deutschland jedes Jahr über etwa 100 Millionen Euro, die die Justiz als Geldauflagen in 
Prozessen einnehme. Der niedersächsische Landesrechnungshof stufe Richter als besonders korruptionsgefährdet 
ein. Auf Platz zwei der vernachlässigten Themen landete das ""Geschäft mit der Abschiebepraxis"". Flüchtlinge mit 
abgelehntem Asylantrag würden mithilfe deutscher Fluglinien abgeschoben, die dafür bezahlt würden, sagte INA-
Mitarbeiterin Miriam Bunjes. ""Hier gibt es deutlich zu wenig Berichterstattung über das wirtschaftliche System, das 
dahintersteckt."" Auf Platz drei setzte die Jury aus 20 Journalisten und Wissenschaftlern das intransparente UN-
Welternährungsprogramm. Die INA wählt jedes Jahr zehn Themen aus, die trotz hoher gesellschaftlicher Relevanz 
nicht oder nur in geringem Umfang von Medien aufgegriffen wurden. ""Wir wollen damit nicht so sehr an den Medien 
herumkritisieren. Die Aufmerksamkeitskriterien der Journalisten sind letzten Endes auch die des Publikums"", sagt 
Pöttker. Die vernachlässigten Themen seien offenbar zu wenig spektakulär oder auch zu komplex. meh"
2013-07,Main Corpus,2013-07(104).ZIP,Träume auf Lager Das Flüchtlingscamp am Oranienplatz ist umstritten und politisch nur geduldet. Doch.PDF,C:\PythonProjects\AfD-project\Corpora\Main Corpus\2013-07\raw_unarchive\Träume auf Lager Das Flüchtlingscamp am Oranienplatz ist umstritten und politisch nur geduldet. Doch.PDF,Träume auf Lager; Das Flüchtlingscamp am Oranienplatz ist umstritten und politisch nur geduldet. Doch wer,träume auf lager das flüchtlingscamp am oranienplatz ist umstritten und politisch nur geduldet doch wer,Der Tagesspiegel,der tagesspiegel,Donnerstag 4. Juli 2013,Alicia Rust,BERLIN; S. 8; Ausg. 21737,1488,10083,672b33863b9b58a7b955ca1bc0c244a40fe4b93d,,unique,keep,,no,,no,,,11394,no,,,,,"Der erste Eindruck vom Flüchtlingscamp überrascht. Beinahe verlassen ruht das Zeltlager mit den 15 
provisorischen Behausungen mitten auf dem Oranienplatz. Wer hier Massen von Flüchtlingen erwartet, die sich die 
Zeit in der Sonne vertreiben, sieht sich getäuscht. Und wenn es regnet, ziehen sich die meisten Bewohner ins 
Innere der Zeltbäuche zurück. Männer hocken dort auf gespendeten Matratzen. Sie spielen Karten, trinken Tee, 
einige schreiben Briefe an die in der Heimat verbliebenen Familien: ""Es geht uns gut"" - ""Einmal am Tag bekommen 
wir warmes Essen"" - ""Macht Euch keine Sorgen"". Die Zeilen ähneln sich, ganz gleich in welches Heimatland sie 
geschickt werden: nach Somalia, Mali, Libyen, Syrien. Manche trauen sich nicht einmal, ihre Heimat zu nennen, zu 
groß ist die Angst vor einer Abschiebung. Die rund 100 Flüchtlinge, die hier seit ihrem Marsch nach Berlin vor neun 
Monaten ausharren, um ihr Bleiberecht in Deutschland durchzusetzen, sind weitaus Schlimmeres gewohnt als 
Straßensteine unter ihren Füßen.
Einer von ihnen ist Tahir aus dem zentralafrikanischen Tschad, der sich vor dreieinhalb Jahren auf die Flucht 
gemacht hat - in der Hoffnung auf ein besseres Leben. Ohne Hunger, ohne Armut, ohne Gewalt. Auf der Suche 
nach Arbeit, egal welche - damit der ausgebildete Busfahrer seine siebenköpfige Familie daheim in Afrika 
unterstützen kann. Drei seiner Kinder sind schwer krank, das jüngste hat Malaria, doch im Tschad mangelt es an 
ärztlicher Betreuung. Auf der Liste der ""failed states"", der gescheiterten Staaten, liegt das Land an fünfter Stelle. 
""Ich würde gern meine Kinder auf eine gute Schule schicken"", sagt der 47-Jährige. ""Ich wünsche mir eine bessere 
Zukunft für sie.""
In leisen Worten schildert Tahir auf Französisch die Odyssee seiner Flucht bis hierher. Bis zu dem Punkt, an dem 
sein persönliches Schicksal hinter Aktendeckeln verschwindet und hinter politischen Forderungen im Kampf um das 
Asylrecht. Tahir ist einer von 6000 Asylbewerbern, die inzwischen in Berlin untergekommen sind, einer von 45 
Millionen Menschen auf der Flucht weltweit. Vor dem Flüchtlingscamp ist ein Banner gespannt, auf dem steht: 
""Kein Mensch ist illegal"". Aber dürfen und sollen Menschen deshalb campieren auf einem öffentlichen Platz mitten 
in der Stadt? Der eigentliche Zweck des Protestcamps ist, die Forderungen der Flüchtlinge öffentlich zu machen. 
Es gilt deshalb als politische Demonstration und wird vom Bezirk Friedrichshain-Kreuzberg geduldet. In München 

Träume auf Lager; Das Flüchtlingscamp am Oranienplatz ist umstritten und politisch nur geduldet. Doch wer 
sind eigentlich die Menschen, die hier seit Monaten le....
wurde gerade ein ähnliches Camp geräumt, weil dort Flüchtlinge in einen Hungerstreik getreten waren und zu 
verdursten drohten.
Auch in Berlin wird über das Lager am Oranienplatz kontrovers diskutiert. In Kreuzberg kursiert eine 
Unterschriftenliste, in der die Räumung gefordert wird. ""Die Fronten sind verhärtet"", sagt Heiko, ein Werbetexter 
aus Mitte, der oft als Helfer in das Camp kommt, aber seinen vollen Namen nicht nennen will, weil er meint, damit 
seinen Job zu gefährden. ""So ein Flüchtlingscamp inmitten der Stadt ist keine Dauerlösung"", sagen zwei 
vorbeieilende ältere Damen, die beteuern, dass sie persönlich nichts gegen Flüchtlinge hätten. Andere monieren 
die Gerüche von den Latrinen, den Müll. Manche Geschäftsleute befürchten, dass Kunden wegbleiben. Mit den 
Menschen zu sprechen, die seit Monaten in dem Camp leben, ist nicht leicht. Man muss sich einige Tage Zeit 
nehmen, damit sie Vertrauen fassen und von sich erzählen.
Vom Tschad aus ging es für Tahir zunächst zu Fuß nach Libyen. ""Zehn Tage lang sind wir bis zur Erschöpfung 
gelaufen"", erzählt er. Dann habe ihn ein Lastwagen den restlichen Weg mit in die Hauptstadt genommen. Kaum 
angekommen, brach der Bürgerkrieg aus. Und Tahir bekam erste Zweifel, ob die Flucht überhaupt gelingen kann. 
In Libyen hörte Tahir aber auch erstmals Geschichten über jene, denen die Reise nach Europa geglückt war - auch 
Geschichten über Deutschland. Dass dort die Kinder zur Schule gehen, dass es gute Krankenhäuser gibt und 
niemand Hunger leidet.
Doch zunächst ging es mit rund 300 anderen Menschen an Bord zur italienischen Mittelmeerinsel Lampedusa - in 
einem überfüllten Boot und bei unruhiger See. ""Alle von uns haben pausenlos gebetet. Wir Muslime an unseren 
Allah, die Christen an ihren Gott"", berichtet Tahir unter Tränen. Menschen starben, einige warfen sich freiwillig über 
die Reling, damit sich die Überlebenschancen ihrer Angehörigen erhöhen. Tahir stockt, wendet sich ab, schnäuzt in 
sein Taschentuch. Zwölf Uhr. Zeit für den Unterricht, sagt er. Pause von den Erinnerungen, die so schwer zu 
ertragen sind.
Der Englischunterricht findet im Kochzelt nebenan statt. Tahir hat in seinem karierten DIN-A-4-Spiralheft die vielen 
englischen Vokabeln gleich neben der deutschen Übersetzung notiert; daneben die vertraute arabische Schrift. 
Fröhlich begrüßt die junge Englischlehrerin Sabrine, die auch ihren Nachnamen lieber nicht nennen will, ihre 
Schüler im offenen Zelt. ""Schön, dass Ihr da seid!"", ruft die gebürtige Marokkanerin mit Schweizer Pass. Heute 
treffen nacheinander zehn Männer ein, am kommenden Tag, als die Sonne wieder scheint, werden es 35 sein.
Die meisten erscheinen regelmäßig, sagt Sabrine. Für viele stellt der kostenlose Sprachunterricht nicht nur eine 
Abwechslung im eintönigen Campleben dar. Für Leute wie Tahir sind Sprachkenntnisse der Schlüssel zu einem 
neuen Leben. Unbedingt möchte er Englisch lernen, vor allem ein gutes Deutsch. ""Tahir ist einer meiner fleißigsten 
Schüler"", lobt Sabrine. Vom Alter her könnte er gut ihr Vater sein. Die Schweizerin schätzt die meisten ihrer Schüler 
als lernwillig ein. Deshalb ärgert sie sich auch über Vorurteile gegenüber Flüchtlingen. Dass sie faul seien und nur 
darauf aus, Geld vom Staat zu nehmen. ""Wenn Sie hier fragen, wer gerne arbeiten möchte, werden Sie feststellen, 
dass alle genau das wollen"", sagt Sabrine.
Die Lehrerin, eine zierliche Frau mit kastanienfarbenen Haar, kommt seit einem Monat in das Kreuzberger Camp. 
Wie alle der rund 100 Helfer, ""Supporter"" genannt, arbeitet auch sie ohne Bezahlung. Zwei-, drei Stunden 
Englischunterricht gibt sie pro Tag, sechs Mal in der Woche. Andere Supporter helfen beim Kochen, unterstützen 
die Flüchtlinge beim Ausfüllen von Formularen. Etliche Anwohner sammeln Lebensmittel, viele stellen ihre 
Waschmaschinen zur Verfügung.
Doch zuletzt gab es auch andere Bilder vom Oranienplatz. Am 17. Juni eskalierten Ausschreitungen, ausgelöst 
durch eine Messerattacke auf einen Flüchtling aus dem Camp. Die Polizei, mit 200 Beamten angerückt, bekam die 
Lage erst nach einigen Stunden in den Griff. Auch die Stimmung im Kiez drohte zu kippen. Von einer polizeilichen 
Räumung des ""Unruheherds"" war auf der Straße die Rede. Doch wer eine längere Zeit am Oranienplatz verbringt, 
stellt bald fest, dass es nach wie vor viel Unterstützung gibt. An der Pinnwand des Infozelts hängt eine 
Solidaritätserklärung der Mietergemeinschaft vom Kottbusser Tor - unterzeichnet mit Kotti & Co.
Träume auf Lager; Das Flüchtlingscamp am Oranienplatz ist umstritten und politisch nur geduldet. Doch wer 
sind eigentlich die Menschen, die hier seit Monaten le....
Der Wohnprotest der Flüchtlinge inmitten der Stadt polarisiert. Er hat eine neuerliche Debatte über das Asylrecht 
ausgelöst, während die Politik weiterhin abwartet. Während der Bezirk das Camp politisch duldet und um 
Gespräche mit Anwohnern wirbt, gibt es von der Stadt bislang keine offizielle Äußerung. ""Ich glaube, dass sich die 
Politik irgendwann in naher Zukunft der konstruktiven Auseinandersetzung mit dem Flüchtlingsthema nicht mehr 
entziehen kann"", sagt der scheidende Bezirksbürgermeister Franz Schulz (Grüne), bevor er sich in den Ruhestand 
verabschiedet. Nun hoffen die Flüchtlinge darauf, dass ihre Forderungen spätestens im Bundestagswahlkampf 
Gehör finden werden. Ihnen geht es um die Aufhebung der Residenzpflicht, um schnellere Arbeitsmöglichkeiten, 
das Recht auf Bildung sowie die Abschaffung von Gemeinschaftsunterkünften. Sie verlangen auch einen Stopp der 
Abschiebungen und ein Bleiberecht.
Im Zirkuszelt haben sich jetzt einige Männer eingefunden. Einer von ihnen sammelt leere Teller und Besteck ein; 
heute gab es Reis mit Kichererbsensoße und Huhn. Ein anderer fegt den Sandboden, wobei eine Staubwolke hoch 
wirbelt. Tahir hat schon wieder seinen Schreibblock auf dem Schoß liegen. Leise murmelt er die fremdartigen 
Artikel vor sich hin. Auch Sabrine hat es sich am vorletzten Tag ihrer freiwilligen Arbeit auf einer der gespendeten 
Couchgarnituren gemütlich gemacht. Sie freut sich, dass sich ein Lehrer als Nachfolger für sie gefunden hat, der 
den Unterricht im Camp fortsetzen will. Sie selbst will in die Schweiz zurückgehen, wo ein neuer Job auf sie wartet. 
Die Geschichten der Flüchtlinge aus Berlin werden sie weiter begleiten - und ihre Vokabeln vielleicht auch. 
""Sabrine, Sabrine, habe ich das richtig geschrieben?"" Tahir reicht ihr das Heft. Er hat keinen Fehler gemacht; die 
Freude ist beiderseits.
Deutschland erscheint Tahir nach wie vor wie ein Traum. Auch wenn er sich alle drei Wochen im ihm 
zugewiesenen Flüchtlingslager in Wandlitz einfinden muss, um sich dort zu melden. Auch wenn er Repressionen 
vom Staat befürchtet, weil er eigentlich gegen die Gesetze verstößt, wenn er sich in Berlin aufhält. Auch wenn er 
jeden Tag darum bangt, ein Bleiberecht zu bekommen. Obwohl er hier, auf dem Oranienplatz, nichts weiter besitzt 
als zwei Paar Hosen aus einer Altkleiderspende, zwei Hemden, von denen er gerade eines trägt, sowie das Paar 
Turnschuhe an seinen nackten Füßen. ""Vergessen Sie nicht mein Vokabelheft"", sagt Tahir. ""Es ist mein wertvollster 
Besitz."" Noch hat er Hoffnung, dass er die Vokabeln nicht umsonst lernt.
Graphic
 
Ihr Platz. Seit neun Monaten demonstrieren die Flüchtlinge inmitten von Kreuzberg - und lernen wie Tahir aus dem 
Tschad täglich Englisch und Deutsch. Fotos: Mike Wolff"
2013-07,Main Corpus,2013-07(104).ZIP,"Viel Vertrauen, geringe Toleranz Die Deutschen sind laut einer Bertelsmann-Studie beim gesellschaftl.PDF","C:\PythonProjects\AfD-project\Corpora\Main Corpus\2013-07\raw_unarchive\Viel Vertrauen, geringe Toleranz Die Deutschen sind laut einer Bertelsmann-Studie beim gesellschaftl.PDF","Viel Vertrauen, geringe Toleranz Die Deutschen sind laut einer Bertelsmann-Studie beim gesellschaftlichen",viel vertrauen geringe toleranz die deutschen sind laut einer bertelsmannstudie beim gesellschaftlichen,Berliner Zeitung,berliner zeitung,Mittwoch 17. Juli 2013,Mira Gajevic,POLITIK; S. 6; Ausg. 164,617,4803,bf7f0627a1c5e191952994a929ffd5f568f2622b,,unique,keep,,no,,no,,,6269,no,,,,,"Die Deutschen geben viel auf ihren Sozialstaat und ihren wirtschaftlichen Erfolg, doch ihr gesellschaftlicher 
Zusammenhalt entspricht im internationalen Vergleich nur Mittelmaß. In Dänemark, Norwegen, Schweden und 
Finnland ist der Gemeinsinn viel stärker ausgeprägt, wie aus der am Dienstag veröffentlichten Studie ""Radar des 
gesellschaftlichen Zusammenhalts"" der Bertelsmann-Stiftung hervorgeht. Auch angelsächsisch geprägte 
Einwanderungsländer wie Neuseeland, Kanada und die USA schneiden besser als Deutschland ab, das auf Platz 
14 gelandet ist.
Schwach ist der Zusammenhalt in Litauen und Lettland sowie in Bulgarien, Griechenland und Rumänien, die ganz 
unten im Ländervergleich stehen. Die Wissenschaftler der privaten Jacobs University Bremen hatten für ihre Studie 
Daten aus den letzten 25 Jahren ausgewertet und zu einem Index zusammengefasst. Untersucht wurden 27 EU-
Länder und Australien, Kanada, Neuseeland, Norwegen, die Schweiz, USA und Israel.
Auf Einwanderung angewiesen
Alarmiert zeigen sich die Forscher besonders über ein Ergebnis ihrer Studie: die sinkende Bereitschaft hierzulande, 
Vielfalt zu akzeptieren. Im Vergleich zu anderen Ländern fiel Deutschland in diesem Punkt in den vergangenen 
Jahren sogar zurück. Derzeit sind zahlreiche andere Länder deutlich toleranter als Deutschland. Die Bereitschaft, 
sich auf Menschen mit anderem kulturellen Hintergrund oder anderem Lebensentwurf einzulassen, hat in 
Deutschland sogar deutlich abgenommen.
Die Akzeptanz von Vielfalt sei in modernen und heterogenen Gesellschaften aber ein wichtiger Aspekt für den 
gesellschaftlichen Zusammenhalt, heißt es in der Studie. ""Sie ist die notwendige Voraussetzung für eine weltoffene 
Gesellschaft."" Gerade Deutschland sei aber angesichts des demografischen Wandels und des Fachkräftemangels 
auf Einwanderung und eine attraktive Willkommenskultur angewiesen. Die Autoren heben in ihrer Studie zudem 
hervor, dass die weit verbreitete Ansicht, Zuwanderung, Globalisierung oder auch ethnische Vielfalt bedrohten den 
Zusammenhalt, falsch sei.

Viel Vertrauen, geringe Toleranz Die Deutschen sind laut einer Bertelsmann-Studie beim gesellschaftlichen 
Zusammenhalt nur Mittelmaß
Konkrete Handlungsanweisungen wollen die Wissenschaftler aus ihrer Studie zwar nicht ableiten. Gleichwohl 
appellieren sie an die Politik, alles daran zu setzen, die Akzeptanz von Zuwanderern sowie ganz allgemein für 
Menschen mit anderen Lebensstilen zu erhöhen.
Auch wenn das jüngste Hochwasser viel Engagement zur Unterstützung der Opfer auslöste, grundsätzlich haben 
Hilfsbereitschaft und Solidarität hierzulande leicht abgenommen. Lag Deutschland vor einigen Jahren in diesem 
Feld noch weit vorn, belegt es heute nur noch einen mittleren Platz. Gestiegen ist dagegen das 
Gerechtigkeitsempfinden. Offenkundig hat die Tatsache, dass die Deutschen bislang relativ gut durch die 
Wirtschafts- und Finanzkrise gekommen sind, das Gerechtigkeitsempfinden verstärkt. Zugenommen hat in den 
vergangenen Jahren auch das Vertrauen in Institutionen. Bei der Anerkennung von sozialen Regeln schneidet 
Deutschland überdurchschnittlich gut ab.
Nirgendwo identifiziert sich die Bevölkerung dagegen so wenig mit ihrem Land wie in Deutschland. In diesem Punkt 
bilden die Deutschen das Schlusslicht von allen 34 untersuchten Ländern. Für den Zusammenhalt scheint diese 
sicherlich historisch begründete Distanz der Deutschen zur Nation aber keine große Rolle zu spielen: So weisen 
Länder wie Griechenland oder Bulgarien einen Spitzenplatz in der Identifikation aus, trotzdem ist der Gemeinsinn 
dort nur gering. Ein weiteres überraschendes Ergebnis: Ein hoher Grad von Religiosität scheint eher hinderlich für 
einen starken Zusammenhalt eines Landes zu sein.
Geld ist nicht alles
Die Wissenschaftler definieren gesellschaftlichen Zusammenhalt als die Qualität gemeinschaftlichen Miteinanders. 
""Starker Zusammenhalt drückt sich aus durch belastbare soziale Beziehungen, eine positive emotionale 
Verbundenheit der Menschen mit dem Gemeinwesen und eine ausgeprägte Gemeinwohlorientierung"", heißt es in 
der Studie. Oder anders formuliert: ""Zusammenhalt ist Glück.""
Wohlhabenden Gesellschaften mit florierender Wirtschaft gelingt es besser, diesen Zusammenhalt zu 
gewährleisten. Je höher das Bruttoinlandsprodukt eines Landes ist, desto stärker ist auch der Gemeinsinn. ""Aber 
Geld allein ist nicht alles"", schreiben die Autoren. Dänemark, Finnland oder Neuseeland weisen einen deutlich 
stärkeren Zusammenhalt auf, als man allein aufgrund ihres Wohlstands erwarten würde. Wohlstand ist also nicht 
gleich Wohlstand. Sozialwissenschaftler wissen: Je ungleicher eine reiche Gesellschaft ist, desto größer ihre 
sozialen Probleme. Entsprechend ist der Gemeinsinn in Ländern mit geringeren Einkommensunterschieden höher."
2013-07,Main Corpus,2013-07(104).ZIP,Weiterführende Sprachkurse nötig Große Integrationsrunde am Freitag im Ulmer Rathaus.PDF,C:\PythonProjects\AfD-project\Corpora\Main Corpus\2013-07\raw_unarchive\Weiterführende Sprachkurse nötig Große Integrationsrunde am Freitag im Ulmer Rathaus.PDF,Weiterführende Sprachkurse nötig Große Integrationsrunde am Freitag im Ulmer Rathaus,weiterführende sprachkurse nötig grosse integrationsrunde am freitag im ulmer rathaus,Südwest Presse,südwest presse,Montag 15. Juli 2013,,Ulm und Neu-Ulm; S. 11,532,3916,90487234723be9874960a037f3e332aa8e699e81,,unique,keep,,no,,no,,,5125,no,,,,,"""Kulturelle Vielfalt ist dann eine Bereicherung, wenn sie auch gelebt, gefördert und wertgeschätzt wird"", sagt Saliou 
Gueye, seit sechs Wochen Leiter der Koordinierungsstelle ""Internationale Stadt"". Wichtig sei nicht, woher jemand 
kommt, sondern was er für sich und die Gesellschaft leisten könne. Auf welchem Stand Ulm in dieser Hinsicht ist, 
darüber wurde am Freitag im Ulmer Rathaus diskutiert. Zur ""großen Integrationsrunde"" hatte das Bundesamt für 
Migration und Flüchtlinge (BAMF) geladen, gekommen waren neben den Bundestagsabgeordneten Annette 
Schavan (CDU) und Hilde Mattheis (SPD), Vertreter von Einrichtungen und Vereinen, die mit ""Integration"" in 
Berührung kommen.
Schnell stellte sich die Sprachkompetenz als zentraler Schlüssel zur Teilhabe an der Gesellschaft heraus. Nun ist 
diese Erkenntnis nicht neu und es gibt zahlreiche Ansätze, um Menschen zu besseren Sprachkenntnissen zu 
verhelfen. Die Sprachkurse, die das BAMF seit 2005 für unterschiedliche Personengruppen anbietet, seien sehr 
erfolgreich, berichtete Wolfgang Matti, der Regionalkoordinator ""Integration"" des BAMF. In Ulm richtet die Kurse 
etwa der Internationale Bund aus, als Abschluss wird das B1-Zertifikat angestrebt, das den Teilnehmern 
selbstständige Sprachverwendung bescheinigt. Sprachkurse gibt es auch an der vh Ulm und sogar in Firmen und 
an Schulen - etwa der Grundschule Senden.
Auch wenn die Kurse laut den Verantwortlichen gut besucht und meist erfolgreich abgeschlossen werden - 
Verbesserungsbedarf meldeten viele Teilnehmer der Integrationsrunde dennoch an. Das B1-Zertifikat ist schön und 
gut, wurde etwa von mehreren Seiten laut. Aber Menschen, die ihre Heimat mit akademischer Bildung verlassen 
haben, reicht das Niveau bei weitem nicht, um hier einen adäquaten Beruf ausüben zu können. Weiterführende 
Kurse zu ermöglichen, wäre dringend notwendig. Denn auf eigene Kosten könnten sich das nur die allerwenigsten 
leisten - gerade wer wegen politischer oder wirtschaftlicher Zwänge sein Heimatland verlassen musste. 
Flüchtlingen steht zwar ein Integrationskurs zu, womit viele aber völlig unterfordert seien. Kritisiert wurde auch, 
dass einige Personengruppen vollständig durchs Förderraster fallen, beispielsweise Geringverdiener, die zwar kein 
Hartz IV beziehen, sich Sprachkurse aber trotzdem nicht leisten können. Ebenso fallen EU-Mitglieder durchs Raster 
einiger Fördermaßnahmen. Diskutiert wurde darüber, ob man die Gelder lieber in Intensivkurse oder in die 
weiterführenden Kurse investieren solle. Annette Schavan sah dabei auch die Arbeitgeber in der Pflicht, die ja 
letztendlich von den gut ausgebildeten Fachkräften profitieren.

Weiterführende Sprachkurse nötig Große Integrationsrunde am Freitag im Ulmer Rathaus
Vielen fehle es auch an Gelegenheiten die Alltagssprache zu trainieren, meinte Rabbi Shneur Trebnik. In Ulm ist 
hier - zumindest für Frauen - aber bereits einiges geboten, wie sich zeigte. Heike Reith wies auf das Café Aleman 
hin, Ute Brischar auf die Kulturenküche, die zumindest als Gästen auch Männern offensteht. Beides sind 
Einrichtungen des Dichterviertel Treffs.
Verbesserungen gab es seit einer Gesetzesänderung in der Anerkennung ausländischer Berufsabschlüsse, sagte 
Mirjam Schlosser von der Beratungsstelle ""In Via"". Sie und ihre Kollegin haben 377 Beratungsgespräche seit 
Eröffnung der Stelle im Herbst 2012 geführt. Aber da die Länder mit dem Gesetz, das die Anerkennung der 
Abschlüsse erleichtert, noch nicht nachgezogen haben, sind wichtige Berufsgruppen wie Pflege, Medizin, 
Ingenieure und Lehrer nach wie vor benachteiligt. Eine Tatsache, die Schavan ""sehr ärgerlich"" fand. ""Die Länder 
müssen schnell nachziehen"", sagte sie - und versprach, sich dafür einzusetzen, dass dies auch geschieht.
Graphic
 
Wer die Sprache gut beherrscht, dem stehen die meisten Möglichkeiten offen. Dazu muss es aber auch die nötigen 
Kurse geben. Foto: Volkmar Könneke"
2013-07,Main Corpus,2013-07(104).ZIP,Willkommenskultur mit Hindernissen Seit einem Jahr gibt es die Blue Card für hoch qualifizierte Zuwa.PDF,C:\PythonProjects\AfD-project\Corpora\Main Corpus\2013-07\raw_unarchive\Willkommenskultur mit Hindernissen Seit einem Jahr gibt es die Blue Card für hoch qualifizierte Zuwa.PDF,Willkommenskultur mit Hindernissen Seit einem Jahr gibt es die Blue Card für hoch qualifizierte Zuwanderer -,willkommenskultur mit hindernissen seit einem jahr gibt es die blue card für hoch qualifizierte zuwanderer,Die Welt,die welt,Mittwoch 31. Juli 2013,Stefan Von Borstel,POLITIK; S. 8; Ausg. 176,1396,10220,9ffa27b33fcbcb14cb35bf5e439d0ecd23f32215,,unique,keep,,no,,no,,,11495,no,,,,,"Gokula Kannan Krishnaswamy hat eine Schwäche für deutsche Autos. Das fing schon früh an. Krishnaswamy ist in 
einem kleinen Dorf in Südindien aufgewachsen. „Ein reicher Mann aus unserem Dorf kaufte sich einen Mercedes"", 
erzählt der junge Inder. „Das war damals ein Luxus, ein Statussymbol."" Damals wollte er wissen: „Was bedeutet 
der Stern?"" Und hörte daraufhin das erste Mal von Deutschland und seinen Ingenieuren, die so tolle Autos bauen.
Heute ist Krishnaswamy 24 Jahre alt und arbeitet als Ingenieur im Bereich Automobiltechnik in Friedrichshafen am 
Bodensee. „Fabelhaft"" findet es der junge Inder in Deutschland - auch wenn die Menschen hier doch etwas 
zurückhaltender als die in seiner Heimat seien. Krishnaswamy ist schon als Student nach Deutschland gekommen, 
seinen Master hat er an der Universität Stuttgart gemacht. Im Studium hat er ein Praktikum in einem schwäbischen 
Dorf absolviert - und dort in der Fußballmannschaft als Rechtsaußen mitgekickt. Er kann sich vorstellen, fünf oder 
sieben Jahre in Deutschland zu bleiben, sagt er - oder aber nach Indien zurückzukehren oder in die USA zu gehen, 
um dort einen MBA-Abschluss zu machen. „Je nach Lebenssituation"", sagt er. Ihm gefällt es gut in Deutschland. 
Nur sein Essen, das kocht er lieber selbst - indisch.
Gokula Kannan Krishnaswamy ist stolzer Besitzer einer Blue Card. Die Blaue Karte EU im Kreditkartenformat 
wurde am 1. August 2012 eingeführt, um hoch qualifizierte Fachkräfte außerhalb Europas nach Deutschland zu 
locken. Für die Blue Card müssen ausländische Akademiker einen Arbeitsplatz mit einem Jahresgehalt von mehr 
als 46.400 Euro nachweisen. In Mangelberufen wie Arzt oder Ingenieur reichen auch 36.200 Euro. Vor Einführung 
der Blue Card lag die Gehaltsgrenze bei 66.000 Euro. Bislang folgten knapp 9000 Hochqualifizierte diesem Lockruf 
- an der Spitze Inder mit mehr als 1000 Zuwanderern, gefolgt von Chinesen und Russen. Ein Großteil der Blue-
Card-Besitzer war aber schon im Land - so wie Krishnaswamy. Sie änderten dann nur ihren Aufenthaltsstatus. Neu 
eingereist sind bis zum Stichtag 30. Juni lediglich 2536 Fachleute. Zum Vergleich: Im vergangenen Jahr lag die 
Zahl der Zuwanderer insgesamt bei mehr als einer Million.

Willkommenskultur mit Hindernissen Seit einem Jahr gibt es die Blue Card für hoch qualifizierte Zuwanderer - 
doch sie lockt nur wenige nach Deutschland
Integrationsexperten zeigten sich von dem dürftigen Ergebnis nicht überrascht. Die Einkommensschwellen seien 
immer noch zu hoch, kritisierte Herbert Brücker vom Institut für Arbeitsmarkt- und Berufsforschung (IAB). „Ein 
junger deutscher Akademiker verdient nach seinem Abschluss rund 35.000 Euro"", sagte Brücker der „Welt"". „Daran 
muss man sich orientieren."" Noch schärfer ist die Kritik des Direktors des Forschungsinstituts zur Zukunft der Arbeit 
(IZA), Klaus Zimmermann. Die Regelungen für Zuwanderer aus Drittstaaten seien offenkundig nicht geeignet, 
„einen nennenswerten Beitrag zur Lösung des Arbeitskräftebedarfs in Deutschland zu leisten"", sagte der 
Zuwanderungsexperte. „Die geltenden Bestimmungen halten zu sehr an einer Vielzahl von kleinteiligen 
Detailregelungen, Befristungen und Beschränkungen fest. Das faktische Scheitern dieses Konzepts ist daher wenig 
überraschend."" Es sei viel zu bürokratisch und eng angelegt, um den Standort Deutschland für qualifizierte 
Fachkräfte von außerhalb Europas durchgreifend attraktiv zu machen.
Das Urteil der deutschen Wirtschaft fällt nach einem Jahr milder aus. „Mit der Einführung der Blue Card vor einem 
Jahr hat die Bundesregierung die Zuwanderungsmöglichkeiten für hoch qualifizierte Fachkräfte aus Drittstaaten 
erleichtert und damit einen wichtigen Prozess angestoßen"", lobt der Präsident des Deutschen Industrie- und 
Handelskammertages (DIHK), Eric Schweitzer. 9000 verteilte Blaue Karten seien für den Start ein „guter Wert"", 
findet er, macht aber zugleich „deutliches Steigerungspotenzial"" aus. „Infolge der demografischen Entwicklung ist 
die Fachkräftesicherung eine große Herausforderung in den Unternehmen"", sagt Schweitzer.
Bis 2050 werden Großbritannien und Frankreich Deutschland bei der Einwohnerzahl überflügeln, sagt IZA-Chef 
Zimmermann. Schon bis 2035 wird das Erwerbspersonenpotenzial nach IAB-Projektionen um mehr als elf Millionen 
Menschen schrumpfen. Allein durch eine höhere Erwerbsbeteiligung von Frauen und Älteren wird sich diese 
gigantische Lücke nicht schließen lassen. „Neben der stärkeren Erwerbstätigkeit der Menschen hierzulande stellt 
die Zuwanderung dafür eine wichtige Säule dar"", sagt Schweitzer. Doch selbst wenn jedes Jahr 200.000 
Zuwanderer nach Deutschland kommen (und bleiben), werden 2035 mehr als fünf Millionen Menschen fehlen, bei 
300.000 Zuwanderern schrumpft die Lücke auf drei Millionen.
300.000 Zuwanderer im Jahr - diese Größenordnung galt lange Zeit als illusorisch. Im Schnitt kamen im ersten 
Jahrzehnt nach der Jahrtausendwende rund 100.000 Zuwanderer im Jahr nach Deutschland, in einigen Jahren 
wanderten sogar mehr Menschen ab als zu. Mit der Krise in Südeuropa und der vollen Freizügigkeit für 
Osteuropäer legte die Zahl in den vergangenen Jahren jedoch deutlich zu - mit knapp 369.000 erreichte die 
Zuwanderungszahl 2012 per saldo den höchsten Stand seit Mitte der 90er-Jahre. Doch die Experten warnen: Geht 
es den Krisenländern wieder besser, wird Deutschland als Zuwanderungsziel an Attraktivität einbüßen. Mittelfristig 
sei Deutschland auf Zuwanderer aus Ländern außerhalb der Europäischen Union angewiesen, wenn die 
Arbeitsplätze besetzt werden sollen und der Wohlstand gehalten werden soll.
Im Südwesten der Republik herrscht schon heute Vollbeschäftigung. „Die Unternehmen hier in der Region 
beklagen einen Mangel an hoch qualifizierten Fachkräften"", sagt Markus Möhler, Geschäftsbereichsleiter des 
Ingenieurdienstleisters Brunel. „Durch die Blue Card eröffneten sich für die Firmen weitere Möglichkeiten, um gut 
ausgebildetes Personal mit dem entsprechenden Know-how zu finden."" Brunel hat in den Niederlassungen 
Karlsruhe, Stuttgart, Ulm und Lindau seit August 2011 elf Mitarbeiter mit Blue Card eingestellt. Das Ganze sei mit 
großem bürokratischem Aufwand verbunden, klagt Möhler. Behörden und Unternehmen waren nicht ausreichend 
über die Vorgehensweise informiert. „Die erste sehr zeit- und kostenintensive Herausforderung ist der Akquise-
Prozess: Kandidaten findet man im Allgemeinen an Hochschulen und im Ausland."" Doch der Zugang zu diesen 
Bewerbermärkten sei schwierig. Brunel profitiert dabei von seinem internationalen Netzwerk: Das Unternehmen ist 
mit 11.000 Mitarbeitern in 40 Ländern aktiv.
Um den Erfolg der Blue Card zu erhöhen, fordern Wirtschaft und Integrationsexperten ein besseres Marketing des 
Zuwanderungslandes Deutschland. Insgesamt habe die Bundesrepublik jetzt sehr gute Gesetze für die Anwerbung 
von Fachkräften, stellt Christine Langenfeld, Vorsitzende des Sachverständigenrates deutscher Stiftungen für 
Integration und Migration (SVR), fest. Allerdings habe sich die Blue Card im Ausland noch nicht herumgesprochen. 
„Die Bundesregierung muss die guten Neuregelungen auch offensiv bekannt machen"", fordert Langenfeld. Es fehle 
immer noch ein aktives Werben um Fachkräfte im Ausland.
Willkommenskultur mit Hindernissen Seit einem Jahr gibt es die Blue Card für hoch qualifizierte Zuwanderer - 
doch sie lockt nur wenige nach Deutschland
Das sieht auch DIHK-Präsident Eric Schweitzer so: „Die rechtlichen Regelungen sind aber nur die eine Seite der 
Medaille. Zusätzlich müssen wir die neuen Möglichkeiten im Ausland bekannt machen und zeigen, dass 
Deutschland ein attraktiver Arbeitsort auch für ausländische Fachkräfte ist."" Hierzulande brauche man eine 
„glaubwürdige Willkommenskultur, damit aus dem ,Dazukommen' für die Neubürger schnell ein ,Dazugehören' 
wird"".
Dabei sind nicht nur die Ausländerbehörden gefragt, deren Hauptaufgabe es in den vergangenen 40 Jahren war, 
den Anwerbestopp für ausländische Arbeitnehmer zu exekutieren. Sie müssen nun den Mentalitätswandel hin zum 
„Willkommenszentrum"", besser noch zum „Welcome Center"" schaffen, denn für viele Hochqualifizierte ist die 
deutsche Sprache die erste Hürde. Gefragt sind aber auch die Unternehmen selbst. Für viele Firmen, vor allem für 
kleinere Unternehmen, ist es neu, auch außerhalb Deutschlands oder gar Europas auf die Suche nach Bewerbern 
zu gehen - deren Hochschulabschlüsse sie nur schlecht einschätzen können.
Mit bloßem Marketing und einem Mentalitätswandel ist es aber wohl nicht getan, wenn die Zuwanderungszahlen 
deutlich steigen sollen. „Die künftige Bundesregierung ist gut beraten, den deutschen Arbeitsmarkt nach dem 
Vorbild anderer Länder durch ein transparentes Punktesystem für internationale Bewerber zu öffnen"", sagt IZA-
Direktor Zimmermann. Die Zuwanderung könnte nach klaren Kriterien wie besondere Qualifikation, 
Berufserfahrung, Sprachkenntnisse und Alter gesteuert werden. „Zuwanderung ist Zukunftssicherung"", sagt 
Zimmermann. Er schlägt daher vor, alle Maßnahmen und Kompetenzen in einem eigenen Zuwanderungs- und 
Integrationsministerium zu bündeln.
Für ein Punktesystem tritt auch die FDP ein. „Wir werden die Union nun weiter vorantreiben, um die begonnene 
Modernisierung des Einwanderungsrechts fortzusetzen"", sagt FDP-Arbeitsmarktpolitiker Johannes Vogel. 
Ausgangspunkt ist dabei das neu eingeführte Visum zur Arbeitssuche. Hochschulabsolventen können so ein halbes 
Jahr nach einer Stelle in Deutschland suchen, wenn sie sich selbst finanzieren können. Von einem 
„Minipunktesystem"" spricht SVR-Chefin Langenfeld, von einer „wirklichen Innovation"". Nach dem Willen der 
Liberalen soll es nach der Bundestagswahl zu einem klaren Punktesystem nach dem Vorbild Kanadas und 
Australiens weiterentwickelt werden. Nur: Bislang hat selbst von der Miniversion des Punktesystems kaum jemand 
Gebrauch gemacht. Gerade einmal 81 Aufenthaltserlaubnisse wurden bislang nach der neuen Regelung erteilt.
„Ich kann mir vorstellen, fünf bis sieben Jahre in Deutschland zu bleiben"" Gokula Kannan Krishnaswamy, Besitzer 
einer Blue Card
Graphic
 
Bundesanzeiger Verlag/Bundesanzeiger Verlag
Muster für die Blaue Karte
Krishnaswamy
Bundesanzeiger Verlag
Krishnaswamy"
2013-07,Main Corpus,2013-07(104).ZIP,Wo Hilfesuchende zu Insassen werden ASYL Vor einigen Wochen hat sich ein Flüchtling in der Erstaufna.PDF,C:\PythonProjects\AfD-project\Corpora\Main Corpus\2013-07\raw_unarchive\Wo Hilfesuchende zu Insassen werden ASYL Vor einigen Wochen hat sich ein Flüchtling in der Erstaufna.PDF,Wo Hilfesuchende zu Insassen werden ASYL Vor einigen Wochen hat sich ein Flüchtling in der,wo hilfesuchende zu insassen werden asyl vor einigen wochen hat sich ein flüchtling in der,"taz, die tageszeitung",taz die tageszeitung,Freitag 12. Juli 2013,MARINA MAI,BERLINER THEMA; S. 23,1010,7186,8c226cc5a601e71aaffc08369f0f9716c01d79ca,,unique,keep,,no,,no,,,8671,no,,,,,"VON MARINA MAI
Die Stühle in Ibrahims M.s Zimmer sind reif für den Sperrmüll, ebenso die Betten. Also setzt er sich auf den Tisch. 
Alle fragen nach den Problemen, die mein Freund hatte , sagt der Mann aus dem Tschad. Aber niemand fragt 
nach meinen. 
Ibrahim M. ist nach Deutschland gekommen, um Asyl zu beantragen. Er lebt in Eisenhüttenstadt, in Brandenburgs 
Zentraler Erstaufnahmestelle für Asylsuchende. Eines der vier kaputten Betten in dem gut 20 Quadratmeter großen 
Raum ist leer das seines Freundes, der ebenfalls aus dem Tschad stammte. Er erhängte sich Anfang Juni, hier im 
Zimmer. M. fand ihn.
Die Erstaufnahmestelle Eisenhüttenstadt steht seit Langem in der Kritik: Die medizinische Versorgung sei schlecht. 
Vor allem für psychisch kranke Flüchtlinge sei sie eklatant unzulänglich , äußerte sich nach dem Tod des Mannes 
etwa der Flüchtlingsrat Brandenburg.
In Wohncontainern
Derzeit haben 700 Menschen hier Platz. Sie sind für jeweils drei Monate in abrissreifen Baracken und 
Wohncontainern untergebracht, bevor sie auf andere Stellen im Land verteilt werden. Mehr als die Hälfte der 
Asylsuchenden sind Tschetschenen, weitere kommen vor allem aus dem Tschad, aus Somalia, Serbien, Syrien 
und Vietnam.

Wo Hilfesuchende zu Insassen werden ASYL Vor einigen Wochen hat sich ein Flüchtling in der 
Erstaufnahmestelle für Asylsuchende in Eisenhüttenstadt erhängt. Krit....
Dabei ist es bundesweit einmalig, dass ein Innenministerium eine Aufnahmeeinrichtung für Asylbewerber betreibt. 
Und ebenso einmalig ist es, dass sich das Abschiebegewahrsam auf demselben Gelände befindet. Während für 
viele Neuankömmlinge die räumliche Nähe von Heim und Knast ein psychologisches Problem ist, sieht 
Brandenburgs Landesregierung darin Synergieeffekte für die Verwaltung. Erst diese Woche hat sich wieder ein 21-
jähriger Georgier im Abschiebeknast schwer verletzt ob es ein Suizidversuch war, ist momentan noch unklar.
Der Flüchtlingsrat kritisiert zudem, dass für die Betreuung der Flüchtlinge ein Wachschutzunternehmen zuständig 
ist, nicht etwa ein sozialpädagogisch erfahrener Träger. Ohne eine strukturelle Veränderung, vor deren 
Notwendigkeit die politisch Verantwortlichen bis heute beharrlich die Augen verschließen, werden die Probleme 
nicht aufhören , sagt Sprecherin Simone Tetzlaff.
Ibrahim M. erzählt von seinem Freund, der stark rauchte und in Eisenhüttenstadt auf Entzug war wohl weil das 
Geld knapp war. Die deutschen Behörden wollten ihn nach Italien zurückschicken , sagt der 28-jährige Afrikaner, 
auch er selbst hat davor Angst. Über Italien war sein Freund ebenso wie M. nach Deutschland gekommen. Dort 
sind wir Flüchtlinge aus Afrika obdachlos. Wir bekommen kein Essen. In der Nacht ist es kalt auf der Straße. Hier, 
fährt der junge Mann fort, sei es besser.
Er zeigt auf das kahle Fenster seines Zimmers, durch dessen Fugen der Wind pfeift. Er zeigt auf den einzigen 
Tisch, auf dem er sitzt, weil die Stühle wackeln. Das Zimmer ist klein und schlecht. Aber es ist besser als Italien. 
Das Innenministerium in Potsdam dementiert, dass Ibrahim M.s verstorbener Freund nach Italien zurückgemusst 
hätte. Spielte sich die Angst vor der Rückschiebung nach Italien nur im Kopf des Mannes ab?
Genau das vermutet Rabah Berkouk von der Flüchtlingsberatungsstelle der Diakonie in Eisenhüttenstadt. Der 
junge Mann war psychisch schwer krank , sagt er. Das merkte man sofort, wenn man mit ihm sprach. Jeder hat es 
gemerkt nur nicht das zuständige Heimpersonal. Berkouk wollte ihm einen Termin im Behandlungszentrum für 
Folteropfer in Berlin besorgen. Doch dazu kam es nicht mehr.
Berkouk hat sein Büro in der Kirche, knapp einen Kilometer von der Aufnahmestelle entfernt. Er spricht Französisch 
und Arabisch, sein Kollege Joachim Runge Russisch und Englisch. So können sie sich mit vielen in der 
Erstaufnahmestelle unterhalten. Das Heimpersonal, sagen sie, spreche kaum Fremdsprachen. Deshalb sind wir für 
viele Flüchtlinge Vertrauenspersonen. 
Gerade wenn es um medizinische Hilfe geht, hätten sie mit den Mitarbeitern schon hart diskutiert, um die jeweilige 
Versorgung zu erhalten. Ins Detail will der Flüchtlingsberater nicht gehen: Sein Kollege habe einer 
tschetschenischen Familie einen Platz im Kirchenasyl verschafft seitdem dürfe er die Aufnahmestelle nicht mehr 
betreten.
Norbert Wendorf, der Leiter der Aufnahmestelle, bestätigt dieses schon seit Jahren bestehende Hausverbot. Es 
kann nicht die Aufgabe der Diakonie sein, unsere Arbeit zu stören, indem sie eine Rückschiebung nach Polen 
verhindert , sagt er.
Unstimmigkeiten gibt es auch, was die Rolle der Wachschutzfirma Boss angeht. Das Unternehmen, das mit der 
Zentralen Aufnahmestelle kooperiert, beschäftigt etwa die Krankenschwester auf dem Gelände. Wer zum Arzt will, 
braucht in der Regel einen Krankenschein von ihr Diakonie und Flüchtlingsrat kritisieren das Verfahren. Die Frau 
spreche keine Fremdsprache, eine Verständigung sei oft nur mit Händen und Füßen möglich. Auf dieser 
Grundlage wird aber oft eine Vorstellung beim Arzt verweigert, um Geld zu sparen , sagt Simone Tetzlaff vom 
Flüchtlingsrat. Wir kennen Fälle, in denen Krankheiten auf diese Weise verschleppt wurden. 
Leiter Norbert Wendorf räumt zwar ein, dass die Schwester keine Fremdsprache spreche. Die Verständigung 
klappt aber in der Regel trotzdem , sagt er. Man setze auch mehrsprachige Fragebögen ein. Und wir haben schon 
viel Geld ausgegeben für Arztbesuche von Insassen. Der Behördenleiter sagt Insassen , wenn er die Bewohner 
meint. Warum? Das sagen wir hier so. 
Wo Hilfesuchende zu Insassen werden ASYL Vor einigen Wochen hat sich ein Flüchtling in der 
Erstaufnahmestelle für Asylsuchende in Eisenhüttenstadt erhängt. Krit....
Das Wachschutzunternehmen beschäftigt auch Sozialbetreuer. Die geben Wendorf zufolge beispielsweise 
Bettwäsche aus und verteilen gemeinnützige Arbeit.
Nach dem Suizid des Freundes von Ibrahim M. hatte Brandenburgs Innenminister Dietmar Woidke (SPD) eine 
bessere personelle Ausstattung der Erstaufnahmestelle angekündigt, um psychische Probleme früher erkennen zu 
könne. Das wird jetzt konkret: Ein Sprecher des Innenministeriums sagte gegenüber der taz, es würden vier 
zusätzliche Stellen ausgeschrieben, für die Verwaltung und für Sozialbetreuer. Diese Sozialbetreuer allerdings 
sollen wieder bei Boss angestellt werden dort also, wo man die psychischen Probleme des Afrikaners offenbar 
nicht erkannt hatte.
Norbert Wendorf ist zudem skeptisch, ob er überhaupt qualifiziertes Personal für die Stellen findet: Die Bezahlung 
ist schlecht. Dafür arbeiten keine qualifizierten Sozialpädagogen oder Psychologen , sagt er. 
Fremdsprachkenntnisse seien deshalb auch keine Voraussetzung für die Einstellung. Mit so einer Forderung 
würden wir erst recht niemanden finden. 
Simone Tetzlaff vom Flüchtlingsrat gibt zu bedenken, dass sich Fachkräfte mit sozialpädagogischer Ausbildung und 
Fremdsprachenkenntnissen in einem Wachschutzunternehmen einfach nicht wohlfühlen . Sollte wirklich kein 
Fachpersonal bereit sein, in Eisenhüttenstadt zu arbeiten, so Tetzlaff, dann stellt sich die Standortfrage .
Für die Betreuung der Flüchtlinge ist eine Wachschutzfirma zuständig"
2013-07,Main Corpus,2013-07(104).ZIP,Wovor haben wir Angst_.PDF,C:\PythonProjects\AfD-project\Corpora\Main Corpus\2013-07\raw_unarchive\Wovor haben wir Angst_.PDF,Wovor haben wir Angst?,wovor haben wir angst,Berliner Zeitung,berliner zeitung,Donnerstag 11. Juli 2013,Brigitte Fehrle,POLITIK; S. 4; Ausg. 159,688,4613,8463498bd359a824daac85bbad18105234753d21,,unique,keep,,no,,no,,,5324,no,,,,,"In Hellersdorf soll ein Flüchtlingsheim gebaut werden, in dem bis zu 400 Menschen in Not eine Zuflucht finden. 
Menschen, die vor Krieg, Hunger, Armut, Krankheit oder Terror geflohen sind. Menschen, die oft eine lange 
Odyssee hinter sich haben, bis sie das für sie vermeintlich sichere Deutschland erreichten. Und dann? Dann sagen 
wir, dann sagen die Hellersdorfer: Haut ab, wenn euch euer Leben lieb ist. Wir stoßen Menschen zurück, die 
allesamt weniger haben, als jeder von uns je hatte. Weniger Sicherheit, weniger zu essen, weniger Gesundheit. 
Wovor haben wir Angst? Woher kommt diese Wut auf Menschen, die uns nicht bedrohen, sondern uns um Hilfe 
bitten?
Nun wird von einigen in Hellersdorf vorgebracht, die Politik solle zunächst die Probleme hier in der Stadt und im 
Land lösen. Sie solle für Kitas sorgen, für höhere Hartz-IV-Sätze, für mehr soziale Leistungen. Das ist nicht falsch. 
Aber richtig ist es auch nicht. Denn das eine hat mit dem anderen nichts zu tun. Kein Asylbewerber nimmt einer 
Familie den Kita-Platz weg. Kein Hartz-IV-Empfänger bekommt weniger, weil einem Flüchtling geholfen wird. Und 
kein Kind hat wegen eines Flüchtlingskindes einen Spielplatz weniger. Es ist Gott sei Dank so, dass es einen 
Rechtsanspruch auf soziale Leistungen in Deutschland gibt, der unabhängig von Flutkatastrophe oder 
Flüchtlingsströmen gilt. Der Staat macht in diesen Grundfragen keine Politik nach Kassenlage.
In unserer Verfassung ist ein Grundrecht auf Asyl festgeschrieben. Auch das sei den Hellersdorfern und allen 
anderen gesagt, die glauben, gegen Flüchtlinge protestieren zu müssen. Das bedeutet, es ist nicht von Belang, ob 
ich dafür oder dagegen bin. Als Bürger dieses Staates habe ich die Verfassung zu respektieren und damit auch das 
Grundrecht auf Asyl. Oder die Gleichberechtigung von Mann und Frau oder die Pressefreiheit. Dieses Grundrecht 
entzieht sich auch der Entscheidung von Regierungsmehrheiten. Entscheiden kann nur das Parlament mit 
mindestens zwei Dritteln.
Das heißt aber nicht, dass sich Politiker im Bund, im Land oder im Bezirk nicht darum zu kümmern hätten, was aus 
diesem Recht folgt. Sie können nicht die Augen davor verschließen, wenn aus dem Grundrecht auf Asyl ein 
Grundproblem des Umgangs mit den Flüchtlingen wird. Wer von den Inländern erwartet, dass sie Ausländer mit 
offenen Armen empfangen, muss etwas dafür tun. Wer nicht möchte, dass aus Unwissenheit Wut wird oder aus 
Vorurteilen ein gewaltbereites Ressentiment, der muss handeln. Und zwar konsequent und rechtzeitig.
Dies zu versäumen, muss man allen vorwerfen, die in Berlin für Flüchtlinge Verantwortung tragen. Es ist eine 
Zumutung, den Hellersdorfern ohne entsprechende Aufklärung ein Heim mit 400 Plätzen vorzusetzen. Und es ist 

Wovor haben wir Angst? 
fahrlässig, nicht vorausschauend zu sehen, dass dort rechte Gruppierungen offenbar gezielt versuchen, eine 
Stimmung wie die der schrecklichen Tage von Rostock-Lichtenhagen herbeizubrüllen.
Nicht anders aber handelt Kreuzberg. Der Bürgermeister dort glaubt, besonders menschenfreundlich zu sein, wenn 
er seit vergangenem Herbst ein Flüchtlingscamp auf dem Oranienplatz nicht nur duldet, sondern unterstützt. Das 
Gegenteil aber ist der Fall. Er trägt seine vorgeblich fortschrittliche politische Überzeugung auf dem Rücken der 
Flüchtlinge und der Bürger aus. Er tut nichts und überlässt Bürger und Flüchtlinge sich selbst. Deshalb ist auch er 
dafür verantwortlich, dass inzwischen die Nerven der Flüchtlinge blankliegen, weil sie keine Perspektive sehen. 
Und die der Anwohner, weil die hygienischen und sozialen Probleme auf dem Platz täglich größer werden. 
Flüchtlinge einfach sich selbst zu überlassen, ist keine Politik. Es ist das Ende von Politik. Wenn wir nicht wollen, 
dass Flüchtlinge als Feinde, als Konkurrenten, als Menschen wahrgenommen werden, die uns zur Last fallen, 
müssen wir etwas dafür tun. Wir Bürger, indem wir uns klarmachen, dass diese Menschen kommen, weil sie 
verzweifelt sind und unsere Hilfe brauchen. Und die Politik, indem sie die Flüchtlinge in den Stand versetzt, für sich 
selbst Verantwortung zu übernehmen. Egal, wie lange sie bleiben - sie sollen in Würde leben können und dazu 
gehört, dass sie arbeiten dürfen, um für sich selbst zu sorgen. Sie müssen leben können und nicht nur warten 
müssen.
Manchmal liegen zwischen Zivilisation und Barbarei nur Millimeter. Einen Hauch davon konnte man am 
Dienstagabend in Hellersdorf spüren. Wir alle, Bürger und Politiker, haben die verdammte Pflicht, dafür zu sorgen, 
dass dieser Millimeter nicht überschritten wird, dass die Zivilisation siegt."
2013-07,Main Corpus,2013-07(104).ZIP,Zuzug vom Balkan verdoppelt sich(2).PDF,C:\PythonProjects\AfD-project\Corpora\Main Corpus\2013-07\raw_unarchive\Zuzug vom Balkan verdoppelt sich(2).PDF,Zuzug vom Balkan verdoppelt sich,zuzug vom balkan verdoppelt sich,Rheinische Post,rheinische post,8. Juli 2013 Montag,von rena lehmann und Birgit Marschall,,504,3590,ca274ebea7a5a1eddb5e0633dc3bcba66caa00ec,variant_004,regional_variant,review,,no,,no,,,4783,no,,,near_003,variant_004,"Die Bundesagentur für Arbeit erwartet für das kommende Jahr deutlich mehr Zuwanderer aus Bulgarien und 
Rumänien als 2012. Der Anteil der gering Qualifizierten unter ihnen dürfte steigen. von rena lehmann und Birgit 
Marschall Berlin Bis zu 180 000 Zuwanderer aus Bulgarien und Rumänien werden nach Schätzungen der 
Bundesagentur für Arbeit (BA) im kommenden Jahr nach Deutschland einreisen, um dauerhaft hier zu leben und zu 
arbeiten. Ab 1. Januar 2014 gilt die volle Freizügigkeit für Bürger der beiden EU-Mitgliedstaaten. 
Bereits in den vergangenen Jahren war die Zahl der Zuwanderer aus diesen Ländern im Zuge der Euro-Krise 
sprunghaft angestiegen - von 39 000 im Jahr 2011 auf 72 000 im vergangenen Jahr. Insgesamt sind nach den BA-
Daten im vergangenen Jahr 370 000 mehr Menschen nach Deutschland eingewandert als fortgezogen. Experten 
des BA-Instituts für Arbeitsmarkt- und Berufsforschung (IAB) beobachten mit Sorge, dass vor allem unter den 
zuwandernden Bulgaren und Rumänen die Zahl der gering Qualifizierten steigt. Während im Jahr 2005 noch mehr 
als 60 Prozent der Zuwanderer aus Bulgarien und Rumänien über einen Hochschulabschluss verfügten, hatten 
2010 nur noch knapp 25 Prozent von ihnen eine akademische Ausbildung. Der Anteil der Menschen, die ohne 
Schulabschluss oder Berufsausbildung nach Deutschland kamen, stieg dagegen von 13 Prozent im Jahr 2005 auf 
35 Prozent im Jahr 2010. Zum Vergleich: In der deutschen Bevölkerung betrug der Anteil der 
Hochschulabsolventen 28 Prozent im Jahr 2010, der Anteil der geringer Qualifizierten lag dagegen bei nur elf 
Prozent. Allerdings liegt die Arbeitslosenquote unter den Zuwanderern aus Bulgarien und Rumänien mit 9,6 
Prozent deutlich unter dem Durchschnitt der ausländischen Bevölkerung (16,4 Prozent). ""Bulgaren und Rumänen 
sind noch immer deutlich weniger von Arbeitslosigkeit betroffen, und die öffentlichen Finanzen profitieren von der 
Zuwanderung"", sagte IAB-Forscher Herbert Brücker. Sie bezögen auch seltener Sozialleistungen als die 
einheimische Bevölkerung. Sorge bereitet den Experten jedoch die jüngste Zunahme der geringer Qualifizierten 
aus den beiden Ländern. ""Sie haben schlechte Integrationschancen und brauchen Unterstützung"", hieß es daher 
bei der Nürnberger Arbeitsagentur. Weil ohnehin finanziell stark belastete Kommunen wie Duisburg, Dortmund und 
Berlin zu den beliebtesten Zielen der Zuwanderer aus diesen Ländern zählen, hätten die Gemeinden teilweise 
""massive Probleme"". Allein in Duisburg leben nach Schätzungen der Stadt mehr als 7000 Bulgaren und Rumänen, 
über 1500 davon kamen im vergangenen Jahr. Meistens wohnen sie in ""armen"" Gegenden, in denen die Mieten 
niedrig und die Nachbarn duldsam sind. Müll, nächtlicher Lärm und steigende Kriminalitätsraten sorgen in Duisburg 
jedoch zunehmend für Spannungen. Zur Motivation der Einwanderer sagte Brücker: ""Deutschland ist für Bulgaren 
und Rumänen eigentlich nicht erste Wahl."" Da die wirtschaftliche Lage in den von Bulgaren und Rumänen 

Zuzug vom Balkan verdoppelt sich
bevorzugten Einwanderungsländern Italien und Spanien sich aber verschlechtert habe, würden viele sich nun doch 
für Deutschland entscheiden. Wegen des erwarteten Fachkräftemangels durch die älter werdende Gesellschaft ist 
Deutschland auf Zuwanderer angewiesen. Mindestens 300 000 Menschen müssten jährlich ins Land kommen, um 
den Bedarf an Arbeitskräften in der Zukunft zu decken, schätzt der Sachverständigenrat für Integration und 
Migration. Allerdings müsste Deutschland seine Integrations- und Ausbildungsbemühungen verstärken. Leitartikel 
Seite A 2"
2013-07,Main Corpus,2013-07(104).ZIP,Zuzug vom Balkan verdoppelt sich.PDF,C:\PythonProjects\AfD-project\Corpora\Main Corpus\2013-07\raw_unarchive\Zuzug vom Balkan verdoppelt sich.PDF,Zuzug vom Balkan verdoppelt sich,zuzug vom balkan verdoppelt sich,Rheinische Post,rheinische post,8. Juli 2013 Montag,von rena lehmann,,369,2627,5b57d366016f188d76e4deb8d0858b5f56ee5f12,variant_004,regional_variant,review,,no,,no,,,3742,no,,,near_003,variant_004,"Die Bundesanstalt für Arbeit erwartet für das kommende Jahr deutlich mehr Zuzügler aus Bulgarien und 
Rumänien. In NRW trifft es vor allem Duisburg. von rena lehmann Düsseldorf Bis zu 180 000 Zuwanderer aus 
Bulgarien und Rumänien werden nach Schätzungen der Bundesagentur für Arbeit im nächsten Jahr nach 
Deutschland kommen, um dauerhaft hier zu leben und zu arbeiten. 
Ab 1. Januar 2014 gilt die volle Freizügigkeit für Bürger der beiden EU-Mitgliedstaaten. Bereits in den vergangenen 
Jahren war die Zahl der Zuwanderer aus diesen Ländern im Zuge der Euro-Krise sprunghaft angestiegen - von 39 
000 im Jahr 2011 auf 72 000 im Jahr 2012. Experten beobachten mit Sorge, dass die Zahl der gering Qualifizierten 
unter ihnen steigt. Insgesamt kamen im vergangen Jahr 370 000 Menschen nach Deutschland. Während im Jahr 
2005 noch mehr als 60 Prozent der Zuwanderer aus Bulgarien und Rumänien mit einer hohen Qualifikation 
einwanderten, sind heute nur noch knapp 25 Prozent von ihnen sehr gut ausgebildet. Der Anteil der Menschen, die 
ohne Schulabschluss oder Berufsausbildung nach Deutschland kommen, stieg dagegen von etwa 13 auf 35 
Prozent. Noch immer liegt die Arbeitslosenquote unter den Zuwanderern aus den beiden Ländern mit 9,6 Prozent 
deutlich unter dem Durchschnitt aller Zuwanderer (16 Prozent). ""Bulgaren und Rumänen sind noch immer deutlich 
weniger von Arbeitslosigkeit betroffen, und die öffentlichen Finanzen profitieren von der Zuwanderung"", sagt 
Herbert Brücker vom Institut für Arbeitsmarkt- und Berufsforschung der Arbeitsagentur (IAB). Sie bezögen auch 
seltener Sozialleistungen als die einheimische Bevölkerung. Sorge bereitet den Experten allerdings die Zunahme 
der geringer Qualifizierten. ""Sie haben schlechte Integrationschancen und brauchen Unterstützung"", heißt es bei 
der Arbeitsagentur. Weil ohnehin finanziell stark belastete Kommunen wie Duisburg, Dortmund und Berlin zu den 
beliebtesten Zielen der Zuwanderer aus diesen Ländern zählen, hätten die Gemeinden teils ""massive Probleme"". 
Zur Motivation der Einwanderer sagt IAB-Spezialist Brücker: ""Deutschland ist für Bulgaren und Rumänen eigentlich 
nicht erste Wahl."" Weil die wirtschafliche Lage in den bevorzugten Einwanderungsländern Italien und Spanien sich 
jedoch verschlechtert habe, würden viele sich nun doch für Deutschland entscheiden. Wegen des erwarteten 
Fachkräftemangels durch die älter werdende Gesellschaft ist Deutschland auf Zuwanderung angewiesen. 
Mindestens 300 000 Menschen müssten jährlich ins Land kommen, um den Bedarf an Arbeitskräften zu decken, 
schätzt der Sachverständigenrat für Integration und Migration."
2013-07,Main Corpus,2013-07(104).ZIP,"„Abhören von Freunden, das geht gar nicht_ Merkel empört über US -Abhöraktionen. Steinbrück _ Kanzle.PDF","C:\PythonProjects\AfD-project\Corpora\Main Corpus\2013-07\raw_unarchive\„Abhören von Freunden, das geht gar nicht_ Merkel empört über US -Abhöraktionen. Steinbrück _ Kanzle.PDF","„Abhören von Freunden, das geht gar nicht"" Merkel empört über US -Abhöraktionen. Steinbrück : Kanzlerin",abhören von freunden das geht gar nicht merkel empört über us abhöraktionen steinbrück  kanzlerin,Die Welt,die welt,Dienstag 2. Juli 2013,,TITEL; S. 1; Ausg. 151,410,3030,fefce00ca3fdce1dbc2cd8c6b666c399960fcd99,,unique,keep,,no,,no,,,4555,no,,,,,"Die Bundesregierung hat mit „Befremden"" auf die mutmaßlichen Ausspähaktionen des US-Geheimdienstes NSA in 
Deutschland und der EU reagiert. „Abhören von Freunden, das ist inakzeptabel, das geht gar nicht"", sagte 
Regierungssprecher Steffen Seibert. „Wir sind nicht mehr im Kalten Krieg."" Seibert kündigte an, dass 
Bundeskanzlerin Angela Merkel (CDU) und US-Präsident Barack Obama bald über die Angelegenheit sprechen 
würden. Ob und seit wann deutsche Nachrichtendienste von den US-Abhöraktivitäten gewusst haben, blieb indes 
offen.
Seibert verwies auf das Parlamentarische Kontrollgremium, das darüber informiert werden müsste. Dessen 
Vorsitzender Thomas Oppermann (SPD) hat für Mittwoch eine Sondersitzung einberufen. „Dort werden wir 
hinterfragen, was die Bundesregierung von der schrankenlosen Überwachung durch die USA wusste."" Zu dem 
Treffen werde er auch Kanzleramtsminister Ronald Pofalla (CDU) einladen, der im Kanzleramt für die Koordination 
der Geheimdienste zuständig ist. Es solle geklärt werden, ob die Regierung von den Spähangriffen tatsächlich erst 
aus der Zeitung erfahren habe. Der „Spiegel"" hatte berichtet, die USA würden Telefon- und 
Internetverbindungsdaten in Deutschland mit dem Prism-Programm kontrollieren sowie EU-Einrichtungen in 
Brüssel, Washington und New York mit Wanzen abhören.
Hessens Ministerpräsident Volker Bouffier kritisierte das Ausmaß der US-Spionage scharf:„Terrorbekämpfung ist 
notwendig"", sagte der stellvertretende CDU-Bundesvorsitzende der „Welt"". „Aber das, was wir jetzt erleben, ist ein 
massiver Vertrauensbruch."" Wenn Deutschland und Europa „wie Feindesland behandelt werden, dann ist etwas 
durcheinandergeraten"". Er lege Wert darauf, dass die USA „mit uns anders umgehen als mit Ländern wie dem 
Iran"". Es sei höchste Zeit, dass US-Präsident Obama ein klares Wort spreche. „Wir wollen genau wissen, was da 
läuft.""
SPD-Kanzlerkandidat Peer Steinbrück sprach von einem „enormen Vertrauensverlust"" und stellte die Gespräche 
über ein Freihandelsabkommen zwischen der EU und den USA infrage. Zugleich äußerte er den Verdacht, 
Regierung und Kanzlerin wüssten „mehr, als bisher bekannt geworden ist"". SPD-Chef Sigmar Gabriel schrieb in der 

„Abhören von Freunden, das geht gar nicht"" Merkel empört über US -Abhöraktionen. Steinbrück : Kanzlerin 
weiß „mehr, als bisher bekannt"". Snowden beantragt Asyl ....
„Frankfurter Allgemeinen Zeitung"", die Reaktion der Kanzlerin lasse den Verdacht zu, dass ihr die Ausspähung 
„zumindest dem Grunde nach durchaus bekannt war"". Das wies Merkel „entschieden zurück"". Regierungssprecher 
Seibert nannte die Unterstellungen „zynisch"".
Immer mehr Politiker äußerten unterdessen die Sorge, eigentliches Ziel der US-Spähprogramme könne die 
Wirtschaftsspionage sein. Der stellvertretende FDP-Fraktionsvorsitzende Martin Lindner sagte der „Welt"": 
„Während der US-Nachrichtendienst immer auch die Interessen der Wirtschaft verfolgt, interessiert sich der BND 
nicht für die Belange der Industrie. Dies muss sich künftig ändern.""
 Seite 6"
