batch_id,corpus_name,source_archive,file_name,file_path,title_original,title_normalized,publication,publication_normalized,date,byline,section,word_count,body_char_count,body_hash_exact,duplicate_group_id,duplicate_category,keep_drop_review,drop_reason,kept_representative_of_group,representative_selection_reason,malformed_flag,malformed_reason,notes,raw_text_chars,low_value_flag,low_value_reason,exact_duplicate_group,near_duplicate_group,repeated_variant_group,body_text
2022-03,Main Corpus,2022-03(50).ZIP,_Es kommen sehr viele Kinder und Jugendliche ohne ihre Eltern_ Reinhard Sager ist Präsident des Land.PDF,C:\PythonProjects\AfD-project\Corpora\Main Corpus\2022-03\raw_unarchive\_Es kommen sehr viele Kinder und Jugendliche ohne ihre Eltern_ Reinhard Sager ist Präsident des Land.PDF,"""Es kommen sehr viele Kinder und Jugendliche ohne ihre Eltern""; Reinhard Sager ist Präsident des",es kommen sehr viele kinder und jugendliche ohne ihre eltern reinhard sager ist präsident des,Die Welt,die welt,Freitag 11. März 2022,Nikolaus Doll,Politik; S. 5; Ausg. 50,979,6818,0852bd6e1f25927c4b851b2c071b98626c8fb05d,,unique,keep,,no,,no,,,8145,no,,,,,"Die Landkreise sind neben den Städten für die Versorgung der Flüchtlinge aus der Ukraine zuständig. Noch sind 
die Zahlen überschaubar, aber der Präsident des Deutschen Landkreistags, Reinhard Sager (CDU), erwartet einen 
starken Anstieg. Dann würden Unterkünfte knapp. Er fordert einen Flüchtlingsgipfel mit Bund und Ländern.
WELT:
Herr Sager, jeden Tag kommen Flüchtlinge aus der Ukraine in Deutschland an. In welcher Verfassung sind die 
Menschen?
Reinhard Sager:
Sie sind müde, frustriert, viele stehen unter Schock. Sie können es nicht glauben, dass ein Angriff mit einer solchen 
Wucht möglich sein würde. Dass Russlands Präsident Wladimir Putin tatsächlich in Europa Krieg gegen 
Demokratie, Freiheit und Menschlichkeit führt. Es sind vor allem Frauen und Kinder, die zu uns kommen. Darunter 
sind sehr viele Kinder und Jugendliche ohne ihre Eltern, die die Jungen und Mädchen hier bei uns in Sicherheit 
bringen wollen.
Wie viele Flüchtlinge sind nach Ihren Schätzungen bereits in Deutschland?
Ungefähr 80.000. Aber während ich das sage, ist die Zahl vermutlich schon viel höher. Sie steigt mit jedem Tag 
deutlich. Es ist derzeit nicht absehbar, wie groß die auf uns zukommende Aufgabe sein wird. Der Schwerpunkt liegt 
derzeit auf der Unterbringung und der Bereitstellung von Plätzen in Kindergärten und Schulen. Auch ein möglichst 
frühzeitiger Zugang zu den Integrationskursen muss organisiert werden.

""Es kommen sehr viele Kinder und Jugendliche ohne ihre Eltern""; Reinhard Sager ist Präsident des 
Landkreistags und damit eine Schlüsselfigur bei Unterbringung u....
Die Landkreise haben gerade darüber beraten, wie man mit der hohen Zahl an Flüchtlingen umgeht. Was ist das 
Ergebnis?
Wir haben, wieder mal, eine Notlage. Jetzt muss schnell geholfen werden, die Menschen brauchen zunächst eine 
Unterkunft und Verpflegung, das Weitere kommt danach. Damit das klappt, müssen Bund, Länder und Kommunen 
eng zusammenarbeiten. Das tun wir, aber wir müssen uns in dieser Lage besonders gut abstimmen. Das sollte der 
Bund in die Hand nehmen und uns einladen. Derzeit ist nicht absehbar, dass die aktuelle Krise nach wenigen 
Wochen enden wird.
Klappen Erstaufnahme und Registrierung?
Zurzeit funktioniert das noch erstaunlich gut, die Hilfsbereitschaft im Land ist riesig. Aber noch sind die Zahlen der 
Ankommenden auch überschaubar. Klar ist, dass nicht alle Ukrainer, die uns zu kommen, bereits registriert wurden 
und dass es manche gar nicht tun werden, weil sie bei Bekannten oder der Familie unterkommen. Wir haben also 
kein exaktes Bild davon, wie viele Flüchtlinge im Land sind.
Gibt es ausreichend Unterbringungsmöglichkeiten?
Vorerst ja, die Kreise können unter anderem auf Unterkünfte der Wohnungsbaugesellschaften zurückgreifen, 
zusätzlich nehmen hilfsbereite Familien vorübergehend Menschen auf. Das ist nicht nur beeindruckend, sondern 
entlastet auch den Staat, der in sehr kurzer Zeit die Erstversorgung organisieren muss. Aber das wird nicht lange 
reichen. Wenn in wenigen Wochen die Flüchtlingszahlen anschwellen und der Krieg immer mehr aus dem Land 
treibt, könnte es problematisch werden. Dann müssen wir Turnhallen zu Unterkünften machen, auf Liegenschaften 
der Bundeswehr oder auf Wohncontainer als Zwischenlösung zurückgreifen. Auch ist die Unterstützung der 
Bundesanstalt für Immobilienaufgaben angekündigt worden, den Kommunen Bundesliegenschaften mietfrei zu 
überlassen. Unser Ziel ist es, vor die Lage zu kommen.
Wie ist die Unterstützung der Flüchtlinge über Unterkunft und Verpflegung hinaus geregelt?
Die Menschen haben Anspruch auf staatliche Hilfe, unter anderem auf finanzielle Unterstützung. Das läuft nach 
dem Asylbewerberleistungsgesetz. Die Leistungen werden in der Regel vom Sozialamt des zuständigen 
Landkreises oder der Stadt gewährt. Dazu wurde in der letzten Woche auf EU-Ebene ein unbürokratischer Weg 
gefunden.
Können die Kreise die Kosten derzeit schultern?
Wer was und wie viel bezahlt, ist aktuell zweitrangig. Jetzt geht es darum zu helfen. Ich gehe aber davon aus, dass 
wir das gemeinsam mit dem Bund und den Ländern bewältigen können. Die Finanzierung ist in den Ländern 
unterschiedlich geregelt. In Schleswig-Holstein schultern Bund und Länder 70 Prozent, 30 Prozent die Kommunen.
Sind Kitas und Schulen darauf vorbereitet, ukrainische Kinder aufzunehmen?
Die Vorbereitungen laufen derzeit vielerorts an, viel früher war das naturgemäß nicht möglich, weil keiner mit 
diesem Überfall, den heftigen Kämpfen und größeren Flüchtlingsströmen gerechnet hat. Es liegen also dafür keine 
Pläne in den Schubladen. Jetzt müssen wir sehen, wo die Kinder untergebracht werden können und wie wir die 
Verständigungsprobleme überwinden, also Sprachunterricht für die Kinder organisieren.
Schaffen es die Kommunen, all diese Anforderungen zu stemmen?
Wir können sagen: Die Kommunen sind krisenerprobt, und dennoch stehen wir vor einer gewaltigen 
Herausforderung. Ob daraus eine dauerhafte Überforderung wird, ist nicht absehbar und auch ein müßiger 
Gedanke. Denn fest steht, dass es keine Alternative dazu gibt, jetzt einfach anzupacken. Und den Verzagten sage 
ich: Wir haben die Flüchtlingswelle 2015 und 2016 schließlich auch gemeistert.
Inwieweit ist die aktuelle Situation eine andere als bei der Migration aus Syrien oder Afghanistan?
""Es kommen sehr viele Kinder und Jugendliche ohne ihre Eltern""; Reinhard Sager ist Präsident des 
Landkreistags und damit eine Schlüsselfigur bei Unterbringung u....
Es ist ein erheblicher Unterschied, dass diesmal Menschen zu uns kommen, die vor einem Krieg in Europa fliehen. 
Es ist lange her, dass wir das hatten. Das macht Viele betroffen. Man spürt auch eine andere, noch größere 
Bereitschaft, sich für diese Menschen einzusetzen. Auch verläuft die Zuwanderung deutlich diffuser als seinerzeit, 
weil es keine Hauptrouten gibt, auf denen die Menschen zu uns kommen.
Hat Deutschland aus vorangegangenen Flüchtlingskrisen gelernt?
In den Jahren 2015 und 2016, als Zehntausende nach Deutschland flüchteten, haben nicht nur die staatlichen 
Stellen viel geleistet, sondern auch unzählige engagierte Menschen hier bei uns, die vielen ehrenamtlichen Helfer. 
Dadurch ist nicht nur das Bewusstsein gewachsen, dass man Menschen in Not helfen muss, sondern auch eine 
gewisse Expertise entstanden, wie man das tut. Auch das Zusammenspiel von Bund, Ländern, Landkreisen und 
Gemeinden hat sich verbessert. Ich war in den beiden genannten Jahren mindestens achtmal mit anderen 
kommunalen Vertretern im Kanzleramt bei Angela Merkel (CDU), damit wir uns absprechen. Die Institutionen in 
Deutschland wissen inzwischen ganz gut, wie man viele Menschen, die sich bei uns in Sicherheit bringen wollen, 
aufnimmt und versorgt.
Original Gesamtseiten-PDF
Graphic
 
Waisenkinder aus der Ukraine auf einem Spielplatz in Lüneburg"
2022-03,Main Corpus,2022-03(50).ZIP,_Luftbrücke_ bringt kaum Entlastung für Anrainerstaaten Ein erster Flug aus Moldau mit Ukraine -Flüc.PDF,C:\PythonProjects\AfD-project\Corpora\Main Corpus\2022-03\raw_unarchive\_Luftbrücke_ bringt kaum Entlastung für Anrainerstaaten Ein erster Flug aus Moldau mit Ukraine -Flüc.PDF,"""Luftbrücke"" bringt kaum Entlastung für Anrainerstaaten Ein erster Flug aus Moldau mit Ukraine -Flüchtlingen",luftbrücke bringt kaum entlastung für anrainerstaaten ein erster flug aus moldau mit ukraine flüchtlingen,Die Welt,die welt,Dienstag 29. März 2022,Thomas Vitzthum,Politik; S. 4; Ausg. 62,875,6263,ab40ee2d012c46e70e4f76d63336ac80ecfe0e08,,unique,keep,,no,,no,,,8222,no,,,,,"Luftbrücke - der Begriff hat in deutschen Ohren einen guten Klang. Geschichtskundige denken an die Luftbrücke 
1948 nach Berlin-West, als die abgeriegelte Teilstadt aus der Luft versorgt wurde und die Berlin-Blockade der 
Sowjets so ihren Sinn verlor. Zuletzt fiel der Begriff im Zusammenhang mit den Flügen, die das Auswärtige Amt 
(AA) organisierte, um am Beginn der Corona-Pandemie deutsche Staatsbürger aus dem Ausland nach Hause zu 
holen. Es hat also durchaus eine kommunikative Logik, dass Außenministerin Annalena Baerbock (Grüne) sich des 
Begriffs bedient, wenn sie verspricht, ukrainische Flüchtlinge aus den Anrainerstaaten der Ukraine nach 
Deutschland, Westeuropa oder gar Übersee zu bringen.
Der Fokus der Bemühungen liegt dabei im Moment auf der Republik Moldau. In dem Land, das nicht der EU 
angehört, halten sich inzwischen gut 100.000 Flüchtlinge auf. Die stellen für das kleine Land mit seinen 2,6 
Millionen Einwohnern, das als ärmster Staat Europas gilt, eine erhebliche Belastung dar. Deshalb will Deutschland 
helfen und bildet mit Frankreich und dem Nachbarn Rumänien die ""Unterstützungsplattform Moldau"". Es gibt 
darüber hinaus den erklärten Willen mehrerer Staaten in Europa, aber auch in Nordamerika, Ukrainer aus Moldau 
aufzunehmen, die über die ""Luftbrücke"" kommen sollen. Doch die Erfahrungen mit dem ersten Flug aus der 
Hauptstadt Chisinau nach Frankfurt am Main zeigen, dass dieser Weg allenfalls eine kleine Ergänzung sein kann. 
Sie kommt nur für die wenigsten Flüchtlinge tatsächlich infrage. Denn die Sache ist höchst komplex. 132 Personen 
wurden am Freitag mit einer vom Auswärtigen Amt gecharterten Lufthansa-Maschine nach Deutschland gebracht. 
Zwei Ukrainer wurden laut einem Sprecher des rheinland-pfälzischen Integrationsministeriums bereits in Frankfurt 
von Verwandten abgeholt. Für die Übrigen ging es in eine Aufnahmeeinrichtung in Bitburg. Rheinland-Pfalz hatte 
sich zur Aufnahme von zunächst 200 Personen bereiterklärt. Laut AA wären weitere Länder bereit, Flüchtlinge 
aufzunehmen, die über die ""Luftbrücke"" kommen. Wenn sie denn kommen.

""Luftbrücke"" bringt kaum Entlastung für Anrainerstaaten Ein erster Flug aus Moldau mit Ukraine -Flüchtlingen 
ist in Deutschland angekommen. Weitere sollen folge....
Wie WELT aus dem AA erfuhr, wurde zwar das gesamte Sitzplatzkontingent ausgeschöpft, es habe aber bis kurz 
vor Abflug immer wieder Änderungen an der Passagierliste gegeben. ""Einige Passagiere auf der Liste konnten den 
Flug wegen unvorhergesehener Ereignisse (zum Beispiel der Erkrankung eines Kindes) nicht wahrnehmen - dafür 
sind andere Geflüchtete von einer Reserveliste nachgerückt."" Einfluss auf die Auswahl der Passagierliste kann 
Deutschland kaum nehmen. Die allermeisten Ukrainer in Moldau sind nämlich nicht registriert. Infrage kommen also 
nur jene, die von Organisationen wie dem UN-Flüchtlingshilfswerk UNHCR oder der Internationalen Organisation 
für Migration ausgewählt wurden. Dabei handelt es sich aktuell um wenige Tausend Personen. ""Die Auswahl der 
Geflüchteten erfolgte durch UNHCR-Mitarbeiterinnen und -Mitarbeiter vor Ort. Dabei lag der Schwerpunkt auf 
besonders vulnerablen Personen, unter anderem Menschen mit Behinderungen, mit gesundheitlichen 
Einschränkungen, Personen über 60 Jahre oder alleinreisenden Elternteilen mit kleinen Kindern"", so das AA. Die 
Auswahl dieser Personengruppen verkompliziert die Situation natürlich zusätzlich. Die NGOs machten die 
Flüchtlinge auch ""reisebereit"", sagte ein Sprecher der Auswärtigen Amts am Montag. Darauf sei man angewiesen.
Ein Problem ist für die Flüchtlinge das Ziel. Regierungschefs westlicher Bundesländer wie etwa des Saarlands 
berichten, dass manche Flüchtlinge, die mit dem Zug oder Bus unterwegs waren, schnell wieder den Weg Richtung 
Osten antreten. Die Mehrheit der Geflüchteten strebt im Moment noch einen Aufenthalt in der Nähe der Ukraine an. 
Rheinland-Pfalz ist aus Sicht vieler Ukrainer natürlich ferner Westen. Und mit der Aufnahmeeinrichtung in Bitburg 
wählte man dann auch noch ein Ziel, das fast an der luxemburgischen Grenze liegt. Für manche Flüchtlinge, die die 
Chance gehabt hätten mitzufliegen, war dies eine zu hohe psychologische Hürde.
Baerbock will allerdings sogar noch einige Schritte weiter gehen - noch weiter Richtung Westen. Beim Besuch einer 
Erstaufnahmeeinrichtung in Eisenhüttenstadt betonte sie die Notwendigkeit der internationalen ""Luftbrücke"". ""Wir 
brauchen da eine Verteilung."" Niemand werde von Belarus, Moldau oder Polen zu Fuß etwa nach Spanien 
weitergehen, erst recht werde niemand allein über den Atlantik kommen. ""Dafür brauchen wir eben eine Luftbrücke, 
an der ich auf Hochdruck mit den G-7-Staaten arbeite"", sagte sie. Bedenkt man jedoch die Vorbehalte, die bei 
vielen Flüchtlingen gegen westliche Ziele existieren, muss man wohl attestieren, dass die ""Luftbrücke"" nach 
Westen wohl eher kosmetische Relevanz für die gesamte Flüchtlingskrise haben wird. Fürs Erste wird auch damit 
pausiert. ""Die Bundesregierung steht mit allen beteiligten Organisationen in einem engen Austausch und evaluiert 
anhand der Erfahrungen des ersten Fluges die Verfahren der Zusammenarbeit vor Ort"", heißt es aus dem 
Außenministerium. Ein Sprecher des Ministeriums erklärte auf Nachfrage, dass man das Kontingent, das man 
versprochen habe, aber ausschöpfen werde. Zugesagt wurde bisher die Übernahme von 2500 Flüchtlingen. 
Weitere Flüge würden also bald folgen. Wie gering die Zahlen bleiben, die mittels Flugzeug aber generell 
bewerkstelligt werden können, zeigte sich bei der letzten großen Flüchtlingswelle. Im September 2013 wurde damit 
begonnen, die ersten Syrien-Flüchtlinge aus dem libanesischen Beirut nach Deutschland zu fliegen. Der 50. 
Charterflug landete im März 2015 - eineinhalb Jahre später. Im November desselben Jahres kamen oft dann an 
einem einzigen Tag rund 10.000 Menschen über die deutschen Grenzen - und damit mehr als mit allen Flügen 
zuvor.
Original Gesamtseiten-PDF
Graphic
 
Geflüchtete aus der Ukraine warten in Moldau am Grenzübergang Palanca
Außenministerin Annalena Baerbock (Grüne, r.) und Bundesinnenministerin Nancy Faeser (SPD) verteilen 
Süßigkeiten an geflüchtete Kinder. Die Flüchtlinge waren aus Moldau nach Frankfurt ausgeflogen worden"
2022-03,Main Corpus,2022-03(50).ZIP,Allein nicht schaffbar Brandenburg kommt bei der Flüchtlingsunterbringung an Grenzen - und fordert e.PDF,C:\PythonProjects\AfD-project\Corpora\Main Corpus\2022-03\raw_unarchive\Allein nicht schaffbar Brandenburg kommt bei der Flüchtlingsunterbringung an Grenzen - und fordert e.PDF,Allein nicht schaffbar Brandenburg kommt bei der Flüchtlingsunterbringung an Grenzen - und fordert erneut,allein nicht schaffbar brandenburg kommt bei der flüchtlingsunterbringung an grenzen  und fordert erneut,Der Tagesspiegel,der tagesspiegel,Dienstag 29. März 2022,,BRANDENBURG FQT:SPÄT; S. 010; Ausg. Der Tagesspiegel Nr. 24848 VOM 29.03.2022 SEITE 010,544,3933,affd400b38fe3e323141017f9ebd44dfb85d3ccf,,unique,keep,,no,,no,,,5094,no,,,,,"Eisenhüttenstadt/Potsdam - Brandenburgs Innenminister Michael Stübgen (CDU) hat die Forderung des Landes 
nach finanziellen Hilfen vom Bund für die Betreuung der Ukraine-Flüchtlinge bekräftigt. Es müsse bald Klarheit 
geben für das Land und die Kommunen, sagte er am Montag in Eisenhüttenstadt. Dort hatte er gemeinsam mit 
Außenministerin Annalena Baerbock (Grüne) die Zentrale Erstaufnahmeeinrichtung des Landes besucht, in der 
aktuell rund 1500 Geflüchtete untergekommen sind. ""Nachdem fünf Wochen jetzt dieser Krieg in der Ukraine 
herrscht, ist es für uns doch bald wichtig, dass wir auch wissen, wie wir die Finanzierung dieser ganzen Fragen 
umsetzen können"", sagte Stübgen. Zugleich schloss er sich der Forderung anderer Bundesländer nach der 
Einrichtung eines zentralen Krisenstabs der Bundesregierung an, weil Koordinierung noch nicht ""hinreichend"" 
stattfände.
Baerbock nannte den Einsatz für die Flüchtlinge in Brandenburg ""bemerkenswert"" und stellte Hilfe vom Bund in 
Aussicht. ""Klar ist, wenn auf Dauer hier ein Ort ist, der eben diese Erstaufnahme und dann Weiterverteilung 
übernimmt, dass das dann in Zukunft auch entsprechend finanzielle Mittel vom Bund braucht, damit diese so 
wichtige Arbeit weiter geleistet werden kann."" Brandenburg werde als direkter Nachbar Polens in der nächsten Zeit 
als zentraler Ort der Weiterverteilung von Ukraine-Flüchtlingen eine Rolle spielen.
In Brandenburg sind derzeit bis zu 15 000 aus der Ukraine Geflüchtete aufgenommen worden, wie der Leiter der 
Zentralen Ausländerbehörde in Eisenhüttenstadt, Olaf Jansen berichtete. Wie viele von den Flüchtlingen in 
Brandenburg bleiben, hänge davon ab, wie viele bundesweit aufgenommen werden, sagte Jansen. Die 
Kriegsflüchtlinge aus der Ukraine werden nach einem bestimmten Schlüssel verteilt, der sich nach 
Steueraufkommen und Bevölkerungszahl richtet.
Manche Kommunen in Brandenburg sehen sich derweil bald am Limit. ""Bei der Frage der Unterbringung zeichnet 
sich in einigen Städten und Gemeinden ab, dass es eben zu einem großen Problem wird"", sagte der Präsident des 
Städte- und Gemeindebundes, der Wittenberger Bürgermeister Oliver Hermann, am Montag. ""Wir sind eben als 
Brandenburg Ankunftsland und wir werden irgendwann (...) an Kapazitätsgrenzen stoßen. Da sind einige Städte 
schon angekommen, gerade in den Ballungsgebieten."" Die Welle der Unterstützung durch die Bürgerinnen und 
Bürger sei hoch. ""Aber wir rechnen damit, dass die verständlicherweise nicht auf Dauer angelegt ist.""

Allein nicht schaffbar Brandenburg kommt bei der Flüchtlingsunterbringung an Grenzen - und fordert erneut 
Hilfe vom Bund
Ministerpräsident Dietmar Woidke (SPD) sowie Außenministerin Baerbock rechnen mit bis zu 40 000 Flüchtlingen 
in Brandenburg. Cottbus ist eines von mehreren Drehkreuzen in Deutschland für die Weiterverteilung von 
Geflüchteten. Der Brandenburger Städte- und Gemeindebund fordert, dass die Verteilung der Flüchtlinge innerhalb 
Deutschlands beschleunigt wird.
Für die steigende Zahl von Kindern aus der Ukraine, die in Brandenburger Kitas betreut werden, verlangt der 
Verband finanzielle Hilfe vom Bund und vom Land. ""Da bedarf es je nach Lage aus unserer Sicht schon auch einer 
Sonderunterstützung"", sagte Hermann. Die Frage sei auch, ob die Kommunen es durchhalten könnten, den 
Personalschlüssel so zu belassen oder ob besondere Gruppen mit ukrainischen Kräften gebildet werden könnten. 
Die Städte und Gemeinden gehen nach ersten Rechnungen davon aus, dass die Kommunen bei je rund 3000 
Kindern in Krippen, Kindergärten und Horten zusätzliche Aufwendungen von mehr als 26 Millionen Euro haben.dpa
Graphic
 
Vor Ort. Außenministerin Annalena Baerbock (Grüne) besuchte gemeinsam mit Brandenburgs Innenminister 
Michael Stübgen (CDU) am Montag die Zentrale Erstaufnahmeeinrichtung für Flüchtlinge in Eisenhüttenstadt. 
Baerbock rechnet mit bis zu 40 000 Flüchtlingen in Brandenburg. Foto: Annette Riedl/dpa R"
2022-03,Main Corpus,2022-03(50).ZIP,"Das ist bei der Aufnahme von Flüchtlingen zu beachten Viele Menschen sind bereit, ihre eigenen Wohnu(2).PDF","C:\PythonProjects\AfD-project\Corpora\Main Corpus\2022-03\raw_unarchive\Das ist bei der Aufnahme von Flüchtlingen zu beachten Viele Menschen sind bereit, ihre eigenen Wohnu(2).PDF","Das ist bei der Aufnahme von Flüchtlingen zu beachten Viele Menschen sind bereit, ihre eigenen Wohnungen",das ist bei der aufnahme von flüchtlingen zu beachten viele menschen sind bereit ihre eigenen wohnungen,Rheinische Post,rheinische post,Samstag 12. März 2022,Jörg Isringhaus,S. 4,704,5260,f43f7a08a905acb120fd5cdd5277418001af9c7b,exact_001,duplicate_exact,review,,no,,no,,,6584,no,,exact_001,,,"Jörg Isringhaus
Düsseldorf Die Bereitschaft, Flüchtlingen aus der Ukraine zu helfen, ist auch in NRW groß. Viele Menschen bieten 
auf eigene Initiative hin Zimmer oder Wohnungen an, um Schutzsuchende unterzubringen. Birgit Naujoks, 
Geschäftsführerin des Flüchtlingsrats NRW, findet das großartig. Trotzdem gilt es, einiges zu beachten.
Registrierung der Flüchtlinge Ukrainische Staatsangehörige mit einem biometrischen Pass dürfen sich drei Monate 
ohne Visum in Deutschland aufhalten, dies kann nach Ablauf auf sechs Monate erweitert werden. Es besteht für die 
Flüchtlinge zunächst keine Pflicht, sich bei den Behörden registrieren zu lassen, dies ist jedoch ratsam, um von 
staatlicher Seite einen Überblick über die Flüchtlingssituation im Land zu bekommen und um später 
Sozialleistungen zu erhalten. Wer privat untergekommen ist, soll zunächst nicht in die 
Landeserstaufnahmeeinrichtung (LEA) in Bochum geschickt werden. Privatleute sollten aber laut Naujoks mit den 
Menschen, die sie aufnehmen wollen, ein Gespräch führen über deren gewünschten Aufenthaltsstatus.
Information über Hilfsangebote/Hilfegesuche Wer privat ein Zimmer oder eine Wohnung für ukrainische Flüchtlinge 
bereitstellen oder anderweitig Hilfe leisten möchte, kann sich auf Internet-Plattformen wie Elinor.network 
oder Unterkunft-ukraine.de registrieren. Die offizielle Verteilung von Flüchtlingen, die nicht privat oder über die 
Kommune untergebracht sind, läuft über die LEA in Bochum. Die Schutzsuchenden werden dort registriert und den 
Kommunen zugewiesen. Der Kontakt für ein privates Hilfsangebot müsste dann über die jeweilige kommunale 
Ausländerbehörde erfolgen.
Aufnahme mit dem Vermieter klären Wer in einem Mietverhältnis steht, sollte die Aufnahme von Flüchtlingen in der 
eigenen Wohnung vorab mit dem Vermieter klären. „Sonst kann es mietrechtliche Konsequenzen geben“, warnt 

Das ist bei der Aufnahme von Flüchtlingen zu beachten Viele Menschen sind bereit, ihre eigenen Wohnungen 
und Häuser zur Verfügung zu stellen, um zu helfen. Die ....
Naujoks. Zwar sind Besuche erlaubt, bei der Aufnahme von Flüchtlingen handelt es sich aber eher um langfristige 
Arrangements, die einer Zustimmung bedürfen. Rechtliche Folgen für Helfer können aus dem Verhalten der 
aufgenommenen Personen aber nicht entstehen. „Wer hilft, ist nicht verantwortlich für den anderen“, sagt Naujoks.
Finanzielle Fragen besprechen Wer ein Zimmer zur Verfügung stelle, sei nicht automatisch bereit, auch für 
Lebenshaltungskosten und Krankenversicherung der Flüchtlinge einzuspringen, sagt Naujoks. Dies sollte auch zur 
eigenen Absicherung mit den Aufgenommenen besprochen werden. Für den visumsfreien Aufenthalt gilt: Innerhalb 
der ersten drei Monate des Aufenthalts besteht zwar kein Anspruch auf Sozialleistungen, hilfebedürftige Personen 
können aber sogenannte Überbrückungsleistungen beantragen. Abgedeckt werden dabei normalerweise für einen 
Monat Kosten für Essen, Kleidung, Unterkunft, medizinische Notversorgung sowie Hilfe bei Schwangerschaft und 
Mutterschaft. Nach Ablauf der ersten drei Monate besteht ein Anspruch auf reguläre Sozialleistungen. Eine 
Erwerbstätigkeit darf nicht ausgeübt werden.
Bei Menschen mit einer Aufenthaltserlaubnis nach Paragraf 24 Aufenthaltsgesetz sieht die Lage anders aus. Sie 
bekommen Leistungen nach dem Asylbewerber-Leistungsgesetz und dürfen arbeiten. Die Aufenthaltserlaubnis gilt 
für ein Jahr und kann auf bis zu drei Jahre verlängert werden. Voraussetzung dafür ist, dass sie sich als Flüchtling 
registrieren lassen. Es steht ihnen in den ersten 18 Monaten des Aufenthalts nur ein eingeschränktes 
medizinisches Versorgungsangebot, nämlich bei akuten Erkrankungen und Schmerzzuständen, zur Verfügung. 
Dazu muss von den Behörden ein Behandlungsschein ausgestellt werden, der dem Arzt vorzulegen ist.
Impfstatus abklären Bei einer privaten Aufnahme von Flüchtlingen sollte auch deren Impfstatus geklärt werden. 
Dem Vernehmen nach sollen in der Ukraine nur rund 35 Prozent der Bevölkerung mit einem in der EU 
zugelassenen Impfstoff vollständig geimpft worden sein. Sie benötigen eine neue Impfserie, die aber nach 
Empfehlung der Ständigen Impfkommission erst vier Wochen nach der letzten Impfung begonnen werden darf.
Mögliche Folgen bedenken Neben den Fragen von Finanzierung und rechtlichem Status müssten sich Privatleute 
auch über andere potenzielle Probleme im Klaren sein, sagt Birgit Naujoks. Zum einen sei da die Sprachbarriere, 
die zu Konflikten führen könnte. „Gut überlegt sein sollte ebenfalls der Zeitraum der Hilfe, ob man sich dauerhaft 
oder übergangsweise engagiert“, erklärt die Geschäftsführerin des Flüchtlingsrates. Von staatlicher Seite könnte 
eine längere Unterstützung schnell als Willenserklärung aufgefasst werden, die Hilfebedürftigen permanent zu 
unterstützen. Zudem befinden sich die Geflüchteten in einer äußerst schwierigen Situation, viele sind traumatisiert. 
Damit umzugehen, sei nicht einfach, sagt Naujoks, und könne auch die Helfer belasten.
Spendensendung bringtfast 4,4 Millionen Euro
Sendung In der Spendensendung „Markus Lanz – ein Abend für die Ukraine“ wurden fast 4,4 Millionen Euro 
gesammelt.
Spenden Seit dem 25. Februar gingen beim Aktionsbündnis bislang 91,3 Millionen Euro ein."
2022-03,Main Corpus,2022-03(50).ZIP,"Das ist bei der Aufnahme von Flüchtlingen zu beachten Viele Menschen sind bereit, ihre eigenen Wohnu.PDF","C:\PythonProjects\AfD-project\Corpora\Main Corpus\2022-03\raw_unarchive\Das ist bei der Aufnahme von Flüchtlingen zu beachten Viele Menschen sind bereit, ihre eigenen Wohnu.PDF","Das ist bei der Aufnahme von Flüchtlingen zu beachten Viele Menschen sind bereit, ihre eigenen Wohnungen",das ist bei der aufnahme von flüchtlingen zu beachten viele menschen sind bereit ihre eigenen wohnungen,Rheinische Post,rheinische post,Samstag 12. März 2022,Jörg Isringhaus,S. 4,704,5260,f43f7a08a905acb120fd5cdd5277418001af9c7b,exact_001,duplicate_exact,review,,no,,no,,,6599,no,,exact_001,,,"Jörg Isringhaus
Düsseldorf Die Bereitschaft, Flüchtlingen aus der Ukraine zu helfen, ist auch in NRW groß. Viele Menschen bieten 
auf eigene Initiative hin Zimmer oder Wohnungen an, um Schutzsuchende unterzubringen. Birgit Naujoks, 
Geschäftsführerin des Flüchtlingsrats NRW, findet das großartig. Trotzdem gilt es, einiges zu beachten.
Registrierung der Flüchtlinge Ukrainische Staatsangehörige mit einem biometrischen Pass dürfen sich drei Monate 
ohne Visum in Deutschland aufhalten, dies kann nach Ablauf auf sechs Monate erweitert werden. Es besteht für die 
Flüchtlinge zunächst keine Pflicht, sich bei den Behörden registrieren zu lassen, dies ist jedoch ratsam, um von 
staatlicher Seite einen Überblick über die Flüchtlingssituation im Land zu bekommen und um später 
Sozialleistungen zu erhalten. Wer privat untergekommen ist, soll zunächst nicht in die 
Landeserstaufnahmeeinrichtung (LEA) in Bochum geschickt werden. Privatleute sollten aber laut Naujoks mit den 
Menschen, die sie aufnehmen wollen, ein Gespräch führen über deren gewünschten Aufenthaltsstatus.
Information über Hilfsangebote/Hilfegesuche Wer privat ein Zimmer oder eine Wohnung für ukrainische Flüchtlinge 
bereitstellen oder anderweitig Hilfe leisten möchte, kann sich auf Internet-Plattformen wie Elinor.network 
oder Unterkunft-ukraine.de registrieren. Die offizielle Verteilung von Flüchtlingen, die nicht privat oder über die 
Kommune untergebracht sind, läuft über die LEA in Bochum. Die Schutzsuchenden werden dort registriert und den 
Kommunen zugewiesen. Der Kontakt für ein privates Hilfsangebot müsste dann über die jeweilige kommunale 
Ausländerbehörde erfolgen.
Aufnahme mit dem Vermieter klären Wer in einem Mietverhältnis steht, sollte die Aufnahme von Flüchtlingen in der 
eigenen Wohnung vorab mit dem Vermieter klären. „Sonst kann es mietrechtliche Konsequenzen geben“, warnt 

Das ist bei der Aufnahme von Flüchtlingen zu beachten Viele Menschen sind bereit, ihre eigenen Wohnungen 
und Häuser zur Verfügung zu stellen, um zu helfen. Die ....
Naujoks. Zwar sind Besuche erlaubt, bei der Aufnahme von Flüchtlingen handelt es sich aber eher um langfristige 
Arrangements, die einer Zustimmung bedürfen. Rechtliche Folgen für Helfer können aus dem Verhalten der 
aufgenommenen Personen aber nicht entstehen. „Wer hilft, ist nicht verantwortlich für den anderen“, sagt Naujoks.
Finanzielle Fragen besprechen Wer ein Zimmer zur Verfügung stelle, sei nicht automatisch bereit, auch für 
Lebenshaltungskosten und Krankenversicherung der Flüchtlinge einzuspringen, sagt Naujoks. Dies sollte auch zur 
eigenen Absicherung mit den Aufgenommenen besprochen werden. Für den visumsfreien Aufenthalt gilt: Innerhalb 
der ersten drei Monate des Aufenthalts besteht zwar kein Anspruch auf Sozialleistungen, hilfebedürftige Personen 
können aber sogenannte Überbrückungsleistungen beantragen. Abgedeckt werden dabei normalerweise für einen 
Monat Kosten für Essen, Kleidung, Unterkunft, medizinische Notversorgung sowie Hilfe bei Schwangerschaft und 
Mutterschaft. Nach Ablauf der ersten drei Monate besteht ein Anspruch auf reguläre Sozialleistungen. Eine 
Erwerbstätigkeit darf nicht ausgeübt werden.
Bei Menschen mit einer Aufenthaltserlaubnis nach Paragraf 24 Aufenthaltsgesetz sieht die Lage anders aus. Sie 
bekommen Leistungen nach dem Asylbewerber-Leistungsgesetz und dürfen arbeiten. Die Aufenthaltserlaubnis gilt 
für ein Jahr und kann auf bis zu drei Jahre verlängert werden. Voraussetzung dafür ist, dass sie sich als Flüchtling 
registrieren lassen. Es steht ihnen in den ersten 18 Monaten des Aufenthalts nur ein eingeschränktes 
medizinisches Versorgungsangebot, nämlich bei akuten Erkrankungen und Schmerzzuständen, zur Verfügung. 
Dazu muss von den Behörden ein Behandlungsschein ausgestellt werden, der dem Arzt vorzulegen ist.
Impfstatus abklären Bei einer privaten Aufnahme von Flüchtlingen sollte auch deren Impfstatus geklärt werden. 
Dem Vernehmen nach sollen in der Ukraine nur rund 35 Prozent der Bevölkerung mit einem in der EU 
zugelassenen Impfstoff vollständig geimpft worden sein. Sie benötigen eine neue Impfserie, die aber nach 
Empfehlung der Ständigen Impfkommission erst vier Wochen nach der letzten Impfung begonnen werden darf.
Mögliche Folgen bedenken Neben den Fragen von Finanzierung und rechtlichem Status müssten sich Privatleute 
auch über andere potenzielle Probleme im Klaren sein, sagt Birgit Naujoks. Zum einen sei da die Sprachbarriere, 
die zu Konflikten führen könnte. „Gut überlegt sein sollte ebenfalls der Zeitraum der Hilfe, ob man sich dauerhaft 
oder übergangsweise engagiert“, erklärt die Geschäftsführerin des Flüchtlingsrates. Von staatlicher Seite könnte 
eine längere Unterstützung schnell als Willenserklärung aufgefasst werden, die Hilfebedürftigen permanent zu 
unterstützen. Zudem befinden sich die Geflüchteten in einer äußerst schwierigen Situation, viele sind traumatisiert. 
Damit umzugehen, sei nicht einfach, sagt Naujoks, und könne auch die Helfer belasten.
Spendensendung bringtfast 4,4 Millionen Euro
Sendung In der Spendensendung „Markus Lanz – ein Abend für die Ukraine“ wurden fast 4,4 Millionen Euro 
gesammelt.
Spenden Seit dem 25. Februar gingen beim Aktionsbündnis bislang 91,3 Millionen Euro ein."
2022-03,Main Corpus,2022-03(50).ZIP,Duisburg holt Flüchtlinge aus Düsseldorf Die Nachbarstadt hat 200 Flüchtlinge übernommen. Die Stadt(2).PDF,C:\PythonProjects\AfD-project\Corpora\Main Corpus\2022-03\raw_unarchive\Duisburg holt Flüchtlinge aus Düsseldorf Die Nachbarstadt hat 200 Flüchtlinge übernommen. Die Stadt(2).PDF,Duisburg holt Flüchtlinge aus Düsseldorf Die Nachbarstadt hat 200 Flüchtlinge übernommen. Die Stadt fordert,duisburg holt flüchtlinge aus düsseldorf die nachbarstadt hat 200 flüchtlinge übernommen die stadt fordert,Rheinische Post,rheinische post,Montag 14. März 2022,Uwe-Jens Ruhnau,S. 17,434,3158,0fa51dd9a0495a3b3aec766395983dc8bc7e4840,exact_002,duplicate_exact,review,,no,,no,,,4040,no,,exact_002,,,"Uwe-Jens Ruhnau
Düsseldorf Es kommen immer mehr Flüchtlinge aus der Ukraine in die Landeshauptstadt. Am Freitagabend waren 
in der Messehalle 6 sowie in Hotels etc. 1419 Ukrainerinnen und Ukrainer untergebracht. Am Samstagabend waren 
es bereits 1946. In der zentralen Anlaufstelle hinter dem Hauptbahnhof sprachen am Samstag 890 Menschen vor; 
in 277 Fällen ging es um die Unterbringung, davon waren mehr als 200 Personen weiblich. Am Sonntag kamen bis 
15 Uhr weitere 600 Menschen zum Bertha-von-Suttner-Platz, von denen mehr als 200 unterzubringen waren.
Manche Flüchtlinge haben Kontakte nach Düsseldorf und suchen Unterschlupf bei Familienangehörigen oder 
Bekannten, sodass eine Gesamtzahl von aktuell 2700 bis 3000 Kriegsflüchtlingen, darunter viele Minderjährige, in 
der Landeshauptstadt wahrscheinlich ist. Am 24. Februar, dem Tag des Überfalls Russlands auf die Ukraine, waren 
in Düsseldorf 5471 Menschen aus der Ukraine gemeldet.
Die Hilfsbereitschaft der Düsseldorfer ist groß, sie übersteigt das Engagement der Flüchtlingswelle von 2015/16. 
Bislang sind mehr als 4000 E-Mails bei der zentralen Adresse ukraine-hilfe@duesseldorf.de eingegangen. Darunter 
sind zahlreiche Angebote von Privatpersonen, die Wohnraum zur Verfügung stellen würden. Sie sollen jetzt 
systematisiert erfasst werden; eine Schlafgelegenheit auf dem Sofa ist etwas anderes als eine Einliegerwohnung, 
auch die Dauer der Verfügbarkeit spielt eine Rolle.
Klar ist, dass Düsseldorf als Anlaufpunkt attraktiv ist und deshalb Unterstützung benötigt. Die kam am Freitag von 
der Nachbarstadt Duisburg, die 200 Flüchtlinge aufgenommen hat, die zunächst in Düsseldorf angekommen waren. 
„Die Flüchtlinge wurden abgeholt“, sagt Stadtdirektor Burkhard Hintzsche, der Leiter des Düsseldorfer Krisenstabs. 
„Eine tolle Art der kommunalen Zusammenarbeit in einer schwierigen Zeit.“

Duisburg holt Flüchtlinge aus Düsseldorf Die Nachbarstadt hat 200 Flüchtlinge übernommen. Die Stadt fordert 
eine gerechte Verteilung.
Die Stadt begrüßt, dass die Landesregierung den Städten mobile Teams zur Unterstützung anbietet. Es wäre aus 
Sicht der Stadtspitze jedoch wünschenswert, wenn das Land die Registrierung und die gerechte Verteilung der 
Flüchtlinge in Nordrhein-Westfalen übernehmen würde. Dafür könnte es ein Landes-Drehkreuz am Fernbahnhof 
des Flughafens geben, heißt es aus dem Krisenstab der Stadt. „Wir würden eine solche Lösung unterstützen“, sagt 
Hintzsche.
Aus Kreisen der ehrenamtlichen Helfer wird von schwierigen Verhältnissen in der Messehalle 6 berichtet. Die Halle 
sei nicht beheizt, die Menschen hätten nachts gefroren, weil es nicht genug Decken gebe. Die Verteilung von 
Decken auf Privatinitiative hin wäre durch Security-Kräfte unterbunden worden. Hintzsche bestätigt anfängliche 
Heizprobleme und den Deckenmangel, beides sei der Plötzlichkeit der Unterbringung geschuldet gewesen. Das 
DRK habe nun Decken geliefert. Die Flüchtlinge würden abgeschirmt, weil viele von ihnen traumatisiert seien und 
es aus der Flüchtlingskrise von 2015 die Erfahrung gebe, dass Drückerkolonnen für Handyverträge etc. versuchen 
würden, die Notlage der Flüchtlinge auszunutzen."
2022-03,Main Corpus,2022-03(50).ZIP,Duisburg holt Flüchtlinge aus Düsseldorf Die Nachbarstadt hat 200 Flüchtlinge übernommen. Die Stadt.PDF,C:\PythonProjects\AfD-project\Corpora\Main Corpus\2022-03\raw_unarchive\Duisburg holt Flüchtlinge aus Düsseldorf Die Nachbarstadt hat 200 Flüchtlinge übernommen. Die Stadt.PDF,Duisburg holt Flüchtlinge aus Düsseldorf Die Nachbarstadt hat 200 Flüchtlinge übernommen. Die Stadt fordert,duisburg holt flüchtlinge aus düsseldorf die nachbarstadt hat 200 flüchtlinge übernommen die stadt fordert,Rheinische Post,rheinische post,Montag 14. März 2022,Uwe-Jens Ruhnau,S. 17,434,3158,0fa51dd9a0495a3b3aec766395983dc8bc7e4840,exact_002,duplicate_exact,review,,no,,no,,,4053,no,,exact_002,,,"Uwe-Jens Ruhnau
Düsseldorf Es kommen immer mehr Flüchtlinge aus der Ukraine in die Landeshauptstadt. Am Freitagabend waren 
in der Messehalle 6 sowie in Hotels etc. 1419 Ukrainerinnen und Ukrainer untergebracht. Am Samstagabend waren 
es bereits 1946. In der zentralen Anlaufstelle hinter dem Hauptbahnhof sprachen am Samstag 890 Menschen vor; 
in 277 Fällen ging es um die Unterbringung, davon waren mehr als 200 Personen weiblich. Am Sonntag kamen bis 
15 Uhr weitere 600 Menschen zum Bertha-von-Suttner-Platz, von denen mehr als 200 unterzubringen waren.
Manche Flüchtlinge haben Kontakte nach Düsseldorf und suchen Unterschlupf bei Familienangehörigen oder 
Bekannten, sodass eine Gesamtzahl von aktuell 2700 bis 3000 Kriegsflüchtlingen, darunter viele Minderjährige, in 
der Landeshauptstadt wahrscheinlich ist. Am 24. Februar, dem Tag des Überfalls Russlands auf die Ukraine, waren 
in Düsseldorf 5471 Menschen aus der Ukraine gemeldet.
Die Hilfsbereitschaft der Düsseldorfer ist groß, sie übersteigt das Engagement der Flüchtlingswelle von 2015/16. 
Bislang sind mehr als 4000 E-Mails bei der zentralen Adresse ukraine-hilfe@duesseldorf.de eingegangen. Darunter 
sind zahlreiche Angebote von Privatpersonen, die Wohnraum zur Verfügung stellen würden. Sie sollen jetzt 
systematisiert erfasst werden; eine Schlafgelegenheit auf dem Sofa ist etwas anderes als eine Einliegerwohnung, 
auch die Dauer der Verfügbarkeit spielt eine Rolle.
Klar ist, dass Düsseldorf als Anlaufpunkt attraktiv ist und deshalb Unterstützung benötigt. Die kam am Freitag von 
der Nachbarstadt Duisburg, die 200 Flüchtlinge aufgenommen hat, die zunächst in Düsseldorf angekommen waren. 
„Die Flüchtlinge wurden abgeholt“, sagt Stadtdirektor Burkhard Hintzsche, der Leiter des Düsseldorfer Krisenstabs. 
„Eine tolle Art der kommunalen Zusammenarbeit in einer schwierigen Zeit.“

Duisburg holt Flüchtlinge aus Düsseldorf Die Nachbarstadt hat 200 Flüchtlinge übernommen. Die Stadt fordert 
eine gerechte Verteilung.
Die Stadt begrüßt, dass die Landesregierung den Städten mobile Teams zur Unterstützung anbietet. Es wäre aus 
Sicht der Stadtspitze jedoch wünschenswert, wenn das Land die Registrierung und die gerechte Verteilung der 
Flüchtlinge in Nordrhein-Westfalen übernehmen würde. Dafür könnte es ein Landes-Drehkreuz am Fernbahnhof 
des Flughafens geben, heißt es aus dem Krisenstab der Stadt. „Wir würden eine solche Lösung unterstützen“, sagt 
Hintzsche.
Aus Kreisen der ehrenamtlichen Helfer wird von schwierigen Verhältnissen in der Messehalle 6 berichtet. Die Halle 
sei nicht beheizt, die Menschen hätten nachts gefroren, weil es nicht genug Decken gebe. Die Verteilung von 
Decken auf Privatinitiative hin wäre durch Security-Kräfte unterbunden worden. Hintzsche bestätigt anfängliche 
Heizprobleme und den Deckenmangel, beides sei der Plötzlichkeit der Unterbringung geschuldet gewesen. Das 
DRK habe nun Decken geliefert. Die Flüchtlinge würden abgeschirmt, weil viele von ihnen traumatisiert seien und 
es aus der Flüchtlingskrise von 2015 die Erfahrung gebe, dass Drückerkolonnen für Handyverträge etc. versuchen 
würden, die Notlage der Flüchtlinge auszunutzen."
2022-03,Main Corpus,2022-03(50).ZIP,"Eine zu hohe Zahl von Einzelfällen Mehr als die Hälfte der Menschen, die abgeschoben werden, holt di.PDF","C:\PythonProjects\AfD-project\Corpora\Main Corpus\2022-03\raw_unarchive\Eine zu hohe Zahl von Einzelfällen Mehr als die Hälfte der Menschen, die abgeschoben werden, holt di.PDF","Eine zu hohe Zahl von Einzelfällen; Mehr als die Hälfte der Menschen, die abgeschoben werden, holt die",eine zu hohe zahl von einzelfällen mehr als die hälfte der menschen die abgeschoben werden holt die,"taz, die tageszeitung",taz die tageszeitung,Dienstag 01. März 2022,Susanne Memarnia,BERLIN AKTUELL; S. 22,516,3673,2ce062eb3b358d4f175827366167d33a43baf909,,unique,keep,,no,,no,,,5064,no,,,,,"Von Susanne Memarnia
In Sachen Abschiebepolitik hält sich Rot-Grün-Rot weiterhin nicht an seine eigenen Vereinbarungen. Dies geht aus 
einer Antwort der Innenverwaltung auf eine Anfrage des migrationspolitischen Sprechers der Grünen-Fraktion im 
Abgeordnetenhaus, Jian Omar, hervor, die der taz exklusiv vorliegt.
Danach wurden mehr als die Hälfte der 1.126 Menschen, die im Zeitraum von 1. Januar 2021 bis 31. Januar 2022 
abgeschoben wurden, zur Nachtzeit aus ihrer Unterkunft oder Wohnung geholt. Ganz genau erfolgten 645 
Festnahmen in der Zeit zwischen 00:00 und 06:00 Uhr , schreibt die Innenverwaltung. Omar sagte dazu: 
Nächtliche Abholungen zum Zweck der Abschiebung sind äußerst belastend, insbesondere für Familien mit 
Kindern. Genau deswegen haben wir als rot-grün-rote Koalition vereinbart, dass auf nächtliche Abschiebungen 
verzichtet werden soll. 
Rechtlich und politisch ist die Sache eigentlich klar geregelt: Laut dem 2019 geänderten Aufenthaltsgesetz darf die 
Wohnung eines Abschiebekandidaten nur in Ausnahmen zur Nachtzeit betreten oder durchsucht werden. Auch in 
einer Vereinbarung zwischen Innen- und Sozialverwaltung von Ende 2019 heißt es, im begründeten Einzelfall (ist) 
auch ein Betreten oder Durchsuchen zur Nachtzeit (ganzjährig von 21:00 bis 06:00) zu ermöglichen .
Im neuen Koalitionsvertrag von Rot-Grün-Rot steht sogar explizit: Auf nächtliche Abschiebungen, insbesondere bei 
Familien mit Kindern, alten Menschen und Menschen mit Behinderung oder schwerer Erkrankung, soll verzichtet 
werden. 

Eine zu hohe Zahl von Einzelfällen; Mehr als die Hälfte der Menschen, die abgeschoben werden, holt die 
Polizei nachts ab obwohl dies nur in Einzelfällen erlau....
Dass dennoch mehr als die Hälfte der Abschiebungen zu dieser Zeit passieren, begründet die Verwaltung nebulös 
mit verbindlichen Vorgaben der Zielstaaten zu Abflug- und Ankunftszeiten . Allerdings ist die Organisation einer 
Abschiebung laut Aufenthaltsgesetz kein Grund für eine nächtliche Festnahme. Die hohe Zahl nächtlicher 
Abschiebungen hatte auch der Berliner Flüchtlingsrat in der Vergangenheit verschiedentlich kritisiert.
Schon die an sich hohe Zahl von Abschiebungen aus Berlin ist kritikwürdig, findet Omar. Dies sei ein 
Armutszeugnis für eine Regierung, die allenthalben betone, dass Berlin ein sicherer Hafen sei. Auch dass Berlin 
im vorigen Jahr zumindest vereinzelt Afghanen abgeschoben hat, könne er nicht nachvollziehen. Laut Antwort 
wurden im Januar zwei Afghanen abgeschoben, im März einer also zu einem Zeitpunkt, als die Lage dort schon 
dramatisch war .
Auffällig ist, dass weiterhin der überwiegende Teil der Abschiebungen Menschen aus Moldau betrifft. Allein im 
Januar dieses Jahres gingen 84 (von 101) Abschiebungen dorthin, im vorigen Jahr waren es 409 von 1.005. Die 
meisten von ihnen sind offenbar Rom*nja, die in dem bitterarmen Land laut einem aktuellen Bericht von Pro Asyl 
und Berliner Flüchtlingsrat systematisch diskriminiert werden und dennoch hier kein faires Asylverfahren 
bekommen. Die meisten, die in Deutschland Asyl beantragen, werden in Berlin untergebracht und schlecht 
behandelt, etwa durch Unterbringung in separaten Unterkünften, kritisiert der Bericht.
Einen weiteren Regelbruch sieht Omar in der Tatsache, dass allein im Januar 121 Menschen abgeschoben 
wurden, obwohl man laut neuem Koalitionsvertrag auf Winterabschiebungen verzichten will. Im Winter soll auf 
Abschiebungen verzichtet werden, wenn Witterungsverhältnisse dies humanitär gebieten , heißt es dort. Ich 
erwarte, dass sich der gesamte Senat an den Koalitionsvertrag hält , sagte Omar vor allem in Richtung der neuen 
Innensenatorin Iris Spranger (SPD)."
2022-03,Main Corpus,2022-03(50).ZIP,Emden stellt sich auf große Zahl von Flüchtlingen ein Ukraine -Krieg Verwaltung richtet kommende Woc.PDF,C:\PythonProjects\AfD-project\Corpora\Main Corpus\2022-03\raw_unarchive\Emden stellt sich auf große Zahl von Flüchtlingen ein Ukraine -Krieg Verwaltung richtet kommende Woc.PDF,Emden stellt sich auf große Zahl von Flüchtlingen ein Ukraine -Krieg Verwaltung richtet kommende Woche ein,emden stellt sich auf grosse zahl von flüchtlingen ein ukraine krieg verwaltung richtet kommende woche ein,Nordwest-Zeitung,nordwestzeitung,18. März 2022,,EZ_LOKAL; S. 1,413,2966,6c96d6135bf0e9ff815b238d0333efdcc4d5a698,,unique,keep,,no,,no,,,4128,no,,,,,"Emden/kor - Weil sich die Flüchtlings-Situation nach dem russischen Angriff auf die Ukraine drastisch verändert 
hat, rechnet die Stadt bereits in den nächsten vier bis zehn Tagen mit einer größeren Zahl von Flüchtlingen, die der 
Kommune über die Landesaufnahmebehörde in Hannover zugewiesen wird. Das teilte Stadtrat Volker Grendel am 
Mittwochabend im Jugendhilfeausschuss mit und informierte zusätzlich über die Vorbereitungen zur Aufnahme und 
Versorgung der Kriegsflüchtlinge.
Vor zwei Wochen hatte die Stadt im Schulterschluss mit den Wohlfahrtsverbänden und Kirchen zur Bündelung aller 
Hilfen aufgerufen (wir berichteten), um eine professionelle Koordinierung von Angebot und Nachfrage auf die Beine 
zu stellen. Dabei konnte viel Wohnraum akquiriert werden, teilte Grendel mit. Grendel ist allerdings ein wenig 
besorgt darüber, dass der Wohnraum nicht zeitgerecht mit dem Notwendigsten ausgestattet werden kann. Das ist 
alles nicht so einfach , betonte er. Dennoch hält die Stadt wie schon bei der Flüchtlingswelle 2015/16 an einer 
dezentralen Unterbringung der Hilfesuchenden fest. Befürchtet werden bei anhaltendem Zufluss aber auch 
Engpässe.
Die Entwicklung zeigt: Die Aufnahmekapazität einiger Großstädte ist bereits erschöpft. Mit welchen 
Zuwanderungszahlen Emden rechnen muss, ist kaum abzuschätzen. Die Verwaltung wird deshalb zusätzlich ein 
Ankunftszentrum mit 50 bis 100 Plätzen einrichten. Grendel: Ein Konzept steht. Im Gespräch ist die Schule 
Barenburg. Dort soll auch die Registrierung erfolgen. Die Geflüchteten sollen maximal einen Monat dort bleiben, um 
dann dezentral Wohnraum zu beziehen.

Emden stellt sich auf große Zahl von Flüchtlingen ein Ukraine -Krieg Verwaltung richtet kommende Woche ein 
Ankunftszentrum ein
Momentan sind schon 180 Flüchtlinge aus der Ukraine in Emden aufgenommen worden, sagte Grendel. Sie sind 
zumeist privat bei Verwandten untergebracht, aber auch in Hotels. Davon waren bisher lediglich acht Flüchtlinge 
über das Land zugewiesen worden. Mehr als die Hälfte der 180 Menschen sind Kinder und Jugendliche, betonte 
Grendel. Tom Sprengelmeyer, Fachbereichsleiter Jugend, Schule und Sport, erwartet aber auch die Ankunft 
ukrainischer Kinder und Jugendliche ohne Begleitperson.
Um sie versorgen und betreuen zu können, hatte die Stadt Gastfamilien gesucht (wir berichteten). Nach einem 
Informationsabend in der vergangenen Woche erklärten sich 54 Gastfamilien aus Emden und weitere zehn 
Familien aus den benachbarten Landkreisen bereit, ein Kind oder einen Jugendlichen bei sich aufzunehmen.
Für Kinder und Jugendliche, aber auch speziell auch für Mütter mit jungen Kindern wird in Räumen der VHS-
Zentrale eine Betreuungs- und Bildungsberatung eingerichtet. Dort soll auch eine ärztliche Betreuung erfolgen. 
Dabei geht es auch um den Impfstatus, da angenommen wird, dass viele gegen Corona den Impfstoff Sputnik 
erhalten haben. Dieser ist aber in der EU nicht anerkannt.
PDF-Datei dieses Dokuments"
2022-03,Main Corpus,2022-03(50).ZIP,Es wird mehr brauchen Die Neubauziele der Bundes- und Berlins Landesregierung sind angesichts der Fl.PDF,C:\PythonProjects\AfD-project\Corpora\Main Corpus\2022-03\raw_unarchive\Es wird mehr brauchen Die Neubauziele der Bundes- und Berlins Landesregierung sind angesichts der Fl.PDF,Es wird mehr brauchen Die Neubauziele der Bundes- und Berlins Landesregierung sind angesichts der,es wird mehr brauchen die neubauziele der bundes und berlins landesregierung sind angesichts der,Der Tagesspiegel,der tagesspiegel,Samstag 19. März 2022,Reinhart Bünger,IMMOBILIEN FQT:SPÄT; S. I01; Ausg. Der Tagesspiegel Nr. 24838 VOM 19.03.2022 SEITE I01,1646,12179,cdba3aabedb377dfd3e23e5f3dfa91782f30512e,,unique,keep,,no,,no,,,13706,no,,,,,"Die Zahl der in Deutschland ankommenden Flüchtlinge aus der Ukraine nimmt auch drei Wochen nach 
Kriegsbeginn weiter zu. ""Für Unterbringung und Integration müssen etwa 1000 Euro pro Person und Monat 
angesetzt werden"", sagte der Verbandshauptgeschäftsführer des Deutschen Städte- und Gemeindebundes, Gerd 
Landsberg, einem Pressebericht zufolge. ""Wir stehen vor riesigen Herausforderungen bei der Unterbringung und 
Versorgung."" Der Deutsche Städte- und Gemeindebund rechnet mit Milliardenkosten durch Flüchtlinge aus der 
Ukraine.
Die Immobilienwirtschaft rechnet mit einem kurzfristigen Bedarf von Hunderttausenden Wohnungen in Deutschland. 
Das zeigt eine Analyse, die der Spitzenverband Zentraler Immobilien-Ausschuss (ZIA) in dieser Woche in Berlin 
vorlegte. Demnach dürfte die Zahl der Flüchtenden aus dem Kriegsland im günstigsten Szenario bei mindestens 
310 000 liegen, was 120 000 zusätzlichen Wohnungen entspreche. Im mittleren Szenario müsse sich Deutschland 
auf etwa 810 000 Flüchtende und einen Bedarf an 310 000 Wohnungen einstellen, wie das Forschungsinstitut 
Empirica für den ZIA berechnete. Im Maximalfall seien es bis zu 1,29 Millionen Menschen aus der Ukraine und 500 
000 zusätzliche Wohnungen.
Seit Beginn des russischen Angriffs sind bereits rund 200 000 Menschen aus der Ukraine nach Deutschland 
eingereist und dabei registriert worden, teilte die Bundesregierung am Donnerstag mit. Die meisten Flüchtlinge sind 
Frauen und Kinder. Erfasst werden allerdings nur Geflüchtete, die von der Bundespolizei festgestellt werden, etwa 
an der österreichisch-bayerischen Grenze, an Bahnhöfen oder in Zügen. Da es keine Registrierungspflicht gebe, 
könne die Zahl aber noch höher sein, sagt Regierungssprecher Steffen Hebestreit. ""Da kommt einiges auf uns zu"", 
ergänzte er.
""Berlin wird - unabhängig von der Verteilung über den Königsteiner Schlüssel - am Ende vielleicht mit Hamburg und 
München den größten Bevölkerungszuwachs durch die Geflüchteten aus der Ukraine haben"", sagte dem 
Tagesspiegel Susanne Klabe, Geschäftsführerin des Landesverbands Berlin-Brandenburg des Bundesverbands 
Freier Immobilien- und Wohnungsunternehmen (BFW). Sie verwies auf die rechtlich verbriefte Bewegungsfreiheit 
für die Ankommenden, die sogenannten Drittstaatsangehörigen (Personen aus einem Land außerhalb der EU), in 

Es wird mehr brauchen Die Neubauziele der Bundes- und Berlins Landesregierung sind angesichts der 
Flüchtlingsströme bereits überholt
Deutschland: ""Selbst, wenn die Menschen für die Erstaufnahme auf das Bundesgebiet verteilt werden, Berlin wird 
Anziehungspunkt bleiben, die Menschen werden dahin gehen, wo sie ihrer Heimat nah sind"", sagte Klabe auf 
Anfrage: ""Viele Freunde und Familienangehörige sind im Nachbarland Polen ansässig oder angekommen. Die 
Menschen werden dahin gehen, wo es eine große ukrainische Community mit ihren Netzwerken gibt. Damit liegt 
Berlin ganz vorne.""
Bei der Bewältigung der humanitären Krise spielt die Immobilienwirtschaft in der Flüchtlingswelle eine 
Schlüsselrolle. In der Hauptstadt bieten mehrere Unternehmen kostenfrei Zimmer an. So öffneten der Serviced-
Apartments-Anbieter limehome, die Immobilienentwicklungsgesellschaft Native Capital und Mount Real Estate 
Capital Partners ein ehemaliges Hotel mit 50 Zimmern in der Stresemannstraße 36 in Berlin für Geflüchtete. Das 
kostenfreie Angebot mit einer Kapazität von neunzig Personen pro Nacht startete am 11. März. Es handelt sich um 
eine kurzfristige Zwischennutzung, bevor das Gebäude im Frühjahr 2022 umfassend renoviert wird. Die Aktion ist 
derzeit bis zum 31. März begrenzt. Der zukünftige Betreiber limehome, der sich im Moment auch mit Personal vor 
Ort engagiert, sei Teil der Initiative everybedhelps und werde auch nach dem Ende der Aktion in der 
Stresemannstraße freie Zimmer im Rahmen des normalen limehome-Angebots an Geflüchtete zur Verfügung 
stellen, sagte Volker Binnenböse, Sprecher der Initiative. Am Mittwoch waren 36 Zimmer mit 65 Erwachsenen und 
14 Kindern im Alter von 1 bis 85 Jahren belegt. Die Projektpartner werden unterstützt durch die Lebensmittelkette 
Edeka, die Rechtsanwaltskanzlei GSK Stockmann hilft bei der rechtlichen und vertraglichen Umsetzung; der Rotary 
Club Berlin leistet tatkräftige Hilfe vor Ort.
Seit Anfang des Monats kommen Geflüchtete auch im Upstalsboom Hotel Friedrichshain unter, das in die Insolvenz 
ging. Hier wurde innerhalb von fünf Tagen Platz für rund 300 Menschen in einem still gelegten Hotel geschaffen. 
Kathrin Weidemeier, Geschäftsführerin des Unionshilfswerks, ist Mitinitiatorin dieses Projekts. Sie wurde am 1. 
März Hannah Kreinsen von der Senatsverwaltung für Integration, Arbeit und Soziales kontaktiert. Kreinsen, 
zuständig für Wohnungslosenhilfe und -politik, fragte, ob das Unionshilfswerk bei der Reaktivierung des Hotels 
unterstützen könne. Im Gegenzug sicherte Kreinsen unkomplizierte, finanzielle Unterstützung zu. Mark Seibert, 
verantwortlich für den Krisenstab K1 bei der Senatsverwaltung, nahm dann Kontakt zu der Primus Immobilien AG 
auf, der Inhaberin des Gebäudekomplexes. Ursprünglich sollten Teile des ehemaligen Hotels ab Ende April bis 
Ende August für die Kältehilfe der Berliner Stadtmission und die andere Hälfte als Quarantänestation für 
Obdachlose bereitgestellt werden, betrieben vom Unionshilfswerk. Primus-Vorstand Sebastian Fischer und 
Projektmanager Kevin Fiedler (Primus Immobilien AG) wurden abends mit dem geänderten Konzept konfrontiert. 
Anderthalb Stunden später sagten sie zu. Fischer aktivierte die zuständige Verwaltungsgesellschaft IWS, um die 
technische Infrastruktur wieder in Gang zu setzen. Zeitgleich schaltete sich die Berliner Stadtmission ein. Clemens 
Müller, Unionshilfswerk, startet einen Aufruf, dem eine Stunde später bereits fünfzig Freiwillige folgten. Gemeinsam 
bezogen sie noch vor Mitternacht 270 Betten, organisierten Lebensmittel, Sicherheitspersonal sowie eine 
Brandwache.
Von den sieben Stockwerken sind zwei als Quarantänestationen vorgesehen. Dort werden mit Corona Infizierte mit 
vier Mahlzeiten am Tag versorgt. Aktuell handeln alle Beteiligten noch in einem vertragslosen Raum auf eigenes 
finanzielles Risiko. Auch der Status der Unterkunft und der Geflüchteten ist noch ungeklärt. Offen zudem, wie und 
wo es mit den Geflüchteten weitergeht. ""Warum soll ich denn Deutsch lernen? Wir fahren doch bald wieder nach 
Hause"", zitiert Anna Vaskova, russischstämmige Grundschullehrerin in Berlin, einen kleinen Jungen, dem sie 
täglich in kurzen Unterrichtseinheiten in einem kleinen Spielzimmer etwas Normalität bietet. Seine Mutter hätte es 
bisher nicht übers Herz gebracht, ihrem Sohn die Wahrheit zu sagen.
Über die Buchungsplattform #HospitalityHelps bieten Hotelgruppen wie Accor, Hilton, IHG und Marriott sowie 
unabhängige Hotels Zimmer für Flüchtlinge an. Sie sind für weitere Betreiber offen, und bitten Hoteliers sich bei 
ihnen zu melden. In Berlin stellten das Hilton 118, das Marriot 57, die Dorinthotels 37, Accor 21, IHG 14, Radisson 
13 und unabhängige Hotel 98 Zimmer zur Verfügung (Stand: Mittwochabend).
Die Erstunterbringung und -versorgung ist indes das eine, die Unterbringung in einer Wohnung das andere. Muss 
die Bundesrepublik Deutschland, muss Berlin sein Neubauziele korrigieren? Die so genannten Immobilienweisen 
glauben ohnehin nicht, dass die Bundesregierung das Neubauziel von 400 000 Wohnungen pro Jahr schaffen wird. 
Es wird mehr brauchen Die Neubauziele der Bundes- und Berlins Landesregierung sind angesichts der 
Flüchtlingsströme bereits überholt
Und ob es Rot-Grün-Rot gelingt, in der Bundeshauptstadt bis 2030 rund 200 000 Wohnungen zu bauen, darf mit 
Blick auf die seit Jahren rückläufige Zahl an Baugenehmigungen ebenfalls bezweifelt werden.
""Richtig Alarm machen wir aber nicht"", sagt Harald Simons, Vorstandsmitglied beim Forschungsinstitut empirica 
AG. ""Jetzt eine Diskussion über Zielzahlen zu machen, bringt nichts. Denn wir erreichen sowieso die 400 000 
Neuwohnungen nicht. Wir müssen es in irgendeiner Form hinbekommen, dass wir beim Bauen schneller werden"", 
sagt er. Das Problem bestehe darin, dass diese Erkenntnis nicht neu sei ""und es gelingt uns trotzdem nicht"". 
Simons, als ""Immobilienweiser"" einer der profiliertesten Immobilienexperten Deutschlands, glaubt, dass die 
Ukrainer die angespannten Wohnungsmärkte überproportional verlassen - wie zuvor auch die syrischen Flüchtlinge 
- und dorthin gehen, wo sie eine Wohnung finden. Denn Arbeit bekämen sie überall. In der mittleren Frist sollten 
keine ""Baracken"" zur Unterbringung gebaut werden. Es seien gut ausgebildete Doppelverdienerhaushalte zu 
erwarten. Die Frauenerwerbsquote sei ""gigantisch"", so Simons. Und diese Flüchtlinge wollten eine ordentliche 
Wohnung oder ein Haus beziehen.
Auch der BBU Verband Berlin-Brandenburgischer Wohnungsunternehmen e. V. konstatiert, dass es zu wenig 
Wohnungen in den Ballungsräumen gibt. ""Entweder man verteilt die Flüchtlinge oder man baut verstärkt in den 
Ballungsräumen"", sagt BBU-Sprecher David Eberhart: ""Schwierig zu sagen, wie viele hierbleiben und wie viele 
weiterziehen.""
Berlins Senatsverwaltung für Stadtentwicklung und Wohnen hält es noch für zu früh für Prognosen, zu früh für ein 
mögliches Update der Neubauziele. ""Wir unterstützen die Senatsverwaltung für Integration, Arbeit und Soziales 
beim Thema Unterbringung durch Begleitung in Bauaufsichts- und Planungsrechtsfragen, der Prüfung von 
Grundstücken für Unterbringungsmöglichkeiten und bauen in enger Abstimmung mit dem BBU ein Portal für 
Angebote der Wohnungsunternehmen für diesen Zweck auf"", sagt eine Sprecherin. Ein Runden Tisch mit 
Vertretern der Immobilienwirtschaft ist zu diesem Thema nicht geplant: ""Bitte wenden Sie sich an die zuständige 
Senatsverwaltung für Integration, Arbeit und Soziales.""
Der Berliner Landesband des BFW weist darauf hin, dass die Zahl der tatsächlich benötigten Wohnungen bereits 
ohne den Überfall auf die Ukraine und den Beginn der Flüchtlingsströme umstritten gewesen sei. Durch die 
Pandemie habe sich für Berlin über die letzten zwei Jahre kein klares Bild ergeben. ""Wir waren der Auffassung, 
dass es nicht allein auf die Zahl der Dazukommenden ankommt, sondern auf den Rückstau fehlender Wohnungen, 
der ohne zusätzlich wachsende Bevölkerung besteht"", sagt Susanne Klabe. Wesentlich für die Beurteilung sei 
zunächst die Einschätzung, wie viele Wohnungen angesichts der bisherigen Bevölkerungsentwicklung fehlen, wie 
die nächste Bevölkerungsprognose ohne den Effekt aussieht, der durch die Geflüchteten entsteht. Doch die 
Geschäftsführerin glaubt: ""Die ursprünglich für Berlin in Ansatz gebrachten 200 000 Wohnungen in den 
kommenden Jahren werden nicht reichen. Es wird mehr brauchen. Es braucht Wohnungen für alle, die hier 
Wurzeln geschlagen haben oder schlagen wollen und das nicht im Berliner, nicht im Schneckentempo.""
Axel Gedaschko, Präsident des Spitzenverbandes der Wohnungswirtschaft GdW, hält die Zuwanderung für den 
entscheidenden Faktor für den Neubaubedarf. ""Je nachdem, wie lange der Krieg in der Ukraine anhält, wie sich die 
Situation generell weiterentwickelt und wie viele Geflüchtete dauerhaft in Deutschland bleiben werden, müssen in 
den kommenden Jahren also wohl mindestens 400 000 neue Wohnungen jährlich gebaut werden, im Zweifel sogar 
mehr. Auf Bundesebene sollte es zügig einen Flüchtlingsgipfel geben."" Mitarbeit: Pascal Vent
Graphic
 
Hotels als Notunterkunft. Hier kommen die ersten 50 Flüchtlinge aus der Ukraine mit einem Bus im Rottenburger 
Hotel Convita an (Kreis Tübingen). Die Initiative #touristikhilft (www.touristik-hilft.de) unterstützt Flüchtlinge mit 
Unterkünften und mehr. Hinter der Initiative stehen deutsche Reiseverbände und Touristiker (HSMA, VIR, ASR, Dt. 
Ferienhausverband, DRV). Foto: IMAGO/ULMER Pressebildagentur
Es wird mehr brauchen Die Neubauziele der Bundes- und Berlins Landesregierung sind angesichts der 
Flüchtlingsströme bereits überholt
Das Upstalsboom Hotel Friedrichshain ist jetzt eine Flüchtlingsunterkunft. Der Geschäftsbetrieb wurde Ende 
September 2020 endgültig eingestellt. Foto: Primus Immobilien AG
Foto: Primus Immobilien AG
S. Fischer,
Primus AG R"
2022-03,Main Corpus,2022-03(50).ZIP,Experten fordern einfache Integration von Flüchtlingen Die Hürden zur Arbeitsaufnahme in Deutschland(2).PDF,C:\PythonProjects\AfD-project\Corpora\Main Corpus\2022-03\raw_unarchive\Experten fordern einfache Integration von Flüchtlingen Die Hürden zur Arbeitsaufnahme in Deutschland(2).PDF,Experten fordern einfache Integration von Flüchtlingen Die Hürden zur Arbeitsaufnahme in Deutschland sollten,experten fordern einfache integration von flüchtlingen die hürden zur arbeitsaufnahme in deutschland sollten,Rheinische Post,rheinische post,Freitag 4. März 2022,Birgit Marschall und Jana Wolf,S. 4,617,4689,5b893af733212b8ca52ac592f7eaa914880a6b5f,exact_003,duplicate_exact,review,,no,,no,,,6206,no,,exact_003,,,"Birgit Marschallund Jana Wolf
Berlin Eine Million Menschen sind bereits aus der Ukraine geflohen, und es werden noch deutlich mehr werden. 
Viele von ihnen kommen auch in Deutschland an. Die Bereitschaft zur Hilfe ist groß. Mittelfristig stellt sich jedoch 
die Frage der Integration der Flüchtlinge auf dem Arbeitsmarkt. Migrationsforscher und Politiker forderten 
großzügige Lösungen beim Aufenthaltsstatus und bei der Arbeitserlaubnis.
Die EU-Innenminister einigten sich am Donnerstag in Brüssel auf einen einheitlichen Aufenthaltsstatus für die 
ukrainischen Flüchtlinge. Angestrebt werden soll die einheitliche Anwendung einer EU-Richtlinie von 2001 für den 
„vorübergehenden Schutz“, die sich auf die damaligen Jugoslawien-Flüchtlinge bezogen hatte. Demnach könnten 
die Ukrainer zunächst für ein Jahr in einem EU-Land ihrer Wahl bleiben, ohne ein Asylverfahren durchlaufen zu 
müssen. Der Aufenthaltsstatus würde sich automatisch um ein halbes Jahr verlängern, solange der 
vorübergehende Schutz nicht beendet wird, maximal wären so bis zu zwei Jahre Aufenthalt möglich. Per 
Mehrheitsbeschluss könnten die Staaten die Regelung um noch ein weiteres Jahr verlängern.
In dieser Zeit könnten die Flüchtlinge problemlos eine selbstständige Tätigkeit aufnehmen. Auch eine abhängige 
Beschäftigung wäre möglich, allerdings müsste dieser in Deutschland voraussichtlich die Bundesagentur für Arbeit 
(BA) zustimmen. Ein langwieriges Asylverfahren ist für die Geflüchteten nicht nötig. Zugleich werden ihnen 
Mindeststandards wie der Zugang zu Sozialhilfe und eine Arbeitserlaubnis garantiert.
„Mit Hochdruck arbeitet die Bundesregierung gemeinsam mit der europäischen Ebene daran, den Schutzstatus der 
geflüchteten Menschen zu klären. Davon hängt eine Vielzahl von aufenthalts- und sozialrechtlichen Fragen ab, 

Experten fordern einfache Integration von Flüchtlingen Die Hürden zur Arbeitsaufnahme in Deutschland sollten 
für die Menschen aus der Ukraine niedrig und unbüro....
hierzu gehört auch der Zugang zum Arbeitsmarkt sowie zu Integrations- und Sprachkursen“, sagte eine Sprecherin 
des Bundesarbeitsministeriums.
Migrationsforscher drängten die Bundesregierung zu einer großzügigen Regelung. „Es wäre klug, den Flüchtlingen 
aus der Ukraine eine längerfristige Perspektive zu bieten, damit sie sich auf dem Arbeitsmarkt wirklich integrieren 
können. Ein Jahr ist zu kurz, drei Jahre sind besser“, sagte Herbert Brücker, Chef-Migrationsforscher am Institut für 
Arbeitsmarkt- und Berufsforschung (IAB) der Bundesagentur für Arbeit: „Insofern ist die sich abzeichnende 
Einigung der EU-Staaten auf zunächst nur ein einjähriges Aufenthaltsrecht für Ukrainer noch unzureichend. Der 
Aufenthaltsstatus nach der Genfer Flüchtlingskonvention würde dagegen einen Aufenthalt für drei Jahre 
ermöglichen und die Aufnahme einer abhängigen Beschäftigung erleichtern. Das sollte die Bundesregierung 
schnell im Aufenthaltsgesetz regeln.“
„Deutschland ist nicht per se das Haupt-Zielland der Flüchtlinge aus der Ukraine“, erklärte der IAB-Experte. Sie 
hätten größere Gemeinschaften in Polen, Italien, Spanien, Tschechien oder auch in den USA und Kanada. Viele 
Flüchtlinge gingen zunächst dorthin, wo sie Freunde und Verwandte fänden: „Doch je länger sich der Krieg hinzieht 
oder je klarer sich abzeichnen würde, dass ihre Heimat von Russland dauerhaft besetzt bleibt, werden sich die 
Menschen überlegen, wo sie dauerhaft leben wollen. Und da rückt Deutschland als Land mit Wohlstand und guter 
Beschäftigungsperspektive natürlich stärker in den Fokus.“
Auch die Grünen forderten einen schnellen und unbürokratischen Zugang zum Arbeitsmarkt. „Der Zugang zum 
Arbeitsmarkt muss für alle Geflüchteten aus der Ukraine von Anfang an möglich sein, unabhängig von ihrem Pass. 
Eine Beschäftigungserlaubnis sollte daher unbürokratisch auch ohne Zustimmung der Agentur für Arbeit erteilt 
werden“, sagte die Grünen-Migrationspolitikerin Filiz Polat unserer Redaktion. Mit einer Arbeitserlaubnis sei es 
jedoch nicht getan. „Es wird notwendig sein, den uneingeschränkten Zugang zu Integrationskursen sicherzustellen 
und die lokale Migrationsberatungsinfrastruktur zu stärken“, sagte die Obfrau der Grünen im Innenausschuss des 
Bundestages.
Der sächsische Ministerpräsident Michael Kretschmer (CDU) und Außenministerin Annalena Baerbock (Grüne) 
haben unterdessen eine gemeinsame Kraftanstrengung von Bund und Ländern zur Versorgung der Flüchtlinge 
angekündigt. „Vor uns liegt eine große humanitäre Aufgabe“, sagte Kretschmer nach einer Sitzung des Auswärtigen 
Ausschusses des Bundesrates mit Baerbock. An die Flüchtlinge gewandt sagte er: „Sie sind hier willkommen. 
Kommen Sie nach Deutschland.“"
2022-03,Main Corpus,2022-03(50).ZIP,Experten fordern einfache Integration von Flüchtlingen Die Hürden zur Arbeitsaufnahme in Deutschland.PDF,C:\PythonProjects\AfD-project\Corpora\Main Corpus\2022-03\raw_unarchive\Experten fordern einfache Integration von Flüchtlingen Die Hürden zur Arbeitsaufnahme in Deutschland.PDF,Experten fordern einfache Integration von Flüchtlingen Die Hürden zur Arbeitsaufnahme in Deutschland sollten,experten fordern einfache integration von flüchtlingen die hürden zur arbeitsaufnahme in deutschland sollten,Rheinische Post,rheinische post,Freitag 4. März 2022,Birgit Marschall und Jana Wolf,S. 4,617,4689,5b893af733212b8ca52ac592f7eaa914880a6b5f,exact_003,duplicate_exact,review,,no,,no,,,6191,no,,exact_003,,,"Birgit Marschallund Jana Wolf
Berlin Eine Million Menschen sind bereits aus der Ukraine geflohen, und es werden noch deutlich mehr werden. 
Viele von ihnen kommen auch in Deutschland an. Die Bereitschaft zur Hilfe ist groß. Mittelfristig stellt sich jedoch 
die Frage der Integration der Flüchtlinge auf dem Arbeitsmarkt. Migrationsforscher und Politiker forderten 
großzügige Lösungen beim Aufenthaltsstatus und bei der Arbeitserlaubnis.
Die EU-Innenminister einigten sich am Donnerstag in Brüssel auf einen einheitlichen Aufenthaltsstatus für die 
ukrainischen Flüchtlinge. Angestrebt werden soll die einheitliche Anwendung einer EU-Richtlinie von 2001 für den 
„vorübergehenden Schutz“, die sich auf die damaligen Jugoslawien-Flüchtlinge bezogen hatte. Demnach könnten 
die Ukrainer zunächst für ein Jahr in einem EU-Land ihrer Wahl bleiben, ohne ein Asylverfahren durchlaufen zu 
müssen. Der Aufenthaltsstatus würde sich automatisch um ein halbes Jahr verlängern, solange der 
vorübergehende Schutz nicht beendet wird, maximal wären so bis zu zwei Jahre Aufenthalt möglich. Per 
Mehrheitsbeschluss könnten die Staaten die Regelung um noch ein weiteres Jahr verlängern.
In dieser Zeit könnten die Flüchtlinge problemlos eine selbstständige Tätigkeit aufnehmen. Auch eine abhängige 
Beschäftigung wäre möglich, allerdings müsste dieser in Deutschland voraussichtlich die Bundesagentur für Arbeit 
(BA) zustimmen. Ein langwieriges Asylverfahren ist für die Geflüchteten nicht nötig. Zugleich werden ihnen 
Mindeststandards wie der Zugang zu Sozialhilfe und eine Arbeitserlaubnis garantiert.
„Mit Hochdruck arbeitet die Bundesregierung gemeinsam mit der europäischen Ebene daran, den Schutzstatus der 
geflüchteten Menschen zu klären. Davon hängt eine Vielzahl von aufenthalts- und sozialrechtlichen Fragen ab, 

Experten fordern einfache Integration von Flüchtlingen Die Hürden zur Arbeitsaufnahme in Deutschland sollten 
für die Menschen aus der Ukraine niedrig und unbüro....
hierzu gehört auch der Zugang zum Arbeitsmarkt sowie zu Integrations- und Sprachkursen“, sagte eine Sprecherin 
des Bundesarbeitsministeriums.
Migrationsforscher drängten die Bundesregierung zu einer großzügigen Regelung. „Es wäre klug, den Flüchtlingen 
aus der Ukraine eine längerfristige Perspektive zu bieten, damit sie sich auf dem Arbeitsmarkt wirklich integrieren 
können. Ein Jahr ist zu kurz, drei Jahre sind besser“, sagte Herbert Brücker, Chef-Migrationsforscher am Institut für 
Arbeitsmarkt- und Berufsforschung (IAB) der Bundesagentur für Arbeit: „Insofern ist die sich abzeichnende 
Einigung der EU-Staaten auf zunächst nur ein einjähriges Aufenthaltsrecht für Ukrainer noch unzureichend. Der 
Aufenthaltsstatus nach der Genfer Flüchtlingskonvention würde dagegen einen Aufenthalt für drei Jahre 
ermöglichen und die Aufnahme einer abhängigen Beschäftigung erleichtern. Das sollte die Bundesregierung 
schnell im Aufenthaltsgesetz regeln.“
„Deutschland ist nicht per se das Haupt-Zielland der Flüchtlinge aus der Ukraine“, erklärte der IAB-Experte. Sie 
hätten größere Gemeinschaften in Polen, Italien, Spanien, Tschechien oder auch in den USA und Kanada. Viele 
Flüchtlinge gingen zunächst dorthin, wo sie Freunde und Verwandte fänden: „Doch je länger sich der Krieg hinzieht 
oder je klarer sich abzeichnen würde, dass ihre Heimat von Russland dauerhaft besetzt bleibt, werden sich die 
Menschen überlegen, wo sie dauerhaft leben wollen. Und da rückt Deutschland als Land mit Wohlstand und guter 
Beschäftigungsperspektive natürlich stärker in den Fokus.“
Auch die Grünen forderten einen schnellen und unbürokratischen Zugang zum Arbeitsmarkt. „Der Zugang zum 
Arbeitsmarkt muss für alle Geflüchteten aus der Ukraine von Anfang an möglich sein, unabhängig von ihrem Pass. 
Eine Beschäftigungserlaubnis sollte daher unbürokratisch auch ohne Zustimmung der Agentur für Arbeit erteilt 
werden“, sagte die Grünen-Migrationspolitikerin Filiz Polat unserer Redaktion. Mit einer Arbeitserlaubnis sei es 
jedoch nicht getan. „Es wird notwendig sein, den uneingeschränkten Zugang zu Integrationskursen sicherzustellen 
und die lokale Migrationsberatungsinfrastruktur zu stärken“, sagte die Obfrau der Grünen im Innenausschuss des 
Bundestages.
Der sächsische Ministerpräsident Michael Kretschmer (CDU) und Außenministerin Annalena Baerbock (Grüne) 
haben unterdessen eine gemeinsame Kraftanstrengung von Bund und Ländern zur Versorgung der Flüchtlinge 
angekündigt. „Vor uns liegt eine große humanitäre Aufgabe“, sagte Kretschmer nach einer Sitzung des Auswärtigen 
Ausschusses des Bundesrates mit Baerbock. An die Flüchtlinge gewandt sagte er: „Sie sind hier willkommen. 
Kommen Sie nach Deutschland.“"
2022-03,Main Corpus,2022-03(50).ZIP,Flüchtling will Ukrainern helfen Salar Miladi musste aus seiner Heimat Iran fliehen. Er erinnert sic.PDF,C:\PythonProjects\AfD-project\Corpora\Main Corpus\2022-03\raw_unarchive\Flüchtling will Ukrainern helfen Salar Miladi musste aus seiner Heimat Iran fliehen. Er erinnert sic.PDF,Flüchtling will Ukrainern helfen Salar Miladi musste aus seiner Heimat Iran fliehen. Er erinnert sich noch gut,flüchtling will ukrainern helfen salar miladi musste aus seiner heimat iran fliehen er erinnert sich noch gut,Rheinische Post,rheinische post,Montag 7. März 2022,Sven Schalljo,S. 19,819,5284,137b326a1b653fadef79660d075e149c9dffac87,,unique,keep,,no,,no,,,6414,no,,,,,"Sven Schalljo
Wenn Salar Miladi die Bilder aus der Ukraine verfolgt, wenn er die Flüchtlingsströme sieht, dann hat das für ihn 
auch eine ganz persönliche Komponente. Im Jahr 2015 war er selbst als Flüchtling an den Niederrhein gekommen. 
„Ich bin iranischer Kurde und habe mich beim Regime im Iran unbeliebt gemacht. Irgendwann blieb mir nur noch 
die Flucht“, erzählt er.
Nach zehn Tagen versteckt auf einem Lkw wurde er entdeckt. „Plötzlich kamen Polizisten mit Hunden und haben 
mich herausgeholt. Als ich fragte, wo ich bin, sagten sie: Deutschland. Ich war in Passau. Über München, 
Dortmund und Meschede bin ich schließlich nach Krefeld gekommen. Das hat mein Leben sehr verändert“, erzählt 
der 31 Jahre alte studierte Ökonom, dessen Abschluss in Deutschland nicht anerkannt wird, weshalb er eine Lehre 
zum Industriekaufmann absolviert und kurz vor dem Abschluss steht.
Doch die Lage in der Ukraine verändert für ihn alles. „Ich habe erlebt, wie es ist, alles hinter sich lassen zu müssen. 
Und wie wichtig es ist, Hilfe zu bekommen“, erzählt der junge Mann in praktisch fehlerfreiem Deutsch. Darum ist es 
ihm ein Bedürfnis seine Erfahrungen nun einzubringen. „Ich habe am Sonntag eine E-Mail an die Stadt geschrieben 
und meine Hilfe angeboten. Ich denke, ich kann mich sehr gut in die Menschen einfühlen und weiß, was für einen 
Menschen in einem Flüchtlingslager wichtig ist, wie man sich fühlt, wenn alles neu und fremd ist, man die Sprache 
nicht spricht und so weiter“, sagt er. Die Sprache der Flüchtlinge nicht zu sprechen, sei dabei aber ein eher 
geringes Problem.

Flüchtling will Ukrainern helfen Salar Miladi musste aus seiner Heimat Iran fliehen. Er erinnert sich noch gut 
daran, wie es sich anfühlt, alles, was einem lieb....
„Ich spreche Kurdisch, Farsi, Deutsch und Englisch, kein Russisch oder Ukrainisch. Aber viel wichtiger sind andere 
Dinge. Ein Helfer kann beim Essenbereiten und -verteilen helfen, Spielzeug für Kinder oder Kleidung sortieren und 
vergeben. Dafür muss ich gar nicht die Sprache sprechen. Aber ich weiß auch, dass viele Menschen aus dem Iran, 
aus Kurdengebieten und dem Irak in die Ukraine geflohen sind. Sie sind jetzt wieder auf der Flucht, und sicher 
kommen auch einige hier her. Ihnen kann ich natürlich noch umso besser helfen“, sagt er.
Besonders schockiert zeigt er sich von nationalistischen Forderungen, nur Menschen mit ukrainischem Pass ins 
Land zu lassen. „Die Menschen, die dort zunächst Zuflucht gefunden haben, sind jetzt bereits zum zweiten Mal auf 
der Flucht. Was das bedeutet, das gerade gefundene neue Zuhause schon wieder verlassen zu müssen, das ist 
unvorstellbar“, sagt er. Für ihn wäre eine Vertreibung aus Krefeld heute ebenso schlimm, wie die Notwendigkeit zur 
Flucht aus seiner Geburtsstadt. „Ich hab hier meine Arbeit, Freunde gefunden, ich habe eine Wohnung und fühle 
mich zu Hause. Hier ist jetzt meine Heimat, und ich würde gern auch die deutsche Staatsbürgerschaft annehmen“, 
sagt er.
Umso wichtiger ist ihm heute, sich einzubringen. „Ich habe volles Vertrauen zu den Verantwortlichen der Stadt. Sie 
haben mich sehr gut behandelt und mir tolle Chancen gegeben. Ich möchte helfen, dass es nun weiteren 
Flüchtlingen ebenso geht. Darum würde ich mich sehr freuen, wenn ich mich einbringen dürfte“, sagt er. Eine erste 
Antwort der Stadt erhielt er bereits am Dienstag. In dieser hieß es, derzeit würden alle Angebote und Möglichkeiten 
gesammelt und geprüft und dann mögliche Helfer kontaktiert.
Dass es auch für Flüchtlinge zu einem guten und gelungenen Leben kommen kann, dafür ist Miladi der lebende 
Beweis. Für ihn ist die Freiheit und Sicherheit in Deutschland ein Geschenk. Menschen, die hier eine Diktatur 
wittern, kann er nur mit Kopfschütteln begegnen. „Diesen Menschen kann ich nur sagen, sie sollten mal eine 
Woche im Iran leben – und versuchen, dort zu demonstrieren“, sagt er. Das Gros der Menschen in Deutschland 
aber sei sich bewusst, dass sie in einem Land leben, das ihnen alle Möglichkeiten bietet. Sie seien auch bereit, 
anderen Menschen zu helfen. „Ich denke, das ist die Pflicht eines jeden Menschen, Hilfe zu leisten, wenn sie 
notwendig ist. Mir wurde in einer ganz schweren Situation von vielen Menschen, der Stadtverwaltung, der 
Regierung, aber auch Privatpersonen, wunderbar geholfen und ich bin unglaublich dankbar dafür. Das will ich jetzt 
zurückgeben. Ich möchte das Glück, das ich habe und hatte, weitergeben und den Menschen aus der Ukraine, die 
alles, was sie lieben, verlassen und sogar ihre Väter, Brüder oder Ehemänner zurücklassen mussten, eine 
möglichst gute Unterstützung geben. Der Krieg ist schrecklich, und wir müssen alle dafür kämpfen, dass 
irgendwann jeder Mensch auf der Welt in Frieden und Freiheit leben kann“, sagt er. Dazu will er seinen Teil 
beitragen.
Krefeld will Ukraine-Flüchtlinge aufnehmen
Derzeit hat die Stadt Krefeld 150 Plätze für Flüchtlinge aus der Ukraine eingerichtet. 105 in bestehenden 
Unterkünften. Gleichzeitig sind auch viele Privatpersonen bereit zu helfen. An verschiedenen Stellen wird dazu 
aufgerufen, freie Wohnungen und Zimmer bei Onlineportalen oder auch bei der Stadt anzumelden. Die 
Hilfsbereitschaft ist aktuell groß. Zu groß ist der Schock bei den meisten Deutschen über einen Krieg mitten in 
Europa."
2022-03,Main Corpus,2022-03(50).ZIP,Flüchtlinge können sich auf Hilfe verlassen Krieg in der Ukraine Hunderttausende verlassen Heimatlan.PDF,C:\PythonProjects\AfD-project\Corpora\Main Corpus\2022-03\raw_unarchive\Flüchtlinge können sich auf Hilfe verlassen Krieg in der Ukraine Hunderttausende verlassen Heimatlan.PDF,Flüchtlinge können sich auf Hilfe verlassen; Krieg in der Ukraine Hunderttausende verlassen Heimatland,flüchtlinge können sich auf hilfe verlassen krieg in der ukraine hunderttausende verlassen heimatland,Nordwest-Zeitung,nordwestzeitung,01. März 2022,,NORDENHAM; S. 9,599,4303,bac6983f29b5a0f7b521a0b0cb4d86852a1927c2,,unique,keep,,no,,no,,,5418,no,,,,,"Nordenham/Butjadingen/Stadland/jm - Hunderttausende sind bereits auf der Flucht, und es werden täglich mehr. 
Die Europäische Union geht davon aus, dass Millionen von Flüchtlingen wegen des Kriegs in der Ukraine ihr 
Heimatland verlassen. Auch in Deutschland müssen sich die Kommunen darauf einstellen. Konkrete 
Vorbereitungen gibt es in Nordenham zwar noch nicht. Aber Sonja Brödje, die Leiterin des städtischen 
Ordnungsamtes, geht davon aus, dass die Stadt schnell reagieren kann, wenn sie Flüchtlinge zugewiesen 
bekommt.
 Wir müssen das hinkriegen, und wir werden das hinkriegen , sagt Sonja Brödje. Noch gebe es aber keine 
Informationen darüber, wie die Verteilung von Flüchtlingen organisiert wird. Die Kommunen sind das letzte Glied in 
der Kette, wenn es darum geht, Flüchtlinge unterzubringen. Bei der Landesaufnahmebehörde laufen bereits die 
Drähte heiß. Angesichts des sich zuspitzenden Konflikts in der Ukraine wird geprüft, wo Geflüchtete unterkommen 
können. Wie viele es sein werden, kann im Augenblick niemand sagen.
Sporthalle herrichten
Auch Sonja Brödje nicht. Sie geht davon aus, dass viele Flüchtlinge zunächst in den Nachbarländern bleiben in der 
Hoffnung, dass sie bald wieder in ihre Heimat zurückkehren können. Wir machen uns aber schon Gedanken 
darüber, wie wir schnell helfen können. Wenn wir Flüchtlinge aufnehmen sollen, wäre es gut, 24 Stunden vorher 
Bescheid zu wissen. Für eine vorübergehende Unterbringung könne zum Beispiel eine Sporthalle in diesem 
Zeitraum entsprechend hergerichtet werden.

Flüchtlinge können sich auf Hilfe verlassen; Krieg in der Ukraine Hunderttausende verlassen Heimatland 
Kommunen stellen sich darauf ein
Sonja Brödje schätzt die Bereitschaft, dass die Bevölkerung in Deutschland den Flüchtlingen hilft, hoch ein. Das 
hätten die unzähligen Demonstrationen gegen den Krieg am vergangenen Wochenende gezeigt, auch in 
Nordenham.
Sie könne sich vorstellen, dass viele Flüchtlinge aus der Ukraine zunächst von Angehörigen aufgenommen werden. 
Darüber hinaus müsste sich die Stadt auf die Suche nach Wohnungen in Nordenham machen. Das hat bei dem 
vermehrten Zustrom von Flüchtlingen im Jahr 2015 gut geklappt.
Seinerzeit spielte das Refugium eine große Rolle. Auf die Unterstützung des Vereins, der sich in der Wesermarsch 
für die Migrationsarbeit einsetzt, können sich die Kommunen im Landkreis auch diesmal wieder verlassen. 
Vorstandsmitglied und Migrationsberaterin Zeliha Aykanat versichert: Wir helfen den Behörden bei der Aufnahme 
von Flüchtlingen. 
Die Hilfe könnte wie schon 2015 darin bestehen, Unterkünfte mit gespendeten Möbeln auszustatten, die Flüchtlinge 
in Empfang zu nehmen und zu begleiten, zum Beispiel bei Arztbesuchen und Behördengängen.
Russischsprachige Übersetzer stünden zur Verfügung. Wir werden den Flüchtlingen helfen , sagt Zeliha Aykanat. 
Inwieweit diese Hilfe benötigt wird, ist zurzeit allerdings noch völlig unklar. Die Migrationsberaterin will die Hoffnung 
nicht aufgeben, dass sich die Lage in der Ukraine vielleicht doch noch beruhigt. Vielleicht wendet sich das Blatt ja 
noch , sagt Zeliha Aykanat.
Wohnungen verfügbar
Und wenn nicht? Auch falls in größerer Zahl Flüchtlinge kommen sollten, könne ihnen geholfen werden, ist der 
Stadlander Bürgermeister Harald Stindt überzeugt: Was wir 2015/16 geschafft haben, könnten wir jetzt auch 
schaffen. Derzeit seien in Rodenkirchen zwei Wohnungen für Flüchtling frei, zwei weitere kämen in den nächsten 
Wochen hinzu.
Wenn der Bedarf größer werden würde, müsste die Gemeinde eben weitere Wohnungen mieten. Auch ein Aufruf 
an die Bürger, Wohnraum etwa Ferienwohnungen oder freie Einliegerwohnungen zur Verfügung zu stellen, sei 
möglich. Und falls das immer noch nicht reiche, müsse die Gemeinde einen Wohncontainer aufstellen.
Butjadingens Bürgermeister Axel Linneweber ist ebenfalls davon überzeugt, dass schnelle Hilfe geleistet werden 
kann, sobald sie notwendig werden sollte. Konkret könne er noch nicht werden, aber der Kontakt zur 
Ausländerbehörde des Landkreises wurde bereits aufgenommen. Wichtig ist, dass die Hilfe so unbürokratisch wie 
irgendwie möglich organisiert wird. 
PDF-Datei dieses Dokuments
Flüchtlinge können sich auf Hilfe verlassen; Krieg in der Ukraine Hunderttausende verlassen Heimatland 
Kommunen stellen sich darauf ein"
2022-03,Main Corpus,2022-03(50).ZIP,Flüchtlingsrat hilft Menschen aus der Ukraine.PDF,C:\PythonProjects\AfD-project\Corpora\Main Corpus\2022-03\raw_unarchive\Flüchtlingsrat hilft Menschen aus der Ukraine.PDF,Flüchtlingsrat hilft Menschen aus der Ukraine,flüchtlingsrat hilft menschen aus der ukraine,Rheinische Post,rheinische post,Mittwoch 2. März 2022,,S. 16,179,1288,77f4baf99d1fc37acf74e17baa524e932fc15090,,unique,keep,,no,,no,,,1888,no,,,,,"(jon) Der Flüchtlingsrat ist entsetzt über den Einmarsch russischer Truppen in die Ukraine und verurteilt diesen 
Kriegsausbruch zutiefst. „Es herrscht Krieg nur zwei Flugstunden von Deutschland entfernt, die Bilder und Berichte 
von Zerstörung, Verzweiflung und Flucht, die uns erreichen, machen uns fassungslos. Viele Menschen sind nun 
gezwungen, ihre Heimat zu verlassen und sind auf Solidarität, Verständnis und Unterstützung angewiesen“, erklärt 
die Vorsitzende des Flüchtlingsrates, Ute Richter. Mehr als 660.000 Menschen sind den Vereinten Nationen (UN) 
zufolge seit der russischen Invasion aus der Ukraine geflohen. Der Flüchtlingsrat Krefeld ist bereit, allen 
Geflüchteten, die die Seidenstadt erreichen, mit all seiner Erfahrung zur Seite zu stehen. „Europas Grenzen 
müssen offen bleiben für Menschen, die bei uns Zuflucht vor Krieg und Vertreibung suchen. Wir begrüßen zudem, 
dass die Stadtspitze bereits unmittelbar nach dem Überfall auf die Ukraine erklärt hat, dass seitens der Stadt 
Krefeld schnellstmöglich Unterkunftsmöglichkeiten und Hilfsangebote bereitgestellt werden sollen“, so Ute Richter. 
Seit der Gründung im Jahr 1995 hat sich der Flüchtlingsrat Krefeld immer wieder dafür stark gemacht, das Leben 
der Menschen, die neu in der Stadt sind, zu verbessern."
2022-03,Main Corpus,2022-03(50).ZIP,Flüchtlingszahlen steigen rasant Die Bundespolizei zählt immer mehr Ukrainer an den Grenzen   in Ber.PDF,C:\PythonProjects\AfD-project\Corpora\Main Corpus\2022-03\raw_unarchive\Flüchtlingszahlen steigen rasant Die Bundespolizei zählt immer mehr Ukrainer an den Grenzen   in Ber.PDF,Flüchtlingszahlen steigen rasant Die Bundespolizei zählt immer mehr Ukrainer an den Grenzen in Berlin ist,flüchtlingszahlen steigen rasant die bundespolizei zählt immer mehr ukrainer an den grenzen in berlin ist,Berliner Zeitung,berliner zeitung,01. März 2022,"Elmar Schütze, Andreas Kopietz",BERLIN; S. 4,714,5249,55bec55973027a2236cce98547a81a8883abdc00,,unique,keep,,no,,no,,,6497,no,,,,,"Die Zahlen der aus der Ukraine nach Deutschland geflüchteten Menschen sind in den vergangenen Tagen rasant 
gestiegen. Nach Informationen der Berliner Zeitung haben sie sich am Wochenende verdreifacht. Allein in 
Brandenburg sei die Bundespolizei am Sonnabend auf rund 200 Menschen getroffen, die sie als Ukraine-
Flüchtlinge zuordnen konnte, hieß es aus Behördenkreisen. Am Sonntag seien es schon knapp 600 Personen 
gewesen. Dabei handelte es sich lediglich um Personen, die bei stichprobenartigen Kontrollen aufgefallen sind, die 
die Bundespolizei im Grenzgebiet durchführt. Die Zahl der tatsächlich Eingereisten dürfte nach Behördenschätzung 
demzufolge viel höher liegen.
 Züge stärker ausgelastet 
Inzwischen seien auch die Züge aus Polen wesentlich stärker ausgelastet als am Sonnabend, hieß es. Ukrainer 
können ab sofort kostenlos Fernzüge aus Polen in Richtung Deutschland bis Berlin nutzen. Damit solle 
Flüchtenden die Weiterreise ab der Grenze erleichtert werden.
Die Bundespolizei lässt die Ukrainer einreisen, auch wenn sie keinen biometrischen Pass haben und deshalb 
bislang ein Visum beantragen und sich einer erkennungsdienstlichen Behandlung mit Abnahme der Fingerabdrücke 
unterziehen mussten. Ein biometrischer Pass ist Voraussetzung für eine visumfreie Einreise. Bislang durfte man 
sich damit an 90 von 180 Tagen im Jahr im Schengen-Raum aufhalten. Diese Regelung ist jetzt ausgesetzt. In 
Berlin erließ das Landesamt für Einwanderung eine Allgemeinverfügung, nach der der visumfreie Kurzaufenthalt 
automatisch verlängert wird.
Bis Montagvormittag haben sich etwa 400 Kriegsflüchtlinge beim Landesamt für Flüchtlingsangelegenheiten in 
Berlin gemeldet. Mit 300 von ihnen seien bislang Beratungsgespräche geführt worden, etwa 40 hätten einen 
Asylantrag gestellt, sagte Behördensprecherin Monika Hebbinghaus am Montag.
Im Nachbarland Brandenburg wurden bisher 16 Flüchtlinge aufgenommen, sagte der Leiter der Zentralen 
Ausländerbehörde, Olaf Jansen, am Montag in Eisenhüttenstadt. Alle hätten ein Asylgesuch gestellt. Darunter 
seien auch Angehörige anderer Staaten, die in der Ukraine gelebt, gearbeitet oder studiert haben.

Flüchtlingszahlen steigen rasant Die Bundespolizei zählt immer mehr Ukrainer an den Grenzen in Berlin ist 
das noch nicht spürbar
Dabei ist der spätere Status der Flüchtlinge noch offen. Bereits vorige Woche hatte Berlins Sozialsenatorin Katja 
Kipping (Linke) die Bundesregierung aufgerufen, solche aufenthalts- und arbeitsrechtlichen Fragen schnell zu 
klären. Bis dahin können auch wir nur abwarten , sagte Behördensprecherin Hebbinghaus. Nach ihrer Aussage 
verfügt Berlin aktuell über 1300 freie Unterkunftsplätze für Geflüchtete, in etwa die gleiche Anzahl soll in den 
nächsten Wochen regulär dazukommen. Darüber hinaus prüfen wir gerade weitere Möglichkeiten , sagte sie.
Auch bei der Bundesagentur für Arbeit warten alle auf eine Entscheidung über die Statusfrage. Es wäre allen 
gedient, wenn die Menschen hierzulande schnell Fuß fassen und einer Arbeit nachgehen könnten , sagte 
Sprecherin Susanne Eikemeier am Montag auf Anfrage der Berliner Zeitung. Es ist immer besser, wenn sie sich 
hier einbringen können. 
Die Behörden glauben, dass aus der Ukraine weniger traumatisierte und besser ausgebildete Menschen kommen, 
als in der großen Flüchtlingskrise Mitte des vergangenen Jahrzehnts. Dennoch, so Eikemeier, müsste man auch 
die Menschen aus der Ukraine in 99,9 Prozent der Fälle erst einmal qualifizieren, damit sie eine Chance auf dem 
hiesigen Arbeitsmarkt hätten.
Nach Angaben der Bundesagentur für Arbeit gebe es grundsätzlich großen Bedarf an Personen etwa in der Pflege 
oder in IT-Berufen. Bevor eine Person aus der Ukraine in diesen Berufen hier arbeiten könne, müsste aber 
gegebenenfalls erst eine Anerkennung des ausländischen Berufsabschlusses erfolgen, heißt es.
Außerdem dürfe man zwei Dinge nicht miteinander vermengen, so Eikemeier. Wir reden hier von ungesteuerter 
Zuwanderung aus humanitären Gründen, nicht um gesteuerte Zuwanderung von Fachkräften. Es geht also hier gar 
nicht darum, wer wo gebraucht werden könnte, sondern es geht um humanitäre Hilfe. 
Während in Berlin konkrete Hilfe organisiert und über ihre späteren Möglichkeiten gesprochen wird, debattiert die 
EU über den künftigen Status der Ukrainer. So wolle die EU-Kommission erstmals vorschlagen, Regeln für den Fall 
eines sogenannten massenhaften Zustroms von Vertriebenen in Kraft zu setzen. Sie werde dies beim nächsten 
regulären Treffen der EU-Innenminister am Donnerstag vorschlagen, sagte EU-Innenkommissarin Ylva Johansson 
nach einem Krisentreffen in Brüssel.
 Ungenutzte Richtlinie 
Konkret könnte Vertriebenen, die wegen des russischen Krieges gegen die Ukraine in die EU kommen, 
unverzüglich vorübergehender Schutz mit Mindeststandards gewährt werden. Dazu gehören etwa eine 
Arbeitserlaubnis für die Vertriebenen sowie Zugang zu Sozialhilfe, medizinischer Versorgung, Bildung für 
Minderjährige und unter bestimmten Bedingungen auch die Möglichkeit zur Familienzusammenführung.
Die entsprechende Richtlinie ist eine Folge der Kriege in den 1990er-Jahren im ehemaligen Jugoslawien. Sie wurde 
bislang noch nie auch nicht während der großen Fluchtbewegungen 2015 und 2016 genutzt."
2022-03,Main Corpus,2022-03(50).ZIP,Hansaringschule ist für Flüchtlinge in Betrieb Die Umbauten zur Aufnahme von Flüchtlingen in der Han.PDF,C:\PythonProjects\AfD-project\Corpora\Main Corpus\2022-03\raw_unarchive\Hansaringschule ist für Flüchtlinge in Betrieb Die Umbauten zur Aufnahme von Flüchtlingen in der Han.PDF,Hansaringschule ist für Flüchtlinge in Betrieb Die Umbauten zur Aufnahme von Flüchtlingen in der,hansaringschule ist für flüchtlinge in betrieb die umbauten zur aufnahme von flüchtlingen in der,Rheinische Post,rheinische post,Donnerstag 17. März 2022,Fritz Schubert,S. 15,625,4472,32d978759bb493c8fd37758a981d3834de2fa8c8,,unique,keep,,no,,no,,,5851,no,,,,,"Fritz Schubert
Wesel Der Zustrom flüchtender Menschen aus den Kriegsgebieten in der Ukraine Richtung Westeuropa nimmt 
immer weiter zu, ist allerdings noch nicht in voller Dramatik am Niederrhein angekommen. Hier bereitet die 
Aufnahme der Flüchtlinge noch nicht die Schwierigkeiten, wie sie sich in der Kanalisierung und Verteilung bereits in 
Berlin und anderen großen deutschen Städten darstellen. Das enthebt die kleineren Kommunen nicht der Sorge vor 
Verhältnissen wie 2015. Die damalige Flüchtlingskrise war für die Verantwortichen in den Stäben der Verwaltungen 
eine Erfahrung, die sie nicht noch einmal machen möchten. „Vor der Lage sein“ beziehungsweise „so gut 
vorbereitet sein wie eben möglich“ sind Aussagen, die in diesen Tagen oft zu hören sind. In Wesel ist man der 
Auffassung, dass beides bislang gelungen ist. Und dies auch noch gut bis sehr gut.
Ein sichtbares erstes Beispiel ist die Herrichtung der Hansaringschule, welche unsere Redaktion gern begleitet 
hätte. Die Stadt wollte von sich aus schon zu einem Besuch einladen, ist aber dann doch von den Ereignissen 
überholt worden. Wie Swen Coralic, Sprecher der Weseler Stadtverwaltung, am Mittwoch auf Anfrage unserer 
Redaktion sagte, seien die ersten Flüchtlinge früher als erwartet gekommen. Nun könne man aus Rücksicht auf die 
Privatsphäre der Betroffenen die Öffentlichkeit nicht in die Schule lassen. Auskunft gibt es natürlich trotzdem und 
auch einige Aufnahmen von umfunktionierten Räumen der ehemaligen Grundschule, die zuletzt das 
Bildungszentrum Niederrhein (jetzt in der Ex-Martini-Hauptschule) beherbergte. Stand Dienstagabend waren am 
Hansaring etwa 20 Personen untergebracht.

Hansaringschule ist für Flüchtlinge in Betrieb Die Umbauten zur Aufnahme von Flüchtlingen in der 
Hansaringschule schreiten gut voran. Die ersten etwa 20 Mensche....
Insgesamt waren bis zu diesem Zeitpunkt 104 Flüchtlinge frisch registriert worden. Die meisten kamen laut Coralic 
bei Verwandten oder Freunden unter. Dennoch seien über den bei der Stadt eingerichteten Servicepunkt (siehe 
Infobox) doch recht viele Ankömmlinge erfasst worden. Da einige Flüchtlinge auch ihre Haustiere mitbringen, seien 
diese in Wohnungen. In der Hansaringschule könnten Tiere nicht mituntergebracht werden.
Der Gesundheits- beziehungsweise Impfstatus von Menschen (Corona, Masern, Tuberkulose) und Tieren (Tollwut 
etc.) war auch schon Thema im Sonderstab der Stadt, berichtet Coralic und lobt die in dieser Hinsicht 
segensreichen Hinweise von Fachleuten wie Christoph Hegering, stellvertretender Leiter der Weseler Feuerwehr, 
die viele Kleinigkeiten „mitdenken“, die es zu beachten gelte. Etwa eine Brandschutzordnung auf Ukrainisch zu 
erstellen oder der Frage nachzugehen, wie man mit Senioren umgeht, die eventuell mit Sputnik geimpft worden 
sind.
In der Hansaringschule sind nun zwölf Familienzimmer fertig, das Ziel von 30 solcher Zimmer für insgesamt etwa 
100 Personen wird bald erreicht. In Betrieb sind dort auch Untersuchungsräume für Ärzte und Kinderärzte. Und es 
wird längst geprüft, welche Quartiere genutzt werden können, wenn die Hansaringschule voll ist. Dazu gehört das 
Haus Hornemann (Ex-Café Fehr) des Marien-Hospitals, wo vier Wohnungen genutzt werden könnten. Aktuell 
jedenfalls, so Coralic, helfe die Hansaringschule sehr. Zur Not ließen sich dort auch noch Flächen schnell 
umgestalten, die derzeit als Gemeinschaftsräume vorgesehen seien.
Parallel zu den eigenen Anstrengungen der Verwaltung ist auch die Hilfsbereitschaft aus der Bevölkerung weiterhin 
groß. Gut 500 Rückmeldungen wurden auf der Homepage der Stadt bereits verzeichnet. Hier können Sachspenden 
ebenso avisiert werden wie Unterbringungsmöglichkeiten. Diese reichen von der Wohnung bis zum Zimmer, welche 
jedoch nicht angenommen werden. „Wir müssen da auf Nummer sicher gehen. Zimmer sind untauglich, es muss 
eine abgeschlossene Einheit sein“, erklärt Coralic. Dankbar ist die Stadt dafür, dass barrierefreie Ferienwohnungen 
dabei sind, wenn Senioren oder eingeschränkte Menschen unterzubringen sind.
Seiten C 3 und C 4
Anlaufstelle und eine Börse für Hilfsangebote
Servicepunkt Zentrale Anlaufstelle für Flüchtlinge ist der „Servicepunkt Ukraine“ im Sozialamt der Stadt Wesel am 
Herzogenring 34. Dort können sie sich montags bis freitags von 8.30 bis 10 Uhr im Beisein von ehrenamtlichen 
Dolmetschern beraten lassen. Auf www.wesel.de können Interessierte über Online-Formulare ihre Hilfsbereitschaft 
mitteilen."
2022-03,Main Corpus,2022-03(50).ZIP,Herbergen im Nordwesten helfen Flüchtlingen.PDF,C:\PythonProjects\AfD-project\Corpora\Main Corpus\2022-03\raw_unarchive\Herbergen im Nordwesten helfen Flüchtlingen.PDF,Herbergen im Nordwesten helfen Flüchtlingen,herbergen im nordwesten helfen flüchtlingen,Nordwest-Zeitung,nordwestzeitung,22. März 2022,,REGION; S. 19,162,1251,81be0c78149d5184e93b02fb67f45fdcd46a51c8,,unique,keep,,no,,no,,,1887,no,,,,,"Im Nordwesten/dpa - Die Jugendherbergen im Nordwesten stellen Kriegsflüchtlingen aus der Ukraine Zimmer zur 
Verfügung. Wir helfen, wo wir können. Nicht nur, weil wir uns als gemeinnützige Einrichtung dazu verpflichtet 
fühlen , sagte der Geschäftsführer der 27 Jugendherbergen im Nordwesten, Thorsten Richter. Auch unsere 
Mitarbeiterinnen und Mitarbeiter wollen unterstützen. In den Jugendherbergen Alfsee, Bad Bentheim, Leer, 
Oldenburg, Osnabrück und an der Thülsfelder Talsperre wurden bereits geflüchtete Menschen von den Teams der 
Jugendherbergen empfangen. Laut dem Verband geht es dabei um die übergangsweise Unterbringung der 
Flüchtlinge.
 Wir sind in etlichen weiteren Gesprächen und prüfen jeweils die Möglichkeiten unserer Standorte , sagte Richter. 
Seit rund zwei Wochen gingen zahlreiche Anfragen nach Kapazitäten zur Unterbringung von geflüchteten 
Menschen beim Deutschen Jugendherbergswerk ein. Neben Kommunen und Behörden seien die Herbergen auch 
mit Firmen und Organisationen im Gespräch.
Es ist nicht das erste Mal, dass die Jugendherbergen geflüchtete Menschen aufnehmen. Bereits bei der 
sogenannten Flüchtlingskrise von 2015 waren in zwölf Jugendherbergen im Nordwesten Flüchtlinge untergebracht.
PDF-Datei dieses Dokuments"
2022-03,Main Corpus,2022-03(50).ZIP,Integration nach Quoten.PDF,C:\PythonProjects\AfD-project\Corpora\Main Corpus\2022-03\raw_unarchive\Integration nach Quoten.PDF,Integration nach Quoten,integration nach quoten,Berliner Zeitung,berliner zeitung,16. März 2022,Eva Corino,MEINUNG; Lernen in der Fremde; S. 18,461,3252,003e9fb534b1c1fbfb598cdeb2e83b0efb21fb97,,unique,drop,commentary_noncore,no,,no,,,4098,yes,commentary_noncore,,,,"Seit der Flüchtlingskrise im Jahr 2015 sind Schätzungen zufolge rund 400.000 Kinder und Jugendliche nach 
Deutschland gekommen. Hätte man sie gerecht auf alle Jahrgangsstufen und Klassen verteilt, dann hätte jede 
Klasse ziemlich genau einen Flüchtling aufnehmen müssen und können. Denn ein neuer Mitschüler pro Klasse, das 
klingt fast nach Idealbedingungen für dessen Integration. Doch tatsächlich war die Verteilung ganz anders.
In der Studie des Instituts für Qualität im Bildungswesen aus dem Jahr 2019 heißt es, dass in 74 Prozent der 
neunten Klassen in Deutschland gar keine Flüchtlinge lernen. Sie konzentrieren sich in den verbliebenen 26 
Prozent. Und da ganz besonders an einigen wenigen Orten: Während in der Hälfte dieser Klassen nur ein 
Flüchtling sitzt, sind es in acht Prozent der Klassen fünf oder mehr.
Eine Studie des Sachverständigenrats deutscher Stiftungen für Integration und Migration zeigt, dass 41 Prozent der 
Grundschüler mit Migrationsgeschichte an Schulen lernen, an denen mindestens die Hälfte aller Schüler 
Migrantenkinder sind. Unter Grundschülern ohne Migrationsgeschichte sind es nur knapp acht Prozent. In 
Großstädten konzentrieren sich Migrantenkinder noch stärker an wenigen Schulen, besonders an den Rändern, 
dort, wo der Wohnraum relativ günstig ist. Die Flüchtlinge kamen und kommen also vor allem an Orte mit sozial 
schwachen Milieus .
Deshalb sollten wir in der aktuellen Flüchtlingskrise nicht dieselben Fehler machen wie zuvor. Bisher werden die 
Flüchtlingskinder sehr willkürlich und ohne Ansehen der Person verteilt. Nur nach dem Prinzip, welche Schule in 
der Nähe ihrer Unterkunft ist und gerade noch Plätze frei hat. Wahrscheinlich ist es ratsam, dass erfahrene 
deutsche und ukrainische Lehrkräfte kurz nach der Ankunft mit den ukrainischen Kindern und Jugendlichen 
sprechen und sie fragen, was sie können, was sie interessiert und was sie erreichen wollen. Ergänzen könnte man 
das durch digitale Testverfahren, die versuchen, das Potenzial eines Schülers unabhängig von seinen aktuellen 
Deutschkenntnissen zu ermessen.
Und dann müssen die Schüler viel gerechter auf die Berliner Schulen verteilt werden, damit die Brennpunktschulen 
nicht wieder den Löwenanteil der Integration leisten müssen, obwohl sie ohnehin schon stärker belastet sind. 
Vielleicht sollte man den Gymnasien bestimmte Integrationsquoten vorgeben und sie verpflichten, nach 
geflüchteten Schülern zu suchen, die sie aufnehmen wollen. Zugleich sollte man die älteren Flüchtlingskinder 
ermutigen, die Mühen eines weiten Fahrwegs auf sich zu nehmen, um eine Schule zu erreichen, die ihrer 

Integration nach Quoten
Persönlichkeit entspricht und wo sie hoffentlich auf deutschsprachige Kinder treffen, die ihnen unter die Armen zu 
greifen.
Für die deutschsprachigen Schülerinnen und Schüler an den Gymnasien ist das eine Chance, ihre Empathie zu 
zeigen. Und wer weiß, vielleicht wird ja die Erfahrung, das eigene Wissen teilen und einem neuen Mitschüler helfen 
zu können, zu einer der schönsten und lehrreichsten Erfahrungen in der eigenen Schullaufbahn.
;Wir sollten in
 der aktuellen 
Flüchtlingskrise nicht dieselben Fehler 
machen wie in der
 von 2015. 
Bisher werden die Flüchtlingskinder sehr willkürlich verteilt."
2022-03,Main Corpus,2022-03(50).ZIP,Kapazitäten für Geflüchtete sind knapp Am vergangenen Dienstag verfügte die Stadt Voerde gerade noch.PDF,C:\PythonProjects\AfD-project\Corpora\Main Corpus\2022-03\raw_unarchive\Kapazitäten für Geflüchtete sind knapp Am vergangenen Dienstag verfügte die Stadt Voerde gerade noch.PDF,Kapazitäten für Geflüchtete sind knapp Am vergangenen Dienstag verfügte die Stadt Voerde gerade noch über,kapazitäten für geflüchtete sind knapp am vergangenen dienstag verfügte die stadt voerde gerade noch über,Rheinische Post,rheinische post,Donnerstag 31. März 2022,,S. 28,584,4309,10db94de35f54034775bfc6c583af0364cb2362f,,unique,keep,,no,,no,,,5153,no,,,,,"Voerde (P.K.) Die Zeichen dafür, dass die Stadt ihr Konzept zur Unterbringung der Flüchtlinge aus der Ukraine 
umsetzen kann, stehen gut: Der Haupt- und Finanzausschuss hat einstimmig für die vorgeschlagenen Schritte 
votiert, die Entscheidung trifft am 5. April der Stadtrat. Bürgermeister Dirk Haarmann hatte die Politik zuvor 
„dringend“ um Unterstützung gebeten. Der Verwaltungschef sprach von einer „Herkulesaufgabe“, vor der alle 
Städte und Gemeinden stünden – und das in einer Zeit, in der es ohnehin schwierig sei, Investitionsmaßnahmen zu 
finanzieren.
Bisher gebe es keine verlässlichen Zahlen darüber, auf welche Flüchtlingszahlen sich die Kommunen einstellen 
müssten. Die Stadt Voerde rechnet in einem ersten Schritt damit, dass ihr rund 450 Flüchtlinge aus der Ukraine 
nach dem „Königssteiner Schlüssel“ zugewiesen werden. Die Annahme basiert auf groben Schätzungen, wonach in 
Deutschland eine Million Menschen Zuflucht suchen werden, von denen 200.000 nach NRW kommen. Die Stadt 
bekomme mit fünf Tagen Vorlauf Zuweisungen des Landes, die nun „ganz verstärkt“ beginnen, sagte Haarmann. 
Darüber hinaus gilt es, Flüchtlinge aus anderen Herkunftsgebieten unterzubringen. So sind am 2. März 20 
afghanische Ortskräfte in Voerde angekommen, wie der Beigeordnete Jörg Rütten erklärte.
Mit den vorhandenen städtischen Unterbringungskapazitäten lässt sich der Verwaltung zufolge die zu erwartende 
Zahl ukrainischer Flüchtlinge „bei weitem“ nicht bewältigen. In dieser Woche wird die Ankunft von 28 Personen 
erwartet. Nach deren Unterbringung stehen der Stadt mit Stand Dienstag insgesamt elf bezugsfertige Plätze zur 
Verfügung. Die Kapazitätslage ist laut Rütten aber dynamisch und kann sich täglich ändern. Der Stadt würden von 
privater Seite weiter Wohnungen angeboten. Diese würden besichtigt und auf ihre Eignung geprüft. Angebote 
kämen auch von der Wohnbau Dinslaken und Vivawest. Die Verwaltung sieht sich vor der Aufgabe, kurzfristig 
Unterbringungsplätze in hoher Zahl bereitzustellen. „Wir müssen Sammelunterkünfte herrichten, um unserer 
Aufnahmeverpflichtung nachkommen zu können – zumindest für eine Übergangszeit“, betonte Bürgermeister 

Kapazitäten für Geflüchtete sind knapp Am vergangenen Dienstag verfügte die Stadt Voerde gerade noch über 
elf bezugsfertige Plätze. Währenddessen wurde die Turn....
Haarmann. Die Stadt stehe vor einem Dilemma: Es werde deutlich, dass kein Weg daran vorbeigehe, dafür 
Turnhallen in Anspruch zu nehmen.
Das erste Gebäude wurde jetzt für die Unterbringung von Flüchtlingen mit Betten und Spinden ausgestattet. Es 
handelt sich um die Turnhalle der ehemaligen Parkschule in Friedrichsfeld am Blumenanger. „Wir haben uns 
bewusst dafür entschieden, weil dort kein Schulsport angeboten wird“, erläuterte Rütten. Mit Blick auf die Betreuung 
verwies er zudem auf den Vorteil, dass sich in direkter Nähe die Caritas befindet. Die Nachbarschaft soll per 
Wurfzettel in die Briefkästen über die Belegung der Turnhalle mit ukrainischen Flüchtlingen informiert werden, 
kündigte Verwaltungschef Haarmann an.
Der Bürgermeister kritisierte die noch nicht geklärte Finanzierungsfrage. Die Stadt stehe vor Investitions- und 
Mietentscheidungen in Millionenhöhe. Ein Mittel, zusätzliche Unterbringungsplätze zu schaffen, ist der Aufbau von 
Wohncontainern. Für eine Anmietung gelten „Mindestlaufzeiten“ von zwei Jahren. Die Stadt würde sich für diesen 
Zeitraum festlegen, „ohne zu wissen, wie lange die Menschen bleiben“, sagte Haarmann. Alternativ besteht die 
Möglichkeit, Container zu kaufen.
Der Bürgermeister will vom Land „eine Garantieerklärung“ für deren Beschaffung: Die Stadt bekomme einen 
Container erst dann finanziert, wenn er bezogen sei. „Wir warten auf Aussagen, was die Finanzierungssicherung 
betrifft“, sagte Dirk Haarmann.
Die Stadt versuche, auch andere Gebäude zu akquirieren. Man sei zum Beispiel in Gesprächen mit der 
evangelischen Kirchengemeinde Götterswickerhamm in Gesprächen über eine mögliche Nutzung des ehemaligen 
Gemeindezentrums „Rönskenhof“.
Auch die alte Polizeiwache an der Frankfurter Straße hat man im Rathaus im Blick. Die Stadt ist Eigentümerin der 
Immobilie, die mit Inbetriebnahme des neuen Polizeidienstgebäudes an der Friedrichsfelder Straße frei würde. Dies 
werde allerdings nicht vor Juni der Fall sein."
2022-03,Main Corpus,2022-03(50).ZIP,Keine Ukraine -Flüchtlinge für ZUE in Rees und Haldern.PDF,C:\PythonProjects\AfD-project\Corpora\Main Corpus\2022-03\raw_unarchive\Keine Ukraine -Flüchtlinge für ZUE in Rees und Haldern.PDF,Keine Ukraine -Flüchtlinge für ZUE in Rees und Haldern,keine ukraine flüchtlinge für zue in rees und haldern,Rheinische Post,rheinische post,Samstag 12. März 2022,,S. 25,231,1758,a8a1ab5db06a079d2c0a45cc611cb18924d783a9,,unique,keep,,no,,no,,,2477,no,,,,,"REES/HALDERN (RP) Der Krieg in der Ukraine hat mehr als eine Million Menschen in die Flucht getrieben. Sie 
suchen Schutz und Sicherheit in anderen Landesteilen der Ukraine und in den direkten Nachbarländern. Viele 
Menschen fliehen weiter in den Westen, auch nach Deutschland. Angesichts der akuten Not hat die 
Bezirksregierung Düsseldorf ihren Krisenstab aktiviert, um die anstehenden Aufgaben, die Menschen aufzunehmen 
und unterzubringen, zu koordinieren. Neben den Flüchtlingen, die sich auf eigene Faust auf den Weg zu Freunden, 
Verwandten und Bekannten in der Region machen, sind mehrere hundert Flüchtlinge bereits in den 
Landeseinrichtungen eingetroffen.
Die Bezirksregierung betreibt im Regierungsbezirk Düsseldorf zwei Erstaufnahmeeinrichtungen (Essen und JHQ 
Mönchengladbach) sowie die Zentralen Unterbringungseinrichtungen (ZUE) des Landes in Neuss, Ratingen, Rees 
und Haldern, Rheinberg, Viersen, Weeze und Wuppertal. Die Einrichtungen in Neuss und Viersen fungieren ab 
sofort ausschließlich als Erstaufnahmeeinrichtung für Menschen aus der Ukraine.
Die Landesunterkünfte sind vor allem für Menschen wichtig, die mit einem Gemeinschaftstransport im 
Regierungsbezirk eintreffen, keine persönlichen Kontakte haben und dementsprechend Unterkunft und Verpflegung 
benötigen. Sie werden dort registriert und versorgt, bis eine Weiterleitung an die Kommunen möglich ist.
Die Flüchtlinge aus der Ukraine genießen aufgrund des Krieges in ihrer Heimat und auf Grundlage eines 
Beschlusses des Rates der Europäischen Union einen vorübergehenden Schutzstatus. Aktuelle Informationen zur 
Situation gibt es auf der Seite des Ministeriums für Kinder, Familie, Flüchtlinge und Integration des Landes 
Nordrhein-Westfalen: https://www.mkffi.nrw/ukraine"
2022-03,Main Corpus,2022-03(50).ZIP,Kommunen stellen sich auf Flüchtlinge aus der Ukraine ein.PDF,C:\PythonProjects\AfD-project\Corpora\Main Corpus\2022-03\raw_unarchive\Kommunen stellen sich auf Flüchtlinge aus der Ukraine ein.PDF,Kommunen stellen sich auf Flüchtlinge aus der Ukraine ein,kommunen stellen sich auf flüchtlinge aus der ukraine ein,Rheinische Post,rheinische post,Dienstag 1. März 2022,,S. 23,266,1934,ff59d2ea412f4993bd2e4f22e772682996f5f336,,unique,keep,,no,,no,,,2672,no,,,,,"Xanten/RHEINBERG/Sonsbeck (up/beaw/wer) Die Verwaltungen von Xanten, Rheinberg und Sonsbeck bereiten 
sich darauf vor, dass die Kommunen auch Flüchtlinge aus der Ukraine aufnehmen werden. Aktuell lägen dazu noch 
keine Informationen des Bundes oder des Landes vor, sagte Xantens Bürgermeister Thomas Görtz am Montag. Die 
Stadt prüfe aber bereits ihre Kapazitäten, um Menschen aus dem ukrainischen Kriegsgebiet aufzunehmen. 
Konkretere Planungen seien aber schwierig, solange aus Berlin oder Düsseldorf keine Angaben dazu kämen. 
Rheinbergs Bürgermeister Dietmar Heyde sagte, dass der Punkt Thema einer Hauptgemeindebeamtenkonferenz 
am Montag gewesen sei. In Rheinberg würden am Mittwoch 20 Ortskräfte aus Afghanistan erwartet, damit seien 
die räumlichen Kapazitäten in der Stadt vorläufig erschöpft. „Aber wir versuchen uns zu rüsten“, sagte er. Auch die 
Gemeinde Sonsbeck wies in einer Mitteilung darauf hin, dass für eine Aufnahme ukrainischer Flüchtlinge in private 
Haushalte zunächst die Positionierung von Bund und Land abzuwarten sei, um ein koordiniertes Vorgehen zu 
ermöglichen. Bürger, die jedoch schon jetzt ihre Unterstützung zusagen wollten und bereit seien, Wohnraum oder 
Unterkünfte für eventuelle Zuweisungen bereitzustellen, könnten sich per E-Mail an soziales@sonsbeck.de oder 
unter Tel. 
2838 36180 melden. Wir wissen, dass Krieg unendliches Leid hervorruft, Menschen zu Flüchtlingen macht, Kinder 
zu Waisen. Ich sehe es daher als eine wichtige Aufgabe, humanitäre Hilfe zu leisten und uns schnell und 
unkompliziert zu beteiligen, so Bürgermeister Heiko Schmidt. Sonsbeck erwartet ohnehin neue Zuweisungen von 
Flüchtlingen. Unterbringungsmöglichkeiten sind jedoch knapp. Deshalb plant die Gemeinde zusätzliche 32.000 
Euro im Haushalt ein, um weitere Objekte anzumieten. Aktuell sind 114 Flüchtlinge in Sonsbeck. Weitere 25 
Personen, vornehmlich Helfer der Bundeswehr aus Afghanistan, sollen bald kommen."
2022-03,Main Corpus,2022-03(50).ZIP,Kommunen warnen vor Überlastung Unterbringung von Flüchtlingen könnte für Probleme sorgen.PDF,C:\PythonProjects\AfD-project\Corpora\Main Corpus\2022-03\raw_unarchive\Kommunen warnen vor Überlastung Unterbringung von Flüchtlingen könnte für Probleme sorgen.PDF,Kommunen warnen vor Überlastung Unterbringung von Flüchtlingen könnte für Probleme sorgen,kommunen warnen vor überlastung unterbringung von flüchtlingen könnte für probleme sorgen,Berliner Zeitung,berliner zeitung,29. März 2022,,BRANDENBURG; S. 9,282,2022,6998fe4f334c39d70f39e5d5c4231ba995cec386,,unique,keep,,no,,no,,,3180,no,,,,,"Manche Kommunen in Brandenburg sehen sich bei der Unterbringung von Kriegsflüchtlingen aus der Ukraine bald 
am Limit. Bei der Frage der Unterbringung zeichnet sich in einigen Städten und Gemeinden ab, dass es eben zu 
einem großen Problem wird , sagte der Präsident des Städte- und Gemeindebundes, Wittenbergs Bürgermeister 
Oliver Hermann, am Montag.
 Cottbus als Drehkreuz 
 Wir sind eben als Brandenburg Ankunftsland und wir werden irgendwann (...) an Kapazitätsgrenzen stoßen. Da 
sind einige Städte schon angekommen, gerade in den Ballungsgebieten. Die Welle der Unterstützung durch die 
Bürger sei hoch. Aber wir rechnen damit, dass die verständlicherweise nicht auf Dauer angelegt ist. 
Ministerpräsident Dietmar Woidke (SPD) sowie Außenministerin und Grünen-Bundestagsabgeordnete Annalena 
Baerbock rechnen mit bis zu rund 40.000 Flüchtlingen in Brandenburg. Cottbus ist eines von mehreren 
Drehkreuzen in Deutschland für die Weiterverteilung von Geflüchteten. Der Brandenburger Städte- und 
Gemeindebund fordert, dass die Verteilung der Flüchtlinge innerhalb Deutschlands beschleunigt wird.
Für die steigende Zahl von Kindern aus der Ukraine, die in Brandenburger Kitas betreut werden, verlangt der 
Verband finanzielle Hilfe vom Bund und vom Land. Da bedarf es je nach Lage aus unserer Sicht schon auch einer 
Sonderunterstützung , sagte Hermann. Die Frage sei auch, ob die Kommunen es durchhalten könnten, den 
Personalschlüssel so zu belassen oder ob besondere Gruppen mit ukrainischen Kräften gebildet werden könnten. 
Die Städte und Gemeinden gehen nach ersten Rechnungen davon aus, dass die Kommunen bei je rund 3000 
Kindern in Krippen, Kindergärten und Horten zusätzliche Aufwendungen von mehr als 26 Millionen Euro haben.
 Reformen verschieben 
Angesichts der Corona-Krise und der wachsenden Zahl an Flüchtlingen aus der Ukraine appellierte der Verband an 
die Landesregierung, Reformen wie die des Kita-Gesetzes und des Kommunalen Finanzausgleichs zu verschieben 
und nur Optimierungen anzugehen. (dpa)"
2022-03,Main Corpus,2022-03(50).ZIP,Mehr als 950 Ukrainer im Kreis gemeldet Die Dunkelziffer der osteuropäischen Flüchtlinge dürfte aber.PDF,C:\PythonProjects\AfD-project\Corpora\Main Corpus\2022-03\raw_unarchive\Mehr als 950 Ukrainer im Kreis gemeldet Die Dunkelziffer der osteuropäischen Flüchtlinge dürfte aber.PDF,Mehr als 950 Ukrainer im Kreis gemeldet Die Dunkelziffer der osteuropäischen Flüchtlinge dürfte aber deutlich,mehr als 950 ukrainer im kreis gemeldet die dunkelziffer der osteuropäischen flüchtlinge dürfte aber deutlich,Rheinische Post,rheinische post,Samstag 19. März 2022,Maarten Oversteegen,S. 17,537,3961,250ed11d0144d41a5367677c1dcb809b8e920240,,unique,keep,,no,,no,,,5295,no,,,,,"Maarten Oversteegen
Kreis Kleve Die mächtige Welle der ukrainischen Kriegsflüchtlinge macht sich auch im Kreis Kleve zunehmend 
bemerkbar. Wie der Kreis Kleve auf Anfrage unserer Redaktion mitteilt, gibt es aktuell knapp 950 Ukrainer, die sich 
als Schutzsuchende bei den Kommunen gemeldet haben. Allerdings geht man davon aus, dass die Dunkelziffer in 
der Region noch deutlich höher ist. „Da keine Meldepflicht besteht, Personen teilweise doppelt gemeldet werden 
oder den Aufenthaltsort wechseln, ist es momentan schwierig, belastbare, konkrete Zahlen zu nennen. Der 
Datenabgleich ist entsprechend aufwendig“, erklärt Benedikt Giesbers, Pressesprecher bei der Kreisverwaltung.
Hintergrund ist, dass ukrainische Staatsangehörige für einen Kurzaufenthalt von bis zu 90 Tagen visumfrei in die 
Europäische Union und damit auch nach Deutschland reisen dürfen, wenn sie über einen biometrischen Pass 
verfügen. Und während Migranten in den vergangenen Jahren zumindest in Nordrhein-Westfalen den Weg über die 
Zentrale Aufnahmestelle in Bochum gehen mussten, kommen die Flüchtlinge nun direkt in die Kommunen. So soll 
eine Überlastung verhindert werden.
„Beim Kreis Kleve nimmt die Zahl der geflüchteten Personen, die sich melden, in den vergangenen Tagen merklich 
zu. Ein weiterer Anstieg ist zu erwarten“, so Giesbers. Allerdings stünde man in einem engen Austausch mit den 
Städten und Gemeinden, die zunächst für die Unterbringung zuständig seien – und auch die Registrierungen 
vornehmen.
So sind etwa in der Kreisstadt Kleve bislang 120 Flüchtlinge angekommen. Von so vielen weiß die Stadtverwaltung 
zumindest aktuell. Der Grund ist, dass diese Ukrainer – zuvorderst Frauen und Kinder – in Wohnraum vermittelt 

Mehr als 950 Ukrainer im Kreis gemeldet Die Dunkelziffer der osteuropäischen Flüchtlinge dürfte aber deutlich 
höher sein. Hintergrund ist, dass eine Registrieru....
wurden oder andere Anträge im Rathaus gestellt haben, etwa auf Sozialleistungen. „Es liegt aber auf der Hand, 
dass es eine Dunkelziffer gibt, die irgendwo über der Zahl von 120 Flüchtlingen liegt“, sagt Niklas Lembeck, 
Pressesprecher der Stadtverwaltung Kleve. So ist anzunehmen, dass viele der Ukrainer zumindest vorerst bei 
Angehörigen, Freunden oder Bekannten untergekommen sind und sich nicht sofort nach Ankunft bei der 
öffentlichen Hand gemeldet haben.
Spenden werden aktuell vom Kreis Kleve – anders als teils in sozialen Medien kolportiert – noch nicht gesammelt. 
Die Bedarfe geben das schlichtweg noch nicht her. Benedikt Giesbers erklärt weiter: „Sachspenden sammeln die 
Kommunen weiterhin nicht. Sollte zu einem späteren Zeitpunkt etwas benötig werden, erfolgt ein separater Aufruf. 
Stattdessen verweist der Kreis Kleve auf die offiziellen Spendenkonten. Mit den Spenden können die 
Hilfsorganisationen gezielt Bedarfsgüter kaufen, beispielsweise nötige Medikamente und medizinisches 
Equipment.“
Doch in den kommenden Monaten dürfte es eine Herausforderung werden, alle Ukrainer in Wohnraum zu 
vermitteln. Vor allem dann, wenn die Kriegswirren langfristig anhalten. „Da ein Anstieg der geflüchteten Menschen 
erwartet wird, ist es weiterhin sinnvoll, Wohnraum zu melden. Dies kann direkt der Stadt oder Gemeinde gemeldet 
werden, oder auch über das Onlineformular“, so die Kreisverwaltung.
Zudem gebe es einen Mangel an Sprachmittlern. Interessenten können sich per E-Mail direkt an das Kommunale 
Integrationszentrum (ki@kreis-kleve.de) wenden. Ukrainer mit pädagogischen Kenntnissen werden zudem bei der 
Migrationsfachberatung der Schulaufsicht (migrationsfachberatung@kreis-kleve.de) gebraucht.
Der Kreis rät aufgrund der unübersichtlichen Situation an der polnisch-ukrainischen Grenze davon ab, eigenständig 
dorthin zu fahren, um Flüchtlinge aufzunehmen. Momentan würden ankommende Flüchtlinge an der dortigen 
Grenze registriert, um dann die weitere Unterbringung europaweit zu organisieren. Hilfsorganisationen unterstützen 
die Maßnahmen vor Ort."
2022-03,Main Corpus,2022-03(50).ZIP,Mehr Willkommensklassen braucht die Stadt Wie können die ukrainischen Flüchtlingskinder am besten in.PDF,C:\PythonProjects\AfD-project\Corpora\Main Corpus\2022-03\raw_unarchive\Mehr Willkommensklassen braucht die Stadt Wie können die ukrainischen Flüchtlingskinder am besten in.PDF,Mehr Willkommensklassen braucht die Stadt Wie können die ukrainischen Flüchtlingskinder am besten in den,mehr willkommensklassen braucht die stadt wie können die ukrainischen flüchtlingskinder am besten in den,Berliner Zeitung,berliner zeitung,16. März 2022,Eva Corino,N/A; S. 17,1693,12250,491d919c4d796a11769e522ed7864dbdb8660068,,unique,keep,,no,,no,,,13415,no,,,,,"Im September 2020 erschien ein schmales, aber extrem wichtiges Buch mit dem Titel Das Integrationsexperiment . 
In diesem Buch zog Anand Agarwala, Bildungsjournalist der Woochenzeitung Zeit, fünf Jahre nach der 
Flüchtlingskrise im Jahr 2015 Bilanz, inwieweit die schulische Integration der Geflüchteten in Deutschland gelungen 
ist. Vor anderthalb Jahren wurde das Buch jedoch kaum wahrgenommen. Zu sehr stand sein Erscheinen im 
Schatten der Corona-Krise, man interessierte sich für Masken, Digitalisierung und Lerndefizite.
Doch das könnte sich jetzt schlagartig ändern. Denn das Buch enthält viele Analysen, die uns nun bei der Frage 
helfen: Wie können unsere Schulen mit der zweiten und wohl noch größeren Flüchtlingskrise in der Folge des 
Ukraine-Kriegs umgehen? Welche Lösungen, die in den letzten Jahren entwickelt wurden, haben sich bewährt, 
welche nicht? Und wie können wir sie verbessern und anpassen an die aktuelle Situation?
 Keine Daten, keine Evaluation 
 Es klingt schwer vorstellbar , schreibt Agarwala, aber kein Bildungsministerium in Deutschland kann heute 
verlässliche oder gar überprüfbare Aussagen darüber machen, ob das, was man tat oder tut, richtig ist. 
Versprechen Vorbereitungsklassen, ein direkter Start unter Muttersprachlern oder eine Mischform langfristig den 
größten Erfolg? Keiner weiß es. Wie häufig gelingt Flüchtlingskindern der Sprung von der Grundschule aufs 
Gymnasium? Völlig unklar. Wie viele Lehrerinnen und Lehrer wurden mittlerweile dafür qualifiziert, 
Nichtmuttersprachler vernünftig zu unterrichten? Hat niemand gezählt. 
Agarwala hält es für ein großes Versäumnis, dass die Bildungsministerien sich in den letzten Jahren nicht darum 
gekümmert haben, das deutsche Integrationsexperiment wissenschaftlich zu begleiten und systematisch zu 
evaluieren. Erschwerend kam und kommt natürlich hinzu, dass in jedem Bundesland andere Modelle ausprobiert 
und andere Daten erhoben wurden. Doch zugleich ist die Bilanz des Autors verhalten optimistisch: Am Anfang 
herrschte Chaos und die Schulen mussten improvisieren. Aber im ganzen Land hätten sich die Schulen 
zurechtgeruckelt, trotz fehlender Ressourcen arbeiteten die Kollegien engagiert und kompetent. Und trotz widriger 
Bedingungen wenig Vorkenntnisse, wenig Halt hätten viele Geflüchtete Abschlüsse gemacht, wenn auch meist 
die niedrigsten.

Mehr Willkommensklassen braucht die Stadt Wie können die ukrainischen Flüchtlingskinder am besten in den 
Berliner Schulen unterrichtet werden?
Seit Anfang der Flüchtlingskrise 2015 tobt eine oft dogmatisch geführte Debatte, was besser sei: Die Flüchtlinge 
erst in sogenannte Vorbereitungs- oder Willkommensklassen oder sofort in die Regelklassen aufzunehmen? Bisher 
kann die Frage wissenschaftlich nicht eindeutig beantwortet werden. Aber laut Agarwala mehren sich die Hinweise, 
dass eine Mischform für viele Flüchtlinge der richtige Weg ist wenn sie in Willkommensklassen kommen, es aber 
fließende Übergänge in die Regelklassen gibt. Das heißt, dass sie schon früh in einzelnen Fächern mit den 
deutschsprachigen Schülern gemeinsam unterrichtet und dann nach ihrem vollständigen Wechsel in die 
Regelklassen weiterhin durch Mentoren unterstützt werden, Zugang zu Sprachförderung und Nachhilfe in kleinen 
Gruppen bekommen. In Berlin wird das an einigen Schulen schon so praktiziert, sollte aber auch in der Fläche 
ähnlich gehandhabt werden.
In Berlin gibt es im Moment 540 Willkommensklassen, die von rund 6000 Schülern besucht werden. Die 
Kapazitäten dieser Klassen sind allerdings weitgehend erschöpft. Deshalb hat Berlins Bildungssenatorin Astrid-
Sabine Busse (SPD) vor ein paar Tagen angekündigt, neue Willkommensklassen schaffen zu wollen. Aktuell läuft 
die Anfrage an die Schulen (staatliche und freie, allgemeinbildende und berufliche Schulen), ob sie die Möglichkeit 
sehen, eigene Klassen zu schaffen und Flüchtlinge aufzunehmen. Aber bis die ersten neuen Klassen eingerichtet 
werden, wird es noch mindestens zwei Wochen dauern , teilte ein Sprecher der Bildungsverwaltung mit.
Zunächst sprach Busse von 50 neuen Klassen, doch wird diese Zahl bei Weitem nicht ausreichen. Täglich kommen 
ja etwa 10.000 neue Flüchtlinge in Berlin an, unter ihnen viele Kinder im Alter zwischen 0 und 18 Jahren, die bald 
Kita- und Schulplätze brauchen. Natürlich bleiben nicht alle Flüchtlinge in Berlin, viele reisen auch weiter in andere 
deutsche Städte oder ins europäische Ausland.
Doch wahrscheinlich sind heute schon genug ukrainische Kinder im schulpflichtigen in Berlin untergebracht, um 
weitere 540 Willkommensklassen zu füllen. Bisher gibt es noch keine genauen Zahlen, da sich die Flüchtlinge nicht 
registrieren müssen. Sie sollten allerdings schnell rechtlich verpflichtet werden, sich anzumelden, und dabei 
möglichst schon Angaben machen zum Alter ihrer Kinder, zu den Bildungsbiografien, den vorhandenen 
Sprachkenntnissen, damit die Berliner Bildungsverwaltung und die Schulen planen können. Es steht aber schon 
fest: Es müssen sehr schnell sehr große Kapazitäten geschaffen werden.
Wie unterscheiden sich die Flüchtlingskinder, die jetzt kommen, von denjenigen, die seit 2015 gekommen sind? 
Damals waren es viele heranwachsende Männer aus Syrien und Afghanistan im Alter zwischen 16 und 18 Jahren, 
die als unbegleitete minderjährige Flüchtlinge nach Deutschland kamen. Oft hatten sie eine monate- oder sogar 
jahrelange Odyssee durch verschiedene Länder und über das Mittelmeer hinter sich, waren mannigfaltig 
traumatisiert. Die schulischen Voraussetzungen waren und sind extrem unterschiedlich , sagt Nadire Biskin, 
Autorin und Klassenlehrerin einer Willkommensklasse in Berlin. Manche haben guten Unterricht an 
weiterführenden Schulen erhalten, andere noch nie im Leben eine Schule von innen gesehen. Als Lehrerin einer 
Willkommensklasse muss man also lernen, mit einer extrem großen Heterogenität umzugehen. Der Altersabstand 
zwischen den Schülern in einer Klasse kann bis zu fünf Jahre betragen, manche Kinder kommen aus 
Akademikerfamilien und werden zu Hause sehr unterstützt, andere sind total auf sich gestellt und müssen erst 
einmal das Alphabet lernen. 
Unter den Geflüchteten aus der Ukraine sind dem Augenschein nach mehr Kinder jüngeren Alters, mehr 
Mädchen. Viele sind zusammen mit ihren Müttern und Großmüttern aufgebrochen, zum Teil auch in größeren 
Gruppen von Familienmitgliedern und Freunden. Das heißt, sie haben im Prinzip mehr familiären Halt und oft auch 
schon eigene soziale Anknüpfungspunkte in Deutschland. Weil sie Verwandte oder Bekannte haben, die schon vor 
Jahren aus der Ukraine nach Deutschland eingewandert sind.
Viele dieser Familien hatten vor drei Wochen noch ein ganz normales Leben bei manchen Kindern sind die 
Traumatisierungen ganz frisch oder sie stehen ihnen erst noch bevor: Dann nämlich, wenn sie zum Beispiel vom 
Tod ihrer Väter, Brüder in der Ukraine erfahren. Aber für den leider wahrscheinlichen Fall, dass es nicht gelingt, 
genug psychologische Betreuung in Deutschland zu finden, haben sie vermutlich bessere Chancen, die Ereignisse 
zu verarbeiten weil sie hier in Gesellschaft vertrauter Menschen sind.
Mehr Willkommensklassen braucht die Stadt Wie können die ukrainischen Flüchtlingskinder am besten in den 
Berliner Schulen unterrichtet werden?
Insgesamt gibt es eine größere kulturelle Nähe und jedenfalls eine Sehnsucht nach demokratischen Werten. Die 
ukrainischen Schüler kommen aus einem gut funktionierenden Bildungssystem, beherrschen die kyrillische Schrift 
und oft auch schon die lateinische, wenn sie in den weiterführenden Schulen Englisch oder Deutsch als 
Fremdsprache gelernt haben. Das wird die Aufgabe der schulischen Integration leichter machen als in den Jahren 
nach 2015. Weil die Homogenität der Schüler größer ist, es mehr Vorkenntnisse gibt und die hiesigen Schulen 
schon Know-how entwickelt haben, das sie jetzt reaktivieren können.
Auf der anderen Seite wird allein die rasant anwachsende Zahl der Geflüchteten unser Bildungssystem vor große 
Herausforderungen stellen. In Berlin treffen die Neuankömmlinge auf eine schon jetzt akute Mangelsituation: Es 
gibt zu wenig Schulplätze und zu wenig pädagogisches Personal. Hinzu kommt, dass das Personal, das im 
Moment an den Schulen arbeitet, nach den Zumutungen der Corona-Krise sehr erschöpft ist. Hier ist wichtig, dass 
wir die Chance nutzen, dass der neue Haushalt noch nicht beschlossen ist und Anpassungen vornehmen , sagt die 
frühere bildungspolitische Sprecherin der SPD, Maja Lasic. Träger der freien Kinder- und Jugendhilfe, die schon 
beim letzten Mal aktiv waren, könnten beispielsweise reaktiviert werden und erste Bildungsprogramme für die 
Flüchtlingskinder auf den Weg zu bringen, so Lasic. 
Die Deutsche Kinder- und Jugendstiftung (DKJS) hat zum Beispiel eine ganze Reihe von erfolgreichen 
Programmen entwickelt, die man sehr kurzfristig ausweiten könnte. Das reicht von den Berliner Ferienschulen über 
die Lernbrücken bis hin zum Programm Fit für die Schule. Gemeinsam starten , das zunächst in den 
Erstaufnahme-Unterkünften stattfindet. In all diesen Programmen geht es um Sprachvermittlung, Erkundung der 
Lebenswelt, Begegnung mit Gleichaltrigen sowie die Stärkung des Selbstkonzeptes der Kinder, sagt Annekathrin 
Schmidt, Leiterin Berlin und Brandenburg bei der DKJS.
Die Zeit drängt. Durch die Corona-Krise wissen wir, wie unabdingbar es ist für die seelische Gesundheit von 
Kindern und Jugendlichen ist, dass sie zur Schule gehen, eine geregelten Tagesablauf haben und Gleichaltrige 
treffen können. Und auch für die Kinder aus der Ukraine geht es darum, durch erste Bildungsangebote, einen Kita- 
oder Schulbesuch wieder ein Gefühl von Normalität entwickeln und ein neues Kapitel in ihrem Leben aufschlagen 
zu können.
Deshalb sollte in dieser Flüchtlingswelle sofort eine Schulpflicht greifen und auch schon eine improvisierte 
Beschulung in den Erstaufnahme- und Gemeinschaftsunterkünften stattfinden, bevor die Familien eigene 
Wohnungen finden und definitiv einer Kommune zugeordnet werden. Nach Agarwalas Recherchen vergehen in 
Deutschland im Schnitt sieben Monate zwischen der Ankunft eines Flüchtlingskindes und seinem Eintritt in eine 
deutsche Schule. In Berlin variiert diese Zeit von Bezirk zu Bezirk, es gibt langsame und weniger langsame Bezirke. 
Aber die Frage ist: Schafft man es diesmal, dass die geflüchteten Kinder schneller in Willkommens- und 
Regelklassen andocken?
Viele Bildungspolitiker fragen sich gerade mit Blick auf die anstehenden Planungen, wie lang die Flüchtlinge bleiben 
werden und ob sie nach dem Ende des Krieges in die Ukraine zurückkehren. Die Erfahrungen mit den letzten 
Flüchtlingswellen zeigen: Ein relevanter Teil wird zurückkehren und ein relevanter Teil wird bleiben. Doch niemand 
weiß im Voraus, wer genau bleiben wird. Weil das ja von vielen Faktoren abhängt auch davon, wie schnell sich 
jemand integriert, welche menschlichen Beziehungen entstehen, welche Chancen sich auftun.
 Gefährliche Annahme 
 Deshalb sollten wir so tun, als ob alle, die kommen, bleiben werden sonst verlieren wir wertvolle Zeit bei der 
Integration der Kinder, sagt Maja Lasic, die selbst als bosnisches Flüchtlingsmädchen in einer Willkommensklasse 
gewesen ist. Auch glaube ich nicht, dass der Krieg nach zwei Monaten zu Ende ist. Das kann Jahre dauern. 
Deshalb reagiert sie auch zurückhaltend auf den Versuch der Bildungsverwaltung, ukrainische Lehrerinnen zu 
rekrutieren. Wenn ukrainische Lehrerinnen ukrainische Schüler auf ukrainische Weise unterrichten, dann setzt man 
den Integrationsprozess aus in der Annahme, dass die Kinder wieder gehen werden. Und das ist gefährlich. 
Natürlich kann es nicht schaden, wenn die Flüchtlingskinder zusätzlich ein paar Stunden herkunftssprachlichen 
Unterricht bekommen , sagt Lasic. Das helfe bei der Identitätsbildung. Natürlich sei es wünschenswert, wenn 
Mehr Willkommensklassen braucht die Stadt Wie können die ukrainischen Flüchtlingskinder am besten in den 
Berliner Schulen unterrichtet werden?
ukrainische Lehrerinnen gut Deutsch lernten und dann als Quereinsteigerinnen in unseren Schulen anfingen. Aber 
beides , sagt Maja Lasic, ersetzt und erleichtert nicht die Arbeit in den Willkommensklassen, die jetzt nötig ist."
2022-03,Main Corpus,2022-03(50).ZIP,Minenopfer werden in Deutschland versorgt Beim Treffen der EU-Gesundheitsminister ging es um weitere.PDF,C:\PythonProjects\AfD-project\Corpora\Main Corpus\2022-03\raw_unarchive\Minenopfer werden in Deutschland versorgt Beim Treffen der EU-Gesundheitsminister ging es um weitere.PDF,Minenopfer werden in Deutschland versorgt Beim Treffen der EU-Gesundheitsminister ging es um weitere,minenopfer werden in deutschland versorgt beim treffen der eugesundheitsminister ging es um weitere,Rheinische Post,rheinische post,Mittwoch 30. März 2022,Gregor Mayntz,S. 3,565,4206,bafc0f7e57fb84b69a74dc9885879bdfe7c64c19,,unique,keep,,no,,no,,,5991,no,,,,,"Gregor Mayntz
Brüssel Für vier Millionen Ukrainer sind die akuten Todesgefahren vorerst vorbei. Sie haben in den EU-Staaten 
eine sichere Aufnahme gefunden – aber noch keine Ruhe. Vor allem die Kinder nicht, die fast die Hälfte aller 
Flüchtlinge ausmachen. Bei einem Treffen in Brüssel berichteten die Gesundheitsminister der EU-Mitgliedstaaten 
von vielen schwer traumatisierten Mädchen und Jungen, die von den Bildern und Erlebnissen des Krieges 
überfordert seien. „Sie haben ein furchtbares Trauma erlitten“, sagte EU-Gesundheitskommissarin Stella 
Kyriakides. Was die Flüchtlinge berichteten, sei herzzerreißend.
Nach ihren Angaben sind bereits über 16.000 ukrainische Patienten in die EU-Mitgliedsländer verlegt worden. Bei 
weiteren 10.000 laufe dies gerade. Wie Bundesgesundheitsminister Karl Lauterbach (SPD) in Brüssel berichtete, 
sind die ersten auch in Deutschland angekommen. Auch Minenopfer seien darunter. Er wollte jedoch nicht sagen, 
ob es sich um verwundete Soldaten oder verletzte Zivilisten handelt. Die Rettungskette laufe von der Ostukraine 
über die Westukraine in die EU, wo dann die Weiterverteilung durch ein nun aufgebautes Kommunikationssystem 
laufe. Lauterbach dankte dem polnischen Kollegen Adam Niedzielski für die unbürokratische Handhabung 
medizinischer Hilfsgütertransporte aus Deutschland in die Ukraine und hob hervor, dass sich viele Ärztinnen und 
Ärzte in Deutschland gemeldet hätten, um freiwillig in der Ukraine und den Anrainerstaaten akute Hilfe zu leisten.
Polen machte mit zehn weiteren von der Flüchtlingsaufnahme besonders betroffenen Staaten einen Vorstoß zu 
einem besonderen Gesundheitsfonds, den die Kommission per Notfallmechanismus bilden könne. Nach den 
Schätzungen von Niedzielski bräuchten die Mitgliedsstaaten pro eine Million Ukraine-Flüchtlinge 50 bis 70 Millionen 
Euro an Unterstützung nur für die Gesundheitsversorgung. Die Slowakei warnte in Brüssel bereits vor einer 
absehbaren Überlastung des Gesundheitssystems.

Minenopfer werden in Deutschland versorgt Beim Treffen der EU-Gesundheitsminister ging es um weitere 
Hilfen für Flüchtlinge aus der Ukraine .
Die Ministerkonferenz befasste sich zugleich mit der Vielzahl an Medikamenten, die jetzt für die 
Flüchtlingsversorgung nötig seien. Dabei handele es sich vor allem um Impfstoffe gegen Tuberkulose, Polio, 
Masern, Diphtherie, Tetanus und nicht zuletzt auch Covid-19. Es gebe hier zwar „Impflücken“ bei den Flüchtlingen, 
doch gingen davon keine zusätzlichen Gesundheitsgefahren für die deutsche Bevölkerung aus, erläuterte 
Lauterbach. Da die Gesundheitsminister in Brüssel sich auch mit der Frage befassten, was mit den Bergen von 
Corona-Impfstoffen geschehen soll, die angesichts der extremen Impfmüdigkeit der Bevölkerung entstanden seien, 
geriet eine verstärkte Impfung der Flüchtlinge umgehend in den Blick.
Lauterbach war zudem mit dem Vorschlag einer europäischen Empfehlung zur vierten Impfung für alle über 60-
Jährigen nach Brüssel gereist. Neue Studien aus Israel belegten, dass mit der zweiten Booster-Impfung die 
Sterblichkeit in dieser Altersgruppe um 80 Prozent gesenkt werden könne.
Welche Sorgen sich die Menschen im Zusammenhang mit dem Angriffskrieg gegen die Ukraine machen, geht aus 
einer Mitteilung von Emer Cooke, der Geschäftsführerin der europäischen Arzneimittelbehörde Ema, im Ministerrat 
hervor. Danach sei die Nachfrage nach Jodtabletten stark gestiegen. Derzeit laufe eine Bedarfsabfrage bei den 
Mitgliedstaaten, sagte Cooke in Brüssel. Bei einem radioaktiven Fallout als Folge eines schweren Reaktorunglücks 
oder Einsatz taktischer Atomwaffen verhindern diese Tabletten, dass sich radioaktives Jod in der Schilddrüse 
ansammelt. Allerdings müssen sie rechtzeitig eingenommen werden. Wie Cooke weiter berichtete, befasst sich ihre 
Behörde derzeit vermehrt auch mit Alternativ-Medikamenten, um die Behandlung ukrainischer Patienten 
sicherzustellen, deren aus der Ukraine gewohnten Arzneimittel in der EU nicht zugelassen seien.
Kyriakides zufolge sollen 200.000 besonders dringend gebrauchte Impfdosen aus einer Spende des französischen 
Pharmakonzerns Sanofi in die Ukraine gehen, 70.000 weitere an Tschechien, die Slowakei und Moldawien."
2022-03,Main Corpus,2022-03(50).ZIP,Neue polnische Willkommenskultur.PDF,C:\PythonProjects\AfD-project\Corpora\Main Corpus\2022-03\raw_unarchive\Neue polnische Willkommenskultur.PDF,Neue polnische Willkommenskultur,neue polnische willkommenskultur,Südwest Presse,südwest presse,Dienstag 15. März 2022,,POLITIK; S. 3; Band 78; Ausg. 61,633,4593,91eccb3057b4f64cc11cc38fb753c975679b214a,,unique,keep,,no,,no,,,5761,no,,,,,"Seit Kriegsbeginn haben schon mehr als zwei Millionen Menschen wegen des russischen Krieges die Ukraine 
verlassen. Mehr als 1,5 Millionen kamen nach Polen – fast so viele, wie Deutschland in den Jahren 2015 und 2016 
aufnahm, wobei Polen kaum halb so viele Einwohner hat. Scheinbar kaum jemand, der sich nicht in Polen eine 
gelbe Weste übergestreift hat und an Aufnahmepunkten Wasser, Suppe und Baby windeln verteilt. Kaum ein Dorf, 
in dem nicht Hilfsgüter gesammelt werden. Linksliberale Großstädter helfen ebenso wie Pfadfinder, 
Ordensschwestern und Mitglieder der stramm rechten Allpolnischen Jugend.
Viele Polinnen und Polen erfüllt diese Willkommenskultur gegenüber den ukrainischen Flüchtlingen mit 
unerwartetem Stolz. Auch die Regierung selbst: „Wir als Volk demonstrieren wieder, was Solidarität bedeutet“, 
sagte Polens Präsident Andrzej Duda vergangene Woche. „Wir sind die Leader bei der Hilfe für die Ukraine.“
Dabei war das Wort „Flüchtling“ ein verbranntes Wort seit der Flüchtlingskrise 2015, in der Polen konsequent die 
Aufnahme verweigerte. Nur einige hundert Kilometer nördlich, an seiner Grenze zu Belarus, zeigt sich Polen auch 
jetzt hartherzig gegenüber Migranten aus dem Nahen Osten und Afrika, deren Schutzersuchen vom polnischen 
Grenzschutz jeden Tag ungeprüft abgewiesen wird. Während die Grenze zur Ukraine weit offen steht, wird an der 
Grenze zu Belarus weiter an dem fünf Meter hohen Zaun gegen die unerwünschten Flüchtlinge gebaut.
Enge kulturelle Bindung
„Die Nähe der Ukraine, die kulturellen Beziehungen zu dem Land, die Wahrnehmung der Gefahr von seiten 
Russlands und die weit mehr als eine Million ukrainischen Arbeits migranten in Polen führen dazu, dass die 
Offenheit der Polen gegenüber Flüchtlingen größer ist als die der Deutschen“, sagt Agnieszka Åada vom 
Deutschen Polen-Institut in Darmstadt. Bezug nimmt sie dabei auf eine Umfrage im Rahmen des Deutsch-
Polnischen Barometers, die schon kurz vor dem russischen Überfall durchgeführt wurde. Demnach unterstützten 56 
Prozent der Polen die Aufnahme ukrainischer Flüchtlinge und nur 41 Prozent der Deutschen. Diese „kulturellen 
Beziehungen“ bekommen gerade eine neue emotionale Qualität, weil der russische Feldzug gegen den 
ukrainischen Staat besonders Polen, aber auch alle anderen ostmitteleuropäischen Länder, an eigene historische 
Traumata von Überfall, Niederlage und Besatzung erinnert.
Die Regierung in Warschau hat dieser Tage ein Gesetz zur Hilfe für ukrainische Flüchtlinge verabschiedet. Ukrainer 
sollen, gleich jedem polnischen Bürger, eine „Pesel“-Nummer erhalten, die Zugang zum Gesundheitswesen und zu 
Bildung und Arbeitsmarkt garantiert. Ukrainische Kinder sollen von dem großzügigen Kindergeld in Polen genauso 

Neue polnische Willkommenskultur
profitieren wie polnische. Nichtregierungsorganisationen kritisieren, dass diese Leistungen nur ukrainischen 
Passinhabern zustehen sollen, nicht aber anderen Staatsangehörigen, die in der Ukraine lebten und nun ebenfalls 
vor dem Krieg nach Polen fliehen: etwa Studierende aus Indien und Afrika, Arbeitsmigranten aus Zentralasien oder 
auch Belarussen.
Zudem werden Stimmen lauter, die von Regierung und Behörden mehr Strukturen für die Verteilung und Lenkung 
der Flüchtlingsströme fordern, die täglich anschwellen. „Ich habe den Eindruck, dass der Regierung nicht klar ist, 
was uns in naher Zukunft bevorsteht“, meint die polnische Migrationsforscherin Klaudia GoÅ‚Ä™biowska von der 
Universität PoznaÅ„.
Bisher haben jedoch weder die polnische Regierung noch die Slowakei, Ungarn und Moldawien die EU substanziell 
um Hilfe gebeten. Für alle aufnehmenden Länder und die Ukraine selbst machte die EU-Kommission bisher 500 
Millionen Euro für humanitäre Hilfe locker – nicht viel angesichts der immensen Fluchtbewegung. Allerdings 
einigten sich die EU-Innenminister vergangene Woche auf die Anwendung der „Massenzustrom-Richtlinie“, die 
Menschen aus dem Kriegsgebiet unkompliziert ein Bleiberecht in jedem EU-Land ermöglicht.
Deutschlands Innenministerin Nancy Faeser (SPD) hegt die Hoffnung, dass man in der EU nun vielleicht doch noch 
bei einer gemeinsamen Asylpolitik vorankommen könnte. Es gibt aber keine Hinweise darauf, dass die 
rechtsnationalen Regierungen Polens und anderer Visegrad-Länder nun ihre Türen für Flüchtlinge aus anderen 
Weltregionen öffnen würden. ⇥Nancy Waldmann
Neue polnische Willkommenskultur
Link zum PDF-Dokument
Link zum PDF-Dokument
Graphic
 
Ein Flüchtlingszentrum in Korczowa: Viele Ukrainerinnen und Ukrainer finden im Nachbarland Polen Zuflucht. Foto: 
Petros Giannakouris/AP/dpa"
2022-03,Main Corpus,2022-03(50).ZIP,Noch Platz für Ukraine -Flüchtlinge Da ein Großteil der Menschen aus der Ukraine bislang bei Privatl.PDF,C:\PythonProjects\AfD-project\Corpora\Main Corpus\2022-03\raw_unarchive\Noch Platz für Ukraine -Flüchtlinge Da ein Großteil der Menschen aus der Ukraine bislang bei Privatl.PDF,Noch Platz für Ukraine -Flüchtlinge Da ein Großteil der Menschen aus der Ukraine bislang bei Privatleuten,noch platz für ukraine flüchtlinge da ein grossteil der menschen aus der ukraine bislang bei privatleuten,Rheinische Post,rheinische post,Dienstag 29. März 2022,Fritz Schubert,S. 21,675,4972,67c5b59b6548f37c48a6ecb13466827e1161a988,,unique,keep,,no,,no,,,6457,no,,,,,"Fritz Schubert
Wesel/Hamminkeln/Schermbeck Gut vier Wochen nach dem Beginn des russischen Angriffskrieges in der Ukraine 
sind die Bilder und Nachrichten nach wie vor erschreckend. Die Zahl der Flüchtlinge aus dem osteuropäischen 
Land wächst kontinuerlich, doch ein genauer Überblick ist kaum möglich, da keine lückenlosen Einreisekontrollen 
stattfinden. So verfügen auch die Kommunen am Niederrhein nur über die Zahlen über diejenigen Flüchtlinge, die 
sich bislang amtlich registrieren ließen.
Während republikweit bis Montag mehr als 300.000 Kriegsflüchtlinge – bei unbekannt hoher Dunkelziffer – 
aufgenommen wurden (siehe Infobox), waren in Wesel insgesamt 195 Ukrainer registriert. Von diesen ist der 
Großteil in Wohnungen untergebracht, die über das ganze Stadtgebiet und auch die dazugehörigen Dörfer verteilt 
sind, sagt Sozialdezernent Rainer Benien im Gespräch mit unserer Redaktion. Mehr als 60 Geflüchtete hätten 
Plätze in städtischen Unterkünften und Übergangswohnheimen. Bewährt habe sich der Servicepunkt im Sozialamt 
als zentrale Anlaufstelle, so der Dezernent, weshalb auch die Registrierung gut laufe.
Wesel hat laut Benien zudem eine aktuelle Aufnahmeverpflichtung für 120 weitere Flüchtlinge, von denen 20 in 
dieser Woche kommen sollen. Seit dem Wochenende einsatzbereit ist die Rundsporthalle auf dem Fusternberg als 
mittlerweile umfunktionierter Schlafplatz für frisch Ankommende. Das Deutsche Rote Kreuz, so Benien weiter, hat 
eine im Katastrophenschutz erfahrene Leiterin für die Einrichtung eingestellt.
Medizinische Versorgung ist nicht nur in der Rundsporthalle sichergestellt. Es gibt, wie berichtet, auch in der für 
Familien hergerichteten Hansaringschule einmal wöchentlich die Möglichkeit, ärztliche oder kinderärztliche Hilfe in 

Noch Platz für Ukraine -Flüchtlinge Da ein Großteil der Menschen aus der Ukraine bislang bei Privatleuten 
unterkommen, sind die Unterkünfte in Wesel, Hamminkeln....
Anspruch zunehmen. Für akute Fälle, so Dezernent Benien weiter, sei man ohnehin handlungsfähig. Das gelte 
auch für seelisch angeschlagene Menschen.
Vergleichsweise gelassen kann auch die Stadt Hamminkeln derzeit mit der Aufgabe umgehen, Ankömmlinge 
unterzubringen. Mit Stand von Montagmorgen waren hier 78 Personen zu verzeichnen. „Bis auf zwei oder drei“, 
sagt Bürgermeister Bernd Romanski auf Anfrage unserer Redaktion, sind alle Flüchtlinge privat untergebracht 
worden. Das heißt, dass sie Quartiere bei Familienangehörigen, Freunden oder Geschäftspartnern gefunden 
haben. Ebenso bedeutet dies, dass Unterbringungsmöglichkeiten der Kommune längst nicht gänzlich in Anspruch 
genommen werden mussten, Flüchtlingsunterkünfte in der Daßhorst in Hamminkeln und an der Kreutzstraße in 
Mehrhoog also noch zur Verfugung stehen. Als Verteilzentrum fungiert die ehemalige Hauptschule in Dingden. 
Offen bleibt laut Romanski, wie viele von den Angekündigten am Ende tatsächlich ankommen. So kamen von den 
20 für Freitag avisierten Menschen am Ende lediglich zwei.
Unterm Strich sieht Hamminkeln jedenfalls aktuell keine Probleme – zumindest keine räumlichen. Von der 
Herrichtung von Turnhallen sei man noch weit entfernt, sagt Bernd Romanski. Man habe noch Luft für rund 200 
Personen. Anders sehe es mit der psychologischen Betreuung der zumeist traumatisierten Flüchtlinge aus. Da 
stehe eben kein Heer von Fachleuten bereit.
Dabei lobt der Bürgermeister eine weiterhin sehr hohe Bereitschaft in der Hamminkelner Bevölkerung, Geflüchteten 
zu helfen. Alle seien hoch motiviert und die Kommunikation laufe sehr gut, was auch daran liege, dass Hans-Jürgen 
Kraayvanger von Mehrhoog hilft im Stab der Stadt mitwirke. Deutsch-Kurse der Volkshochschule kämen gut an und 
hoch sei laut Romanski auch die Registrierungsquote. Denn nur wer registriert ist, kann auch Leistungen 
bekommen.
Gerd Abelt, Vertreter des Schermbecker Bürgermeisters Mike Rexforth, berichtet, dass bis Freitag insgesamt 64 
Menschen aus der Ukraine in der Gemeinde angekommen sind. Die Gemeinde sei weiter bemüht, zusätzliche 
Kapazitäten für Ankömmlinge in vorhandenen Beständen zu schaffen. Die gemeindeeigenen Möglichkeiten seien 
noch nicht ausgeschöpft und man wolle Einzelpersonen und Familien nicht vermischen. Bei der Prüfung 
angebotener Wohnungen auf ihre Tauglichkeit unterstütze die Caritas, die sich in Schermbeck um die 
Flüchtlingsbetreuung kümmert, die Gemeinde sehr, sagt Abelt.
Bundeskanzler rechnet mit mehr Flüchtlingen
Zitat Bundeskanzler Olaf Scholz (SPD) rechnet damit, dass noch erheblich mehr Kriegsflüchtlinge aus der Ukraine 
nach Deutschland kommen werden. Bisher seien mehr als 300.000 Menschen aufgenommen worden, sagte der 
Politiker am Montag: „Aber das wird nur der Anfang sein.“ Scholz hat die anderen EU-Staaten unterdessen an ihre 
Zusage zur Aufnahme von Flüchtlingen aus der Ukraine erinnert. Bisher seien viele Schutzsuchende vor allem in 
den an die Ukraine grenzenden Ländern und auch in Deutschland angekommen, sagte er."
2022-03,Main Corpus,2022-03(50).ZIP,Nur noch geduldet Die Familie Othman flüchtete vor vier Jahren aus dem Irak und hofft auf die Einbür.PDF,C:\PythonProjects\AfD-project\Corpora\Main Corpus\2022-03\raw_unarchive\Nur noch geduldet Die Familie Othman flüchtete vor vier Jahren aus dem Irak und hofft auf die Einbür.PDF,Nur noch geduldet Die Familie Othman flüchtete vor vier Jahren aus dem Irak und hofft auf die Einbürgerung.,nur noch geduldet die familie othman flüchtete vor vier jahren aus dem irak und hofft auf die einbürgerung,Rheinische Post,rheinische post,Dienstag 15. März 2022,Robin Brand,S. 21,680,4519,3e4ab7e4dc581e48c37634692ca59988d46378b3,variant_001,regional_variant,review,,no,,no,,,5808,no,,,near_001,variant_001,"Wesel (rku) Der Krieg in der Ukraine rückt das Schicksal von Menschen auf der Flucht wieder in den Mittelpunkt der 
öffentlichen Aufmerksamkeit. Auch in Wesel ist die Hilfsbereitschaft groß, die ersten Geflüchteten sind bereits 
angekommen. Weniger im Fokus stehen Menschen, die schon vor Jahren nach Deutschland gekommen sind, sich 
mittlerweile integriert haben – denen aufgrund des Asylrechts aber nur der Status als Geduldete bleibt (siehe 
Infobox).
Den Othmans droht genau dieses Schicksal. Die Familie ist vor fast vier Jahren aus dem kurdischen Nordirak 
geflüchtet, weil der Vater Riyadh Othman sich dort aufgrund seiner Arbeit als Filmemacher bedroht sah. Mehrfach 
sei er von bewaffneten Männern angegangen worden, erzählt er im Gespräch. Irgendwann wurde die Angst ums 
eigene Leben zu groß, die Familie beschloss, ihre Heimat in der Nähe der kurdischen Stadt Erbil zu verlassen. Erst 
ging es mit dem Flugzeug nach Istanbul, von dort weiter über die Balkan-Route bis nach Bulgarien. Dort wurde ihr 
Antrag auf Asyl abgelehnt, sie schafften es trotzdem bis nach Deutschland und landeten letztlich Anfang 2019 in 
Wesel.
Auch weil die Familie bereits in Bulgarien den Asylantrag gestellt hatte, erkannte das Bundesamt für Migration und 
Flüchtlinge die Othmans nicht als Geflüchtete an. Nachdem sie Ende Januar auf einen wohl aussichtslosen 
Rechtsstreit verzichteten, dürften sie bald als geduldet gelten, denn derzeit wird niemand von Deutschland in den 
Irak abgeschoben. Wie lange das so bleibt, kann allerdings keiner sagen, die Familie lebt deswegen in ständiger 
Unsicherheit, wie es für sie in Zukunft weitergeht.
„Wir sind dankbar, dass wir hier einen Platz gefunden haben“, betont der 21 Jahre alte Sohn Hoka, der sehr gut 
Deutsch spricht. Er absolviert eine Ausbildung als Anlagenmechaniker bei einer Firma in Wesel und ist im zweiten 
Lehrjahr. Seine Schwester Honya hat den Hauptschulabschluss nachgeholt und strebt jetzt die Mittlere Reife an – 

Nur noch geduldet Die Familie Othman flüchtete vor vier Jahren aus dem Irak und hofft auf die Einbürgerung. 
Doch besonders für die Eltern gibt es dabei auch Pro....
danach will die 18-Jährige entweder ihr Abitur oder eine Ausbildung zur medizinischen Fachangestellten machen. 
Die beideren jüngeren Geschwister gehen zur Grundschule und in die Kita. Vater Riyadh, der im Irak zum Musiker 
ausgebildet wurde, hat einen Hilfsjob in einer Autowäscherei. Die 41 Jahre alte Mutter Badriyah ist gelernte Näherin 
und würde gerne in einer Änderungsschneiderei arbeiten. Inzwischen hat sie in einer Firma in Wesel, die Segel 
herstellt, Arbeit gefunden.
„Der Familie bleibt nur eine Möglichkeit, dauerhaft und gesichert in Deutschland zu bleiben – und das ist die 
Einbürgerung“, sagt Ulrich Grundmann, der sich ehrenamtlich als Flüchtlingspate engagiert und im engen Kontakt 
mit den Othmans steht. „Bei den älteren Kindern wird das kein Problem sein, die werden ihren Weg gehen. 
Schwieriger ist die Lage allerdings bei den Eltern.“
Das Problem: Weil sie ohne Flüchtlingsstatus keinen Anspruch auf qualifizierte Deutschkurse hatten, sind ihre 
Sprachkenntnisse überschaubar. Doch ohne entsprechendes Sprachlevel und einen festen Job ist wiederum die 
Einbürgerung unmöglich. „Wir wollen in Wesel bleiben, wir sind hier in Sicherheit“, sagt der 49 Jahre alte Riyadh 
Othman. Doch auch als Geduldete wird es schwierig, einen passenden Sprachkurs zu finden, sagt Grundmann – 
der müsste im Zweifel selbst finanziert werden und sei so umfangreich, dass die Eltern nebenher über mehrere 
Monate kaum arbeiten könnten. Und ständig schwebt die Sorge über der Familie, dass den Eltern doch die 
Abschiebung droht.
Ulrich Grundmann und seine Frau Renate aus Voerde engagieren sich schon lange in der Flüchtlingshilfe – und 
meisterten als Paten auch die Herausforderungen, die im Sommer 2015 durch den massiven Zuzug von 
Flüchtlingen entstanden sind. Grundmann übt grundsätzliche Kritik am System der Duldung. „Es gibt in NRW 
Menschen, die mehr als zehn Jahre in diesem Status hier leben“, sagt er. Integration ist für sie aus seiner Sicht 
kaum möglich, eben weil die Kosten für wichtige Kurse nicht übernommen werden.
Er und die Othmans hoffen nun, dass sich für die gesamte Familie ein Weg aufzeigt, um dauerhaft in der 
Hansestadt leben zu können. Als nächster Schritt in diesem Prozess steht ein Termin bei der Ausländerbehörde an. 
Dort wird es dann auch darum gehen, ob die Eltern nicht doch die Möglichkeit auf einen qualifizierten Sprachkurs 
haben."
2022-03,Main Corpus,2022-03(50).ZIP,Nur noch geduldet Die Familie Othman flüchtete vor vier Jahren aus dem Irak und landete in Wesel. Di.PDF,C:\PythonProjects\AfD-project\Corpora\Main Corpus\2022-03\raw_unarchive\Nur noch geduldet Die Familie Othman flüchtete vor vier Jahren aus dem Irak und landete in Wesel. Di.PDF,Nur noch geduldet Die Familie Othman flüchtete vor vier Jahren aus dem Irak und landete in Wesel. Die,nur noch geduldet die familie othman flüchtete vor vier jahren aus dem irak und landete in wesel die,Rheinische Post,rheinische post,Dienstag 15. März 2022,,S. 16,723,4835,2afc4aae41eaf1271cf2363dec43f7f5022a0f51,variant_001,regional_variant,review,,no,,no,,,6189,no,,,near_001,variant_001,"Wesel (rku) Der Krieg in der Ukraine rückt das Schicksal von Menschen auf der Flucht wieder in den Mittelpunkt der 
öffentlichen Aufmerksamkeit. Auch in Wesel ist die Hilfsbereitschaft groß, die ersten Geflüchteten sind bereits 
angekommen. Weniger im Fokus stehen Menschen, die schon vor Jahren nach Deutschland gekommen sind, sich 
mittlerweile integriert haben – denen aufgrund des Asylrechts aber nur der Status als Geduldete bleibt (siehe 
Infobox).
Den Othmans droht genau dieses Schicksal. Die Familie ist vor fast vier Jahren aus dem kurdischen Nordirak 
geflüchtet, weil der Vater Riyadh Othman sich dort aufgrund seiner Arbeit als Filmemacher bedroht sah. Mehrfach 
sei er von bewaffneten Männern angegangen worden, erzählt er im Gespräch. Irgendwann wurde die Angst ums 
eigene Leben zu groß, die Familie beschloss, ihre Heimat in der Nähe der kurdischen Stadt Erbil zu verlassen. Erst 
ging es mit dem Flugzeug nach Istanbul, von dort weiter über die Balkan-Route bis nach Bulgarien. Dort wurde ihr 
Antrag auf Asyl abgelehnt, sie schafften es trotzdem bis nach Deutschland und landeten letztlich Anfang 2019 in 
Wesel.
Auch weil die Familie bereits in Bulgarien den Asylantrag gestellt hatte, erkannte das Bundesamt für Migration und 
Flüchtlinge die Othmans nicht als Geflüchtete an. Nachdem sie Ende Januar auf einen wohl aussichtslosen 
Rechtsstreit verzichteten, dürften sie bald als geduldet gelten, denn derzeit wird niemand von Deutschland in den 
Irak abgeschoben. Wie lange das so bleibt, kann allerdings keiner sagen, die Familie lebt deswegen in ständiger 
Unsicherheit, wie es für sie in Zukunft weitergeht.
„Wir sind dankbar, dass wir hier einen Platz gefunden haben“, betont der 21 Jahre alte Sohn Hoka, der sehr gut 
Deutsch spricht. Er absolviert eine Ausbildung als Anlagenmechaniker bei einer Firma in Wesel und ist im zweiten 
Lehrjahr. Seine Schwester Honya hat den Hauptschulabschluss nachgeholt und strebt jetzt die Mittlere Reife an – 

Nur noch geduldet Die Familie Othman flüchtete vor vier Jahren aus dem Irak und landete in Wesel. Die 
einzige Möglichkeit, dauerhaft in Deutschland zu leben, is....
danach will die 18-Jährige entweder ihr Abitur oder eine Ausbildung zur medizinischen Fachangestellten machen. 
Die beideren jüngeren Geschwister gehen zur Grundschule und in die Kita. Vater Riyadh, der im Irak zum Musiker 
ausgebildet wurde, hat einen Hilfsjob in einer Autowäscherei. Die 41 Jahre alte Mutter Badriyah ist gelernte Näherin 
und würde gerne in einer Änderungsschneiderei arbeiten. Inzwischen hat sie in einer Firma in Wesel, die Segel 
herstellt, Arbeit gefunden.
„Der Familie bleibt nur eine Möglichkeit, dauerhaft und gesichert in Deutschland zu bleiben – und das ist die 
Einbürgerung“, sagt Ulrich Grundmann, der sich ehrenamtlich als Flüchtlingspate engagiert und im engen Kontakt 
mit den Othmans steht. „Bei den älteren Kindern wird das kein Problem sein, die werden ihren Weg gehen. 
Schwieriger ist die Lage allerdings bei den Eltern.“
Das Problem: Weil sie ohne Flüchtlingsstatus keinen Anspruch auf qualifizierte Deutschkurse hatten, sind ihre 
Sprachkenntnisse überschaubar. Doch ohne entsprechendes Sprachlevel und einen festen Job ist wiederum die 
Einbürgerung unmöglich. „Wir wollen in Wesel bleiben, wir sind hier in Sicherheit“, sagt der 49 Jahre alte Riyadh 
Othman. Doch auch als Geduldete wird es schwierig, einen passenden Sprachkurs zu finden, sagt Grundmann – 
der müsste im Zweifel selbst finanziert werden und sei so umfangreich, dass die Eltern nebenher über mehrere 
Monate kaum arbeiten könnten. Und ständig schwebt die Sorge über der Familie, dass den Eltern doch die 
Abschiebung droht.
Ulrich Grundmann und seine Frau Renate aus Voerde engagieren sich schon lange in der Flüchtlingshilfe – und 
meisterten als Paten auch die großen Herausforderungen, die im Sommer 2015 durch den massiven Zuzug von 
Flüchtlingen entstanden sind. Grundmann übt grundsätzliche Kritik am System der Duldung. „Es gibt in NRW 
Menschen, die mehr als zehn Jahre in diesem Status hier leben“, sagt er. Integration ist für sie aus seiner Sicht 
kaum möglich, eben weil die Kosten für wichtige Kurse nicht übernommen werden.
Er und die Othmans hoffen nun, dass sich für die gesamte Familie ein Weg aufzeigt, um dauerhaft in der 
Hansestadt leben zu können. Als nächster Schritt in diesem Prozess steht ein Termin bei der Ausländerbehörde an. 
Dort wird es dann auch darum gehen, ob die Eltern nicht doch die Möglichkeit auf einen qualifizierten Sprachkurs 
haben.
Viele Geduldete in Nordrhein-Westfalen
Definition Bei der Duldung handelt es sich um eine Aussetzung der Abschiebung. Eine Person ist demnach 
ausreisepflichtig, kann aber aktuell nicht abgeschoben werden. Allein in NRW betrifft das mehrere Zehntausend 
Geflüchtete, in ganz Deutschland sind es über 200.000."
2022-03,Main Corpus,2022-03(50).ZIP,Schwule Russen diskriminiert Landesamt verweigert spezielle Unterbringung.PDF,C:\PythonProjects\AfD-project\Corpora\Main Corpus\2022-03\raw_unarchive\Schwule Russen diskriminiert Landesamt verweigert spezielle Unterbringung.PDF,Schwule Russen diskriminiert Landesamt verweigert spezielle Unterbringung,schwule russen diskriminiert landesamt verweigert spezielle unterbringung,Der Tagesspiegel,der tagesspiegel,Dienstag 29. März 2022,,BERLIN FQT:SPÄT; S. 008; Ausg. Der Tagesspiegel Nr. 24848 VOM 29.03.2022 SEITE 008,204,1501,98c35c25908211269e07bf95e615ddfd371692d8,,unique,keep,,no,,no,,,2189,no,,,,,"Zwei schwule Asylbewerber aus Russland sollen laut einer Darstellung der Hilfsorganisation Maneo beim Berliner 
Flüchtlingsamt diskriminierend behandelt worden sein. Die beiden 19-Jährigen wollten nicht in einer allgemeinen 
Notunterkunft untergebracht werden, weil sie dort von anderen Bewohnern diskriminiert werden könnten, wie 
Maneo am Montag mitteilte.
Obwohl sie einen besonderen Schutzstatus hätten, seien sie aber am 11. März von einer Mitarbeiterin des 
Landesamtes für Flüchtlingsangelegenheiten nicht in die spezielle Unterkunft für Schwule und Lesben verwiesen 
worden. Die Mitarbeiterin habe gesagt, das schwule Paar habe keine besonderen Rechte - und hinzugefügt, wenn 
sie in der normalen Unterkunft ""nicht überall rumvögeln"" würden, so würden sie auch ""keine Probleme kriegen"".
Am 24. März habe es erneute Debatten um den besonderen Schutz gegeben. Am 25. März seien die beiden 
Männer weiter nach Osnabrück in ein allgemeines Flüchtlingsheim und einen Raum mit 40 weiteren Menschen 
geschickt worden. ""Hier drängt sich uns der Verdacht auf, dass die beiden Russen durch das Abschieben nach 
Osnabrück bestraft werden sollen"", teilte Maneo-Leiter Bastian Finke mit.
Ein Sprecher des Flüchtlingsamtes teilte mit, das dargestellte Verhalten sei nicht akzeptabel. Die Mitarbeiterin sei 
noch nicht identifiziert, möglicherweise gehöre sie zum externen Wachdienst. Alle Mitarbeiter würden regelmäßig 
zum sensiblen Umgang mit besonders schutzbedürftigen Menschen geschult. dpa
Graphic
 
R"
2022-03,Main Corpus,2022-03(50).ZIP,"So läuft die Flüchtlingsunterbringung Die Zahl der Ukraine -Flüchtlinge, die in die vier Städte des.PDF","C:\PythonProjects\AfD-project\Corpora\Main Corpus\2022-03\raw_unarchive\So läuft die Flüchtlingsunterbringung Die Zahl der Ukraine -Flüchtlinge, die in die vier Städte des.PDF","So läuft die Flüchtlingsunterbringung; Die Zahl der Ukraine-Flüchtlinge, die in die vier Städte des Erkelenzer",so läuft die flüchtlingsunterbringung die zahl der ukraineflüchtlinge die in die vier städte des erkelenzer,Rheinische Post,rheinische post,Donnerstag 10. März 2022,Christos Pasvantis und Stephan Vallata,S. 26,795,5690,bea50913e5d4642652f3cac4b58903cf6dc31848,,unique,keep,,no,,no,,,7136,no,,,,,"Stephan Vallata und Christos Pasvantis
Erkelenzer Land Mehr als zwei Millionen Menschen sind laut dem UN-Flüchtlingshilfswerk derzeit auf der Flucht vor 
dem Krieg aus der Ukraine. Im Erkelenzer Land rechnet man nicht mit einer Flüchtlingsbewegung wie zuletzt im 
Jahr 2015. Dennoch bereiten sich die zehn Städte und Gemeinden des Kreises Heinsberg in enger Abstimmung 
mit der Kreisverwaltung auf die Aufnahme von Kriegsflüchtlingen vor.
„Wir begrüßen die Flüchtlinge mit offenen Armen hier im Kreis Heinsberg“, sagte Landrat Stephan Pusch. Auf 
Wegberger Stadtgebiet hat die Bezirksregierung Köln bereits in der vergangenen Woche damit begonnen, die 
zentrale Unterbringungseinrichtung (ZUE) in Petersholz für Flüchtlinge aus der Ukraine freizuräumen. Dorthin 
werden die Flüchtlinge zunächst gebracht, ehe sie weiter verteilt werden. Bislang sind rund 245 Menschen aus der 
Ukraine in Petersholz eingetroffen, überwiegend Frauen und Kinder. Die bisherigen Bewohner werden auf andere 
Landeseinrichtungen verteilt, so dass Petersholz nun ausschließlich zur Unterbringung ukrainischer Flüchtlinge, die 
dem Land NRW zugeteilt werden, zur Verfügung steht.
Die Stadt Erkelenz rechnet nicht damit, kurzfristig eine große Zahl an Unterkünften bereithalten zu müssen. Bislang 
seien knapp 15 Personen untergebracht, dies aber vor allem bei Verwandten. „Die mediale Diskussion zeichnet ein 
anderes Bild als das, was wir hier vor Ort spüren“, sagte Hans-Heiner Gotzen, erster Beigeordneter der Stadt. Von 
einer großen Welle sei zunächst nicht auszugehen.
Was die eingetroffenen Flüchtlinge laut Gotzen eint: „Alle sind vor unsäglicher Gewalt geflohen, aber sie sind nicht 
gekommen, um zu bleiben. Sie wollen schnellstmöglich zurück in ihr Heimatland, sobald es die Situation erlaubt.“ 

So läuft die Flüchtlingsunterbringung; Die Zahl der Ukraine-Flüchtlinge, die in die vier Städte des Erkelenzer 
Landes kommen, hält sich bislang noch in Grenzen.....
Akut seien viele bürokratische Details zu klären, etwa die nach Sozialleistungen und einer Krankenversicherung. 
Denn teilweise befinden sich die Geflüchteten in einem gesundheitlich schlechten Zustand.
Eine denkbare Option ist es nach Ansicht der Stadtverwaltung, erneut über eine Unterbringung von Flüchtlingen in 
leerstehenden Häusern in den Erkelenzer Braunkohledörfern nachzudenken. Bereits jetzt leben dort Flüchtlinge, 
zudem waren im vergangenen Jahr einige Familien in Kuckum und Keyenberg eingezogen, die nach der 
Flutkatastrophe im Ahrtal ihre Häuser verloren hatten. Konkrete Planungen gebe es zwar dazu nicht, sagte Gotzen, 
aber: „Wir prüfen alle Optionen, die uns zur Verfügung stehen.“ Ähnlich äußerte sich auf Anfrage auch 
Tagebaubetreiber RWE, in dessen Besitz die leerstehenden Häuser sind. Die Überlegung sei nach der 
Hochwasser-Aktion nachvollziehbar, sagte ein RWE-Sprecher. „Der Prozess zur Unterbringung von Flüchtlingen 
wird aber nun erstmal zentral beim Land gesteuert.“
Im Erkelenzer Land läuft also das meiste über die ZUE in Petersholz. Sie ist eine Einrichtung des Landes NRW und 
wird seit 2019 von der ORS-Gruppe mit Hauptsitz in Zürich auf dem ehemaligen britischen Militärgelände betrieben. 
Platz für bis zu 800 Menschen ist dort vorhanden. Zusätzlich haben Technisches Hilfswerk, Rotes Kreuz Rheinisch-
Bergischer Kreis und die Wegberger Feuerwehr einen Betreuungsplatz aufgebaut, der weiteren 500 Personen Platz 
bieten soll. Anfragen unserer Redaktion an die Bezirksregierung Köln und an das NRW-Ministerium für Kinder, 
Familie, Flüchtlinge und Integration blieben bis Redaktionsschluss unbeantwortet.
Die Stadt Wegberg selbst hat die zentrale E-Mail-Adresse ukraine@stadt.wegberg.de freigeschaltet, an die sich 
Bürger wenden können, wenn sie Wohnraum für Geflüchtete zur Verfügung stellen oder auf andere Weise helfen 
möchten. Sachspenden allerdings sind nicht möglich. Alternativ nimmt die Verwaltung telefonische Anfragen unter 
der Rufnummer 02434 83380 entgegen. Sie ist montags bis freitags von 9 bis 11 Uhr erreichbar.
Auch in Erkelenz ist die Hilfsbereitschaft enorm, das Rathaus erreichen den ganzen Tag über zahlreiche Anfagen 
von Menschen, die helfen wollen und etwa anbieten, Wohnraum zur Verfügung zu stellen. Einige Menschen aus 
dem Erkelenzer Land hatten sich in den vergangenen Tagen zudem auf den Weg gemacht, um selbstständig 
Menschen aus der Ukraine zu retten. Darunter etwa ein Team aus Wassenberg, das 47 Menschen mit Behinderung 
und Angehörige gerettet hatte. Auch in Erkelenz und Wegberg waren kleine Gruppen an die polnisch-ukrainische 
Grenze gefahren. Davon raten die Kommunen allerdings dringend ab: „Überlassen Sie dies bitte den staatlichen 
Stellen und den Hilfsorganisationen“, heißt es in einem Aufruf auf der Webseite der Stadt Erkelenz.
Der Kreis Heinsberg und die kreisangehörigen Kommunen werden nach einem Treffen am heutigen Donnerstag 
zentrale Ansprechpartner und Kontaktadressen benennen. An diese Ansprechpartner können sich Personen 
wenden, die helfen wollen. Geflüchtete sollten sich bei der Kreisverwaltung oder in den Rathäusern registrieren 
lassen. Erst dann ist der Erhalt von sozialen Leistungen möglich.
Welle der Solidaritätreißt nicht ab
Anteilnahme Ob bei fast täglichen Demonstrationen, Spendenaufrufen oder gar persönlichen Rettungsaktionen: Die 
Welle der Solidarität mit den Kriegsopfern in der Ukraine reißt nicht ab. Hunderttausende Euro an Spendengeldern 
sind im Erkelenzer Land auf verschiedensten Wegen bereits zusammengekommen.
Konzert Viele Tausend Euro sollen auch bei einem Benefiz-Konzert in der Erkelenzer Stadthalle am Samstag (19 
Uhr) gesammelt werden. Rund 20 Künstler und bis zu 1000 Besucher werden dort erwartet."
2022-03,Main Corpus,2022-03(50).ZIP,Stadt mietet Franziskushaus für Ukrainer Mehr als 200 Ukraine -Flüchtlinge leben in Kleve. Nun übern.PDF,C:\PythonProjects\AfD-project\Corpora\Main Corpus\2022-03\raw_unarchive\Stadt mietet Franziskushaus für Ukrainer Mehr als 200 Ukraine -Flüchtlinge leben in Kleve. Nun übern.PDF,Stadt mietet Franziskushaus für Ukrainer Mehr als 200 Ukraine -Flüchtlinge leben in Kleve. Nun übernimmt die,stadt mietet franziskushaus für ukrainer mehr als 200 ukraine flüchtlinge leben in kleve nun übernimmt die,Rheinische Post,rheinische post,Freitag 25. März 2022,Matthias Grass,S. 16,456,3102,86df68703b4bb2ace2b82c14d3010b21ede4c233,,unique,keep,,no,,no,,,3952,no,,,,,"Matthias Grass
Kleve Die Stadt Kleve sucht Wohnraum für Flüchtlinge aus der Ukraine. Viele sind bereits in privaten Wohnraum 
vermittelt, aber die Ressourcen der Stadt stoßen bald an ihre Grenzen. Deshalb hat die Verwaltung, um dem 
erwarteten weiteren Zuzug von Flüchtlingen Herr zu werden, Teile des alten Franziskushauses an der Spyckstraße 
angemietet. Man könne in dem Bau den Menschen, die aus der Ukraine in die Kreisstadt kommen, eine gute 
Unterbringung bieten und habe flexible Möglichkeiten, nach Bedarf ganze Etagen anzumieten. Das teilte Marcel 
Erps, Fachbereichsleiter Arbeit und Soziales der Stadt Kleve, der Politik im Hauptausschuss mit.
In dem Haus finde jeder ein Zimmer mit Bad, auf dem Flur gebe es eine Gemeinschaftsküche. Es seien, so Erps, 
die richtigen Räume, um einzelne Personen oder Müttern mit Kindern ein erstes Zuhause zu bieten. Zusätzlich 
habe die Stadt auf ihrer Internet-Seite www.kleve.de eine Wohnraum-Suche gestartet. „Hier haben wir über 200 
Angebote bekommen, die auch von Menschen aus den Nachbargemeinden an uns herangetragen wurden“, so 
Erps. Auch sei das Gebäudemanegement der Stadt Kleve eingebunden.
Erps hatte dem Hauptausschuss der Stadt die aktuelle Situation der Ukraine-Flüchtlinge in Kleve am Ende der 
Ausschuss-Sitzung vorgestellt, Stand Mittwochabend. „Es kommen täglich neue Menschen dazu“, so Erps. Am 
Mittwoch waren es 22 Flüchtlinge, die in Kleve eintrafen. Damit erhöht sich die Zahl der von der Stadt registrierten 
Flüchtlinge auf 211. Hinzu kommen die, die noch nicht registriert sind und bei Verwandten, Freunden oder 
Bekannten untergekommen sind, so Erps. Die der Stadt gemeldeten Menschen aus der Ukraine seien bis jetzt in 
privaten Räumen untergebracht. Wer Fragen habe, finde auf der Internet-Ukraine-Seite der Stadt eine Reihe „FAQ“ 
zu Flüchtlingsfragen, die man dort zusammengestellt habe. Außerdem stehe der Fachbereich telefonisch bereit, bei 

Stadt mietet Franziskushaus für Ukrainer Mehr als 200 Ukraine -Flüchtlinge leben in Kleve. Nun übernimmt die 
Stadt Teile der alten Senioreneinrichtung an der Sp....
Fragen zur Versorgung von Flüchtlingen zu helfen. Außerdem stehe der Fachbereich im ständigen Austausch im 
Sinne eines runden Tisches mit anderen Institutionen wie das Integrationszentrum oder das Netzwerk Asyl.
„Wir haben aus der Flüchtlingskrise 2015/16 viel gelernt“, sagt Erps. So habe man, sagte der Fachbereichsleiter auf 
Anfrage, auch „Notfallpäckchen“ für Menschen, die unangemeldet an Wochenenden oder abends nach Kleve 
kommen. Die werden über Polizei oder Ordnungs- und Servicedienst der Stadt Kleve (OSD) zunächst an die 
Braustraße verwiesen. „Dort haben wir einen 24-Stunden-Hausmeisterdienst, der auch mit Getränken und Essen 
aushelfen kann“, so Erps. Für die Zeit bis zur Registrierung gebe es auch Wertgutscheine für den Einkauf, die von 
Lebensmittelhändlern und Discountern angenommen werden und vom OSD vergeben werden. Dass eine Filiale 
eines Diskcounters die Annahme dieser Scheine verweigert habe, sei ein Einzelfall, so Erps auf Nachfrage. Die 
Verwaltung werde die Umstände klären."
2022-03,Main Corpus,2022-03(50).ZIP,Stadt und Ukraine -Initiative rücken zusammen Soziales Erste Flüchtlingszuweisung vom Land   Pendelv.PDF,C:\PythonProjects\AfD-project\Corpora\Main Corpus\2022-03\raw_unarchive\Stadt und Ukraine -Initiative rücken zusammen Soziales Erste Flüchtlingszuweisung vom Land   Pendelv.PDF,Stadt und Ukraine -Initiative rücken zusammen Soziales Erste Flüchtlingszuweisung vom Land Pendelverkehr,stadt und ukraine initiative rücken zusammen soziales erste flüchtlingszuweisung vom land pendelverkehr,Nordwest-Zeitung,nordwestzeitung,10. März 2022,,OLDENBURG; S. 9,382,2709,4735aa7b1195a18e92324039473f954d9a60988e,,unique,keep,,no,,no,,,3674,no,,,,,"Oldenburg/mtn - Die Zuweisung von Flüchtlingen aus der Ukraine über das Land Niedersachsen in die Kommunen 
ist angelaufen. 38 Menschen wurden Oldenburg Mittwoch zugeteilt.
Weitere Notunterkünfte
Die Stadt muss nun regelmäßig ihre Aufnahmekapazitäten melden. 70 Plätze waren es zunächst, Tendenz 
steigend: 150 Plätze stehen in der Gaußstraße und in dezentralen Unterkünften zur Verfügung; weitere wurden der 
Stadt bereits angeboten, andere werden geprüft. Zudem will die Stadt eine Halle mit 108 Plätzen als Notunterkunft 
errichten, sieht Notunterkünfte aber nur als Notlösung an.
 Wir wollen unsere Sache gut machen, die Qualität muss stimmen , betont Sozialdezernentin Dagmar Sachse und 
ist froh, auf Netzwerke und Strukturen zurückgreifen zu können, die sich in der so genannten Flüchtlingskrise 
2015/16 bewährt haben. Jetzt zahle sich aus, dass die Stadt die Unterkunft Gaußstraße sowie das Amt für 
Zuwanderung und Integration nicht aufgelöst habe.
Die Stadt setzt bei der Unterbringung auf ein geordnetes Prozedere und eine gerechte Verteilung auf alle 
Kommunen. Das hat uns 2015/16 sehr geholfen , so Sachse. Das Land baut derzeit mit Hochdruck ein zentrales 
Drehkreuz für die Verteilung in Laatzen auf. Schon jetzt laufe auf allen Kanälen die Unterstützung an inklusive 

Stadt und Ukraine -Initiative rücken zusammen Soziales Erste Flüchtlingszuweisung vom Land Pendelverkehr 
zwischen Grenze und Laatzen
Sprachlernklassen in Schulen und Angebote der Volkshochschule. Mit Migrationspolitik befasste Institutionen 
haben ihre Anlaufstellen speziell auch für Menschen aus der Ukraine geöffnet und schaffen für diese Angebote.
Initiative steuert um
Unterdessen hat Maik Günther, Sprecher der Initiative Oldenburg hilft der Ukraine , angekündigt, den Schwerpunkt 
der Rettungsfahrten mit Reisebussen von der ukrainischen Grenze auf die vom Land angekündigte Sammelstelle in 
Laatzen zu verlegen. Wir wollen Land und Bund so lange wie nötig mit einem Bustransfer unterstützen. 
Nach Oldenburg direkt sollen vor allem Menschen geholt werden, deren private Unterbringung gesichert sei. In 
Hannover soll dafür ein kleiner Stützpunkt aufgebaut werden, um Menschen in Kleinbussen nach Oldenburg zu 
bringen. Wir wollen Aufgaben in Ergänzung zur Stadt Oldenburg übernehmen. 
Noch habe man die Kapazitäten, Menschen in Oldenburg und umzu unterzubringen. Die Initiative hatte allerdings 
am Dienstag schon durchblicken lassen, dass auch diese Kapazitäten bei einem anhaltend starken Zustrom endlich 
sind. Wir beobachten die Lage an der Grenze genau, und so lange diese so prekär ist, wollen wir helfen. Auch an 
Hilfslieferungen in die Ukraine hält die Initiative deshalb fest.
PDF-Datei dieses Dokuments"
2022-03,Main Corpus,2022-03(50).ZIP,Streit in Berlin um Registrierung von Flüchtlingen Kriminalbeamte werfen Verwaltung Ideologie vor.PDF,C:\PythonProjects\AfD-project\Corpora\Main Corpus\2022-03\raw_unarchive\Streit in Berlin um Registrierung von Flüchtlingen Kriminalbeamte werfen Verwaltung Ideologie vor.PDF,Streit in Berlin um Registrierung von Flüchtlingen Kriminalbeamte werfen Verwaltung Ideologie vor,streit in berlin um registrierung von flüchtlingen kriminalbeamte werfen verwaltung ideologie vor,Die Welt,die welt,Donnerstag 17. März 2022,Alexander Dinger,Politik; S. 5; Ausg. 54,373,2772,9d68cd1808d778e9f3877f910b0e0b505f735e2e,,unique,keep,,no,,no,,,3612,no,,,,,"Mitten in der größten Flüchtlingsbewegung seit dem Zweiten Weltkrieg ist in Berlin ein Streit zwischen Behörden 
und Polizei entbrannt. Nach der Flüchtlingskrise und dem Anschlag am Breitscheidplatz 2016 waren 
Sicherheitschecks von Flüchtlingen in Deutschland massiv ausgebaut worden. Berlin hatte dabei bundesweit sogar 
eine Führungsrolle übernommen. Vereinfacht gesagt, wird seitdem über ein sogenanntes Fast-ID-Verfahren 
geschaut, ob über eine Person Erkenntnisse vorliegen. Bei einem Treffer werden weitere polizeiliche Maßnahmen 
eingeleitet. Genau dieses Verfahren ist der Berliner Sozialverwaltung aber ein Dorn im Auge.
In dem traditionell eher polizeikritischen Haus argumentiert man intern, durch die offensive polizeiliche Arbeit 
würden Flüchtlinge kriminalisiert. Der Streit zwischen Behörde und Polizei ging sogar so weit, dass es Pläne 
gegeben haben soll, die Polizei ganz aus dem Landesamt auszuschließen - anvisiert hatte man dafür Anfang April. 
Doch dann kam der Angriffskrieg Russlands, die Behörde hob die Pläne auf. Trotzdem setzte das Landesamt am 
Sonntag vorübergehend die Registrierung von Flüchtlingen aus. Man sei mit dem Andrang überfordert, hieß es.
Nachdem WELT über den Vorfall berichtet hatte, reagierte nun der Bund Deutscher Kriminalbeamter (BDK). In 
einem Brandbrief kritisiert die größte Interessenvertretung von Kriminalbeamten in Deutschland die Berliner 
Verwaltung scharf. In dem Schreiben heißt es: ""Es mangelt an Organisation und Koordination."" So habe die 
Berliner Behörde zunächst Unterstützung seitens der Polizei bei der Registrierung erbeten, aber wenige Tage 
später wieder abbestellt.
Es sei ""unabdingbar"", so der BDK, dass alle Menschen aus der Ukraine auch erkennungsdienstlich behandelt 
würden. Gemeint ist damit, dass von ihnen Fingerabdrücke genommen und ein Foto gemacht wird. Auf diese 
Maßnahmen zu verzichten, würde potenziell nicht zuletzt die Schutzsuchenden selbst gefährden. Das ganze 
Verhalten Berlins, so der BDK weiter, sei ein Armutszeugnis für die deutsche Hauptstadt. ""Bedauerlicherweise 
scheinen dabei auch ideologische Gründe eine Rolle zu spielen"", schreibt der BDK und fordert nun einen 
""ressortübergreifenden, kompetent besetzten Krisenstab bei der Senatskanzlei"". Bei der Flüchtlingskrise 2015 habe 
sich das bereits bewährt.

Streit in Berlin um Registrierung von Flüchtlingen Kriminalbeamte werfen Verwaltung Ideologie vor
Auch beim Bund ist man sauer auf Berlin. So hatte etwa das Bundesamt für Migration und Flüchtlinge in der 
vergangenen Woche Mitarbeiter nach Berlin geschickt, um bei der Registrierung zu helfen. Diesen Mitarbeitern sei 
aber kurzfristig abgesagt worden. Berlin habe sich lieber dazu entschieden, Sonntag die Registrierung 
auszusetzen.
Original Gesamtseiten-PDF"
2022-03,Main Corpus,2022-03(50).ZIP,Städte bereiten weitere Unterkünfte vor Die Stadt Langenfeld bereitet sich auf weitere Flüchtlinge v.PDF,C:\PythonProjects\AfD-project\Corpora\Main Corpus\2022-03\raw_unarchive\Städte bereiten weitere Unterkünfte vor Die Stadt Langenfeld bereitet sich auf weitere Flüchtlinge v.PDF,Städte bereiten weitere Unterkünfte vor Die Stadt Langenfeld bereitet sich auf weitere Flüchtlinge vor und,städte bereiten weitere unterkünfte vor die stadt langenfeld bereitet sich auf weitere flüchtlinge vor und,Rheinische Post,rheinische post,Donnerstag 24. März 2022,,S. 23,598,4199,dd20ca931b0369a99c3ce519b0a059bbd9cd46a1,,unique,keep,,no,,no,,,5076,no,,,,,"Heike Schoog
Langenfeld/Monheim Knapp 200 Flüchtlinge sind in Langenfeld registriert. Elf haben Langenfeld bereits wieder 
verlassen. Die meisten sind privat untergebraht. „Das ist anders, als bei der Flüchtlingswelle 2015/16“, sagt Marion 
Prell auf Nachfrage eines Bürgers in der Ratssitzung. Dennoch sei die Stadt nicht untätig. Die Wilhelm-Würz-Halle 
ist für Flüchtlinge hergerichtet worden. Die ersten werden dort am Donnerstag einziehen können. Ein neuer 
Fußboden liegt, die Kojen sind eingerichtet und die Betten aufgebaut. Außerdem hat die Stadt einen zusätzlichen 
Sicherheitsdienst für die Unterkunft an der Wilhelm-Würz-Halle organisiert, der von abends 20 bis morgens um 6 
Uhr dort präsent ist. Seit vergangenem Montag, so erläutert die Erste Beigeordnete, weisen Bund und Länder den 
Städten Flüchtlinge zu.
Die ersten 28 ukrainischen Frauen mit ihren Kindern hat die Stadt bereits im Vorderhaus der Unterkunft an der 
Straße Alt Langenfeld untergebracht. Darüber hinaus hat die Stadt ein Zuweisung von 20 afghanischen Ortskräften 
bekommen. Die ersten sind am Mittwoch angekommen. Am Donnerstag und Freitag werden die zugewiesenen 
Flüchtlinge aus der Ukraine erwartet.
Prell ist dankbar, dass viele Langenfelder private Unterkünfte anbieten. Dennoch: Bei 25 Gastgebern sei auch 
erwartbar, dass die Ukrainer nicht dauerhaft dort bleiben können. Auch darauf bereitet die Stadt sich vor. Die 
Herrichtung der frei werdenden Räume an der Theodor-Heuss-Straße – dort ziehen Erkrather Flutopfer aus – 
übernimmt die Stadt selbst, damit es schneller geht, so Prell. Die Kosten trägt die Stadt Erkrath. Sie hofft, dass die 
Räume etwa Mitte April fetig werden.

Städte bereiten weitere Unterkünfte vor Die Stadt Langenfeld bereitet sich auf weitere Flüchtlinge vor und 
macht vorhandene und neue Unterkünfte fit für die Unt....
Zwei Unterkünfte in Leichtbauhallen am Winkelsweg könnten in vier bis sechs Wochen bezufsfertig sein. Dort 
müssen Zu- und Abwasser- sowie Gasleitungnen verlegt werden. Die LVR-Klinik stellt vier Gästezimmer sowie 
sechs bis acht Wohnappartements ihrer Mitarbeiter zur Verfügung. Diese sind für unbegleitete Minderjährige 
vorgesehen. Ein Gewerbegrundstück habe die Stadt darüber hinaus gefunden, das Platz für Modul- oder 
Containerunterkünfte stellen kann. „Wenn wir welche auf dem Markt bekommt“, beschreibt Prell die aktuelle 
Schwierigkeit.
Flüchtlinge, die eine städtische Unterkunft in Anspruch nehmen, müssen eine Gebühr zahlen. Eine Erhöhung hat 
der Rat gerade beschlossen. „Diese Gebühr wird im Rahmen der Sozialleistungen bezahlt“, erläutert Prell. Es 
handele sich dabei nicht um eine Miete.
Darüber hinaus hätten Sozialdienste ihre Angebote auch auf Flüchtlinge ausgerichtet und erweitert. Es werde auch 
ausreichend Deutschkurse bei der VHS geben, die von den Ukrainern bereits jetzt stark nachgefragt werden. 
Bürgermeister Frank Schneider verweist auf die vier Hilfstransporte, die in Kooperation mit der polnischen 
Partnerstadt Gostynin von Langenfeld aus gestartet seien.
Auch die Stadt Monheim hat in Kooperation mit ihrer polnischen Partnerstadt Malbork einen Hilfstransport 
organisiert – mit Bussen der BSM. Auf der Rückkfahrt hat er 37 Frauen, Männer und Kinder aus Kiew, Mariupol und 
anderen ukrainischen Metropolen mitgebracht. Das teilt Stadtsprecher Thomas Spekowius mit. Die beiden BSM-
Fahrer Andreas Jaworski und Orhan Arslanoglu sind am Samstag gestartet. Seit Montagabend sind sie zurück. Mit 
an Bord: 37 Menschen. Fast alle kommen sie aus dem Osten des Landes, wo Putins Truppen seit Wochen 
besonders schwer wüten. Zwischen 71 Jahren und fünf Monaten sind die ukrainischen Flüchtlinge alt.
Die Zahl der Schutzsuchenden vor Russlands Angriffskrieg in Europa wächst – auch in Monheim. Bis Ende der 
Woche rechnet die Stadt am Rhein mit rund 350 Menschen, die untergebracht werden müssen. Rund 300 sind 
schon da.
Gebührenerhöhung für Unterkünfte
Die Gebührensatzung für Flüchtlingsunterkünfte, die in der Gemeindeordnung NRW vorgesehen ist, wird 
angepasst. Das hat der Rat beschlossen. Die Gebühren, so erläutert die Beigeordnete Marion Prell, errechnen sich 
aus Kosten, die einer Kommune für die Bereitstellung entstehen."
2022-03,Main Corpus,2022-03(50).ZIP,Städte fordern Flüchtlingsgipfel Zusagen fordern die Kommunen auch zur Finanzierung der Unterbringun.PDF,C:\PythonProjects\AfD-project\Corpora\Main Corpus\2022-03\raw_unarchive\Städte fordern Flüchtlingsgipfel Zusagen fordern die Kommunen auch zur Finanzierung der Unterbringun.PDF,Städte fordern Flüchtlingsgipfel Zusagen fordern die Kommunen auch zur Finanzierung der Unterbringung.,städte fordern flüchtlingsgipfel zusagen fordern die kommunen auch zur finanzierung der unterbringung,Rheinische Post,rheinische post,Mittwoch 16. März 2022,Birgit Marschall und Hagen Strauß,S. 1,291,2190,30fb08c6b4c0d95c3f8ede1392549e6c7b4b0050,,unique,keep,,no,,no,,,3262,no,,,,,"Berlin (has/mar) Der Deutsche Städtetag hat einen Flüchtlingsgipfel von Bund, Ländern und Kommunen sowie eine 
schnellere und abschließende Einigung über die Verteilung der Geflüchteten aus der Ukraine auf die Bundesländer 
gefordert. „Dabei erwarten wir von Bund und Ländern auch klare Zusagen, dass sie die Städte in großem Umfang 
bei der Finanzierung der Unterbringung und Versorgung der Menschen unterstützen“, sagte der 
Hauptgeschäftsführer des Städtetags, Helmut Dedy, unserer Redaktion.
Seit Kriegsausbruch sind nach Angaben internationaler Organisationen rund drei Millionen Menschen geflohen, 
etwa 160.000 sind bisher nach Deutschland gekommen. Die Geflüchteten würden nun über den sogenannten 
Königsteiner Schlüssel auf die einzelnen Bundesländer und Kommunen verteilt, erklärte Bundesinnenministerin 
Nancy Faeser (SPD) im Deutschlandfunk. Der Anteil, den ein Land aufnehmen muss, richtet sich danach zu zwei 
Dritteln nach dem Steueraufkommen und zu einem Drittel nach der Bevölkerungszahl. Faeser betonte allerdings, 
dass viele Geflüchtete Freunde und Verwandte als Anlaufpunkte hätten und ihre Aufenthaltsorte selbst bestimmten. 
Die Menschen können sich in den ersten 90 Tagen frei in Deutschland bewegen und sind auch nicht gezwungen, 
sich registrieren zu lassen.
Die FDP forderte Bund und Länder auf, mehr Anstrengungen zur Registrierung der Geflüchteten zu unternehmen. 
„Wir brauchen schnellstmöglich ein Register für die Flüchtlinge aus der Ukraine. Denn es ist wichtig, einen genauen 
Überblick zu haben, wie viele Menschen zu uns kommen, wer sie sind und wohin sie möglicherweise weiterreisen“, 
sagte Parlamentsgeschäftsführer Stephan Thomae.
Die Bundesregierung verhalte sich „unverantwortlich“, sagte Unions- Parlamentsgeschäftsführer Thorsten Frei. 
„Man hofft darauf, dass die Länder, Kommunen und Hilfsorganisationen das irgendwie hinkriegen.“ Das gelte auch 
für die Finanzierung der Flüchtlingsbewegung. Es gebe immer noch eine allgemeine Rücklage aus der Bewältigung 
der Flüchtlingskrise des Jahres 2015, „die mit 48,3 Milliarden Euro gefüllt ist“.

Städte fordern Flüchtlingsgipfel Zusagen fordern die Kommunen auch zur Finanzierung der Unterbringung."
2022-03,Main Corpus,2022-03(50).ZIP,Städte fordern Hilfe für Flüchtlinge Münsters OB Lewe erwartet vom Bund eine effektive Koordinierung.PDF,C:\PythonProjects\AfD-project\Corpora\Main Corpus\2022-03\raw_unarchive\Städte fordern Hilfe für Flüchtlinge Münsters OB Lewe erwartet vom Bund eine effektive Koordinierung.PDF,Städte fordern Hilfe für Flüchtlinge Münsters OB Lewe erwartet vom Bund eine effektive Koordinierung der,städte fordern hilfe für flüchtlinge münsters ob lewe erwartet vom bund eine effektive koordinierung der,Rheinische Post,rheinische post,Dienstag 1. März 2022,,S. 1,286,2109,0aec17d085a92f7a958940a601ee7528696d33bb,,unique,keep,,no,,no,,,3270,no,,,,,"Düsseldorf (maxi) Der Deutsche Städtetag hat Bund und Land aufgefordert, die Kommunen bei der Unterbringung 
von Flüchtlingen nicht allein zu lassen. „Wir müssen darauf gefasst sein, dass viele Menschen aus der Ukraine 
fliehen aus Furcht um Leib und Leben“, sagte der Präsident des Deutschen Städtetags und Oberbürgermeister von 
Münster, Markus Lewe (CDU), unserer Redaktion. „Vor allem Frauen, Kinder und Alte machen sich derzeit auf den 
Weg und brauchen Hilfe und eine neue Bleibe. Es ist gut, dass die EU-Staaten sich eng abstimmen und diese 
Woche die sogenannte EU-Massenzustromrichtlinie in Kraft setzen wollen.“ Damit könne humanitäre Hilfe im 
großen Stil organisiert werden. Lewe forderte, vor allem müssten die Anrainerstaaten von der EU und Deutschland 
unterstützt werden, denn sie seien erste Anlaufstation für ukrainische Flüchtlinge. Auch die Städte in Deutschland 
seien bereit, betroffene Menschen aufzunehmen. Noch könne niemand verlässlich sagen, wie viele Flüchtlinge in 
Deutschland Schutz und Hilfe suchen würden, sagte Lewe. Die Städte erwarten vom Bund eine effektive 
Koordinierung der Flüchtlingsaufnahme. „Alle Informationen müssen schnell fließen. Die Städte müssen von Bund 
und Ländern in Echtzeit eingebunden werden. Wir brauchen ein gemeinsames Lagebild, damit die Städte gut 
vorbereitet sind und die Ankommenden aufnehmen und versorgen können.“ Bund und Ländern müssten den 
Kommunen klar sagen, welche Unterbringungskapazitäten wann notwendig seien und für eine gerechte Verteilung 
auf die Städte Sorge tragen.
Der Landkreistag NRW erklärte, am kommenden Mittwoch finde ein Gespräch des Ministerpräsidenten mit den 
kommunalen Spitzenverbänden statt. Eine Sprecherin forderte neben den zu erwartenden Zuweisungszahlen, dass 
alle Kapazitäten auch für die Unterbringung auf Landesseite schnell aktiviert werden müssten. Berivan Aymaz, 
integrationspolitische Sprecherin der Grünen, sagte, Minister Joachim Stamp müsse die Kommunen unterstützen, 
eine Übersicht über bereits zur Verfügung stehende Unterkunftsplätze zu bekommen und gegebenenfalls weitere 
zu organisieren."
2022-03,Main Corpus,2022-03(50).ZIP,Städtetag will mehr Hilfe vom Bund bei Flüchtlingen.PDF,C:\PythonProjects\AfD-project\Corpora\Main Corpus\2022-03\raw_unarchive\Städtetag will mehr Hilfe vom Bund bei Flüchtlingen.PDF,Städtetag will mehr Hilfe vom Bund bei Flüchtlingen,städtetag will mehr hilfe vom bund bei flüchtlingen,Rheinische Post,rheinische post,Donnerstag 31. März 2022,,S. 3,185,1376,c99cb0752fe60cdef7c0a5a33f81bb21eb4d63e8,,unique,keep,,no,,no,,,2318,no,,,,,"Berlin (dpa) Bei der Verteilung, Registrierung und Unterbringung der Kriegsflüchtlinge aus der Ukraine ist aus Sicht 
der Städte mehr Steuerung und Unterstützung vom Bund nötig. Sollten, wie derzeit von der Bundesregierung 
erwartet, tatsächlich knapp eine Million Flüchtlinge kommen, müssten leer stehende Wohnungen über ein 
Sonderprogramm innerhalb weniger Monate wieder bewohnbar gemacht und zur Unterbringung der Geflüchteten 
genutzt werden. „Das wäre eine ganz wichtige Entlastung“, sagte der Oberbürgermeister von Kiel, Ulf Kämpfer 
(SPD), am Mittwoch nach einer Präsidiumssitzung des Deutschen Städtetages.
Der Städtetagspräsident und Oberbürgermeister von Münster, Markus Lewe (CDU), sagte, er sei froh, dass 
Bundeskanzler Olaf Scholz (SPD) die kommunalen Spitzenverbände für kommenden Freitag zu einem Gespräch 
über die Aufnahme der Flüchtlinge eingeladen habe. Notwendig sei danach aber zusätzlich ein Flüchtlingsgipfel mit 
Vertretern von Bund, Ländern und Kommunen, um alle Fragen rund um die Verteilung und Finanzierung besser zu 
regeln. Die Städte hätten es als positiv wahrgenommen, dass das Bundesamt für Migration und Flüchtlinge mit 
mobilen Teams nun bei der Registrierung helfe. Besser wäre es aber, wenn diese Registrierung nicht erst bei den 
Ausländerbehörden vorgenommen würde, sondern bereits bei der Einreise oder in der Erstaufnahmeeinrichtung."
2022-03,Main Corpus,2022-03(50).ZIP,Trotz Suizidgefahr abgeschoben Sechs Jahre lang hat Muhammad Ibraheem in Niedersachsen gelebt. Er ha.PDF,C:\PythonProjects\AfD-project\Corpora\Main Corpus\2022-03\raw_unarchive\Trotz Suizidgefahr abgeschoben Sechs Jahre lang hat Muhammad Ibraheem in Niedersachsen gelebt. Er ha.PDF,Trotz Suizidgefahr abgeschoben Sechs Jahre lang hat Muhammad Ibraheem in Niedersachsen gelebt. Er hat,trotz suizidgefahr abgeschoben sechs jahre lang hat muhammad ibraheem in niedersachsen gelebt er hat,"taz, die tageszeitung",taz die tageszeitung,Mittwoch 30. März 2022,Michael Trammer,NORD AKTUELL; S. 25,995,7110,74eded6b76839848ff23f0e2403c97072523ad2b,,unique,keep,,no,,no,,,8522,no,,,,,"Von Michael Trammer
Muhammad Ibraheem geht es nicht gut. Schweiß rinnt dem 39-Jährigen über die Stirn. Auf dem verpixelten Bild 
des Whatsapp-Videoanrufs sind seine Gesichtszüge kaum zu erkennen. Aber Ibraheem will reden. Er ist außer sich 
und wirkt sehr unruhig. Mir geht es gar nicht gut, ich habe Angst und kann nicht schlafen , erzählt er. Seit Tagen 
habe er seine Medikamente nicht mehr.
Seit dem 8. März ist Ibraheem wieder in Pakistan. Nach sechs Jahren in Deutschland wurde er mit einer 
Sammelabschiebung mit 25 weiteren Personen von Hannover nach Islamabad geflogen. Es ist die immer gleiche 
Routine, der die Abschiebungen in Hannover folgen: Am Terminal D kommen außer Sichtweite des normalen 
Flugbetriebs Gefangenentransporter und Busse aus dem gesamten Bundesgebiet an, um Schicksale im Schutze 
der Nacht zu besiegeln. Einige Personen, die abgeschoben werden, wurden morgens zuhause abgeholt. Andere 
seien unter dem Vorwand anderer Gründe in die Ausländerbehörden bestellt worden, heißt es in einer Mail, die in 
der pakistanischen Community zirkuliert.
Muhamamad Ibraheem saß in Langenhagen in Abschiebehaft. Er erzählt, wie ihn die Beamt*innen zwangen, sich 
umzuziehen, bevor es zum Abschiebecharter ging. Im Flugzeug saß ein Polizist links und einer rechts von mir und 
ich konnte nirgendwo hin , so Ibraheem. Mir ging es so schlecht, ich bin bis Islamabad quasi ohnmächtig gewesen. 
Seine Handschellen seien in Hannover abgenommen worden, andere im Flugzeug seien aber bis zur Ankunft in 
Pakistan angekettet gewesen. Einer wollte nicht im Stuhl sitzen, die haben ihn gezwungen , so Ibraheem. Bei der 
Ankunft in Islamabad hätte ihn die pakistanische Polizei körperlich misshandelt, erzählt er. Seine gesamte Kleidung 
und sein Geld seien ihm abgenommen worden. Im Videoanruf zeigt er Abschürfungen der Haut an seinem Kopf.

Trotz Suizidgefahr abgeschoben Sechs Jahre lang hat Muhammad Ibraheem in Niedersachsen gelebt. Er hat 
als Küchenhilfe gearbeitet, hatte Freund*innen. Wegen sein....
Ein Großteil der Menschen, die am 8. März abgeschoben wurden, lebte in Niedersachsen. Bereits im vergangenen 
Jahr protestierten Aktivist*innen in Hannover gegen Abschiebungen nach Pakistan. In dem Land steht es schlecht 
um die Menschenrechte. Meinungs- und Religionsfreiheit sind eingeschränkt, die Rechte von Frauen und LGBTQI 
beschnitten.
Ob die Betroffenen in Deutschland eigentlich mitten im Leben stehen, spielt kaum eine Rolle. Das zeigt auch der 
Fall von Ibraheem. Nach Angriffen in Pakistan und aus Angst vor weiterer Verfolgung hatte er in Deutschland Asyl 
gesucht. Er war das, was gemeinhin als integriert bezeichnet wird: Seit 2016 hat er in Laatzen bei Hannover 
gelebt, hat zeitweise als Küchenhilfe gearbeitet und hatte Freund*innen.
Wie viele Geflüchtete kämpfte Ibraheem aber auch mit Trauma und Depression. Mehrfach war er beim Netzwerk 
für Traumatisierte Flüchtlinge in Niedersachsen in Beratung. Seit etwa drei Jahren stand er unter gesetzlicher 
Betreuung. Mehrfach war er in einer geschlossenen Psychiatrie untergebracht, etwa im Klinikum Wahrendorff.
Die Ärzt*innen dort hätten es so beurteilt, dass sich seine psychische Ausnahmesituation stabilisiere, erzählt 
Muzaffer Öztürkyilmaz, vom niedersächsischen Flüchtlingsrat, der die Details des Falls kennt. Eine Abschiebung 
hätte ihrer Einschätzung nach aber dazu führen können, dass sich seine suizidalen Tendenzen wieder verstärken, 
wegen des Drucks und der fehlenden Perspektiven in Pakistan, so Öztürkyilmaz. Über die Jahre seien deshalb 
immer wieder Atteste vorgelegt worden. Im Juni 2021 hieß es in einem Schreiben, das der taz vorliegt: Für den Fall 
einer Abschiebung erachten wir eine erneute akute Suizidgefährdung auf dem Boden einer psychischen 
Dekompensation als äußerst wahrscheinlich. Aus fachärztlicher Sicht ist Herr Ibraheem deshalb bis auf weiteres 
reiseunfähig. 
In Abschiebehaft kam er dennoch. Ein Psychiater der Anstalt habe einen Tag vor der Abschiebung ein kurzes 
Gespräch mit ihm geführt und einen Fünfzeiler verfasst, erzählt Ibraheem. Er habe seine Situation geschildert, 
seinen Schwindel und die Angst. Der Arzt habe aber gesagt, er sei gesund ohne ihn richtig zu untersuchen.
Das Verwaltungsgericht Hannover zweifelte daraufhin die Darstellung der Fachärzt*innen des Wahrendorff-
Klinikums an, obwohl Ibraheem sich im gesamten Dezember dort in stationärer Behandlung befand. Die 
Bescheinigungen seien durch die Stellungnahme des Psychiaters der Ambulanten Psychiatrischen Versorgung der 
JVA Hannover am 7. März hinreichend widerlegt. Demnach habe es aktuell keine psychotischen Symptome und 
kein Fremd- oder Eigengefährdungspotential gegeben. Der Antragsteller sei aus psychiatrischer Sicht reise- und 
flugfähig, heißt es im Beschluss vom 6. März, der der taz vorliegt. Wir fragen uns unter anderem, wie der JVA-
Psychiater im Rahmen dieser einmaligen und sehr kurzen Untersuchung zu seinen Feststellungen kommen konnte 
, sagt Öztürkyilmaz vom Flüchtlingsrat Niedersachsen.
Trotz eines im Koalitionsvertrag der neuen Bundesregierung angekündigten Paradigmenwechsels in der 
Migrationspolitik wird in einigen Bundesländern weiter abgeschoben. Eigentlich soll es ein Chancen-Bleiberecht 
für Menschen geben, die sich am 1. Januar 2022 mindestens fünf Jahre im Bundesgebiet aufgehalten haben. Das 
Bundesinnenministerium verweist auf Anfrage der taz darauf, dass die Länder beim Vollzug des Aufenthaltsrechts 
zuständig sind. Das Ministerium plane nicht, möglichen Gesetzesänderungen vorzugreifen.
Einige Bundesländer haben dennoch anders auf die Ankündigung reagiert. Rheinland-Pfalz etwa hat den 
Ausländerbehörden nahegelegt, bei der Entscheidung zu Abschiebungen das anstehende 
Gesetzgebungsverfahren zu berücksichtigen und gegebenenfalls zurückzupriorisieren , schreibt der Flüchtlingsrat 
Niedersachsen auf seiner Website. Ähnlich gehe auch Schleswig-Holstein vor. Der Flüchtlingsrat fordert die 
niedersächsische Landesregierung auf, diesem Beispiel zu folgen.
Entgegen der Prognose des JVA-Psychiaters hat Ibraheem nun akute Suizidgedanken, erzählt er beim 
Videotelefonat. Er könne seit Tagen nicht schlafen, habe Angst und schlage sich selbst. Seine Familie verstehe 
nicht, was vor sich gehe.
 Wir fragen uns unter anderem, wie der JVA-Psychiater im Rahmen dieser einmaligen und sehr kurzen 
Untersuchung zu seinen Feststellungen kommen konnte 
Trotz Suizidgefahr abgeschoben Sechs Jahre lang hat Muhammad Ibraheem in Niedersachsen gelebt. Er hat 
als Küchenhilfe gearbeitet, hatte Freund*innen. Wegen sein....
Abschiebungen in Hannover
Der Flughafen von Hannover ist einer von mehreren Flughäfen in Deutschland, von denen Abschiebecharter 
starten. 161 Personen wurden laut einer Anfrage der Linkspartei im Bundestag 2020 von hier außer Landes 
geflogen.
22 Sammelabschiebungen nach Pakistan gab es seit Anfang 2020 laut Deportation Alarm .
1.584.722 Euro gab die Bundesregierung laut einer Anfrage der Linkspartei im Bundestag 2020 für Abschiebungen 
nach Pakistan aus.
Die jüngste Abschiebung war am Morgen des 29. März. 16 Personen wurden nach Ghana abgeschoben."
2022-03,Main Corpus,2022-03(50).ZIP,Viersen rüstet sich für mehr Flüchtlinge Durch die Städteparterschaft mit Kanew kommen viele Vertrie.PDF,C:\PythonProjects\AfD-project\Corpora\Main Corpus\2022-03\raw_unarchive\Viersen rüstet sich für mehr Flüchtlinge Durch die Städteparterschaft mit Kanew kommen viele Vertrie.PDF,Viersen rüstet sich für mehr Flüchtlinge Durch die Städteparterschaft mit Kanew kommen viele Vertriebene,viersen rüstet sich für mehr flüchtlinge durch die städteparterschaft mit kanew kommen viele vertriebene,Rheinische Post,rheinische post,Donnerstag 24. März 2022,,S. 15,443,3261,d7272505aacf1173c507bd2d76327afcb67e9d1f,,unique,keep,,no,,no,,,4073,no,,,,,"Martin Röse
Viersen Die Stadt Viersen erhöht ihre Kapazitäten für ukrainische Bürgerkriegsflüchtlinge deutlich. Der Stadtrat 
stimmte am Montagabend dafür, eine Immobilie an der Nettetaler Straße von Mai an zu mieten. Kapazität: bis zu 
170 Personen. Allerdings muss zunächst noch umgebaut werden. Frühestens in sechs Wochen können dort laut 
Verwaltung Vertriebene einziehen. „Die konkrete Belegungsmöglichkeit hängt von den Familien- und 
Gruppengrößen an, die hier einziehen werden“, erklärte Stadtsprecher Frank Schliffke. Die Stadt rechnet mit 
jährlichen Kosten von rund 425.000 Euro für die Einrichtung — in diesem Jahr knapp 405.000 Euro.
Voraussichtlich Ende dieser Woche soll auch die städtische Einrichtung am Pestalozziweg bezugsfertig sein. Bis zu 
100 Personen können dort untergebracht werden. Und wenn das nicht reicht? „Wir bereiten uns auch darauf vor, 
Turnhallen für die Unterbringung zu nutzen“, sagte der Erste Beigeordnete Christian Canzler im Stadtrat. Nicht 
zuletzt aufgrund der langjährigen Städtepartnerschaft mit der 25.000-Einwohner-Stadt Kanew sei Viersen für 
Flüchtlinge aus der Region dort eine Anlaufstelle.
Auch das Land NRW plane, die Kapazität seiner Erstaufnahmeeinrichtung in Viersen zu erhöhen, berichtete er. 
Aktuell leben in der ehemaligen Kaiser‘s-Zentrale am Lichtenberg rund 450 Bürgerkriegsflüchtlinge, nun soll die 
Kapazität auf bis zu 700 Personen erhöht werden, teilte der Beigeordnete mit.
den rund 3,6 Millionen Geflüchteten aus der Ukraine leben nach Angaben der Stadt Viersen derzeit rund 400 in 
Viersen — die Menschen in der Zentralen Unterbringungseinrichtung des Landes nicht mitgerechnet. „Gegenwärtig 
sind gut drei Viertel der uns bekannten ukrainischen Flüchtlinge privat untergebracht“, erklärte der Stadtsprecher. 
„Die aktuelle Reserve in städtischen Unterkunftsmöglichkeiten liegt bei etwa 100 Plätzen.“

Viersen rüstet sich für mehr Flüchtlinge Durch die Städteparterschaft mit Kanew kommen viele Vertriebene 
nach Viersen. Die Stadt baut ihre Unterbringungskapazit....
Während in vielen Kommunen die Flüchtlinge weite Wege für die verschiedenen Behördengänge unternehmen 
müssen, hat Viersen eine eigene Anlaufstation im Dülkener Rathaus eingerichtet. Dort werden die Flüchtlinge 
registriert und können direkt auch, ein Zimmer weiter, Sozialleistungen beantragen oder Bedarf für einen Kita-Platz 
anmelden. Mitarbeiter des Sozialamtes sind dafür vorübergehend von der Königsallee in Alt-Viersen nach Dülken 
gezogen. Auch ein Dolmetscher ist vor Ort. An einem Info-Point liegen Informationen in ukrainischer Sprache 
bereit, auch zur Corona-Schutzimpfung. Trotz der zentralen Einrichtung kommt die Stadt mit der Registrierung der 
Flüchtlinge kaum hinterher. „Das liegt auch an IT-Problemen“, berichtete Canzler. So stürzte beispielsweise am 
Mittwoch ein Server der Bundesverwaltung ab, zu dem die Personendaten der Flüchtlinge hätten übertragen 
werden sollen. Nicht das erste Mal. „Die Mitarbeiter haben dann Excel-Tabellen angelegt und die Daten 
nachträglich eingepflegt“, berichtete Canzler im Stadtrat.
Gibt‘s keine technischen Probleme, können 30 Registrierungen pro Tag vorgenommen werden. Bislang seien rund 
200 ukrainische Flüchtlinge in Viersen registriert, berichtete Canzler."
2022-03,Main Corpus,2022-03(50).ZIP,"Was kommt nach der Flucht_ 1,8 Millionen Menschen suchen Schutz vor dem Ukraine -Krieg in der EU. Ei(2).PDF","C:\PythonProjects\AfD-project\Corpora\Main Corpus\2022-03\raw_unarchive\Was kommt nach der Flucht_ 1,8 Millionen Menschen suchen Schutz vor dem Ukraine -Krieg in der EU. Ei(2).PDF","Was kommt nach der Flucht? 1,8 Millionen Menschen suchen Schutz vor dem Ukraine -Krieg in der EU. Eine",was kommt nach der flucht 18 millionen menschen suchen schutz vor dem ukraine krieg in der eu eine,Rheinische Post,rheinische post,Dienstag 8. März 2022,Birgit Marschall,S. 5,716,5138,14ae488ac46732b7ccaef2c498bb076f5804da2a,exact_004,duplicate_exact,review,,no,,no,,,6592,no,,exact_004,,,"Birgit Marschall
Berlin Nach einer Schätzung des Migrationsforschers Herbert Brücker vom Institut für Arbeitsmarkt- und 
Berufsforschung der Bundesagentur für Arbeit dürfte die Zahl der Ukraine-Flüchtlinge Mitte der Woche über die 
2015 und 2016 in der EU erreichte Marke von 2,4 Millionen steigen. Das Flüchtlingshilfswerk UNHCR rechnet mit 
bis zu zehn Millionen, davon sechs Millionen Binnenflüchtlinge und vier Millionen EU-Flüchtlinge. Wie viele davon 
nach Deutschland kommen, lässt sich kaum voraussagen. Bisher hat die Bundespolizei gut 50.000 Menschen 
gezählt. Mit bis zu einer halben Million ist in den kommenden Monaten zu rechnen.
Welche Aufenthaltsrechte haben die Geflüchteten? Kriegsflüchtlinge aus der Ukraine müssen in der EU kein Asyl 
beantragen, können es aber. Sie dürfen sich in den ersten 90 Tagen in der EU, also auch in Deutschland, visafrei 
aufhalten und sich ihren Aufenthaltsort in dieser Zeit aussuchen, erklärte ein Sprecher des 
Bundesinnenministeriums. Die EU-Innenminister hatten sich zudem geeinigt, ihnen und ihren Familienangehörigen 
für ein Jahr unkompliziert Schutz zu gewähren. Die Regelung kann auf drei Jahre verlängert werden.
Gelten die Rechte auch für Drittstaatler? Der Schutz gelte auch „für Staatenlose und Staatsangehörige anderer 
Drittländer als der Ukraine, die vor dem 24. Februar 2022 in der Ukraine internationalen Schutz oder einen 
gleichwertigen nationalen Schutz genossen haben“, heißt es vom Innenministerium. Hinzu kommen demnach auch 
Staatenlose und Drittstaatler, die nachweisen könnten, dass sie sich vor dem 24. Februar „auf der Grundlage eines 
nach ukrainischem Recht erteilten gültigen unbefristeten Aufenthaltstitels rechtmäßig in der Ukraine aufgehalten 
haben, und die nicht in der Lage sind, sicher und dauerhaft in ihr Herkunftsland zurückzukehren“. Alle übrigen 
Drittstaatler müssen Deutschland wieder verlassen.

Was kommt nach der Flucht? 1,8 Millionen Menschen suchen Schutz vor dem Ukraine -Krieg in der EU. Eine 
koordinierte Verteilung in Deutschland gibt es kaum.
Wie verhindert der Staat, dass Zuwanderer aus Drittstaaten die Situation ausnutzen oder Kriminelle einreisen? Da 
es im Schengen-Raum keine Grenzkontrollen gibt, ist eine deutsche Kontrolle der Geflüchteten nach der Einreise in 
die EU nicht möglich. Die Bundespolizei ist an den Grenzen aber verstärkt im Einsatz und kontrolliert im Rahmen 
der Schleierfahndung. Die meisten Ukrainer hätten biometrische Pässe, so das Innenministerium. Zudem kämen 
überwiegend Frauen mit Kindern. Sie gelten offenbar als potenziell weniger gefährlich.
Wie werden die Geflüchteten verteilt? Eine koordinierte Verteilung auf die Länder gibt es noch kaum, da die 
Behörden von der Welle überrollt wurden. Berlins Regierende Bürgermeisterin Franziska Giffey (SPD) hat am 
Wochenende eine Art Notruf abgegeben, da mehr als 10.000 Menschen täglich in Berlin ankommen. Nun werden 
sie von Berlin und Frankfurt/Oder aus mit Bussen und Bahnen ins gesamte Bundesgebiet gebracht, wenn sie das 
wollen. „Eine Verteilung findet generell nur bei Personen statt, die nicht bereits anderweitig, zum Beispiel bei 
Verwandten oder Freunden in Deutschland unterkommen“, heißt es im Papier des Innenministeriums. Für alle 
übrigen Personen gelte der Königsteiner Schlüssel, „wenn die Länder keinen abweichenden Schlüssel 
vereinbaren“. Der Anteil, den ein Land nach dem Königsteiner Schlüssel tragen muss, richtet sich zu zwei Dritteln 
nach dem Steueraufkommen und zu einem Drittel nach der Bevölkerungszahl.
Wer kommt für Unterbringung und Versorgung auf? Zuständig sind zunächst die Länder und Kommunen. Die 
Länder werden sich die Auslagen wie auch in der Flüchtlingskrise 2015/16 vom Bund nachträglich bezahlen lassen. 
Der Bund hat zugesagt, bei der Unterbringung mit seinen Immobilien zu helfen. Derzeit werde geprüft, wie viele der 
rund 50.000 Plätze in Bundesimmobilien frei sind. Wie viele Geflüchtete privat unterkommen, können die Behörden 
bisher nicht abschätzen.
Welche Leistungen können die Flüchtlinge beanspruchen? Die Kriegsflüchtlinge haben über das 
Asylbewerberleistungsgesetz Anspruch auf Sozialhilfe, die gesetzliche Krankenversicherung sowie Zugang zu Kitas 
und Schulen, obwohl sie keine Asylbewerber sind. Die monatliche Leistung nach dem Asylbewerberleistungsgesetz 
liegt mit 367 Euro unter dem Regelsatz der Grundsicherung von 449 Euro für Singles. Die Gesamtkosten für die 
Versorgung der Flüchtlinge dürften rasch in die Milliarden gehen.
Können Flüchtlinge aus der Ukraine in Deutschland arbeiten? Ja. Die Geflüchteten haben uneingeschränkten 
Zugang zum deutschen Arbeitsmarkt. Eine Arbeitserlaubnis soll unkompliziert von den Ausländerbehörden oder 
den Erstaufnahmezentren erteilt werden, wenn sich Geflüchtete dort melden, um Leistungen zu erhalten. Der 
Zugang zu Sprachkursen soll ebenso unkompliziert durch die Bundesagentur für Arbeit gewährt werden.
Dürfen die Kinder zur Schule gehen? Ja, die Kinder von Geflüchteten sollen Zugang zu Schulen und Kitas erhalten. 
Hier brauchen die zuständigen Landesbehörden jedoch noch Zeit, um Personal aufzustocken und Kapazitäten zu 
schaffen."
2022-03,Main Corpus,2022-03(50).ZIP,"Was kommt nach der Flucht_ 1,8 Millionen Menschen suchen Schutz vor dem Ukraine -Krieg in der EU. Ei.PDF","C:\PythonProjects\AfD-project\Corpora\Main Corpus\2022-03\raw_unarchive\Was kommt nach der Flucht_ 1,8 Millionen Menschen suchen Schutz vor dem Ukraine -Krieg in der EU. Ei.PDF","Was kommt nach der Flucht? 1,8 Millionen Menschen suchen Schutz vor dem Ukraine -Krieg in der EU. Eine",was kommt nach der flucht 18 millionen menschen suchen schutz vor dem ukraine krieg in der eu eine,Rheinische Post,rheinische post,Dienstag 8. März 2022,Birgit Marschall,S. 5,716,5138,14ae488ac46732b7ccaef2c498bb076f5804da2a,exact_004,duplicate_exact,review,,no,,no,,,6607,no,,exact_004,,,"Birgit Marschall
Berlin Nach einer Schätzung des Migrationsforschers Herbert Brücker vom Institut für Arbeitsmarkt- und 
Berufsforschung der Bundesagentur für Arbeit dürfte die Zahl der Ukraine-Flüchtlinge Mitte der Woche über die 
2015 und 2016 in der EU erreichte Marke von 2,4 Millionen steigen. Das Flüchtlingshilfswerk UNHCR rechnet mit 
bis zu zehn Millionen, davon sechs Millionen Binnenflüchtlinge und vier Millionen EU-Flüchtlinge. Wie viele davon 
nach Deutschland kommen, lässt sich kaum voraussagen. Bisher hat die Bundespolizei gut 50.000 Menschen 
gezählt. Mit bis zu einer halben Million ist in den kommenden Monaten zu rechnen.
Welche Aufenthaltsrechte haben die Geflüchteten? Kriegsflüchtlinge aus der Ukraine müssen in der EU kein Asyl 
beantragen, können es aber. Sie dürfen sich in den ersten 90 Tagen in der EU, also auch in Deutschland, visafrei 
aufhalten und sich ihren Aufenthaltsort in dieser Zeit aussuchen, erklärte ein Sprecher des 
Bundesinnenministeriums. Die EU-Innenminister hatten sich zudem geeinigt, ihnen und ihren Familienangehörigen 
für ein Jahr unkompliziert Schutz zu gewähren. Die Regelung kann auf drei Jahre verlängert werden.
Gelten die Rechte auch für Drittstaatler? Der Schutz gelte auch „für Staatenlose und Staatsangehörige anderer 
Drittländer als der Ukraine, die vor dem 24. Februar 2022 in der Ukraine internationalen Schutz oder einen 
gleichwertigen nationalen Schutz genossen haben“, heißt es vom Innenministerium. Hinzu kommen demnach auch 
Staatenlose und Drittstaatler, die nachweisen könnten, dass sie sich vor dem 24. Februar „auf der Grundlage eines 
nach ukrainischem Recht erteilten gültigen unbefristeten Aufenthaltstitels rechtmäßig in der Ukraine aufgehalten 
haben, und die nicht in der Lage sind, sicher und dauerhaft in ihr Herkunftsland zurückzukehren“. Alle übrigen 
Drittstaatler müssen Deutschland wieder verlassen.

Was kommt nach der Flucht? 1,8 Millionen Menschen suchen Schutz vor dem Ukraine -Krieg in der EU. Eine 
koordinierte Verteilung in Deutschland gibt es kaum.
Wie verhindert der Staat, dass Zuwanderer aus Drittstaaten die Situation ausnutzen oder Kriminelle einreisen? Da 
es im Schengen-Raum keine Grenzkontrollen gibt, ist eine deutsche Kontrolle der Geflüchteten nach der Einreise in 
die EU nicht möglich. Die Bundespolizei ist an den Grenzen aber verstärkt im Einsatz und kontrolliert im Rahmen 
der Schleierfahndung. Die meisten Ukrainer hätten biometrische Pässe, so das Innenministerium. Zudem kämen 
überwiegend Frauen mit Kindern. Sie gelten offenbar als potenziell weniger gefährlich.
Wie werden die Geflüchteten verteilt? Eine koordinierte Verteilung auf die Länder gibt es noch kaum, da die 
Behörden von der Welle überrollt wurden. Berlins Regierende Bürgermeisterin Franziska Giffey (SPD) hat am 
Wochenende eine Art Notruf abgegeben, da mehr als 10.000 Menschen täglich in Berlin ankommen. Nun werden 
sie von Berlin und Frankfurt/Oder aus mit Bussen und Bahnen ins gesamte Bundesgebiet gebracht, wenn sie das 
wollen. „Eine Verteilung findet generell nur bei Personen statt, die nicht bereits anderweitig, zum Beispiel bei 
Verwandten oder Freunden in Deutschland unterkommen“, heißt es im Papier des Innenministeriums. Für alle 
übrigen Personen gelte der Königsteiner Schlüssel, „wenn die Länder keinen abweichenden Schlüssel 
vereinbaren“. Der Anteil, den ein Land nach dem Königsteiner Schlüssel tragen muss, richtet sich zu zwei Dritteln 
nach dem Steueraufkommen und zu einem Drittel nach der Bevölkerungszahl.
Wer kommt für Unterbringung und Versorgung auf? Zuständig sind zunächst die Länder und Kommunen. Die 
Länder werden sich die Auslagen wie auch in der Flüchtlingskrise 2015/16 vom Bund nachträglich bezahlen lassen. 
Der Bund hat zugesagt, bei der Unterbringung mit seinen Immobilien zu helfen. Derzeit werde geprüft, wie viele der 
rund 50.000 Plätze in Bundesimmobilien frei sind. Wie viele Geflüchtete privat unterkommen, können die Behörden 
bisher nicht abschätzen.
Welche Leistungen können die Flüchtlinge beanspruchen? Die Kriegsflüchtlinge haben über das 
Asylbewerberleistungsgesetz Anspruch auf Sozialhilfe, die gesetzliche Krankenversicherung sowie Zugang zu Kitas 
und Schulen, obwohl sie keine Asylbewerber sind. Die monatliche Leistung nach dem Asylbewerberleistungsgesetz 
liegt mit 367 Euro unter dem Regelsatz der Grundsicherung von 449 Euro für Singles. Die Gesamtkosten für die 
Versorgung der Flüchtlinge dürften rasch in die Milliarden gehen.
Können Flüchtlinge aus der Ukraine in Deutschland arbeiten? Ja. Die Geflüchteten haben uneingeschränkten 
Zugang zum deutschen Arbeitsmarkt. Eine Arbeitserlaubnis soll unkompliziert von den Ausländerbehörden oder 
den Erstaufnahmezentren erteilt werden, wenn sich Geflüchtete dort melden, um Leistungen zu erhalten. Der 
Zugang zu Sprachkursen soll ebenso unkompliziert durch die Bundesagentur für Arbeit gewährt werden.
Dürfen die Kinder zur Schule gehen? Ja, die Kinder von Geflüchteten sollen Zugang zu Schulen und Kitas erhalten. 
Hier brauchen die zuständigen Landesbehörden jedoch noch Zeit, um Personal aufzustocken und Kapazitäten zu 
schaffen."
2022-03,Main Corpus,2022-03(50).ZIP,"Wer flieht, hat Gründe Eine sprachliche Unterscheidung zwischen Vertriebenen und Migranten steht uns.PDF","C:\PythonProjects\AfD-project\Corpora\Main Corpus\2022-03\raw_unarchive\Wer flieht, hat Gründe Eine sprachliche Unterscheidung zwischen Vertriebenen und Migranten steht uns.PDF","Wer flieht, hat Gründe Eine sprachliche Unterscheidung zwischen Vertriebenen und Migranten steht uns nicht",wer flieht hat gründe eine sprachliche unterscheidung zwischen vertriebenen und migranten steht uns nicht,"taz, die tageszeitung",taz die tageszeitung,Freitag 18. März 2022,Uta Schleiermacher,MEINUNG UND DISKUSSION; S. 12,884,6374,80332bf0a740eb42a927e06a471791ff501a8c7a,,unique,keep,,no,,no,,,7695,yes,commentary_noncore,,,,"debatte
In unserem Sprechen und Denken über Flucht taucht ein alter Begriff gerade wieder neu auf: die Vertriebenen. So 
spricht etwa die Bundespolizei inzwischen konsequent von Vertriebenen, wenn es um die Flüchtlinge aus der 
Ukraine geht. Ähnlich Brandenburgs Innenminister Michael Stübgen (CDU). Sein Bundesland behelfe sich gerade 
mit pragmatischen Lösungen bei der Unterbringung und Versorgung der Vertriebenen , erklärte er Anfang März, 
als täglich mehr Menschen aus der Ukraine auch nach Brandenburg flohen.
Dass nun von Vertriebenen die Rede ist, hat einen schädlichen Effekt. Es suggeriert einen Unterschied zwischen 
dieser Gruppe von Flüchtlingen und Flüchtlingen aus anderen Regionen. Damit entsteht eine tiefe Kluft. Es lässt die 
Fluchtgründe jener anderen Gruppen, die andere Grenzen überwinden (müssen), weniger dringlich erscheinen. 
Allen, die sich für eine grundsätzliche Gleichbehandlung geflüchteter Menschen einsetzen, muss das gegen den 
Strich gehen.
Noch schärfer zutage tritt diese Kluft im Sprechen über die Menschen, die seit dem vergangenen Herbst 
versuchen, über Belarus nach Polen und Deutschland zu kommen. Viele mit dem Ziel, Asyl zu beantragen. Für sie 
setzte sich der Begriff Migranten durch nicht nur in Mitteilungen der Bundespolizei, sondern zunehmend auch in 
den Medien. Das Wort schwappte auch auf andere Gruppen über. Migranten sind im öffentlichen Diskurs nun 
zunehmend auch die Menschen, die unter Todesgefahr über das Mittelmeer Richtung Europa fliehen.
Wer von Flüchtlingen als Migranten spricht, entpolitisiert ihr Anliegen und lässt ihr Schutzbedürfnis als wenig 
berechtigt erscheinen. Wenn bei Vertriebenen ein Zwang hinter ihrem Schicksal angedeutet wird wer vertrieben 
wird, kann schließlich kaum etwas anderes tun, als seine Sachen zusammenzuraufen und zu fliehen , dann lassen 
Begriffe wie Migrant und stärker noch der besonders abwertende Begriff Wirtschaftsflüchtling die Flucht als frei 

Wer flieht, hat Gründe Eine sprachliche Unterscheidung zwischen Vertriebenen und Migranten steht uns nicht 
zu. Solche Begriffe suggerieren Dringlichkeiten und s....
gewählt oder selbst verschuldet erscheinen. Doch das ist eine Bewertung, die uns hier im globalen Norden nicht 
zusteht.
Ein zusätzlicher Effekt des Begriffs Vertriebene ist, dass er die als solche bezeichneten Flüchtlinge aus der Ukraine 
näher heranrückt an die deutsche Geschichte. Sie gehören zu einer Gruppe, mit der sich auch diejenigen gut 
identifizieren können, die ihre Großeltern oder Eltern als Vertriebene des Zweiten Weltkriegs sehen. Denn von 
rechtlicher Bedeutung war der Begriff Vertriebene bisher nur im Zusammenhang mit dem 
Bundesvertriebenengesetz von 1953. Es fasste unter Vertriebene deutsche Staatsangehörige oder sogenannte 
Volkszugehörige, die ihren Wohnsitz im Zusammenhang mit den Ereignissen des Zweiten Weltkriegs verloren 
hatten.
Dass Flüchtlinge aus der Ukraine überhaupt einigen als Vertriebene gelten, hat einen rechtlichen Grund. In der am 
3. März von der EU in Kraft gesetzten Massenzustromsrichtlinie , nach der Menschen aus der Ukraine nun in der 
EU aufgenommen werden, ist in der deutschen Fassung schon im ersten Artikel tatsächlich von Vertriebenen 
aus Drittländern die Rede und nicht etwa von Zugeströmten. So begründet auch die Bundespolizei ihre 
Verwendung dieses Begriffs.
Trotzdem bleibt es problematisch. Solche juristischen Feinheiten bügeln wir auch sonst in der Alltagssprache und in 
den Medien oft glatt. Flüchtlinge dürften sich streng genommen nur die nennen, denen ein Flüchtlingsstatus nach 
der Genfer Flüchtlingskonvention zugesprochen wurde es wäre also ständig zu unterscheiden zwischen 
Geduldeten, Asylsuchenden und subsidiär Schutzberechtigten. Das passiert teils auch. Tatsächlich wird der Begriff 
Flüchtlinge aber viel breiter verwendet, als es rein juristisch gesehen angemessen wäre.
So hat etwa auch die Flüchtlingshilfsorganisation Pro Asyl 2016 dargelegt, warum sie den Begriff Flüchtling 
bevorzugt auch im Vergleich zu Geflüchtete*r. Denn hier ginge es eben um einen Begriff, der die politische 
Dimension offenlege und der es den Gegnern der Flüchtlinge schwer mache, deren Anliegen abzuwerten.
Vertriebene ist überdies nicht der einzige Begriff, mit in dem die Flüchtlinge aus der Ukraine sprachlich abgesetzt 
werden. Denn auffällig oft sind sie außerdem Kriegsflüchtlinge. So spricht etwa Bundesinnenministerin Nancy 
Faeser (SPD) genauso wie die Berliner Integrationssenatorin Katja Kipping (Linke) von Kriegsflüchtlingen aus der 
Ukraine, wenn sie ihre Anstrengungen schildern, sie auf die Bundesländer zu verteilen. Auch das wertet ihr 
Anliegen rein sprachlich gegenüber dem anderer Flüchtlinge auf.
Im juristischen Kontext ist es berechtigt, je nach Status der Flüchtlinge auch begrifflich zu differenzieren. In unser 
Alltagssprache ist das nicht immer sinnvoll und sollte sich auch in den Medien nicht durchsetzen. Oft ist auch ein 
einmal vergebener Status nur zeitweise gültig. Entscheidungen des Bundesamts für Migration und Flüchtlinge 
werden vor Gericht nicht selten korrigiert. So wird Menschen, die zunächst vielleicht nur geduldet waren, eine 
andere Schutzform zugesprochen. Wer aus der Ukraine nach Deutschland kommt, könnte hier theoretisch Asyl 
beantragen und wäre damit rein rechtlich gesehen ein*e Asylsuchende*r. Das zeigt, wie volatil die rechtliche 
Lage der Menschen ist, die alles hinter sich lassen, um ihr eigenes und das Leben ihrer Lieben zu retten.
In der englischen Fassung der Massenzustromsrichtlinie geht es übrigens um displaced persons ein Begriff, der 
international viel allgemeiner verwendet und der nach dem Zweiten Weltkrieg geradezu der Gegenbegriff zu 
Vertriebene war.
Wer flieht, hat Gründe. Darauf sollten wir uns einigen. Es steht uns nicht zu, diese im Einzelnen oder pauschal zu 
bewerten.
Wer von Flüchtlingen als Migranten spricht, entpolitisiert ihr Anliegen und lässt ihr Schutzbedürfnis als wenig 
berechtigt erscheinen
Uta Schleiermacher hat Anglistik und Soziologie studiert und arbeitet als Journalistin für die taz Berlin und den RBB 
in Ostbrandenburg. Ihre Schwerpunkte sind Flucht und Migration, Feminismus, Antirassismus und Sozialpolitik.
Wer flieht, hat Gründe Eine sprachliche Unterscheidung zwischen Vertriebenen und Migranten steht uns nicht 
zu. Solche Begriffe suggerieren Dringlichkeiten und s...."
2022-03,Main Corpus,2022-03(50).ZIP,Zahl von Ukraine -Flüchtlingen steigt rasant Immer mehr Menschen aus dem Kriegsgebiet treffen ein. W(2).PDF,C:\PythonProjects\AfD-project\Corpora\Main Corpus\2022-03\raw_unarchive\Zahl von Ukraine -Flüchtlingen steigt rasant Immer mehr Menschen aus dem Kriegsgebiet treffen ein. W(2).PDF,Zahl von Ukraine -Flüchtlingen steigt rasant Immer mehr Menschen aus dem Kriegsgebiet treffen ein. Wie auch,zahl von ukraine flüchtlingen steigt rasant immer mehr menschen aus dem kriegsgebiet treffen ein wie auch,Rheinische Post,rheinische post,Dienstag 8. März 2022,Arne Lieb,S. 15,739,5198,dcf24f884c197413008eb1ce6371a8c338c3c9a9,exact_005,duplicate_exact,review,,no,,no,,,6607,no,,exact_005,,,"Arne Lieb
Düsseldorf Eine rapide steigende Zahl von Ukrainerinnen und Ukrainern trifft in Düsseldorf ein. Der Leiter des 
Krisenstabs, Burkhard Hintzsche, meldete unserer Redaktion am Montagmittag bereits 1050 Flüchtlinge in 
kommunalen Unterkünften; darüber hinaus haben sich rund 300 Menschen gemeldet, die privat zum Beispiel bei 
Verwandten untergekommen sind. Vor allem am Wochenende ist eine Vielzahl von Menschen per Zug oder Auto 
eingetroffen. Die Stadtverwaltung und Ehrenamtler schaffen unter Hochdruck Strukturen zur Unterbringung und 
Versorgung. „Eine so hohe Zahl von Flüchtlingen in einer Woche hat es 2015 nicht gegeben“, sagt Hintzsche. In 
diesem Jahr war die größte Zahl an Flüchtlingen aus Syrien eingetroffen.
Die Stadtverwaltung hat im Foyer des Hauptbahnhofs einen Informations-Punkt eingerichtet, der 24 Stunden 
geöffnet ist und den Flüchtlingen als erster Anlaufpunkt nach der Anreise dienen soll – zu erkennen ist er an einer 
ukrainischen Landesflagge. Eine erste Unterbringung gewährleistet die kommunale Erstaufnahme in Mörsenbroich, 
die im Zuge der Flüchtlingskrise 2015/16 entstanden war. Die Flüchtlinge kommen dann unter anderem in 
angemieteten Hotels unter, da die regulären Gemeinschaftsunterkünfte belegt sind. Die Verwaltung versucht 
derzeit, weitere Unterkünfte zu finden. Die Leiterin des Amtes für Migration und Integration, Miriam Koch, will das 
Gespräch mit dem Hotel-Verband Dehoga suchen. Die Caritas hat derweil ein ehemaliges Altersheim in Wersten 
umgenutzt. Wie auch 2015 hat die Stadt außerdem eine Halle der Messe als Notunterkunft eingerichtet.
Vor dem russischen Angriff auf die Ukraine fliehen nach derzeitigen Schätzungen 1,5 Millionen Menschen. Die 
Flüchtlinge in Deutschland steuern bislang offenbar besonders die Ballungsräume an, insbesondere Berlin. Bis jetzt 
gibt es keine Regelung für eine behördliche Verteilung zwischen den deutschen Kommunen, wie es etwa bei den 
syrischen Flüchtlingen über den sogenannten Königssteiner Schlüssel erfolgt war. Auch deshalb ist unklar, auf 

Zahl von Ukraine -Flüchtlingen steigt rasant Immer mehr Menschen aus dem Kriegsgebiet treffen ein. Wie auch 
2015 wird eine Messe-Halle zur Notunterkunft.
welche Zahl von Menschen sich Düsseldorf für die kommenden Wochen einstellen muss. „Wir sind aufnahmebereit 
und werden auf jeden Fall für eine Unterbringung sorgen“, sagt Hintzsche. Die Kommunen warten aber auch auf 
Hinweise von Bund und Land, wie die Versorgung bundesweit organisiert werden soll.
Düsseldorf schafft in den kommenden Tagen weitere Infrastruktur. So soll im früheren Gebäude der 
Zentralbibliothek auf der Hinterseite des Hauptbahnhofs bis Ende der Woche eine zentrale Anlaufstelle für die 
Erstversorgung der Flüchtlinge entstehen. Dafür wird die erste Etage des Gebäudes hergerichtet, in dessen 
Erdgeschoss sich das Impfzentrum befindet. Außerdem wird eine zentrale Ausgabe für Hilfsgüter in der Nähe des 
Hauptbahnhofs geschaffen. Nach Angaben von Hintzsche befinden sich unter den Flüchtlingen nur vereinzelt 
Männer, vor allem handelt es sich um Frauen und Kinder. Das Jugendamt steht bereit zur Versorgung von 
unbegleitet anreisenden Minderjährigen, in Düsseldorf sind aber bislang keine eingetroffen.
Auch der Verein „Flüchtlinge sind in Düsseldorf willkommen“ versucht sich auf die neue Lage einzustellen. „Wir 
haben 2015 viel gelernt und früh mit den Vorbereitungen begonnen“, sagt die Vorsitzende Hildegard Düsing-Krems. 
Der Verein hat Dolmetscher organisiert, auf einen Aufruf haben sich 250 in Düsseldorf lebende Ukrainer gemeldet. 
Außerdem schult er Helfer darin, die Ukrainerinnen und Ukrainer bei den ersten Schritten zu unterstützen, etwa bei 
den Anträgen auf soziale Hilfeleistungen.
Viele Flüchtlinge wenden sich schon auf dem Weg nach Düsseldorf an die Vereins-Hotline und bitten um 
Unterstützung. „Das Telefon steht nicht still“, sagt Mitarbeiter Lion Rüger. Der Verein versucht auch bei einer 
weiteren häufigen Bitte zu helfen: Er stattet die Flüchtlinge mit SIM-Karten für Telefone aus, damit sie sich in der 
Heimat melden können – die ukrainischen Karten funktionieren in Deutschland nicht.
Die Rechtslage ändert sich derzeit ständig, viele Fragen etwa zu Visa, Asylanträgen oder sozialer Sicherung 
werden erst in diesen Tagen geregelt. Auch über finanzielle Fragen wurde bislang nur grundsätzlich gesprochen. 
Düsseldorf geht davon aus, dass Bund und Land die Kosten für die Versorgung der Flüchtlinge übernehmen 
werden.
So können Bürger den Flüchtlingen helfen
Ehrenamt Wer sich in der Flüchtlingshilfe engagieren will, kann sich per E-Mail an die Adresse ukraine-
hilfe@duesseldorf.de wenden. Alle Mails werden innerhalb eines Tages beanwortet.
Wohnraum Die Stadt nimmt keine Vermittlung in privaten Wohnraum vor oder kommt dafür finanziell auf. Mittel- bis 
langfristige Angebote an die oben stehende E-Mail.
Sachspenden Sachspenden werden montags bis freitags von 16 bis 19 Uhr und samstags von 10 bis 14 Uhr bei 
der Annahme in der Querstraße 4 entgegengenommen. Das von der Stadt empfohlene Spendenkonto ist
IBAN DE61 3005 0110 0010 0004 95 (Stadtsparkasse). Bitte als Verwendungszweck „57754 00000 00000 7 / 
Ukraine - Hilfe“ angeben."
2022-03,Main Corpus,2022-03(50).ZIP,Zahl von Ukraine -Flüchtlingen steigt rasant Immer mehr Menschen aus dem Kriegsgebiet treffen ein. W.PDF,C:\PythonProjects\AfD-project\Corpora\Main Corpus\2022-03\raw_unarchive\Zahl von Ukraine -Flüchtlingen steigt rasant Immer mehr Menschen aus dem Kriegsgebiet treffen ein. W.PDF,Zahl von Ukraine -Flüchtlingen steigt rasant Immer mehr Menschen aus dem Kriegsgebiet treffen ein. Wie auch,zahl von ukraine flüchtlingen steigt rasant immer mehr menschen aus dem kriegsgebiet treffen ein wie auch,Rheinische Post,rheinische post,Dienstag 8. März 2022,Arne Lieb,S. 15,739,5198,dcf24f884c197413008eb1ce6371a8c338c3c9a9,exact_005,duplicate_exact,review,,no,,no,,,6594,no,,exact_005,,,"Arne Lieb
Düsseldorf Eine rapide steigende Zahl von Ukrainerinnen und Ukrainern trifft in Düsseldorf ein. Der Leiter des 
Krisenstabs, Burkhard Hintzsche, meldete unserer Redaktion am Montagmittag bereits 1050 Flüchtlinge in 
kommunalen Unterkünften; darüber hinaus haben sich rund 300 Menschen gemeldet, die privat zum Beispiel bei 
Verwandten untergekommen sind. Vor allem am Wochenende ist eine Vielzahl von Menschen per Zug oder Auto 
eingetroffen. Die Stadtverwaltung und Ehrenamtler schaffen unter Hochdruck Strukturen zur Unterbringung und 
Versorgung. „Eine so hohe Zahl von Flüchtlingen in einer Woche hat es 2015 nicht gegeben“, sagt Hintzsche. In 
diesem Jahr war die größte Zahl an Flüchtlingen aus Syrien eingetroffen.
Die Stadtverwaltung hat im Foyer des Hauptbahnhofs einen Informations-Punkt eingerichtet, der 24 Stunden 
geöffnet ist und den Flüchtlingen als erster Anlaufpunkt nach der Anreise dienen soll – zu erkennen ist er an einer 
ukrainischen Landesflagge. Eine erste Unterbringung gewährleistet die kommunale Erstaufnahme in Mörsenbroich, 
die im Zuge der Flüchtlingskrise 2015/16 entstanden war. Die Flüchtlinge kommen dann unter anderem in 
angemieteten Hotels unter, da die regulären Gemeinschaftsunterkünfte belegt sind. Die Verwaltung versucht 
derzeit, weitere Unterkünfte zu finden. Die Leiterin des Amtes für Migration und Integration, Miriam Koch, will das 
Gespräch mit dem Hotel-Verband Dehoga suchen. Die Caritas hat derweil ein ehemaliges Altersheim in Wersten 
umgenutzt. Wie auch 2015 hat die Stadt außerdem eine Halle der Messe als Notunterkunft eingerichtet.
Vor dem russischen Angriff auf die Ukraine fliehen nach derzeitigen Schätzungen 1,5 Millionen Menschen. Die 
Flüchtlinge in Deutschland steuern bislang offenbar besonders die Ballungsräume an, insbesondere Berlin. Bis jetzt 
gibt es keine Regelung für eine behördliche Verteilung zwischen den deutschen Kommunen, wie es etwa bei den 
syrischen Flüchtlingen über den sogenannten Königssteiner Schlüssel erfolgt war. Auch deshalb ist unklar, auf 

Zahl von Ukraine -Flüchtlingen steigt rasant Immer mehr Menschen aus dem Kriegsgebiet treffen ein. Wie auch 
2015 wird eine Messe-Halle zur Notunterkunft.
welche Zahl von Menschen sich Düsseldorf für die kommenden Wochen einstellen muss. „Wir sind aufnahmebereit 
und werden auf jeden Fall für eine Unterbringung sorgen“, sagt Hintzsche. Die Kommunen warten aber auch auf 
Hinweise von Bund und Land, wie die Versorgung bundesweit organisiert werden soll.
Düsseldorf schafft in den kommenden Tagen weitere Infrastruktur. So soll im früheren Gebäude der 
Zentralbibliothek auf der Hinterseite des Hauptbahnhofs bis Ende der Woche eine zentrale Anlaufstelle für die 
Erstversorgung der Flüchtlinge entstehen. Dafür wird die erste Etage des Gebäudes hergerichtet, in dessen 
Erdgeschoss sich das Impfzentrum befindet. Außerdem wird eine zentrale Ausgabe für Hilfsgüter in der Nähe des 
Hauptbahnhofs geschaffen. Nach Angaben von Hintzsche befinden sich unter den Flüchtlingen nur vereinzelt 
Männer, vor allem handelt es sich um Frauen und Kinder. Das Jugendamt steht bereit zur Versorgung von 
unbegleitet anreisenden Minderjährigen, in Düsseldorf sind aber bislang keine eingetroffen.
Auch der Verein „Flüchtlinge sind in Düsseldorf willkommen“ versucht sich auf die neue Lage einzustellen. „Wir 
haben 2015 viel gelernt und früh mit den Vorbereitungen begonnen“, sagt die Vorsitzende Hildegard Düsing-Krems. 
Der Verein hat Dolmetscher organisiert, auf einen Aufruf haben sich 250 in Düsseldorf lebende Ukrainer gemeldet. 
Außerdem schult er Helfer darin, die Ukrainerinnen und Ukrainer bei den ersten Schritten zu unterstützen, etwa bei 
den Anträgen auf soziale Hilfeleistungen.
Viele Flüchtlinge wenden sich schon auf dem Weg nach Düsseldorf an die Vereins-Hotline und bitten um 
Unterstützung. „Das Telefon steht nicht still“, sagt Mitarbeiter Lion Rüger. Der Verein versucht auch bei einer 
weiteren häufigen Bitte zu helfen: Er stattet die Flüchtlinge mit SIM-Karten für Telefone aus, damit sie sich in der 
Heimat melden können – die ukrainischen Karten funktionieren in Deutschland nicht.
Die Rechtslage ändert sich derzeit ständig, viele Fragen etwa zu Visa, Asylanträgen oder sozialer Sicherung 
werden erst in diesen Tagen geregelt. Auch über finanzielle Fragen wurde bislang nur grundsätzlich gesprochen. 
Düsseldorf geht davon aus, dass Bund und Land die Kosten für die Versorgung der Flüchtlinge übernehmen 
werden.
So können Bürger den Flüchtlingen helfen
Ehrenamt Wer sich in der Flüchtlingshilfe engagieren will, kann sich per E-Mail an die Adresse ukraine-
hilfe@duesseldorf.de wenden. Alle Mails werden innerhalb eines Tages beanwortet.
Wohnraum Die Stadt nimmt keine Vermittlung in privaten Wohnraum vor oder kommt dafür finanziell auf. Mittel- bis 
langfristige Angebote an die oben stehende E-Mail.
Sachspenden Sachspenden werden montags bis freitags von 16 bis 19 Uhr und samstags von 10 bis 14 Uhr bei 
der Annahme in der Querstraße 4 entgegengenommen. Das von der Stadt empfohlene Spendenkonto ist
IBAN DE61 3005 0110 0010 0004 95 (Stadtsparkasse). Bitte als Verwendungszweck „57754 00000 00000 7 / 
Ukraine - Hilfe“ angeben."
2022-03,Main Corpus,2022-03(50).ZIP,Zuzug in Gegenden mit hoher Arbeitslosigkeit Forscher des Bundesamts für Migration haben Umzüge von.PDF,C:\PythonProjects\AfD-project\Corpora\Main Corpus\2022-03\raw_unarchive\Zuzug in Gegenden mit hoher Arbeitslosigkeit Forscher des Bundesamts für Migration haben Umzüge von.PDF,Zuzug in Gegenden mit hoher Arbeitslosigkeit Forscher des Bundesamts für Migration haben Umzüge von,zuzug in gegenden mit hoher arbeitslosigkeit forscher des bundesamts für migration haben umzüge von,Die Welt,die welt,Freitag 25. März 2022,Marcel Leubecher,Politik; S. 4; Ausg. 60,756,5729,7cdceba0d871aeef284beb66a8e5fc7c737ce724,,unique,keep,,no,,no,,,7184,no,,,,,"Schon jetzt sind wohl mehr als 240.000 Menschen aus der Ukraine nach Deutschland geflohen. Politiker 
versuchen, eine gute Verteilung auf die Bundesländer und dort auf viele Orte umzusetzen. Doch langfristig sind die 
Steuerungsmöglichkeiten begrenzt, weil man in Deutschland Flüchtlingen zwar zu Beginn ihres Aufenthalts einen 
Wohnort zuweisen kann. Diese Auflagen können aber unter Verweis auf anderswo lebende Familienmitglieder, 
Arbeitsplatzzusagen und andere Gründe aufgehoben werden und enden vollständig drei Jahre nach Erteilung des 
Schutzstatus.
Interessante Erkenntnisse über die Wohnort-Präferenzen der schon länger hier lebenden Flüchtlinge hat eine 
Studie der Forschungsabteilung des Bundesamtes für Migration und Flüchtlinge (BAMF) ergeben. In der am 
Mittwoch veröffentlichten Analyse wurden erstmals die Umzüge von Flüchtlingen, also Ausländern mit einem 
Schutzstatus, für das gesamte Bundesgebiet untersucht. Ein zentrales Ergebnis: Flüchtlinge ziehen oft in 
Gegenden mit hoher Arbeitslosigkeit. Besonders viele siedeln sich in den Stadtstaaten Berlin, Hamburg und 
Bremen sowie in den nordwestlichen Flächenländern an, während in den östlichen Flächenländern erhebliche 
Abwanderungen beobachtet wurden. In der Studie heißt es: ""Großstädte, in denen eine überdurchschnittlich hohe 
Arbeitslosigkeit sowie knapper Wohnraum vorherrschen, scheinen bei Geflüchteten mit Schutzstatus trotz dieser 
nachteiligen Bedingungen eine hohe Attraktivität als Wohnort zu haben."" Inwieweit dies auf den stärkeren Ausbau 
der ""lokalen migrationsspezifischen Infrastrukturen, ethnische Netzwerke und migrantische Ökonomien 
zurückzuführen"" sei, gelte es mit künftigen Forschungsvorhaben genauer zu untersuchen.
Studienautor Johannes Weber schreibt, es sei ""kein Widerspruch"", dass zum einen ""städtische Kreise für 
Geflüchtete mit Schutzstatus eine höhere Attraktivität als ländliche Regionen haben"" und zum anderen Flüchtlinge 
""relativ häufig in Kreise mit einer vergleichsweise hohen Arbeitslosigkeit"" ziehen. Diese beiden Ergebnisse 
""ergänzen sich vielmehr, da große Städte vorwiegend zu den Kreisen zählen, in denen eine überdurchschnittlich 

Zuzug in Gegenden mit hoher Arbeitslosigkeit Forscher des Bundesamts für Migration haben Umzüge von 
Migranten mit Schutzstatus in Deutschland ausgewertet. Es zi....
hohe Arbeitslosenquote vorherrscht"". Jedenfalls bestätige die Auswertung des Zusammenhangs zwischen 
Arbeitslosenquote und Wanderungsverhalten ""auf den ersten Blick nicht die theoretischen Annahmen von Push-
Pull-Modellen, denen zufolge Menschen vorwiegend in Regionen mit einer guten ökonomischen Lage ziehen"". 
Vielmehr werde deutlich, dass ""Kreise mit einer vergleichsweise hohen Arbeitslosenquote sowohl häufiger Wohnort 
als auch Ziel"" von umziehenden Flüchtlingen seien ""als Kreise mit geringerer Arbeitslosenquote"".
In der BAMF-Analyse zeigt sich ""eine Ballung in nord- und westdeutschen Regionen, vor allem den 
Metropolregionen Rhein-Ruhr, Frankfurt, Hannover, Bremen und Hamburg sowie darüber hinaus in Großstädten"". 
Diese Ballung im urbanen Raum gelte ""insbesondere für die neuen Bundesländer, in denen abseits der Großstädte 
(zum Beispiel Chemnitz, Halle, Leipzig) die Anzahl an Geflüchteten mit Schutzstatus pro 1000 Einwohnern in den 
Landkreisen relativ gering ist"". Die fünf kreisfreien Städte Salzgitter, Hof, Schweinfurt, Bremerhaven und Flensburg 
weisen die höchste Anzahl an Flüchtlingen pro 1000 Einwohnern auf. In konkreten Zahlen wanderten in den 
Kreisen mit der höchsten Arbeitslosenquote insgesamt 104.890 Personen mit Schutzstatus zu und 73.046 
Personen ab; dies entspricht einem Wanderungsgewinn von 31.844 Personen. Im Vergleich dazu wanderten in den 
Kreisen mit den geringsten Arbeitslosenquoten 24.405 Personen zu und 36.340 Personen ab (Wanderungsverlust: 
11.935). Dabei ist wichtig, dass sich unter den Kreisen mit der höchsten Arbeitslosenquote mehrheitlich Städte mit 
mehr als 100.000 Einwohnern, darunter auch die drei Stadtstaaten Berlin, Hamburg und Bremen befinden.
Als mögliche Push-Faktoren, also Anreize zum Fortzug weg von den ländlichen Regionen, nennt die Studie 
beispielsweise eine mangelnde Infrastruktur, eine schlechtere medizinische Versorgung oder ein kleineres Angebot 
an Ausbildungsmöglichkeiten. Im Vergleich dazu böten Städte neben einem vielfältigeren Arbeitsmarkt auch ein 
größeres Waren-, Dienstleistungs- sowie Freizeitangebot. Neben diesen Aspekten spielten für ""Migranten die in 
Großstädten bereits etablierten ethnischen Netzwerke eine bedeutende Rolle als Pull-Faktor"", also als Umzugs-
Anreiz. Laut der Studie verlaufen die Umzüge der Flüchtlinge tendenziell in die entgegengesetzte Richtung wie die 
Umzüge der übrigen Bevölkerung.
Auch während der aktuellen Fluchtbewegung aus der Ukraine gab es Medienberichte über Menschen, die eine 
Unterbringung im ländlichen Raum ablehnten und um Unterkünfte in Städten baten. Beispielsweise waren am 
Dienstag laut ""Focus"" in der fränkischen Gemeinde Leinburg Flüchtlinge zu ihrer Unterkunft gefahren worden. Sie 
hätten aber umgehend um Verlegung in eine größere Stadt, am besten nach Nürnberg, gebeten. Laut dem Bericht 
argumentierten sie, dass es dort eine bessere Verkehrsanbindung und ärztliche Versorgung gebe. Nach 
Diskussionen mit den Ukrainerinnen sei die Polizei zur Hilfe gerufen worden; dann habe man sich darauf geeinigt, 
die Frauen mit ihren Kindern im Reisebus zu dem nahen Bahnhof Röthenbach zu bringen. Dort sei es ihnen 
ermöglicht worden, kostenlos nach Nürnberg zu fahren. Allerdings mit der Konsequenz, sich alleine um eine 
Unterkunft zu kümmern.
Original Gesamtseiten-PDF
Graphic
 
Migranten 2016 in Berlin: Sie warten auf den Einlass zur Jobbörse für Flüchtlinge"
2022-03,Main Corpus,2022-03(50).ZIP,Zweierlei Maß.PDF,C:\PythonProjects\AfD-project\Corpora\Main Corpus\2022-03\raw_unarchive\Zweierlei Maß.PDF,Zweierlei Maß,zweierlei mass,Südwest Presse,südwest presse,Mittwoch 30. März 2022,,POLITIK; S. 2; Band 78; Ausg. 74,459,3097,68e9c5f2565eb280604037d7936d0391e87dd3ec,,unique,keep,,no,,no,,,3832,no,,,,,"Das Entsetzen über Putins brutalen Krieg führte in Deutschland und anderswo dazu, dass Hilfsbereitschaft und 
Menschlichkeit in nie gekanntem Ausmaß die Oberhand über die Alltagsprobleme gewinnen. Das wegen seiner oft 
sehr harten Flüchtlingspolitik immer wieder gescholtene Polen erweist sich im Falle der Menschen aus der Ukraine 
als Willkommens land, das die meisten der fast vier Millionen Flüchtlinge aufnimmt. Hierzulande öffnen nicht nur 
stillgelegte Flüchtlingsunterkünfte neu, sondern es öffnen auch ganz normale Bürger ihre Türen für Frauen, Kinder 
und Alte aus der Ukraine. Die Spendenbereitschaft ist groß und auch der Wille, den Kriegsflüchtlingen ihr Los zu 
erleichtern, den Kindern den Besuch von Schule oder Kita zu ermöglichen und den Erwachsenen Arbeitsplätze zu 
organisieren. Aber so wie der erste Schock des Krieges überwunden scheint, weicht die Menschlichkeit zunehmend 
pragmatischem Verhalten. Und dem Egoismus.
In Europa nimmt der Streit über die Verteilung von Flüchtlingen an Fahrt auf. Hierzulande fühlen sich die ersten 
Kommunen überfordert und rufen nach Hilfe. Und es ist ja auch vernünftig, über Registrierungen, Entlastungen von 
Gemeinden, von privaten Helfern und über die Zukunft zu diskutieren, von der man nicht weiß, wann und wie viele 
Menschen in die Ukraine zurückkehren. Alles in allem hält die Solidarität aber den meisten Schwierigkeiten stand. 
Noch.
Doch eine weitere Frage rückt in den Blick: Was ist mit Flüchtenden aus anderen Kriegsgebieten? Wir wissen, dass 
Putins Krieg auch zu mehr Hunger und Elend in Afrika führt. Sind uns Flüchtlinge von dort ebenso willkommen wie 
die aus der Ukraine? Die Antwort ist ein klares Nein.
Zwar wurde auch den syrischen Kriegs flüchtlingen geholfen, doch schnell stellte sich heraus, dass längst nicht alle 
Syrer waren, obwohl sie es behaupteten. Aber unabhängig davon: Ob Syrer, Afghanen, Tschetschenen, Eritreer – 
und auch egal, was sie an Gräueln erlebt hatten – der entscheidende Punkt war und ist: Sie sind keine Europäer. 
Die dauerhafte Aufnahme von Menschen aus anderen Kulturkreisen fällt uns schwer. Unterscheiden wir also nach 
Herkunft, Religion, Sitten und Gebräuchen? Und wenn ja, ist das rassistisch?
In diesem Fall ist die Antwort ein klares Jein. Wir unterscheiden durchaus nach Aussehen, Religion und Verhalten. 
Das Fremde löst Abwehr aus. Oft unbewusst. Andererseits lernen wir dazu. Vielleicht zu langsam, bestimmt nicht 
alle, aber die meisten können immer besser zwischen den Kulturen unterscheiden, wissen immer mehr über die 
Schwierigkeiten der Integration und erkennen die wenigen religiösen Fanatiker in der Menge der einfachen 
Glaubensanhänger. Auch sind es in diesen Tagen vor allem Frauen und Kinder, die zu uns kommen. Das löst 
andere Instinkte aus als die Einwanderung junger Männer. Die Ukrainer stehen uns näher als Afghanen oder 

Zweierlei Maß
Sudanesen. Das ist so und es wirkt sich aus. Aber dieses Land ringt mit sich beim Thema Migration. Immer wieder. 
Immerzu. Das ist nichts Verachtenswertes.
leitartikel@swp.de
Link zum PDF-Dokument
Link zum PDF-Dokument"
2022-03,Main Corpus,2022-03(50).ZIP,Zwischen Großherzigkeit und Bürokratie Ukraine -Krieg So läuft die Hilfe für Flüchtlinge in Deutschl.PDF,C:\PythonProjects\AfD-project\Corpora\Main Corpus\2022-03\raw_unarchive\Zwischen Großherzigkeit und Bürokratie Ukraine -Krieg So läuft die Hilfe für Flüchtlinge in Deutschl.PDF,Zwischen Großherzigkeit und Bürokratie Ukraine -Krieg So läuft die Hilfe für Flüchtlinge in Deutschland 146,zwischen grossherzigkeit und bürokratie ukraine krieg so läuft die hilfe für flüchtlinge in deutschland 146,Nordwest-Zeitung,nordwestzeitung,15. März 2022,,EZ_POLITIK; S. 24,505,3680,ca400f026512de20134d09a4c63e861cdc78ee83,,unique,keep,,no,,no,,,5044,no,,,,,"Berlin - Volle Züge, erschöpfte Flüchtlinge. Manche Szenen, die sich in diesen Tagen in deutschen Bahnhöfen 
abspielen, mögen an die Flüchtlingskrise von 2015 erinnern. Doch auch wenn wieder kurzfristig Schlafplätze und 
warmes Essen zu organisieren sind: Der Vergleich hinkt. Die Flüchtenden haben diesmal fast alle Ausweise bei 
sich. Sie reisen visumsfrei ein und haben alle den gleichen Fluchtgrund. Sie sind mehrheitlich Frauen, kommen mit 
Kindern, haben oftmals Haustiere dabei.
Überforderte Helfer
Der von Russlands Präsident Wladimir Putin begonnene menschenverachtende Angriffskrieg gegen die Ukraine ist 
eine furchtbare humanitäre Katastrophe , sagt Bundesinnenministerin Nancy Faeser (SPD). Er habe binnen 
weniger Tage entsetzliches Leid in der Zivilbevölkerung angerichtet und das ganz in unserer Nähe, von Berlin aus 
an einem Tag mit dem Auto zu erreichen .
Der russische Angriffskrieg auf die Ukraine geht nicht nur ihr, sondern vielen Menschen in Deutschland und 
anderen EU-Staaten sehr nahe. Die Bereitschaft von Privatleuten und Ehrenamtlichen, für die Kriegsflüchtlinge 
Suppe zu kochen, Transporte zu organisieren oder Ukrainern für ein paar Tage ein Bett anzubieten, ist groß. Die 
Bundespolizei hat bis Freitagmittag in Deutschland 146 998 Kriegsflüchtlinge offiziell registriert. Vermutlich sind es 
aber viel mehr.

Zwischen Großherzigkeit und Bürokratie Ukraine -Krieg So läuft die Hilfe für Flüchtlinge in Deutschland 146 
998 Ukrainer hierzulande registriert
In der dritten Kriegswoche sind viele Helfer überfordert. Es mehren sich die Klagen über bürokratische Hürden 
sowie über einen Mangel an Weitblick und Koordinierung durch den Bund.
Im Fokus der Kritik steht dabei vor allem die Bundesinnenministerin, die anfangs noch glaubte, eine staatlich 
organisierte Verteilung der nicht bei Verwandten untergebrachten Ukraine-Flüchtlinge sei nicht notwendig. 
Inzwischen ist sie umgeschwenkt.
Die Kriegsflüchtlinge sollen jetzt nach dem gleichen Schlüssel auf die Bundesländer verteilt werden, der auch für 
Asylbewerber gilt. Der Bund stellt Zehntausende Aufnahmeplätze zur Verfügung und entlastet so die Länder und 
Kommunen , sagt Faeser. Die bestmögliche Versorgung, vor allem der vielen Frauen und Kinder, sei ein sehr 
großer Kraftakt, den Bund, Länder und Kommunen gemeinsam stemmen .
Überlastete Großstädte
Von den Grünen kommt jetzt der Vorschlag eines Flüchtlingsgipfels im Kanzleramt. Marcel Emmerich, Obmann der 
Grünen im Innenausschuss, sagt: Momentan konzentriert sich die Aufnahme der Geflüchteten sehr auf die 
Großstädte, die dadurch großer Belastung ausgesetzt sind. Es sei nötig, die Verteilung verstärkt zu koordinieren .
 So gut und richtig eine unbürokratische Aufnahme der Menschen aus der Ukraine ist, so sehr muss man sich nun 
um eine zügige Registrierung der Vertriebenen kümmern , sagt der stellvertretende FDP-Fraktionsvorsitzende 
Konstantin Kuhle. Ein schneller Zugang zum Arbeitsmarkt oder ein zügiger Schulbesuch seien sonst nicht möglich. 
Eine rasche Registrierung stelle zudem sicher, dass die Behörden den Überblick über die Fluchtbewegung nach 
Deutschland behalten .
Einfach ist die Aufgabe, alle Kriegsflüchtlinge in Deutschland zu registrieren, nicht. Denn Ukrainer dürfen sich 
zunächst ohne Visum für 90 Tage in Deutschland aufhalten. Diese Frist wurde, womöglich auch um Engpässen in 
der Verwaltung vorzubeugen, auf 180 Tage verlängert. Das heißt: Wer keine staatliche Hilfe in Anspruch nimmt, 
bleibt erst einmal unter dem Radar.
PDF-Datei dieses Dokuments

Zwischen Großherzigkeit und Bürokratie Ukraine -Krieg So läuft die Hilfe für Flüchtlinge in Deutschland 146 
998 Ukrainer hierzulande registriert"
2022-03,Main Corpus,2022-03(50).ZIP,Überwältigt von der Hilfsbereitschaft Oberbürgermeister im Interview Bisher bereits mehr als 700 Flü.PDF,C:\PythonProjects\AfD-project\Corpora\Main Corpus\2022-03\raw_unarchive\Überwältigt von der Hilfsbereitschaft Oberbürgermeister im Interview Bisher bereits mehr als 700 Flü.PDF,Überwältigt von der Hilfsbereitschaft Oberbürgermeister im Interview Bisher bereits mehr als 700 Flüchtlinge,überwältigt von der hilfsbereitschaft oberbürgermeister im interview bisher bereits mehr als 700 flüchtlinge,Nordwest-Zeitung,nordwestzeitung,25. März 2022,,OLDENBURG; S. 9,721,5166,1c4e89e8c0cd5cf3ab4ef54282a9b3261e0945ba,,unique,keep,,no,,no,,,6181,no,,,,,"Auf die aktuelle Situation ist die Stadt besser vorbereitet, als noch 2015/2016. Die Aufnahme von 
Flüchtlingen kann jedoch nur gut organisiert funktionieren, sagt Oberbürgermeister Jürgen Krogmann.
FrageWie erleben Sie die aktuelle Flüchtlingssituation in Oldenburg?
Jürgen Krogmann Oldenburg zeigt sich wieder einmal als Willkommensstadt. Wir sind überwältigt von der 
Hilfsbereitschaft, die den Menschen aus der Ukraine entgegengebracht wird sei es mit Sach- oder Geldspenden, 
Unterkünften oder Konzerten. Der überwiegende Teil der Flüchtlinge wird derzeit privat untergebracht. Diejenigen, 
die das ermöglichen, möchte ich darum bitten, noch eine Weile durchzuhalten. Denn jeder zusätzliche Tag hilft uns 
dabei, eine längerfristige Unterbringung vorzubereiten. In Oldenburg haben sich bis Donnerstagmorgen 708 
Menschen aus der Ukraine registriert, darunter über 280 Kinder und Jugendliche, und es werden vermutlich noch 
mehr. Eine Registrierung bei der Stadt ist enorm wichtig, um Hilfen in Anspruch nehmen zu können. Wir haben ein 
schlankes Verfahren zur Anmeldung über unsere Homepage etabliert. Auch über unsere Hotline mit der Nummer 
235-4564 wird Ratsuchenden qualifiziert geholfen.
FrageHatten Sie schon Gelegenheit, sich mit Geflüchteten aus der Ukraine auszutauschen?
Krogmann Ja, in der Gemeinschaftsunterkunft an der Gaußtraße konnte ich mir ein Bild machen und die 
Menschen willkommen heißen. Dabei habe ich ihnen versichert, dass wir uns kümmern. Die Menschen sind 
erschöpft. Sie sind heimatlos geworden und teilweise schwer traumatisiert. Sie sind jedoch auch dankbar. Es wird 

Überwältigt von der Hilfsbereitschaft Oberbürgermeister im Interview Bisher bereits mehr als 700 Flüchtlinge 
aus Ukraine registriert
sicherlich einige Zeit dauern, bis sich die Menschen bei uns sicher und aufgehoben fühlen dafür tun wir im 
Moment alles.
FrageWie unterscheidet sich die Situation zu den Flüchtlingsströmen der letzten Jahre?
Krogmann Wir sind dieses Mal besser vorbereitet. 2016 haben wir das Amt für Zuwanderung und Integration 
gegründet. Das war die richtige Entscheidung, denn jetzt haben wir professionelle Strukturen mit Mitarbeiterinnen 
und Mitarbeitern, die sich auskennen und sich sofort an die Arbeit gemacht haben. Momentan prüfen wir weitere 
Unterkünfte und schließen Verträge ab. Trotzdem dürfen wir nicht vergessen, dass wir nicht nur Geflüchtete aus 
der Ukraine, sondern auch aus Afghanistan und anderen Ländern haben, um die wir uns kümmern. Uns werden 
immer wieder private Wohnungsangebote gemacht. Dabei möchte ich betonen, dass es sehr wichtig ist, dass uns 
diese Wohnungen für mindestens sechs Monate zur Verfügung stehen.
FrageKönnen ukrainische Kinder in Oldenburg zur Schule gehen?
Krogmann Derzeit haben wir knapp 220 Kinder im schulpflichtigen Alter registriert. Die Schulen haben signalisiert, 
dass es Kapazitäten gibt und sie die Situation bewältigen können. Online gibt es ein Kontaktformular, über das wir 
die Verteilung der Kinder organisieren. Es hat jedoch schon Fälle gegeben, wo Kinder einfach an die Schule 
gekommen sind. Ich finde es wichtig, pragmatische Lösungen zu finden. Glücklicherweise haben wir nicht nur die 
Flüchtlingssozialarbeit, sondern auch viel ehrenamtliches Engagement, das wir gerade versuchen, aufeinander 
abzustimmen.
FrageIn den vergangenen Wochen gab es diesbezüglich Kritik sowohl gegenüber der Stadt als auch 
ehrenamtlichen Initiativen. Reagieren die Behörden zu langsam oder agieren Ehrenamtliche zu impulsiv?
Krogmann Wir sind dankbar über jede ehrenamtliche Initiative. Viele Helferinnen und Helfer leisten herausragende 
Arbeit und sind hochengagiert. Aber die Aufnahme von Flüchtlingen in der Stadt kann nur funktionieren, wenn sie 
gut organisiert ist. Was nützt ein Bus voller Flüchtlinge, wenn die Unterbringung der Menschen nicht geklärt ist? Wir 
wollen vermeiden, unverhofft ankommende Flüchtlinge in Turnhallen unterzubringen oder sie an die 
Landesaufnahmebehörde verweisen zu müssen. Bund und Land haben es übernommen, für eine koordinierte und 
gleichmäßige Verteilung der Geflüchteten zu sorgen. Das ist auch im Interesse der vertriebenen Menschen der 
richtige Weg. Es ist sehr schön zu erleben, dass es in dieser Stadt eine so ausgeprägte Hilfsbereitschaft gibt. Das 
macht mich als Oberbürgermeister stolz. Allerdings müssen wir leider auch feststellen, dass es vereinzelt 
Menschen gibt, die nicht nur ehrenwerte und uneigennützige Motive verfolgen, sondern aus der Situation offenbar 
Kapital schlagen wollen. Hier müssen wir aufpassen.
FrageGlauben Sie, dass die Geflüchteten in Oldenburg bleiben, um hier Wurzeln zu schlagen?
Krogmann Wie es am Ende weitergeht, kann keiner sagen. In erster Linie hoffen wir, dass dieser Krieg bald ein 
Ende hat. Auch sollte es uns im ersten Moment nicht um die potenzielle Arbeitskraft gehen. Unter ihnen sind mit 
Sicherheit einige, die gerne bleiben möchten. Auf der anderen Seite denke ich, dass viele den Wunsch haben, in 
ihre Heimat zurückzukehren.
PDF-Datei dieses Dokuments
Überwältigt von der Hilfsbereitschaft Oberbürgermeister im Interview Bisher bereits mehr als 700 Flüchtlinge 
aus Ukraine registriert"
