batch_id,corpus_name,source_archive,file_name,file_path,title_original,title_normalized,publication,publication_normalized,date,byline,section,word_count,body_char_count,body_hash_exact,duplicate_group_id,duplicate_category,keep_drop_review,drop_reason,kept_representative_of_group,representative_selection_reason,malformed_flag,malformed_reason,notes,raw_text_chars,low_value_flag,low_value_reason,exact_duplicate_group,near_duplicate_group,repeated_variant_group,body_text
2021-03,Main Corpus,2021-03(50).ZIP,1000 Flüchtlinge reisen monatlich aus Griechenland ein In großem Umfang kommen anerkannte Schutzbere.PDF,C:\PythonProjects\AfD-project\Corpora\Main Corpus\2021-03\raw_unarchive\1000 Flüchtlinge reisen monatlich aus Griechenland ein In großem Umfang kommen anerkannte Schutzbere.PDF,1000 Flüchtlinge reisen monatlich aus Griechenland ein In großem Umfang kommen anerkannte,1000 flüchtlinge reisen monatlich aus griechenland ein in grossem umfang kommen anerkannte,Welt am Sonntag,welt am sonntag,7. März 2021,Marcel Leubecher,Titel; S. 1; Ausg. 10,617,4871,3fc66fb999c50c091b5e121820a27590f5765f30,,unique,keep,,no,,no,,,6151,no,,,,,"Jeden Monat lassen sich aktuell rund 1000 Menschen in der Bundesrepublik nieder, die in Griechenland bereits als 
Flüchtlinge anerkannt worden sind, ohne dass Deutschland etwas Wirksames dagegen unternimmt.
Im Januar und Februar dieses Jahres stellten circa 2100 Personen Asylanträge beim Bundesamt für Migration und 
Flüchtlinge (BAMF), obwohl sie schon in Griechenland den Status der Schutzberechtigung erhalten hatten, teilt das 
Amt dieser Zeitung auf Nachfrage mit.
Schon seit Jahren findet eine unerlaubte Weiterwanderung von Asylbewerbern aus Griechenland statt, die in 
Deutschland weitere Anträge stellen und überwiegend im Land bleiben, unabhängig vom Ausgang ihres 
Verfahrens. Von diesen illegalen Grenzübertritten abgesehen, nimmt seit dem vergangenen Sommer die Einreise 
von bereits in Griechenland anerkannten Flüchtlingen erheblich zu. Das ist grundsätzlich legal, steht jedoch im 
Widerspruch zum EU-Asylsystem, das darauf basiert, dass Flüchtlinge in dem Staat bleiben, in dem sie zuerst 
anerkannt werden. Nach der aktuellen europäischen Rechtslage dürfen in einem EU-Staat anerkannte Flüchtlinge 
in der Regel in andere Mitgliedstaaten reisen - falls sie sich nicht länger als 90 Tage pro Halbjahr dort aufhalten 
wollen. Bleiben sie dennoch länger in Deutschland, müssten sie eigentlich nach Griechenland zurückgebracht 
werden.
Folgt man den Angaben des BAMF, wurde 2020 bei 7100 Asylbewerbern festgestellt, dass die Griechen sie schon 
als schutzberechtigt anerkannt hatten. Ihre Anträge werden zunächst gar nicht bearbeitet, sondern zurückgestellt. 
Dazu teilt das Amt mit: ""Das BAMF hat die Entscheidung von Asylanträgen von Personen, denen bereits in 
Griechenland Schutz zuerkannt wurde, ab dem 23. Dezember 2019 rückpriorisiert, weil die Antragssteller bereits 
über europäische Aufenthaltstitel und Schutzstatus verfügten und aus aufenthaltsrechtlicher Sicht dadurch 
privilegiert sind."" Dieser ""Entscheidungsstopp"" betreffe alle aus Griechenland kommenden Schutzberechtigten.
Der Hintergrund ist: Deutschland ist kaum in der Lage, nach Griechenland abzuschieben. 2020 wurden nur vier 
Asylbewerber zurückgebracht, die dort bereits einen Antrag gestellt hatten (2019: 20; 2018: sechs). Jüngst wurde 

1000 Flüchtlinge reisen monatlich aus Griechenland ein In großem Umfang kommen anerkannte 
Schutzberechtigte nach Deutschland und beantragen erneut Asyl. CDU und....
die Abschiebung sogar noch weiter erschwert: Das nordrhein-westfälische Oberverwaltungsgericht urteilte Ende 
Januar, dass bereits anerkannte Flüchtlinge derzeit in Deutschland bleiben müssten, weil ihnen in Griechenland 
""die ernsthafte Gefahr einer unmenschlichen und erniedrigenden Behandlung"" drohe. Eine ""beträchtliche Zahl"" 
Schutzberechtigter sei dort obdachlos.
Die Bundespolizei teilte WELT AM SONNTAG mit: ""Durch diese Gerichtsentscheidung ist ein erheblicher neuer 
Pull-Faktor entstanden."" Die Information ""dürfte sich auch bei weiteren Flüchtlingen und Migranten in Griechenland 
in naher Zukunft verbreiten"". Schon wegen der ""in Griechenland für Schutzberechtigte bestehenden 
Lebensbedingungen"" sei die ""Sekundärmigration"" nach Deutschland ""in der Tendenz zunehmend"". Nach Angaben 
der Bundespolizei fliegen die Flüchtlinge häufig direkt nach Deutschland. Außerdem habe man festgestellt, dass 
jeweils an Samstagen größere Gruppen aus Athen nach Warschau geflogen seien und von dort legal die deutsch-
polnische Grenze überquerten.
Obwohl die geltende Rechtslage häufig missbraucht wird, um erneut Asyl in Deutschland zu beantragen, hat die 
deutsche Seite bisher nichts unternommen, dieses Schlupfloch zu schließen.
Alexander Throm (CDU), der Obmann der Unionsfraktion im Innenausschuss, fordert genau das: ""Ich befürchte, 
dass im Verhalten der Griechen eine neue Strategie steckt: Flüchtlinge anerkennen, Mindestversorgung nicht 
gewährleisten und schnell weiterreisen lassen. Das muss unterbunden werden."" Die Bundesregierung müsse 
""darauf bestehen, dass Griechenland angemessen für Flüchtlinge sorgt. Bis das erreicht ist, brauchen wir eine 
Aussetzung der visumsfreien Weiterreise von in Griechenland anerkannten Flüchtlingen innerhalb der EU.""
Linda Teuteberg, die migrationspolitische Sprecherin der FDP, sieht in der ""Sekundärmigration die Achillesferse 
des gemeinsamen europäischen Asylsystems"". Die Bundesregierung habe diesbezüglich während der deutschen 
Ratspräsidentschaft keine Fortschritte erzielt. ""Der unhaltbare Zustand, dass die Rücküberstellungen vor deutschen 
Gerichten an den als unzumutbar beurteilten Bedingungen im eigentlich zuständigen Staat scheitern, muss 
abgestellt werden. Bundesregierung und EU-Kommission müssen von Griechenland eine angemessene 
Unterbringung der Flüchtlinge einfordern"", sagte Teuteberg. Laut Bundesinnenministerium ist dies bereits mehrfach 
geschehen. Offenbar ohne Erfolg.
Original Gesamtseiten-PDF"
2021-03,Main Corpus,2021-03(50).ZIP,27 Kilometer Mauer gegen Flüchtlinge.PDF,C:\PythonProjects\AfD-project\Corpora\Main Corpus\2021-03\raw_unarchive\27 Kilometer Mauer gegen Flüchtlinge.PDF,27 Kilometer Mauer gegen Flüchtlinge,27 kilometer mauer gegen flüchtlinge,Frankfurter Rundschau,frankfurter rundschau,Dienstag 9. März 2021,,POLITIK; S. 6,922,6368,ed4a9bd83055823774a26e8d8bfd08c4f40b5b84,,unique,keep,,no,,no,,,7386,no,,,,,"VON FERRY BATZOGLOU
Um das „Kastro“ zu erreichen, muss man die letzten Bauernhöfe am östlichen Rand der kleinen Ortschaft Feres 
hinter sich lassen. Das eigentümliche Café, von weiten, fruchtbaren Feldern umgeben, macht seinem Namen, „die 
Burg“, alle Ehre. Das Gebäude ist ein nachgeahmter Wehrbau im Kleinformat, ein Teich ist angelegt, Enten 
watscheln bis auf die Sonnenterrasse, in der Hoffnung, sich etwas Essbares zu schnappen, auch wenn die Gäste 
hier bloß einen griechischen Mokka genießen. 
Ein paar Meter weiter auf der Sandstraße endet die Idylle. Nur Polizei, Grenzschutz und Armeeangehörige dürfen 
hier durch. Und Bauarbeiter. 
Feres liegt am Grenzfluss Evros im Nordosten Griechenlands. Der Evros, der im Rila-Gebirge in Bulgarien 
entspringt, dann zunächst in östlicher Richtung durch die Oberthrakische Tiefebene verläuft und im letzten Drittel in 
Nord-Süd-Richtung fließt, bildet die gut 200 Kilometer lange griechisch-türkische Festlandsgrenze.
An dieser Stelle, in Feres, direkt hinter dem Café „Kastro“, kurz bevor der Evros (türkisch: Meric Nehri) in die Nord-
Ägäis mündet, ist die Festung Griechenland löchrig. Noch.
Seichte, sumpfige Stellen im Fluss locken Schlepper mit Flüchtlingen. Sie wollen von der Türkei nach 
Griechenland, in die EU. Deutschland ist für viele das Zielland. Das ist kein leichtes Unterfangen. Aber hier in Feres 
ist der Zutritt in die EU leichter als anderswo am Evros. Und ohnehin leichter als in der Ost-Ägäis. Hier baut 
Griechenland einen neuen Grenzzaun. Sein Zweck: Flüchtende und Migrierende abhalten.
Die neue Mauer wird 27 Kilometer lang sein, fünf Meter hoch, aus Stahlelementen bestehen, an drei Abschnitten 
verlaufen. Kosten: 63 Millionen Euro. Um die Grenze vor Ort aus der Luft im Auge zu behalten, werden acht 
Wachtürme errichtet.
Der Bau läuft nach Plan

27 Kilometer Mauer gegen Flüchtlinge
Ein erster, bereits Ende 2012 fertiggestellter zwölf Kilometer langer Grenzzaun bei der Ortschaft Kastanies, 104 
Kilometer nördlich von Feres, wird verstärkt und von heute 3,50 auf 4,30 Meter erhöht. Der Evros verläuft dort 
ausschließlich in der Türkei und markiert nicht die Grenze.
Die gesamte neue Mauer soll bis April fertig sein. Und die Griechen sind im Zeitplan. Premierminister Kyriakos 
Mitsotakis von der konservativen Nea Dimokratia (ND) ist fest dazu entschlossen, das Projekt zu verwirklichen. 
Seine Regierung unterschrieb am 31. August einen entsprechenden Vertrag mit vier großen griechischen 
Baufirmen. „Das ist das Mindeste, was wir tun können, damit sich die Bürger sicher fühlen können“, sagt Premier 
Mitsotakis.
Der Grenzzaun in Feres soll auch vor Überschwemmungen schützen, ein Schutzwall gegen Hochwasser. Davon 
sind die angrenzenden Agrarflächen häufig betroffen. Obendrein werden Straßen für die griechischen Streitkräfte 
und die Polizei angelegt. Die ortsansässigen Landwirte sollen die auch befahren dürfen.
Würde ein Meinungsforschungsinstitut die Menschen in Feres befragen, wie sie zu dem neuen Grenzzaun stünden, 
würden fast alle Befragten antworten: „Der Grenzzaun hätte schon früher errichtet werden müssen.“
Wie sehr sich die Stimmung in der lokalen griechischen Bevölkerung nach der anfänglichen Sympathie für die 
Flüchtlinge gegen sie gedreht hat, offenbarte sich vor genau einem Jahr. Am Evros entzündete sich eine schwere 
Krise zwischen der EU und der Türkei.
Erdogan als Gegner
Nachdem der türkische Präsident Recep Tayyip Erdogan verkündet hatte, die Grenze nach Griechenland werde 
geöffnet, strömten Tausende Menschen ab Ende Februar 2020 an den Grenzübergang Kastanies. Erdogan drohte 
damit, „Millionen“ Migranten nach Europa zu schicken. 
Die Griechen riegelten ihre Grenze ab – mit Wasserwerfern, Tränengas, Blendgranaten, Gummigeschossen. Die 
Bewohner von Kastanies, Feres und anderen Grenzorten unterstützten die griechischen Einsatzkräfte. Nachts 
patrouillierten Landwirte mit ihren Traktoren gemeinsam mit Uniformierten am Fluss. Die Frauen stellten Esspakete 
zusammen und verteilten sie an die Soldaten, Grenzwächter und Polizisten. 
Das Gros der Griechen stellt sich gegen die Menschen, die als Flüchtling oder Migrant die Grenze illegal 
überqueren. Das sagen sie ohne Umschweife, wenn man sie danach fragt. Sie sehen sich überfordert, von der EU 
im Stich gelassen.
Von 2015 bis 2020 kamen nach offiziellen Angaben zusammengerechnet 1,2 Millionen Flüchtlinge und 
Migrant:innen von der Türkei über die Festlands- und Seegrenze nach Griechenland. Hellas hat elf Millionen 
Bürgerinnen und Bürger.
Das Narrativ lautet: Erdogan benutze die in der Türkei lebenden Flüchtlinge und Migranten als Instrument, um 
Druck auf Griechenland auszuüben. Die von Erdogan in Richtung Griechenland gelenkten Menschengruppen seien 
Mittel eines „Hybridkrieges“ gegen Hellas, etwas zwischen Krieg und Frieden, in Verbindung mit gezielten 
Desinformations- und Propaganda-Kampagnen sowie Cyberattacken. Die Türkei sei ein gefährlicher Nachbar. 
Skrupellos, heimtückisch.
Ende März 2020 gab Erdogan auf, zumindest am Evros. Türkische Behörden brachten die an der Grenze 
Gestrandeten vom Evros wieder ins Landesinnere. Auch deswegen erinnern sich viele an „das Epos von Evros“ als 
einen Sieg gegen Erdogan.
FLUCHT UND ASYL
Rund 25 Prozent weniger Menschen haben im Jahr 2020 in der EU einen Asylantrag gestellt als im Jahr zuvor. 
Das geht aus den vorläufigen Daten der Statistikbehörde Eurostat hervor. Im vergangenen Jahr suchten demnach 
27 Kilometer Mauer gegen Flüchtlinge
459 405 Menschen Schutz in der EU, 2019 waren es 612 700. Geflüchtete aus Syrien und Afghanistan stellen die 
größten Gruppen der Schutzsuchenden dar, zunehmend mehr Menschen kommen aus Venezuela und Kolumbien.
Knapp 110 Menschen in Booten waren am Wochenende in Richtung Teneriffa und Gran Canaria unterwegs, als 
die spanische Küstenwache sie aufgriff. Sie stammen alle aus afrikanischen Ländern südlich der Sahara.
Das UN-Hilfswerk Unicef kritisierte am Montag die Zustände im vor sechs Monaten errichteten Lager Kara Tepe 
auf Lesbos. Dort leben etwa 7 000 Menschen, darunter 2 200 Kinder. Auch auf Samos, Chios und auf dem 
griechischen Festland lebten mitten in Europa Tausende Mädchen und Jungen „unter Umständen, die wir keinem 
Kind auch nur einen Tag zumuten sollten“, sagte Christian Schneider, Geschäftsführer von Unicef Deutschland. 
vf/afp/epd
Link zum PDF-Dokument"
2021-03,Main Corpus,2021-03(50).ZIP,_Deutschland darf sich die Finger nicht blutig machen_ Die Kurdische Gemeinde in der Bundesrepublik.PDF,C:\PythonProjects\AfD-project\Corpora\Main Corpus\2021-03\raw_unarchive\_Deutschland darf sich die Finger nicht blutig machen_ Die Kurdische Gemeinde in der Bundesrepublik.PDF,"""Deutschland darf sich die Finger nicht blutig machen""; Die Kurdische Gemeinde in der Bundesrepublik",deutschland darf sich die finger nicht blutig machen die kurdische gemeinde in der bundesrepublik,Die Welt,die welt,Mittwoch 17. März 2021,Frederik Schindler,Politik; S. 8; Ausg. 64,1234,9026,74a4e796ef77f256ac8289191de2e30333f6d9db,,unique,keep,,no,,no,,,10471,no,,,,,"Es sind harte Vorwürfe, die die Kurdische Gemeinde Deutschland erhebt: ""Die Abschiebung von Kurden in den Iran 
gleicht einem Todesurteil. Deutschland macht sich moralisch schuldig"", sagt der Bundesvorsitzende Ali Ertan 
Toprak (CDU). Der Dachverband deutsch-kurdischer Vereine beobachtet eine signifikante Zunahme von 
Abschiebebescheiden, die politisch aktiven kurdischen Asylsuchenden aus dem Iran zugestellt wurden.
WELT liegen 14 aktuelle Fälle vor und hat mit mehreren Ausreisepflichtigen gesprochen. Es handelt sich um aktive 
Mitglieder der im Iran verbotenen sozialistischen Parteien Demokratische Partei Kurdistan-Iran (DPK-I) und 
Komala-Partei des Iranischen Kurdistan.
Darunter ist auch Azad Morad Waisi, der aktuell vor dem Oberverwaltungsgericht Nordrhein-Westfalen wegen der 
Ablehnung eines Asylfolgeantrags gegen das Bundesamt für Migration und Flüchtlinge (BAMF) klagt. Ein erster 
Antrag war bereits im November 2016 durch das BAMF abgelehnt worden. Waisi berichtet WELT, dass in Iranisch-
Kurdistan im Jahr 2014 einer seiner Freunde inhaftiert und ein anderer hingerichtet worden sei. Diese hatten 
Demonstrationen zum Weltfrauentag und zum Tag der Arbeit geplant. Kurz zuvor habe er sich mit diesen Freunden 
darüber ausgetauscht, dass das islamische Regime abzulehnen sei. Nach den Festnahmen sei er mit seiner Frau 
nach Irakisch-Kurdistan geflohen und habe sich dort der Komala-Partei angeschlossen. Dort habe er als 
Kameramann beim kurdischen Sender ASOsat TV gearbeitet. 2015 kamen sie nach Deutschland, als Grund gibt er 
die Aktivitäten des iranischen Regimes in Irakisch-Kurdistan an. Waisi schreibt für die Komala-Parteizeitung 
""Zagros Post"" etwa über Arbeitslosigkeit und Menschenrechte im Iran. Die Artikel liegen WELT vor. Zudem 
organisiert er im Vorstand des deutschen Komala-Ablegers Demonstrationen am Kölner Dom gegen Hinrichtungen 
im Iran. ""Ich habe große Angst, im Iran hingerichtet zu werden, weil mein politisches Engagement dort bekannt ist"", 
sagt er.
Das Kölner Verwaltungsgericht begründet die Ablehnung seiner ersten Klage gegen das BAMF damit, dass Waisi 
""nicht nachvollziehbar dargelegt"" habe, auf welche Weise die geltend gemachten politischen Aktivitäten den 

""Deutschland darf sich die Finger nicht blutig machen""; Die Kurdische Gemeinde in der Bundesrepublik 
beobachtet eine deutliche Zunahme von Abschiebebescheiden g....
iranischen Sicherheitsbehörden bekannt geworden sein sollen. Auch exilpolitisch sei der Kläger nicht in einer Weise 
in Erscheinung getreten, ""die ihn als ernsthaften und gefährlichen Regimegegner erscheinen ließe"".
Auch Alan F., ihr Mann Hivad M. sowie ihre minderjährigen Kinder sind ausreisepflichtig. Im Oktober 2020 lehnte 
das Oberverwaltungsgericht NRW einen Antrag auf Berufung ab. Zuvor hatte das Verwaltungsgericht Düsseldorf 
zwar festgestellt, dass Aktivisten der Komala im Iran ""unnachgiebiger staatlicher Verfolgung ausgesetzt"" seien, 
soweit Aktivitäten bekannt werden. ""Die Verfolgung kurdischer Oppositioneller beschränkt sich nicht ausschließlich 
auf Parteimitglieder in hohen Positionen"", heißt es mit Bezug auf Erkenntnisse der Schweizerischen 
Flüchtlingshilfe. Die Rechtsprechung komme zum Ergebnis, ""dass auch nicht radikale Mitglieder kurdischer 
Oppositionsparteien im Iran flüchtlingsrelevant verfolgt werden können"". Das Gericht bezieht sich zudem auf einen 
Bericht des Auswärtigen Amts von 2016, in dem es heißt, dass DPK-I und Komala vom iranischen Regime als 
""terroristische Gruppen"" betrachtet würden und es zu hohen Strafen einschließlich der Todesstrafe gegen 
mutmaßliche radikale Mitglieder komme. Zudem sei davon auszugehen, dass iranische Stellen die im Ausland 
tätigen Gruppen genau beobachteten. Gleichwohl sei auf eine Einzelfallbeurteilung abzustellen. In diesem Fall von 
Alan F. und Hivad M. stehe nicht fest, dass aufgrund von Aktivitäten für die Komala ""eine beachtliche 
Verfolgungswahrscheinlichkeit bei einer Rückkehr in den Iran besteht"". Die Schilderungen seien unglaubhaft. Das 
Paar gab im Asylverfahren an, im Iran bei der Komala aktiv gewesen und daraufhin nach Irakisch-Kurdistan 
geflohen zu sein. Dort seien sie als Peschmerga ausgebildet sowie vom iranischen Geheimdienst telefonisch 
bedroht worden.
Auch der 35-Jährige Dawoud Haidari wurde als Asylbewerber abgelehnt. Er gibt an, seit seinem 18. Lebensjahr 
Mitglied der Demokratischen Partei Kurdistan-Iran zu sein. WELT liegt eine Bestätigung der Partei vor, dass Haidari 
bereits im Iran aktives Mitglied war. Haidari wird auf ""Bultan News"", einer Propaganda-Website der iranischen 
Revolutionsgarden, als ""Terrorist"" bezeichnet und mit Fotos gezeigt. Er erzählt WELT, dass er im Iran nach 
Hinrichtungen Wände beschriftet und Broschüren verteilt sowie in einem von der iranischen Polizei überwachten 
Internetcafé für die Partei gearbeitet habe. Aufgrund von andauernden Inhaftierungen in Iranisch-Kurdistan habe er 
sich dann der DPK-I in Irakisch-Kurdistan angeschlossen. Dort lebte er seit 2006 in einem Lager der Partei und 
arbeitete als Pfleger in einem von der Partei betriebenen Krankenhaus. Zudem habe er im Sommer 2014 eine 
Woche lang mit den Peschmerga gegen den sogenannten Islamischen Staat (IS) um die Vorherrschaft über die 
Stadt Machmur in den umstrittenen Gebieten des Nordirak gekämpft. 2015 kam Haidari nach Deutschland.
Als Grund gibt er an, dass iranische Soldaten in Irakisch-Kurdistan im vermeintlichen Kampf gegen den IS politisch 
aktive Kurden in den Iran verschleppen und hinrichten wollten. Seit seiner Ankunft in Deutschland sei der iranische 
Geheimdienst dreimal zu seiner Familie gekommen und habe diese aufgefordert, ihn zurückzubringen, damit er 
nach islamischen Gesetzen verurteilt werden könne. In Deutschland arbeitet er seit der Corona-Krise ehrenamtlich 
für die Arbeiterwohlfahrt als Einkaufshilfe sowie als Übersetzer für das kurdische Nachrichtenportal ""Roji Kurd"", 
eine Bestätigung liegt WELT vor. Zudem nahm er hierzulande an mehreren Demonstrationen seiner Partei teil. Die 
Ausländerbehörde Düsseldorf forderte Haidari im Februar dieses Jahres auf, dass er einen Pass vorlegen müsse, 
da seine Frist zur freiwilligen Ausreise abgelaufen ist. Zuvor war seine Klage gegen den negativen Asylbescheid 
vom Verwaltungsgericht Düsseldorf abgelehnt worden. Die Angaben zu den Aktivitäten im Internetcafé sind nach 
Überzeugung der Richterin konstruiert worden, um den ""Anschein"" einer Verfolgung im Iran zu erwecken. Die 
Mitgliedschaft in der DPK-I und die erledigten Aufgaben im Irak seien für den Iran noch kein Grund, ihn als 
ernsthaften Regierungsgegner wahrzunehmen.
Menschenrechtsorganisationen berichteten Anfang Februar dieses Jahres von einer Welle willkürlicher 
Verhaftungen von knapp 100 Kurden im Iran seit Jahresbeginn. Ali Ertan Toprak von der Kurdischen Gemeinde 
Deutschland befürchtet, dass den Betroffenen im Iran die sichere Verhaftung, Folter und im schlimmsten Fall die 
Hinrichtung droht. ""Es geht um ein mörderisches Regime, das Oppositionelle brutal unterdrückt und auch im 
Ausland verfolgt und ermordet"", sagt er.
In Wien und Berlin waren 1989 und 1992 hochrangige Vertreter der DPK-I vom iranischen Geheimdienst ermordet 
worden. Nach Angaben der Partei wurden seit 1980 372 Mitglieder vom iranischen Regime getötet. ""Das Regime 
macht keinen Unterschied, ob jemand nur Flyer verteilt oder sogar an einer bewaffneten Auseinandersetzung 
""Deutschland darf sich die Finger nicht blutig machen""; Die Kurdische Gemeinde in der Bundesrepublik 
beobachtet eine deutliche Zunahme von Abschiebebescheiden g....
teilgenommen hat"", sagt der Leiter der DPK-I-Auslandsabteilung, Hiwa Bahrami. All diese Menschen würden als 
Feinde des politischen Systems gelten, die zur Strecke gebracht werden müssten. ""Der iranische Geheimdienst 
kennt unsere Mitglieder. Sobald sie im Iran eintreffen würden, würden sie ohne ordentliches Verfahren verhaftet 
werden.""
Die Internationale Gesellschaft für Menschenrechte beobachtet die Lage im Iran seit Langem. ""Kurde im Iran zu 
sein, bedeutet immer, mit einem Bein im Gefängnis zu stehen oder Opfer anderer schwerer Repressionen zu 
werden"", sagt der Vorsitzende Martin Lessenthin. Die Abschiebungen politisch Schutzbedürftiger müssten gestoppt 
werden. ""Deutschland darf sich die Finger nicht blutig machen und die Folterknechte im Iran unterstützen, indem 
sie Oppositionelle langen Gefängnisstrafen und Hinrichtungen aussetzen.""
Das BAMF teilte mit, dass es davon ausgehe, ""dass im Iran grundsätzlich keine Volksgruppe allein wegen ihrer 
Volkszugehörigkeit einer Verfolgung unterliegt"". Bestrebungen nach größerer kultureller Autonomie könnten aber 
starke Repressionen aufgrund ethnischer Zugehörigkeit nach sich ziehen. Maßgeblich seien der Einzelfall und ein 
glaubhafter Vortrag. Lag die Gesamtschutzquote für iranische Staatsangehörige kurdischer Volkszugehörigkeit im 
Jahr 2014 noch bei 48 Prozent, betrug diese im Jahr 2019 nur noch 18,3 Prozent.
Original Gesamtseiten-PDF
Graphic
 
Azad Morad Waisi
Dawoud Haidari"
2021-03,Main Corpus,2021-03(50).ZIP,_Eigenartige Form des Siedlungsrechts_ Seit siebzig Jahren regelt in Deutschland ein Gesetz das Wohn.PDF,C:\PythonProjects\AfD-project\Corpora\Main Corpus\2021-03\raw_unarchive\_Eigenartige Form des Siedlungsrechts_ Seit siebzig Jahren regelt in Deutschland ein Gesetz das Wohn.PDF,"""Eigenartige Form des Siedlungsrechts"" Seit siebzig Jahren regelt in Deutschland ein Gesetz das",eigenartige form des siedlungsrechts seit siebzig jahren regelt in deutschland ein gesetz das,Der Tagesspiegel,der tagesspiegel,Samstag 20. März 2021,Reinhart Bünger,IMMOBILIEN FQT:SPÄT; S. I03; Ausg. Der Tagesspiegel Nr. 24483 VOM 20.03.2021 SEITE I03,1008,7503,3c26bf0a1765e7bb8f18bc79a283d88109ce8c84,,unique,keep,,no,,no,,,8707,no,,,,,"1945 waren die deutschen Städte zu zwei Dritteln zerstört und 2,5 Millionen Wohnungen infolge des Zweiten 
Weltkriegs vernichtet. Die Städte wurden zwar von den Eltern und Großeltern der heutigen ""Babyboomer""-
Generation wieder aufgebaut, aber jahrzehntelang vorwiegend mit öffentlichen Mitteln.
Nachgeborene glauben heute oft, dass es nach 1945 einfach gewesen sei, Wohnungseigentum zu bilden, 
einfacher vielleicht sogar als heute. Aber das ist eine irrige Annahme. ""An ein Wohnungseigentum, wie es in 
London, Paris, Brüssel oder Amsterdam existierte, war nicht zu denken"", schreibt die BGH-Richterin Christiana 
Stresemann in ihrer kurzen Geschichte des Wohnungseigentums, die 2014 in einer Festschrift für Klaus Tolksdorf 
im Carl Heymanns Verlag erschien: ""Vertriebene, Flüchtlinge und Ausgebombte hatten ihr Vermögen verloren, die 
Ersparnisse der übrigen Deutschen wurden von der Währungsreform auf ein Zehntel reduziert."" Wer es sich leisten 
konnte, baute - nach dem schon im ""Dritten Reich"" propagierten Wohnideal - ein Einzel- oder Reihenhaus im 
Grünen. Wer es sich nicht leisten konnte, landete womöglich in einem sozialen Wohnungsbau, der bis in die 
siebziger Jahre einen Anteil von 55 Prozent aller Neubauten ausmachte.
Eigentum und Miete reichten nach Einschätzung der Bundesregierung 1951 nicht aus, um allen Anforderungen 
gerecht zu werden, die sich bei Bauvorhaben ""unter den gegenwärtigen Verhältnissen"" ergäben, un insbesondere 
Finanzierungsbeiträge für den Auf- oder Ausbau von Gebäuden zu sichern. So wurde ein 
Wohnungseigentumsgesetz (WEGesetz) entworfen und beschlossen - am 15. März vor siebzig Jahren trat es in 
Kraft. Im Bundesgesetzblatt (Teil I 1951 Nr. 13) wurde es am 19. März 1951 veröffentlicht.
Es bestehe der Wunsch, so die Politiker damals, eigenheimähnliche Teile eines größeren Hauses zu erwerben, 
wenn Mittel zum Bau eines Eigenheims nicht ausreichten. Bei der Verabschiedung des WEGesetzes stellte sich der 
Gesetzgeber überschaubare, also eher kleine WEGs vor, Neubau-Eigentumswohnungen, die mehrheitlich von 
engagierten Selbstnutzern bewohnt werden. Neben einem Beitrag zum Wiederaufbau der zerstörten Städte sollte 
breiten Bevölkerungsschichten der Erwerb von Wohneigentum ermöglicht werden. Das war Konsens. Seither 
haben sich die Strukturen der Wohnungseigentümergemeinschaften und der Wohnungseigentumsmarkt allerdings 
stark verändert und ausdifferenziert. Heute ist das Wohnungseigentum mit seinen fast zehn Millionen 

""Eigenartige Form des Siedlungsrechts"" Seit siebzig Jahren regelt in Deutschland ein Gesetz das 
Wohnungseigentum
Eigentumswohnungen und damit hochgerechnet fast 25 Prozent aller Wohnungen in Deutschland eine tragende 
Säule des Immobilieneigentums.
Das WEGesetz wurde in siebzig Jahren ganze drei Mal reformiert, die wichtigste Reform erfolgte erst 2020, das 
neue Gesetz ist seit dem 1. Dezember 2020 in Kraft. Ob Top oder Flop, lässt sich noch nicht sagen - Erfahrungen 
liegen noch nicht vor, so der Verband ""Wohnen im Eigentum (WiE)"", der sich in der letzten Reform des 
WEGesetzes massiv und vehementer als andere Interessenvertretungen für die Rechte von Eigentümern 
eingesetzt hat. Das neue WEG wird - wohl schneller als gedacht - auch für Gerichte interessant und relevant: Es 
hat relativ wenige Übergangsvorschriften; das meiste soll sogleich gelten. Vieles aber ist umstritten
Das WEGesetz wurde als Wiederaufbaugesetz verabschiedet. Grob geschätzt soll es etwa 500 000 WEGs in 
Deutschland geben mit über einer Million Gebäuden - konkrete Zahlen gibt es dazu nicht. Die kleinste WEG beginnt 
bei zwei Wohnungen und die größte bekannte WEG hat 1920 Wohnungen. Sie entstand in München, nach 
Auflösung der Wohnungsgesellschaft ""Neue Heimat"" in den achtziger Jahren.
Unter den Wohnungseigentumsanlagen ist alles vertreten, hat der Verband ""Wohnen im Eigentum"" anlässlich des 
Jubiläums recherchiert: Hochwertige Neubauten, solide Bestandsbauten, soziale Brennpunkte bis zu leer 
stehenden Abbruchgebäuden. Die soliden Bestandsbauten nehmen dabei den größten Anteil ein. 
Wohnungseigentümergemeinschaften treten auf als Wohnanlagen mit und ohne Gewerbeeinheiten, als 
Ferienwohnanlagen und als betreute Wohnanlagen oder entstehen aus Baugemeinschaften oder Wohnprojekten. 
Ein relativ junger Trend sind Untergemeinschaften, gestaltet von den Bauträgern, um große Anlagen bauen zu 
können, aber gleichzeitig die Abstandsflächen klein zu halten und dem Image anonymer Großwohnanlagen 
entgegenzuwirken. Die Käufer und Eigentümer orientieren sich an ihrer Untergemeinschaft.
Die Angaben des Zensus zeigten, dass 2011 rund 390 000 Gebäude vor 1950, 450 000 zwischen 1950 und 1969, 
480 000 zwischen 1970 und 1989, 450 000 ab 1990 errichtet wurden. Etwa fünfzig Prozent der Eigentümer wohnen 
in ihrer eigenen Wohnung, etwa fünfzig Prozent der Wohnungen sind heute vermietet.
Viele der heutigen WEGs wurden noch nicht als WEGs errichtet, sondern als Miethäuser im Privatbesitz oder als 
Betriebswohnungen größerer Unternehmen. Erst seit den neunziger Jahren entwickelte sich die Umwandlung von 
Miet- in Eigentumswohnungen in ein eigenes Immobilienmarktsegment. Es ist in Berlin politisch umstritten und 
aktuell umkämpft: Gründerzeithäuser werden dazu auch manchmal erst entmietet, umfassend saniert und dann die 
Wohnungen verkauft, Wohnungen in Fünfziger-Jahre- Gebäuden auch in unsaniertem Zustand den Mietern 
angeboten. Viele Wohnanlagen sind in die Jahre gekommen. Der Werterhalt, die Sanierung und Modernisierung 
dieser Anlagen ist mithin unter den Vorzeichen des Klimawandels die wichtigste Zukunftsaufgabe der WEGs.
""Wohnen im Eigentum"" schätzt - ohne Gewähr - dass sich etwa zehn Prozent der WEGs selbst verwalten, in der 
Regel WEGs mit weniger als 15 Wohnungen, und 90 Prozent von externen gewerblich tätigen Dienstleistern 
verwaltet werden. Sie sind meist im Verband der Immobilienverwalter Deutschlands (VDIV Deutschland) 
organisiert. Noch gibt es keine zwingende Berufsausbildung für Verwalter, es existiert lediglich eine 
Fortbildungspflicht.
""Wohnungseigentum wird in der Politik und Forschung immer noch schwerpunktmäßig als alleiniges Rechtsthema 
verortet. Eine Bau-, Wohnungs- und Sozialforschung zum Wohnungseigentum hat sich weder an den deutschen 
Universitäten noch bei den einschlägigen Forschungsinstituten etabliert"", sagt Gabriele Heinrich, Vorstand von 
Wohnen im Eigentum: ""Demnach liegt die Deutungshoheit und Meinungsführerschaft (noch) bei den Juristen.""
Folglich hat BGH-Richterin Christina Stresemann das letzte Wort, wenn sie sich mit Blick auf die Genese des 
WEGesetzes kritisch über die Rolle des eigenen Berufsstandes nach der Verabschiedung des Gesetzes vor siebzig 
Jahren äußert: ""Die etablierte Rechtswissenschaft bekämpfte jedoch weiter das Wohnungseigentum."" Dem einen 
Vertreter erschien es als ""sehr eigenartige Form des Siedlungsrechts"", ein anderer sah sogar ""durch das 
Millonenheer der Mieter"" - und potentiellen Wohnungseigentümer - den ""sittlichen Ernst des Bodeneigentums"" 
gefährdet. So ist und bleibt das WEGesetz - Reformen hin oder her - mit seinen Kernbegriffen stets aktuell und in 
der Diskussion.
""Eigenartige Form des Siedlungsrechts"" Seit siebzig Jahren regelt in Deutschland ein Gesetz das 
Wohnungseigentum
Graphic
 
Wer sich eine Wohnung gekauft hat, wird Teil einer Wohnungseigentümergemeinschaft. Sie ist die Herrin im 
Hause, nicht der Einzelne. Konflikte sind damit vorprogrammiert. Auch deshalb gibt es ein 
Wohnungseigentumsgesetz. Foto: R"
2021-03,Main Corpus,2021-03(50).ZIP,"_Migration könnte Bürgerkriege auslösen_ Zukunftsforscher Parag Khanna über aussterbende Staaten, Kl.PDF","C:\PythonProjects\AfD-project\Corpora\Main Corpus\2021-03\raw_unarchive\_Migration könnte Bürgerkriege auslösen_ Zukunftsforscher Parag Khanna über aussterbende Staaten, Kl.PDF","""Migration könnte Bürgerkriege auslösen"" Zukunftsforscher Parag Khanna über aussterbende Staaten,",migration könnte bürgerkriege auslösen zukunftsforscher parag khanna über aussterbende staaten,Der Tagesspiegel,der tagesspiegel,Donnerstag 25. März 2021,,WELTSPIEGEL FQT:SPÄT; S. 024; Ausg. Der Tagesspiegel Nr. 24488 VOM 25.03.2021 SEITE 024,1102,7696,5358bce602b945a29bfb9b24ddc8d9b119750098,,unique,keep,,no,,no,,,9355,no,,,,,"Herr Khanna, Sie sagen für die nächsten 30 Jahre gewaltige politische Umwälzungen voraus. Wegen des 
Klimawandels werden große Teile der Kontinente Afrika, Südamerika und Asien nicht mehr bewohnbar sein. Wenn 
Sie heute ein vierjähriges Kind fragen würde, wo auf der Welt es die beste Zukunft hat, was antworten Sie?
Darauf gibt es eine einfache und eine komplexe Antwort. Die einfache lautet, in Kanada oder Skandinavien.
Und die komplexe?
Die Staaten, die aus heutiger Sicht die besten Voraussetzungen für ein gutes Leben bieten, werden von 
Einwanderern überrannt werden. Das heißt, diese Staaten könnten daran zugrunde gehen. Schweden ist aktuell 
beliebt. Aber wer weiß, ob Schweden noch so lebenswert sein wird, wenn das vierjährige Kind 40 Jahre alt ist.
Was genau meinen Sie damit?
Alles wird davon abhängen, ob wir es schaffen, auf alternative und erneuerbare Energien umzustellen. Ob wir es 
schaffen, das Meerwasser zu entsalzen und trinkbar zu machen. Und ob wir es schaffen, Nahrungsmittel vor Ort 
statt am anderen Ende der Welt zu produzieren. So können wir unsere Versorgung sicherstellen. Wir werden im 
Jahr 2030 einen Höchststand der Bevölkerungszahl von neun Milliarden Menschen auf der Welt erreichen. Wenn 
wir unsere Art zu wirtschaften umstellen, kann die Erde neun Milliarden von uns gut ertragen.
Aktuell leben auf der Welt rund 7,8 Milliarden Menschen. Und schon jetzt hungern knapp 700 Millionen von ihnen.
Die Erde ist ertragreich und sie kann uns ertragen. Es ist eine Frage der Verteilung. Wir können sehr viel Nahrung 
für sehr wenig Geld herstellen und tun das bereits. In der Coronakrise kam es wegen Grenzschließungen zu 
Lieferengpässen, aber die Ernten waren rekordverdächtig groß. Wir haben also genug Nahrung für neun Milliarden 
Menschen - würden es 15 Milliarden werden, wie noch in den 1990er Jahren vorhergesagt wurde, hätten wir ein 
Problem. Aber die Fruchtbarkeit, gerade in den überbevölkerten Ländern wie China und Indien, geht zurück.

""Migration könnte Bürgerkriege auslösen"" Zukunftsforscher Parag Khanna über aussterbende Staaten, 
Klimaflüchtlinge und Deutschland als Einwanderungsziel
Wie verteilen wir uns am besten?
Die eigentliche Leitfrage muss sein: Wie maximieren wir unseren Gemeinwohlstand? In Bangladesch leben 
Hunderte Millionen Menschen, deren Lebenssinn darin besteht, zu überleben. Das Land wird ständig Opfer von 
Naturkatastrophen: Wirbelstürme, Überflutungen. Selbst in den USA werden Menschen aus ihren Wohnungen 
vertrieben: In Florida steigt der Meeresspiegel, ganze Städte wie Miami werden überschwemmt. Waldbrände 
zerstören Siedlungen in Kalifornien. In einem so reichen Land gibt es schon Klimaflüchtlinge. All diese Menschen 
könnten einen Beitrag zu unseren Gesellschaften leisten, wenn Europa sie aufnehmen würde. Die ökonomische 
Sicht ist auch schlicht die humanitärste.
Sind die meisten Menschen nicht schlicht zu arm, um zu migrieren?
Ja, ich habe dieses Eingeständnis auch in meinem Buch gemacht. Von den künftig neun Milliarden Menschen auf 
der Welt werden rund vier Milliarden nicht mobil sein. Sie sind entweder zu arm, zu alt oder zu unflexibel. Diese 
Menschen in Teilen Indiens oder in Südafrika werden weiterhin einen niedrigeren Lebensstandard haben. Das ist 
natürlich bedauerlich. Die anderen vier Milliarden aber sind die jungen Menschen. Sie bekommen weniger Kinder 
als noch die Generationen vor ihnen und haben so weniger Verpflichtungen. In den USA werden dieses Jahr 500 
000 Kinder weniger geboren als 2019. Aber das führt zu Migration.
Wird Deutschland 2050 ein lebenswerter Ort sein?
Ja, aber wird Deutschland noch Deutschland sein, wie wir es heute kennen? Grenzen ändern sich ständig, 
genauso wie das Wesen von Staaten und Bevölkerungsstrukturen. Wer wir sind, ändert sich. Klimatisch gesehen 
wird Deutschland wahrscheinlich bewohnbar sein, genauso wie die nördlichen Breiten Kanadas und Russlands. 
Fraglich ist, ob wir die angemessenen politischen, wirtschaftlichen und sozialen Bedingungen schaffen können.
Vor welchen Herausforderungen stehen die nördlichen Regionen - also Europa, Russland und Kanada?
Vor politischen, psychologischen und kulturellen. Die kulturellen Vorbehalte sind oft groß, das ist ein riesiges 
Problem. In Finnland beispielsweise leben 22 000 Somalier und die Finnen regen sich darüber auf, dass ihr Land 
von Afrikanern erobert werden würde. 22 000 Menschen sind in manchen Großstädten nicht mal ein Stadtviertel. 
Kanada hingegen sieht die Migrationsfrage anders: Die Kanadier wissen, dass ihre einheimische Bevölkerung 
schrumpft. Deshalb ist die Regierung schon dabei, jährlich ungefähr 300 000 Einwanderer zu rekrutieren, was etwa 
ein Prozent der kanadischen Bevölkerung ausmacht. Im Jahr 2050 werden in Kanada vermutlich so viele 
Menschen wie in Russland leben.
Russland hingegen schottet sich ab.
Es wird auch ein Russland nach Putin geben. Schon jetzt steigt die Zahl der Zentral- und Ostasiaten in Russland. 
Sie leisten einen enormen Beitrag zur Modernisierung des Landes, das sich seit 30 Jahren im stetigen Verfall 
befindet. Ich bin überzeugt, dass Menschen ihre Mentalität in diesen Fragen ändern können.
Aber auch in Deutschland gibt es Rechtspopulismus. Die AfD sitzt im Bundestag.
Aber Deutschland hat es geschafft, den Populismus zu verdrängen. Vor fünf Jahren hatten viele Angst, dass die 
AfD an die Macht kommen könnte. Das war nicht der Fall. In Baden-Württemberg hat die AfD bei den 
Landtagswahlen stark verloren und kein Bundesland hat so viele Geflüchtete aufgenommen wie Baden-
Württemberg. Die Geflüchteten sind sehr gut in die Wirtschaft integriert. Untersuchungen zeigen, dass dort, wo 
Populisten herrschen, die Wirtschaft bröckelt.
Sie glauben also, dass wirtschaftliche Not rassistische Ressentiments aufheben wird?
Großbritannien ist das perfekte Beispiel dafür. Noch vor fünf Jahren hatten wir den Brexit, strenge 
Einwanderungspolitik und Grenzkontrollen. Heute ist der Brexit noch nicht vollzogen - und die Briten haben den 
""Migration könnte Bürgerkriege auslösen"" Zukunftsforscher Parag Khanna über aussterbende Staaten, 
Klimaflüchtlinge und Deutschland als Einwanderungsziel
Kurs um 180 Grad gewendet. Die inoffizielle Einwanderungspolitik lautet dort: Wenn Sie 10 Pfund in der Tasche 
haben, kommen Sie in unser Land.' Das klingt doch schon ganz anders als die Brexit-Laune vor fünf Jahren.
Was könnte im schlimmsten Fall passieren?
Wir sterben aus. Dann kommt keine einheimische Bevölkerung nach. Aber wir müssen schließlich unsere Alten 
pflegen, die Infrastruktur erneuern, wir brauchen Innovationskraft, wir brauchen Entrepreneure, wir brauchen 
Steuerzahler. Wir gehen pleite ohne Einwanderer. Das ist keine Prognose, das ist in Italien, Griechenland, Spanien 
und Bulgarien bereits Realität.
Wird die Umverteilung der Weltbevölkerung friedlich ablaufen?
Das kommt drauf an. Es könnte Bürgerkriege geben. In Lateinamerika, Afrika und Teilen von Asien könnte es 
weniger friedlich laufen. Politische Flüchtlinge aus Myanmar, die nach Bangladesch kommen, werden zurück nach 
Myanmar flüchten.Die Fragen stellte Maria Kotsev.
Die Vorstellung von Parag Khannas Buch ""Move"" moderiert Anna Sauerbrey, stellv. Chefredakteurin des 
Tagesspiegel,
am Donnerstag um 17 Uhr auf dem
Youtube-Channel der Alfred-Herrhausen-
Gesellschaft.
Parag Khanna ist
Politikwissenschaftler und Geograf.
Der 43-Jährige lebt
in Singapur und
erforscht die Zukunft der Menschheit.
Er beriet zeitweise
Barack Obama.
Graphic
 
Überlebenskampf. Starker Monsunregen in Indien hat zu Überflutungen am Fluss Bagmati geführt. Eine Karawane 
ist unterwegs, um den Betroffenen Hilfsgüter zu bringen. Foto: Joerg Boethling/imago
Foto: Hoffmann/imago R"
2021-03,Main Corpus,2021-03(50).ZIP,Ausgebaut Die Deutsche Bank sagt ein Ende stetig steigender Preise für Wohnungen und Häuser voraus -.PDF,C:\PythonProjects\AfD-project\Corpora\Main Corpus\2021-03\raw_unarchive\Ausgebaut Die Deutsche Bank sagt ein Ende stetig steigender Preise für Wohnungen und Häuser voraus -.PDF,Ausgebaut Die Deutsche Bank sagt ein Ende stetig steigender Preise für Wohnungen und Häuser voraus -,ausgebaut die deutsche bank sagt ein ende stetig steigender preise für wohnungen und häuser voraus,Der Tagesspiegel,der tagesspiegel,Mittwoch 10. März 2021,Ralf Schönball,WIRTSCHAFT FQT:SPÄT; S. 015; Ausg. Der Tagesspiegel Nr. 24473 VOM 10.03.2021 SEITE 015,891,6376,2230ce3f6e42e80d5cc009c26ce3ed8f45551ba6,,unique,keep,,no,,no,,,8163,no,,,,,"Berlin - Sinkende Preise für Häuser und Wohnungen in Deutschland, ein Minus von fünf Prozent - das sagen die 
Konjunkturforscher der Deutschen Bank für das Jahr 2024 im ""Deutschland-Monitor"" des Kreditinstituts voraus. 
Begründet wird das mit einer nachlassenden Knappheit an Wohnraum aufgrund geringerer Zuwanderung während 
der Pandemie.
Die Prognose kommt überraschend. Berlins Senator für Stadtentwicklung und Wohnen Sebastian Scheel (Linke) 
etwa rechnet fest mit wieder kräftig zulegender Zuwanderung, sobald die Pandemie eingedämmt ist - weil 
Deutschlands Konjunktur weniger stark einbricht als jene anderer europäischer Länder und besonders 
""Schwarmstädte"" wie Berlin und andere Ballungsgebiete Firmen und Jobsuchende aus dem Ausland anziehen.
""Im Jahr 2021 dürfte der Zyklus dank Niedrigzinsumfeld, fundamentaler Angebotsknappheit und aktueller 
Unterbewertung intakt bleiben"", schreiben die Experten der Deutschen Bank. ""Jedoch legen unsere Analysen nahe, 
dass der bundesweite Preiszyklus in dieser Dekade zu Ende geht."" Es gebe zwar ""Unsicherheiten"", dennoch halte 
das Kreditinstitut ""ein Zyklusende im Jahr 2024 für wahrscheinlich"". Sollten die Volkswirte mit ihrer Prognose richtig 
liegen, rechnen sie mit einem Rückgang der ""nominalen Hauspreise"" für einen Zeitraum von drei Jahren um 
insgesamt fünf Prozent.
Von einer ""Korrekturphase"" ist in dem Bericht die Rede, einer ""zwischenzeitlichen Preisdelle"". Für Investoren wäre 
das kein Anlass zur Sorge, denn auf die ganze Dekade betrachtet, bleibe es bei einem ""Plus von rund 24 Prozent"". 
Jedenfalls wenn man anschließend wieder einen Anstieg von rund 2,5 Prozent jährlich unterstellt. Auch würde bei 
diesem Szenario die ""Mietrendite"" steigen ""auf rund vier Prozent"", was wiederum für institutionelle Investoren 
attraktiv sei. ""Besonders lang laufende Zyklen erwarten wir für Berlin und Leipzig"", heißt es in dem Bericht weiter. 
Berlin sei ""auf dem Weg zu einer globalen Metropole"", hier könnte sich die Entwicklung also erst 2026 bemerkbar 
machen. Leipzig profitiere von einem ""kräftigen regionalen Zuzug"", weil Kreise und Dörfer ihre Einwohner an die 
""Metropolregion"" verlieren.

Ausgebaut Die Deutsche Bank sagt ein Ende stetig steigender Preise für Wohnungen und Häuser voraus - 
auch für Berlin. Andere Experten sind da vorsichtiger
Für dieses Szenario führen die Forscher unter anderem das Verhältnis zwischen den Immobilienpreisen zu den 
Mieten sowie zu den Einkommen an. Denn wenn das Mieten einer Immobilie günstiger ist als die Belastung durch 
die Kosten eines Erwerbs, sinken Interesse und Nachfrage nach Immobilien. Dasselbe gilt, wenn das Einkommen 
einen Erwerb gar nicht erst zulässt, weil die Preise unerschwinglich sind.
Demnach ist der ""faire Wert"" einer Immobilie im Jahr 2025 überschritten, ""folglich sinken für viele Investoren die 
Anreize zu kaufen und der Zyklus würde zu Ende gehen"". Für die ""A-Städte"" liege das so ermittelte Ende des 
Zyklus im Jahr 2023 - wobei Berlin laut Analyse einige Jahre später folgen würde. Vorboten des prognostizierten 
Rückgangs könnte man aus dem am Dienstag veröffentlichten Jahresbericht des Gutachterausschusses für 
Grundstückswerte herauslesen: Ein Minus von neun Prozent verzeichnen die mittleren Kaufpreise von ""Wohn- und 
Geschäftshäusern"".
Allerdings ist der Trend nicht einheitlich: Bei den Ein- und Zweifamilienhäusern stieg der mittlere Kaufpreis um fünf 
Prozent. Hinzu kommt, dass der Preisknick bei den Mehrfamilienhäusern auch dem Mietendeckel zu schulden sein 
könnte, weil die Höhe des Kaufpreises auf Grundlage der erzielten Mieten verhandelt wird. Hier habe der Markt 
""aber nur mit einem symbolhaften Risikoabschlag reagiert"". Der Rückgang sei auch ""auf den Wegfall hochpreisiger 
Verkäufe zurückzuführen"".
Ein Plus von zwei Prozent im ""Preisniveau"" meldet der Ausschuss bei Eigentumswohnungen. Insgesamt seien 
Immobilien im Wert von 18,2 Milliarden Euro gehandelt worden, weniger als im Jahr 2019, wo allerdings ein 
Spitzenwert erzielt worden war.
""Wir sehen keine negative Entwicklung für 2024 und 2025"", sagt der Gutachter der Hypovereinsbank Ronald 
Mayer. Seine Bank finanziert viele Bauvorhaben in der Region und Privatkäufe von Immobilien. Tesla, Amazon 
kommen neu in die Region, die Startups boomen und ""mit jedem Arbeitsplatz entsteht zusätzlicher Wohnbedarf"". 
Mit dem Neubau von 17 000 Wohnungen werde nicht die für eine Entspannung erforderliche Marke 20 000 neuer 
Wohnungen jährlich erreicht. Die Bevölkerung werde laut Senatsprognose bis 2030 um auf 3,9 Millionen Einwohner 
wachsen.
Das alles spreche für steigende Preise. Für Wohnungen zahlten Käufer zwischen 8000 und 14 000 Euro in der 
historischen Mitte Berlins, aber auch in Grunewald und Schmargendorf. In ""guten zentralen Lagen"" wie 
Charlottenburg, Wilmersdorf, Prenzlauer Berg und Friedrichshain zahlten Käufer gut 10 000 Euro je Quadratmeter. 
Gebrauchte Wohnungen seien nur geringfügig günstiger zu haben, da das Angebot mit der zunehmenden Zahl an 
Milieuschutzgebieten und wegen der Umwandlungsverordnung und anderen Regulierungen eher sinke.
Mangel herrscht auch an Eigenheimen, in ""guten Randlagen"" seien 600 000 Euro fällig - 5000 bis 8000 Euro je 
Quadratmeter koste das Einfamilienhaus in Berlin ""im Schwerpunktbereich"". In Einzelfällen seien 18 000 Euro 
bezahlt worden. Das liegt an fehlenden Grundstücken und dem Trend zu Mehrfamilienhäusern: Deshalb stiegen die 
Bodenpreise etwa in Zehlendorf von 300 Euro je Quadratmeter im Jahr 2010 auf 900 Euro im Durchschnitt.
Der Chef vom Berliner Mieterverein Reiner Wild führt sinkende Kaufpreise für Mehrfamilienhäuser auf die 
Pandemie und die ""positive Wirkung"" des Mietendeckels zurück. Der Bericht des Gutachterausschuss widerlege die 
Annahme von ""Immobilienwirtschaft und Oppositionsparteien"", wonach das Berliner Gesetz mehr Menschen in 
selbst genutztes Wohneigentum treibe. ""Die Zahl der Verkaufsfälle von Eigentumswohnungen ist gegenüber dem 
Vorjahr um sechs Prozent zurückgegangen, bei Neubauten ab 2017 sogar um 22 Prozent"", so Wild.
Graphic
 
Schlecht gerüstet. Berlin wird nach Senatsschätzung auf 3,9 Millionen Bewohner anwachsen. Dafür wird derzeit zu 
wenig Wohnraum geschaffen. Foto: Sabine Gudath/imagoimages R
Ausgebaut Die Deutsche Bank sagt ein Ende stetig steigender Preise für Wohnungen und Häuser voraus - 
auch für Berlin. Andere Experten sind da vorsichtiger"
2021-03,Main Corpus,2021-03(50).ZIP,Das Ende des Immobilienbooms Die Anzeichen für fallende Wohnungs- und Häuserpreise mehren sich. Was.PDF,C:\PythonProjects\AfD-project\Corpora\Main Corpus\2021-03\raw_unarchive\Das Ende des Immobilienbooms Die Anzeichen für fallende Wohnungs- und Häuserpreise mehren sich. Was.PDF,Das Ende des Immobilienbooms Die Anzeichen für fallende Wohnungs- und Häuserpreise mehren sich. Was,das ende des immobilienbooms die anzeichen für fallende wohnungs und häuserpreise mehren sich was,Welt am Sonntag,welt am sonntag,21. März 2021,Michael Fabricius,FINANZEN; S. 37; Ausg. 12,1276,9000,c17774e1ef3101eb1e46a81c63bbaa66eb61f0c2,,unique,keep,,no,,no,,,11167,no,,,,,"Ein Ende des Immobilienpreisbooms in Deutschland rückt offenbar näher. Immer mehr Marktbeobachter warnen 
vor spekulativen Preisblasen. Sowohl Kaufinteressenten als auch Eigentümer können sich nicht mehr überall 
darauf verlassen, dass Wohnimmobilien in den nächsten Jahren so wie bisher an Wert gewinnen. Eine aktuelle 
Marktanalyse der staatlichen Förderbank KfW, die WELT AM SONNTAG exklusiv vorliegt, macht auf nachlassende 
Zuwanderung in die bereits teuren Ballungszentren aufmerksam. ""Es wäre Spekulation, in ohnehin schon teuren 
Städten auf weitere Steigerungen der Wohnungspreise und Mieten zu setzen. Angebracht wäre stattdessen, auch 
mögliche Rückgänge einzukalkulieren"", heißt es in der Studie.
Damit reiht sich die KfW ein in eine wachsende Zahl von Ökonomen und Instituten, die spekulativ überhöhte 
Immobilienpreise sehen. Die Bundesbank warnt schon seit einiger Zeit vor Übertreibungen. Vor wenigen Tagen 
veröffentlichte zudem die Deutsche-Bank-Tochter DB Research eine vielbeachtete Studie, in der sogar konkrete 
Zeitpunkte für eine Trendwende in einigen Regionen genannt wurden. Und das Berliner 
Marktforschungsunternehmen Empirica schlägt mit einem eigens errechneten ""Blasenindex"" ebenfalls Alarm. Folgt 
man den Analysen, sollte man als Käufer zunehmend vorsichtig sein. Der Boom könnte bald ein Ende haben.
Dabei sieht es auf den ersten Blick gar nicht danach aus. Im deutschlandweiten Durchschnitt sieht der 
Wohneigentumsmarkt immer noch sehr robust aus. Laut KfW sind die Preise für Wohneigentum von 2004 bis 2019 
zwar um fast 70 Prozent gestiegen. Doch gleichzeitig legten die verfügbaren Einkommen um 41 Prozent zu. Und 
die Bauzinsen sanken von 4,7 auf 1,5 Prozent. Wird die Finanzierung günstiger, können Käufer auch höhere Preise 
schultern. Zusammen haben Einkommen und Zinsen also dafür gesorgt, dass ein Eigenheim 2019 ungefähr so 
erschwinglich ist wie zehn Jahre zuvor. Außerdem stieg die Kreditvergabe und die Verschuldung pro Haushalt nur 
in etwa so schnell wie das Wirtschaftswachstum. Nach den Gesetzen der Ökonomie ist also eigentlich alles im 
grünen Bereich.
Im Jahr 2019 war der Preisboom längst nicht vorbei. Sogar im Krisenjahr 2020 ging es weiter aufwärts. Laut 
Immobilienportal Immowelt, das wie WELT AM SONNTAG zur Axel Springer SE gehört, stiegen die 
Wohnungspreise in den 14 Städten mit mehr als 500.000 Einwohnern von Februar 2020 bis Februar 2021 noch 
einmal deutlich. Im bereits sehr teuren München beobachtete Immowelt ein Plus von acht Prozent, in Frankfurt am 

Das Ende des Immobilienbooms Die Anzeichen für fallende Wohnungs- und Häuserpreise mehren sich. Was 
Käufer und Eigentümer jetzt wissen müssen
Main von sieben Prozent, in Hamburg sogar 15 Prozent Preisaufschlag - jeweils in Bezug auf eine durchschnittliche 
80 Quadratmeter große Wohnung. ""Die Nachfrage nach Immobilien ist sogar noch größer als vor der Corona-
Krise"", beobachtet Immowelt-Vorstand Cai-Nicolas Ziegler.
Die entscheidende Frage ist nun, wie nachhaltig der Preisanstieg noch ist. Gerade bei den jüngsten Preissprüngen 
spricht einiges dafür, dass Sondereffekte eine Rolle spielen, nämlich eine Kombination aus Corona-Pandemie und 
niedrigen Zinsen. Die Bauzinsen fielen 2020 auf ein Rekordtief. Viele Familien kratzten ihre Ersparnisse auch 
mithilfe der Verwandtschaft zusammen und gingen auf Eigenheimsuche im Umland der Metropolen, zunehmend 
auch in mittelgroßen Städten. Darauf deuten die Preisanstiege bei Ein- und Zweifamilienhäusern hin.
Jetzt jedoch zeigt sich, dass manche Parameter in einem zunehmend ungesunden Verhältnis zueinander stehen. 
Um die immer höheren Kaufpreise von Eigentumswohnungen oder auch von Ein- oder Zweifamilienhäusern in 
Boomregionen zu stützen, müssten auch Einkommen und Mieten weiter wachsen - und die Zinsen niedrig bleiben. 
Doch das tun sie nicht. Die wirtschaftliche Realität bleibt hinter den Immobilienpreisen zurück. Einkommen steigen 
nicht mehr so schnell, Mieten stagnieren, und noch tiefer können die Bauzinsen nicht mehr fallen. Im Gegenteil, 
inzwischen ist von einem leichten Anstieg die Rede.
KfW-Ökonom Martin Müller sieht ""Indizien für regionale spekulative Preisübertreibungen, und zwar dort wo die 
Anstiege deutlich über das hinausgehen, was durch die Zinssenkungen und Mieterhöhungen gerechtfertigt wäre"". 
Seine Kollegin Friederike Köhler-Geib beobachtet außerdem einen weiteren Sondereffekt, ausgelöst durch das 
milliardenschwere Baukindergeld. Bis Ende dieses Monats können Familien die Subvention von 12.000 Euro pro 
Kind beantragen, wenn sie einen Kaufvertrag oder eine Baugenehmigung vorweisen können. ""Beim Baukindergeld 
war eine gewisse Schlussrallye zu beobachten"", so Köhler-Geib. ""Viele Käufer wollten offenbar noch vor dem 31. 
März eine Baugenehmigung erhalten, um sich die Förderung zu sichern. Auch ein solcher temporärer 
Nachfrageschub kann sich auf die Preise auswirken.""
Damit ist es in wenigen Tagen vorbei. Entsprechend steigen nun die Risiken für regionale Spekulationsblasen. 
""Eine Wohnimmobilie vor allem in der Erwartung zu kaufen, dass man sie zu einem späteren Zeitpunkt wieder zu 
einem höheren Preis verkaufen kann - das wird nicht mehr notwendigerweise überall funktionieren"", sagt KfW-
Chefökonomin Köhler-Geib. Laut KfW-Analyse gilt das vor allem für Berlin, Frankfurt, Stuttgart und München.
Es ist wie am Aktienmarkt: Eine Betrachtung der steilen Preiskurven in der Vergangenheit hilft wenig bei der 
Einschätzung dessen, was die Zukunft bringt. Wer wissen will, in welche Richtung sich die Immobilienpreise 
entwickeln könnten, sollte die Zinsentwicklung, die Nachfrage durch Zuwanderung vor Ort, die dortige Bautätigkeit 
sowie Einkommen und Mieten im Blick behalten. Vor allem bei der Zuwanderung gibt es deutliche Warnsignale.
""Ein starker Anstieg der Zahl der Einwohner wie in den Jahren von 2012 bis 2019 ist aus heutiger Sicht nicht mehr 
zu erwarten"", heißt es in der Studie der KfW. Nach der aktuellen Bevölkerungsvorausberechnung des Statistischen 
Bundesamtes wird die Bevölkerung im Jahr 2030 zwischen 83,1 und 84,4 Millionen liegen. Im einen Fall wäre das 
ein Rückgang um 300.000 Einwohner, im anderen ein Anstieg um eine Million.
Nun ist Zuwanderung nicht gleich Zuwanderung. Auch weiterhin werden die Ballungszentren mehr Einwohner 
anziehen als die meisten ländlichen Regionen, prognostiziert das Bundesinstitut für Bau-, Stadt- und 
Raumforschung. Nun kommt aber ein weiterer Faktor hinzu: In den Metropolen und in deren Umland wird viel 
gebaut. Es kommt also gleich doppelt - die nachlassende Nachfrage trifft auf eine wachsende Fertigstellung neuer 
Wohnungen. Das nahmen Analysten von DB Research jüngst zum Anlass, ebenfalls vor bevorstehenden 
Preisrückgängen zu warnen. ""Unsere Analysen legen nahe, dass der bundesweite Preiszyklus in dieser Dekade zu 
Ende geht"", hieß es. Dies sei im Jahr 2024 zu erwarten.
In manchen Städten wie München oder Hamburg sei der Preiszyklus schon jetzt vorbei, andere Städte würden 
später folgen, beispielsweise Leipzig und Berlin: ""Berlin sehen wir weiterhin auf dem Weg zu einer globalen 
Metropole, während man für Leipzig aufgrund des Dorf- und Kreissterbens in der Metropolregion einen besonders 
kräftigen regionalen Zuzug erwarten kann"", stellte DB Research fest. Ansonsten sei klar absehbar: Die 
Das Ende des Immobilienbooms Die Anzeichen für fallende Wohnungs- und Häuserpreise mehren sich. Was 
Käufer und Eigentümer jetzt wissen müssen
fundamentale Angebotsknappheit lässt in den kommenden Jahren nach. Sollten in einem solchen Umfeld die 
Bauzinsen tatsächlich steigen, könne das sogar ""eine Verkaufswelle auslösen.""
Reiner Braun, Vorstand der Empirica AG, hat für sich eine einfache Formel erstellt: ""Eine Preisblase droht dann, 
wenn der 'Normalverdiener' sich die Immobilie nicht mehr leisten kann"", sagt er. Das Gefühl, sich kein 
Wohneigentum mehr leisten zu können, haben viele Normalverdiener schon länger. Empirica jedoch rechnet dieses 
Gefühl gewissermaßen aus, jedes Quartal, für alle Städte und Landkreise.
Vier Indikatoren sind dabei entscheidend. Erstens: der sogenannte Vervielfältiger - das ist der Kaufpreis geteilt 
durch die erzielbare Miete. In vielen Städten liegt dieser Wert oberhalb von 35, was sehr teuer ist. Zweitens: das 
Verhältnis aus Preisen und Einkommen. Auch hier ist klar, dass gerade in Pandemiezeiten letztere nicht mehr 
Schritt halten. Drittens: die Zahl der Fertigstellungen von Wohnungen je Einwohner. Und viertens: die 
Wohnungsbaukredite relativ zum BIP.
Seit 2017 bewegt sich der Empirica-Blasenindex immer weiter in den roten Bereich. Wenn nun die Preise weiter 
steigen, so Reiner Braun, ""kann man von einer echten Gefahr reden"".
Das Ende des Immobilienbooms Die Anzeichen für fallende Wohnungs- und Häuserpreise mehren sich. Was 
Käufer und Eigentümer jetzt wissen müssen

Das Ende des Immobilienbooms Die Anzeichen für fallende Wohnungs- und Häuserpreise mehren sich. Was 
Käufer und Eigentümer jetzt wissen müssen
Original Gesamtseiten-PDF"
2021-03,Main Corpus,2021-03(50).ZIP,Das Märchen von der „Parallelgesellschaft“.PDF,C:\PythonProjects\AfD-project\Corpora\Main Corpus\2021-03\raw_unarchive\Das Märchen von der „Parallelgesellschaft“.PDF,Das Märchen von der „Parallelgesellschaft“,das märchen von der parallelgesellschaft,Frankfurter Rundschau,frankfurter rundschau,Montag 15. März 2021,,MEINUNG; S. 12,592,4314,48717576c9c2815e9557580d48205bc6d3604d03,,unique,drop,commentary_noncore,no,,no,,,5468,yes,commentary_noncore,,,,"Vor zehn Tagen äußerte sich der Präsident des Robert-Koch-Instituts, Lothar Wieler, über einen hohen Anteil von 
Menschen mit Einwanderungsgeschichte unter den Corona-Intensivpatienten – und die „Bild“-Zeitung machte eine 
Schlagzeile daraus. Statt der Frage nachzugehen, ob eine mögliche höhere Betroffenheit von Covid-19-
Erkrankungen mit sozialer Lage – wie zum Beispiel beengten Wohnverhältnissen, Armut und dem Zwang zur 
außerhäuslichen Tätigkeit unter problematischen Arbeitsbedingungen – zusammenhängen könnte, wird das übliche 
Vorurteil von Parallelgesellschaften bemüht. 
Die sehr ungleiche Betroffenheit durch die sozialen Folgen von Corona, das ist nun aber genau die Botschaft aus 
der Studie, die kurz danach vom Statistischen Bundesamt vorgelegt wurde. Wir als Aktive in Migrant*innen-
Organisationen, die wir uns mit großem Einsatz in dieser Gesellschaft engagieren, lesen dies und denken: Wir 
haben mit unseren Befürchtungen Recht gehabt. 
Schon vor fast einem Jahr, Mitte April 2020, hat zum Beispiel der Bundesverband Netzwerke von 
Migrantenorganisationen (BV NeMO) eine Positionierung an alle Verantwortlichen im Bund und vor allem auch in 
den Kommunen gerichtet: „Die Corona-Krise bedeutet: hohe gesundheitliche und soziale Risiken. Unsere 
Befürchtung ist: Es besteht die Gefahr einer Verschärfung sozialer Benachteiligungen, aber auch eines sich 
verstärkenden Rassismus, in der Krise und als Folgen der Krise. Wenn dies geschieht, werden Menschen mit 
Einwanderungs- und Fluchtgeschichte davon erheblich betroffen sein.“ 
Vor zwei Wochen, am 26. Februar, hat der BV NeMO mit einem bundesweiten Aktionstag in mehr als 20 Städten 
erneut Alarm geschlagen: „Die Corona-Krise macht ungleicher – die Corona-Krise schadet unseren Kindern, macht 
ärmer, zerstört Jobs, macht noch kränker, macht Wohnungen noch enger, benachteiligt Frauen, grenzt aus, macht 
Flüchtlingsunterkünfte noch unwürdiger …“. Am Ende stand und steht die Forderung nach einem Masterplan gegen 
die sozialen Folgen der Corona-Krise.
Es ist nicht lustig, in diesen Fragen Recht behalten zu haben, sondern es ist beschämend und macht zornig. Unser 
Vorschlag war und ist: Es gibt viele Migrant*innen-Organisationen, die nahe bei den Menschen sind, ohne Ansehen 

Das Märchen von der „Parallelgesellschaft“
von Herkunft und Religion. Bezieht uns ein, hört auf unseren Rat. Wenig ist in dieser Hinsicht in der Zwischenzeit 
geschehen. Das gilt für die Corona-Krise wie für den Anti-Rassismus. 
Die Hoffnung war, dass die durch die terroristischen Taten in Hanau ausgelösten Initiativen der Bundesregierung zu 
raschen Ergebnissen führen. Aber unsere Forderung zum Beispiel nach einem anti-rassistischen Sofortprogramm 
wurde mit einem unendlich langen Maßnahmenkatalog beantwortet, dessen Umsetzung noch aussteht. 
Dasselbe Bild auf dem 13. Integrationsgipfel – er fand wenige Tage nach Erscheinen der „Bild“-Schlagzeile statt: 
unbestreitbar viel guter Wille, aber vor allem Ankündigungen. Die Bundeskanzlerin selbst räumte in der dem Gipfel 
folgenden Pressekonferenz ein, dass es einen großen Umsetzungsmangel gibt.
In der weiterhin akuten Corona-Krise gibt es also Handlungsbedarf mit Blick auf die sozialen Folgen, aber es gibt 
auch akuten Handlungsbedarf: Die Öffnungsdiskussion kann erhebliche Irritationen auslösen, und mit dem Einstieg 
in die Phase des Impfens und Testens entsteht ein erneuter und akuter Orientierungsbedarf. Eine Verstärker-Aktion 
unter starker Beteiligung der Migrant*innen-Organisationen, die nahe bei den Menschen sind, wäre dringend 
geboten. 
Und dann konstatierte in derselben Woche noch der Bericht des Sachverständigenrats für Integration und Migration 
(SVR), dass sich Bürger*innen mit Einwanderungsgeschichte weniger an Politik beteiligen. Das ist nun wirklich 
nicht neu, sondern oftmals festgestellt worden. Die Beteiligung wächst dann, wenn die Menschen mit 
Einwanderungsgeschichte stärker als bisher das Gefühl haben: „Das ist unser Land. Hier können wir wirklich 
mitgestalten.“ 
Was für eine Zeit! Erleben wir gerade eine Krise der Einwanderungsgesellschaft?
Ümit Kosan ist Vorsitzender des Bundesverbands Netzwerke 
von Migrantenorganisationen (BV NeMO), eines bundesweiten Zusammenschlusses von 
lokalen Verbünden mit 
insgesamt 800 Mitgliedsvereinen.
Link zum PDF-Dokument"
2021-03,Main Corpus,2021-03(50).ZIP,Deutschland sagt eine Milliarde für Syrienhilfe zu.PDF,C:\PythonProjects\AfD-project\Corpora\Main Corpus\2021-03\raw_unarchive\Deutschland sagt eine Milliarde für Syrienhilfe zu.PDF,Deutschland sagt eine Milliarde für Syrienhilfe zu,deutschland sagt eine milliarde für syrienhilfe zu,Der Tagesspiegel,der tagesspiegel,Dienstag 30. März 2021,,TITEL FQT:SPÄT; S. 001; Ausg. Der Tagesspiegel Nr. 24493 VOM 30.03.2021 SEITE 001,176,1263,cb3e6872b02818acb8f7146c11720762efa790cd,,unique,keep,,no,,no,,,2335,no,,,,,"Brüssel - Bei der Syrien-Geberkonferenz von Europäischer Union und Vereinten Nationen will die Bundesregierung 
weit über eine Milliarde Euro zusagen. Regierungssprecher Steffen Seibert sagte am Montag in Berlin, 2020 habe 
Deutschland 1,58 Milliarden Euro in Aussicht gestellt, dieses Jahr werde es einen ähnlich substanziellen Beitrag 
leisten. Bei der zweitägigen virtuellen Konferenz hoffen die Vereinten Nationen auf zehn Milliarden US-Dollar (8,5 
Milliarden Euro), um notleidende Menschen in Syrien und Flüchtlinge in den Nachbarländern versorgen zu können.
Den UN zufolge sind heute mehr als 24 Millionen Kinder, Frauen und Männer auf humanitäre Hilfe angewiesen. Nie 
sei die Not größer gewesen als heute, hatte UN-Nothilfekoordinator Mark Lowock im Interview mit dem 
Tagesspiegel betont. Benötigt werden vor allem Lebensmittel, Wasser und Medikamente.
Dabei hat die Corona-Pandemie die Anstrengungen der vergangenen Jahre teils untergraben, wie mehrere 
Konferenzteilnehmer am Montag deutlich machten. Im Libanon lebten 2020 neun von zehn syrischen 
Flüchtlingsfamilien in extremer Armut, sagte Herve de Villeroche, Sonderberater für Entwicklung beim UN-
Flüchtlingshilfswerk. 2019 seien es noch zwischen fünf und sechs gewesen. dpa
Meinung
Graphic
 
R"
2021-03,Main Corpus,2021-03(50).ZIP,Deutschlands Bevölkerung durch Zuwanderung auf Rekordgröße gewachsen Entgegen aller Prognosen gibt e.PDF,C:\PythonProjects\AfD-project\Corpora\Main Corpus\2021-03\raw_unarchive\Deutschlands Bevölkerung durch Zuwanderung auf Rekordgröße gewachsen Entgegen aller Prognosen gibt e.PDF,Deutschlands Bevölkerung durch Zuwanderung auf Rekordgröße gewachsen Entgegen aller Prognosen gibt es,deutschlands bevölkerung durch zuwanderung auf rekordgrösse gewachsen entgegen aller prognosen gibt es,Die Welt,die welt,Samstag 20. März 2021,Marcel Leubecher,Politik; S. 7; Ausg. 67,848,6224,727c870923d659db1f67aa4216b0d3fa7324d3cd,,unique,keep,,no,,no,,,7719,no,,,,,"Seit Jahrzehnten wird eine schrumpfende Bevölkerung in Deutschland prognostiziert - daran richten sich Politiker 
und Ministerien aus, wenn Pläne für den Wohnungsbau, die Kinderbetreuung oder die Sozialversicherungen erstellt 
werden. Doch all diese Voraussagen waren falsch. Stattdessen ist Deutschlands Bevölkerung im vergangenen 
Jahrzehnt auf eine Rekordgröße angewachsen, wie es im ""demografiepolitischen Résumé"" der Bundesregierung 
heißt. ""Noch nie lebten in Deutschland so viele Menschen wie derzeit"" - nämlich rund 83 Millionen.
Seit den 1990er-Jahren habe sich die ""demografische Lage wesentlich anders entwickelt, als nach den 
seinerzeitigen Bevölkerungsvorausberechnungen zu erwarten war"". Die Zuwanderung habe ""im letzten Jahrzehnt 
eine so nicht erwartete Dynamik entfaltet und wesentlich dazu beigetragen, dass die Zahl der in Deutschland 
lebenden Menschen zugenommen hat"", heißt es in dem vom Bundesinstitut für Bevölkerungsforschung verfassten 
Bericht, der am Donnerstag veröffentlicht wurde.
Auch die Geburtenziffer habe sich im Lauf des vergangenen Jahrzehnts leicht erhöht, auf 1,54 Geburten pro Frau 
im Jahr 2019. Dennoch bewege sich die Fertilität der in Deutschland lebenden Frauen weiterhin ""deutlich unter 
dem Bestandserhaltungsniveau von 2,1"". Ausländerinnen wiesen demnach ""eine spürbar höhere Geburtenziffer 
(2,1) auf als Frauen deutscher Staatsangehörigkeit (1,4)"". Dabei werde ""das Fertilitätsgeschehen seit 2014 auch 
verstärkt durch Geburten in Familien, die als Geflüchtete nach Deutschland zugewandert sind, beeinflusst"", heißt 
es in dem Demografie-Bericht.
Der starke Zuzug ""von weiblichen Schutzsuchenden im Jahr 2015 und 2016 aus dem Nahen und Mittleren Osten 
sowie aus Afrika, also Regionen, die eine hohe Geburtenhäufigkeit aufweisen"", sei ""zum großen Teil für den 
Anstieg der Geburtenzahlen in Deutschland verantwortlich"". Frauen aus Syrien, Afghanistan, dem Kosovo und dem 
Irak hätten ""im Zeitraum 2015 bis 2016 mit durchschnittlich 3,5 bis 4,6 Kindern je Frau eine auffallend höhere 

Deutschlands Bevölkerung durch Zuwanderung auf Rekordgröße gewachsen Entgegen aller Prognosen gibt es 
kein Schrumpfen, im Gegenteil: Abwanderung und Sterbeübers....
Geburtenziffer als die durchschnittliche Geburtenziffer aller ausländischen Frauen (2,1)"". Auch das Bildungsniveau 
spiele eine zentrale Rolle für die Entwicklung der Geburten. Nach wie vor blieben Akademikerinnen am häufigsten 
kinderlos: Etwa 24 Prozent der Frauen mit Hochschulabschluss und 20 Prozent der Frauen mit einem mittleren 
Bildungsniveau hätten keinen Nachwuchs - dagegen sei Kinderlosigkeit unter Frauen mit niedrigem Bildungsniveau 
deutlich seltener.
Der maßgebliche Faktor für das unerwartete Bevölkerungswachstum sei aber nicht der Anstieg der Geburten, 
sondern die Zuwanderung, heißt es im Bericht. Zwischen 2009 und 2019 seien durchschnittlich 458.000 Menschen 
pro Jahr mehr zugewandert als weggezogen. Während der Wanderungssaldo der Deutschen seit Langem negativ 
ist, lag die Bilanz bei Ausländern bei durchschnittlich mehr als 500.000 pro Jahr.
Besonders 2015 ragt im zurückliegenden Jahrzehnt heraus: Neben der Asylzuwanderung war damals auch der 
Zuzug aus dem EU-Ausland hoch, vor allem aus Osteuropa. Insgesamt wanderten damals mehr als 1,1 Millionen 
Menschen mehr in die Bundesrepublik ein, als abwanderten. Jedoch wies die Zuwanderungsbilanz auch in den 
Vorjahren bereits einen Trend hin zu wachsenden Überschüssen auf. Ab 2016 ist die Zahl der Zuwanderer zwar 
wieder rückläufig, allerdings ist die Wanderungsbilanz immer noch höher als zu Beginn des vergangenen 
Jahrzehnts.
Ohne starke Zuwanderung würde die Bevölkerungszahl wegen der seit Jahrzehnten niedrigen Geburten bereits seit 
mehr als 40 Jahren abnehmen. Dies war dem Demografiebericht zufolge Mitte der 1980er-Jahre und zwischen 
2003 und 2010 der Fall. Laut Bundesinstitut für Bevölkerungsforschung hatte ""kein anderes Land der Welt über 
einen so langen Zeitraum derart niedrige Geburtenziffern"", nämlich seit 1975 fast 40 Jahre lang im Durchschnitt 
weniger als 1,5 Kinder pro Frau. Erst seit 2015 steigen die Zahlen vor allem wegen der Asylzuwanderung wieder 
leicht an.
Wegen des Geburtendefizits beziehungsweise des Sterbeüberschusses ist die natürliche Bevölkerungsentwicklung 
schon seit 1973 negativ. Im Jahr 2019 lag dieser Verlust bei rund 161.000 Menschen - entfernte sich damit aber 
vom bisherigen Tiefststand von mehr als 200.000 im Jahr 2013. Zudem wandern jährlich mehr Deutsche aus, als 
wieder zurückkehren. Der Wanderungssaldo von Bundesbürgern war laut Demografiebericht im letzten Jahrzehnt 
""durchweg negativ und belief sich kumuliert auf mehr als 500.000 Personen"".
In der Summe aus Deutschen und Ausländern wanderten aber in dem Zeitraum rund fünf Millionen mehr Menschen 
nach Deutschland ein als aus. Die Bundesrepublik verliert also jährlich mehr als 200.000 Einwohner durch 
Geburtenmangel und Abwanderung von Deutschen. Dieser Verlust wird aber durch die starke Zuwanderung mehr 
als ersetzt.
Schon seit den 80er-Jahren wandern mehr Bundesbürger aus als zurück, gleichwohl wies die Bevölkerungsstatistik 
bis 2005 einen positiven Saldo aus. Und zwar wegen der statistischen Besonderheit, dass die Millionen 
Spätaussiedler und ihre Angehörigen mit den Bürgern aus dem Bundesgebiet in der Wanderungsstatistik 
zusammen erfasst wurden und werden. Inzwischen spielt diese Gruppe aber kaum noch eine Rolle.
Im Migrationsbericht des Bundesamtes für Migration und Flüchtlinge (BAMF) aus dem vorigen Jahr heißt es zu 
dieser statistischen Besonderheit: ""Unter Herausrechnung der im vertriebenenrechtlichen Verfahren 
aufgenommenen Personen, die in der Zuzugsstatistik als Zuzüge von Deutschen registriert werden, ist der 
Wanderungssaldo deutscher Staatsangehöriger bereits seit den 1980er-Jahren negativ. Unter Berücksichtigung der 
Spätaussiedlerzuzüge gestaltete sich der Wanderungssaldo hingegen bis zum Jahr 2004 positiv."" Der Saldo ergibt 
sich aus allen dauerhaften Zuzügen minus allen permanenten Fortzügen. Die bevorzugten Zielländer deutscher 
Auswanderer waren im zurückliegenden Jahrzehnt die Schweiz noch vor den USA, Österreich und dem Vereinigten 
Königreich.
Original Gesamtseiten-PDF"
2021-03,Main Corpus,2021-03(50).ZIP,Drei Millionen fehlende Wohnungen Der Bedarf an Neubauten ist doppelt so hoch wie bisher prognostizi.PDF,C:\PythonProjects\AfD-project\Corpora\Main Corpus\2021-03\raw_unarchive\Drei Millionen fehlende Wohnungen Der Bedarf an Neubauten ist doppelt so hoch wie bisher prognostizi.PDF,Drei Millionen fehlende Wohnungen Der Bedarf an Neubauten ist doppelt so hoch wie bisher prognostiziert.,drei millionen fehlende wohnungen der bedarf an neubauten ist doppelt so hoch wie bisher prognostiziert,Die Welt,die welt,Mittwoch 3. März 2021,Stephan Maaß,Immobilien; S. 17; Ausg. 52,752,5705,778a4b39a3a27cea2d56506374d8a27538a7db47,,unique,keep,,no,,no,,,7179,no,,,,,"Wer arbeitet, muss auch irgendwo wohnen. Diese simple Aussage könnte einen Bauboom auslösen, aber ob es so 
kommt, ist noch immer zweifelhaft. Das zum Essener RWI-Leibniz-Institut für Wirtschaftsforschung gehörende 
Beratungsunternehmen RWI Consult hat in einer Studie den Wohnungsbedarf in Deutschland bis zum Jahr 2035 
errechnet.
Anders als bisherige Prognosen, die vor allem die demografische Entwicklung berücksichtigten, haben die Essener 
Forscher auch die künftige Zuwanderung als Folge der demografischen Entwicklung berücksichtigt. Demnach 
werden in den kommenden 14 Jahren pro Jahr zwischen 223.000 und 297.000 Wohnungen zusätzlich benötigt, um 
den prognostizierten Fachkräftezuzug aus dem Ausland unterzubringen.
Das Pestel Institut aus Hannover hat für die Zeit bis 2025 einen jährlichen Bedarf von 400.000 neuen Wohnungen 
ausgerechnet. Die Bundesregierung hat sich mehr als 350.000 Wohnungen zum Ziel gesetzt. Tatsächlich schaffte 
die Baubranche im vergangenen Jahr rund 300.000 neue Wohnungen - die höchste Jahresleistung seit zwei 
Jahrzehnten. Das Bundesinstitut für Bau-, Stadt- und Raumforschung (BBSR) berechnete einen Neubaubedarf für 
das gesamte Bundesgebiet von 2015 bis 2030 von 230.000 Wohneinheiten pro Jahr. Es müsse dafür noch einmal 
dasselbe oder mehr dazukommen, um den tatsächlichen Wohnungsbedarf zu decken. Denn hinzu kämen noch die 
Auswirkungen des Arbeitsmarktes, der Alterung und den damit verbundenen Arbeitsmarktaustritten und dem 
folglich steigenden Bedarf an Zuwanderung im kommenden Jahrzehnt, so RWI Consult. Also rund eine halbe 
Million Wohnungen pro Jahr könnten gebraucht werden - konservativ gerechnet.
""Die Unternehmen dürften ihre Anstrengungen erhöhen, die unbefriedigte Nachfrage nach Arbeitskräften auch in 
Zukunft durch eine verstärkte Zuwanderung auszugleichen"", schreiben die Autoren der Studie um Christoph M. 
Schmidt, dem Präsidenten des RWI-Leibniz-Instituts. Die Studie wurde im Auftrag der Fakt AG erstellt, einer auf 

Drei Millionen fehlende Wohnungen Der Bedarf an Neubauten ist doppelt so hoch wie bisher prognostiziert. 
Das zeigt eine aktuelle Studie. Der überraschende Grund....
Immobilien spezialisierten Beteiligungsgesellschaft. Die Bedingungen dafür zu schaffen und vor allem für die 
Zuwanderung qualifizierter Fachkräfte attraktiv zu sein, werde damit zu einem zentralen Wettbewerbsfaktor für 
einzelne Wirtschaftsräume und -regionen sowie Deutschland insgesamt. ""Ein wichtiger Baustein wird dabei die 
Frage bezahlbaren und lebenswerten Wohnraums sein"", sagt Schmidt.
Je nach unterstellter Zuwanderungsintensität würden sich als Folge des demographischen Wandels für das Jahr 
2035 rein rechnerisch drei bis vier Millionen Erwerbstätige weniger als heute ergeben. Es sei zu erwarten, dass - 
wie in der Vergangenheit häufig zu beobachten - die unbefriedigte Nachfrage nach Arbeitskräften vor Ort zu 
Anpassungen bei der Entlohnung des dann knapperen Produktionsfaktors Arbeit führen werde, was zu einem 
Rückgang der Nachfrage nach Arbeitskräften führen werde. ""Insbesondere werden die Unternehmen aufgrund 
dieser Engpässe voraussichtlich verstärkt die mit den Stichworten 'Digitalisierung' und 'Künstliche Intelligenz' 
verbundenen neuen technologischen Möglichkeiten nutzen, um ihre Leistungsprozesse umzustellen"", schreiben die 
Studienautoren. ""Dabei dürften hochqualifizierte Arbeitnehmerinnen und Arbeitnehmer noch mehr an 
Wertschätzung gewinnen, während niedrige und mittlere Qualifikationen unter Druck geraten.""
Neben den natürlichen demographischen Verschiebungen würden weitere Trends den Arbeitsmarkt beeinflussen: 
So steige etwa die Erwerbsbeteiligung von Frauen und es liege eine sinkende Neigung zu einem vorzeitigen 
Ausscheiden aus dem Arbeitsmarkt vor. Darüber hinaus sei Deutschland seit langem netto ein Zuwanderungsland, 
sodass die aus dem Arbeitsleben ausscheidenden Erwerbspersonen zum Teil ersetzt würden.
Mit Blick auf einen Zuwanderungsbedarf von bis zu knapp 300.000 Arbeitnehmern, der in heutigen 
Migrationsannahmen noch nicht berücksichtigt seien, würde gleichermaßen auch der Bedarf an Wohnraum deutlich 
steigen, so die RWI-Studie. ""Schließlich werden die Babyboomer zwar aus dem Arbeitsmarkt ausscheiden, nicht 
aber aus dem Wohnungsmarkt."" Somit folge zwingend: Wenn der deutsche Arbeitsmarkt erfolgreich eine große 
Anzahl ausländischer Erwerbstätiger anwerben könnte, würde ein erheblicher Mehrbedarf im Wohnungsbau 
entstehen.
Der Immobiliendienstleister JLL erwartet ebenfalls eine steigende Zahl an Haushalten und damit Wohnungen bis 
2035. Allein schon durch Rückgang der durchschnittlichen Haushaltsgröße könne die Zahl der Haushalte wachsen, 
selbst wenn die Bevölkerungszahl insgesamt rückläufig sei.
""Der Wohnungsbau wird für unsere Volkswirtschaft zur existentiellen Frage"", sagt Hubert Schulte-Kemper, 
Vorstandschef der FAKT AG. Bis zu zehn Millionen Arbeitnehmer aus Europa könnten in den nächsten zehn bis 
zwölf Jahren gebraucht werden. Und wenn man annehme, dass die durchschnittliche Familie, die dann nach 
Deutschland komme, aus drei bis vier Personen bestehe, dann dürften die Einwohnerzahlen bei uns auf deutlich 
über 100 Millionen ansteigen. Schulte-Kemper: ""Das bedeutet nichts anderes, als dass die Konjunktur durch die 
steigenden Einwohnerzahlen noch einmal einen deutlichen Ruck nach vorne macht. Und das bedeutet auch, dass 
der demografische Faktor, der so katastrophal für das Verhältnis Arbeitnehmer und Rentner sein soll, endlich in die 
Mottenkiste kommt.""
Drei Millionen fehlende Wohnungen Der Bedarf an Neubauten ist doppelt so hoch wie bisher prognostiziert. 
Das zeigt eine aktuelle Studie. Der überraschende Grund....
Original Gesamtseiten-PDF"
2021-03,Main Corpus,2021-03(50).ZIP,"Erst fesseln, dann fragen Die Polizei dringt erneut in eine Schutzeinrichtung für junge Geflüchtete.PDF","C:\PythonProjects\AfD-project\Corpora\Main Corpus\2021-03\raw_unarchive\Erst fesseln, dann fragen Die Polizei dringt erneut in eine Schutzeinrichtung für junge Geflüchtete.PDF","Erst fesseln, dann fragen Die Polizei dringt erneut in eine Schutzeinrichtung für junge Geflüchtete ein. Träger",erst fesseln dann fragen die polizei dringt erneut in eine schutzeinrichtung für junge geflüchtete ein träger,"taz, die tageszeitung",taz die tageszeitung,Mittwoch 03. März 2021,Timm Kühn,BERLIN; S. 23,1052,7515,ecac746f2e87828e756e5c5bdc2ff510f7259eb5,,unique,keep,,no,,no,,,8552,no,,,,,"Von Timm Kühn
Es ist der Morgen des 11. November 2020. Die Polizei sucht den Jugendlichen Yusuf (Name geändert); sie 
verdächtigt ihn, mit Drogen zu handeln, und vermutet, dass er sich in einer Jugend-WG in einer 
Gemeinschaftsunterkunft in Reinickendorf aufhält. Als die Beamten die Wohnung schlagartig betreten, wie es ein 
Polizeisprecher gegenüber der taz formuliert, finden sie zwei Jugendliche vor, die sie aus Gründen der 
Eigensicherung zunächst zu Boden bringen und anschließend fesseln. Doch die Jugendlichen haben mit der 
Angelegenheit nichts zu tun: Keiner von ihnen ist der Gesuchte, und als ihnen ein Foto von ihm gezeigt wird, 
können sie den jungen Mann nicht identifizieren.
Im Nachhinein entstandene Gesprächsprotokolle des Trägers der Einrichtung, die der taz vorliegen, schildern die 
Geschehnisse aus der Perspektive der beiden 19-jährigen Jugendlichen. Sie wurden vom Polizeieinsatz vollständig 
überrascht, einer der beiden schlief zum Zeitpunkt des Zugriffs. Als die Polizei ihre Zimmer stürmte, sie fesselte und 
sie auf Deutsch aufforderte, sich auf den Boden zu legen, bekamen sie es mit der Angst zu tun: Ich hatte nicht 
verstanden, warum sie da sind , sagt einer der Jugendlichen laut den Protokollen. Und: Ich denke immer noch 
darüber nach, warum sie mich gleich auf den Boden gelegt und gefesselt haben. 
Fehlende Kommunikation
In der Einrichtung wird jungen und unbegleiteten Geflüchteten ein betreutes Wohnen in Wohngemeinschaften 
ermöglicht. Das Angebot richtet sich explizit an Jugendliche, die sich in psychischen Belastungssituationen 
befinden und die bereit sind, ein vom Träger definiertes Regelwerk zu akzeptieren, etwa den Schulbesuch oder die 
Abstinenz von Drogen.

Erst fesseln, dann fragen Die Polizei dringt erneut in eine Schutzeinrichtung für junge Geflüchtete ein. Träger 
und Flüchtlingsrat kritisieren das gewaltsame Vo....
Der Träger selbst möchte nicht namentlich in der Zeitung genannt werden. Gegenüber der taz übte eine 
Mitarbeiterin jedoch deutliche Kritik am Vorgehen der Polizei: Es handelt sich bei der Einrichtung um einen 
Jugendschutzraum, in den die Polizei nicht ohne Einwilligung eintreten darf. Eine andere Vorgehensweise wäre 
möglich gewesen die Verhältnismäßigkeit fehlte hier völlig , sagte sie.
Die Polizei hält dem entgegen, sie habe mehrfach versucht, die beiden zuständigen Betreuer:innen zu erreichen. 
Diese bestätigen zwar, einen Anruf erhalten zu haben doch als man keine drei Minuten später versuchte, die 
Polizei zurückzurufen, sei keiner mehr erreichbar gewesen. Da sei der Zugriff bereits geschehen.
Die Darstellungen von Polizei und Träger widersprechen sich deutlich. Zum Beispiel ist unklar, wie die Beamten 
überhaupt zu der Vermutung kamen, dass sich Yusuf in der durchsuchten Wohnung aufhält. Ein Sprecher der 
Polizei schrieb der taz, der Gesuchte sei in der Vergangenheit in dieser Wohnung festgestellt worden. Für einen 
objektiven Beobachter habe er sich wie ein Nutzer dieser Wohnung verhalten.
Dagegen heißt es aus Kreisen des Trägers, der Gesuchte sei in der Einrichtung nie gemeldet gewesen und auch 
aus den Besuchsprotokollen gehe nicht hervor, dass sich Yusuf jemals im Gebäude aufgehalten habe. Dies wird 
durch die Aussagen mehrerer Bewohner:innen (unter ihnen die Jugendlichen der durchsuchten Wohnung) 
unterstützt, die den Gesuchten noch nie gesehen haben wollen.
Im Anschluss an den Einsatz habe sich die Polizei auf einen anderen Bewohner des Gebäudes bezogen, der als 
Kontaktperson Yusufs fungiert haben soll, heißt es aus Trägerkreisen. Dieser Jugendliche ist Jackson, der 
ebenfalls anders heißt, doch auch er möchte anonym bleiben. Auch Jackson will Yusuf noch nie gesehen haben 
zudem befinde sich seine Wohnung in einem ganz anderen Stockwerk als die durchsuchte, wie der Träger 
anmerkt.
 Ich hatte noch nie Ärger mit der Polizei , beteuert Jackson gegenüber der taz. Seinen Namen nun einfach mit 
Kriminalität in Verbindung zu bringen, sei respektlos. Ich verstehe nicht, warum mir die Polizei jetzt Probleme 
macht , sagt er und fordert, dass sein Name aus den Akten gelöscht wird.
Durchsuchungsbeschluss?
Seitens des Trägers wird vermutet, dass die Polizisten Jacksons Name einfach vom Klingelschild abgeschrieben 
haben könnten. Insgesamt zeigte man sich frustriert über die Kommunikation mit der Polizei. So habe sie sich im 
Nachhinein nach Namen anderer Schwarzafrikaner erkundigt als würde die Einrichtung Daten auf Basis von 
Hautfarben herausgeben.
Dazu kommt, dass niemand einen Durchsuchungsbeschluss gesehen haben will weder der Träger noch die 
betroffenen Jugendlichen. Nach den Gesprächsprotokollen, die auch Auseinandersetzungen einiger Betreuer:innen 
mit Sprecher:innen der Polizei beinhalten, soll eine Polizistin gesagt haben, es habe einen solchen auch gar nicht 
gebraucht, denn schließlich sei ja nichts durchsucht worden was den Aussagen der Jugendlichen widerspricht, 
nach denen Türen und Schränke in der Wohnung geöffnet wurden.
Auf erneute Nachfrage schreibt ein Sprecher der Polizei der taz, es habe ein gültiger, vom Amtsgericht Tiergarten 
ausgestellter Durchsuchungsbeschluss vorgelegen. Dieser sei einem der anwesenden Jugendlichen vorgezeigt 
worden. Der Beschluss sei in der Wohnung nicht hinterlassen worden, da es sich bei den angetroffenen Personen 
nicht um die Adressaten des Beschlusses gehandelt habe überhaupt seien keine Durchsuchungsmaßnahmen 
vorgenommen worden. Herausgeben könne die Polizei derartige Dokumente aber nicht.
Auch Nora Brezger vom Berliner Flüchtlingsrat übt schwere Kritik an der Polizei. Viele geflüchtete Jugendliche 
hätten mit Gewalttraumata zu kämpfen: Wenn sich Staat und Polizei derartig gewalttätig verhalten, verlieren die 
Jugendlichen alles aufgebaute Vertrauen in die Institutionen. Dies konterkariert die Bemühungen der 
Sozialarbeiter:innen, die Jugendlichen psychisch zu stabilisieren , sagte sie der taz. Dagegen schrieb die Polizei, 
sie wähle generell das mildeste Einsatzmittel nach dem Grundsatz der Verhältnismäßigkeit.
Erst fesseln, dann fragen Die Polizei dringt erneut in eine Schutzeinrichtung für junge Geflüchtete ein. Träger 
und Flüchtlingsrat kritisieren das gewaltsame Vo....
Es ist nicht das erste Mal, dass die Polizei unter fraglichen Umständen in eine Jugendschutzeinrichtung eindringt. 
Bereits 2019 kam es zu zwei vergleichbaren Vorfällen. Einer davon ereignete sich im Juli im benachbarten 
Gebäude derselben Jugendschutzeinrichtung. Der Flüchtlingsrat schrieb in der entsprechenden Mitteilung, 
bewaffnete Beamte hätten Jugendliche aus ihren Betten gezogen sowie in Handschellen gelegt obwohl gegen 
keinen von ihnen ein Straftatverdacht bestanden habe. Die von der Polizei gesuchte Person sei bereits zwei 
Monate zuvor in eine andere Einrichtung verlegt worden.
Biplab Basu vom der Initiative gegen Polizeigewalt Reach Out sieht in diesen Vorfällen ein systemisches Problem. 
Die Polizei patrouilliere auch verstärkt vor Gemeinschaftsunterkünften und schikaniere Jugendliche mit willkürlichen 
Befragungen, kritisiert er. Er fordert deshalb die Politik auf, klare Richtlinien für die Polizei zu schaffen, welche die 
Schutzräume von geflüchteten Jugendlichen sichern. Doch Basu sieht wenig Problembewusstsein aufseiten der 
Politik: Niemand scheint es als notwendig zu erachten, etwas zu tun. Ich kann das nur so deuten, dass diejenigen 
Menschen, die von solchen Situationen betroffen sind, keine Entscheidungsmacht besitzen , sagte er der taz.
 Ein anderes Vorgehen wäre möglich gewesen"
2021-03,Main Corpus,2021-03(50).ZIP,Es war nur Populismus Nach dem Auslaufen des Abschiebestopps nach Syrien wollte Seehofer schon ab de.PDF,C:\PythonProjects\AfD-project\Corpora\Main Corpus\2021-03\raw_unarchive\Es war nur Populismus Nach dem Auslaufen des Abschiebestopps nach Syrien wollte Seehofer schon ab de.PDF,Es war nur Populismus Nach dem Auslaufen des Abschiebestopps nach Syrien wollte Seehofer schon ab dem,es war nur populismus nach dem auslaufen des abschiebestopps nach syrien wollte seehofer schon ab dem,"taz, die tageszeitung",taz die tageszeitung,Mittwoch 03. März 2021,Konrad Litschko,INLAND; S. 6,543,4076,890728fd77270e403fa32c0a668f49c30a6adf41,,unique,keep,,no,,no,,,5764,no,,,,,"Von Konrad Litschko
Die Ankündigung war markig. Die Abschiebung von Gefährdern und Straftätern nach Syrien sollte sofort 
angeschoben werden, erklärte Bundesinnenminister Horst Seehofer (CSU) zum Jahreswechsel. Jeden einzelnen 
Fall solle das Bundesamt für Migration und Flüchtlinge (Bamf) ab dem 1. Januar genau prüfen und versuchen, eine 
Ausweisung zu ermöglichen.
Vorausgegangen war ein Beschluss der Innenministerkonferenz Anfang Dezember, den seit 2012 bestehenden 
Abschiebestopp nach Syrien aufzuheben. Dieser war wegen des dortigen Bürgerkriegs verhängt worden. Nun, drei 
Monate nach dem Beschluss, zeigt sich: Die Abschiebeankündigung nach Syrien ist bisher reine Rhetorik.
Fragt man Seehofers Ministerium, in wie vielen Fällen inzwischen konkret Abschiebungen nach Syrien geplant 
werden, gibt man sich dort wortkarg. Die Planungen lägen bei den Bundesländern und Ausländerbehörden, erklärt 
eine Sprecherin nur.
Dort allerdings verweist man zurück auf den Bund. Deutlich wird ein Sprecher von Niedersachsens Innenminister 
Boris Pistorius (SPD): Abschiebungen syrischer Staatsangehöriger sind derzeit nicht durchführbar und tatsächlich 
unmöglich. Dafür bräuchte es zuerst eine Kontaktaufnahme mit dem syrischen Staat, zu der bisher aber kein 
europäisches Land bereit sei. Auch drohte Abzuschiebenden in Syrien weiter Folter. Die Verantwortung für 
Ausweisungen nach Syrien lägen beim Bund. Bislang wurde keine derartige Möglichkeit aufgezeigt. 
Auch aus dem CSU-geführten Innenministerium in Bayern, das die Aufhebung des Abschiebestopps mit gefordert 
hatte, heißt es: Der Ball liegt zunächst bei der Bundesregierung und insbesondere dem Auswärtigen Amt, das die 

Es war nur Populismus Nach dem Auslaufen des Abschiebestopps nach Syrien wollte Seehofer schon ab dem 
Jahreswechsel Ausweisungen anschieben. Bisher passiert ist....
Lage in Syrien beurteilen und Wege finden muss, in Einzelfällen Rückführungen zu ermöglichen. Baden-
Württemberg benennt immerhin die Zahl von rund zehn Straftätern oder Gefährdern, die abgeschoben werden 
könnten wenn das Bamf sein Abschiebeverbot für diese Personen aufheben würde. Auch Sachsen verweist auf 
das Flüchtlingsamt, auf dessen Prüfergebnis man warte.
Beim Bamf indes gibt man sich ebenfalls zugeknöpft. Ja, es laufe eine Prüfung, inwieweit Abschiebungen von 
Gefährdern und schweren Straftätern in bestimmte Regionen Syriens möglich sind , erklärt ein Sprecher nur. 
Leider ist derzeit nicht absehbar, wann die Prüfung abgeschlossen sein wird. 
Gar nicht äußern will man sich beim Auswärtigen Amt. Dieses nannte die humanitäre Lage in Syrien zuletzt jedoch 
katastrophal . In einem internen Lagebericht ist die Rede von in allen Landesteilen weiterhin massiven 
Menschenrechtsverletzungen . Und: Eine sichere Rückkehr kann derzeit für keine bestimmte Region Syriens und 
für keine Personengruppe grundsätzlich gewährleistet und überprüft werden. 
Bereits vor der Aufhebung des Abschiebestopps hatten die SPD, Opposition und Initiativen wie Pro Asyl gewarnt, 
dass Abschiebungen nach Syrien Menschenrechte verletzen würden und rechtlich nicht durchsetzbar seien. Die 
Unions-Minister um Seehofer hatten dagegen nach einer tödlichen Messerattacke eines syrischen Islamisten in 
Dresden erklärt, Ausweisungen dorthin dürften nicht mehr per se untersagt werden.
Aber selbst im schwarz-gelben NRW hält man Abschiebungen nach Syrien derzeit für aussichtslos. 
Integrationsminister Joachim Stamp (FDP) holte dazu gar ein eigenes Gutachten bei dem Völkerrechtler Daniel 
Thym ein. Der hält Abschiebungen nach Syrien höchstens in Einzelfällen für zulässig. Gerade islamistischen 
Gefährdern drohten aber besonders häufig Folter oder unmenschliche Behandlungen .
Im Fall Syrien werde kein Gericht einer Rückführung zustimmen, solange dort noch Assad regiert, erklärt Stamp. Es 
sei daher ein grober Fehler, derartige Rückführungen derzeit in Aussicht zu stellen und der Bevölkerung etwas 
vorzugaukeln, was rechtlich und praktisch zum jetzigen Zeitpunkt unmöglich ist .
 Ein grober Fehler, der Bevölkerung etwas vorzugaukeln"
2021-03,Main Corpus,2021-03(50).ZIP,"Geld, Gesundheit - gut gemischt Mehrere Politiker, die fragwürdige Geschäfte mit Schutzmasken vorhat.PDF","C:\PythonProjects\AfD-project\Corpora\Main Corpus\2021-03\raw_unarchive\Geld, Gesundheit - gut gemischt Mehrere Politiker, die fragwürdige Geschäfte mit Schutzmasken vorhat.PDF","Geld, Gesundheit - gut gemischt Mehrere Politiker, die fragwürdige Geschäfte mit Schutzmasken vorhatten,",geld gesundheit  gut gemischt mehrere politiker die fragwürdige geschäfte mit schutzmasken vorhatten,Welt am Sonntag,welt am sonntag,28. März 2021,Lennart Pfahler,Politik; S. 6; Ausg. 13,1884,13650,5736d885cb65cc09979fe05ec6c73ca9a940a7a3,,unique,keep,,no,,no,,,15148,no,,,,,"Als Nikolas Löbel im April 2020 das große Geld wittert, wendet er sich an Nizar Maarouf. Das Coronavirus breitet 
sich in Deutschland aus, medizinische Schutzkleidung ist Mangelware und Löbel, damals CDU-
Bundestagsabgeordneter, will einen Maskendeal einfädeln - und dafür selbst Provision einstreichen, zwölf Cent pro 
Stück. Auch sein Amtskollege Mark Hauptmann nimmt damals Kontakt zu Maarouf auf - und dieser verweist beide 
an die Geschäftsführung seines Arbeitgebers: des Klinikkonzerns Sana. Aus beiden Anbahnungen wird nichts, die 
Politiker machen die Geschäfte, die sie mittlerweile ihre Ämter gekostet haben, anderswo. Doch die Vorgänge 
werfen die Frage auf: Wer ist Nizar Maarouf - und warum schrieben die beiden gerade ihm?
Maarouf ist öffentlich vor allem in einer anderen Rolle bekannt: als Ehemann von Sawsan Chebli, Berliner 
Staatssekretärin für Bürgerschaftliches Engagement und Internationales. Das Paar drängt in die Öffentlichkeit, es 
gibt zahlreiche Fotos auf roten Teppichen. Chebli, eines von 13 Kindern eines als palästinensische Flüchtlinge ins 
Land gekommenen Paares, und Maarouf, geboren in Doha, eint ihre Aufstiegsgeschichte. Sie sind mit wenig 
gestartet, jetzt haben sie viel.
Während über Chebli viel und kontrovers berichtet wird, weiß man über ihren Mann wenig. Dabei ist der Blick auf 
seine Geschäfte von öffentlichem Interesse. Für den Handel mit Schutzausrüstung, wie ihn Löbel und Hauptmann 
praktizierten, war Maarouf nie zuständig, betont sein Anwalt. Doch Maarouf erlangte einen Teil seines Wohlstands 
über zumindest bemerkenswerte Provisionsgeschäfte: über die Vermittlung reicher Patienten, vor allem aus 
Golfstaaten, an seinen früheren Arbeitgeber, den Berliner Klinikkonzern Vivantes. WELT AM SONNTAG liegen 
mehr als 100 Seiten Dokumente über die dortige Tätigkeit Maaroufs vor. Sie legen nahe, dass seine Karriere auch 
auf Verbindungen zu autoritären Regimen gründet und dass auch Bekannte und Verwandte von seinen Geschäften 
profitierten - nicht nur Maaroufs Verwandte, sondern nach Angaben mehrerer Quellen auch solche seiner Frau. 
Unter anderem deshalb ist dies auch eine Geschichte über die Berliner Staatssekretärin.

Geld, Gesundheit - gut gemischt Mehrere Politiker, die fragwürdige Geschäfte mit Schutzmasken vorhatten, 
wandten sich an Nizar Maarouf, Ehemann der SPD-Politike....
Ende der Nullerjahre herrschte bei deutschen Kliniken Goldgräberstimmung. Sie begannen, gut betuchte Patienten 
aus dem Ausland für Behandlungen in Deutschland zu gewinnen. Es etablierte sich ein neues Berufsfeld: 
Vermittler, die den Kliniken diese Patienten gegen Gebühr zuführten. Sie machten die Kontakte, halfen bei 
Übersetzungen und der Beschaffung von Visa. Auch Vivantes stieg ins Geschäft ein. Und hier kam Maarouf ins 
Spiel.
2007, war Maarouf noch Medizinstudent. Das zeigt ein Lebenslauf, der WELT AM SONNTAG vorliegt. Doch schon 
im selben Jahr vermittelte er als externer Dienstleister erste Patienten an Vivantes. Interne Unterlagen des 
Konzerns zeigen, dass er 2008 zum Beispiel in einem Fall 27.000 Euro Provision erhielt. Das Geschäft mit solchen 
Provisionen ist rechtlich umstritten, wie die Deutsche Krankenhausgesellschaft bestätigt. Hier sieht man das Modell 
kritisch. Vermittlungsgebühren gelten mittlerweile, einem Gerichtsurteil des Landgerichts Kiel von 2011 und 
verschiedenen Gutachten zufolge, sogar als ""sittenwidrig"" - weil eine solche Kommerzialisierung des 
Medizinbereichs ""anstößig"" sei. Der SPD-Gesundheitspolitiker und damit Parteigenosse von Chebli, Karl 
Lauterbach, sprach in Bezug auf die vielen unseriösen Patientenvermittler der Branche von ""echter Korruption"". Es 
handele sich um ""Wiederholungstäter, die von diesem Geschäftsmodell leben"". Im Jahr 2016 verschärfte die 
Bundesregierung die Gesetzeslage. Patientenvermittler können sich seither der Bestechlichkeit und Bestechung 
schuldig machen.
Für Maarouf aber wurde der Medizintourismus zum Karrieresprungbrett. Er wurde bei Vivantes festangestellt - und 
kam schnell in Führungsverantwortung. Bereits ab 2008 gibt der Geschäftsmann in seinem Lebenslauf den Titel 
""Vice Director Vivantes International"" an. Zwischen 2010 und 2013 war er Geschäftsführer der Tochtergesellschaft 
Vivantes International GmbH, die für das Auslandsgeschäft gegründet worden war. Er vernetzte sich, wurde 
Gründungsmitglied der Deutsch-Arabischen-Freundschaftsgesellschaft, in deren Vorstand zahlreiche arabische 
Botschafter sitzen, er trat dem prestigeträchtigen Lions Club bei. Ab 2012 gehörte er dem Präsidium des 
Handelsverbands Arab-German Chamber of Commerce and Industry (Ghorfa) an. Die Organisation ist Anlaufstelle 
für Deutsche, die in arabischen Ländern investieren wollen, und Araber, die auf den deutschen Markt drängen.
Doch es gab bei Vivantes Beschwerden über ihn. Im Dezember 2015 erhielt die Geschäftsführung den Hinweis, 
Maarouf habe darauf gedrungen, Zahlen zu schönen. Die betroffenen Mitarbeiter hätten das jedoch abgelehnt.
Dokumente belegen zudem, dass er seinen Einfluss nutzte, um Verwandte zu bedenken. Einem davon, der eine 
Medienagentur betreibt, erteilte er demnach mehrfach Aufträge, etwa im Jahr 2010 für ""Kopien"" im Wert von mehr 
als 15.000 Euro. Einen Teil der Aufträge zeigte Maarouf intern an, als es 2012 zu einer ""Prüfung zu Beziehungen 
zu und Geschäften mit nahe stehenden Unternehmen und Personen"" kam. In der Folge bekam der Verwandte 
einer Quelle zufolge keine Aufträge mehr. Zudem berichten zwei Gesprächspartner: zwei Nichten Sawsan Cheblis 
hätten unter Maaroufs Leitung bei Vivantes International als ""Case-Manager"" angeheuert. Im Sommer 2017 
gerieten die beiden Frauen und eine weitere Mitarbeiterin demnach in den Fokus der internen Revision. Zusammen 
sollen sie über einen längeren Zeitraum Geldbeträge in Höhe von insgesamt mehr als 100.000 Euro von 
Patientenkonten an sich selbst ausgezahlt haben. Dabei sollen die Frauen ausgenutzt haben, dass 
Auslandspatienten in vielen Fällen mehr Geld in Vorkasse zahlen als die Behandlung am Ende kostet. Sie sollen 
demnach der Klinik vorgegaukelt haben, die Patienten bekämen das Restguthaben zurück, es aber tatsächlich in 
die eigene Tasche gesteckt haben. So beschreibt es eine Person, die mit den Vorgängen vertraut ist.
Auf Fragen dieser Zeitung zu dem Sachverhalt verweist Sawsan Chebli auf die Pressestelle von Vivantes mit dem 
Hinweis, man dürfe aus ihrem Schreiben nicht weiter zitieren. Die Klinik räumt den Vorfall auf Anfrage ein. Die 
Abteilungsleitung, also auch Maarouf, sei in die Aufarbeitung involviert gewesen. Nachdem man intern davon 
erfahren habe, sei das Arbeitsverhältnis mit den Frauen beendet worden. Ein damaliges Betriebsratsmitglied 
erklärt, nie von dem Vorfall erfahren zu haben. Außerordentlich gekündigt wurden die Frauen demnach wohl nicht - 
denn dann hätte der Betriebsrat informiert werden müssen. Bedeutet das, dass den beiden Mitarbeiterinnen 
empfohlen wurde, von sich aus zu kündigen, um die Angelegenheit unter der Decke zu halten? Vivantes schreibt 
nur, die Frauen hätten das veruntreute Geld ""größtenteils"" zurückgezahlt und die Compliance-Bestimmungen seien 
seither verbessert worden.
Geld, Gesundheit - gut gemischt Mehrere Politiker, die fragwürdige Geschäfte mit Schutzmasken vorhatten, 
wandten sich an Nizar Maarouf, Ehemann der SPD-Politike....
Nizar Maarouf lässt auf eine detaillierte Anfrage von WELT AM SONNTAG den Presserechtsanwalt Christian 
Schertz antworten. Dieser teilt mit, sein Mandant könne zu den Vorwürfen nicht Stellung nehmen. Er sei durch 
Verschwiegenheitsklauseln seines ehemaligen Arbeitgebers gebunden.
Maarouf bescherte dem Krankenhaus nicht nur Patienten, er lebte auch gut: Er stieg zum Beispiel im ""Ritz-Carlton"" 
ab, wenn er Vertreter des saudischen Gesundheitsministeriums traf, wie ein Reiseplan aus dem Jahr 2015 zeigt. 
Die Reisekosten, die Maarouf und sein engster Geschäftspartner bei Vivantes abrechneten, beliefen sich in 
manchen Monaten auf mehr als 10.000 Euro. Das lässt sich auf internen Abrechnungen eines Projektes in Saudi-
Arabien erkennen. Das Unternehmen zahlte auch weiter hohe Summen an externe Vermittler. Die Firma 
International Medical etwa, die den Kontakt zur kuwaitischen Botschaft herstellte, erhielt zwischen 2015 und 2016 
laut Dokumenten mehr als 3,6 Millionen Euro. Und das Unternehmen Sanam Infrastructure, das sich für die 
Anbahnung eines ähnlichen Vertrags mit Saudi-Arabien verantwortlich zeigte, verdiente in dieser Zeit rund 1,3 
Millionen Euro Provision. Dabei schwamm Vivantes nicht gerade im Geld: Noch 2004 stand die Firma kurz vor der 
Pleite. Vivantes ist ein kommunales Unternehmen, es gehört dem Land. Der Draht zur Politik ist direkt, mehrere 
Senatoren sitzen im Aufsichtsrat. Der Berliner Senat unterband die Geschäfte aber keineswegs. 2012 berief er 
Maarouf laut seines Lebenslaufs sogar in den Beirat ""Neue Märkte erschließen"". Zu dieser Zeit war Ehefrau Chebli 
als Referentin für den Berliner Innensenator tätig. 2015 ging der Aufstieg des Powerpaares weiter. Chebli war nun 
im Bundesaußenministerium tätig, Maarouf war Teil einer Delegation, die mit dem damaligen Wirtschaftsminister 
Sigmar Gabriel nach Riad, Abu Dhabi und Doha reiste.
Welche Rolle spielten die Geschäfte Maaroufs für seine Ehefrau im Außenministerium? Die SPD-Politikerin ist eine 
streitbare Person, mal feiern die Medien sie, dann wieder eckt sie an. Die Scharia sei ""absolut kompatibel"" mit dem 
Grundgesetz, sagte Chebli 2016 etwa der FAZ - eine Auffassung, die sie später korrigierte. Der von ihr initiierte 
Verein ""Jung, Muslimisch, Aktiv"" machte Schlagzeilen, nachdem bekannt wurde, dass dort 2011 der Imam Abdul 
Adhim Kamouss aufgetreten war, der noch 2010 vom Verfassungsschutz dem radikalen Islam zugeordnet wurde, 
unter anderem, weil er mit dem späteren führenden deutschen IS-Terroristen Dennis Cuspert verkehrte. Im 
Auswärtigen Amt wurde Chebli 2014 die erste Nichtdiplomatin auf einem Sprecherposten.
Maarouf machte indes Geschäfte mit Saudi-Arabien. Einem Land, das für die Verletzung von Menschenrechten 
bekannt ist und jährlich Dutzende Menschen ohne faires Verfahren hinrichtet. Beide hätte das stutzig machen 
können. Chebli jedoch, so berichtete es der ""Spiegel"" im Juli 2018, habe im Außenministerium selbst mit den 
Kontakten ins saudische Königshaus ""geprotzt"". Im Mai 2010 waren Chebli und Maarouf beide anwesend, als der 
damalige saudische Prinz und heutige König Salman in Berlin empfangen wurde. Maarouf begrüßte Salman bereits 
am Flughafen, wie ein Foto zeigt. Später schüttelte auch Chebli, die zu dieser Zeit bereits für die Senatsverwaltung 
des Inneren tätig war, die Hand des Autokraten. Die Berliner Politik bereitete einen feierlichen Empfang. Und 
Vivantes feierte mit.
Wenige Monate zuvor hatte Maarouf in Riad sein bisheriges Meisterstück vollbracht. Als Mitglied einer Delegation 
mit dem damaligen Berliner Bürgermeister Harald Wolf und weiteren Klinikvertretern zog er einen Multi-Millionen-
Coup an Land. Vivantes sollte ein Universitätsklinikum für die Al-Imam-Hochschule in Riad planen. In einer 
Präsentation bezifferte Maarouf das Projektvolumen im Jahr 2011 auf 1,75 Milliarden US-Dollar. Fragt man bei 
Vivantes heute, was aus dem Projekt wurde, stößt man auf Ratlosigkeit. Dazu lägen keine Informationen vor, 
erklärt eine Sprecherin. Klar ist: Das Krankenhaus wurde nie gebaut. Bereits 2014 fand bei Vivantes eine 
Steuerprüfung zu Vorgängen rund um das Projekt statt, das Maarouf mitverantwortete. Unter anderem war 
aufgefallen, dass Vivantes der saudischen Gesundheitsattachée ein Beraterhonorar gezahlt hatte.
Die Recherchen zeigen auch, dass Maaroufs Wirken zu politischen Verwerfungen führte. Die Botschaft von Katar 
etwa weigerte sich ab 2014, Rechnungen von Vivantes zu begleichen. Insgesamt entstanden so in der 
Auslandssparte zwischen 2008 und 2018 offene Forderungen von über 4,4 Millionen Euro. Und 2018 eskalierte ein 
Streit mit Kuwait. In einem Schreiben an Vivantes warf die kuwaitische Botschaft dem Konzern ""Missbrauch"" des 
Geschäfts vor. Eine der Anschuldigungen: Vivantes habe Patienten unnötige, nicht abgesprochene Reha-
Behandlungen verschrieben.
Geld, Gesundheit - gut gemischt Mehrere Politiker, die fragwürdige Geschäfte mit Schutzmasken vorhatten, 
wandten sich an Nizar Maarouf, Ehemann der SPD-Politike....
In der Belegschaft des Klinikkonzerns wuchs das Misstrauen gegenüber dem Geschäftsmodell - unter anderem 
wegen Hinweisen auf Menschenrechtsverletzungen in Partnerländern. Anfang 2019 beendete Vivantes laut 
eigenen Angaben die Zusammenarbeit mit Geschäftsbesorgern im Auslandsgeschäft. Gleichzeitig verließ Maarouf 
das Unternehmen. Die Hintergründe seines Abgangs sind unklar. Vivantes will sich dazu nicht äußern, suggeriert 
stattdessen, Vorwürfe gegen Maarouf könnten rassistisch motiviert sein. Die Fragen von WELT AM SONNTAG 
würden sich auf einen leitenden Mitarbeiter beziehen, der ""aufgrund seines sogenannten Migrationshintergrundes 
bereits mehrfach Ziel von Angriffen und Verleumdungen geworden ist"".
Maarouf wechselte nach seinem Abgang zum Konkurrenten Sana. Mittlerweile ist er auch dort nicht mehr tätig. E-
Mails kommen mit einem Hinweis zurück, seine Sana-Adresse sei nicht mehr aktiv. Die Hintergründe der Trennung 
sind abermals unklar. Zu Maaroufs Vermittlung von Schutzmaterialangeboten an Sana äußert sich das 
Unternehmen nur knapp: Es lägen keine Erkenntnisse vor.
Original Gesamtseiten-PDF
Graphic
 
Das Generalkonsulat Kuwaits beschwerte sich 2018 über Ungereimtheiten bei der Behandlung von Patienten
Die Berliner Staatssekretärin Sawsan Chebli (l.) mit ihrem Ehemann Nizar Maarouf"
2021-03,Main Corpus,2021-03(50).ZIP,Homeschooling für Flüchtlingskinder Das Projekt „Digitales Lernen“ hilft zugewanderten Kindern und J.PDF,C:\PythonProjects\AfD-project\Corpora\Main Corpus\2021-03\raw_unarchive\Homeschooling für Flüchtlingskinder Das Projekt „Digitales Lernen“ hilft zugewanderten Kindern und J.PDF,Homeschooling für Flüchtlingskinder Das Projekt „Digitales Lernen“ hilft zugewanderten Kindern und,homeschooling für flüchtlingskinder das projekt digitales lernen hilft zugewanderten kindern und,Rheinische Post,rheinische post,Montag 8. März 2021,Christoph Wegener,S. 18,418,3261,9754341a63ddcafd6d84b8fd4f591be62d2721fb,,unique,keep,,no,,no,,,4832,no,,,,,"Christoph Wegener
Leverkusen Homeschooling während der Corona-Kontaktbeschränkungen ist für viele Familien eine 
Herausforderung. Gerade Kinder und Jugendliche, die erst nach Deutschland gezogen sind, stellt die 
Schulschließung vor Probleme. Wegen sprachlicher Barrieren und weil die digitale Ausstattung und pädagogische 
Begleitung fehlen, ist es für sie oft sehr schwer, am digitalen Unterricht teilzunehmen.
Aus diesem Grund wurde im vergangenen Jahr in Leverkusen das Projekt „Digitales Lernen“ ins Leben gerufen. 
Damit soll die Chancen auf Bildung und Teilhabe zugewanderter Schulkinder in Grundschulen und weiterführenden 
Schulen gestärkt werden. In zwei Unterkünften ist das Pilotprojekt bereits angelaufen. Dort gibt es eigene 
Lernräume mit jeweils bis zu vier digital vollständig ausgestatteten Arbeitsplätzen, die an vier Tagen pro Woche mit 
jeweils drei Zeitstunden den Schülern zur Verfügung stehen. Während dieser Lernzeiten stehen studierende 
Honorarkräfte als Ansprechpersonen für inhaltliche Fragen und erste Orientierungshilfen zur Verfügung, meldet die 
Stadt.
Wegen der hohen Nachfrage wird das Projekt nun auch in der neuen Gemeinschaftseinrichtung in Opladen zum 
Einsatz kommen. Grundlage dafür: die finanzielle Unterstützung des Leverkusener Kunststoffherstellers Covestro 
in Höhe von 2500 Euro. Die Spende des Unternehmens ermöglicht die technische Grundausstattung mit Laptops, 
Kopfhörern mit Mikrofonen und Druckern. „Ich freue mich, dass die Kinder und Jugendlichen an der Sandstraße 
nun die Möglichkeit haben, auch digital zu lernen und am Fernunterricht teilzunehmen“, betont Daniel Koch, Leiter 
der NRW-Standorte von Covestro. „Das passt hervorragend in unsere Spendenstrategie, digitalen Unterricht 
vielfältig zu fördern.“

Homeschooling für Flüchtlingskinder Das Projekt „Digitales Lernen“ hilft zugewanderten Kindern und 
Jugendlichen in Leverkusen, am digitalen Unterricht teilnehme....
Besonders hebt er die Kombination aus technischer Ausstattung, separaten Lernräumen und der Betreuung beim 
Homeschooling vor Ort hervor. „Denn gerade diese Kombination hilft den Kindern besonders dabei, dass sie unter 
den schwierigen Bedingungen der Corona-Pandemie so gut wie möglich Anschluss halten können“, ergänzt der 
Manager.
„Digitales Lernen“ ist ein Gemeinschaftsprojekt von der Stadt, dem Caritasverband Leverkusen und der 
Schülerfirma „Young Generation“ am Landrat-Lucas-Gymnasium. Die Schülerfirma übernimmt die Einrichtung und 
Wartung der PCs, die Nutzungseinführung für die Honorarkräfte und die Hilfestellung bei spontan auftretenden 
technischen Schwierigkeiten.
Die pädagogische Begleitung des Projektes und die Pflege und Wartung der Technik werden über den städtischen 
„Fonds für Orientierungs- und Integrationsprojekte“ aus Mitteln des Landes NRW finanziert. Der Caritasverband 
gewährleistet den Einsatz und die pädagogische Begleitung der Honorarkräfte.
Auch über die Corona-Pandemie hinaus soll das Projekt einen wichtigen Baustein einer zukunftsfähigen 
Integrationsarbeit darstellen. „Denn auch unabhängig von Schulschließungen ist künftig von weitaus größeren 
Nutzung digitaler Medien in der Lehrer-Schüler-Kommunikation auszugehen“, berichtet die Projektkoordinatorin Ute 
Kommoß von der Stadt."
2021-03,Main Corpus,2021-03(50).ZIP,In Pakistan nicht sicher(2).PDF,C:\PythonProjects\AfD-project\Corpora\Main Corpus\2021-03\raw_unarchive\In Pakistan nicht sicher(2).PDF,In Pakistan nicht sicher,in pakistan nicht sicher,Frankfurter Rundschau,frankfurter rundschau,Montag 15. März 2021,,HESSEN; S. D2,1093,7761,b90ac954277eccd1216efe1eb8efcaaf9fc1996a,,unique,keep,,no,,no,,,8915,no,,,,,"Hier lebt ein Ahmadi. Töten.“ Diese Worte schreiben Unbekannte an die Hauswand von Jaz Rai. Er lebt zu dem 
Zeitpunkt mit seiner Ehefrau und den zwei Töchtern in Faisalabad, der drittgrößten Stadt Pakistans. Für seine Frau 
steht fest, dass das Leben ihres Mannes nun nicht mehr sicher ist. Gemeinsam beschließen sie, dass er Pakistan 
verlassen muss. 
Seit 2014 lebt der 64-Jährige in Frankfurt im Haus seines Neffen Ahmad Roy. Rais Asylverfahren wurde abgelehnt, 
seit drei Jahren ist er in Deutschland nur noch geduldet. Alle ein bis zwölf Wochen muss er seine Duldung 
verlängern lassen, jederzeit könnte ein Schreiben mit einem Abschiebebescheid ins Haus flattern. Doch eine 
Abschiebung nach Pakistan könnte einem Todesurteil gleichen. Rai gehört der muslimischen 
Religionsgemeinschaft Ahmadiyya an, deren Rechte auf Religions- und Glaubensfreiheit in Pakistan stark 
eingeschränkt werden. „Nach pakistanischen Blasphemie-Gesetzen ist es Ahmadis verboten, ihren Glauben 
auszuüben, ihr Glaubensbuch Koran zu nennen oder in eine Moschee zu gehen. Ihnen drohen drastische Strafen 
bis zur Todesstrafe“, sagt Sigrid Krieg, Pakistanexpertin bei Amnesty International. Neben Rai sind nach Angaben 
der Ahmadiyya Muslim Jamaat, der deutschen Ahmadiyya-Gemeinde mit Hauptsitz in Frankfurt, bundesweit 535 
Ahmadis von einer Abschiebung bedroht. Allein in Hessen sollen es mehr als 200 sein. Die Gemeinde, die nach 
eigenen Angaben rund 45 000 Mitglieder zählt, hat dazu eine Liste samt Namen, Adressen und Telefonnummern 
der Betroffenen erstellt. Die Liste liegt der FR vor. 
Die Fälle der abgelehnten Asylbescheide unter Ahmadis hätten sich von 2018 an gehäuft. Grund dafür könnte laut 
Yanki Pürsün, dem sozialpolitischen Sprecher der FDP im Landtag, sein, dass seit 2018 auch Menschen ohne 
Ausweisdokument abgeschoben werden können. Ähnliches berichtet Timmo Scherenberg vom hessischen 
Flüchtlingsrat. „Pakistan ist unser Sorgenkind“, sagt er. Seit 2017 sei es einfacher, Pakistani abzuschieben. „Es ist 
völlig absurd, wer da im Flieger sitzt: ein 18-Jähriger, der hier geboren ist und sein Abitur gemacht hat, oder ein 
Filialleiter bei McDonalds“, sagt Scherenberg. 
Nach Angaben des Innenministeriums wurden im vorigen Jahr, wie auch 2019, insgesamt 59 Personen aus Hessen 
nach Pakistan abgeschoben, 2018 waren es 68. Wie viele davon Ahmadis sind, erfassen die hessischen Behörden 
nicht gesondert.

In Pakistan nicht sicher
Die Ahmadiyya-Gemeinde will nicht tatenlos zusehen und findet Unterstützung in der Politik und bei der 
Nichtregierungsorganisation Pro Asyl. „Wir wollen zunächst alle Parteien zu einem runden Tisch einladen“, sagt 
Pürsün, der die Ahmadis unterstützt. Auch die Linke hat bereits reagiert und möchte eine kleine Anfrage zu der 
Situation der Ahmadis in den Bundestag einbringen, sagt Saadet Sönmez, die migrations- und 
integrationspolitische Sprecherin ihrer Partei im Landtag. Pro Asyl prüft derweil ein Gutachten für eine 
Flüchtlingsanerkennung der Ahmadis. Grundlage dafür ist die Genfer Flüchtlingskonvention, in der es auch heißt, 
dass eine Flüchtlingsanerkennung erst dann infrage kommt, „wenn es auch in keinem anderen Teil des 
Herkunftslandes Schutz vor Verfolgung gibt“. 
Im Bericht des Auswärtigen Amtes aus dem Juni 2020 über die asyl- und abschiebungsrelevante Lage in Pakistan 
heißt es, für Ahmadis biete Rabwah, ihr religiöses Zentrum, einen Schutz vor Repressionen, weil sie dort 
weitestgehend unter sich seien. 
Allerdings kann Rabwah als Schutzort durchaus angezweifelt werden. Warum? Ein Ahmadi teilte bei einer 
Anhörung zu seinem Asylverfahren beim Bundesamt für Migration und Flüchtlinge (Bamf) mit, dass am 5. 
Dezember 2016 in Rabwah, wo er wohnte, eines ihrer Gotteshäuser angezündet und zuvor mehrere Privathäuser 
ihrer Mitglieder angezündet wurden. Am 28. Mai 2010 seien in Lahore mehr als 100 Menschen in ihrem Gotteshaus 
getötet worden.
Außerdem gehört Pakistan zu den Ländern mit den schärfsten Blasphemiegesetzen. Das pakistanische 
Strafgesetzbuch „diskriminiert ausdrücklich religiöse Minderheiten“, sagt Expertin Krieg. „Pakistanische Behörden 
verhaften, inhaftieren und klagen Ahmadis willkürlich wegen Blasphemie und anderen Vergehen an.“ 
Sicherheitsbehörden beteiligten sich mehrfach an erfundenen Anklagen oder schritten bei Gewalt gegen Ahmadis 
nicht ein. 
Die Regierung fördert sogar diskriminierende Praktiken. So müssen etwa alle muslimische Pakistaner:innen, die 
einen Reisepass beantragen, eine Erklärung unterschreiben, dass sie den Gründer der Ahmadiyya-Gemeinde für 
einen Hochstapler halten und Ahmadis als Nicht-Muslime betrachten. 
Dass die Ahmadis so ins Visier geraten, musste Rais Schwager 2004 mit seinem Leben bezahlen. „Seine Kollegen 
haben ihn während der Arbeit ermordet. Die Mörder laufen weiter frei herum“, sagt Rais Neffe. Seit Juli 2020 
wurden mindestens fünf Ahmadis getötet. In nur zwei Fällen hat die Polizei laut Amnesty einen Verdächtigen in 
Gewahrsam genommen. Im Lagebericht des Auswärtigen Amts steht, die Zahl der Inhaftierten liege im dreistelligen 
Bereich. Derzeit sollen mindestens 17 zum Tode Verurteilte auf die Vollstreckung warten, in der Mehrheit der Fälle 
sind Schiiten und Ahmadis betroffen. In Pakistan sei es keine Sünde einen Ahmadi zu töten, erzählt Rais Neffe. 
Dabei stehe doch im Koran: „Wenn jemand einen Menschen tötet, ist es, als hätte er die ganze Menschheit 
getötet.“
Wer in Deutschland Asyl erhält, entscheidet am Ende das Bamf. In einem persönlichen Gespräch können 
Asylbewerber:innen ihre Fluchtgründe, das eigene Verfolgungsschicksal und die persönliche Einschätzung der 
Umstände, die sie bei einer Rückkehr in ihr Herkunftsland erwarten, erläutern. „Auf Basis der persönlichen 
Anhörung und der eingehenden Überprüfung von Dokumenten und Beweismitteln entscheidet das Bamf über den 
Asylantrag“, sagt ein Sprecher des Innenministeriums. 
Lehnt das Amt einen Asylantrag ab, besteht die Möglichkeit zur Klage vor dem zuständigen Verwaltungsgericht. 
Dann geht es um Fragen wie: Wie wird der Glaube ausgelegt? Und wird die Person überhaupt verfolgt? „Die 
Verwaltungsgerichte urteilen unterschiedlich“, sagt Peter von Auer, rechtspolitischer Referent bei Pro Asyl. 
Jaz Rais Asylverfahren wurde mit der Begründung abgelehnt, bei ihm seien keine sichtbaren Verletzungen zu 
erkennen gewesen. Manchmal denkt er darüber nach, freiwillig nach Pakistan zurückzukehren. Er vermisse seine 
Familie, sei sehr traurig und weine viel. Voriges Jahr habe er einen Herzinfarkt erlitten, weil er so viel Angst habe, 
erzählt sein Neffe. Rai selbst sagt: „Hier sterbe ich vor Angst, und in Pakistan kann mich jemand ermorden.“
In Pakistan sei es keine 
In Pakistan nicht sicher
Sünde, Ahmadis zu töten
ASYL
Bei der Duldung handelt es sich um eine Aussetzung der Abschiebung (§ 60a AufenthG). Eine Person mit 
Duldung ist demnach ausreisepflichtig, kann aber aus verschiedenen Gründen nicht abgeschoben werden. 
Abgeschoben wird trotzdem. Die nächste Sammalabschiebung nach Pakistan findet am 17./18. November statt.
Nach Angaben des Innenministeriums halten sich in Hessen 18 432 pakistanische Staatsangehörige auf, 
darunter 1326 ausreisepflichtige .
Hessenweit gelten 15 490 Personen als ausreisepflichtig. Die meisten kommen aus Afghanistan (3126), gefolgt 
vom Irak (1558) und schließlich Pakistan. 
Neben den Ahmadis werden laut Auswärtigem Amt in Pakistan auch Schiiten, Christen, Hindus und Sikhs in 
unterschiedlichem Ausmaß diskriminiert und verfolgt.
Das pakistanische Strafrecht 
lässt theoretisch eine Strafverfolgung für im Ausland begangene Straftaten zu. Ahmadis, die sich in Deutschland als 
Muslime bezeichnen, könnten wegen Verstoßes gegen die Anti-Ahmadi-Gesetze verfolgt werden. stn
Link zum PDF-Dokument"
2021-03,Main Corpus,2021-03(50).ZIP,In Pakistan nicht sicher.PDF,C:\PythonProjects\AfD-project\Corpora\Main Corpus\2021-03\raw_unarchive\In Pakistan nicht sicher.PDF,In Pakistan nicht sicher,in pakistan nicht sicher,Frankfurter Rundschau,frankfurter rundschau,Freitag 12. März 2021,,FRANKFURT; S. F2,967,6802,f61c815ea1367e3d11ea1ba7f21b2725b5c2bd95,,unique,keep,,no,,no,,,7960,no,,,,,"Hier lebt ein Ahmadi. Töten.“ Diese Worte schreiben Unbekannte an die Hauswand von Jaz Rai. Er lebt zu dem 
Zeitpunkt mit seiner Ehefrau und den zwei Töchtern in Faisalabad, der drittgrößten Stadt Pakistans. Für seine Frau 
steht fest, dass das Leben ihres Mannes nun nicht mehr sicher ist. Gemeinsam beschließen sie, dass er Pakistan 
verlassen muss. 
Seit 2014 lebt der 64-Jährige in Frankfurt im Haus seines Neffen Ahmad Roy. Rais Asylverfahren wurde abgelehnt, 
seit drei Jahren ist er in Deutschland nur noch geduldet. Alle ein bis zwölf Wochen muss er seine Duldung 
verlängern lassen, jederzeit könnte ein Schreiben mit einem Abschiebebescheid ins Haus flattern. Doch eine 
Abschiebung nach Pakistan könnte einem Todesurteil gleichen. Rai gehört der muslimischen 
Religionsgemeinschaft Ahmadiyya an, deren Rechte auf Religions- und Glaubensfreiheit in Pakistan stark 
eingeschränkt werden. „Nach pakistanischen Blasphemie-Gesetzen ist es Ahmadis verboten, ihren Glauben 
auszuüben, ihr Glaubensbuch Koran zu nennen oder in eine Moschee zu gehen. Ihnen drohen drastische Strafen 
bis zur Todesstrafe“, sagt Sigrid Krieg, Pakistanexpertin bei Amnesty International. Neben Rai sind nach Angaben 
der Ahmadiyya Muslim Jamaat, der deutschen Ahmadiyya-Gemeinde mit Hauptsitz in Frankfurt, bundesweit 535 
Ahmadis von einer Abschiebung bedroht. Allein in Hessen sollen es mehr als 200 sein. Die Gemeinde, die nach 
eigenen Angaben rund 45 000 Mitglieder zählt, hat dazu eine Liste samt Namen, Adressen und Telefonnummern 
der Betroffenen erstellt. Die Liste liegt der FR vor. 
Die Fälle der abgelehnten Asylbescheide unter Ahmadis hätten sich von 2018 an gehäuft. Grund dafür könnte laut 
Yanki Pürsün, dem sozialpolitischen Sprecher der FDP im Landtag, sein, dass seit 2018 auch Menschen ohne 
Ausweisdokument abgeschoben werden können. Ähnliches berichtet Timmo Scherenberg vom hessischen 
Flüchtlingsrat. „Pakistan ist unser Sorgenkind“, sagt er. Seit 2017 sei es einfacher, Pakistani abzuschieben. „Es ist 
völlig absurd, wer da im Flieger sitzt: ein 18-Jähriger, der hier geboren ist und sein Abitur gemacht hat, oder ein 
Filialleiter bei McDonalds“, sagt Scherenberg. 
Nach Angaben des Innenministeriums wurden im vorigen Jahr, wie auch 2019, insgesamt 59 Personen aus Hessen 
nach Pakistan abgeschoben, 2018 waren es 68. Wie viele davon Ahmadis sind, erfassen die hessischen Behörden 
nicht gesondert.

In Pakistan nicht sicher
Die Ahmadiyya-Gemeinde will nicht tatenlos zusehen und findet Unterstützung in der Politik und bei der 
Nichtregierungsorganisation Pro Asyl. „Wir wollen zunächst alle Parteien zu einem runden Tisch einladen“, sagt 
Pürsün, der die Ahmadis unterstützt. Auch die Linke hat bereits reagiert und möchte eine kleine Anfrage zu der 
Situation der Ahmadis in den Bundestag einbringen, sagt Saadet Sönmez, die migrations- und 
integrationspolitische Sprecherin ihrer Partei im Landtag. Pro Asyl prüft derweil ein Gutachten für eine 
Flüchtlingsanerkennung der Ahmadis. Grundlage dafür ist die Genfer Flüchtlingskonvention, in der es auch heißt, 
dass eine Flüchtlingsanerkennung erst dann infrage kommt, „wenn es auch in keinem anderen Teil des 
Herkunftslandes Schutz vor Verfolgung gibt“. 
Im Bericht des Auswärtigen Amtes aus dem Juni 2020 über die asyl- und abschiebungsrelevante Lage in Pakistan 
heißt es, für Ahmadis biete Rabwah, ihr religiöses Zentrum, einen Schutz vor Repressionen, weil sie dort 
weitestgehend unter sich seien. 
Allerdings kann Rabwah als Schutzort durchaus angezweifelt werden. Warum? Ein Ahmadi teilte bei einer 
Anhörung zu seinem Asylverfahren beim Bundesamt für Migration und Flüchtlinge (Bamf) mit, dass am 5. 
Dezember 2016 in Rabwah, wo er wohnte, eines ihrer Gotteshäuser angezündet und zuvor mehrere Privathäuser 
ihrer Mitglieder angezündet wurden. Am 28. Mai 2010 seien in Lahore mehr als 100 Menschen in ihrem Gotteshaus 
getötet worden.
Außerdem gehört Pakistan zu den Ländern mit den schärfsten Blasphemiegesetzen. Das pakistanische 
Strafgesetzbuch „diskriminiert ausdrücklich religiöse Minderheiten“, sagt Expertin Krieg. „Pakistanische Behörden 
verhaften, inhaftieren und klagen Ahmadis willkürlich wegen Blasphemie und anderen Vergehen an.“ 
Sicherheitsbehörden beteiligten sich mehrfach an erfundenen Anklagen oder schritten bei Gewalt gegen Ahmadis 
nicht ein. 
Die Regierung fördert sogar diskriminierende Praktiken. So müssen etwa alle muslimische Pakistaner:innen, die 
einen Reisepass beantragen, eine Erklärung unterschreiben, dass sie den Gründer der Ahmadiyya-Gemeinde für 
einen Hochstapler halten und Ahmadis als Nicht-Muslime betrachten. 
Dass die Ahmadis so ins Visier geraten, musste Rais Schwager 2004 mit seinem Leben bezahlen. „Seine Kollegen 
haben ihn während der Arbeit ermordet. Die Mörder laufen weiter frei herum“, sagt Rais Neffe. Seit Juli 2020 
wurden mindestens fünf Ahmadis getötet. In nur zwei Fällen hat die Polizei laut Amnesty einen Verdächtigen in 
Gewahrsam genommen. Im Lagebericht des Auswärtigen Amts steht, die Zahl der Inhaftierten liege im dreistelligen 
Bereich. Derzeit sollen mindestens 17 zum Tode Verurteilte auf die Vollstreckung warten, in der Mehrheit der Fälle 
sind Schiiten und Ahmadis betroffen. In Pakistan sei es keine Sünde einen Ahmadi zu töten, erzählt Rais Neffe. 
Dabei stehe doch im Koran: „Wenn jemand einen Menschen tötet, ist es, als hätte er die ganze Menschheit 
getötet.“
Wer in Deutschland Asyl erhält, entscheidet am Ende das Bamf. In einem persönlichen Gespräch können 
Asylbewerber:innen ihre Fluchtgründe, das eigene Verfolgungsschicksal und die persönliche Einschätzung der 
Umstände, die sie bei einer Rückkehr in ihr Herkunftsland erwarten, erläutern. „Auf Basis der persönlichen 
Anhörung und der eingehenden Überprüfung von Dokumenten und Beweismitteln entscheidet das Bamf über den 
Asylantrag“, sagt ein Sprecher des Innenministeriums. 
Lehnt das Amt einen Asylantrag ab, besteht die Möglichkeit zur Klage vor dem zuständigen Verwaltungsgericht. 
Dann geht es um Fragen wie: Wie wird der Glaube ausgelegt? Und wird die Person überhaupt verfolgt? „Die 
Verwaltungsgerichte urteilen unterschiedlich“, sagt Peter von Auer, rechtspolitischer Referent bei Pro Asyl. 
Jaz Rais Asylverfahren wurde mit der Begründung abgelehnt, bei ihm seien keine sichtbaren Verletzungen zu 
erkennen gewesen. Manchmal denkt er darüber nach, freiwillig nach Pakistan zurückzukehren. Er vermisse seine 
Familie, sei sehr traurig und weine viel. Voriges Jahr habe er einen Herzinfarkt erlitten, weil er so viel Angst habe, 
erzählt sein Neffe. Rai selbst sagt: „Hier sterbe ich vor Angst, und in Pakistan kann mich jemand ermorden.“
Die Gemeinde will nicht 
In Pakistan nicht sicher
tatenlos zusehen
In Pakistan sei es keine 
Sünde, Ahmadis zu töten
Link zum PDF-Dokument"
2021-03,Main Corpus,2021-03(50).ZIP,Integration soll schon vor der Zuwanderung starten Integrationsgipfel berät über Förderung von Zuwan.PDF,C:\PythonProjects\AfD-project\Corpora\Main Corpus\2021-03\raw_unarchive\Integration soll schon vor der Zuwanderung starten Integrationsgipfel berät über Förderung von Zuwan.PDF,Integration soll schon vor der Zuwanderung starten Integrationsgipfel berät über Förderung von Zuwanderern,integration soll schon vor der zuwanderung starten integrationsgipfel berät über förderung von zuwanderern,Die Welt,die welt,Mittwoch 10. März 2021,Marcel Leubecher,Politik; S. 5; Ausg. 58,980,7399,896d5b2181e39489a4a2f7306ed08ca8394f56ef,,unique,keep,,no,,no,,,8597,no,,,,,"Der Integrationsgipfel Nummer 13 war dann wohl der letzte für Angela Merkel. Erst unter ihrer Kanzlerschaft wurde 
dieses Format 2006 ins Leben gerufen. Hauptauslöser war damals der Schreck über die Ergebnisse der Pisa-
Studie, die den deutschen Schülern ein schlechtes Zeugnis ausstellten, was auch auf mangelnde Performance 
migrantisch geprägter Klassen zurückgeführt wurde.
Am Dienstag nun, so wie auf allen Gipfeln zuvor, wurde wieder von mehr als 100 Teilnehmern aus Politik, 
Wirtschaft und Migrantenvereinen beratschlagt, wie man die Integration verbessern könnte. ""Wir alle sind 
Deutschland - das ist das Ziel"", sagte Merkel. Es sei jetzt sehr viel theoretische Arbeit geleistet worden, nun müsse 
es aber an die Umsetzung gehen. Die Mehrheitsgesellschaft müsse Vielfalt als Bereicherung begreifen. Zugleich 
bedürfe es der Bereitschaft von Menschen mit Migrationshintergrund, sich einzubringen.
Die in ihrem Kanzleramt angesiedelte Staatsministerin für Integration, Annette Widmann-Mauz (CDU), forderte, 
beim Deutschlernen, der frühkindlichen Bildung und beim Zugang zum Arbeitsmarkt konsequent auf Integration zu 
setzen. Hier sei in den vergangenen Jahren einiges erreicht worden. ""Wir müssen alles daransetzen, damit die 
Erfolge durch die Corona-Pandemie nicht zurückgeworfen werden.""
Im Zentrum des wegen der Pandemie digital stattfindenden Gipfels stand diesmal die Förderung von Migranten auf 
dem Arbeitsmarkt. Mit einem mehr als 100 Punkte umfassenden ""nationalen Aktionsplan"", den die Gipfelteilnehmer 
unter Federführung von Widmann-Mauz verabschiedeten, soll die Bundesregierung die Integration von 
Zuwanderern fördern. Dabei geht es von Hilfsangeboten für zuwanderungswillige Arbeitskräfte schon in deren 
Heimatland über die Unterstützung beim Deutschlernen bis zu Programmen für die verstärkte Einstellung von 
Migranten in Wirtschaft und öffentlichem Dienst.
Auf diesem Feld gibt es viel zu tun, fast die Hälfte aller Arbeitslosen hat Migrationshintergrund, unter den 
""erwerbsfähigen Leistungsberechtigten"" liegt der Anteil der Migranten laut Bundesagentur für Arbeit (BA) sogar 

Integration soll schon vor der Zuwanderung starten Integrationsgipfel berät über Förderung von Zuwanderern 
auf dem Arbeitsmarkt. Da gibt es noch viel zu tun
deutlich über 50 Prozent. In dieser Kategorie sind neben den Arbeitslosen vor allem auch Aufstocker enthalten, 
alsoMenschen, die vom Jobcenter ergänzende Leistungen erhalten, weil ihr Erwerbseinkommen nicht für den 
Lebensunterhalt ausreicht.
Ein Grund ist das in dieser höchst heterogenen Gruppe durchschnittlich geringere Ausbildungsniveau: 47 Prozent 
aller Personen ohne Berufsabschluss in Deutschland haben nach Angaben der Bundesagentur eine 
Zuwanderungsgeschichte. Der Bevölkerungsanteil dieser diversen Gruppe, die vom Kind italienischer Einwanderer 
über die Spätaussiedler bis zum syrischen Flüchtling reicht, liegt bei rund einem Viertel. Trotz der Probleme einiger 
Migrantengruppen tragen Zuwanderer mit und ohne deutschen Pass erheblich zur hiesigen Wirtschaftskraft bei: So 
erhöhte sich beispielsweise die Zahl der sozialversicherungspflichtig beschäftigten Ausländer seit dem Jahr 2005 
um mehr als 140 Prozent auf 4,2 Millionen im Jahr 2020.
Der auf dem Integrationsgipfel verabschiedete Aktionsplan, an dem mehr als drei Jahre gearbeitet wurde, soll die 
bestehenden Defizite vieler Migranten auf dem Arbeitsmarkt beheben. Konkret sieht der Plan Maßnahmen auf fünf 
Stufen vor. Die erste Stufe soll bereits vor der Zuwanderung greifen: In den Herkunftsländern sollen Aufklärungs- 
und Informationsangebote gemacht werden. Unter anderem soll es hier um die gezielte Gewinnung von 
Fachkräften gehen.
Die zweite Stufe sieht Maßnahmen zur sogenannten Erstintegration vor: Sprachförderung, Beratung für den 
Einstieg in den Alltag, Anerkennung von Bildungsabschlüssen. In Phase drei soll es um Eingliederung in 
Arbeitsmarkt und Gesellschaft gehen, also die Förderung bürgerschaftlichen Engagements in Vereinen oder 
Ehrenamt. Zudem soll die schon heute im internationalen Vergleich enorm intensive Sozialarbeit im 
Integrationsbereich in den Kommunen ausgebaut werden.
Die vierte Phase befasst sich mit den Grundlagen für das Zusammenwachsen als Gesellschaft. Dazu gehören 
beispielsweise staatliche Informationskampagnen, die in der Bevölkerung für positive Einstellungen gegenüber 
Zuwanderung werben oder Unternehmen, Behörden und Medien von der Einstellung von Migranten überzeugen 
sollen.
In Phase fünf stehen dann Maßnahmen im Mittelpunkt, die für Gleichstellung der migrantischen an die 
nichtmigrantischen Bevölkerung sorgen sollen. Es geht um die Ausweitung von Einbürgerungen und Steigerung 
des Migrantenanteils im öffentlichen Dienst und Unternehmen sowie um die Bekämpfung von Diskriminierung und 
Rassismus.
Nun sind unter den Teilnehmern des Integrationsgipfels auch Gruppen, die ihr Anliegen sehr konfrontativ vortragen. 
Beispielsweise Daniel Gyamerah, Vorstand im Verein ""Each One Teach One"", der schwarze Teenager durch 
Sozialarbeit fördert. Er schilderte auf der Presskonferenz am Dienstag seine Perspektive auf die Gesellschaft so: 
Auf der einen Seite seien die dominanten Strukturen der ""weißen"" Gesellschaft und auf der anderen die 
""diskriminierten Gruppen"" der Menschen anderer Hautfarbe oder Herkunft. Diese Gruppen sollten ""widerständig"" 
sein und verbindliche Einstellungsquoten auf Landes- und Bundesebene einfordern. Erst kürzlich hatte WELT über 
einen Mitarbeiter dieses Vereins, den Berliner Grünen-Lokalpolitiker Jeff Kwasi Klein, berichtet. Er hatte in einer 
Rede physische Gewalt als geeignete Protestform gewürdigt. Außerdem rief er Schwarze zur Bildung ""robuster"" 
Gruppen auf, um nicht mehr auf die Polizei angewiesen zu sein. Auch eine wichtige Rolle bei den 
Integrationsgipfeln spielt Ferda Ataman, sie ist Sprecherin der ""Neuen Deutschen Organisationen"", einem 
Zusammenschluss von rund 100 Migrantenverbänden.
Sie steht immer wieder wegen kontroverser Aussagen in der Kritik. Beispielsweise, weil sie regelmäßig Deutsche 
ohne Migrationshintergrund als ""Kartoffeln"" bezeichnet. Zu Beginn der Pandemie-Krise äußerte sie die Befürchtung, 
dass Corona-Patienten mit Migrationshintergrund im Falle einer Knappheit an Beatmungsgeräten benachteiligt 
werden könnten. 2018 hatte Bundesinnenminister Horst Seehofer (CSU) seine Teilnahme am zehnten 
Integrationsgipfel wegen der Teilnahme Atamans abgesagt. Die Aktivistin hatte kurz zuvor mit Blick auf Seehofer 
geschrieben: ""Politiker, die derzeit über Heimat reden, suchen in der Regel eine Antwort auf die grassierende 
Fremdenangst. Doch das ist brandgefährlich. Denn in diesem Kontext kann Heimat nur bedeuten, dass es um Blut 
Integration soll schon vor der Zuwanderung starten Integrationsgipfel berät über Förderung von Zuwanderern 
auf dem Arbeitsmarkt. Da gibt es noch viel zu tun
und Boden geht."" Seehofer fühlte sich in die Nähe des Nationalsozialismus gerückt, sodass der Gipfel erstmalig 
ohne Innenminister stattfand.
Auf dem darauffolgenden Gipfel vor einem Jahr nahm der Minister wieder teil, doch anscheinend erachtet er die 
diverse Runde nicht als höchstprioritär, denn auch am Dienstag blieb er fern - auch für ihn wäre es der letzte Gipfel 
gewesen.
Original Gesamtseiten-PDF
Graphic
 
Kanzlerin Angela Merkel und Integrationsstaatsministerin Annette Widmann-Mauz (beide CDU) beim 
Integrationsgipfel"
2021-03,Main Corpus,2021-03(50).ZIP,Kein Gehör für Aryas Schmerz.PDF,C:\PythonProjects\AfD-project\Corpora\Main Corpus\2021-03\raw_unarchive\Kein Gehör für Aryas Schmerz.PDF,Kein Gehör für Aryas Schmerz,kein gehör für aryas schmerz,Frankfurter Rundschau,frankfurter rundschau,Montag 29. März 2021,,POLITIK; S. 2,1046,7406,868006dddd8e797e1b69f4b719b51d2858b7610f,,unique,keep,,no,,no,,,8184,no,,,,,"Acht lange Seiten umfasst das Anhörungsprotokoll im Asylverfahren von Arya L. (Name geändert). Gut achtzig 
Fragen und Antworten füllen die Seiten – die meisten davon kreisen um ihren Fluchtweg, um Daten und Orte, um 
ihre Verwandtschaft in Somalia. Oft hakt der Entscheider des Bundesamtes für Migration und Flüchtlinge (Bamf) 
mehrfach nach. Ausgerechnet über eine Antwort aber geht er hinweg. Es ist die auf die Frage nach den 
Fluchtgründen: „Ich wurde nach der pharaonischen Art und Weise beschnitten“, erklärt die Somalierin dem 
Protokoll zufolge. „Als ich 15 wurde, wurde ich mit einem Mann verheiratet. Durch diese Ehe ist ein Kind 
entstanden, das ich 2015 zur Welt gebracht habe.“
Fluchtgrund Genitalverstümmelung, abgekürzt FGM (für Female Genital Mutilation): Frauen und Mädchen, die 
davon betroffen oder bedroht sind, können hierzulande seit einigen Jahren den vollen Flüchtlingsschutz 
bekommen. Das betont die Bundesregierung, das schreibt auch das Bamf in seiner für Asyl-Entscheider bindenden 
„Dienstanweisung Asyl“ von 2019. Doch in der Praxis sind die Hürden laut Anwält:innen zu hoch: Das Bundesamt 
entscheide entgegen den Verlautbarungen zu restriktiv. Es fehle an qualifiziertem medizinischen Personal, das die 
für Asylverfahren erforderlichen Atteste ausstellen könne. Und auch das Auswärtige Amt (AA) steht am Pranger: 
Familiennachzugsverfahren dauern demnach oft so lange, dass von Zwangsbeschneidung bedrohte Mädchen nicht 
rechtzeitig ausreisen können.
Arya L. ist „pharaonisch“ beschnitten worden. Das ist die weitestgehende, brutalste Form (siehe Infobox rechts), 
und die in Somalia übliche. Lena Ronte, L.s Anwältin und Expertin für FGM-Asylstreitfälle, ist sich sicher: „Dass sie 
die Beschneidung in der Anhörung so klar benannt hat, zeigt nur, wie hoch ihr Leidensdruck deshalb war. Der 
Entscheider hätte hier nachfragen müssen.“
Doch das hat er nicht getan. Und Flüchtlingsschutz bekommt Arya L. auch nicht, obwohl sie noch schildert, dass ihr 
die Zwangsverheiratung mit einem Milizionär der islamistischen Al-Shabab drohte, dass sie von einem Schlepper 
auf der Flucht vergewaltigt wurde und von diesem nun ungewollt schwanger ist. Im Ablehnungsbescheid wird die 
Genitalverstümmelung nicht einmal erwähnt, sondern die Schilderungen der jungen Frau als unglaubwürdig 
eingestuft. Arya L. droht damit die Zwangsrückkehr nach Somalia. Die Klage dagegen liegt beim 
Verwaltungsgericht. 

Kein Gehör für Aryas Schmerz
Für Lena Ronte ist der Fall typisch. Das rechtlich geforderte „offensive Nachfragen“ seitens der Entscheiderinnen 
und Entscheider finde zu oft nicht statt, vor allem bei Typ-3-Beschneidungen. „Hier unterstellt das Bundesamt 
einfach, dass FGM nicht mehr drohe, da die Frau ja schon maximal beschnitten ist.“ Eine zynische Logik, so 
Kritiker:innen. 
Ronte hat zahlreiche Mandantinnen, denen es so erging: Folgeerkrankungen und bleibende Traumatisierungen 
würden vom Bamf ignoriert, und vor allem die Gefahr der „Reinfibulation“, der verbreiteten erneuten 
Genitalverstümmelung nach jeder Entbindung. 
Das Bundesamt weist die Kritik auf Anfrage zurück und betont, jeder Fall werde „individuell geprüft“. 
Entscheider:innen müssten „bei Anhaltspunkten auf drohende Genitalverstümmelung … dies auch ohne vorherigen 
eigenen Vortrag der Antragstellerin aufklären“. Zahlen über Anerkennungen aufgrund von FGM nennt das 
Bundesamt aber nicht, sie würden statistisch nicht erfasst. 
Auch Arya L. kann erst in der Anwaltskanzlei alles erzählen, was sie durchgemacht hat. Ihre Qualen, die im 
Asylbescheid unerwähnt bleiben, finden sich in Rontes Klageschrift: Beschnitten wird Arya L. demnach mit sieben 
Jahren, mit 15 von den Eltern verheiratet. „Weil ihre Scheidenöffnung durch die Beschneidung und Infibulation fast 
vollständig verschlossen war, war es ihrem Ehemann zu Beginn der Ehe nicht möglich, beim Geschlechtsverkehr in 
sie einzudringen. Er versuchte es immer wieder, schließlich mit Gewalt, bis das winzige Loch … soweit gedehnt 
bzw. aufgerissen war, dass eine Penetration möglich war. Die Klägerin erlitt dies still. Sie hatte unvorstellbare 
Schmerzen.“ 
Irgendwann wird L. schwanger, bei der Entbindung reißt die Beschneidungsnarbe, ein Dammschnitt ist nötig. Und 
heute? Ronte ist überzeugt: „Bei einer Rückkehr nach Somalia droht ihr mehrfach geschlechtsspezifische 
Verfolgung: „Wegen des unehelichen Kindes, das aus der Vergewaltigung hervorging, würde sie ausgegrenzt, bei 
jeder erneuten Schwangerschaft oder Heirat höchstwahrscheinlich reinfibuliert, und auch eine erneute Zwangsehe 
würde ihr drohen.“ Wann das Verwaltungsgericht über die Klage entscheidet, ist offen.
Besiegelt ist dagegen das Schicksal der jungen Mädchen, deren in Deutschland lebende Mutter sie schon 2017 zu 
sich holen wollte. Ronte erinnert sich an dieses Verfahren als ein besonders belastendes – „den Mädchen wäre 
sehr viel erspart geblieben, wenn das Auswärtige Amt den Familiennachzug damals gleich erlaubt hätte“. 
Sie fasst das Drama zusammen: Zur Zeit der Visaanträge Ende 2017 leben die damals zwölf, zehn und acht Jahre 
alten Geschwister als unbegleitete Flüchtlinge in Kenia. Das sei eine „generell prekäre, gefährdete Lage“, so Ronte, 
„für Mädchen erst recht“. Doch das Auswärtige Amt lehnt die Visa im August 2018 ab, denn die Mutter habe 
aufgrund ihres Status kein Recht auf Familiennachzug. Die Kanzlei sieht das anders und erhebt Klage. Der 
Rechtsstreit zieht sich in die Länge.
Die Mutter durchlebt eine Höllenzeit, telefoniert fast täglich mit den Kindern, schickt Geld, versucht, sie im Alltag zu 
unterstützen. Dann passiert das, was sie hatte verhindern wollen: Das älteste Mädchen wird Anfang 2019 von 
Verwandten aufs Land gelockt und dort pharaonisch beschnitten. Es kommt zu Komplikationen, Lebensgefahr, 
Klinikbehandlung. Kurz darauf wird die Zweitälteste Opfer sexueller Gewalt, die Älteste im Sommer dann ebenfalls. 
Die Kanzlei stellt daraufhin einen Eilantrag, legt dem Gericht Klinikberichte und Aussagen der Kinder vor. Das AA 
widerspricht mit dem Argument, die Mädchen hätten zwar „unterschiedlichste körperliche und seelische 
Schädigungen“ hinnehmen müssen – „allerdings geht von diesen bereits abgeschlossenen Handlungen keine 
imminente Gefahr aus.“ Im Oktober 2020 kommt plötzlich doch die Wende: Das Auswärtige Amt erteilt die Visa. 
Ronte und ihre Kolleg:innen kennen diese Strategie, „erst einzulenken, wenn sich eine Niederlage vor Gericht 
abzeichnet“.
So gehe der Wettlauf gegen die Zeit zu oft verloren: „Wir kennen mehrere Fälle, in denen der Familiennachzug, der 
derzeit zwei bis vier Jahre dauert, zu spät kam. Die Mädchen kommen schwer traumatisiert hier an, oder sie 
verschwinden vorher und werden zwangsverheiratet.“ Das Auswärtige Amt erklärt der FR zu der Kritik, bei 
konkreten Gefahren für Minderjährige werde ein Visaantrag „im Rahmen des rechtlich Möglichen priorisiert“, 
allerdings hänge die Verfahrensdauer von vielen Faktoren ab, die das AA nicht alle beeinflussen könne. 
Kein Gehör für Aryas Schmerz
Die drei Geschwister sind immerhin inzwischen bei ihrer Mutter in Deutschland. Die Familie versucht, zu sich zu 
kommen, die Töchter gehen zur Schule. Erst nach der Ankunft kam heraus, dass auch die Zweitälteste beschnitten 
wurde. Der lange Weg der Mädchen zur Verarbeitung des Traumas hat gerade erst begonnen.
Verarbeitung des Traumas hat gerade erst begonnen
Link zum PDF-Dokument"
2021-03,Main Corpus,2021-03(50).ZIP,Keiner fragt nach Religionszugehörigkeit Soziales Menschen aus verschiedenen Kulturen arbeiten bei d.PDF,C:\PythonProjects\AfD-project\Corpora\Main Corpus\2021-03\raw_unarchive\Keiner fragt nach Religionszugehörigkeit Soziales Menschen aus verschiedenen Kulturen arbeiten bei d.PDF,Keiner fragt nach Religionszugehörigkeit; Soziales Menschen aus verschiedenen Kulturen arbeiten bei der,keiner fragt nach religionszugehörigkeit soziales menschen aus verschiedenen kulturen arbeiten bei der,Nordwest-Zeitung,nordwestzeitung,18. März 2021,,WILHELMSHAVEN; S. 17,502,3474,738704affadd96178cf0e77887133c5ed7fe9b9d,,unique,keep,,no,,no,,,4794,no,,,,,"Wilhelmshaven - Es macht Freude, Menschen zu helfen. Da sind sich Anna Reicher, Albana Tigani-Pajaziti und 
Tomasso Ippoliti einig. Alle drei sind nicht nur im privaten Umfeld hilfsbereit, sondern auch beruflich. Sie gehören 
zum Team der Migrationsberatung des Diakonischen Werkes Friesland-Wilhelmshaven. Sie stehen Menschen zur 
Seite, die in Deutschland Fuß zu fassen versuchen. Nicht zuletzt Flüchtlingen, die in Folge des Bürgerkriegs aus 
Syrien geflohen sind, aber auch Menschen, die zum Teil schon seit Jahren und Jahrzehnten in Wilhelmshaven 
leben.
Was die drei mit all diesen Menschen eint: Auch sie selbst haben einen 
Migrationshintergrund.Gesundheitswissenschaftlerin Anna Reicher kam vor elf Jahren aus Georgien, die Albanerin 
Albana Tigani-Pajaziti aus privaten Gründen im Jahr 2013 aus dem Kosovo. Der Italiener Tomasso Ippoliti hat 2017 
ein Semester in Deutschland studiert und kam im Jahr darauf zurück.
Mobiles Einsatzteam
Dass sie bei der Diakonie in den Dienst der Ev.-luth. Kirche traten, spielte für alle drei keine Rolle. Die Aufgabe 
habe sie gereizt, sagen sie. Dass sie alle drei nicht evangelisch sind, habe aber auch bei der Diakonie niemanden 
gestört. Tomasso Ippoliti ist römisch-katholisch, Anna Reicher russisch-orthodox, Albana Tigani-Pajaziti Muslima.
Sie aber wollte den Job unbedingt. Zu Hause im kriegsgeplagten Kosovo hatte die ausgebildete Mediatorin bereits 
mit Hilfsorganisationen gearbeitet. Daran wollte sie anknüpfen. Im März 2016 wurde sie von der Diakonie für das 

Keiner fragt nach Religionszugehörigkeit; Soziales Menschen aus verschiedenen Kulturen arbeiten bei der 
Migrationsberatung
gemeinsam mit der Stadt eingerichtete mobile Einsatzteam zur Betreuung von Flüchtlingen eingestellt. Als das 
Projekt nach drei Jahren ablief, blieb sie als Sozialbetreuerin im Flüchtlingswohnheim und bei der 
Migrationsberatung.
 Vom Fach ist auch Tomasso Hippoliti, der ein Internationales Masterstudium Migration und interkulturelle 
Beziehungen absolviert hat. Außer in Deutschland war er dazu in Norwegen, Tschechien und in Uganda. Dort 
arbeitete er in einer Flüchtlingssiedlung mit tausenden Menschen aus Burundi, aus der Demokratischen Republik 
Kongo, aus Tansania. Das sei etwas ganz anderes als die Arbeit in der Migrationsberatung, die er auch schon in 
Italien kennen gelernt hatte.
Was er als wichtigste Erfahrung mitnehmen konnte: Du baust Verbindungen auf zu einem Menschen, der 
Probleme hat. Und zu diesen Problemen gehört, dass die Menschen nach traumatisierenden Erfahrungen in ihrer 
Heimat wie auch auf der Flucht in einer für sie oft unverständlichen Umgebung das Lebensnotwendige organisieren 
müssen.
Vertrauen aufbauen
Dass sie selbst aus dem Ausland stammt, werde von den Ratsuchenden nicht bemerkt, sagt Anna Reicher. Für die 
Menschen zähle das Vertrauen, dass sie in die Diakonie gefasst hätten. Dass sie es dabei mit der Kirche zu tun 
bekommen, sei vielen nicht bewusst, schrecke sie andererseits aber auch nicht ab. Das Vertrauen beruhe einfach 
auf der Erfahrung, dass ihnen geholfen werde.
Albana Tigani-Pajaziti lässt bewusst einfließen, dass sie aus dem Kosovo stammt. Sie will vor allem die Frauen 
anspornen, Deutsch zu lernen. Für Tomasso Ippoliti, der erst seit Jahresbeginn bei der Diakonie arbeitet, sind seine 
noch nicht ganz perfekten Sprachkenntnisse sogar eine Hilfe. Manche Migranten ließen sich bevorzugt von ihm 
beraten, da er so schön langsam spreche.
PDF-Datei dieses Dokuments"
2021-03,Main Corpus,2021-03(50).ZIP,Kritik an Abschiebung von Kurdin wächst(2).PDF,C:\PythonProjects\AfD-project\Corpora\Main Corpus\2021-03\raw_unarchive\Kritik an Abschiebung von Kurdin wächst(2).PDF,Kritik an Abschiebung von Kurdin wächst,kritik an abschiebung von kurdin wächst,Frankfurter Rundschau,frankfurter rundschau,Mittwoch 3. März 2021,,HESSEN; S. D4,493,3515,1b6fbf15e243aab593ccd90c06ab023cc50edf4d,,unique,keep,,no,,no,,,4589,no,,,,,"VON CLAUDIA KABEL
Das Schicksal der 60-jährigen Kurdin Afitep D., die seit 1985 in Deutschland lebt und nun in die Türkei 
abgeschoben werden und ihren geistig behinderten Sohn zurücklassen soll, bewegt viele Menschen. Nach einer 
Demonstration gegen ihre Abschiebung am Sonntag vor Hessens einziger Abschiebehafteinrichtung in Darmstadt 
hat sich nun der Bundesverband der Migrantinnen in einem offenen Brief an Innenminister Peter Beuth (CDU) 
gewandt und die Schließung der Einrichtung gefordert. 
„Die Menschenrechte gelten nicht nur für diejenigen, die ein tadelloses Leben führen, sondern auch für Menschen, 
die aufgrund persönlicher Verfehlungen oder dramatischer Lebensumstände, einen Irrweg eingeschlagen haben. 
Und umso tragischer ist es, wenn eine sich aufopfernde Mutter nun von ihren Kindern getrennt werden soll“, 
schreibt der in Frankfurt ansässige Verband.
Indes häufen sich Hilferufe von Menschen, die schon lange in Deutschland leben und akut von Abschiebung 
bedroht sind. Saadet Sönmez, migrations- und integrationspolitische Sprecherin der Linken im Landtag, kritisiert die 
Abschiebepraxis der schwarz-grünen Landesregierung. Es sei „ein Unding“, Menschen abzuschieben, die den 
Großteil ihres Lebens in Deutschland verbracht haben. „Bei Abschiebungen von faktischen Inländern muss laut 
Bundesverfassungsgericht genauestens geprüft werden, ob die Verhältnismäßigkeit gewahrt ist. Bei den aktuellen 
Fällen ist das absolut nicht ersichtlich.“ 
Konkret geht es neben Afitep D. um den in Wiesbaden geborenen 31-jährigen Mutlu B. Der türkischstämmige Koch 
arbeitet seit drei Jahren in einem Wiesbadener Restaurant und hat gemeinsam mit einer Deutschen eine dreijährige 
Tochter. Wie bei D. führte eine Straffälligkeit, die längst abgebüßt wurde, dazu, dass die Duldung erlosch. Seit 
Jahren bemühte er sich um ihre Verlängerung. „In meiner Jugend habe ich viel Mist gemacht“, sagt er der FR. Er 
habe Schlägereien gehabt und sein Alter gefälscht, um Zigaretten kaufen zu können. Doch nun habe er sich 
gefangen, habe zwei Ausbildungen gemacht und arbeite. „Ich kann mir ein Leben in der Türkei nicht vorstellen“, 
sagt er. „Ich spreche nicht einmal Türkisch.“ Seit zwei Wochen sitzt er in Abschiebehaft. Vor allem fürchte er, seine 
Tochter nicht mehr zu sehen, wie er sagt.

Kritik an Abschiebung von Kurdin wächst
Laut Sönmez zeigt die derzeitige Praxis der „Abschiebung um jeden Preis“, dass CDU und Grüne ihren eigenen 
Koalitionsvertrag nicht ernst nehmen. Darin steht: „Gleichzeitig ist es wenig sinnvoll, Menschen wegzuschicken, 
deren Arbeitskraft oder Expertise dringend gebraucht wird, die etwas leisten und für sich selbst sorgen können.“ Auf 
die FR-Anfrage hieß es von der CDU-Landtagsfraktion, dass man sich nicht zu laufenden Verfahren äußern könne. 
Auch das Innenministerium äußert sich „nicht zu einzelnen Abschiebe-Maßnahmen“, wie ein Sprecher mitteilte. Die 
zuständige Ausländerbehörde sei verpflichtet, die Ausreisepflicht zu vollstrecken, wenn ein Ausländer oder eine 
Ausländerin ausreisepflichtig sei. Der Entscheidung liege „eine sorgfältige und sensible Prüfung jedes Einzelfalls 
zugrunde“. 
Genau dies bezweifelt der Rechtsanwalt von Frau D., weswegen er eine Verfahrensklage beim Amtsgericht 
Darmstadt eingereicht hat. Inzwischen haben sich auch die Grünen im Landtag eingeschaltet. Auf Anfrage teilten 
sie mit: „Wir haben das Innenministerium um Auskunft zu beiden geplanten Abschiebungen gebeten, um die 
Sachlage beurteilen zu können.“
Link zum PDF-Dokument"
2021-03,Main Corpus,2021-03(50).ZIP,Kritik an Abschiebung von Kurdin wächst.PDF,C:\PythonProjects\AfD-project\Corpora\Main Corpus\2021-03\raw_unarchive\Kritik an Abschiebung von Kurdin wächst.PDF,Kritik an Abschiebung von Kurdin wächst,kritik an abschiebung von kurdin wächst,Frankfurter Rundschau,frankfurter rundschau,Dienstag 2. März 2021,,HESSEN; S. F11,495,3526,8ef6d0b9a95cf768173cc97cb71a68bc5adcbf53,,unique,keep,,no,,no,,,4602,no,,,,,"VON CLAUDIA KABEL
Das Schicksal der 60-jährigen Kurdin Afitep D., die seit 1985 in Deutschland lebt und nun in die Türkei 
abgeschoben werden und ihren geistig Behinderten Sohn zurücklassen soll, bewegt viele Menschen. Nach einer 
Demonstration gegen ihre Abschiebung am Sonntag vor Hessens einziger Abschiebehafteinrichtung in Darmstadt 
hat sich nun der Bundesverband der Migrantinnen in einem offenen Brief an Innenminister Peter Beuth (CDU) 
gewandt und die Schließung der Einrichtung gefordert. 
 „Die Menschenrechte gelten nicht nur für diejenigen, die ein tadelloses Leben führen, sondern auch für Menschen, 
die aufgrund persönlicher Verfehlungen oder dramatischer Lebensumstände, einen Irrweg eingeschlagen haben. 
Und umso tragischer ist es, wenn eine sich aufopfernde Mutter nun von ihren Kindern getrennt werden soll“, 
schreibt der in Frankfurt ansässige Verband.
Indes häufen sich Hilferufe von Menschen, die schon lange in Deutschland leben und akut von Abschiebung 
bedroht sind. Saadet Sönmez, migrations- und integrationspolitische Sprecherin der Linken im Landtag, kritisiert die 
Abschiebepraxis der schwarz-grünen Landesregierung. Es sei „ein Unding“, Menschen abzuschieben, die den 
Großteil ihres Lebens in Deutschland verbracht haben. „Bei Abschiebungen von faktischen Inländern muss laut 
Bundesverfassungsgericht genauestens geprüft werden, ob die Verhältnismäßigkeit gewahrt ist. Bei den aktuellen 
Fällen ist das absolut nicht ersichtlich.“ 
Konkret geht es neben Afitep D. um den in Wiesbaden geborenen 31-jährigen Mutlu B. Der türkischstämmige Koch 
arbeitet seit drei Jahren in einem Wiesbadener Restaurant und hat gemeinsam mit einer Deutschen eine dreijährige 
Tochter. Wie bei D. führte eine Straffälligkeit, die längst abgebüßt wurde, dazu, dass die Duldung erlosch. Seit 
Jahren bemühte er sich um ihre Verlängerung. „In meiner Jugend habe ich viel Mist gemacht“, sagt er der FR. Er 
habe Schlägereien gehabt und sein Alter gefälscht, um Zigaretten kaufen zu können. Doch nun habe er sich 
gefangen, habe zwei Ausbildungen gemacht und arbeite. „Ich kann mir ein Leben in der Türkei nicht vorstellen“, 
sagt er. „Ich spreche nicht einmal Türkisch.“ Seit zwei Wochen sitzt er in Abschiebehaft. Vor allem fürchte er, seine 
Tochter nicht mehr zu sehen, wie er sagt.

Kritik an Abschiebung von Kurdin wächst
Laut Sönmez zeigt die derzeitige Praxis der „Abschiebung um jeden Preis“, dass CDU und Grüne ihren eigenen 
Koalitionsvertrag nicht ernst nehmen. Darin steht: „Gleichzeitig ist es wenig sinnvoll, Menschen wegzuschicken, 
deren Arbeitskraft oder Expertise dringend gebraucht wird, die etwas leisten und für sich selbst sorgen können.“ Auf 
die FR-Anfrage hieß es von der CDU-Landtagsfraktion, dass man sich nicht zu laufenden Verfahren äußern könne. 
Auch das Innenministerium äußert sich „nicht zu einzelnen Abschiebe-Maßnahmen“, wie ein Sprecher mitteilte. Die 
zuständige Ausländerbehörde sei verpflichtet, die Ausreisepflicht zu vollstrecken, wenn ein Ausländer oder eine 
Ausländerin ausreisepflichtig sei. Der Entscheidung liege „eine sorgfältige und sensible Prüfung jedes Einzelfalls 
zugrunde“. 
Genau dies bezweifelt der Rechtsanwalt von Frau D., weswegen er eine Verfahrensklage beim Amtsgericht 
Darmstadt eingereicht hat. Inzwischen haben sich auch die Grünen im Landtag eingeschaltet. Auf Anfrage teilten 
sie am Montag mit: „Wir haben das Innenministerium um Auskunft zu beiden geplanten Abschiebungen gebeten, 
um die Sachlage beurteilen zu können.“
Link zum PDF-Dokument"
2021-03,Main Corpus,2021-03(50).ZIP,Mit 1.440 Euro in der unteren Mitte Der neue Armuts- und Reichtumsbericht zeigt_ Es gibt mehr sehr W.PDF,C:\PythonProjects\AfD-project\Corpora\Main Corpus\2021-03\raw_unarchive\Mit 1.440 Euro in der unteren Mitte Der neue Armuts- und Reichtumsbericht zeigt_ Es gibt mehr sehr W.PDF,Mit 1.440 Euro in der unteren Mitte Der neue Armuts- und Reichtumsbericht zeigt: Es gibt mehr sehr,mit 1440 euro in der unteren mitte der neue armuts und reichtumsbericht zeigt es gibt mehr sehr,"taz, die tageszeitung",taz die tageszeitung,Dienstag 09. März 2021,Barbara Dribbusch,INLAND; S. 6,596,4161,9d14797d5b1941cc0ed3627af589d406c66b937b,,unique,keep,,no,,no,,,5515,no,,,,,"Von Barbara Dribbusch
Etwa jeder vierte Haushalt in Deutschland hat aufgrund der Coronapandemie Einkommensverluste erlitten. Dies ist 
eines der Ergebnisse aus dem noch unveröffentlichten Entwurf des 6. Armuts- und Reichtumsberichts, der der taz 
vorliegt. Danach befanden sich im Sommer 2020 dank Corona 10 Prozent der Befragten in Kurzarbeit, 3 Prozent 
nahmen die Soforthilfe für Selbstständige in Anspruch, 2 Prozent beantragten neu Leistungen nach dem 
Sozialgesetzbuch II (Hartz IV).
Insbesondere Ärmere hatten Probleme, die laufenden Ausgaben zu decken. Die höhere Vulnerabilität der unteren 
Einkommensgruppen während der Pandemie sei auch darauf zurückzuführen, dass diese wenig Rücklagen und 
andere finanzielle Spielräume haben , heißt es in dem Bericht.
Aus dem Armuts- und Reichtumsbericht, der alle vier Jahre unter Federführung des Bundesarbeitsministeriums 
erstellt wird, geht hervor, dass sich die sozialen Gruppen an den Rändern der Gesellschaft in den vergangenen 
Dekaden vergrößert haben. Seit den 1980er Jahren ist der Anteil der Armen einerseits und der sehr Wohlhabenden 
andererseits von damals insgesamt 8 auf heute 20 Prozent der Gesellschaft gestiegen, so die Zahlen aus dem 
Bericht.
Die Aufstiegschancen aus den unteren sozialen Lagen seien seit 1980 kontinuierlich gesunken , heißt es. Die 
Einkommenszuwächse in den vergangenen Jahren kamen insbesondere dem mittleren und oberen 
Einkommensbereich zugute . Personen aus den mittleren Lagen gelinge es vielfach weiterhin, aufzusteigen. Der 
Bericht verarbeitet Daten verschiedener Forschungsinstitute.

Mit 1.440 Euro in der unteren Mitte Der neue Armuts- und Reichtumsbericht zeigt: Es gibt mehr sehr 
Wohlhabende, aber auch mehr Arme in Deutschland. Das starke G....
Die Armut hängt laut den ForscherInnen auch mit den schlechteren Arbeitsmarkt- und Verdienstchancen von 
Zugewanderten zusammen. Die vergleichsweise geringen Einkommen von Menschen mit Migrationshintergrund 
waren 2016 noch weiter vom Einkommen des Bevölkerungsdurchschnitts entfernt als zehn Jahre davor. Der 
Abstand der MigrantInnen zum Bevölkerungsdurchschnitt habe sich vergrößert , heißt es in dem Bericht.
Das mittlere Nettoeinkommen (Median) pro Person lag 2018 bei 1.870 Euro im Monat. Ein sogenanntes 
Armutsrisiko tragen Personen, die weniger Geld haben als 60 Prozent vom Median, in diesem Fall rund 1.120 Euro 
netto im Monat. Innerhalb eines Jahres steigen ein Drittel der Leute mit einem Einkommen unterhalb der 
Armutsrisikoschwelle auf in eine höhere Einkommensschicht, zeigt der Bericht. Umgekehrt rutschen von den 
GutverdienerInnen ab 3.740 Euro netto im Monat innerhalb eines Jahres etwa ein Viertel ab in eine niedrigere 
Einkommensschicht, stellten die ForscherInnen fest.
Im Bericht werden acht soziale Lagen unterschieden, wobei die Mittelschichten sehr heterogen sind. Zur Mitte 
zählen dabei etwa RentnerInnen, der sogenannten unteren Mitte zugehörig, mit einem monatlichen Netto von rund 
1.440 Euro. Zur Mitte zählt aber auch die Lage des Wohlstandes mit 2.800 Euro netto im Monat, viel Wohnfläche 
und einem Vermögen von 140.000 Euro (inklusive Immobilien). Der Wohlstand wird getoppt von der 
Wohlhabenheit mit mehr als 4.500 Euro netto im Monat pro Person und einem Vermögen von 350.000 Euro, also 
etwa einer erfolgreichen Unternehmerexistenz. Die Superreichen werden in dieser Erhebung nicht erfasst.
Interessant ist dabei die verschobene Wahrnehmung von arm und reich in der Bevölkerung. Während die Armen 
nur 11 Prozent der Bevölkerung ausmachen und die sehr Gutverdienenden nur 9 Prozent, schätzen die Befragten 
den Anteil der Armen auf ein Drittel, den der Reichen auf ein Viertel der Bevölkerung. Die Menschen tendieren also 
zu einer polarisierten Wahrnehmung der Umwelt.
Obwohl der aktuelle Anteil der armen und reichen Menschen in Deutschland bereits sehr hoch eingeschätzt wurde, 
gingen über 80 Prozent der Befragten davon aus, dass es eine weitere Zunahme der Armut in den nächsten fünf 
Jahren geben werde. Über 60 Prozent erwarteten in diesem Zeitraum auch eine Zunahme des Reichtums.
Seit vier Dekaden ist es schwer geworden, aus den unteren Lagen aufzusteigen"
2021-03,Main Corpus,2021-03(50).ZIP,Mit Homeschooling die Integration voranbringen Flüchtlinge Verein  iHelp  stiftet fünf Laptops für d.PDF,C:\PythonProjects\AfD-project\Corpora\Main Corpus\2021-03\raw_unarchive\Mit Homeschooling die Integration voranbringen Flüchtlinge Verein  iHelp  stiftet fünf Laptops für d.PDF,Mit Homeschooling die Integration voranbringen Flüchtlinge Verein iHelp stiftet fünf Laptops für die,mit homeschooling die integration voranbringen flüchtlinge verein ihelp stiftet fünf laptops für die,Nordwest-Zeitung,nordwestzeitung,11. März 2021,,EDEWECHT; S. 12,353,2535,19b3a05e062c61db126e8ec5e2d5397eb5e503a5,,unique,keep,,no,,no,,,3620,no,,,,,"Edewecht/LR - Im Lockdown haben die Schulen auf Homeschooling gesetzt, ein Wort, das vorher nahezu 
unbekannt war in Deutschland. Für die Verminderung der Ansteckungsgefahr ist das eine gute Lösung, für die 
Betroffenen schwierig. Oder sogar unmöglich, wenn keine Computer zur Verfügung stehen. Im ersten Lockdown 
haben wir uns fünf Laptops geliehen , erzählt Detlef Stoppock, Leiter der Gemeinschaftsunterkunft für geflüchtete 
Menschen (GUK) in Jeddeloh I. Diese mussten jetzt aber zurückgegeben werden.
Laptops angeschafft
Für die Kinder in der Einrichtung ein großes Problem das jetzt gelöst wurde. Auf Vermittlung von Jörg Brunßen 
aus Edewecht hat der Verein iHelp fünf Laptops im Gesamtwert von mehr als 1500 Euro angeschafft und der GUK 
gespendet. Für uns ist das eine sehr große Hilfe , betont Manuela Bruhn, die sich um die Kinderbetreuung 
kümmert. Die GUK ist eine Einrichtung der Gemeinde Edewecht, betrieben wird sie von der Johanniter-Unfall-Hilfe.
Zurzeit leben 16 Kinder in der Gemeinschaftsunterkunft, sieben davon werden täglich im Homeschooling mit den 
Computern unterrichtet. Dazu kommen weitere Kinder, die in anderen Unterkünften und Wohnungen im 
Gemeindegebiet leben. Bildung ist der Schlüssel zur Gesellschaft , sagt Jörg Brunßen, Fraktionsvorsitzender der 
CDU im Rat der Gemeinde Edewecht.
Gelungene Integration

Mit Homeschooling die Integration voranbringen Flüchtlinge Verein iHelp stiftet fünf Laptops für die 
Gemeinschaftsunterkunft in Jeddeloh I
Es sei wichtig, jungen geflüchteten Menschen gute Voraussetzungen für eine gelungene Integration zu bieten. Ein 
Ziel, bei dem die Gemeinde eng mit den Johannitern und anderen engagierten Organisationen und Menschen 
zusammenarbeitet. Integration ist auch eine Gemeinschaftsaufgabe , erklärt Dirk Sander, Leiter des Fachbereichs 
Bildung, Soziales und Ordnung der Gemeinde Edewecht, und betont die gute Zusammenarbeit mit den 
Johannitern in Jeddeloh und lobt deren Engagement.
Jörg Brunßen sagte, dass er froh sei, dass Dr. Hanieh und Ole Erdmann vom Verein iHelp sofort ihre 
Unterstützung zugesagt hatten, um die Anschaffung der Geräte zu ermöglichen. Der Verein hilft Kindern und 
minderbemittelten Menschen in aller Welt, übernimmt Schulgebühren und Kosten für Lehrmittel und Bücher und 
trägt zur Gesundheitsversorgung durch die Organisation von kostenlosen Operationen bei. Die Laptops stehen 
außerhalb des Unterrichts der Kinder auch den erwachsenen Bewohnern zur Verfügung, etwa für die Teilnahme an 
Sprachkursen.
PDF-Datei dieses Dokuments"
2021-03,Main Corpus,2021-03(50).ZIP,"Männlich, jung, perspektivlos - Frankreichs _Generation Syrien_ Frankreich hat ein Islamismusproblem.PDF","C:\PythonProjects\AfD-project\Corpora\Main Corpus\2021-03\raw_unarchive\Männlich, jung, perspektivlos - Frankreichs _Generation Syrien_ Frankreich hat ein Islamismusproblem.PDF","Männlich, jung, perspektivlos - Frankreichs ""Generation Syrien"" Frankreich hat ein Islamismusproblem. Der",männlich jung perspektivlos  frankreichs generation syrien frankreich hat ein islamismusproblem der,Die Welt,die welt,Freitag 12. März 2021,Martina Meister,Politik; S. 8; Ausg. 60,1050,7487,7bfaa2a3cd1c40eb021b49f4f202db19656fc0b7,,unique,keep,,no,,no,,,8853,no,,,,,"Paris
Wenn man den französischen Publizisten Hakim El Karoui bittet, das Phantombild eines Dschihadisten zu 
zeichnen, zögert er keine Sekunde. Es handelt sich um einen jungen Mann, etwa 25 Jahre alt, aufgewachsen in der 
Regel in einer muslimischen Familie in einem Problemviertel einer Großstadt mit großem Anteil von Einwanderern. 
""Es gibt tatsächlich ein typisches Profil"", so El Karoui, ""es sind weder Verrückte noch Asoziale, sie sind weder 
seelisch zerstört noch manipuliert."" Auch sei der klassische europäische Dschihadist kein Zuwanderer, sondern in 
der überwiegenden Mehrheit der Fälle in der zweiten oder dritten Einwanderergeneration ""bei uns geboren und 
aufgewachsen"".
El Karoui, Banker, Publizist und Politikberater, studiert seit mehreren Jahren den Islamismus in Frankreich. Mit 
seinem Buch ""Die Fabrik des Islamismus"" hat er 2018 für viel Aufsehen gesorgt. Er schätzte damals die Zahl der 
französischen Anhänger des Salafismus, einer radikalen Form des Islam, auf 800.000 bis eine Million Gläubige. Für 
sein jüngstes Buch über europäische Dschihadisten (""Les militants du djihadisme"") hat er sich gemeinsam mit dem 
Historiker Benjamin Hodayé über die Profile von 1460 Dschihadisten aus Frankreich, Belgien, Großbritannien und 
auch Deutschland gebeugt. Untertitel: das Porträt einer Generation.
Gemeint ist die ""Generation Syrien"". In die Gruppe fällt, wer in den vergangenen zehn Jahren als Dschihadist aktiv 
war und wessen Radikalisierung zwischen 2010 und 2019 stattgefunden hat. Untersucht wurden die Biografien von 
Männern und Frauen, die sich entweder der Terrororganisation Islamischer Staat (IS) angeschlossen oder 
zumindest vorgehabt haben, ein Attentat in ihrem Herkunftsland zu verüben. Nicht alle sind zur Tat geschritten.

Männlich, jung, perspektivlos - Frankreichs ""Generation Syrien"" Frankreich hat ein Islamismusproblem. Der 
Publizist Hakim El Karoui hat ein Buch über die neuen ....
Den Autoren fällt nicht nur die ""überraschende Homogenität"" der Profile in Europa auf, sondern vor allem auch die 
geografische Konzentration. In Frankreich sind die Dschihadisten in einem guten Dutzend Departements rekrutiert 
worden. Einige Städte haben sich zu regelrechten Hochburgen entwickelt. Dasselbe gilt auch für die 
Nachbarländer. ""Durch Deutschland läuft die saubere Grenze zwischen BRD und DDR"", heißt es im Buch. Der 
Grund dafür liegt auf der Hand: Im Osten Deutschlands sind Muslime historisch nicht verankert. Von den 183 
deutschen Dschihadisten kommen 88 aus Nordrhein-Westfalen, wo ein Drittel der deutschen Muslime lebt.
Noch etwas haben die Statistiken offenbart: ""In 90 Prozent der von uns untersuchten Fälle haben die Dschihadisten 
mit der Religion ihrer Eltern gebrochen, sei es mit dem traditionellen Islam, sei es mit dem Christentum im Falle der 
Konvertierten"", so El Karoui im Gespräch mit WELT. Bemerkenswert auch das: Fast ein Drittel der französischen 
Dschihadisten ist zum Islam konvertiert und in Familien ohne Migrationshintergrund aufgewachsen. Unter den 
Belgiern sind es zehn Prozent.
""Gegen die Eltern aufzubegehren ist ein klassisches Jugendphänomen. Aber sie wählen nicht den Kommunismus, 
nicht die extreme Rechte, nicht die Anarchie, sondern vollziehen einen radikalen Bruch mit der Identität ihrer 
Eltern"", analysiert El Karoui. Den radikalen Glauben beschreibt er als ""identitäre Krücke"".
Ziel dieser soziologischen Studie ist es, das Profil potenzieller Dschihadisten und die Mechanismen ihrer 
Radikalisierung offenzulegen, um zukünftige Indoktrinierungen zu verhindern. Derzeit sitzen allein 1300 
Dschihadisten in französischen Gefängnissen. 150 von ihnen werden demnächst entlassen und stellen den 
französischen Staat vor große Herausforderungen. Noch beängstigender ist die Zahl derer, die potenziell 
zuschlagen könnten. El Karoui schätzt sie auf 5000 bis 6000 allein in Frankreich.
Was auf den ersten Blick wie statistische Fleißarbeit wirkt, zeichnet bei genauerem Hinsehen das Psychogramm 
einer verlorenen Generation, die im radikalen Islam ihr Seelenheil gesucht hat. ""Einer der großen Fehler war, 
einfach nicht sehen zu wollen, dass der Dschihadismus ein religiöses Problem ist"", mahnt El Karoui. Gerade in 
Deutschland tue man sich mit dieser Erkenntnis schwer und verdränge die ""religiöse Dimension des Phänomens"".
Wichtigste Erkenntnis der Studie ist, dass man sowohl in Frankreich wie auch in Deutschland den Salafismus 
sträflich unterschätzt hat: ""Mehr als die Hälfte der Fälle, die wir untersucht haben, sind über den Salafismus zum 
Dschihadismus gekommen. Und diejenigen, die nicht Salafisten waren, sind zumindest von Salafisten rekrutiert 
worden.""
Unter Salafismus verstehen die Autoren nicht nur eine radikale Form der Religionsausübung, sondern eine eigene 
Ideologie mit globaler Ausrichtung. Die Vorstellung von einer ""reinen Gemeinschaft von Gläubigen"" führe 
zwangsläufig zur Parallelgesellschaft. Der Dschihadismus ist, wenn man so will, die Fortsetzung des Salafismus mit 
den Mitteln der Gewalt. Dennoch warnt El Karoui vor dem Umkehrschluss: ""Nicht jeder Salafist wird zwangsläufig 
zum Dschihadisten.""
20 Prozent der französischen Dschihadisten sind Frauen, in Belgien und Deutschland ist ihre Zahl geringer. Frauen 
seien lange unterschätzt worden, so die Autoren. Man habe sie als Mitläuferinnen betrachtet, als Opfer, die ihrem 
Mann, ihrem Bruder oder ihrem Sohn nach Syrien oder in den Irak gefolgt seien. Ein Irrtum: ""Unsere Recherche hat 
ergeben, dass die Frauen unter den Geschwistern oder im Paar oft diejenigen sind, die die anderen mitziehen. 
Auch wenn sie oft weniger gewalttätig sind, teilen sie die radikale Ideologie. Sie sind keine Opfer.""
Für El Karoui steht fest, dass mit dem Untergang des sogenannten Kalifats eine Epoche des Terrorismus zu Ende 
gegangen ist. ""Der Dschihadismus steht jetzt an einem Scheideweg."" Zwei Szenarien seien möglich: die 
Fortsetzung des ideologischen Dschihadismus durch das, was er als die ""Salafizierung der Köpfe"" bezeichnet, die 
klassische Indoktrination. Die zweite Möglichkeit sei ein ""organisierter, gezielter, bewaffneter Dschihad innerhalb 
Europas"". Dafür fehle es allerdings zurzeit an einer ""Führerfigur"".
Für den Islamismus-Experten Gilles Kepel dagegen scheint die Frage, wie es weitergeht, bereits entschieden. Auch 
er betrachtet die dritte Phase des Dschihadismus als für beendet. In seinem jüngsten Buch ""Der Prophet und die 
Männlich, jung, perspektivlos - Frankreichs ""Generation Syrien"" Frankreich hat ein Islamismusproblem. Der 
Publizist Hakim El Karoui hat ein Buch über die neuen ....
Pandemie"" interpretiert er die letzten Attentate auf französischem Boden als Symptom eines neuen, eines 
""Atmosphären-Dschihadismus"".
Dieser habe mit dem Attentat in der Pariser Polizeipräfektur am 3. Oktober 2019 begonnen. Ein zum Islam 
konvertierter Angestellter des Rathauses, ein Franzose von den Antillen, der in der Abteilung für Prävention und 
De-Radikalisierung beschäftigt war, ermordete damals mehrere Kollegen mit einem Messer. ""Niemand hat ihm 
diesen Auftrag gegeben"", so Kepel. Die Enthauptung des Lehrers Samuel Paty und das Attentat in der Basilika von 
Nizza gehören für Kepel in dieselbe Kategorie. Es ist in seinen Augen ein Dschihadismus, der keine Grenzen 
kennt, der wie ein Virus in der Luft liegt - und diejenigen infiziert, die am schwächsten sind.
Original Gesamtseiten-PDF
Graphic
 
Kontrolle in Nizza: Die Stadt wurde im vergangenen Jahr von einem brutalen Anschlag erschüttert"
2021-03,Main Corpus,2021-03(50).ZIP,NACHRICHTEN(2).PDF,C:\PythonProjects\AfD-project\Corpora\Main Corpus\2021-03\raw_unarchive\NACHRICHTEN(2).PDF,NACHRICHTEN,nachrichten,Frankfurter Rundschau,frankfurter rundschau,Mittwoch 3. März 2021,,POLITIK; S. 9,443,3195,d12b26d31f8c6c203e4758b0d71cb03bc3e60053,,unique,keep,,no,,no,,,4773,no,,,,,"Über 1600 Übergriffe auf Flüchtlinge in Deutschland 
Im vergangenen Jahr hat es in Deutschland mindestens 1606 Angriffe auf Flüchtlinge und Asylbewerber gegeben. 
Das geht aus einer Antwort des Bundesinnenministeriums auf eine Kleine Anfrage der Linken-Fraktion hervor, aus 
der die „Neue Osnabrücker Zeitung“ zitiert. 201 Menschen wurden demnach bei den Attacken verletzt. Im Vergleich 
zum Vorjahr ging die Zahl der erfassten Übergriffe damit leicht zurück, 2019 hatten die Behörden 1620 solcher 
Fälle gemeldet. afp
Verdächtiger der Anschläge von Waldkraiburg gesteht
Im Prozess um Terroranschläge in Waldkraiburg hat der Angeklagte ein Geständnis abgelegt. „Das stimmt alles, 
was die vorgelesen hat“, sagte der 26-Jährige vor dem Oberlandesgericht München, nachdem eine Vertreterin der 
Bundesanwaltschaft die Anklage verlesen hatte. Er habe jahrelang Propaganda-Videos der Terrororganisation 
„Islamischer Staat“ geschaut und sich dadurch „unterbewusst radikalisiert“, sagte er. „Ich bereue die Taten sehr. “ 
dpa
Justiz-Regelung in Polen könnte EU-Recht verletzen
Das Verfahren zur Besetzung des Obersten Gerichts in Polen könnte laut dem Europäischen Gerichtshofs gegen 
EU-Recht verstoßen. Es könne die Verpflichtung der EU-Staaten verletzen, erforderliche Rechtsbehelfe und somit 
einen wirksamen Rechtsschutz für Einzelne zu schaffen, urteilten die EuGH-Richter am Dienstag in Luxemburg. 
Dies könne dazu führen, dass ernannte Richter des Obersten Gerichts parteiisch erscheinen. Polens Regierung 
wies das Urteil harsch zurück (C-824/18). Eine Entscheidung darüber muss noch das polnische Gericht treffen, das 
den EuGH angerufen hatte. dpa
Ungarn muss migrantische Familie entschädigen
Ungarn hat nach Ansicht des Europäischen Gerichtshofs für Menschenrechte eine Asyl suchende Familie in der 
Transitzone zu Serbien unwürdig behandelt. Das Land verstieß gegen das Verbot unmenschlicher und 
entwürdigender Behandlung. Das Gericht sah zudem das Recht der Migranten auf Freiheit und Sicherheit verletzt. 
Ungarn muss der Familie nun Entschädigung zahlen. (Nummer 36 037 /17) dpa

NACHRICHTEN
Flüchtlinge aus Lagern auf Nauru und Manus entlassen
Australien hat Dutzende Flüchtlinge aus seinen umstrittenen Lagern auf pazifischen Inseln entlassen. Mehr als 60 
Flüchtlinge seien in den vergangenen zwei Tagen aus Hotels und Haftanstalten in Brisbane, Sydney und Darwin 
entlassen worden, nachdem sie von den Inseln Nauru und Manus in Papua-Neuguinea nach Australien zur 
medizinischen Versorgung gebracht worden waren, erklärten die Refugee Action Coalition und Rechtsvertreter am 
Dienstag. Die Menschen hätten befristete Visa erhalten, nachdem sie bis zu acht Jahre in den Lagern verbracht 
hätten. afp
Sanktionen gegen sieben Russen wegen Attentat
Die USA verhängen wegen des Giftanschlags auf den Kreml-Kritiker Alexej Nawalny Sanktionen gegen sieben 
hochrangige Russen. Die US-Geheimdienste seien mit hoher Sicherheit zu dem Schluss gekommen, dass 
Mitarbeiter des russischen Geheimdienstes FSB den Anschlag mit einem Nervengift verübt hätten, sagte ein US-
Regierungsvertreter. US-Präsident Biden hatte einen härteren Kurs gegenüber Moskau angekündigt. afp
Link zum PDF-Dokument"
2021-03,Main Corpus,2021-03(50).ZIP,NACHRICHTEN(3).PDF,C:\PythonProjects\AfD-project\Corpora\Main Corpus\2021-03\raw_unarchive\NACHRICHTEN(3).PDF,NACHRICHTEN,nachrichten,Frankfurter Rundschau,frankfurter rundschau,Freitag 26. März 2021,,HESSEN; S. F20,218,1628,aaf0bfe3d92c9203906909ee8600c81b88e97ba9,,unique,keep,,no,,no,,,2569,no,,,,,"Protest vor dem Landtag
Wiesbaden. Mehrere eritreische Initiativen demonstrieren am Freitag, 26. März, um 11 Uhr vor dem Hessischen 
Landtag in Wiesbaden. Gleichzeitig finden weitere Proteste in Berlin und Brandenburg statt. Die Initiativen bitten in 
einem offenen Brief Ministerpräsident Volker Bouffier und Innenminister Peter Beuth (beide CDU), die 
Unzumutbarkeit der Passbeschaffung für die eritreischen Geflüchteten zu prüfen. Trotz aller Hoffnung auf Frieden 
mit dem Erzfeind Äthiopien gilt Eritrea weiterhin als Diktatur. In Deutschland lebende eritreische Geflüchtete, die 
nicht als Flüchtling anerkannt wurden oder nur einen subsidiären Schutz oder Abschiebeschutz erhalten haben, 
müssen bei der Passbeschaffung einen Reuebrief unterschreiben. Der unterzeichnenden Person drohen dadurch 
erhebliche Strafen in Eritrea. Viele Ausländerbehörden würden das aber als zumutbar ansehen, kritisieren die 
Initiativen und die Nichtregierungsorganisation Pro Asyl. stn
In Bensheim brennen sieben Autos in sechs Wochen 
Bensheim. Nach sieben brennenden Autos in den letzten sechs Wochen sucht die Polizei in Bensheim (Kreis 
Bergstraße) nach möglichen Brandstifter:innen. Zuletzt hatte am Mittwochabend ein parkendes Auto gebrannt, wie 
die Polizei am Donnerstag mitteilte. In der Woche zuvor wurden der Polizei drei weitere Autobrände gemeldet. 
Ende Februar brannten ebenfalls drei parkende Fahrzeuge in Bensheim. In beiden Fällen wurden Jugendliche in 
der Nähe der Autos gesichtet. Eine Ermittlungsgruppe prüfe nun, ob es zwischen den Fällen einen Zusammenhang 
gibt, sagte ein Polizeisprecher. dpa
Link zum PDF-Dokument"
2021-03,Main Corpus,2021-03(50).ZIP,NACHRICHTEN(4).PDF,C:\PythonProjects\AfD-project\Corpora\Main Corpus\2021-03\raw_unarchive\NACHRICHTEN(4).PDF,NACHRICHTEN,nachrichten,Frankfurter Rundschau,frankfurter rundschau,Montag 22. März 2021,,HESSEN; S. F16,233,1534,4ebe13f769c5ffd3d5d23212f32ff51ff4960d21,variant_001,regional_variant,review,,no,,no,,,2158,no,,,near_001,variant_001,"25-Jähriger unter Mordverdacht in U-Haft
Einhausen. Nach dem gewaltsamen Tod eines Mannes im südhessischen Einhausen hat ein Haftrichter einen 25 
Jahre alten Mitbewohner unter Mordverdacht in Untersuchungshaft genommen. Er wurde in eine 
Justizvollzugsanstalt gebracht. Der Mann hatte am Freitagmorgen die Rettungskräfte selbst angerufen. Diese 
fanden in einer von Flüchtlingen bewohnten Wohnung die Leiche des noch nicht identifizierten Opfers. Die Klärung 
der Identität dauerte laut Polizei noch an. dpa
55-Jähriger stirbt bei Brand in Einfamilienhaus
Kassel. Bei einem Brand in einem Einfamilienhaus in Kassel ist ein Mann ums Leben gekommen. Das Feuer sei in 
der Nacht auf Samstag von Anwohner:innen gemeldet worden, teilte die Feuerwehr mit. Einsatzkräfte holten den 
55-jährigen Mann aus seinem Haus, er starb jedoch noch an der Unfallstelle an seinen Brandverletzungen, teilte 
die Polizei mit. Der Schaden beträgt rund 30 000 Euro. Nach etwa zwei Stunden konnten die 30 Einsatzkräfte das 
Feuer löschen. dpa
250 000 Euro Schaden bei Feuer in Aarbergen
Aarbergen. Bei einem Brand in Aarbergen im Rheingau-Taunus-Kreis ist ein Schaden von rund 250 000 Euro 
entstanden. Ein 51-Jähriger habe auf einer Terrasse einen Holzofen für eine Sauna und eine Feuerschale 
angezündet, teilte die Polizei mit. Die Flammen seien auf ein Sofa, das Terrassendach und schließlich den 
Dachstuhl des Hauses übergesprungen. Der 51-Jährige zog sich bei dem Versuch, das Feuer selbst zu löschen, 
Brandverletzungen zu. dpa
Link zum PDF-Dokument"
2021-03,Main Corpus,2021-03(50).ZIP,NACHRICHTEN(5).PDF,C:\PythonProjects\AfD-project\Corpora\Main Corpus\2021-03\raw_unarchive\NACHRICHTEN(5).PDF,NACHRICHTEN,nachrichten,Der Tagesspiegel,der tagesspiegel,Mittwoch 31. März 2021,,POLITIK FQT:SPÄT; S. 004; Ausg. Der Tagesspiegel Nr. 24494 VOM 31.03.2021 SEITE 004,341,2323,b49dbc8ffb77e2d662190bba9528a4af96506189,,unique,keep,,no,,no,,,3543,no,,,,,"DEUTSCHLAND
Flüchtling Alaows zieht Kandidatur für den Bundestag zurück
Oberhausen - Nach Morddrohungen gegen seine Familie hat der aus Syrien geflüchtete Tareq Alaows (31) seine 
Bundestagskandidatur für die Grünen in Nordrhein-Westfalen zurückgezogen. Das teilte der Kreisverband 
Oberhausen am Dienstag mit. ""Die hohe Bedrohungslage für mich und vor allem für mir nahestehende Menschen 
ist der wichtigste Grund für die Rücknahme meiner Kandidatur"", heißt es in der Mitteilung. Nach Auskunft eines 
Parteisprechers hatte es anonyme Morddrohungen gegen die Familie des Politikers in Syrien für den Fall gegeben, 
dass Alaows an der Kandidatur festhalte. Alaows wollte ""als erste aus Syrien geflüchtete Person im Bundestag den 
Hunderttausenden Menschen, die auf der Flucht sind und hier mit uns leben, eine politische Stimme geben"", wie er 
bei der Bewerbung erklärt hatte. dpa
Maas sagt Syrienhilfe in Höhe
von 1,7 Milliarden Euro zu
Berlin - Die Bundesregierung hat den Opfern des Syrienkriegs Hilfsmittel in Höhe von 1,738 Milliarden Euro 
zugesagt. Das erklärte Außenminister Heiko Maas (SPD) bei einer Rede während der virtuellen Geberkonferenz 
der EU und der UN, die am Dienstag zu Ende ging. Bei der Summe handelt es sich nach seinen Angaben um die 
größte Zahlung Deutschlands in den vergangenen vier Jahren. Mit dem Geld sollen unter anderem Lebensmittel, 
Wasser, Medikamente und andere Güter finanziert werden. Sie sollen über Hilfsorganisationen in das 
Bürgerkriegsland gelangen oder Ländern in der Region zugutekommen, die viele Geflüchtete aufgenommen haben. 
Insgesamt kamen bei der Konferenz weiter 5,3 Milliarden Euro an Hilfen zusammen. KNA
ÄGYPTEN
Präsident Sisi warnt vor
Äthiopiens Nil-Staudamm

NACHRICHTEN
Ismailia - Ägyptens Präsident Abdel Fattah al Sisi hat im Streit um Äthiopiens Riesenstaudamm am Nil vor einer 
Destabilisierung der Region gewarnt. Niemand dürfe auch nur ""einen Tropfen"" ägyptischen Wassers aus dem Nil 
entnehmen, sagte al Sissi am Dienstag bei einem Besuch in der Stadt Ismailia am Suezkanal. Die Grand-Ethiopian-
Renaissance-Talsperre soll mit 6000 Megawatt Jahresleistung einmal das größte Wasserkraftwerk Afrikas werden. 
Der Bau der 1,8 Kilometer langen und 145 Meter hohen Staumauer begann 2011. 2023 soll die Talsperre 
vollständig in Betrieb gehen. AFP
Graphic
 
R"
2021-03,Main Corpus,2021-03(50).ZIP,NACHRICHTEN(6).PDF,C:\PythonProjects\AfD-project\Corpora\Main Corpus\2021-03\raw_unarchive\NACHRICHTEN(6).PDF,NACHRICHTEN,nachrichten,Frankfurter Rundschau,frankfurter rundschau,Montag 22. März 2021,,HESSEN; S. D1,317,2114,475babea344a6b14f92f3aa7c557e9b906a46d85,variant_001,regional_variant,review,,no,,no,,,2968,no,,,near_001,variant_001,"25-Jähriger nach Tod eines Mannes in Haft
Einhausen. Nach dem gewaltsamen Tod eines Mannes im südhessischen Einhausen hat ein Haftrichter einen 25 
Jahre alten Mitbewohner unter Mordverdacht in Untersuchungshaft genommen. Er wurde in eine 
Justizvollzugsanstalt gebracht. Der Mann hatte am Freitagmorgen die Rettungskräfte selbst angerufen. Diese 
fanden in einer von Flüchtlingen bewohnten Wohnung die Leiche des noch nicht identifizierten Opfers. Die Klärung 
der Identität dauerte laut Polizei noch an. dpa
55-Jähriger stirbt bei Brand in Einfamilienhaus
Kassel. Bei einem Brand in einem Einfamilienhaus in Kassel ist ein Mann ums Leben gekommen. Das Feuer sei in 
der Nacht auf Samstag von Anwohner:innen gemeldet worden, teilte die Feuerwehr mit. Einsatzkräfte holten den 
55-jährigen Mann aus seinem Haus, er starb jedoch noch an der Unfallstelle an seinen Brandverletzungen, teilte 
die Polizei mit. Der Schaden beträgt rund 30 000 Euro. Nach etwa zwei Stunden konnten die 30 Einsatzkräfte das 
Feuer löschen. dpa
34-Jähriger beißt Polizisten bei Festnahme 
Frankfurt. Ein 34-Jähriger hat am frühen Sonntag in Frankfurt bei seiner vorläufigen Festnahme während eines 
Einsatzes wegen häuslicher Gewalt mehrere Polizisten angegriffen. Wie die Polizei mitteilte, musste ein 31-jähriger 
Polizist ambulant im Krankenhaus behandelt werden. Der Mann hatte demnach den Polizisten in die Hände 
gebissen und einem Beamten ins Auge gespuckt. dpa
250 000 Euro Schaden bei Feuer in Aarbergen
Aarbergen. Bei einem Brand in Aarbergen im Rheingau-Taunus-Kreis ist ein Schaden von rund 250 000 Euro 
entstanden. Ein 51-Jähriger habe auf einer Terrasse einen Holzofen für eine Sauna und eine Feuerschale 
angezündet, teilte die Polizei mit. Plötzlich seien von einem der beiden Feuer Flammen auf ein Sofa, das 
Terrassendach und schließlich den Dachstuhl des Hauses übergesprungen. Das Dach wurde dabei so stark 
beschädigt, dass das Haus nun einsturzgefährdet und nicht mehr bewohnbar ist. Der 51-Jährige zog sich bei dem 
Versuch, das Feuer selbst zu löschen, Brandverletzungen zu. dpa

NACHRICHTEN
Link zum PDF-Dokument"
2021-03,Main Corpus,2021-03(50).ZIP,NACHRICHTEN.PDF,C:\PythonProjects\AfD-project\Corpora\Main Corpus\2021-03\raw_unarchive\NACHRICHTEN.PDF,NACHRICHTEN,nachrichten,Der Tagesspiegel,der tagesspiegel,Mittwoch 17. März 2021,,BERLIN FQT:SPÄT; S. 010; Ausg. Der Tagesspiegel Nr. 24480 VOM 17.03.2021 SEITE 010,505,3525,7f65234d81d4c60ccb534944540d3b3a863a3c71,,unique,keep,,no,,no,,,4498,no,,,,,"Weniger Angriffe auf Flüchtlinge - aber viele Beleidigungen im Internet
Die Zahl der registrierten Angriffe auf Flüchtlinge und Flüchtlingsunterkünfte ist in Berlin weiter gesunken. Im 
vergangenen Jahr erfasste die Berliner Polizei nur noch zwei Fälle von körperlichen Angriffen auf Flüchtlinge, wie 
aus einer Antwort des Senats auf eine Anfrage der Linken hervorgeht. Dazu kamen viele Fälle von persönlichen 
Beleidigungen, Beschimpfungen und Bedrohungen im Internet sowie Hetze durch Aufkleber und Parolen an 
Hauswänden. In den beiden Fällen der direkten Angriffe wurden Flüchtlinge im Herbst 2020 beleidigt und 
geschlagen, die Polizei ermittelte wegen Körperverletzung. Außerdem nannte sie einen Fall vom März 2020, in dem 
gegen Verdächtige ermittelt wurde, die eine Flüchtlingsunterkunft ausgespäht haben sollen, um dort ein Feuer zu 
legen. In 13 der insgesamt 48 erfassten Fälle wurden Flüchtlinge persönlich beschimpft oder beleidigt. Dazu kamen 
21 Fälle allgemeiner Beleidigungen im Internet oder per Mail, und elf Fälle von Volksverhetzung gegen Flüchtlinge 
durch Schmierereien an Fassaden oder Aufkleber. Die Polizei ermittelte insgesamt 19 Verdächtige. 2016, als der 
Zuzug von Flüchtlingen besonders groß war, zählten die Behörden in Berlin 46 Attacken allein gegen Unterkünfte - 
etwa Sachbeschädigungen, Steinwürfe oder Gewalt gegen Bewohner. 2017 waren es 26 derartiger Angriffe, im 
Jahr darauf sank die Zahl der Fälle auf unter 20. dpa
Autofahrer bei Unfall
in Siemensstadt gestorben
In der Nacht auf Dienstag ist ein Autofahrer nach einem Verkehrsunfall in Siemensstadt gestorben. Den ersten 
Ermittlungen und Zeugenaussagen zufolge befuhr der 60-Jährige gegen 22.30 Uhr mit seinem Nissan die 
Nonnendammallee in Richtung Jakob-Kaiser-Platz, als er aus bislang unbekannten Gründen nach rechts von der 
Fahrbahn abkam und auf mehrere geparkte Autos aufprallte. Passanten alarmierten laut der Polizei Rettungskräfte 
und versuchten, den Mann wiederzubeleben. Er starb wenig später im Krankenhaus. Tsp
Messerattacke nach Maskenstreit - Tatverdächtiger identifiziert
Die Polizei hat einen Tatverdächtigen identifiziert, der nach einem Streit um seine fehlende Mund-Nasen-
Bedeckung im Oktober einen Fahrgast in der U-Bahn mit einem Messer verletzt haben soll. Es handele sich um 

NACHRICHTEN
einen 25-Jährigen, der nach der Veröffentlichung von Bildern aus einer Überwachungskamera durch Hinweise aus 
der Bevölkerung identifiziert werden konnte, teilte die Polizei am Dienstag mit. dpa
Verlängerung der A 100
wird noch einmal teurer
Die Baukosten für die Verlängerung der Berliner Stadtautobahn A 100 von Neukölln nach Treptow steigen offenbar 
von Woche zu Woche. Am Dienstag meldete die ""Berliner Morgenpost"", dass die Autobahn GmbH des Bundes, die 
den Bau inzwischen verantwortet, mittlerweile von 700 Millionen Euro ausgeht. Die ""Berliner Zeitung"" hatte vor 
einer Woche Kosten von 650 Millionen Euro vermeldet. Anfangs war von 500 Millionen Euro die Rede. Der Bau 
dieses 16. Abschnitts der Stadtautobahn wurde 2011 vom damaligen schwarz-roten Senat beschlossen. Rot-Rot-
Grün lehnt die Autobahn-Verlängerung jedoch ab und hat deshalb auch alle Planungen für den 17. Bauabschnitt 
auf Eis gelegt. Doch seit Anfang des Jahres übernimmt der Bund nicht nur die Baukosten, sondern auch die 
Planung für neue Autobahnen. Für das CSU-geführte Bundesverkehrsministerium ist der Weiterbau praktisch 
schon entschieden. Letztlich hängt auch dieser wohl vom Ausgang der Wahlen im Herbst ab. loy
Graphic
 
R"
2021-03,Main Corpus,2021-03(50).ZIP,Polizei will sich gerne vielfältiger aufstellen.PDF,C:\PythonProjects\AfD-project\Corpora\Main Corpus\2021-03\raw_unarchive\Polizei will sich gerne vielfältiger aufstellen.PDF,Polizei will sich gerne vielfältiger aufstellen,polizei will sich gerne vielfältiger aufstellen,Rheinische Post,rheinische post,Mittwoch 17. März 2021,Dorothee Schmidt-Elmendorff,S. 27,198,1629,320f65ae4316908f9e8f6e238857aa74ad308a25,,unique,keep,,no,,no,,,2379,no,,,,,"Langenfeld/Monheim (elm) Die Polizei in Nordrhein-Westfalen führt keine Statistik über Mitarbeiter mit 
Migrationshintergrund. Lediglich bei den jährlichen Bewerbungen und Neueinstellungen wird deren statistischer 
Anteil erfasst. Seit 2015 steigt der Anteil der Bewerber mit Migrationshintergrund von rund 18 auf bis zu 26 Prozent 
im Jahr 2020, teilt Sevinc Sethmacher, Sprecherin des Landesamtes für Ausbildung, Fortbildung und 
Personalangelegenheiten der Polizei NRW, mit. Menschen mit Zuwanderungsgeschichte hätten oftmals wertvolle 
Sprachkenntnisse und ein umfassendes Wissen über kulturelle Hintergründe. Das werde im Polizeidienst immer 
wichtiger und unterstütze die Polizeiarbeit vor Ort. Daher sei die NRW-Polizei stark daran interessiert, auch 
Kommissaranwärter mit Migrationshintergrund einzustellen.
Auch in der aktuellen Legislaturperiode setzt die Landesregierung ihre Bestrebungen zur interkulturellen Öffnung 
der Landesverwaltung mit der Landesinitiative „Erfolgsfaktor Interkulturelle Öffnung – NRW stärkt Vielfalt“ fort. 
Diesem Ziel sei auch die Polizei NRW verpflichtet. Die zunehmende Pluralität der Gesellschaft solle sich demnach 
auch in der Polizei widerspiegeln. Daher würden bei allen Werbemaßnahmen Migranten durch entsprechend 
ausgewählte Testimonials mit einem erkennbaren Migrationshintergrund eingesetzt, berichtet Sethmacher. Auf der 
Facebook-Fanpage der zentralen Personalwerbung würden regelmäßig Migranten darin bestärkt, sich zu 
bewerben. Vor allem aber der direkte Kontakt zwischen Migranten und Personalwerbern vor Ort helfe, bestehende 
Vorurteile gegenüber der Polizei abzubauen."
2021-03,Main Corpus,2021-03(50).ZIP,Polizei wird vielfältiger Immer mehr Beamte mit Migrationshintergrund.PDF,C:\PythonProjects\AfD-project\Corpora\Main Corpus\2021-03\raw_unarchive\Polizei wird vielfältiger Immer mehr Beamte mit Migrationshintergrund.PDF,Polizei wird vielfältiger Immer mehr Beamte mit Migrationshintergrund,polizei wird vielfältiger immer mehr beamte mit migrationshintergrund,Berliner Zeitung,berliner zeitung,26. März 2021,Maxi Beigang,BERLIN; S. 10,244,1871,fac251c9319464c229f3f12d9799af6c2eaaf9ce,,unique,keep,,no,,no,,,2751,no,,,,,"Die Berliner Polizei ist auch im vergangenen Jahr das Bundesland mit dem höchsten Anteil neu eingestellter 
Menschen mit Migrationshintergrund. Das berichtet der Mediendienst Integration. Der Anteil der hiesigen Polizisten 
mit Einwanderungsgeschichte liegt bei 32 Prozent und entspricht damit fast dem Anteil in Berlins 
Gesamtbevölkerung (35 Prozent im Jahr 2019). In den vergangenen zehn Jahren hat sich der Anteil neu 
eingestellter Menschen mit Migrationshintergrund bei der Polizei damit fast verdreifacht. Noch 2010 hatten nur 8,5 
Prozent der Berufsanfänger einen Migrationshintergrund obwohl es mehr als doppelt so viele Bewerbungen gab. 
Der Großteil aller Beamten mit Migrationshintergrund, fast vier von zehn, arbeitet weiterhin im mittleren Dienst, der 
niedrigsten Polizeilaufbahn. Im Zeitraum 2018 bis 2020 hatten dort rund 38 Prozent aller neu Eingestellten eine 
Einwanderungsgeschichte.
Als mögliche Gründe für die gestiegene Zahl an Bewerbungen sieht der Mediendienst Integration verstärkte 
Werbemaßnahmen des Landes. So gebe es in Berlin Schulungsmaßnahmen speziell für Jugendliche mit 
Migrationshintergrund in Kreuzberg, außerdem das Programm Berlin braucht Dich . Hier versucht Berlin, Schulen, 
Betriebe und Jugendliche frühzeitig zu vernetzen, Praktika auch im öffentlichen Dienst zu vermitteln.
Bereits zum vierten Mal untersuchte der Pressedienst die Landespolizeien und 2020 auch erstmals die 
Bundespolizei und erhob Daten zu Polizeimitarbeitern mit Migrationshintergrund. Insgesamt konnten neben der 
Bundespolizei neun Bundesländer untersucht werden, aufgrund datenschutzrechtlicher Bedenken und geringer 
Rücklaufquoten erheben die Länder Bremen und Schleswig-Holstein keine Daten mehr. Bis auf Berlin und 
Sachsen-Anhalt machen die Ost-Bundesländer keine Angaben zu Beamten mit Migrationshintergrund und fallen 
ebenfalls aus der Studie."
2021-03,Main Corpus,2021-03(50).ZIP,Regieren und regiert werden - Corona zwingt uns zu einem Neuanfang.PDF,C:\PythonProjects\AfD-project\Corpora\Main Corpus\2021-03\raw_unarchive\Regieren und regiert werden - Corona zwingt uns zu einem Neuanfang.PDF,Regieren und regiert werden - Corona zwingt uns zu einem Neuanfang,regieren und regiert werden  corona zwingt uns zu einem neuanfang,Die Welt,die welt,Samstag 13. März 2021,Thomas Vitzthum,FORUM; KOMMENTAR; S. 3; Ausg. 61,1196,8281,8921ae55464acb7857e99879d76f8ec9079babac,,unique,keep,,no,,no,,,9136,yes,commentary_noncore,,,,"Die Corona-Pandemie hat Bürger und Politiker einander ausgeliefert, sie wie nie zuvor aufeinander 
zurückgeworfen. Sicher hatten auch in der Flüchtlingskrise viele Menschen heftig mit den politischen 
Entscheidungen gerungen. Klar war jedoch, dass in der damaligen Lage die Politik weit weniger auf ""das 
Mitmachen der Bürger"" angewiesen war. Erst die Corona-Pandemie hat eine Betroffenheit aller bewirkt, der sich 
niemand entziehen konnte und kann. Die Krise hat alle voneinander abhängig gemacht.
Das ist eine für die Bundesrepublik einmalige historische Versuchsanordnung. Westdeutsche kannten die Situation, 
dass sich der Staat total und geradezu übergriffig in ihren Alltag einmischt, gar nicht mehr. Anders jene 
Ostdeutsche, die die DDR und die Wende bewusst miterlebt haben. Dass es in den ostdeutschen Bundesländern 
mehr Widerstand gegen und Zweifel an der Corona-Politik gab und gibt, mag aus dieser Lebenserfahrung 
herrühren. In dieser Hinsicht wachsen Ost und West durch die Pandemie nun zusammen. Alle Bürger teilen jetzt 
eine Urerfahrung. Das bleibt nicht folgenlos. Es wird den Umgang zwischen Bürgern und Politikern, das 
wechselseitige Verhältnis grundlegend verändern. Wir stehen vor einer Neudefinition von Regieren und 
Regiertwerden.
Wie sah dieses Verhältnis vor Beginn der Pandemie aus? Der Bürger wurde ""als der Souverän"" natürlich stets 
angesprochen. Doch das hatte etwas Gelerntes, Pflichtschuldiges. Im Prinzip wurde nicht mehr erwartet, als dass 
dieser Souverän alle vier Jahre zum Wählen geht. Umgekehrt war das ähnlich. Der Souverän erwartete, dass er vor 
allem in Ruhe gelassen wurde und die Wirkungen politischer Entscheidungen nicht allzu heftig ausfielen. Zu dieser 
Haltung trugen die vorangegangenen 14 Jahre unter Angela Merkel (CDU) sicher erheblich bei. Merkel traf zwar 
immer wieder weitreichende politische Entscheidungen, auch höchst kontroverse wie in der Flüchtlingskrise oder 
der Energiepolitik; aber sie mühte sich doch, die Zahl der davon Betroffenen gering zu halten. Nicht von ungefähr 
packte sie in all den Jahren keine einzige große Reform an. Auch deshalb ist Deutschland in der Digitalisierung 
noch immer Entwicklungsland. Merkels Regieren erweckte immer den Eindruck, als sollte es eigentlich möglichst 
keine unmittelbar spürbaren Folgen haben. In einem Satz wie ""Wir schaffen das"" ruht ja gerade auch das 
Versprechen, dass alles halb so wild und danach wieder normal würde.

Regieren und regiert werden - Corona zwingt uns zu einem Neuanfang
Dann kam Corona. Und die Angst. Aus den Bürgern, die in Ruhe gelassen werden wollten, wurden Bürger, die 
dankbar waren, dass man sie beunruhigte. Sie ließen sich anleiten, wie sie sich in dieser völlig unbekannten und 
unwägbaren Situation zu verhalten hatten. Aus Politikern wurden damit aber de facto - ihrem Selbstverständnis 
nach - Erziehungsberechtigte, die krasse Grenzen setzten und sich daran gewöhnten, dass diese auch eingehalten 
wurden. Dieser Zustand hielt erstaunlich lange. Als um den Jahreswechsel Bilanz gezogen wurde über das 
abgelaufene erste Jahr der Corona-Pandemie, war viel von ""neuem Vertrauen"" die Rede. Von einem 
Vertrauensvorschuss, den die Bürger den Regierenden im Frühjahr gewährt hätten und der - nach Meinung der 
Politiker selbst - nicht enttäuscht worden sei. Das Auftreten verschrobener ""Querdenker"" als lauteste Gegner der 
Corona-Politik half da eher, die Reihen zu schließen.
Wie ist es heute um das Vertrauen bestellt? Im dritten Monat des Jahres 2021? Die Vermutung liegt nahe, dass die 
Bewertungen wesentlich differenzierter ausfallen würden als noch um Silvester. Denn wir befinden uns inzwischen 
in einer Phase der Vertrauenserosion. Die Schwierigkeiten beim Impfen und Testen und der endlos wirkende 
Lockdown zermürben viele. Die anderen beklagen, dass zu früh gelockert werde und man sie deshalb einer dritten 
Welle aussetze. In jedem Fall scheint es inzwischen unmöglich, noch einmal einen relativ umfassenden Konsens 
herzustellen.
Wir stehen zudem am Anfang einer Entwicklung, in der sich Bürger egal welcher Gruppe stärker als je zuvor auf 
ihre Rolle als Souverän besinnen. Die Corona-Krise hat zu einer Politisierung der Menschen geführt, wie sie die 
Energie- oder Flüchtlingskrise nicht bewirken konnten. Eben weil die Wucht politischer Entscheidungen so 
unmittelbar erfahrbar war. Das wird prägend bleiben. Mindestens für die Dauer einer Generation. Doch werden die 
Bürger bereits ihrem neuen oder erwachten Selbstverständnis entsprechend adressiert? Eher nicht.
Indem CDU-Chef Armin Laschet im Februar betonte, man solle die Menschen nicht ""wie unmündige Kinder 
behandeln"", gab er doch eigentlich zu, dass dies passierte. Aktuell erinnert der Umgang an den von Eltern mit 
pubertierenden Jugendlichen. Die Jugendlichen stellen zu Recht Fragen an ihre Eltern, wollen Begründungen, 
warum dieses oder jenes nicht sein darf. Sie wollen nicht mehr wie Kinder behandelt werden, weil sie sich 
entwickelt, weil sie Wissen, Erfahrung und Selbstvertrauen hinzugewonnen haben. Es gibt immer öfter Auflehnung, 
man entfremdet sich bisweilen sogar voneinander. Und die Eltern geben ihrerseits dem Druck nach, indem sie fein 
dosiert Ventile öffnen, Freiheiten erlauben. Obwohl sie das für falsch erachten oder es sie Überwindung kostet. Das 
wird von den Pubertierenden durchschaut. Es wird nachvollziehbar als Strategie entlarvt, um den vorherigen, für die 
Eltern praktischen Zustand einfach möglichst lange aufrecht zu erhalten.
Wie lange dieser Zustand noch anhält oder anhalten kann, ist unklar. Bleibt man im Bild, dann kann aber nach 
dieser Phase keine Rückkehr zum alten Verhältnis von Politikern und Bürgern erfolgen.
Auch verschwindet die Politisierung nicht einfach wieder. Sie fällt ja gerade in diesem Jahr auf fruchtbaren Boden. 
Es ist Bundestagswahl. Angela Merkel tritt ab. Ein neuer Kanzler oder eine eine neue Kanzlerin muss her. Die 
Laschets, Söders, Baerbocks, Habecks oder Scholzens dieses Landes und alle anderen, die bei der Wahl 
erfolgreich sein wollen, müssen sich bewusst machen, dass das Verhältnis zu den Bürgern neu definiert werden 
muss. Eine Rückkehr zum Zustand vor Corona wird es ebenso wenig geben wie einen ins Stadium am Beginn der 
Krise. Die Strategie des Einschläferns politischer Gegner wie des politischen Diskurses, der die Merkel-Jahre 
prägte, ist durch die Politisierung in der Corona-Krise unmöglich geworden.
In Familien haben nach einer schwierigen Pubertät jene Beziehungen die beste Chance auf viele stabile Jahre, in 
denen einander auf Augenhöhe begegnet wird. Und in der neue Regeln miteinander erarbeitet werden. Eltern, die 
in ihren Kindern weiterhin nur Kinder sehen und auch so mit ihnen reden und Vorgaben ohne Begründungen 
machen, verlieren diese oder werden von ihnen nicht mehr ernst genommen. Dieses Schicksal droht Politikern, 
wenn die Art der Ansprache von oben herab, wie sie aktuell noch dominierend ist, beibehalten wird. Die 
allgegenwärtigen Ministerpräsidentenkonferenzen mit ihren stundenlangen intransparenten Verhandlungen, ihren 
müden Pressekonferenzen mit den ewig gleichen pseudobedeutenden Verlautbarungen sind in diesem 
Zusammenhang ein Relikt des Jahres 2020. Sie passen längst nicht mehr in die Zeit. Dass an ihnen in dieser Form 
festgehalten wird, ist Beleg dafür, wie schwer sich die Politik tut, die neue Situation anzuerkennen. Doch das muss 
geschehen.
Regieren und regiert werden - Corona zwingt uns zu einem Neuanfang
Andernfalls werden sich die Bürger von der Politik abwenden, gerade weil sie so politisiert sind - das ist kein 
Paradox. Die Regierenden nach Merkel werden, viel mehr als die Kanzlerin das tat, den Austausch mit den Bürgern 
suchen, viel mehr erklären, viel mehr erläutern müssen. Zur Corona-Urerfahrung der Bürger gehört ja eben auch, 
dass die Politik schnell handeln, ihnen im Zweifel auch schnell alles nehmen kann, was sie für selbstverständlich 
erachteten. Daraus resultierte überraschenderweise anfangs Vertrauen. Doch langfristig wird die Erinnerung daran 
eher das Misstrauen schüren. Dem entgegenzuwirken, wird eine enorme Herausforderung für die, die nach Angela 
Merkel kommen. Und ihre Hauptaufgabe werden.
 thomas.vitzthum@welt.de (thomas.vitzthum@welt.de) 
Original Gesamtseiten-PDF"
2021-03,Main Corpus,2021-03(50).ZIP,"Retter vor Gericht Die italienische Staatsanwaltschaft erhebt Anklage gegen Mitglieder von NGOs, die(2).PDF","C:\PythonProjects\AfD-project\Corpora\Main Corpus\2021-03\raw_unarchive\Retter vor Gericht Die italienische Staatsanwaltschaft erhebt Anklage gegen Mitglieder von NGOs, die(2).PDF","Retter vor Gericht Die italienische Staatsanwaltschaft erhebt Anklage gegen Mitglieder von NGOs, die",retter vor gericht die italienische staatsanwaltschaft erhebt anklage gegen mitglieder von ngos die,Die ZEIT (inklusive ZEIT Magazin),die zeit inklusive zeit magazin,11. März 2021,"Marco Bova, Matthias Krupa, Ulrich Ladurner",POLITIK;Retter vor Gericht; S. 4; Ausg. 11,2329,16429,360c4a52e2aab4de4bff857782faf6ee0c223ff1,variant_002,regional_variant,review,,no,,no,,,18170,no,,,near_002,variant_002,"Am 26. Juni 2017 steuert die Vos Hestia, ein Hochseeschlepper unter italienischer Flagge, auf ein Boot mit 
Menschen zu, das sich von der libyschen Küste aus nähert. Die Vos Hestia war zu diesem Zeitpunkt von der 
Nichtregierungsorganisation Save the Children gechartert, um im Mittelmeer Menschen aus Seenot zu retten. Der 
Kommandant Marco Amato lässt ein Beiboot ins Wasser. Es fährt an das völlig überfüllte Flüchtlingsboot heran, es 
bricht Unruhe aus. Da steht ein bärtiger Mann auf, er unterscheidet sich von den anderen Insassen durch seine 
helle Hautfarbe. Der Mann schlägt zuerst mit einem Gürtel, dann mit einem Schlauch auf die Flüchtlinge ein, als 
wären sie Tiere. Die Menschen, augenscheinlich Schwarzafrikaner, ducken sich weg, kauern zusammen, machen 
ihrem Peiniger Platz, der nach vorn drängt. Als Erster bekommt er aus dem Beiboot der Vos Hestia eine 
Schwimmweste gereicht. Dann wird er zusammen mit den Flüchtlingen an Bord geholt. Die Aufnahmen, die diesen 
Vorfall dokumentieren, stammen aus der Helmkamera eines von Save the Children engagierten 
Sicherheitsmannes. Sie sind Teil der Ermittlungen, die die italienische Polizei gegen mehrere Hilfsorganisationen 
geführt hat. Die Ermittler sind sich sicher, dass es sich bei dem Mann mit dem Gürtel um einen Menschenschlepper 
handelt. Und dass die Helferinnen und Helfer von Save the Children ihn wissentlich laufen ließen. Als die Vos 
Hestia im Hafen von Reggio Calabria festmacht, geht der mutmaßliche Schlepper unbehelligt von Bord. 
Sind diese Aufnahmen der Beweis für eine Straftat? Zeigen sie, dass Seenotretter und Menschenschlepper 
zusammenarbeiten?
Die Staatsanwaltschaft der sizilianischen Hafenstadt Trapani hat in der vergangenen Woche Anklage gegen zwei 
Frauen und 19 Männer erhoben. Sie waren 2016 und 2017 für Save the Children, Ärzte ohne Grenzen und die 
deutsche Organisation Jugend Rettet im Einsatz. Die drei Hilfsorganisationen hatten damals Schiffe gekauft oder 
gechartert, um Flüchtlinge und Migranten aufzunehmen, die versuchten, das Mittelmeer zu überqueren.
 Unter den Beschuldigten sind vier Deutsche von Jugend Rettet. Die Organisation hat nach eigenen Angaben 
mehr als 14.000 Menschen im Mittelmeer aus Seenot gerettet. Erst im vergangenen Jahr hat Amnesty International 
sie dafür mit einem Menschenrechtspreis ausgezeichnet. Nun werfen die italienischen Ermittler den Helfern vor, sie 

Retter vor Gericht Die italienische Staatsanwaltschaft erhebt Anklage gegen Mitglieder von NGOs, die 
Flüchtlingen in Seenot geholfen haben. Was genau wirft sie ....
hätten die illegale Migration nach Italien gefördert. »Es gab zwischen Helfern und Schleppern vereinbarte 
Übergaben von Flüchtlingen«, sagt der verantwortliche Staatsanwalt Maurizio Agnello der ZEIT . Verkehrte Welt: 
Ausgerechnet denen, die sich auf den Weg machten, um Menschenleben zu retten, drohen nun bis zu 20 Jahre 
Haft. 
Verdeckter Ermittler an Bord
Die Anklage der Staatsanwaltschaft von Trapani führt zurück in die Hochzeit der Flüchtlings- und Migrationskrise. 
2015 waren mehr als eine Million Menschen über das Mittelmeer nach Europa gekommen, zunächst vor allem über 
die Ägäis. Nachdem dieser Weg von der EU konsequenter überwacht wurde, wählten immer mehr Menschen die 
gefährlichere Route von Libyen nach Italien. 2016 ertranken im Mittelmeer mehr als 5000 Menschen so viele wie 
nie zuvor. Doch weder die Europäische Union noch Italien griffen ein. Im Gegenteil, die italienische Marine hatte 
ihren Rettungseinsatz bereits im Oktober 2014 beendet. Und die EU beschränkte sich weitgehend auf den Kampf 
gegen die Schlepper.
In diesem Moment traten die NGOs auf den Plan. Sie bekamen viel Applaus, aber ihr Engagement war von Beginn 
an auch umstritten. Kritiker warfen den privaten Seenotrettern vor, sie ermutigten viele Migrantinnen und Migranten 
erst, ihr Leben zu riskieren und beförderten so das Geschäft der Schlepper. Der damalige österreichische 
Außenminister Sebastian Kurz forderte, den »NGO-Wahnsinn« zu beenden; in Italien machten der Rechtsaußen 
Matteo Salvini und die populistische Fünf-Sterne-Bewegung Stimmung gegen die Hilfsorganisationen. In diesem 
Klima gerieten auch die Ermittlungen der italienischen Polizei schnell in den Verdacht, Teil einer politischen 
Kampagne gegen die NGOs zu sein.
 Im August 2017 setzten die Ermittler das Schiff der Organisation, die Iuventa, im Hafen von Lampedusa fest. 
Am 23. Oktober 2017 durchsuchte die Polizei die Vos Hestia. In beiden Fällen wurden Laptops, Fotoapparate 
und Mobiltelefone beschlagnahmt. Die Hilfsorganisationen klagten; der italienische Kassationsgerichtshof aber wies 
alle Einwände zurück: Es bestehe der begründete Verdacht, dass es sich bei den Aktionen der NGOs um 
»vereinbarte Übergaben« von Flüchtlingen zwischen Schleppern und Helfern gehandelt habe. 
 Zwei Jahre lang haben die Ermittler seitdem Nachrichten, Videoaufnahmen und Abhörprotokolle ausgewertet. Auf 
diesem Material basieren ihre Vorwürfe. Auf der Iuventa hatte die Polizei im Mai 2017 eine geheime Abhöranlage 
installiert; auf der Vos Hestia war ein verdeckter Ermittler mitgefahren. Nun haben sie auf 771 Seiten ihre 
Erkenntnisse zusammengetragen, 15 Seiten umfasst die Anklageschrift. Die Staatsanwaltschaft wirft den Helfern 
»eine beträchtliche kriminelle Energie« vor, »indem sie mit erheblichem organisatorischen Aufwand und mit Vorsatz 
das Ziel erreichen wollten, illegale Migration nach Italien zu fördern«. 
 Tatsächlich finden sich in den Akten, die die ZEIT einsehen konnte, eine Reihe von Fotos, die darauf 
hindeuten, dass sich Seenotretter und Schlepper mitunter recht nahe gekommen sind. Mal sehen sie zu, wie 
Flüchtlinge und Migranten geschlagen werden; mal verfolgen sie scheinbar tatenlos, wie Schlepper die Motoren der 
Flüchtlingsboote abbauen und sich damit davonmachen. Mehrmals sieht es so aus, als würden die Boote mit den 
zusammengepferchten Menschen von Schleppern bis zur Übergabe an die NGOs begleitet. So hatte sich, bevor es 
am 26. Juni 2017 zur Aufnahme der Flüchtlinge auf der Vos Hestia kam, ein kleines Boot genähert. Auf ihm 
haben die Ermittler Angehörige einer namentlich bekannten libyschen Familie identifiziert, die in den 
Menschenschmuggel verstrickt sein soll. 
»Haben wir dazu einen Standpunkt?«
Immer wieder diskutieren die Helfer in dieser Zeit das Verhältnis zu den Schleppern. Einer von ihnen schreibt in 
einer Mail, die in den Ermittlungsakten dokumentiert ist, an die Einsatzleiterin von Jugend Rettet, er habe ein 
Flugblatt entworfen, das man an die »Motoren-Fischer« verteilen könne. Gemeint sind Fischer, die die Motoren 
leerer Flüchtlingsboote abbauen, um sie wiederzuverwenden oder zu verkaufen; wahrscheinlich arbeiten sie oft mit 
Schleppern zusammen. Indem sie die Flugblätter an die Motoren-Fischer verteilen, könnten die Helfer indirekt auch 
mit den Schleppern kommunizieren, so die Idee. Allerdings heißt es in der Mail ausdrücklich auch, dass es bislang 
keinen Kontakt zu den Schleppern gebe. Ein anderer Mitarbeiter von Jugend Rettet schreibt, Ärzte ohne Grenzen 
Retter vor Gericht Die italienische Staatsanwaltschaft erhebt Anklage gegen Mitglieder von NGOs, die 
Flüchtlingen in Seenot geholfen haben. Was genau wirft sie ....
würden darüber nachdenken, »in besonderen Fällen mit Schmugglern zu kooperieren«. Und er fragt, in fett 
gedruckter Schrift: »Haben wir dazu einen Standpunkt?«
Mails wie diese spiegeln eine interne Debatte unter den Helfern wider, aber sie beweisen wenig. Die Ermittler sind 
dennoch überzeugt, dass es direkte Kontakte zwischen Helfern und Schleppern gegeben habe. Und dass die 
NGOs häufig vor den italienischen Behörden wussten, wo ein Flüchtlingsboot auftauchen würde. Das könnte 
problematisch sein, weil grundsätzlich alle Rettungseinsätze von der italienischen Seenotleitstelle in Rom (MRCC) 
koordiniert werden müssen. Tatsächlich betonen die NGOs, dass sie immer nur auf Anweisung des MRCC 
gehandelt hätten.
 Der italienische Staatsanwalt sieht das anders. Es seien, so der Vorwurf, Absprachen mit Schleppern an Land 
getroffen worden. Hierbei habe eine Mittelsfrau in Libyen möglicherweise eine entscheidende Rolle gespielt. 
Mehrmals ist in der internen Kommunikation der Hilfsorganisationen von einer »Head of Mission« in Libyen die 
Rede, wiederholt fällt in diesem Zusammenhang der Name »Hellen«. In einem Gespräch, das die Ermittler 
aufgezeichnet haben, sagt der Leiter des italienischen Büros von Ärzte ohne Grenzen, Tommaso Fabbri: »Hellen 
braucht eine Verbindungsperson in Catania (Hafenstadt auf Sizilien, Anm. d. Red.). Es darf keine Verbindung 
zwischen Libyen und dem Schiff geben.« Wie brisant eine solche Verbindung wäre, ist dem Mann von Ärzte ohne 
Grenzen klar. In einem weiteren Gespräch mit einem Mitarbeiter sagt er: »Auf Anraten des Anwalts müssen wir 
jede Verbindung zwischen Libyen und dem Schiff kappen.« Fabbri ist einer der Beschuldigten. Die ZEIT hat 
versucht, ihn zu den Vorwürfen zu befragen. Weder Fabbri noch dessen Anwalt haben bis Dienstagabend auf die 
Anfragen reagiert. 
 Ganz anders Dariush Beigui. Der 42-Jährige arbeitet als Schiffer im Hamburger Hafen, dreimal war er 2016 und 
2017 mit der Iuventa als Kapitän unterwegs. Er ist einer der vier deutschen Beschuldigten. »Ich habe nicht mit 
Schleppern zusammengearbeitet«, sagt er im Gespräch mit der ZEIT . Auch habe er niemals mit jemandem, der 
in Libyen an Land war, Kontakt gehabt. »Ich kann natürlich nur für mich sprechen, aber wir haben so viel Leid 
mitbekommen, das diese Schlepper verursacht haben, ich kann mir beim besten Willen nicht vorstellen, dass 
irgendjemand mit denen zusammengearbeitet hätte.« 
Eine Initiative junger Menschen
Freimütig räumt Beigui ein, dass es Rettungseinsätze innerhalb der Zwölf-Meilen-Zone vor der Küste gegeben 
habe. Auch solche Einsätze sind Gegenstand der Ermittlungen. Denn Menschen, die innerhalb dieser Zone und 
damit in nationalen Hoheitsgewässern gerettet werden, müssen normalerweise in das betreffende Land 
zurückgebracht werden was die Hilfsorganisationen in Libyen um jeden Preis vermeiden wollen. Auch unter 
Juristen ist das umstritten, Libyen gilt nicht als »sicherer Hafen«. Immer wieder gibt es Berichte, wonach die 
Migranten dort eingesperrt und brutal misshandelt werden.
»Ja, Einsätze innerhalb der Zwölf-Meilen-Zone gab es. Das kann ich ganz offen und ehrlich sagen«, antwortet 
Beigui. »Und zwar auf Anweisung der italienischen Leitstelle! Zweimal bin ich auf Anweisung des MRCC Rom in die 
Zwölf-Meilen-Zone hineingefahren, weil dort Boote gekentert waren und Menschen zu ertrinken drohten. Wir haben 
sie gerettet aber nur auf Anweisung der italienischen Behörden!« Bislang sind keine Fälle bekannt, in denen die 
italienische Leitstelle angewiesen hätte, Boote nach Libyen zurückzuschleppen.
 Anders als Ärzte ohne Grenzen oder Save the Children ist Jugend Rettet keine professionelle NGO, sondern eine 
Initiative junger Menschen. Als die Organisation im November 2015 gegründet wurde, war die Unterstützung groß. 
Die Initiatoren traten im Morgenmagazin auf; Jan Josef Liefers warb um Spenden; auf einem Festival, das ZEIT 
ONLINE veranstaltete, wurde Jugend Rettet mit einem Publikumspreis ausgezeichnet. Im Juli 2016 lief die 
Iuventa, ein umgebauter Fischtrawler, zu ihrem ersten Rettungseinsatz im Mittelmeer aus. Später lief im Kino ein 
anderthalbstündiger Dokumentarfilm über die Rettungseinsätze der Gruppe. Seit das Schiff beschlagnahmt wurde, 
gibt es die Kampagne #freeIuventa. 
 Begui wusste, dass gegen ihn ermittelt wurde. Überrascht habe ihn, dass nun auch Mitarbeiter von Save the 
Children und Ärzte ohne Grenzen angeklagt werden. »Aus dem kleinen Iuventa- Fall ist ein Schlag gegen die 
Retter vor Gericht Die italienische Staatsanwaltschaft erhebt Anklage gegen Mitglieder von NGOs, die 
Flüchtlingen in Seenot geholfen haben. Was genau wirft sie ....
halbe NGO-Szene geworden. Es soll verhindert werden, dass Rettungsboote auf dem Mittelmeer unterwegs sind.« 
Auf der Internetseite von Jugend Rettet wird der Vorwurf noch sehr viel schärfer formuliert. Die italienische 
Staatsanwaltschaft, heißt es dort, führe eine »politisch motivierte Kampagne gegen die NGOs« und nutze 
Anschuldigungen aus rechtsextremen Kreisen »mit der Absicht, die Festung Europa an ihren Außengrenzen noch 
brutaler abzuschotten«. 
»Alles easy, nette Unterhaltung«
 Die Helfer, so viel wird aus dem, was die Ermittler zusammengetragen haben, deutlich, bewegen sich immer 
wieder in einer schwer zu fassenden Grauzone. Sowohl die Motoren-Fischer als auch die libyschen Küstenwächter 
stehen in dem Verdacht, mit den Schleppern zu kooperieren. Trotzdem hat die Crew der Iuventa den Fischern 
anscheinend immer wieder die Motoren der Flüchtlingsboote überlassen. Ein Mitarbeiter von Jugend Rettet 
begründet das in einer Mail: »weil wir uns nicht mit denen (den Motoren-Fischern, Anm. d. Red.) rumärgern 
wollen und sie als ]Partner[ sehen und nicht als ]Gegner[«. 
 In den Ermittlungsakten findet sich auch der WhatsApp-Chat einer Gruppe von Helfern, darin wird eine 
Begegnung mit der libyschen Küstenwache (LCG) geschildert. Diese sei während einer laufenden Rettungsaktion 
aufgetaucht. »Wir arbeiten an dem Schlauchboot (mit Flüchtlingen, Anm. d. Red.), LCG wartet auf den Motor, 
alles easy, nette Unterhaltung in Englisch«, heißt es in dem Chat, dazu ein Zwinker-Smiley. Wenige Minuten später 
die nächste Nachricht: »Wir haben der LCG Rettungswesten gegeben, weil diese sie an die Migranten 
weiterreichen wollten.« Lach-Smiley. Noch etwas später noch mehr Smileys: »Good job LCG!!« 
Die Rollen zwischen den Akteuren waren offensichtlich nicht immer eindeutig verteilt. Aber reicht das für den 
Vorwurf, die Helfer hätten »eine beträchtliche kriminelle Energie an den Tag gelegt«? Gar für eine Verurteilung?
Staatsanwalt Maurizio Agnello räumt ein, dass es keine unmittelbaren Beweise dafür gebe, dass die NGOs direkten 
Kontakt mit den Schleppern hatten. »Die Indizien aber sind eindeutig«, sagt er. »Sie weisen darauf hin, dass es 
vereinbarte Übergaben von Flüchtlingen von Schleppern an Seenotretter gab.« Möglicherweise könnten die 
Indizien zu einer Verurteilung führen. Die Staatsanwaltschaft glaubt den Hilfsorganisationen nicht, dass sie 
ausschließlich aus humanitären Motiven gehandelt hätten. Es habe auch »betriebswirtschaftliche« Überlegungen 
gegeben. Teilweise habe ein Wettrennen »um die Bergung möglichst großer Migrantengruppen« stattgefunden, um 
später mehr Spendengelder einsammeln zu können.
 Nicola Canestrini, der die Beschuldigten der Iuventa -Crew verteidigt, bestätigt gegenüber der ZEIT, dass es 
auf hoher See während der Rettungsaktionen Kontakt mit Schleppern gab. Doch könne man daran kein 
schuldhaftes Verhalten ablesen. Das Nebeneinander von Schleppern und Helfern, das manche Aufnahmen zeigen, 
erklärt Canestrini mit einem Vergleich: »Wenn ein Mann sein Frau schlägt, sie ins Krankenhaus bringt und dann 
dort den diensthabenden Krankenpfleger auffordert, ihm zu helfen, die verletzte Frau auf eine Trage zu betten, 
dann tut der Krankenpfleger das. Das ist seine Pflicht als Retter!« Aber müsste der Krankenpfleger den Mann nicht 
anzeigen? Canestrini antwortet: »Verantwortung wird im Gerichtssaal festgestellt, nicht während einer 
Rettungsaktion. Die Seenotretter sind außerdem keine Polizisten, sie haben keine Anzeigenpflicht.« Das sei zwar 
richtig, sagt Staatsanwalt Agnello. »Aber der Kommandant des Schiffes hat die Pflicht, einen Schlepper 
anzuzeigen. Dieser Pflicht ist er nicht nachgekommen, weil er um seine Arbeit hätte fürchten müssen, wenn er es 
getan hätte.« 
 Nun muss zunächst das Gericht in Trapani entscheiden, ob es der Anklage folgt und einen Prozess eröffnet. Elf 
der Beschuldigten sind Italiener, die anderen kommen aus Deutschland, Spanien, Belgien, Frankreich und 
Großbritannien. Kommt es zu einem Prozess, wollen die ehemaligen Crewmitglieder der Iuventa dort auf jeden 
Fall vertreten sein. Ob er auch selbst anwesend sein wird, wisse er noch nicht, sagt Dariush Beigui. Staatsanwalt 
Agnello kündigt an: Zur Not werde auch in Abwesenheit verhandelt. 
 Die deutsche Organisation Jugend Rettet hat insgesamt mehr als 14.000 Menschen auf ihr Schiff »Iuventa« 
aufgenommen
Retter vor Gericht Die italienische Staatsanwaltschaft erhebt Anklage gegen Mitglieder von NGOs, die 
Flüchtlingen in Seenot geholfen haben. Was genau wirft sie ...."
2021-03,Main Corpus,2021-03(50).ZIP,"Retter vor Gericht Die italienische Staatsanwaltschaft erhebt Anklage gegen Mitglieder von NGOs, die.PDF","C:\PythonProjects\AfD-project\Corpora\Main Corpus\2021-03\raw_unarchive\Retter vor Gericht Die italienische Staatsanwaltschaft erhebt Anklage gegen Mitglieder von NGOs, die.PDF","Retter vor Gericht Die italienische Staatsanwaltschaft erhebt Anklage gegen Mitglieder von NGOs, die",retter vor gericht die italienische staatsanwaltschaft erhebt anklage gegen mitglieder von ngos die,Die ZEIT (inklusive ZEIT Magazin),die zeit inklusive zeit magazin,11. März 2021,Matthias Krupa,POLITIK;Retter vor Gericht; S. 4; Ausg. 11,2331,16455,b612d4bd21c9c133bc4683d4b59c1acfbbaab8fe,variant_002,regional_variant,review,,no,,no,,,18186,no,,,near_002,variant_002,"Ulrich Ladurner
 Am 26. Juni 2017 steuert die Vos Hestia, ein Hochseeschlepper unter italienischer Flagge, auf ein Boot mit 
Menschen zu, das sich von der libyschen Küste aus nähert. Die Vos Hestia war zu diesem Zeitpunkt von der 
Nichtregierungsorganisation Save the Children gechartert, um im Mittelmeer Menschen aus Seenot zu retten. Der 
Kommandant Marco Amato lässt ein Beiboot ins Wasser. Es fährt an das völlig überfüllte Flüchtlingsboot heran, 
es bricht Unruhe aus. Da steht ein bärtiger Mann auf, er unterscheidet sich von den anderen Insassen durch 
seine helle Hautfarbe. Der Mann schlägt zuerst mit einem Gürtel, dann mit einem Schlauch auf die Flüchtlinge ein, 
als wären sie Tiere. Die Menschen, augenscheinlich Schwarzafrikaner, ducken sich weg, kauern zusammen, 
machen ihrem Peiniger Platz, der nach vorn drängt. Als Erster bekommt er aus dem Beiboot der Vos Hestia 
eine Schwimmweste gereicht. Dann wird er zusammen mit den Flüchtlingen an Bord geholt. Die Aufnahmen, die 
diesen Vorfall dokumentieren, stammen aus der Helmkamera eines von Save the Children engagierten 
Sicherheitsmannes. Sie sind Teil der Ermittlungen, die die italienische Polizei gegen mehrere Hilfsorganisationen 
geführt hat. Die Ermittler sind sich sicher, dass es sich bei dem Mann mit dem Gürtel um einen 
Menschenschlepper handelt. Und dass die Helferinnen und Helfer von Save the Children ihn wissentlich laufen 
ließen. Als die Vos Hestia im Hafen von Reggio Calabria festmacht, geht der mutmaßliche Schlepper 
unbehelligt von Bord. 
Sind diese Aufnahmen der Beweis für eine Straftat? Zeigen sie, dass Seenotretter und Menschenschlepper 
zusammenarbeiten?

Retter vor Gericht Die italienische Staatsanwaltschaft erhebt Anklage gegen Mitglieder von NGOs, die 
Flüchtlingen in Seenot geholfen haben. Was genau wirft sie ....
Die Staatsanwaltschaft der sizilianischen Hafenstadt Trapani hat in der vergangenen Woche Anklage gegen zwei 
Frauen und 19 Männer erhoben. Sie waren 2016 und 2017 für Save the Children, Ärzte ohne Grenzen und die 
deutsche Organisation Jugend Rettet im Einsatz. Die drei Hilfsorganisationen hatten damals Schiffe gekauft oder 
gechartert, um Flüchtlinge und Migranten aufzunehmen, die versuchten, das Mittelmeer zu überqueren.
 Unter den Beschuldigten sind vier Deutsche von Jugend Rettet. Die Organisation hat nach eigenen Angaben 
mehr als 14.000 Menschen im Mittelmeer aus Seenot gerettet. Erst im vergangenen Jahr hat Amnesty 
International sie dafür mit einem Menschenrechtspreis ausgezeichnet. Nun werfen die italienischen Ermittler den 
Helfern vor, sie hätten die illegale Migration nach Italien gefördert. »Es gab zwischen Helfern und Schleppern 
vereinbarte Übergaben von Flüchtlingen«, sagt der verantwortliche Staatsanwalt Maurizio Agnello der ZEIT . 
Verkehrte Welt: Ausgerechnet denen, die sich auf den Weg machten, um Menschenleben zu retten, drohen nun 
bis zu 20 Jahre Haft. 
Verdeckter Ermittler an Bord
Die Anklage der Staatsanwaltschaft von Trapani führt zurück in die Hochzeit der Flüchtlings- und Migrationskrise. 
2015 waren mehr als eine Million Menschen über das Mittelmeer nach Europa gekommen, zunächst vor allem 
über die Ägäis. Nachdem dieser Weg von der EU konsequenter überwacht wurde, wählten immer mehr 
Menschen die gefährlichere Route von Libyen nach Italien. 2016 ertranken im Mittelmeer mehr als 5000 
Menschen - so viele wie nie zuvor. Doch weder die Europäische Union noch Italien griffen ein. Im Gegenteil, die 
italienische Marine hatte ihren Rettungseinsatz bereits im Oktober 2014 beendet. Und die EU beschränkte sich 
weitgehend auf den Kampf gegen die Schlepper.
In diesem Moment traten die NGOs auf den Plan. Sie bekamen viel Applaus, aber ihr Engagement war von 
Beginn an auch umstritten. Kritiker warfen den privaten Seenotrettern vor, sie ermutigten viele Migrantinnen und 
Migranten erst, ihr Leben zu riskieren - und beförderten so das Geschäft der Schlepper. Der damalige 
österreichische Außenminister Sebastian Kurz forderte, den »NGO-Wahnsinn« zu beenden; in Italien machten der 
Rechtsaußen Matteo Salvini und die populistische Fünf-Sterne-Bewegung Stimmung gegen die 
Hilfsorganisationen. In diesem Klima gerieten auch die Ermittlungen der italienischen Polizei schnell in den 
Verdacht, Teil einer politischen Kampagne gegen die NGOs zu sein.
 Im August 2017 setzten die Ermittler das Schiff der Organisation, die Iuventa, im Hafen von Lampedusa fest. 
Am 23. Oktober 2017 durchsuchte die Polizei die Vos Hestia. In beiden Fällen wurden Laptops, Fotoapparate 
und Mobiltelefone beschlagnahmt. Die Hilfsorganisationen klagten; der italienische Kassationsgerichtshof aber 
wies alle Einwände zurück: Es bestehe der begründete Verdacht, dass es sich bei den Aktionen der NGOs um 
»vereinbarte Übergaben« von Flüchtlingen zwischen Schleppern und Helfern gehandelt habe. 
 Zwei Jahre lang haben die Ermittler seitdem Nachrichten, Videoaufnahmen und Abhörprotokolle ausgewertet. 
Auf diesem Material basieren ihre Vorwürfe. Auf der Iuventa hatte die Polizei im Mai 2017 eine geheime 
Abhöranlage installiert; auf der Vos Hestia war ein verdeckter Ermittler mitgefahren. Nun haben sie auf 771 
Seiten ihre Erkenntnisse zusammengetragen, 15 Seiten umfasst die Anklageschrift. Die Staatsanwaltschaft wirft 
den Helfern »eine beträchtliche kriminelle Energie« vor, »indem sie mit erheblichem organisatorischen Aufwand 
und mit Vorsatz das Ziel erreichen wollten, illegale Migration nach Italien zu fördern«. 
 Tatsächlich finden sich in den Akten, die die ZEIT einsehen konnte, eine Reihe von Fotos, die darauf 
hindeuten, dass sich Seenotretter und Schlepper mitunter recht nahe gekommen sind. Mal sehen sie zu, wie 
Flüchtlinge und Migranten geschlagen werden; mal verfolgen sie scheinbar tatenlos, wie Schlepper die Motoren 
der Flüchtlingsboote abbauen und sich damit davonmachen. Mehrmals sieht es so aus, als würden die Boote mit 
den zusammengepferchten Menschen von Schleppern bis zur Übergabe an die NGOs begleitet. So hatte sich, 
bevor es am 26. Juni 2017 zur Aufnahme der Flüchtlinge auf der Vos Hestia kam, ein kleines Boot genähert. 
Auf ihm haben die Ermittler Angehörige einer namentlich bekannten libyschen Familie identifiziert, die in den 
Menschenschmuggel verstrickt sein soll. 
»Haben wir dazu einen Standpunkt?«
Retter vor Gericht Die italienische Staatsanwaltschaft erhebt Anklage gegen Mitglieder von NGOs, die 
Flüchtlingen in Seenot geholfen haben. Was genau wirft sie ....
Immer wieder diskutieren die Helfer in dieser Zeit das Verhältnis zu den Schleppern. Einer von ihnen schreibt in 
einer Mail, die in den Ermittlungsakten dokumentiert ist, an die Einsatzleiterin von Jugend Rettet, er habe ein 
Flugblatt entworfen, das man an die »Motoren-Fischer« verteilen könne. Gemeint sind Fischer, die die Motoren 
leerer Flüchtlingsboote abbauen, um sie wiederzuverwenden oder zu verkaufen; wahrscheinlich arbeiten sie oft 
mit Schleppern zusammen. Indem sie die Flugblätter an die Motoren-Fischer verteilen, könnten die Helfer 
indirekt auch mit den Schleppern kommunizieren, so die Idee. Allerdings heißt es in der Mail ausdrücklich auch, 
dass es bislang keinen Kontakt zu den Schleppern gebe. Ein anderer Mitarbeiter von Jugend Rettet schreibt, 
Ärzte ohne Grenzen würden darüber nachdenken, »in besonderen Fällen mit Schmugglern zu kooperieren«. Und 
er fragt, in fett gedruckter Schrift: »Haben wir dazu einen Standpunkt?«
Mails wie diese spiegeln eine interne Debatte unter den Helfern wider, aber sie beweisen wenig. Die Ermittler sind 
dennoch überzeugt, dass es direkte Kontakte zwischen Helfern und Schleppern gegeben habe. Und dass die 
NGOs häufig vor den italienischen Behörden wussten, wo ein Flüchtlingsboot auftauchen würde. Das könnte 
problematisch sein, weil grundsätzlich alle Rettungseinsätze von der italienischen Seenotleitstelle in Rom (MRCC) 
koordiniert werden müssen. Tatsächlich betonen die NGOs, dass sie immer nur auf Anweisung des MRCC 
gehandelt hätten.
 Der italienische Staatsanwalt sieht das anders. Es seien, so der Vorwurf, Absprachen mit Schleppern an Land 
getroffen worden. Hierbei habe eine Mittelsfrau in Libyen möglicherweise eine entscheidende Rolle gespielt. 
Mehrmals ist in der internen Kommunikation der Hilfsorganisationen von einer »Head of Mission« in Libyen die 
Rede, wiederholt fällt in diesem Zusammenhang der Name »Hellen«. In einem Gespräch, das die Ermittler 
aufgezeichnet haben, sagt der Leiter des italienischen Büros von Ärzte ohne Grenzen, Tommaso Fabbri: »Hellen 
braucht eine Verbindungsperson in Catania (Hafenstadt auf Sizilien, Anm. d. Red.). Es darf keine Verbindung 
zwischen Libyen und dem Schiff geben.« Wie brisant eine solche Verbindung wäre, ist dem Mann von Ärzte ohne 
Grenzen klar. In einem weiteren Gespräch mit einem Mitarbeiter sagt er: »Auf Anraten des Anwalts müssen wir 
jede Verbindung zwischen Libyen und dem Schiff kappen.« Fabbri ist einer der Beschuldigten. Die ZEIT hat 
versucht, ihn zu den Vorwürfen zu befragen. Weder Fabbri noch dessen Anwalt haben bis Dienstagabend auf die 
Anfragen reagiert. 
 Ganz anders Dariush Beigui. Der 42-Jährige arbeitet als Schiffer im Hamburger Hafen, dreimal war er 2016 und 
2017 mit der Iuventa als Kapitän unterwegs. Er ist einer der vier deutschen Beschuldigten. »Ich habe nicht mit 
Schleppern zusammengearbeitet«, sagt er im Gespräch mit der ZEIT . Auch habe er niemals mit jemandem, 
der in Libyen an Land war, Kontakt gehabt. »Ich kann natürlich nur für mich sprechen, aber wir haben so viel Leid 
mitbekommen, das diese Schlepper verursacht haben, ich kann mir beim besten Willen nicht vorstellen, dass 
irgendjemand mit denen zusammengearbeitet hätte.« 
Eine Initiative junger Menschen
Freimütig räumt Beigui ein, dass es Rettungseinsätze innerhalb der Zwölf-Meilen-Zone vor der Küste gegeben 
habe. Auch solche Einsätze sind Gegenstand der Ermittlungen. Denn Menschen, die innerhalb dieser Zone und 
damit in nationalen Hoheitsgewässern gerettet werden, müssen normalerweise in das betreffende Land 
zurückgebracht werden - was die Hilfsorganisationen in Libyen um jeden Preis vermeiden wollen. Auch unter 
Juristen ist das umstritten, Libyen gilt nicht als »sicherer Hafen«. Immer wieder gibt es Berichte, wonach die 
Migranten dort eingesperrt und brutal misshandelt werden.
»Ja, Einsätze innerhalb der Zwölf-Meilen-Zone gab es. Das kann ich ganz offen und ehrlich sagen«, antwortet 
Beigui. »Und zwar auf Anweisung der italienischen Leitstelle! Zweimal bin ich auf Anweisung des MRCC Rom in 
die Zwölf-Meilen-Zone hineingefahren, weil dort Boote gekentert waren und Menschen zu ertrinken drohten. Wir 
haben sie gerettet - aber nur auf Anweisung der italienischen Behörden!« Bislang sind keine Fälle bekannt, in 
denen die italienische Leitstelle angewiesen hätte, Boote nach Libyen zurückzuschleppen.
 Anders als Ärzte ohne Grenzen oder Save the Children ist Jugend Rettet keine professionelle NGO, sondern 
eine Initiative junger Menschen. Als die Organisation im November 2015 gegründet wurde, war die Unterstützung 
Retter vor Gericht Die italienische Staatsanwaltschaft erhebt Anklage gegen Mitglieder von NGOs, die 
Flüchtlingen in Seenot geholfen haben. Was genau wirft sie ....
groß. Die Initiatoren traten im Morgenmagazin auf; Jan Josef Liefers warb um Spenden; auf einem Festival, 
das ZEIT ONLINE veranstaltete, wurde Jugend Rettet mit einem Publikumspreis ausgezeichnet. Im Juli 2016 
lief die Iuventa, ein umgebauter Fischtrawler, zu ihrem ersten Rettungseinsatz im Mittelmeer aus. Später lief im 
Kino ein anderthalbstündiger Dokumentarfilm über die Rettungseinsätze der Gruppe. Seit das Schiff 
beschlagnahmt wurde, gibt es die Kampagne #freeIuventa. 
 Begui wusste, dass gegen ihn ermittelt wurde. Überrascht habe ihn, dass nun auch Mitarbeiter von Save the 
Children und Ärzte ohne Grenzen angeklagt werden. »Aus dem kleinen Iuventa- Fall ist ein Schlag gegen die 
halbe NGO-Szene geworden. Es soll verhindert werden, dass Rettungsboote auf dem Mittelmeer unterwegs 
sind.« Auf der Internetseite von Jugend Rettet wird der Vorwurf noch sehr viel schärfer formuliert. Die italienische 
Staatsanwaltschaft, heißt es dort, führe eine »politisch motivierte Kampagne gegen die NGOs« und nutze 
Anschuldigungen aus rechtsextremen Kreisen »mit der Absicht, die Festung Europa an ihren Außengrenzen noch 
brutaler abzuschotten«. 
»Alles easy, nette Unterhaltung«
 Die Helfer, so viel wird aus dem, was die Ermittler zusammengetragen haben, deutlich, bewegen sich immer 
wieder in einer schwer zu fassenden Grauzone. Sowohl die Motoren-Fischer als auch die libyschen 
Küstenwächter stehen in dem Verdacht, mit den Schleppern zu kooperieren. Trotzdem hat die Crew der Iuventa 
den Fischern anscheinend immer wieder die Motoren der Flüchtlingsboote überlassen. Ein Mitarbeiter von Jugend 
Rettet begründet das in einer Mail: »weil wir uns nicht mit denen (den Motoren-Fischern, Anm. d. Red.) 
rumärgern wollen und sie als ]Partner[ sehen und nicht als ]Gegner[«. 
 In den Ermittlungsakten findet sich auch der WhatsApp-Chat einer Gruppe von Helfern, darin wird eine 
Begegnung mit der libyschen Küstenwache (LCG) geschildert. Diese sei während einer laufenden Rettungsaktion 
aufgetaucht. »Wir arbeiten an dem Schlauchboot (mit Flüchtlingen, Anm. d. Red.), LCG wartet auf den Motor, 
alles easy, nette Unterhaltung in Englisch«, heißt es in dem Chat, dazu ein Zwinker-Smiley. Wenige Minuten 
später die nächste Nachricht: »Wir haben der LCG Rettungswesten gegeben, weil diese sie an die Migranten 
weiterreichen wollten.« Lach-Smiley. Noch etwas später noch mehr Smileys: »Good job LCG!!« 
Die Rollen zwischen den Akteuren waren offensichtlich nicht immer eindeutig verteilt. Aber reicht das für den 
Vorwurf, die Helfer hätten »eine beträchtliche kriminelle Energie an den Tag gelegt«? Gar für eine Verurteilung?
Staatsanwalt Maurizio Agnello räumt ein, dass es keine unmittelbaren Beweise dafür gebe, dass die NGOs 
direkten Kontakt mit den Schleppern hatten. »Die Indizien aber sind eindeutig«, sagt er. »Sie weisen darauf hin, 
dass es vereinbarte Übergaben von Flüchtlingen von Schleppern an Seenotretter gab.« Möglicherweise könnten 
die Indizien zu einer Verurteilung führen. Die Staatsanwaltschaft glaubt den Hilfsorganisationen nicht, dass sie 
ausschließlich aus humanitären Motiven gehandelt hätten. Es habe auch »betriebswirtschaftliche« Überlegungen 
gegeben. Teilweise habe ein Wettrennen »um die Bergung möglichst großer Migrantengruppen« stattgefunden, 
um später mehr Spendengelder einsammeln zu können.
 Nicola Canestrini, der die Beschuldigten der Iuventa -Crew verteidigt, bestätigt gegenüber der ZEIT, dass 
es auf hoher See während der Rettungsaktionen Kontakt mit Schleppern gab. Doch könne man daran kein 
schuldhaftes Verhalten ablesen. Das Nebeneinander von Schleppern und Helfern, das manche Aufnahmen 
zeigen, erklärt Canestrini mit einem Vergleich: »Wenn ein Mann sein Frau schlägt, sie ins Krankenhaus bringt und 
dann dort den diensthabenden Krankenpfleger auffordert, ihm zu helfen, die verletzte Frau auf eine Trage zu 
betten, dann tut der Krankenpfleger das. Das ist seine Pflicht als Retter!« Aber müsste der Krankenpfleger den 
Mann nicht anzeigen? Canestrini antwortet: »Verantwortung wird im Gerichtssaal festgestellt, nicht während einer 
Rettungsaktion. Die Seenotretter sind außerdem keine Polizisten, sie haben keine Anzeigenpflicht.« Das sei zwar 
richtig, sagt Staatsanwalt Agnello. »Aber der Kommandant des Schiffes hat die Pflicht, einen Schlepper 
anzuzeigen. Dieser Pflicht ist er nicht nachgekommen, weil er um seine Arbeit hätte fürchten müssen, wenn er es 
getan hätte.« 
Retter vor Gericht Die italienische Staatsanwaltschaft erhebt Anklage gegen Mitglieder von NGOs, die 
Flüchtlingen in Seenot geholfen haben. Was genau wirft sie ....
 Nun muss zunächst das Gericht in Trapani entscheiden, ob es der Anklage folgt und einen Prozess eröffnet. Elf 
der Beschuldigten sind Italiener, die anderen kommen aus Deutschland, Spanien, Belgien, Frankreich und 
Großbritannien. Kommt es zu einem Prozess, wollen die ehemaligen Crewmitglieder der Iuventa dort auf jeden 
Fall vertreten sein. Ob er auch selbst anwesend sein wird, wisse er noch nicht, sagt Dariush Beigui. Staatsanwalt 
Agnello kündigt an: Zur Not werde auch in Abwesenheit verhandelt. 
 Die deutsche Organisation Jugend Rettet hat insgesamt mehr als 14.000 Menschen auf ihr Schiff »Iuventa« 
aufgenommen"
2021-03,Main Corpus,2021-03(50).ZIP,Syrien ist die größte Tragödie dieses Jahrhunderts Vor zehn Jahren begann dort der Krieg. Deutschlan.PDF,C:\PythonProjects\AfD-project\Corpora\Main Corpus\2021-03\raw_unarchive\Syrien ist die größte Tragödie dieses Jahrhunderts Vor zehn Jahren begann dort der Krieg. Deutschlan.PDF,Syrien ist die größte Tragödie dieses Jahrhunderts Vor zehn Jahren begann dort der Krieg. Deutschland tut,syrien ist die grösste tragödie dieses jahrhunderts vor zehn jahren begann dort der krieg deutschland tut,Welt am Sonntag,welt am sonntag,14. März 2021,Gerd Müller,FORUM; GASTBEITRAG; S. 11; Ausg. 11,1046,7487,1a4a803f0729add9fca0c95d5927eb66c76551b5,,unique,keep,,no,,no,,,9113,no,,,,,"Zehn Jahre Syrienkrieg - dieser Jahrestag ist ein Schreckenstag. Das Land liegt größtenteils in Trümmern, 600.000 
Menschen sind gestorben. 80 Prozent leben in Armut, haben nur einen Dollar oder weniger am Tag. Syrien ist so 
zur größten Tragödie dieses Jahrhunderts geworden.
Am 15. März 2011 protestierten landesweit die Menschen am ""Tag der Wut"" gegen die Inhaftierung und 
Misshandlung von Kindern durch die Sicherheitskräfte und für Reformen. Die Reaktion war brutal. Später griff das 
Regime Aufständische und Zivilisten mit Fassbomben und Giftgas an. Der Bürgerkrieg dauert bis heute an. In 
diesem mörderischen Konflikt gibt es keine Gewinner. Jeder zweite Syrer ist ein Flüchtling - insgesamt zwölf 
Millionen Menschen. Sie wurden im eigenen Land vertrieben, fast sechs Millionen Menschen sind in die 
Nachbarländer Libanon, Jordanien, in den Nord-Irak und die Ost-Türkei geflohen. Diese Länder leisten Enormes, 
kommen aber selbst an ihre Grenzen. 22 Millionen Menschen im ganzen Krisenbogen können nur mit Nothilfe 
überleben. Assad führt so auch einen Hungerkrieg gegen seine Bevölkerung.
Wir dürfen die Flüchtlinge und die Menschen dort nicht vergessen. Die Lage ist besonders für die Kinder drastisch: 
Seit Beginn des Krieges wurden fast sechs Millionen Kinder in Flüchtlingscamps oder dürftigsten Unterkünften in 
Syrien geboren. Eine ganze Generation kennt seit zehn Jahren nichts als Angst und Not. Millionen Kinder drohen 
den Anschluss zu verlieren, können nicht zur Schule gehen, haben keine Perspektive.
Dann kam noch die Corona-Krise hinzu: Millionen leben in überfüllten Lagern oder informellen Siedlungen so eng 
zusammen, dass Abstandhalten und Händewaschen kaum möglich ist. Sie bekommen keine Hilfe, keinen Impfstoff. 
Mindestens vier Millionen Menschen haben sich infiziert. In Syrien stehen die Menschen vor einer 
Hungerkatastrophe. Die Nahrungsmittelpreise sind um unglaubliche 230 Prozent innerhalb eines Jahres gestiegen. 
Viele Familien wissen nicht mehr, was sie ihren Kindern zu essen geben sollen. Dabei kostet es nur 50 Cent am 
Tag, um das Überleben eines Kindes in den Flüchtlingscamps zu sichern. 50 Cent! Aber diese grundlegendste 
Unterstützung ist derzeit nicht gesichert. Diesen Missstand muss ich leider ganz klar benennen.

Syrien ist die größte Tragödie dieses Jahrhunderts Vor zehn Jahren begann dort der Krieg. Deutschland tut 
viel, um das Elend zu lindern. Die Menschen brauchen e....
Die Hilfsorganisationen der Vereinten Nationen haben für den Syrien-Krisenbogen einen Bedarf von zehn Milliarden 
Dollar. Ihnen fehlen aber 5,4 Milliarden, um das Überleben von Millionen Menschen sicherzustellen. Das ist ein 
unglaublicher Skandal! Von diesem schrecklichen zehnten Jahrestag muss daher ein Aufruf an die 
Weltgemeinschaft ausgehen, internationale Solidarität zu leisten und den Menschen diese 50-Cent-Ration am Tag 
zu ermöglichen. Geben wir ihnen zu essen. Lassen wir die Flüchtlinge, die Kinder nicht sterben! Impfen wir sie! 
Nicht irgendwann. Jetzt!
Derzeit müssen bereits Essensrationen gekürzt werden, Impfungen gegen Polio oder Tuberkulose sind ausgesetzt, 
Schulprogramme eingestellt. Das ist keine Dramatisierung - das ist Realität. Es gibt dann nur noch ein- oder 
zweimal die Woche Essensausgaben statt jeden Tag. Und wenn das so bleibt, dann werden sich die Menschen 
überlegen aufzubrechen, weil ein Überleben nicht mehr möglich ist.
Deutschland geht hier weltweit voran und leistet viel, die Staatengemeinschaft leider zu wenig. Als einer der 
größten Geber in der Krisenregion hat Deutschland im vergangenen Jahr 2,2 Milliarden Euro bereitgestellt - davon 
stammen 1,4 Milliarden vom Bundesentwicklungsministerium. Das ist viel Geld! Aber mit diesem Engagement 
schaffen wir über die Notversorgung hinaus Bleibe- und Zukunftsperspektiven vor Ort für Millionen syrischer 
Flüchtlinge. Auch in diesem Jahr werden wir unseren Beitrag auf dem hohen Niveau fortsetzen.
Unser Ansatz ist: Schule für die Kinder, Arbeit für die Eltern sowie Ernährung und Trinkwasserversorgung. Damit 
haben wir schon viel erreicht. Jeden Monat erhalten fast fünf Millionen Menschen Lebensmittel über das 
Welternährungsprogramm, insbesondere schwangere Frauen, Mütter und Kinder. Die Verteilung erfolgt mit 
Gutscheinen oder über Suppenküchen, in denen syrische Flüchtlinge arbeiten. 700.000 syrische Flüchtlingskinder 
können dank unserer Unterstützung jeden Tag zur Schule gehen. Das erfolgt im Zwei-Schicht-Wechselbetrieb mit 
den einheimischen Schülerinnen und Schülern. Ich habe das bei meinem letzten Besuch in einem Flüchtlingscamp 
im Libanon selbst angesehen, das funktioniert hervorragend und verdient Respekt. Wir finanzieren dazu 20.000 
Lehrerinnen und Lehrer, die größtenteils selbst Flüchtlinge sind. Denn trotz des schrecklichen Krieges darf keine 
verlorene Generation aufwachsen.
Aber auch die Eltern brauchen eine Perspektive. In dieser lang anhaltenden Krise reicht es nicht, nur Hilfsgüter zu 
verteilen. Deswegen haben wir 420.000 Beschäftigungsmöglichkeiten über unser Cash-for-work-Programm 
geschaffen. Die Flüchtlinge bauen selbst Wohnungen und Straßen, helfen bei der Müllabfuhr oder beim Recycling. 
Die Flüchtlinge können so ihr Leben ein Stück weit selbst in die Hand nehmen. Und auch die aufnehmenden 
Gemeinden profitieren davon. Zentral ist die Versorgung mit Trinkwasser, auch um Konflikten mit der 
aufnehmenden Bevölkerung vorzubeugen. Im Nahen Osten ist Wasser ein knappes Gut. In den letzten Jahren 
konnten wir so elf Millionen Menschen mit sauberem Trinkwasser versorgen. Allein im großen Flüchtlingscamp 
Zaatari in Jordanien wurde für 80.000 Menschen die Trink- und Abwasserversorgung ausgebaut. Und für fünf 
Millionen Menschen konnten wir die Gesundheitsversorgung verbessern. Das hilft auch im Kampf gegen Corona.
Dieses deutsche Engagement trägt so dazu bei, dass die Menschen nahe ihrer Heimat bleiben können. Unicef, das 
Welternährungsprogramm und die vielen zivilgesellschaftlichen und kirchlichen Organisationen sind dabei unsere 
wichtigsten Partner. Sie können aber nur arbeiten, wenn sie weitere Unterstützung erhalten - Spenden, aber auch 
staatliche Gelder. Auf der Syrienkonferenz Ende März müssen daher alle Staaten ihre Anstrengungen verstärken.
Und wir müssen einen Schritt weiter gehen: Die Menschen brauchen zehn Jahre nach Beginn dieses schrecklichen 
Krieges eine Perspektive für einen dauerhaften Frieden und eine Rückkehr. Grundlage dafür ist ein neuer Anlauf für 
eine echte politische Lösung des Konflikts. Die Vereinten Nationen, aber auch die Europäische Union, müssen hier 
entschlossen vorangehen. Der erste Schritt ist die Verlängerung der Cross-Border-Resolution im UN-Sicherheitsrat. 
Das ist überlebenswichtig, damit Hilfsorganisationen weiterhin Zugang nach Nordsyrien erhalten. Derzeit ist nur ein 
Grenzübergang geöffnet - ein Nadelöhr. Die Resolution läuft im Juli aus. Notwendig sind mehrere Grenzübergänge. 
Die Sicherheitsratsmitglieder dürfen sich diesem humanitären Anliegen nicht verschließen.
Denn Frieden und Vermittlung sind der einzige Weg aus dieser Katastrophe. Ein ""Weiter so"" für die nächsten zehn 
Jahre darf es nicht geben.
Syrien ist die größte Tragödie dieses Jahrhunderts Vor zehn Jahren begann dort der Krieg. Deutschland tut 
viel, um das Elend zu lindern. Die Menschen brauchen e....
 Der Autor ist Bundesminister für wirtschaftliche Zusammenarbeit und Entwicklung sowie CSU-Abgeordneter im 
Deutschen Bundestag. 
Original Gesamtseiten-PDF"
2021-03,Main Corpus,2021-03(50).ZIP,"Viel Geld, wenig Ideen_ Wie die Welt Syrern hilft Die Not im zerstörten Syrien wächst, ein Friedensk.PDF","C:\PythonProjects\AfD-project\Corpora\Main Corpus\2021-03\raw_unarchive\Viel Geld, wenig Ideen_ Wie die Welt Syrern hilft Die Not im zerstörten Syrien wächst, ein Friedensk.PDF","Viel Geld, wenig Ideen: Wie die Welt Syrern hilft Die Not im zerstörten Syrien wächst, ein Friedenskonzept ist",viel geld wenig ideen wie die welt syrern hilft die not im zerstörten syrien wächst ein friedenskonzept ist,"taz, die tageszeitung",taz die tageszeitung,Mittwoch 31. März 2021,"Eric Bonse, Dominic Johnson",AUSLAND; S. 10,617,4420,994a16c3a2b8e5e3ac2f0a752dc18decfb53b9f1,,unique,keep,,no,,no,,,6575,no,,,,,"Von Eric Bonse (Brüssel) und Dominic Johnson
Neue Milliardenhilfen aber keine neue Strategie: Die fünfte Syrien-Geberkonferenz, die die EU am Montag und 
Dienstag gemeinsam mit der UNO ausgerichtet hat, endete wie ihre Vorläufer seit 2017 mit Hilfszusagen, aber 
ohne politische Perspektive. Deutschland sagte weitere 1,74 Milliarden Euro zu. Frankreich versprach 560 Millionen 
Euro, die EU will ebenfalls 560 Millionen lockermachen.
Laut UNO werden insgesamt 10 Milliarden Dollar (8,5 Milliarden Euro) gebraucht: 4,2 Milliarden Dollar für 
humanitäre Hilfe in dem Bürgerkriegsland selbst, weitere 5,8 Milliarden für Flüchtlinge in Nachbarländern. Rund ein 
Drittel der syrischen Vorkriegsbevölkerung von etwa 20 Millionen Menschen lebt mittlerweile im Ausland. Ein 
weiteres Drittel lebt in den Rebellengebieten und in der kurdisch kontrollierten Region, das letzte Drittel im 
Regierungsgebiet. Vergangenes Jahr hatte die vierte Syrien-Geberkonferenz neue Hilfszusagen von 6,9 Milliarden 
Euro erbracht deutlich weniger als erhofft.
Deutschland und die EU sind die größten Geber. Insgesamt wurden nach Angaben der EU-Kommission schon 
mehr als 20 Milliarden Euro mobilisiert. Mit dem Geld wollen die Europäer die Region stabilisieren und neue 
Flüchtlingsbewegungen wie 2015 verhindern. Damals waren rund eine Million syrische Flüchtlinge über die Türkei 
nach Deutschland gelangt.
Trotzdem spielt die EU politisch kaum eine Rolle. Dies spiegeln auch die Grußworte von Außenminister Heiko 
Maas und seinem französischen Amtskollegen Jean-Yves Le Drian wider. Ohne Gerechtigkeit kann es keinen 
Frieden geben , sagte Le Drian. Wie ein gerechter Frieden erreicht werden könnte, sagte er nicht. Die syrische 

Viel Geld, wenig Ideen: Wie die Welt Syrern hilft Die Not im zerstörten Syrien wächst, ein Friedenskonzept ist 
nicht in Sicht . Da helfen auch die frischen Mill....
Tragödie darf nicht noch ein weiteres Jahrzehnt fortdauern , betonte Maas. Syriens Machthaber Baschar al-Assad 
und seine internationalen Unterstützer also vor allem Russland müssten endlich begreifen, dass nur ein 
ernsthafter politischer Prozess eine tragfähige Zukunft für das Land bereiten kann .
Doch dieser politische Prozess kommt nicht in Gang. Russland und die Türkei, aber auch Israel, Iran und die USA 
schützen in Syrien mit militärischen Mitteln ihre jeweiligen nationalen Sicherheitsinteressen, notfalls auf Kosten der 
syrischen Bevölkerung. Die Europäer sind nur Zaungäste. Selbst die EU-Sanktionen, die Syriens Ölindustrie und 
Finanzsektor treffen, haben die erhoffte Wirkung verfehlt Assad ist immer noch an der Macht.
Gleichzeitig nehmen Armut und Verzweiflung in Syrien zu. Nach UN-Angaben litten zuletzt 12,4 Millionen Syrer 
inner- und außerhalb des Landes, fast 60 Prozent der Vorkriegsbevölkerung, Hunger. Die Zahl der Menschen, die 
ohne Ernährungshilfe nicht überleben können, verdoppelte sich innerhalb eines Jahres. In Syrien sind mehr als die 
Hälfte der 13,4 Millionen verbliebenen Menschen auf humanitäre Hilfe angewiesen. 90 Prozent aller syrischen 
Kinder sind von Nothilfe abhängig, erfuhr der UN-Sicherheitsrat bei einem Briefing am Montag.
Gleichzeitig wird Hilfe immer schwerer. Manche Helfer fordern zwar ein Umdenken, so Caritas-Präsident Peter 
Neher: Wir müssen gezielte Wiederaufbaumaßnahmen zulassen, auch in Gebieten unter Kontrolle des Regimes. 
Doch andere verweisen darauf, dass Hilfswerke dort nicht unabhängig arbeiten dürfen, sondern nur als Zulieferer 
der syrischen Regierung sowie staatlicher Wohlfahrtsorganisationen.
UN-Hilfe für die nicht vom Regime kontrollierten Teile Syriens ist mangels Zustimmung Assads von einer 
Sondergenehmigung des UN-Sicherheitsrats abhängig, gewisse Grenzübergänge zu nutzen. Diese Genehmigung 
wird regelmäßig neu zur Abstimmung gestellt Beim letzten Mal, im Juli 2020, blieb wegen russischen Widerstands 
nur ein einziger Grenzübergang aus der Türkei offen. Bei Gesprächen im UN-Sicherheitsrat Ende Februar plädierte 
Russland dafür, bei der nächsten Abstimmung im kommenden Juli auch diesen Übergang zu schließen, damit UN-
Hilfe die Menschen im Rebellengebiet zukünftig nur noch über Syriens Regierung erreicht. Das wäre, fürchten 
Beobachter, für viele Bedürftige ein Todesurteil: Systematisches Aushungern gehört zu den Kriegstaktiken des 
Assad-Regimes.
meinung + diskussion 12
Mittlerweile sind 90 Prozent aller syrischen Kinder von Nothilfe abhängig"
2021-03,Main Corpus,2021-03(50).ZIP,"Vor verschlossenen Türen Der Lockdown trifft alle, doch nicht alle in gleichem Maße. Für Einwanderer(2).PDF","C:\PythonProjects\AfD-project\Corpora\Main Corpus\2021-03\raw_unarchive\Vor verschlossenen Türen Der Lockdown trifft alle, doch nicht alle in gleichem Maße. Für Einwanderer(2).PDF","Vor verschlossenen Türen Der Lockdown trifft alle, doch nicht alle in gleichem Maße. Für Einwanderer ist es in",vor verschlossenen türen der lockdown trifft alle doch nicht alle in gleichem masse für einwanderer ist es in,Rheinische Post,rheinische post,Samstag 13. März 2021,Viktor Marinov,S. 43,1354,8815,d8541495bc5158a0472ac57061ad81f3d567257c,exact_001,duplicate_exact,review,,no,,no,,,10267,no,,exact_001,,,"Viktor Marinov
Aso Majeed sitzt in der Küche seiner kleinen Wohnung in Dortmund und lernt Deutsch, jeden Tag mindestens fünf 
Stunden. Wenn die Sprachkurse vorbei sind, verwandelt sich der 33-jährige Iraker vom Schüler zum Lehrer. Er 
unterrichtet dann seine sechsjährige Tochter und seinen neunjährigen Sohn. Vor zwei Jahren kam Majeed aus dem 
Irak nach Deutschland, die Hälfte der Zeit prägte die Pandemie. Lange vor dem Laptop sitzen, das mag Majeed 
nicht so gern. Schlecht für die Augen, sagt er, langweiliger als ein echter Sprachkurs, und vor allem kein Ersatz für 
echten Kontakt.
Vom Lockdown sind alle betroffen, doch nicht alle sind es gleichermaßen. Wer Freunde hat in der Stadt, die 
Nachbarn kennt, eine gemeinsame Sprache und Herkunft mit ihnen teilt, hat es einfacher als diejenigen, die neu 
sind. Es ist schwierig, Kontakte zu knüpfen, wenn das Gebot der Stunde Kontaktvermeidung heißt. „Einwanderer 
haben in Deutschland kein aufgebautes soziales Netzwerk“, sagt Zeynep Kartal vom Verein Multikulturelles Forum. 
„Sie können nicht sagen, ‚Annette, komm heute vorbei, ein Käffchen trinken und Deutsch sprechen’. Sie kennen 
keine Annette.“
Wie sich der Lockdown auf das Leben von Einwanderern in der Pandemie auswirkt, weiß Kartal aus vielen 
Gesprächen mit ihren Vereinskollegen. Sie beraten Einwanderer in NRW, bilden sie weiter, unterstützen sie bei der 
Integration. Der Verein hat mehrere Standorte, unter anderem in Düsseldorf, Köln und Dortmund. Am Anfang der 
Pandemie habe man viele Beratungen mit Abstand und hinter Scheiben aus Acrylglas geführt, sagt Kartal: „Lange 
Zeit ging es nur telefonisch, bis heute gibt es weniger Präsenz. Dadurch dauert das viel länger.“ Dabei haben sich 
die Probleme der Einwanderer zum Teil verschärft.

Vor verschlossenen Türen Der Lockdown trifft alle, doch nicht alle in gleichem Maße. Für Einwanderer ist es in 
der Pandemie besonders schwierig, Anschluss an di....
Einer, der die Sprachkurse vom Multikulturellen Forum besucht, ist Aso Majeed. Dass es die virtuellen 
Veranstaltungen gibt, ist für ihn ein Lichtblick in der sonst grauen Zeit des Lockdowns. Wer eine Sprache lernt, 
erfährt, wie man im Restaurant bestellt, über seine Hobbys spricht, vom letzten Urlaub erzählt. Schöne Dinge, 
mitten im Lockdown aber wenig hilfreich. Wertvoller sind für Majeed die Kenntnisse, die er während der Kurse über 
die deutsche Bürokratie sammelt.
„In Deutschland gibt es zwei Sprachen“, sagt der Iraker. „Die normale und die amtliche.“ Darauf hat ihn schon sein 
erster Sprachkurs vom Bundesamt für Migration und Flüchtlinge vorbereitet. Er weiß jetzt, wie er mit den Beamten 
im Jobcenter sprechen soll, wie man sich auf Deutsch höflich ausdrückt, er hat sich die Ziffern von Paragrafen 
eingeprägt. Im Irak hat Majeed Rechtswissenschaften studiert und Bauingenieurwesen. „Jura war mein erster Beruf 
– das ist jetzt vorbei“, sagt er. Die Unterschiede zwischen den rechtlichen Systemen seien zu groß, dann lieber eine 
Weiterbildung als Bauingenieur; denn auch Bauwesen hat er studiert. Der 33-Jährige kann sich ebenso vorstellen, 
im Sicherheitsbereich zu arbeiten, darin hat er schon Erfahrungen in seiner Heimat gesammelt. Doch von den 
Mitarbeitern im Amt, mit denen er höflich spricht, so wie er das im Sprachkurs gelernt hat, heißt es derzeit: Erst die 
Sprache, dann der Job.
Ähnlich hat es eine alleinerziehende Mutter aus Bulgarien erlebt, die lieber anonym bleiben möchte. Im 
vergangenen Jahr hat die Mittzwanzigerin 150 Bewerbungen für einen Praktikumsplatz geschrieben. Sie sagt: „Die 
Suche nach einem Praktikum war schon vor Corona schwierig. Während der Pandemie war es der Horror.“ Die 
Bulgarin hat keinen Hochschulabschluss, keine Ausbildung, schon mit 18 ist sie mit ihren Eltern ausgewandert. Am 
liebsten würde sie jetzt eine Ausbildung machen, aber auch dafür findet sie keinen Platz.
Solche Geschichten hört Zeynep Kartal seit Pandemie-Beginn häufig. „Die Arbeitsvermittlung ist derzeit ein großes 
Problemfeld. Es ist für Migranten praktisch unmöglich, Praktikumsplätze zu finden“, sagt sie. Dabei kann ein 
Praktikum der Schlüssel zum Beruf sein, und damit der Schlüssel zur Integration. „Es ist ein Weg, sich zu 
beweisen, zu zeigen, dass es sich lohnt, jemandem eine Chance zu geben.“ Besonders für junge Mütter sei das 
wichtig.
Was die Belastung mit einer Mutter machen kann, zeigt die Geschichte von Manal Hamandi. Die 31-Jährige kam 
vor fünf Jahren aus dem Libanon mit einem Schlauchboot nach Europa. In dem Boot, sagt sie, gab es eigentlich 
Platz für 35 Leute, doch es saßen 52 darin. Darunter Hamandi und ihre drei Söhne, damals acht, neun und zehn 
Jahre alt. Hamandi lebt in einer Flüchtlingsunterkunft in Düsseldorf wie rund 4000 weitere Menschen in der 
Landeshauptstadt. Sie kennt in Düsseldorf fast alle „Camps“, wie sie die Unterkünfte nennt. Am Anfang wohnte sie 
in Rheine, seit vier Jahren ist sie nun in Düsseldorf. Dort wechselte sie im Schnitt alle vier Monate ihren Wohnort. 
Sie hat schon in zwölf oder 13 Unterkünfte gelebt, an die genaue Zahl kann sie sich selbst nicht mehr erinnern. In 
der jetzigen Unterkunft teilt sie sich auf ihrem Flur zwei Toiletten und eine Küche mit 17 Leuten. Vor der Pandemie 
war das eng, währenddessen ist es manchmal unerträglich. Dann schläft Hamandi bei einer Freundin, um ein 
bisschen Ruhe zu finden.
Mit den Jahren in Deutschland hat sich die Gesundheit der 31-Jährigen immer mehr verschlechtert. Sie bekommt 
täglich Anfälle, ihr wird schwindelig, manchmal fällt sie um. Das kommt alles vom Stress, habe ihre Ärztin gesagt.
Hamandis größter Wunsch ist es, einen Job zu finden. Ein Angebot hätte sie, ein Versandhändler aus Krefeld hat 
ihr bereits zugesagt. Sie könnte dort Pakete einsortieren, in Hamandis Ohren klingt das wie ein Traum. Die 
Libanesin schreibt immer wieder E-Mails an die Sachbearbeiterin vom Ausländeramt. In der letzten Nachricht 
erzählt sie über das Jobangebot in Krefeld. In der Betreffzeile hat die 31-Jährige „sad life“ geschrieben – trauriges 
Leben. „Ich könnte mir auch einen illegalen Job suchen.“ Doch das will sie nicht. Sollte sie erwischt werden, könnte 
ihr Leben noch schwieriger werden, als es ohnehin schon ist.
Kein Job, keine Wohnung, kein Ausweg. Wie stark die Pandemie zu diesem Stillstand in Hamandis Leben beiträgt, 
ist schwer zu sagen. Dass sie unter dem Lockdown schwer leidet, liegt aber auf der Hand. Die 31-Jährige richtet 
alles nach ihren drei Söhnen aus. Sie sind auf dem Hintergrundbild ihres Handys zu sehen, drei lächelnde Jungs. 
Von ihrem Vater hat sich Hamandi schnell nach der Ankunft in Deutschland getrennt, nun hat er die Kinder. Er lässt 
Vor verschlossenen Türen Der Lockdown trifft alle, doch nicht alle in gleichem Maße. Für Einwanderer ist es in 
der Pandemie besonders schwierig, Anschluss an di....
nicht zu, dass sie bei Hamandi in der Flüchtlingsunterkunft übernachten. In den Wintermonaten hat sie ihre Söhne 
seltener gesehen als im Sommer – draußen war es kalt, drinnen war die Angst von einer Infektion zu groß.
Wie kommt man in einem Land an, wenn dort keiner einen begrüßt, auf einen Kaffee einlädt, die Tür aufmacht? Die 
Lebensgeschichten der drei Einwanderer zeigen, wie schwierig das sein kann.
Die Libanesin hat beschlossen, für ihre Söhne zu leben. „Deutschland braucht mich nicht. Meinen Ex-Mann auch 
nicht. Aber es braucht meine Kinder.“ Neulich war der 14-jährige Sohn auf einem Geburtstag eingeladen, darauf ist 
Hamandi besonders stolz. Denn das Geburtstagskind kam aus Deutschland. Die Söhne sind Teil der Gesellschaft 
geworden, ihre Mutter hat es fast aufgegeben.
Die junge Mutter aus Bulgarien hat kurz nach dem ersten Telefonat für diesen Artikel den Durchbruch geschafft. 
Nach 150 Bewerbungen hat sie endlich einen Job gefunden. Die Probezeit ist vorbei, sie hat ihren Chef überzeugt, 
und er gibt ihr eine Chance.
Aso Majeed lernt weiter. Wenn die Pandemie vorbei ist, kann er wieder Menschen treffen. „Es muss einen Ort 
geben zwischen zwei Menschen“, sagt er. „Das kann die Universität sein, der Arbeitsort, die Schule der Kinder.“ An 
einem dieser Orte hofft er, seinen ersten deutschen Freund finden.
Warum die Zahl der Geflüchteten sinkt
2020 Im vergangenen Jahr haben nach Angaben des Bundesamts für Migration und Flüchtlinge bundesweit 
102.581 Menschen erstmals einen Asylantrag gestellt, so wenig wie seit 2012 nicht mehr. NRW hat 21.875 von 
ihnen aufgenommen. 2019 waren es 142.509 Asylanträge.
Gründe Zum einen kommen weniger Flüchtlinge nach Deutschland, weil die Corona-Pandemie die Grenzübertritte 
im vergangenen Jahr deutlich erschwert hat. Aber auch die restriktive Migrationspolitik hat laut Innenministerium 
eine Rolle gespielt. Migrationsexperten gehen davon aus, dass auch steigende Armut während der Pandemie 
Menschen an der Flucht hindert."
2021-03,Main Corpus,2021-03(50).ZIP,"Vor verschlossenen Türen Der Lockdown trifft alle, doch nicht alle in gleichem Maße. Für Einwanderer.PDF","C:\PythonProjects\AfD-project\Corpora\Main Corpus\2021-03\raw_unarchive\Vor verschlossenen Türen Der Lockdown trifft alle, doch nicht alle in gleichem Maße. Für Einwanderer.PDF","Vor verschlossenen Türen Der Lockdown trifft alle, doch nicht alle in gleichem Maße. Für Einwanderer ist es in",vor verschlossenen türen der lockdown trifft alle doch nicht alle in gleichem masse für einwanderer ist es in,Rheinische Post,rheinische post,Samstag 13. März 2021,Viktor Marinov,S. 35,1354,8815,d8541495bc5158a0472ac57061ad81f3d567257c,exact_001,duplicate_exact,review,,no,,no,,,10252,no,,exact_001,,,"Viktor Marinov
Aso Majeed sitzt in der Küche seiner kleinen Wohnung in Dortmund und lernt Deutsch, jeden Tag mindestens fünf 
Stunden. Wenn die Sprachkurse vorbei sind, verwandelt sich der 33-jährige Iraker vom Schüler zum Lehrer. Er 
unterrichtet dann seine sechsjährige Tochter und seinen neunjährigen Sohn. Vor zwei Jahren kam Majeed aus dem 
Irak nach Deutschland, die Hälfte der Zeit prägte die Pandemie. Lange vor dem Laptop sitzen, das mag Majeed 
nicht so gern. Schlecht für die Augen, sagt er, langweiliger als ein echter Sprachkurs, und vor allem kein Ersatz für 
echten Kontakt.
Vom Lockdown sind alle betroffen, doch nicht alle sind es gleichermaßen. Wer Freunde hat in der Stadt, die 
Nachbarn kennt, eine gemeinsame Sprache und Herkunft mit ihnen teilt, hat es einfacher als diejenigen, die neu 
sind. Es ist schwierig, Kontakte zu knüpfen, wenn das Gebot der Stunde Kontaktvermeidung heißt. „Einwanderer 
haben in Deutschland kein aufgebautes soziales Netzwerk“, sagt Zeynep Kartal vom Verein Multikulturelles Forum. 
„Sie können nicht sagen, ‚Annette, komm heute vorbei, ein Käffchen trinken und Deutsch sprechen’. Sie kennen 
keine Annette.“
Wie sich der Lockdown auf das Leben von Einwanderern in der Pandemie auswirkt, weiß Kartal aus vielen 
Gesprächen mit ihren Vereinskollegen. Sie beraten Einwanderer in NRW, bilden sie weiter, unterstützen sie bei der 
Integration. Der Verein hat mehrere Standorte, unter anderem in Düsseldorf, Köln und Dortmund. Am Anfang der 
Pandemie habe man viele Beratungen mit Abstand und hinter Scheiben aus Acrylglas geführt, sagt Kartal: „Lange 
Zeit ging es nur telefonisch, bis heute gibt es weniger Präsenz. Dadurch dauert das viel länger.“ Dabei haben sich 
die Probleme der Einwanderer zum Teil verschärft.

Vor verschlossenen Türen Der Lockdown trifft alle, doch nicht alle in gleichem Maße. Für Einwanderer ist es in 
der Pandemie besonders schwierig, Anschluss an di....
Einer, der die Sprachkurse vom Multikulturellen Forum besucht, ist Aso Majeed. Dass es die virtuellen 
Veranstaltungen gibt, ist für ihn ein Lichtblick in der sonst grauen Zeit des Lockdowns. Wer eine Sprache lernt, 
erfährt, wie man im Restaurant bestellt, über seine Hobbys spricht, vom letzten Urlaub erzählt. Schöne Dinge, 
mitten im Lockdown aber wenig hilfreich. Wertvoller sind für Majeed die Kenntnisse, die er während der Kurse über 
die deutsche Bürokratie sammelt.
„In Deutschland gibt es zwei Sprachen“, sagt der Iraker. „Die normale und die amtliche.“ Darauf hat ihn schon sein 
erster Sprachkurs vom Bundesamt für Migration und Flüchtlinge vorbereitet. Er weiß jetzt, wie er mit den Beamten 
im Jobcenter sprechen soll, wie man sich auf Deutsch höflich ausdrückt, er hat sich die Ziffern von Paragrafen 
eingeprägt. Im Irak hat Majeed Rechtswissenschaften studiert und Bauingenieurwesen. „Jura war mein erster Beruf 
– das ist jetzt vorbei“, sagt er. Die Unterschiede zwischen den rechtlichen Systemen seien zu groß, dann lieber eine 
Weiterbildung als Bauingenieur; denn auch Bauwesen hat er studiert. Der 33-Jährige kann sich ebenso vorstellen, 
im Sicherheitsbereich zu arbeiten, darin hat er schon Erfahrungen in seiner Heimat gesammelt. Doch von den 
Mitarbeitern im Amt, mit denen er höflich spricht, so wie er das im Sprachkurs gelernt hat, heißt es derzeit: Erst die 
Sprache, dann der Job.
Ähnlich hat es eine alleinerziehende Mutter aus Bulgarien erlebt, die lieber anonym bleiben möchte. Im 
vergangenen Jahr hat die Mittzwanzigerin 150 Bewerbungen für einen Praktikumsplatz geschrieben. Sie sagt: „Die 
Suche nach einem Praktikum war schon vor Corona schwierig. Während der Pandemie war es der Horror.“ Die 
Bulgarin hat keinen Hochschulabschluss, keine Ausbildung, schon mit 18 ist sie mit ihren Eltern ausgewandert. Am 
liebsten würde sie jetzt eine Ausbildung machen, aber auch dafür findet sie keinen Platz.
Solche Geschichten hört Zeynep Kartal seit Pandemie-Beginn häufig. „Die Arbeitsvermittlung ist derzeit ein großes 
Problemfeld. Es ist für Migranten praktisch unmöglich, Praktikumsplätze zu finden“, sagt sie. Dabei kann ein 
Praktikum der Schlüssel zum Beruf sein, und damit der Schlüssel zur Integration. „Es ist ein Weg, sich zu 
beweisen, zu zeigen, dass es sich lohnt, jemandem eine Chance zu geben.“ Besonders für junge Mütter sei das 
wichtig.
Was die Belastung mit einer Mutter machen kann, zeigt die Geschichte von Manal Hamandi. Die 31-Jährige kam 
vor fünf Jahren aus dem Libanon mit einem Schlauchboot nach Europa. In dem Boot, sagt sie, gab es eigentlich 
Platz für 35 Leute, doch es saßen 52 darin. Darunter Hamandi und ihre drei Söhne, damals acht, neun und zehn 
Jahre alt. Hamandi lebt in einer Flüchtlingsunterkunft in Düsseldorf wie rund 4000 weitere Menschen in der 
Landeshauptstadt. Sie kennt in Düsseldorf fast alle „Camps“, wie sie die Unterkünfte nennt. Am Anfang wohnte sie 
in Rheine, seit vier Jahren ist sie nun in Düsseldorf. Dort wechselte sie im Schnitt alle vier Monate ihren Wohnort. 
Sie hat schon in zwölf oder 13 Unterkünfte gelebt, an die genaue Zahl kann sie sich selbst nicht mehr erinnern. In 
der jetzigen Unterkunft teilt sie sich auf ihrem Flur zwei Toiletten und eine Küche mit 17 Leuten. Vor der Pandemie 
war das eng, währenddessen ist es manchmal unerträglich. Dann schläft Hamandi bei einer Freundin, um ein 
bisschen Ruhe zu finden.
Mit den Jahren in Deutschland hat sich die Gesundheit der 31-Jährigen immer mehr verschlechtert. Sie bekommt 
täglich Anfälle, ihr wird schwindelig, manchmal fällt sie um. Das kommt alles vom Stress, habe ihre Ärztin gesagt.
Hamandis größter Wunsch ist es, einen Job zu finden. Ein Angebot hätte sie, ein Versandhändler aus Krefeld hat 
ihr bereits zugesagt. Sie könnte dort Pakete einsortieren, in Hamandis Ohren klingt das wie ein Traum. Die 
Libanesin schreibt immer wieder E-Mails an die Sachbearbeiterin vom Ausländeramt. In der letzten Nachricht 
erzählt sie über das Jobangebot in Krefeld. In der Betreffzeile hat die 31-Jährige „sad life“ geschrieben – trauriges 
Leben. „Ich könnte mir auch einen illegalen Job suchen.“ Doch das will sie nicht. Sollte sie erwischt werden, könnte 
ihr Leben noch schwieriger werden, als es ohnehin schon ist.
Kein Job, keine Wohnung, kein Ausweg. Wie stark die Pandemie zu diesem Stillstand in Hamandis Leben beiträgt, 
ist schwer zu sagen. Dass sie unter dem Lockdown schwer leidet, liegt aber auf der Hand. Die 31-Jährige richtet 
alles nach ihren drei Söhnen aus. Sie sind auf dem Hintergrundbild ihres Handys zu sehen, drei lächelnde Jungs. 
Von ihrem Vater hat sich Hamandi schnell nach der Ankunft in Deutschland getrennt, nun hat er die Kinder. Er lässt 
Vor verschlossenen Türen Der Lockdown trifft alle, doch nicht alle in gleichem Maße. Für Einwanderer ist es in 
der Pandemie besonders schwierig, Anschluss an di....
nicht zu, dass sie bei Hamandi in der Flüchtlingsunterkunft übernachten. In den Wintermonaten hat sie ihre Söhne 
seltener gesehen als im Sommer – draußen war es kalt, drinnen war die Angst von einer Infektion zu groß.
Wie kommt man in einem Land an, wenn dort keiner einen begrüßt, auf einen Kaffee einlädt, die Tür aufmacht? Die 
Lebensgeschichten der drei Einwanderer zeigen, wie schwierig das sein kann.
Die Libanesin hat beschlossen, für ihre Söhne zu leben. „Deutschland braucht mich nicht. Meinen Ex-Mann auch 
nicht. Aber es braucht meine Kinder.“ Neulich war der 14-jährige Sohn auf einem Geburtstag eingeladen, darauf ist 
Hamandi besonders stolz. Denn das Geburtstagskind kam aus Deutschland. Die Söhne sind Teil der Gesellschaft 
geworden, ihre Mutter hat es fast aufgegeben.
Die junge Mutter aus Bulgarien hat kurz nach dem ersten Telefonat für diesen Artikel den Durchbruch geschafft. 
Nach 150 Bewerbungen hat sie endlich einen Job gefunden. Die Probezeit ist vorbei, sie hat ihren Chef überzeugt, 
und er gibt ihr eine Chance.
Aso Majeed lernt weiter. Wenn die Pandemie vorbei ist, kann er wieder Menschen treffen. „Es muss einen Ort 
geben zwischen zwei Menschen“, sagt er. „Das kann die Universität sein, der Arbeitsort, die Schule der Kinder.“ An 
einem dieser Orte hofft er, seinen ersten deutschen Freund finden.
Warum die Zahl der Geflüchteten sinkt
2020 Im vergangenen Jahr haben nach Angaben des Bundesamts für Migration und Flüchtlinge bundesweit 
102.581 Menschen erstmals einen Asylantrag gestellt, so wenig wie seit 2012 nicht mehr. NRW hat 21.875 von 
ihnen aufgenommen. 2019 waren es 142.509 Asylanträge.
Gründe Zum einen kommen weniger Flüchtlinge nach Deutschland, weil die Corona-Pandemie die Grenzübertritte 
im vergangenen Jahr deutlich erschwert hat. Aber auch die restriktive Migrationspolitik hat laut Innenministerium 
eine Rolle gespielt. Migrationsexperten gehen davon aus, dass auch steigende Armut während der Pandemie 
Menschen an der Flucht hindert."
2021-03,Main Corpus,2021-03(50).ZIP,Vorrang für Hilfe vor Ort Seit fünf Jahren besteht ein EU-Abkommen mit der Türkei_ Ankara nimmt Migr.PDF,C:\PythonProjects\AfD-project\Corpora\Main Corpus\2021-03\raw_unarchive\Vorrang für Hilfe vor Ort Seit fünf Jahren besteht ein EU-Abkommen mit der Türkei_ Ankara nimmt Migr.PDF,Vorrang für Hilfe vor Ort Seit fünf Jahren besteht ein EU-Abkommen mit der Türkei: Ankara nimmt Migranten,vorrang für hilfe vor ort seit fünf jahren besteht ein euabkommen mit der türkei ankara nimmt migranten,Die Welt,die welt,Samstag 20. März 2021,Marcel Leubecher,FORUM; LEITARTIKEL; S. 5; Ausg. 67,1065,8015,cb929a7adffe5aa9632b16dff87053f09abd3b4b,,unique,keep,,no,,no,,,9433,yes,commentary_noncore,,,,"Fünf Jahre nach der EU-Türkei-Erklärung sollte ihr Kerngedanke zum Paradigma einer effizienteren und damit 
besseren Flüchtlingspolitik gemacht werden. Die Idee hinter dem ""Türkei-Deal"" war so schlicht wie gut: Die 
Überfahrten nach Griechenland werden gestoppt, im Gegenzug finanzieren die EU-Staaten eine ordentliche 
Unterbringung der Flüchtlinge in der Türkei und fliegen einige besonders Bedürftige von dort ein. Das hat zwar nie 
vollständig funktioniert. Aber im Zusammenspiel mit dem fast gleichzeitig errichteten Grenzschutz auf der 
Balkanroute aus Griechenland nach Deutschland und seine Nachbarstaaten wurde im Frühjahr 2016 die stärkste 
Migrationsbewegung der Neuzeit nach Europa drastisch reduziert.
Das Ziel einer langfristigen Flüchtlingspolitik sollte lauten, möglichst vielen der weltweit mehr als 20 Millionen aus 
ihrem Land geflohenen Menschen zu Verfolgungsfreiheit und anständigen Lebensbedingungen zu verhelfen. Eine 
Fixierung auf den kleinen Teil, der es schafft, in die EU und dort vor allem nach Deutschland zu wandern, ist 
kontraproduktiv. Um das Ziel zu erreichen, möglichst vielen Flüchtlingen weltweit zu helfen, sollten Deutschland 
und die EU eine effiziente internationale Arbeitsteilung anstreben: Die Nachbarstaaten der Krisenregionen werden 
noch stärker, als es heute ohnehin schon der Fall ist, für die Aufnahme der Flüchtlinge verantwortlich. Im Gegenzug 
verpflichten die reichsten Staaten der Erde in der EU und anderswo sich dazu, vollständig für alle materiellen 
Folgekosten der Flüchtlingsaufnahme aufzukommen, die den meist armen Nachbarstaaten der Fluchtländer 
entstehen. Zusätzlich werden einige besonders Bedürftige von dort legal in die reichen Länder umgesiedelt.
Beispielsweise kann die Türkei mit viel geringerem Aufwand die kulturell und geografisch nahen Syrer aufnehmen - 
die EU hat die Mittel, dies massiv zu unterstützen und muss deshalb für Finanzhilfen, Wohnungs- und 
Wirtschaftsförderungen aktiv sein. Die heimatnahe Ansiedlung etwa von Afghanen in Pakistan oder von Somaliern 
in Uganda ist vorteilhaft, weil die Kontakte zur Herkunftsregion eher erhalten bleiben, was eine Rückkehr nach 

Vorrang für Hilfe vor Ort Seit fünf Jahren besteht ein EU-Abkommen mit der Türkei: Ankara nimmt Migranten 
auf und bekommt finanzielle Unterstützung. Dieses Mode....
Wegfall der Verfolgungssituation oder einem Ende des Krieges erleichtert. Die Aufgabe der EU wäre es, nicht nur 
die Lager vollständig zu finanzieren, sondern auch ausländische Direktinvestitionen in die Aufnahmeregionen zu 
fördern, westliche Unternehmen beim Aufbau von Produktionsstätten in diesen oft armen Staaten zu begleiten und 
sich an der Berufsausbildung zu beteiligen.
Um einmal das materielle Potenzial zu illustrieren, das bei einem Paradigmenwechsel der Flüchtlingspolitik - weg 
von der illegalen Migration, hin zur massiven Unterstützung der Nachbarstaaten - frei würde, seien einige Zahlen 
genannt. Die UN-Flüchtlingsorganisation erhält von der internationalen Gemeinschaft jährlich rund acht Milliarden 
Euro, um mehr als 20 Millionen Flüchtlinge in aller Welt zu unterstützen. Das entspricht ungefähr den Ausgaben 
Deutschlands für die Betreuung von rund 60.000 sogenannten unbegleiteten minderjährigen Ausländern (UmA) in 
den Jahren 2016 und 2017. Wohl mehr als neunzig Prozent der weltweiten Ausgaben für Flüchtlinge kommen 
jenen zehn Prozent der Schutzsuchenden zugute, die überwiegend illegal in die wohlhabendsten Staaten 
weiterreisen.
Die aktuelle deutsche Flüchtlingspolitik mit ihrer Fokussierung auf die Ansiedlung im eigenen Staatsgebiet ist vor 
allem deswegen strukturell ineffizient, weil sie das eigentliche Ziel, nämlich Schutzsuchenden Verfolgungsfreiheit 
und Sicherheit zu ermöglichen, zwangsläufig übererfüllt. Fast jeder Flüchtling, der es schafft, aus seinem 
Erstzufluchtsstaat weiter in die EU und dann nach Deutschland zu reisen und hier als schutzberechtigt anerkannt 
wird, erhält neben seiner Sicherheit quasi automatisch eine enorme Verbesserung seines materiellen 
Lebensstandards. Nicht nur gegenüber seiner elenden Lage als Flüchtling, sondern auch gegenüber seinem 
Wohlstandsniveau vor Eintritt des Fluchtgrundes, also bevor die Verfolgung oder Vertreibung begann. Diese 
Ineffizienz der aktuellen Flüchtlingspolitik wird dadurch gesteigert, dass auch jene unerlaubt eingereisten 
Schutzsuchenden, deren Anträge abgelehnt werden - das ist die Mehrheit - meist ebenfalls von diesen massiven 
Wohlstandsgewinnen profitieren. Und zwar weil sie überwiegend nicht abgeschoben werden und weil die politisch 
Verantwortlichen über die vergangenen Jahrzehnte eine Rechtslage in Deutschland und der EU geschaffen haben, 
die eine rasche Angleichung der Sozialstandards für alle Menschen auf einem Staatsgebiet vorschreibt.
Es ist zweifellos auch eine große Leistung, dass die Bundesregierung durch ihre Politik - und die Gesellschaft durch 
ihre Aufnahmebereitschaft - das konkrete Leben von so vielen Menschen verbessert, ihnen neue Perspektiven, 
Beschäftigungs- und Bildungschancen eröffnet. Eine moralische Verpflichtung, Flüchtlingen neben dem Schutz vor 
Verfolgung auch zusätzlich einen höheren Lebensstandard als vor dem Eintreten ihrer Verfolgungsbedrohung zu 
bieten, gibt es aber nicht. Streng genommen hat die Bundesrepublik in den vergangenen Jahren kaum jemanden 
direkt vor Krieg und Verfolgung gerettet, sondern mehr als eineinhalb Millionen aus Österreich und anderen 
Nachbarstaaten kommende Menschen als Schutzsuchende aufgenommen. Eine effiziente Flüchtlingspolitik könnte 
allerdings mit demselben finanziellen Einsatz wie bisher zur Verbesserung der Lebensbedingungen von vielfach 
mehr Menschen beitragen, die aus ihrer Heimat flohen.
Aus den dutzenden UN-Lagern in aller Welt könnte Deutschland anstatt wie bisher nicht nur rund 7000 Flüchtlinge 
pro Jahr im Rahmen legaler humanitärer Migration einfliegen - sondern deutlich mehr. Stattdessen nimmt die 
Bundesrepublik ihre Verantwortung für die weltweiten Flüchtlinge vor allem so wahr, dass sie abwartet, wer solvent, 
gesund und forsch genug ist, unerlaubt über viele Grenzen hinweg einzureisen, um diese Menschen dann meist 
dauerhaft zu ""integrieren"", darunter weniger als die Hälfte mit einem Schutzgrund. Besonders schlau ist das nicht. 
In der Bevölkerung würde ein Paradigmenwechsel in der Flüchtlingspolitik wohl auf Zustimmung stoßen. Auf die 
Frage von Infratest-Dimap, ob ""die unerlaubte Einreise von Asylsuchenden in die EU künftig weitgehend verhindert, 
dafür im Gegenzug aber mehr Schutzbedürftige direkt aus Krisenregionen in die EU eingeflogen werden"" sollten, 
antworteten im vergangenen Jahr 59 Prozent zustimmend und nur 30 Prozent ablehnend. 11 Prozent waren 
unschlüssig.
Der hier skizzierte Vorschlag, der Gedanken von Alexander Betts, Paul Collier, Gerald Knaus und David Ricardo 
aufgreift, hätte natürlich auch erhebliche Folgeprobleme. Denn was geschähe ganz konkret mit Schutzsuchenden, 
die aus ihren dann intensiv unterstützten Nachbarstaaten trotzdem unerlaubt in die EU weiterreisen? Hier müssten 
wirksame Rücknahmeabkommen mit den Erstaufnahmestaaten ausgehandelt werden, die dann auch eingehalten 
werden. Letzteres ist eine der Schwächen der vor fünf Jahren beschlossenen EU-Türkei-Erklärung. Zwar versucht 
Vorrang für Hilfe vor Ort Seit fünf Jahren besteht ein EU-Abkommen mit der Türkei: Ankara nimmt Migranten 
auf und bekommt finanzielle Unterstützung. Dieses Mode....
die Küstenwache des Bosporusstaates seither, im Gegenzug für die EU-Milliarden viele Flüchtlinge und andere 
Migranten von der Überfahrt abzuhalten. Aber sobald dies gelingt, nimmt die Türkei sie nur höchst selten wieder 
aus Griechenland zurück, seit der Corona-Krise verweigert sie vollständig die Rücknahme.
Einfache Lösungen für einen Wandel hin zu einer langfristig verantwortlichen und effizienten Flüchtlingspolitik gibt 
es nicht. Wir müssen die komplizierten nehmen.
 marcel.leubecher@welt.de (marcel.leubecher@welt.de) 
Original Gesamtseiten-PDF"
2021-03,Main Corpus,2021-03(50).ZIP,Was anerkannte Flüchtlinge nach Deutschland treibt Auch viele Asylberechtigte verlassen Griechenland.PDF,C:\PythonProjects\AfD-project\Corpora\Main Corpus\2021-03\raw_unarchive\Was anerkannte Flüchtlinge nach Deutschland treibt Auch viele Asylberechtigte verlassen Griechenland.PDF,Was anerkannte Flüchtlinge nach Deutschland treibt Auch viele Asylberechtigte verlassen Griechenland. Über,was anerkannte flüchtlinge nach deutschland treibt auch viele asylberechtigte verlassen griechenland über,Die Welt,die welt,Dienstag 9. März 2021,Marcel Leubecher,Politik; S. 5; Ausg. 57,1085,8102,b236d51b1f3da5b478cf7398bfd63a2be140dcc6,,unique,keep,,no,,no,,,9736,no,,,,,"Die Schlagzeile ""Schwangere zündet sich in griechischem Flüchtlingslager selbst an"" war schockierend. Der Fall 
machte - scheinbar - einmal mehr deutlich, wie menschenunwürdig die Lebenssituation im Lager auf der Insel 
Lesbos sei. Die Internetportale von ""Spiegel"", ""Focus"" und ""taz"" etwa brachten die Geschichte. Auch der Sender 
RTL berichtete über den ""Albtraum"".
Eine 26-jährige Afghanin dachte demnach fälschlicherweise, dass ihr Ausreiseantrag nach Deutschland abgelehnt 
worden sei. Tatsächlich hatten die zuständigen Behörden die im achten Monat schwangere Frau gebeten, sich bis 
zur Geburt ihres Kindes weiter in Griechenland aufzuhalten. Doch das soll sie offensichtlich missverstanden haben. 
Den Medienberichten zufolge zündete sie daraufhin am 21. Februar ihr Zelt und sich selbst an. Andere Bewohner 
des Lagers sowie Polizei und Feuerwehr konnten die Flammen zwar löschen. Es wurde aber nicht verhindert, dass 
die Frau mehrere Brandwunden erlitt.
In Wirklichkeit hat sich der Fall völlig anders abgespielt, wie aus einem Schreiben der Bundespolizei dazu 
hervorgeht, das WELT vorliegt. So machte ein Verbindungsbeamter der deutschen Behörde vom 23. bis 24. 
Februar ""im Rahmen der dort stattfindenden Relocation-Maßnahmen"" eine gemeinsame Dienstreise nach Lesbos 
mit dem Beauftragten für Flucht und Migration der Deutschen Botschaft in Athen. Dabei gingen die beiden Beamten 
auch dem Fall der angeblichen Selbstanzündung nach.
Das Ergebnis: ""Nach Informationen, die Vertretern der Internationalen Organisation für Migration (IOM) vorliegen, 
und laut Fotos der Verletzungen handelt es sich nach Einschätzung des Beauftragten für Flucht und Migration um 
einen gewöhnlichen Kochunfall - hauptsächlich Verbrennungen an den Armen"", schreibt die Bundespolizei in ihrem 
Bericht.

Was anerkannte Flüchtlinge nach Deutschland treibt Auch viele Asylberechtigte verlassen Griechenland. Über 
die Lage dort gab es zuletzt Falschmeldungen
Es ist nicht das erste Mal, dass sich zu den zahlreichen Hinweisen von Hilfsorganisationen über Missstände in 
Griechenland Übertreibungen gesellen. So hatte Entwicklungsminister Gerd Müller (CSU) in einem Interview im 
Dezember behauptet, die Versorgung auf der Insel Lesbos sei inzwischen noch prekärer als in dem alten, 
abgebrannten Lager Moria: ""Das neue Lager Kara Tepe ist offensichtlich nicht besser - im Gegenteil: Ärzte ohne 
Grenzen musste jetzt eine Tetanus-Impfaktion starten, weil Babys in nassen Zelten von Ratten gebissen werden.""
Die griechische Regierung dementierte umgehend, auch die Task-Force für Lesbos schrieb an die 
Bundesregierung: ""Die kürzlich in einigen Medien erschienenen Berichte über Rattenbisse an Kindern konnten 
nicht bestätigt werden."" Kara Tepe lasse ""sich in keiner Hinsicht mit dem vorigen Camp in Moria vergleichen, die 
Bedingungen sind ungleich besser"".
Anders als die EU-Kommission halten viele Hilfsorganisationen und Fachbeamte die Lage auf Lesbos aber immer 
noch für prekär. Laut internen Einschätzungen aus dem Bundesamt für Migration und Flüchtlinge (BAMF) entspricht 
die Unterbringung dort zwar inzwischen dem internationalen Standard für Flüchtlingscamps - aber immer noch nicht 
durchgängig dem europäischen Mindestniveau.
Nach der Zerstörung des völlig überfüllten Lagers Moria war das provisorische Lager errichtet worden. Bald soll die 
""Übergangslösung"" durch neue EU-finanzierte Zentren ersetzt werden. Griechenland erhält seit Jahren massive 
Unterstützung von außen: Mehr als 2,6 Milliarden Euro flossen seit 2016 allein aus EU-Töpfen für die 
Unterbringung der Migranten und deren Asylverfahren an Athen. Das ist im Verhältnis zur Zahl der 
Aufgenommenen mehr, als jedes andere Land weltweit pro Kopf bekommen hat.
Auf den griechischen Inseln musste Athen in den vergangenen Jahren meist um die 20.000 Migranten versorgen. 
Anders als häufig behauptet werden die meisten Migranten nach einigen Monaten aufs Festland gebracht. Von dort 
sind seit Langem unerlaubte Migrationsbewegungen nach Norden zu beobachten.
So waren auch im Jahr 2020 die Hauptherkunftsstaaten der insgesamt 103.000 Asylerstantragsteller in 
Deutschland: Syrien, Afghanistan, der Irak und die Türkei. Migranten dieser Nationalitäten reisen überwiegend über 
Griechenland in andere EU-Länder.
Zur unerlaubten Weiterreise von Asylbewerbern gesellt sich ein neues Phänomen, über das WELT AM SONNTAG 
berichtete: Aktuell lassen sich monatlich rund 1000 in Griechenland bereits anerkannte Flüchtlinge in Deutschland 
nieder. Ihre Einreise ist grundsätzlich legal; nach der aktuellen europäischen Rechtslage dürfen in einem EU-Staat 
anerkannte Flüchtlinge in der Regel in andere Mitgliedstaaten reisen - falls sie sich nicht länger als 90 Tage pro 
Halbjahr dort aufhalten wollen.
Dieses Schlupfloch nutzten im Januar und Februar dieses Jahres rund 2100 in Griechenland schon anerkannte 
Flüchtlinge, um beim BAMF weitere Asylanträge zu stellen. Trotzdem werden sie nicht zurückgebracht. Ihre 
Anträge werden zunächst gar nicht bearbeitet - laut der Behörde gilt dieser ""Entscheidungsstopp"" schon seit 
Dezember 2019. Hintergrund dieses Vorgehens ist die mangelhafte Versorgung für anerkannte Flüchtlinge in 
Griechenland.
Mehrere Verwaltungsgerichte entschieden: In Griechenland bestehe die Gefahr unmenschlicher Behandlung; viele 
Flüchtlinge seien von Obdachlosigkeit bedroht. Erklärungen, warum seit vergangenem Sommer die Zuwanderung 
von in Griechenland Anerkannten deutlich zunimmt, finden sich in einem WELT vorliegenden vertraulichen Bericht 
der Sicherheitsbehörden zur illegalen Migration: Die griechische Regierung setze ""seit 1. Juni die im Januar in Kraft 
getretene Regelung"" durch, ""wonach anerkannte Flüchtlinge nicht länger in ihren bislang bereitgestellten 
Unterkünften verbleiben dürfen"".
Zwar gibt es auch dann die Möglichkeit, eine geringe Sozialhilfe zu beantragen. Doch die Regierung verlangt, dass 
anerkannte Flüchtlinge sich selbst Wohnungen suchen und ihren Lebensunterhalt sichern. In Griechenland ist eine 
durchgängige soziale Mindestsicherung, die für einen halbwegs normalen Lebensstandard samt Wohnung sorgt, 
nicht existent. Auch nicht für Griechen, die länger als zwölf Monate arbeitslos sind.
Was anerkannte Flüchtlinge nach Deutschland treibt Auch viele Asylberechtigte verlassen Griechenland. Über 
die Lage dort gab es zuletzt Falschmeldungen
In dem Mittelmeerland wird davon ausgegangen, dass Langzeitarbeitslose vor allem von Familienmitgliedern 
unterstützt werden. Bei Flüchtlingen, die keine Jobs finden, fehlen diese privaten Netzwerke aber oft. Deswegen 
hausen viele trotz eines bewilligten Asylantrags in den Lagern auf den Inseln; oder sie setzen doch durch, dass sie 
noch etwas in den Asylbewerberlagern auf dem Festland bleiben dürfen.
Fall sie endgültig ausziehen müssen und keine Jobs finden, können sie sich an das EU-geförderte Programm 
Helios für anerkannte Flüchtlinge wenden. Helios übernimmt einen Teil der Miete, bietet Integrationskurse und Hilfe 
bei der Arbeitssuche. Doch es hat nur begrenzte Aufnahmekapazitäten, sodass einige durchs Raster in die 
Obdachlosigkeit fallen.
Migrantenorganisationen beklagen, dass bürokratische Hürden viele Flüchtlinge daran hinderten, die reguläre 
griechische Sozialhilfe in Anspruch zu nehmen. Etwa weil sie keine Steuernummer oder kein Konto haben, weil 
man dazu einen Wohnsitz angeben müsse. Auf diesen Vorwurf entgegnet Griechenlands Migrationsminister Notis 
Mitarakis stets, dass jeder eine Steuernummer beantragen und ein Konto eröffnen dürfe. Und jeder 
Schutzberechtigte bekomme mindestens 30 Tage vor seinem Auszug aus dem Asylheim eine Mitteilung, dass er 
sich darum kümmern müsse.
Die Bundesregierung hat schon mehrmals die griechische Seite aufgefordert, die Lebensbedingungen für die 
Anerkannten zu verbessern. Klar scheint jedenfalls: Die Weiterwanderung von Asylbewerbern und Flüchtlingen 
innerhalb der EU kann kaum verhindert werden, solange die Grenzen recht durchlässig sind und das 
Sozialleistungsniveau sehr unterschiedlich.
Weiterwanderung kann kaum verhindert werden
Original Gesamtseiten-PDF"
2021-03,Main Corpus,2021-03(50).ZIP,Weit unter der Obergrenze Merkel-Berater sieht Möglichkeit für Aufnahme von neuen Flüchtlingen in De.PDF,C:\PythonProjects\AfD-project\Corpora\Main Corpus\2021-03\raw_unarchive\Weit unter der Obergrenze Merkel-Berater sieht Möglichkeit für Aufnahme von neuen Flüchtlingen in De.PDF,Weit unter der Obergrenze Merkel-Berater sieht Möglichkeit für Aufnahme von neuen Flüchtlingen in,weit unter der obergrenze merkelberater sieht möglichkeit für aufnahme von neuen flüchtlingen in,Berliner Zeitung,berliner zeitung,18. März 2021,,POLITIK; S. 4,1343,9477,c5a50bb6677a07716281ce7a17b434c4e33837db,,unique,keep,,no,,no,,,10930,no,,,,,"Der Migrationsforscher und Berater von Bundeskanzlerin Angela Merkel, Gerald Knaus, fordert eine Rückkehr zur 
Rechtsstaatlichekeit in der europäischen Migrationspolitik. 
Herr Knaus, wie ist die Lage der Flüchtlinge aktuell, die nach Europa wollen?
Seit Jahrzehnten kommen aus Afrika im Jahr durchschnittlich weniger als 50.000 Menschen irregulär über das 
Mittelmeer in die EU, abgesehen von den wenigen Ausnahmejahren zwischen 2014 und 2017. Dabei kamen jedes 
Jahr sehr viele Menschen ums Leben. Der Eindruck einer Masseneinwanderung ist ein populistischer Mythos. Eine 
Situation wie in den zwölf Monaten vor der EU-Türkei-Erklärung in der Ägäis, als eine Million Menschen kamen, 
gab es seit dem Zweiten Weltkrieg im Mittelmeer noch nie. Es war eine Ausnahmesituation.
2020 ertranken über 800 irreguläre Migranten im gesamten Mittelmeer. Das sind weniger als zwischen 2014 und 
2017, als 14.000 ertranken, doch es sind immer noch zu viele. 2019 kamen insgesamt nur noch 100.000 über das 
gesamte Mittelmeer. Doch fast jeder, der es nach Europa schafft, bleibt. Denn es gibt kaum Abschiebungen. 
Deshalb setzen viele in der EU derzeit auf Abschreckung: Die EU arbeitet seit Jahren in Libyen mit Institutionen 
zusammen, die Menschen misshandeln. Auf den griechischen Inseln werden Menschen in unwürdigen 
Verhältnissen untergebracht. An der kroatisch-bosnischen Grenze und in der Ägäis werden Menschen illegal 
zurückgestoßen, ohne jedes Verfahren. Wir erleben damit eine Aushöhlung der Genfer Flüchtlingskonvention, 
deren Kern die Nichtzurückweisung von Schutzsuchenden ist.Gibt es irgendeinen legalen Weg, um nach Europa zu 
kommen?
Manche (westliche) Staaten nehmen im Rahmen des von UNHCR organisierten Neuansiedlungsprogramms 
(Resettlement) jedes Jahr Flüchtlinge direkt aus Krisengebieten auf. Diese durchlaufen zuvor ein Verfahren und 
erhalten bei ihrer Ankunft Integrationshilfen. Doch von 126.000 Menschen im Jahr 2016 ist diese Zahl auf zuletzt 
23.000 gefallen. Deutschland nahm im vergangenen Jahr 1400 Menschen auf, das Ziel waren 5000. Eine humane 
Vision wäre, mehr reguläre und viel weniger irreguläre Mobilität zu haben. Wir sollten Neuansiedlungsprogramme 
ausbauen, damit sich weniger Menschen in die Hände von Schleppern begeben. Dabei könnten wir uns ein 
Beispiel an Kanada nehmen, das seit Jahren erfolgreiche Neuansiedlungsprogramme in Verbindung mit 
Patenschaften durchführt. Das erleichtert auch die Integration. Zusätzlich sollte die EU, wie bereits im Globalen 
Pakt für Flüchtlinge der Vereinten Nationen 2018 festgelegt, die Hilfe für Flüchtlinge in Erstaufnahmeländern 

Weit unter der Obergrenze Merkel-Berater sieht Möglichkeit für Aufnahme von neuen Flüchtlingen in 
Deutschland
ausbauen.Welche Folgen werden Einschränkungen wie der Impfpass haben? Wird damit das Asylrecht 
ausgehebelt?
Das Asylrecht gilt unabhängig vom Impfstatus. Es kann jedoch so wie derzeit für EU-Bürger auch Einschränkungen 
der Bewegungsfreiheit geben. Mit der zunehmenden Verfügbarkeit von Impfstoffen im Lauf des Jahres wird es auch 
leichter werden, Asylantragssteller zu impfen, dies wird für andere Krankheiten wie z.B. Hepatitis oder Diphterie 
bereits getan.Wie hat sich der Pakt mit der Türkei bewährt?
In den zwölf Monaten vor dem Abschluss der EU-Türkei-Erklärung am 16. März 2016 erreichten eine Million 
Flüchtlinge und Migranten auf Booten eine der griechischen Inseln nahe der Türkei. Mehr als 1100 verloren auf 
dieser gefährlichen Reise ihr Leben. In den zwölf Monaten danach kamen 26.000 auf griechischen Inseln an und 
81 starben. Die Erklärung sah vor, dass Griechenland Asylsuchende nach einer individuellen Prüfung ihres Falles 
in die Türkei zurückschickt, wenn die Türkei als sicher für sie angesehen wird oder wenn sich herausstellt, dass sie 
gar keinen Schutz benötigen. Im Gegenzug versprach die EU, die 3,6 Millionen Flüchtlinge in der Türkei mit 6 
Milliarden Euro in vier Jahren zu unterstützen. Die EU-Mitgliedstaaten verpflichteten sich außerdem, gefährdete 
syrische Flüchtlinge aus der Türkei umzusiedeln und haben seit 2016 28.000 Menschen eine neue Heimat 
geboten.Hat die EU alles bezahlt, was sie versprochen hat?
Die gesamten 6 Milliarden Euro, die im Rahmen der EU-Türkei-Erklärung versprochen wurden, waren Ende 2019 
vertraglich zugesichert. Von den versprochenen 6 Milliarden Euro waren bis Ende 2020 4 Milliarden Euro für 
humanitäre Hilfe, Bildung und Gesundheitsversorgung für Flüchtlinge ausgegeben.
Insgesamt 2 Milliarden Euro wurden für die Auszahlung von Sozialhilfe an besonders Hilfsbedürftige zugesagt. 
Davon profitieren derzeit 1,8 Millionen Flüchtlinge in der Türkei. Der Großteil von ihnen sind kinderreiche Familien 
bzw. Familien mit alten und behinderten Haushaltsmitgliedern. Zusätzlich erhalten 750.000 Schulkinderkinder 
monatlich finanzielle Hilfe. Damit werden Eltern angehalten, ihre Kinder zur Schule zu schicken und nicht zur Arbeit. 
Es ist das größte humanitäre Projekt in der Türkei und der bei weitem größte Betrag ein Drittel der gesamten EU-
Hilfe der für Flüchtlinge ausgegeben wird. Bis Januar 2021 wurden mit den EU Geldern insgesamt 365 Schulen 
gebaut, manche sind noch in der Bauphase, und zusätzliches Training für 170.000 Lehrer finanziert. Im Schuljahr 
2020/2021 besuchten insgesamt 770.924 Flüchtlinge öffentliche Schulen in der Türkei. 80 Prozent der Kinder 
zwischen 6 und 14 Jahren gehen zur Schule. Das ist ein weitaus größerer Prozentsatz als im weltweiten Vergleich 
von Flüchtlingen, wo um die 60 Prozent zur Schule gehen.
Bis Januar 2021 finanzierte die EU 177 Gesundheitszentren für Migranten und stellte insgesamt 3,400 Personen im 
gesundheitspersonal ein. Vorwiegend syrische Ärzte und Krankenschwestern leisten hier medizinische 
Grundversorgung für Flüchtlinge, aber auch für die lokale Bevölkerung. Es wurden über 4 Millionen Impfungen an 
Babys und Schwangere verabreicht. Dennoch laufen viele Projekte aus, vor allem im Bildungsbereich. Ende 2019 
waren alle Verträge für die 6 Milliarden Euro abgeschlossen.Wie viele Flüchtlinge gibt es in der Türkei aktuell?
Anfang 2021 lagen die offiziellen Zahlen der in der Türkei lebenden Syrer und temporären Schutz bei 3,6 Millionen. 
Eine Zahl, so groß wie die Gesamtbevölkerung Moldawiens oder Berlins.
Die Zahl wird weiterwachsen, schon allein wegen der circa 100.000 syrischen Kinder, die derzeit im Schnitt pro 
Jahr geboren werden. Am 17. Dezember 2019 sprach Präsident Recep Tayyip Erdogan von 516.000 syrischen 
Babys, die seit 2012 in der Türkei geboren wurden. Das bedeutet, die Türkei wird weiterhin Kosten haben und EU-
Hilfe wird weiterhin gebraucht.Wie könnte ein neuer Pakt der EU mit der Türkei aussehen?
Eine Neuauflage der Erklärung muss die Unzulänglichkeiten der ersten Erklärung beheben und auf den Erfolgen 
der ersten Erklärung aufbauen. Dies sollte eine fortgesetzte Unterstützung für syrische Flüchtlinge in der Türkei, 
einen stärkeren Fokus auf syrische Binnenvertriebene in Syrien, eine fortgesetzte Unterstützung für Asylsuchende 
und Flüchtlinge in Griechenland und menschenwürdige Aufnahmebedingungen auf den griechischen Inseln 
sicherstellen. Um dies zu erreichen, sind schnelle Asylverfahren nach europäischen Standards, mehr 
Rückführungen in die Türkei und glaubwürdige Überwachungsmechanismen erforderlich. Die EU-Mitgliedstaaten 
Weit unter der Obergrenze Merkel-Berater sieht Möglichkeit für Aufnahme von neuen Flüchtlingen in 
Deutschland
sollten auch das Versprechen einlösen, eine beträchtliche Anzahl von Flüchtlingen direkt aus der Türkei auf 
freiwilliger Basis umzusiedeln.Was sollte Deutschland tun, um den Deal voranzubringen?
Deutschland, Frankreich und andere haben ein Interesse daran irreguläre Migration zu reduzieren, aber nicht um 
den Preis der Aufgabe von Rechtsstaatlichkeit und der Menschenwürde. Entscheidend ist ein Dreiklang aus 
schnellen und fairen Asylverfahren, strategischen Abschiebungen und großzügiger Hilfe für Erstaufnahmeländer. 
Das deutsche Bundesamt für Migration und Flüchtlinge (BAMF) hat seit 2015 eine unglaubliche Expertise 
aufgebaut und könnte diese mit anderen europäischen Asylbehörden bündeln, um nationale Behörden auf den 
griechischen Inseln, auf Malta oder in Spanien dabei zu unterstützen, um bei niedrigen Ankunftszahlen binnen 
Wochen Entscheidungen zu treffen. Die Alternative dazu sehen wir heute: inhumane Bedingungen und illegales 
Zurückstoßen von Flüchtlingen.Soll oder kann Deutschland aktuell Flüchtlinge aufnehmen?
Laut BAMF gewährte Deutschland im vergangenen Jahr bei 143.000 Entscheidungen insgesamt 62.000 Menschen 
Schutz. Das liegt weit unter der 2017 von Bundesinnenminister Seehofer verkündeten Obergrenze von 200.000 
Flüchtlingen pro Jahr. In Zukunft sollten daher Neuansiedlungen eine wichtige Rolle spielen, wie in den zwei 
Jahrzehnten nach 1979 in Südostasien zur Zeit der Bootsflüchtlinge. Kanada ist hier einer der wichtigsten Akteure 
weltweit bei Neuansiedlungen, mit jährlich 30.000 die direkt aus Erstaufnahmeländern aufgenommenen 
Flüchtlingen, davon allein 20.000, also 0,05 Prozent der kanadischen Bevölkerung, im Rahmen privater 
Patenschaften, in denen sich Bürger, Kirchen, Vereine und Gemeinden engagieren. Für Deutschland wären dies 
gut 45.000 Menschen im Jahr. Kanada zeigt: Das Engagement von Bürgern hilft bei der Integration. Es geht nicht 
um eine einmalige Aktion, sondern um ein humanes System Kontrolle und Solidarität weltweit zu stärken.
Das Gespräch führte 
Michael Maier."
2021-03,Main Corpus,2021-03(50).ZIP,"Wenn man aus Sarajevo kam, war Landau in der Pfalz ein Kaff   und ich verliebte mich Tijan Sila Deut.PDF","C:\PythonProjects\AfD-project\Corpora\Main Corpus\2021-03\raw_unarchive\Wenn man aus Sarajevo kam, war Landau in der Pfalz ein Kaff   und ich verliebte mich Tijan Sila Deut.PDF","Wenn man aus Sarajevo kam, war Landau in der Pfalz ein Kaff und ich verliebte mich Tijan Sila Deutsches",wenn man aus sarajevo kam war landau in der pfalz ein kaff und ich verliebte mich tijan sila deutsches,"taz, die tageszeitung",taz die tageszeitung,Freitag 05. März 2021,Tijan Sila,SCHWERPUNKT; S. 9,554,3688,1fd9673324ace77580788ea308bf190e7bd14962,,unique,keep,,no,,no,,,4586,no,,,,,"Tijan Sila
Deutsches Eck
Deutsche haben ein falsches Bild von Flüchtlingen: Sie glauben, dass wer vor Krieg nach Deutschland flieht, hier 
bei der Ankunft vor lauter Zivilisation gar nicht mehr aus ehrfürchtigem Staunen kommt. Aber stellt euch vor, ihr 
müsstet aus Sarajevo nach Landau fliehen? Nach Landau in der Pfalz?
Ohne es in Worte fassen zu können, wusste ich schon als Kind, dass Sarajevo ein besonderer Ort ist die 
Hauptstadt des einzigen Grenzlands zwischen Orient und Okzident, multikulturell, von hypnotischer Schönheit und 
sich der eigenen Bedeutsamkeit sehr bewusst. Dort aufzuwachsen machte zum Snob; nach unserer Ankunft in 
Landau plagte ich meine Eltern mit Vorwürfen: Wieso sie uns in dieses langweilige Kaff hätten bringen müssen, 
wieso nicht nach New York?
Während Sarajevo ein Ort war, an dem sogar Weltkriege anfingen, war Landau vor allem dafür bekannt, dass sich 
Harald Schmidt irgendwann in den 90ern darüber lustig machte: Die dicken Kinder von Landau, hihi.
Klein und diskret, so war Landau. Aber es war weder bescheiden noch langweilig, und am Ende verliebte ich mich.
Der berühmteste Sophismus der Literaturgeschichte lautet, dass all die glücklichen Familien einander ähneln, die 
unglücklichen aber auf ihre jeweils eigene Art unglücklich sind. Tolstoi kannte nicht die ganzen bosnischen 
Familien, die in den 90ern in Deutschland auf ihre Abschiebungen warteten: Jede verblutete langsam an derselben 
Wunde an einem Herzdurchschuss. Sie alle trauerten um ermordete Familienmitglieder und Freunde, um das 
amputierte Leben. Als Kind solch einer Familie war man einerseits vom Krieg traumatisiert, andererseits jedoch 
damit weitgehend auf sich alleine gestellt. Trauer, Arbeitslosigkeit und das Grauen der Behördengänge forderten 
den Eltern alles ab, also lungerten die Kinder rum. Ich tat es in der Pfalz.

Wenn man aus Sarajevo kam, war Landau in der Pfalz ein Kaff und ich verliebte mich Tijan Sila Deutsches 
Eck
Die Pfalz (und insbesondere Landau) war nicht jene brave Provinz, die Großstädter abfällig imaginieren; die Pfalz 
war nicht das Brandenburg eines ZDF-Films. Durch die Nähe zur französischen Grenze war Landau ein 
berüchtigter Umschlagplatz für Drogen, meine Gleichaltrigen waren am Wochenende mit vor Amphetaminen 
geblähten Nasen unterwegs, insbesondere, wenn es auf Auswärtsspiele des 1. FCK ging. Ihre robuste 
Abenteuerlust ähnelte jener von Sarajevoer Heranwachsenden, die mit derselben barbarischen Vorfreude den 
Derbys gegen die verhassten Belgrader Vereine entgegenfieberten. Aber auch in anderer Hinsicht waren die 
Landauer Jugendlichen uns Bosniern sehr ähnlich: Sie waren ebenso identitätsbewusst wie wir, und genau wie wir 
sprachen sie einen Dialekt, für den sie außerhalb ihrer Heimat verachtet wurden manchmal auch mit provokanter 
Lust, etwa wenn irgendwelche steifen Badenser im Zugabteil (oder kroatische Hotelangestellte an der Adria) die 
Nase rümpfen. Für mich gibt es bis heute kein schöneres Deutsch als den mit Romanismen besprenkelten 
Singsang meiner Pfälzer Freunde.
Ich habe oft zurückgeblickt und mich gewundert, was verhindert hat, dass mein Herumlungern wie bei vielen 
anderen in Drogen und Autoknackerei mündete. Ich kam wohl an den richtigen Ort. An einen, zu dem ich gut 
passte. Immer wieder fragen mich Menschen, wieso ich als Schriftsteller nicht in Berlin lebe (denn offenbar macht 
man das so). Doch was soll ich in Berlin, wenn all meine Freunde hier sind, wenn ich einen Ort habe, an dem ich 
mich aufrichtig beheimatet fühle, an dem ich nie das Gefühl habe, ausgesondert zu sein, und an dem ich mich nur 
schämen muss, wenn ich etwas verbockt habe, niemals aber dafür, wer ich bin?
Eben."
2021-03,Main Corpus,2021-03(50).ZIP,Wie die EU würdevolle Politik machen kann.PDF,C:\PythonProjects\AfD-project\Corpora\Main Corpus\2021-03\raw_unarchive\Wie die EU würdevolle Politik machen kann.PDF,Wie die EU würdevolle Politik machen kann,wie die eu würdevolle politik machen kann,Frankfurter Rundschau,frankfurter rundschau,Donnerstag 25. März 2021,,FR-FORUM; S. 32,214,1409,12f11b4aeaef6e7ebaff9df1b702974738438957,,unique,keep,,no,,no,,,2284,no,,,,,"Nach zehn Jahren Syrienkrieg: 6,6 Mio. Flüchtlinge weltweit, davon 5,6 Mio. in den Nachbarländern, dazu 6,7 Mio. 
Binnenvertriebene in Syrien, elf Mio. in Syrien auf Hilfe angewiesen. Wie wichtig Hilfe durch die EU für die 
Betroffenen in Syrien selbst und in den Nachbarländern ist, ist von seiner Bedeutung her noch längst nicht 
genügend bewusst. So gut es ist, dass auch die europäischen Länder Flüchtlinge aus Syrien aufgenommen haben, 
so ist es mindestens ebenso wichtig, die Menschen in ihrer Heimat oder der unmittelbaren Nähe zu unterstützen. 
Denn eigentlich wollen die meisten von ihnen nicht nach Europa, sondern in Sicherheit in der Nähe auf eine 
mögliche Rückkehr warten. Ihnen dort zu helfen – in Kooperation mit den aufnehmenden Ländern – durch eine 
menschenwürdige Unterbringung und Versorgung mit Lebensmitteln, Medizin und Bildung würde viel weniger 
kosten als eine sinnvolle Integration in Europa. Zugleich würde es den Menschen die Entfremdung von ihrer Heimat 
ersparen. Der UNHCR hat bisher z.B. dem Libanon viel Geld für Unterricht für die Kinder gegeben, das aber in 
korrupten Kanälen versickert ist. Eine private Organisation, die sich vorbildlich darum kümmert, ist Zeltschule e.V. 
Hier (nicht nur in der Türkei) wäre die EU mit sinnvollen Projekten gefordert, das wäre eine würdevolle Praxis 
europäischer Außenpolitik.
 Hans-Hermann Büchsel, Heidelberg
Link zum PDF-Dokument"
2021-03,Main Corpus,2021-03(50).ZIP,Wählerwanderung Die Haltung türkeistämmiger Deutscher hat sich verändert_ Lange konnte die SPD auf s.PDF,C:\PythonProjects\AfD-project\Corpora\Main Corpus\2021-03\raw_unarchive\Wählerwanderung Die Haltung türkeistämmiger Deutscher hat sich verändert_ Lange konnte die SPD auf s.PDF,Wählerwanderung Die Haltung türkeistämmiger Deutscher hat sich verändert: Lange konnte die SPD auf sie,wählerwanderung die haltung türkeistämmiger deutscher hat sich verändert lange konnte die spd auf sie,Der Tagesspiegel,der tagesspiegel,Dienstag 2. März 2021,Hans Monath,AGENDA FQT:SPÄT; S. 005; Ausg. Der Tagesspiegel Nr. 24466 VOM 02.03.2021 SEITE 005,943,6746,1a9e345a7776d8e56b662fac9f040ebe70a8946c,,unique,keep,,no,,no,,,7956,no,,,,,"Vor vier Jahren schien die sozialdemokratische Welt noch in Ordnung, zumindest für Aydan Özoguz. ""Die Union 
hat sich immer klar gegen Gastarbeiter und ganz konkret gegen Türken positioniert"", urteilte die damalige 
Staatsministerin und Beauftragte der Bundesregierung für Migration, Flüchtlinge und Integration vor der 
Bundestagswahl 2017.
Özoguz, zu diesem Zeitpunkt noch SPD-Vizechefin, konnte auf die Zustimmung der türkischen Community in 
Deutschland bauen. Die hatte noch bei der Bundestagswahl 2014 zu zwei Dritteln ihr Kreuz bei der SPD gemacht.
Doch eine dramatische Entwicklung hat in wenigen Jahren die Dominanz der SPD bei Deutschtürken gebrochen. 
Die Faustregel, wonach Spätaussiedler für die Union und Türkeistämmige für die SPD votieren, gilt nicht mehr.
Im Vergleich der Jahre 2015 bis 2019 büßt laut einer kürzlich veröffentlichten Studie von Viola Neu für die CDU-
nahe Konrad-Adenauer-Stiftung (KAS) die SPD bei den Türkeistämmigen massiv ein - von 50 auf nur noch 13 
Prozent. Die Union verliert bei russischstämmigen Migranten (Rückgang von 56 auf 29 Prozent), legt aber bei 
türkeistämmigen Migranten so stark zu (von 17 auf 53 Prozent), dass sie damit sogar den Wert der SPD von vor 
sechs Jahren überholt.
Die Gruppe ist ein wichtiger Faktor in der Politik - erst recht ein halbes Jahr vor der Bundestagswahl: Rund sieben 
Millionen Deutsche mit Migrationshintergrund sind wahlberechtigt, darunter rund 1,7 Millionen Türkeistämmige.
Die Zahlen der KAS-Studie seien womöglich ""etwas dramatisierend"", aber eine Verschiebung sei unübersehbar, 
sagt Haci-Halil Uslucan, Leiter des Essener Zentrums für Türkeistudien und Integrationsforschung. Es gebe ""bei 
den Türkeistämmigen eine beobachtbare Abwendung von der SPD"". Er verweist auf eine Studie des 
Sachverständigenrates für Integration und Migration von 2018. Schon die beschrieb, dass die Union bei 
Migrantinnen und Migranten zulasten der SPD gewann, und kam zu dem Schluss, Menschen mit 
Migrationshintergrund bevorzugten nicht mehr mehrheitlich Parteien links der Mitte.

Wählerwanderung Die Haltung türkeistämmiger Deutscher hat sich verändert: Lange konnte die SPD auf sie 
zählen, nun liegt die CDU bei ihnen vorne
Auch die SPD-Führung bestreitet die Tendenz nicht. ""Für die SPD müssen diese Zahlen ein Ansporn sein"", sagt 
Vizechefin Serpil Midyatli: ""Türkeistämmige Deutsche wählen uns längst nicht mehr automatisch, sondern 
verlangen zu Recht politische Angebote."" Und die Berliner SPD-Bundestagsabgeordnete Cansel Kiziltepe nennt die 
in der Studie aufgeführten Verluste ihrer Partei ""bedauerlich"".
Ein Faktor für den Umschwung, den sowohl Experten wie Parteivertreter nennen, ist Thilo Sarrazin. ""Die SPD hat 
sich lange Zeit einen Rassisten in ihrer Partei geleistet, der durch nichts anderes aufgefallen ist als durch seine 
Pöbeleien gegen Muslime und Türken"", meint Uslucan.
Auch Aziz Bozkurt, Bundesvorsitzender der Arbeitsgemeinschaft Integration und Vielfalt in der SPD, verweist unter 
anderem auf den Berliner Ex-Finanzsenator und Buchautor: Menschen mit Einwanderungsgeschichte und 
insbesondere Türkeistämmige seien enttäuscht, ""weil gerade von der SPD deutlich mehr erwartet wird als von 
anderen Parteien, weil sie die Partei unserer Großeltern und Eltern war und Diskussionen um Sarrazin eine grobe 
Verletzung des Vertrauensverhältnisses bedeuteten"".
Einen grundlegenden Wandel im Verhältnis der Deutschtürken zur CDU hat Serap Güler erlebt, Co-Vorsitzende 
des Netzwerks Integration der CDU. ""Als ich 2009 der CDU beigetreten bin, war es noch verpönt, vor allem in der 
türkischen Community, CDU-Mitglied zu sein. Das ist heute vollkommen anders"", sagt die Staatssekretärin im 
nordrhein-westfälischen Ministerium für Kinder, Familie, Flüchtlinge und Integration, die Tochter türkischer 
Einwanderer ist. Sowohl die Deutschtürken als auch die CDU hätten sich seither verändert. Für Migranten würden 
auch Themen wie Wirtschaftskompetenz oder Innenpolitik ""immer bedeutender"". Gleichzeitig sei die CDU ""stärker 
zu einer modernen Volkspartei geworden"". Auch viele Menschen mit Migrationsgeschichte schätzten Kanzlerin 
Angela Merkel, der das Wort ""Einwanderungsland"" ganz selbstverständlich über die Lippen komme.
Ähnlich sieht das Migrationsforscher Uslucan: ""Wenn die CDU das C nicht allzu stark macht, ist sie von ihrer 
Gesinnung sehr nahe bei einem Großteil der türkeistämmigen Bevölkerung"", meint er und verweist etwa auf 
gemeinsame traditionelle Vorstellungen von Religion, Brauchtum und Familie.
Sozialdemokrat Bozkurt hält eine ""Normalisierung"" der Deutschtürken für eine von vielen Ursachen der 
Entwicklung. ""Wieso soll ein ultrakonservativer Türkeistämmiger die progressive Familienpolitik der SPD gut 
finden?"", fragte er. Er setzt darauf, dass seine Partei dort Zustimmung gewinnt, wenn sie sich wieder klarer zur 
Einwanderungsgesellschaft bekennt und ""Vielfalt in den eigenen Reihen"" zum wichtigen Ziel erhebt. Gerade die 
Jahre 2015 bis 2019 - Untersuchungszeitraum der KAS-Studie - seien für die SPD schwierige Zeiten gewesen.
Leichter für die Sozialdemokraten im Wettstreit mit der Union um diese Gruppe wäre es wohl geworden, wenn die 
CDU Friedrich Merz zum Vorsitzenden gewählt hätte. Doch es kam anders. Armin Laschet ist nicht nur der 
politische Ziehvater von Serap Güler, sondern war 2005 auch erster Integrationsminister eines Bundeslandes. 
Seine offene Haltung in der Flüchtlings- und Integrationspolitik könnte einer der Gründe dafür sein, dass die 
türkische Community sich auch künftig von der CDU gut vertreten fühlt.
SPD-Vizechefin Midyatli sagt, sie sei trotzdem ""sehr zuversichtlich"", was den Zuspruch von Wählern mit 
Migrationshintergrund bei der Bundestagswahl angehe. Schließlich habe die SPD bei für sie wichtigen Themen wie 
dem Einsatz für den Doppelpass, dem Kampf gegen Rechtsterrorismus oder der Repräsentanz dieser Gruppe in 
Partei und Parlamenten ""große Fortschritte gemacht"". Im Übrigen halte sie selbst es ""als Deutsche mit Eltern, die 
aus der Türkei gekommen sind, für einen Beleg gelungener Integration, dass Menschen mit Migrationsgeschichte in 
ihrer Parteipräferenz volatiler werden"". Denn so sei es ""ja auch in der gesamten Gesellschaft"".
Graphic
 
Wählerwanderung Die Haltung türkeistämmiger Deutscher hat sich verändert: Lange konnte die SPD auf sie 
zählen, nun liegt die CDU bei ihnen vorne
Bunte Mischung. Auch Türkeistämmige sind in ihrem Wahlverhalten - was die Parteibindung angeht - 
unberechenbarer geworden. So wie die gesamte Gesellschaft.Jörg Carstensen/dpa
Grundlegender Wandel.
NRW-Staatssekretärin Serap Güler mit CDU-Chef Armin Laschet.
Seht die Signale.
Serpil Midyatli - mit Olaf Scholz -
ist stellvertretende SPD-Vorsitzende.
Fotos: imago, Rolf Vennenbernd/p-a R"
2021-03,Main Corpus,2021-03(50).ZIP,Zeit für neue Ehrlichkeit.PDF,C:\PythonProjects\AfD-project\Corpora\Main Corpus\2021-03\raw_unarchive\Zeit für neue Ehrlichkeit.PDF,Zeit für neue Ehrlichkeit,zeit für neue ehrlichkeit,Die Welt,die welt,Mittwoch 24. März 2021,Gabriel Felbermayr,FORUM; GASTKOMMENTAR; S. 2; Ausg. 70,664,4821,0ca7ae4989dc94cf6f4bbdcc2cc18940464a9053,,unique,drop,commentary_noncore,no,,no,,,5969,yes,commentary_noncore,,,,"Die EU-Türkei-Beziehungen befinden sich spätestens seit dem im Jahr 2016 gescheiterten Putschversuch in der 
Türkei in einer Abwärtsspirale. Die Liste der politischen Konflikte zwischen Ankara und den EU-Staaten ist lang. 
Dazu gehören unter anderem die Exploration von Gasvorkommen im östlichen Mittelmeer unter der Eskorte 
türkischer Kriegsschiffe und die Militärinterventionen der Türkei in Aserbaidschan, Libyen und Syrien. Vor diesem 
Hintergrund wird der Rat der EU-Staats- und Regierungschefs diese Woche die Beziehungen der Türkei zur EU 
beleuchten. Das ausgerufene Ziel ist eine sogenannte positive Agenda, die Vertrauen schaffen und Konflikte 
entschärfen soll. Beide haben klare Prioritäten formuliert: Für die EU ist eine Lösung des geopolitischen Konflikts 
zwischen Griechenland/Zypern und der Türkei von großer Wichtigkeit. Eine besondere Bedeutung hat der 
Flüchtlingsdeal, auf den sich die Türkei und die EU im Jahr 2016 geeinigt hatten. Der Vertrag beendete den 
Zustrom von Asylsuchenden aus Syrien nach Griechenland und weiter nach Deutschland. Für ihre Flüchtlingspolitik 
erhielt die Türkei in den vergangenen Jahren von der EU sechs Milliarden Euro - jedoch nicht direkt, sondern über 
Nichtregierungsorganisationen. Auf dem Gipfel will die EU den Lastenausgleich mit der Türkei für die nächsten 
Jahre neu gestalten.
Zu den Top-Prioritäten der Türken gehört mehr Geld für die nahezu vier Millionen syrischen Flüchtlinge, die wohl 
noch lange in der Türkei verbleiben werden. Ankara möchte, dass die EU zukünftige Hilfsmittel direkt an die 
türkische Regierung auszahlt. Darüber hinaus fordert die Türkei eine zügige Modernisierung der veralteten 
Zollunion, die den Güterhandel zwischen der EU und der Türkei regelt. Und schließlich verlangt sie die Umsetzung 
der seit Jahren geforderten Visa-Liberalisierung für türkische Bürger. Diese politischen Prioritäten machen deutlich, 
dass die EU-Türkei-Beziehungen nur noch durch kurzfristige Konflikte und Interessen geprägt sind. Für Erdogan ist 
eine Stabilisierung der türkischen Wirtschaft von größter Bedeutung. Die türkische Lira verliert dramatisch an Wert. 
Eine modernisierte Zollunion könnte einen wertvollen Impuls liefern, denn 50 Prozent des türkischen Handels 
finden mit der EU statt.

Zeit für neue Ehrlichkeit
Der Fokus auf einen kurzfristigen Tauschhandel ist nachvollziehbar: Die Türkei bekommt wirtschaftliche Hilfen; im 
Gegenzug hält sie der EU in Sachen Migration den Rücken frei. Schön und gut. Aber allen muss klar sein, dass ein 
Ausgleich mit der Türkei durch eine modernisierte Zollunion keine nachhaltige Lösung wäre. Sie bedeutet, dass 
sich die Türkei der EU-Handelspolitik unterordnet. Die Zollunion bedeutet eine der tiefsten Integrationsformen eines 
Landes in die EU. Sie ist nur sinnvoll, wenn langfristig eine EU-Vollmitgliedschaft intendiert ist. Die Zollunion ist 
nicht bloß ein Handelsabkommen, sie erfordert auch eine weitgehende politische Integration. Heute ist nicht nur 
politischen Insidern klar, dass eine politische Integration der Türkei in die EU bis auf Weiteres ausgeschlossen ist. 
Die jüngsten innenpolitischen Entwicklungen unterstreichen dies. Die grundsätzliche Bereitschaft der EU, die 
bestehende Zollunion zu modernisieren, mag guten Willen signalisieren, sie ist aber problematisch. Sie ignoriert die 
veränderten Rahmenbedingungen. Selbst unter einer anderen Führung wird die Türkei in Zukunft auf ihre politische 
und wirtschaftliche Selbstständigkeit pochen. Sie wird versuchen, aus ihrer geografischen Lage als Brückenstaat 
zwischen Europa und Asien maximalen Nutzen zu ziehen. Eine Zollunion mit der EU würde dieses Ansinnen 
verunmöglichen, und das nicht einmal zum Nutzen der EU.
Für eine zukunftsorientierte Türkeipolitik muss die EU dringend ihre Annahmen revidieren. Damit sollte sie bereits 
auf dem kommenden EU-Gipfel beginnen. Konkret sollte die Verbesserung der wirtschaftlichen Beziehungen mit 
der Türkei nicht durch Korrekturen an der Zollunion, sondern durch ein neues umfassendes Freihandelsabkommen 
nach dem Vorbild des neuen Abkommens mit dem Vereinigten Königreich erreicht werden. Dies erfordert eine 
geringere politische Koordination zwischen der Türkei und der EU. Ankara würde Freiheitsgrade für eine eigene 
Handelspolitik gewinnen, von der auch Europa profitieren kann. Für den EU-Gipfel bedeutet das, die EU und die 
Türkei sollten sich nicht nur mit einer ""positiven"", sondern vor allem mit einer ""ehrlichen"" Agenda befassen.
 Gabriel Felbermayr ist Präsident des Kieler Instituts für Weltwirtschaft und Professor an der Christian-Albrechts-
Universität zu Kiel. 
 Erdal Yalcin ist Professor für Volkswirtschaftslehre / Internationale Wirtschaftsbeziehungen an der Hochschule 
Konstanz für Technik, Wirtschaft und Gestaltung. 
Original Gesamtseiten-PDF"
2021-03,Main Corpus,2021-03(50).ZIP,Zögerliches Pinselohr Heute gibt es in Deutschland immerhin 128 Wolfsrudel. Die Rückkehr der Luchse.PDF,C:\PythonProjects\AfD-project\Corpora\Main Corpus\2021-03\raw_unarchive\Zögerliches Pinselohr Heute gibt es in Deutschland immerhin 128 Wolfsrudel. Die Rückkehr der Luchse.PDF,Zögerliches Pinselohr Heute gibt es in Deutschland immerhin 128 Wolfsrudel. Die Rückkehr der Luchse,zögerliches pinselohr heute gibt es in deutschland immerhin 128 wolfsrudel die rückkehr der luchse,Berliner Zeitung,berliner zeitung,16. März 2021,Kerstin Viering,WISSENSCHAFT; S. 23,1154,7919,b394c49bee1201ae7b8056bdb41f4efb3f30b688,,unique,keep,,no,,no,,,8828,no,,,,,"Ein paar nächtliche Kilometer auf leisen Pfoten. Ein heimliches Bad in der Oder. Und schon hat die Bundesrepublik 
einen eleganten Bewohner mit Pinselohren mehr. Auch Deutschland profitiert von einem großen EU-Projekt, das 
den Luchs in den Westen Polens zurückbringen soll. Erst kürzlich ist ein mit einem Sendehalsband ausgerüstetes 
Tier von dort nach Brandenburg ausgewandert, ein weiteres tappte Ende 2020 in eine Fotofalle im Thüringer 
Schiefergebirge. Und auch in anderen Regionen verzeichnen Wissenschaftler Zuwanderer im gefleckten Fell. So 
tauchen in Baden-Württemberg immer wieder einzelne Männchen aus der Schweiz auf.
Kann der Luchs bei seiner Rückkehr nach Deutschland also eine ähnliche Erfolgsgeschichte schreiben, wie es der 
Wolf schon vorgemacht hat? Experten sind durchaus optimistisch, dass auch die großen Katzen hierzulande wieder 
eine Zukunft haben. Bis sie wieder in größeren Teilen des Landes Fuß gefasst haben, wird es allerdings deutlich 
länger dauern. Denn Wölfe sind einfach die besseren Kolonialisten.
 Beeindruckendes Comeback 
Deshalb ist ihnen ganz ohne menschliche Unterstützung ein beeindruckendes Comeback gelungen. Ein aus Polen 
zugewandertes Paar hat im Jahr 2000 in der Muskauer Heide in Sachsen den ersten deutschen Wolfsnachwuchs 
seit 150 Jahren zur Welt gebracht. Fünf Jahre später verzeichneten Wolfsforscher dann das zweite Rudel in der 
sächsischen Lausitz. Wahrscheinlich hat das nur deshalb so lange gedauert, weil die Tiere zunächst keine Partner 
fanden, die nicht mit ihnen verwandt waren , sagt Ilka Reinhardt vom LUPUS Institut für Wolfsmonitoring und -
forschung im sächsischen Spreewitz.
Doch je mehr Wolfsfamilien sich in den folgenden Jahren etablierten, umso rascher breiteten sich die Tiere auch in 
neue Lebensräume aus. In der Zeit von 2000 bis 2019 stieg die Zahl der Rudel und Paare im Schnitt um 28 Prozent 
pro Jahr. Nach den jüngsten Daten der Dokumentations- und Beratungsstelle des Bundes zum Thema Wolf lebten 
in der Saison 2019/2020 in Deutschland 128 Rudel, 35 Wolfspaare und zehn Einzeltiere mit eigenem Territorium. 
Mehr als 20 Prozent der Fläche Deutschlands sind inzwischen Wolfsland.
Es ist allerdings auch nicht so, dass Wölfe jedes geeignete Gebiet sofort besetzen. Zwar hat ein Team um 
Stephanie Kramer-Schadt vom Berliner Leibniz-Institut für Zoo- und Wildtierforschung kürzlich festgestellt, dass ein 

Zögerliches Pinselohr Heute gibt es in Deutschland immerhin 128 Wolfsrudel. Die Rückkehr der Luchse 
verläuft wesentlich langsamer
Großteil Deutschlands als Lebensraum geeignet wäre. Doch bisher haben sich die Tiere von der Lausitz aus vor 
allem nach Norden und Osten ausgebreitet. Das hat uns auch gewundert, weil gerade die Mittelgebirge weiter im 
Süden eigentlich perfekte Lebensräume wären , sagt Ilka Reinhardt. Was die Tiere bisher an einem weiteren 
Vormarsch nach Süden und Westen gehindert hat, kann niemand genau sagen. Möglicherweise haben sie wenig 
Lust, durch die intensiv genutzte Agrarlandschaft der Börde in Sachsen-Anhalt zu wandern.
Doch je öfter sie im Norden und Osten auf besetzte Territorien stoßen, umso häufiger werden sie künftig wohl neue 
Richtungen einschlagen. Und dabei dürfte es ihnen nicht schwerfallen, auch weit von den bisherigen Hochburgen 
entfernte Gebiete zu erreichen. Ein einzelner Rüde ist aus Niedersachsen schon bis nach Baden-Württemberg 
gekommen , sagt Ilka Reinhardt.
Diese Wanderfreude, die sowohl Männchen als auch Weibchen bis zu 1000 Kilometer in die Ferne führen kann, 
war eine der großen Stärken der Wölfe bei der Wiederbesiedlung Deutschlands. Bei Luchsen dagegen gehen vor 
allem die Weibchen ungern weit weg von zu Hause. Dazu kommt noch, dass Wölfe Teamplayer sind, die andere 
Familienmitglieder bei der Jungenaufzucht unterstützen , erklärt Marco Heurich von der Universität Freiburg. Das 
führt dazu, dass diese Tiere mit vier bis sechs Welpen pro Wurf nicht nur viel Nachwuchs haben, sondern diesen 
oft auch erfolgreich durchbringen. Da können die alleinerziehenden Luchsweibchen bei weitem nicht mithalten. Sie 
gebären normalerweise ohnehin nur zwei Junge pro Wurf, und von denen stirbt im Schnitt auch noch die Hälfte vor 
dem ersten Geburtstag. Das alles führt dazu, dass sich Luchse mit der Wiederbesiedlung von Lebensräumen viel 
schwerer tun als Wölfe , resümiert Marco Heurich.
Die drei Luchspopulationen, die es bisher in Deutschland gibt, gehen daher alle auf Wiederansiedlungsprojekte 
zurück. Seit den 1980er-Jahren streifen die Tiere wieder durch den Bayerischen Wald, zwischen 2000 und 2006 
wurden insgesamt 24 Artgenossen im Harz freigelassen und seit 2015 brachte ein weiteres Projekt 20 Luchse 
zurück in den Pfälzer Wald. In allen drei Regionen werden regelmäßig Jungtiere geboren. Die jüngsten Daten, die 
das Bundesamt für Naturschutz Ende Februar veröffentlicht hat, verzeichnen in der Saison 2019/2020 für ganz 
Deutschland 125 bis 135 erwachsene Luchse, darunter 32 Weibchen mit Jungtieren. Das sind deutlich mehr als ein 
Jahr zuvor, als die Bestandsaufnahmen auf 84 bis 88 Tiere und 27 Mütter mit Nachwuchs kamen. Doch bisher ist 
es den gefleckten Katzen nicht gelungen, aus eigener Kraft neue Populationen zu gründen.
Das liegt wohl auch daran, dass der Mensch ihnen die Rückkehr schwer gemacht hat. Und zwar nicht nur, weil 
Verkehrswege und Siedlungen ihre Wanderwege blockieren. Obwohl Luchse deutlich beliebter sind als Wölfe, 
werden auch sie mitunter illegal getötet. Da sie sich aber ohnehin so langsam vermehren, können sie diese 
Verluste nur schwer kompensieren.
 Illegale Tötungen 
 Im Bayerischen Wald gab es damit ein großes Problem , sagt Marco Heurich. Obwohl die Tiere dort regelmäßig 
Nachwuchs bekamen, dümpelte die Population im Grenzgebiet zwischen Bayern, Tschechien und Österreich in 
den 2000er-Jahren bei 50 bis 80 Tieren vor sich hin. Den Ursachen dafür sind Marco Heurich und seine Kollegen 
mit einem Computermodell auf die Spur gekommen, in dem sie virtuelle Luchse durch die Region streifen lassen 
und den Einfluss verschiedener Faktoren auf die Populationsentwicklung simulieren können. Demnach müssen 
damals jedes Jahr zehn bis 15 Tiere illegal getötet worden sein, um den Bestand am Größerwerden zu hindern. 
Inzwischen aber hat sich die Situation dank intensiver Öffentlichkeitsarbeit verbessert, die Population im 
Dreiländereck ist immerhin auf mehr als 130 Mitglieder gewachsen.
Derweil haben sich Artgenossen aus dem Harz bereits nach Nordhessen aufgemacht, einzelne Männchen 
schafften es sogar bis nach Bayern und Brandenburg. Doch wenn die Pinselohren in Deutschland eine Zukunft 
haben sollen, darf es nach Einschätzung von Fachleuten nicht bei ein paar kleinen und isolierten Populationen 
bleiben. Denn sonst könnte zu wenig genetische Vielfalt bei den Rückkehrern zu Gesundheitsproblemen führen. 
Wir müssen die Bestände in ganz Mitteleuropa deshalb besser vernetzen , sagt Marco Heurich.
Die beste Möglichkeit dazu sieht er darin, die bestehenden Populationen so gut zu schützen, dass sie sich von 
selbst wieder ausbreiten. Es könne aber auch sinnvoll sein, die gefleckten Katzen durch weitere gezielte 
Zögerliches Pinselohr Heute gibt es in Deutschland immerhin 128 Wolfsrudel. Die Rückkehr der Luchse 
verläuft wesentlich langsamer
Wiederansiedlungen zu unterstützen. So ist es den Modell-Luchsen im Computer trotz aller Zuwanderung aus der 
Schweiz nicht gelungen, einen neuen Bestand im Schwarzwald zu gründen. Die Wahrscheinlichkeit dafür liegt den 
Berechnungen zufolge in den nächsten 50 Jahren bei höchstens 36 Prozent. Will man die Erfolgschancen auf 90 
Prozent anheben, müsste man dort zusätzlich 12 bis 30 Tiere ansiedeln. Solche Projekte werden allerdings nur 
möglich sein, wenn man die Interessen von Landwirten, Jägern und Naturschützern unter einen Hut bringt , betont 
Marco Heurich. Doch nach den bisherigen Erfahrungen ist er optimistisch, dass das klappen kann."
2021-03,Main Corpus,2021-03(50).ZIP,»Hüten Sie sich vor Lemmer!« Bis heute wird Ernst Lemmer für seine widerständige Haltung im »Dritten(2).PDF,C:\PythonProjects\AfD-project\Corpora\Main Corpus\2021-03\raw_unarchive\»Hüten Sie sich vor Lemmer!« Bis heute wird Ernst Lemmer für seine widerständige Haltung im »Dritten(2).PDF,»Hüten Sie sich vor Lemmer!« Bis heute wird Ernst Lemmer für seine widerständige Haltung im »Dritten,hüten sie sich vor lemmer bis heute wird ernst lemmer für seine widerständige haltung im dritten,Die ZEIT (inklusive ZEIT Magazin),die zeit inklusive zeit magazin,25. März 2021,Norman Domeier,GESCHICHTE;»Hüten Sie sich vor Lemmer!«; S. 17; Ausg. 13,1647,11698,d6240c5d8496a1e096e46082ab5c4024e5027bc1,variant_003,regional_variant,review,,no,,no,,,12954,no,,,near_003,variant_003,"Ein aufrechter Mann sei er gewesen, wegen seiner linksliberalen Gesinnung ausgeschlossen aus dem 
Reichsverband der Deutschen Presse, in Kontakt mit dem Widerstand, ja selbst eine Art Widerstandskämpfer: So 
stellt es sich auf der Internetseite der Konrad-Adenauer-Stiftung dar und in anderen Kurzbiografien Ernst 
Lemmers, der nach dem Krieg die CDU mitbegründet hat und unter Adenauer und Erhard bis 1965 
Bundesminister war - für das Post- und Fernmeldewesen, für gesamtdeutsche Fragen, schließlich für Vertriebene, 
Flüchtlinge und Kriegsgeschädigte.
Straßen und Plätze sind in Deutschland nach Lemmer benannt, ein Bildungsinstitut trägt seinen Namen, 
besonders in seiner nordrhein-westfälischen Heimat pflegt man sein Andenken. Dabei gibt es guten Grund für 
einen kritischeren Blick. Denn wie Dokumente aus amerikanischen und deutschen Archiven zeigen, war Ernst 
Lemmer kein Mann des Widerstands, sondern ein Nazi-Spitzel und Agent Provocateur im Dienst von Joseph 
Goebbels und Hitlers Außenminister Joachim von Ribbentrop.
Der Vorwurf an sich ist nicht neu. Erdrückende Beweise für Lemmers NS-Dienste wurden schon 1964 in Ost-
Berlin publiziert. Im Westen tat man sie als SED-Propaganda ab. Prüft man indes die Quellen, zeigt sich, dass die 
DDR-Darstellung in weiten Teilen zutreffend war. Allein schon die mehr als 2000 Zeitungsartikel zum Nutzen des 
»Dritten Reiches«, die bis 1945 unter Lemmers Namen erschienen, lassen sich nicht wegdiskutieren.
 Bereits 1947 hielt die SPD-nahe Zeitung Telegraf ihm vor, für die Nazis gearbeitet zu haben. Lemmer, damals 
zweiter Vorsitzender der CDU in der Sowjetischen Zone, überstand diese Anschuldigungen nur, weil die 
Sowjetische Militäradministration die Hand über ihn hielt: Vermutlich unterschrieb er zu dieser Zeit eine 
Verpflichtungserklärung für den sowjetischen Nachrichtendienst (der spätere DDR-Spionagechef Markus Wolf 
erwähnt dies in seinen Memoiren). Auch die amerikanischen Geheimdienste waren involviert, wie aus neueren 
Archivfunden hervorgeht. In einer Akte aus dem CIA-Archiv heißt es: »A reliable CDU source says the charges 
against Lemmer are confirmed by everyone ] in the know[ « - jeder, der »Bescheid wisse«, könne die Vorwürfe 
gegen Lemmer bestätigen. 

»Hüten Sie sich vor Lemmer!« Bis heute wird Ernst Lemmer für seine widerständige Haltung im »Dritten 
Reich« gerühmt. Doch wie Archivfunde belegen, war der CDU-M....
 Bis heute gibt es über Ernst Lemmer, der 1949 nach West-Berlin übersiedelte und zu einer prägenden Gestalt 
der frühen Bundesrepublik wurde, keine kritische wissenschaftliche Biografie, obwohl schon ein flüchtiger Blick auf 
seine Aktivitäten zwischen 1933 und 1945 misstrauisch stimmt. Vor der »Machtergreifung« war der als 
linksliberal geltende Lemmer als Gewerkschaftsfunktionär tätig und saß für die Deutsche Demokratische Partei im 
Reichstag. 1933 arrangierte er sich mit den Nationalsozialisten. In Selbstzeugnissen betonte Lemmer gerne, er sei 
als Journalist mit einem Berufsverbot belegt worden und habe sich mit Tätigkeiten für ausländische Zeitungen 
durchschlagen müssen. Tatsächlich nahm er bis 1945 eine privilegierte Ausnahmestellung im NS-Mediensystem 
ein: Er belieferte nicht nur als Nachrichtenhändler ausländische Medien mit Informationen. Er arbeitete auch - im 
eigenen Land! - als Auslandskorrespondent für mehrere Zeitungen, vor allem für den Bund aus Bern und die 
Neue Zürcher Zeitung. Eine bemerkenswerte Konstruktion. 
 Das NS-Regime erlaubte nur wenigen diese Zwitterrolle. Lemmers demokratische Tätigkeit in der Weimarer 
Republik sah man dabei als Vorteil an - so wirkte er nicht gleich auf den ersten Blick wie ein Nazi-Spitzel. Sogar 
die Aufnahme in den Verein der Ausländischen Presse in Deutschland (VAP) gelang ihm, obwohl dies für 
Deutsche nicht vorgesehen war. Zum Dank horchte er auch den VAP aus und berichtete Interna an Ribbentrops 
Auswärtiges Amt. In seinen Memoiren mit dem unfreiwillig zutreffenden Titel Manches war doch anders. 
Erinnerungen eines deutschen Demokraten schrieb Lemmer 1968 mehrdeutig, im VAP »herrschten wahre 
Kameradschaft und gegenseitiges Vertrauen, denn jeder wußte, was er vom anderen zu halten hatte«. Auch 
manch echter Auslandskorrespondent war Deals mit dem Regime eingegangen. 
Lemmers Privilegierung im »Dritten Reich« ging über jede Vorzugsbehandlung eines »Schriftleiters« der 
gleichgeschalteten deutschen Presse hinaus. Von 1939 an wurde er regelmäßig »uk« (unabkömmlich) gestellt, 
konnte also nicht zum Kriegsdienst eingezogen werden, da er »ständig mit Aufgaben geheimzuhaltender Art 
betraut« war, wie das Propagandaministerium attestierte. Er erhielt Diplomatenverpflegung und Zugang zu den 
beiden exklusiven Auslandspresseclubs in Berlin, in denen bis zum Untergang 1945 Champagner und Cognac 
flossen. Er besaß einen Dienstwagen mit kostbaren Benzinzuteilungen, durfte frei reisen, sogar ins Ausland. 
Sein eindrücklichstes Privileg aber war eine der seltenen Genehmigungen, ausländische Sender abzuhören. 
Goebbels erteilte diese persönlich. Dem gemeinen »Volksgenossen« war das Hören von »Feindsendern« im 
Krieg bei Strafe verboten.
 Beweise seiner Loyalität erbrachte Lemmer früh: Im Mai 1935 denunzierte er Walter Schwerdtfeger bei der 
Gestapo; der Redakteur der Berliner Börsen-Zeitung hatte Goebbels' geheime, nur für deutsche Medien 
bestimmte Presseanweisungen an Auslandskorrespondenten weitergegeben. Und 1934, während des »Röhm-
Putsches«, war Lemmer laut seinem Kollegen Walter Oehme auf Vize-Kanzler Franz von Papen angesetzt. 
Dessen Berater, der 1934 ermordete Herbert von Bose, hatte Oehme mit den Worten gewarnt: »Hüten Sie sich 
vor Lemmer!« 
 Bereits die DDR-Schrift von 1964 Ernst Lemmer. Goebbels-Journalist, Nazi-Spitzel, Revanche-Minister wies 
anhand von NS-Akten aus dem Zentralarchiv der DDR nach, dass Lemmer vor allem Goebbels' Chef-Antisemiten 
Wolfgang Diewerge in der Abteilung VII des Propagandaministeriums zuarbeitete. Ein Beispiel von vielen: Als es 
1936 im Ausland zu Empörung über die Judenverfolgung in Deutschland kam, platzierte Lemmer auf Weisung des 
Ministeriums einen verharmlosenden Artikel im Berner Bund. »Ich nehme an, daß die endgültige Formulierung 
unseren Bedürfnissen entspricht, gleichzeitig aber so gehalten ist, daß sie in dem von mir bedienten liberalen 
Schweizer Blatt wirklich aufgenommen wird«, erläuterte er Diewerge seine Taktik. »Heil Hitler, Ihr ergebener E. 
Lemmer«. 
Auf ein weiteres Tätigkeitsfeld hat der Historiker Peter Longerich 1987 in seiner Studie über die Presseabteilung 
des Auswärtigen Amtes hingewiesen: Lemmer war dort Mitarbeiter des Dienstes aus Deutschland (DaD). Diese 
NS-Agentur brachte Propaganda auf sprachlich moderate Weise in die internationale Presse. Die Mitarbeiter 
hatten große Freiheiten, sie durften sogar vorgeblich kritisch aus dem »Dritten Reich« berichten, wenn sich 
dadurch erwünschte Nachrichten lancieren ließen.
»Hüten Sie sich vor Lemmer!« Bis heute wird Ernst Lemmer für seine widerständige Haltung im »Dritten 
Reich« gerühmt. Doch wie Archivfunde belegen, war der CDU-M....
Der stärkste Beleg dafür, dass Lemmer als Nazi-Spitzel tätig war, stammt jedoch von Goebbels selbst, der 1942 in 
sein Tagebuch notierte: »Der frühere demokratische Reichstagsabgeordnete Lemmer, der jetzt als 
Auslandsjournalist in Berlin sitzt, hat mit [dem japanischen Botschafter] Oshima eine Südostreise angetreten. Er 
gibt uns darüber einen ausführlichen Bericht, dem man entnehmen kann, daß Oshima sich außerordentlich 
tatkräftig für die Achsenpolitik eingesetzt hat.« Diese entlarvende Stelle war bereits in den 1948 von dem US-
Journalisten Louis Lochner in Zürich herausgegebenen Goebbels-Tagebüchern enthalten (und nicht erst in der 
2006 abgeschlossenen Gesamtausgabe).
 Der Propagandachef wusste, was er an Lemmer hatte und wie wertvoll der über ihn ermöglichte Zugriff auf die 
Auslandskorrespondenten war. Immerhin wollte Goebbels einst selbst für die Berliner Auslandspresse arbeiten: 
Ende der Zwanzigerjahre bewarb er sich als Mitarbeiter bei Edgar Mowrer, dem Korrespondenten der Chicago 
Daily News. Die Absage nahm er angeblich nicht persönlich, dennoch war Mowrer der erste amerikanische 
Auslandskorrespondent, der 1933 ausgewiesen wurde. 
 Dass eine offenkundig zwielichtige Figur wie Ernst Lemmer auch für Qualitätsblätter wie die Neue Zürcher 
Zeitung in der neutralen Schweiz attraktiv war, hatte einen schlichten Grund: Er lieferte exklusive Geschichten, 
denn das NS-Regime stattete ihn mit beachtlichem Geheimwissen aus, damit er seinen Job als Agent Provocateur 
ausführen konnte. In den Siebzigerjahren erinnerte sich der frühere NZZ- Chefredakteur Willy Bretscher, dass 
Lemmer 1941 zu dem auserwählten Kreis gehörte, der bereits einige Wochen vor dem deutschen Angriff auf die 
Sowjetunion über den Plan im Bilde war. 
Als einer der ersten Informanten setzte er zudem im Juli 1942 mehrere Persönlichkeiten in der Schweiz über die 
industrielle Form des Mordes an den europäischen Juden mit stationären und mobilen Gaskammern in Kenntnis. 
Manche stilisieren ihn deshalb bis heute zu einem Mann des Widerstands. Nutzen von der Sache versprach sich 
allerdings vor allem einer: Joseph Goebbels.
 Der Propagandaminister spielte den Alliierten immer wieder Informationen über den Judenmord zu - um 
Interventionen zu provozieren, die er dann als Beleg für die angebliche internationale Macht des Judentums 
ausschlachten wollte (der Historiker Walter Laqueur hat darauf schon 1981 in seinem Buch Das schreckliche 
Geheimnis hingewiesen). Goebbels gab etwa seinen Artikel Die Juden sind schuld! aus dem Reich vom 17. 
November 1941 vorab an die New York Times, die schon am 14. November über seine »10 Points Charter« 
gegen die Juden berichtete, in der er Hitlers Drohung aufgriff, die Juden würden ausgelöscht, sollten sie erneut 
einen Weltkrieg anzetteln. Im Juni 1943 heißt es in Goebbels' Tagebuch: »Die Londoner ]Times[ wirft mir [...] vor, 
daß ich die Absicht hätte, insbesondere auch durch die Aufwerfung der Judenfrage die Alliierten zu entzweien. 
Wenn ich diese Absicht verwirklichen könnte, so würde ich darüber sehr glücklich sein.« Lemmer war offenbar ein 
Werkzeug dieser Art von Propaganda. 
 Für die Widerstandsthese hingegen spricht wenig. Denn angenommen, Lemmer hätte sein Wissen über den 
Judenmord in der Schweiz aus lauteren Motiven weitergegeben: Warum hat er sich dessen dann nach 1945 nicht 
gerühmt oder es als Argument gegen die Angriffe aus der DDR verwendet? Er wusste vermutlich nur zu gut, 
warum er darüber kein Wort verlor: Einige alte Kameraden und ehemalige NZZ- Kollegen, die ihm nach 1945 
misstrauisch gegenüberstanden, wären vielleicht an die Öffentlichkeit gegangen, wenn er den Bogen überspannt 
hätte. 
Was immer man von den aktuellen Umbenennungs-Initiativen halten mag: Nach Ernst Lemmer sollten keine 
Straßen und Institute mehr heißen. Auch die CDU sollte das Verhältnis zu ihrem Mitbegründer klären. Denn auch 
wenn der kein überzeugter Nazi war, diente er sich dem Regime doch zum eigenen Vorteil in einer Weise an, die 
ihn nicht nur zum Mitläufer, sondern zum Mittäter machte.
Norman Domeier ist Historiker an der Universität Stuttgart. Auf die Lemmer-Akten stieß er bei den Recherchen für 
seine Habilitationsschrift »Weltöffentlichkeit und Diktatur. Die amerikanischen Auslandskorrespondenten im 
]Dritten Reich[«, die im Herbst im Wallstein Verlag erscheint
 Ernst Lemmer (1898 - 1970) mit Wirtschaftswunder-Zigarre bei der Zeitungslektüre. Aufnahme von 1952
»Hüten Sie sich vor Lemmer!« Bis heute wird Ernst Lemmer für seine widerständige Haltung im »Dritten 
Reich« gerühmt. Doch wie Archivfunde belegen, war der CDU-M...."
2021-03,Main Corpus,2021-03(50).ZIP,»Hüten Sie sich vor Lemmer!« Bis heute wird Ernst Lemmer für seine widerständige Haltung im »Dritten.PDF,C:\PythonProjects\AfD-project\Corpora\Main Corpus\2021-03\raw_unarchive\»Hüten Sie sich vor Lemmer!« Bis heute wird Ernst Lemmer für seine widerständige Haltung im »Dritten.PDF,»Hüten Sie sich vor Lemmer!« Bis heute wird Ernst Lemmer für seine widerständige Haltung im »Dritten,hüten sie sich vor lemmer bis heute wird ernst lemmer für seine widerständige haltung im dritten,Die ZEIT (inklusive ZEIT Magazin),die zeit inklusive zeit magazin,25. März 2021,Norman Domeier,GESCHICHTE;»Hüten Sie sich vor Lemmer!«; S. 17; Ausg. 13,1646,11680,6ff44d97fd242800d356e9674d62bf5470f1a701,variant_003,regional_variant,review,,no,,no,,,12943,no,,,near_003,variant_003,"Ein aufrechter Mann sei er gewesen, wegen seiner linksliberalen Gesinnung ausgeschlossen aus dem 
Reichsverband der Deutschen Presse, in Kontakt mit dem Widerstand, ja selbst eine Art Widerstandskämpfer: So 
stellt es sich auf der Internetseite der Konrad-Adenauer-Stiftung dar und in anderen Kurzbiografien Ernst Lemmers, 
der nach dem Krieg die CDU mitbegründet hat und unter Adenauer und Erhard bis 1965 Bundesminister war für 
das Post- und Fernmeldewesen, für gesamtdeutsche Fragen, schließlich für Vertriebene, Flüchtlinge und 
Kriegsgeschädigte.
Straßen und Plätze sind in Deutschland nach Lemmer benannt, ein Bildungsinstitut trägt seinen Namen, besonders 
in seiner nordrhein-westfälischen Heimat pflegt man sein Andenken. Dabei gibt es guten Grund für einen 
kritischeren Blick. Denn wie Dokumente aus amerikanischen und deutschen Archiven zeigen, war Ernst Lemmer 
kein Mann des Widerstands, sondern ein Nazi-Spitzel und Agent Provocateur im Dienst von Joseph Goebbels und 
Hitlers Außenminister Joachim von Ribbentrop.
Der Vorwurf an sich ist nicht neu. Erdrückende Beweise für Lemmers NS-Dienste wurden schon 1964 in Ost-Berlin 
publiziert. Im Westen tat man sie als SED-Propaganda ab. Prüft man indes die Quellen, zeigt sich, dass die DDR-
Darstellung in weiten Teilen zutreffend war. Allein schon die mehr als 2000 Zeitungsartikel zum Nutzen des »Dritten 
Reiches«, die bis 1945 unter Lemmers Namen erschienen, lassen sich nicht wegdiskutieren.
 Bereits 1947 hielt die SPD-nahe Zeitung Telegraf ihm vor, für die Nazis gearbeitet zu haben. Lemmer, damals 
zweiter Vorsitzender der CDU in der Sowjetischen Zone, überstand diese Anschuldigungen nur, weil die 
Sowjetische Militäradministration die Hand über ihn hielt: Vermutlich unterschrieb er zu dieser Zeit eine 
Verpflichtungserklärung für den sowjetischen Nachrichtendienst (der spätere DDR-Spionagechef Markus Wolf 
erwähnt dies in seinen Memoiren). Auch die amerikanischen Geheimdienste waren involviert, wie aus neueren 
Archivfunden hervorgeht. In einer Akte aus dem CIA-Archiv heißt es: »A reliable CDU source says the charges 
against Lemmer are confirmed by everyone ] in the know[ « jeder, der »Bescheid wisse«, könne die Vorwürfe 
gegen Lemmer bestätigen. 

»Hüten Sie sich vor Lemmer!« Bis heute wird Ernst Lemmer für seine widerständige Haltung im »Dritten 
Reich« gerühmt. Doch wie Archivfunde belegen, war der CDU-M....
 Bis heute gibt es über Ernst Lemmer, der 1949 nach West-Berlin übersiedelte und zu einer prägenden Gestalt der 
frühen Bundesrepublik wurde, keine kritische wissenschaftliche Biografie, obwohl schon ein flüchtiger Blick auf 
seine Aktivitäten zwischen 1933 und 1945 misstrauisch stimmt. Vor der »Machtergreifung« war der als linksliberal 
geltende Lemmer als Gewerkschaftsfunktionär tätig und saß für die Deutsche Demokratische Partei im Reichstag. 
1933 arrangierte er sich mit den Nationalsozialisten. In Selbstzeugnissen betonte Lemmer gerne, er sei als 
Journalist mit einem Berufsverbot belegt worden und habe sich mit Tätigkeiten für ausländische Zeitungen 
durchschlagen müssen. Tatsächlich nahm er bis 1945 eine privilegierte Ausnahmestellung im NS-Mediensystem 
ein: Er belieferte nicht nur als Nachrichtenhändler ausländische Medien mit Informationen. Er arbeitete auch im 
eigenen Land! als Auslandskorrespondent für mehrere Zeitungen, vor allem für den Bund aus Bern und die 
Neue Zürcher Zeitung. Eine bemerkenswerte Konstruktion. 
 Das NS-Regime erlaubte nur wenigen diese Zwitterrolle. Lemmers demokratische Tätigkeit in der Weimarer 
Republik sah man dabei als Vorteil an so wirkte er nicht gleich auf den ersten Blick wie ein Nazi-Spitzel. Sogar die 
Aufnahme in den Verein der Ausländischen Presse in Deutschland (VAP) gelang ihm, obwohl dies für Deutsche 
nicht vorgesehen war. Zum Dank horchte er auch den VAP aus und berichtete Interna an Ribbentrops Auswärtiges 
Amt. In seinen Memoiren mit dem unfreiwillig zutreffenden Titel Manches war doch anders. Erinnerungen eines 
deutschen Demokraten schrieb Lemmer 1968 mehrdeutig, im VAP »herrschten wahre Kameradschaft und 
gegenseitiges Vertrauen, denn jeder wußte, was er vom anderen zu halten hatte«. Auch manch echter 
Auslandskorrespondent war Deals mit dem Regime eingegangen. 
Lemmers Privilegierung im »Dritten Reich« ging über jede Vorzugsbehandlung eines »Schriftleiters« der 
gleichgeschalteten deutschen Presse hinaus. Von 1939 an wurde er regelmäßig »uk« (unabkömmlich) gestellt, 
konnte also nicht zum Kriegsdienst eingezogen werden, da er »ständig mit Aufgaben geheimzuhaltender Art 
betraut« war, wie das Propagandaministerium attestierte. Er erhielt Diplomatenverpflegung und Zugang zu den 
beiden exklusiven Auslandspresseclubs in Berlin, in denen bis zum Untergang 1945 Champagner und Cognac 
flossen. Er besaß einen Dienstwagen mit kostbaren Benzinzuteilungen, durfte frei reisen, sogar ins Ausland. Sein 
eindrücklichstes Privileg aber war eine der seltenen Genehmigungen, ausländische Sender abzuhören. Goebbels 
erteilte diese persönlich. Dem gemeinen »Volksgenossen« war das Hören von »Feindsendern« im Krieg bei Strafe 
verboten.
 Beweise seiner Loyalität erbrachte Lemmer früh: Im Mai 1935 denunzierte er Walter Schwerdtfeger bei der 
Gestapo; der Redakteur der Berliner Börsen-Zeitung hatte Goebbels geheime, nur für deutsche Medien 
bestimmte Presseanweisungen an Auslandskorrespondenten weitergegeben. Und 1934, während des »Röhm-
Putsches«, war Lemmer laut seinem Kollegen Walter Oehme auf Vize-Kanzler Franz von Papen angesetzt. Dessen 
Berater, der 1934 ermordete Herbert von Bose, hatte Oehme mit den Worten gewarnt: »Hüten Sie sich vor 
Lemmer!« 
 Bereits die DDR-Schrift von 1964 Ernst Lemmer. Goebbels-Journalist, Nazi-Spitzel, Revanche-Minister wies 
anhand von NS-Akten aus dem Zentralarchiv der DDR nach, dass Lemmer vor allem Goebbels Chef-Antisemiten 
Wolfgang Diewerge in der Abteilung VII des Propagandaministeriums zuarbeitete. Ein Beispiel von vielen: Als es 
1936 im Ausland zu Empörung über die Judenverfolgung in Deutschland kam, platzierte Lemmer auf Weisung des 
Ministeriums einen verharmlosenden Artikel im Berner Bund. »Ich nehme an, daß die endgültige Formulierung 
unseren Bedürfnissen entspricht, gleichzeitig aber so gehalten ist, daß sie in dem von mir bedienten liberalen 
Schweizer Blatt wirklich aufgenommen wird«, erläuterte er Diewerge seine Taktik. »Heil Hitler, Ihr ergebener E. 
Lemmer«. 
Auf ein weiteres Tätigkeitsfeld hat der Historiker Peter Longerich 1987 in seiner Studie über die Presseabteilung 
des Auswärtigen Amtes hingewiesen: Lemmer war dort Mitarbeiter des Dienstes aus Deutschland (DaD). Diese 
NS-Agentur brachte Propaganda auf sprachlich moderate Weise in die internationale Presse. Die Mitarbeiter hatten 
große Freiheiten, sie durften sogar vorgeblich kritisch aus dem »Dritten Reich« berichten, wenn sich dadurch 
erwünschte Nachrichten lancieren ließen.
»Hüten Sie sich vor Lemmer!« Bis heute wird Ernst Lemmer für seine widerständige Haltung im »Dritten 
Reich« gerühmt. Doch wie Archivfunde belegen, war der CDU-M....
Der stärkste Beleg dafür, dass Lemmer als Nazi-Spitzel tätig war, stammt jedoch von Goebbels selbst, der 1942 in 
sein Tagebuch notierte: »Der frühere demokratische Reichstagsabgeordnete Lemmer, der jetzt als 
Auslandsjournalist in Berlin sitzt, hat mit [dem japanischen Botschafter] Oshima eine Südostreise angetreten. Er 
gibt uns darüber einen ausführlichen Bericht, dem man entnehmen kann, daß Oshima sich außerordentlich 
tatkräftig für die Achsenpolitik eingesetzt hat.« Diese entlarvende Stelle war bereits in den 1948 von dem US-
Journalisten Louis Lochner in Zürich herausgegebenen Goebbels-Tagebüchern enthalten (und nicht erst in der 
2006 abgeschlossenen Gesamtausgabe).
 Der Propagandachef wusste, was er an Lemmer hatte und wie wertvoll der über ihn ermöglichte Zugriff auf die 
Auslandskorrespondenten war. Immerhin wollte Goebbels einst selbst für die Berliner Auslandspresse arbeiten: 
Ende der Zwanzigerjahre bewarb er sich als Mitarbeiter bei Edgar Mowrer, dem Korrespondenten der Chicago 
Daily News. Die Absage nahm er angeblich nicht persönlich, dennoch war Mowrer der erste amerikanische 
Auslandskorrespondent, der 1933 ausgewiesen wurde. 
 Dass eine offenkundig zwielichtige Figur wie Ernst Lemmer auch für Qualitätsblätter wie die Neue Zürcher 
Zeitung in der neutralen Schweiz attraktiv war, hatte einen schlichten Grund: Er lieferte exklusive Geschichten, 
denn das NS-Regime stattete ihn mit beachtlichem Geheimwissen aus, damit er seinen Job als Agent Provocateur 
ausführen konnte. In den Siebzigerjahren erinnerte sich der frühere NZZ- Chefredakteur Willy Bretscher, dass 
Lemmer 1941 zu dem auserwählten Kreis gehörte, der bereits einige Wochen vor dem deutschen Angriff auf die 
Sowjetunion über den Plan im Bilde war. 
Als einer der ersten Informanten setzte er zudem im Juli 1942 mehrere Persönlichkeiten in der Schweiz über die 
industrielle Form des Mordes an den europäischen Juden mit stationären und mobilen Gaskammern in Kenntnis. 
Manche stilisieren ihn deshalb bis heute zu einem Mann des Widerstands. Nutzen von der Sache versprach sich 
allerdings vor allem einer: Joseph Goebbels.
 Der Propagandaminister spielte den Alliierten immer wieder Informationen über den Judenmord zu um 
Interventionen zu provozieren, die er dann als Beleg für die angebliche internationale Macht des Judentums 
ausschlachten wollte (der Historiker Walter Laqueur hat darauf schon 1981 in seinem Buch Das schreckliche 
Geheimnis hingewiesen). Goebbels gab etwa seinen Artikel Die Juden sind schuld! aus dem Reich vom 
17. November 1941 vorab an die New York Times, die schon am 14. November über seine »10 Points 
Charter« gegen die Juden berichtete, in der er Hitlers Drohung aufgriff, die Juden würden ausgelöscht, sollten sie 
erneut einen Weltkrieg anzetteln. Im Juni 1943 heißt es in Goebbels Tagebuch: »Die Londoner ]Times[ wirft mir [...] 
vor, daß ich die Absicht hätte, insbesondere auch durch die Aufwerfung der Judenfrage die Alliierten zu entzweien. 
Wenn ich diese Absicht verwirklichen könnte, so würde ich darüber sehr glücklich sein.« Lemmer war offenbar ein 
Werkzeug dieser Art von Propaganda. 
 Für die Widerstandsthese hingegen spricht wenig. Denn angenommen, Lemmer hätte sein Wissen über den 
Judenmord in der Schweiz aus lauteren Motiven weitergegeben: Warum hat er sich dessen dann nach 1945 nicht 
gerühmt oder es als Argument gegen die Angriffe aus der DDR verwendet? Er wusste vermutlich nur zu gut, warum 
er darüber kein Wort verlor: Einige alte Kameraden und ehemalige NZZ- Kollegen, die ihm nach 1945 
misstrauisch gegenüberstanden, wären vielleicht an die Öffentlichkeit gegangen, wenn er den Bogen überspannt 
hätte. 
Was immer man von den aktuellen Umbenennungs-Initiativen halten mag: Nach Ernst Lemmer sollten keine 
Straßen und Institute mehr heißen. Auch die CDU sollte das Verhältnis zu ihrem Mitbegründer klären. Denn auch 
wenn der kein überzeugter Nazi war, diente er sich dem Regime doch zum eigenen Vorteil in einer Weise an, die 
ihn nicht nur zum Mitläufer, sondern zum Mittäter machte.
Norman Domeier ist Historiker an der Universität Stuttgart. Auf die Lemmer-Akten stieß er bei den Recherchen für 
seine Habilitationsschrift »Weltöffentlichkeit und Diktatur. Die amerikanischen Auslandskorrespondenten im ]Dritten 
Reich[«, die im Herbst im Wallstein Verlag erscheint
 Ernst Lemmer (18981970) mit Wirtschaftswunder-Zigarre bei der Zeitungslektüre. Aufnahme von 1952
»Hüten Sie sich vor Lemmer!« Bis heute wird Ernst Lemmer für seine widerständige Haltung im »Dritten 
Reich« gerühmt. Doch wie Archivfunde belegen, war der CDU-M...."
