batch_id,corpus_name,source_archive,file_name,file_path,title_original,title_normalized,publication,publication_normalized,date,byline,section,word_count,body_char_count,body_hash_exact,duplicate_group_id,duplicate_category,keep_drop_review,drop_reason,kept_representative_of_group,representative_selection_reason,malformed_flag,malformed_reason,notes,raw_text_chars,low_value_flag,low_value_reason,exact_duplicate_group,near_duplicate_group,repeated_variant_group,body_text
2024-02,Main Corpus,2024-02(50).ZIP,25 Asylbewerber abgeschoben Migration Im Zeitraum von drei Monaten   Derzeit leben etwa 1700 Flüchtl.PDF,C:\PythonProjects\AfD-project\Corpora\Main Corpus\2024-02\raw_unarchive\25 Asylbewerber abgeschoben Migration Im Zeitraum von drei Monaten   Derzeit leben etwa 1700 Flüchtl.PDF,25 Asylbewerber abgeschoben Migration Im Zeitraum von drei Monaten Derzeit leben etwa 1700 Flüchtlinge,25 asylbewerber abgeschoben migration im zeitraum von drei monaten derzeit leben etwa 1700 flüchtlinge,Nordwest-Zeitung,nordwestzeitung,16. Februar 2024,,BRAKE; S. 17,407,3055,0714baeae3fa800080de0af756c9b555a5a2ae7c,,unique,keep,,no,,no,,,4067,no,,,,,"Brake/uls - Der formale Antrag auf Asyl in Deutschland erfolgt bei einer Außenstelle des Bundesamtes für 
Migration und Flüchtlinge (BAMF) oder in einem Ankunftszentrum in dem Gebiet der zugewiesenen 
Aufnahmeeinrichtung in einem Bundesland. Hierbei steht den Antragstellern ein Dolmetscher zur Verfügung. Doch 
nicht immer wird ein Asylantrag positiv beschieden.
Anträge abgelehnt
In der jüngsten Sitzung des Ausschusses für öffentliche Ordnung und Feuerwehr im Braker Kreishaus teilte die 
Kreisverwaltung mit, dass in der Zeit vom 10. November 2023 bis zum 31. Januar 2024 aus der Wesermarsch 25 
Menschen abgeschobenen worden sind. Es handelt sich zum einen um zwei Familien vier Erwachsene und fünf 
Minderjährige sowie um einen Erwachsenen, die in ihr Heimatland Georgien abgeschoben wurden. Eine weitere 
Familie mit zwei Erwachsenen und zwei Minderjährigen musste zurück ins Heimatland Armenien. In ihr Heimatland 
Albanien zurück musste eine Familie mit zwei Erwachsenen und fünf Minderjährigen. Eine iranische Familie zwei 
Erwachsene und eine minderjährige Person musste im Zuge des Dublin-Verfahrens nach Frankreich. Die Familie 
sei zwischenzeitlich illegal wieder eingereist, teilte die Kreisverwaltung mit. Eine volljährige Person aus Afghanistan 
wurde ebenfalls im Zuge des Dublin-Verfahrens nach Österreich abgeschoben.
Bundesamt entscheidet

25 Asylbewerber abgeschoben Migration Im Zeitraum von drei Monaten Derzeit leben etwa 1700 Flüchtlinge 
im Landkreis
Der Landkreis Wesermarsch teilte auf Nachfrage unserer Redaktion mit, dass ein Antrag auf Asyl ausschließlich 
beim Bundesamt für Migration und Flüchtlinge gestellt werden kann nicht aber beim Landkreis als untergeordnete 
Behörde. Das Bundesamt entscheide über das Bleiberecht. Zunächst erfolge eine Unterbringung durch das 
jeweilige Bundesland in Landesaufnahmeeinrichtungen. Erst nach der Asylantragstellung erfolge eine dezentrale 
Unterbringung der Asylbewerberinnen und Asylbewerber. Den Landkreisen würden dann die Personen vonseiten 
des Landes zugewiesen.
Nach Stellung von Asylanträgen beim BAMF wurden den Kommunen im Landkreis Wesermarsch vonseiten des 
Landes Niedersachsen im Laufe des vergangenen Jahres insgesamt 519 Asylbewerberinnen und Asylbewerber 
zugewiesen. Zurzeit halten sich laut Kreisverwaltung rund 550 Asylbewerberinnen und Asylbewerber in der 
Wesermarsch auf. Wie viele Personen hiervon im Bundesgebiet verbleiben können, sei unter anderem abhängig 
davon, wie das BAMF über die Asylanträge entscheide. Einschließlich der kriegsvertriebenen Menschen aus der 
Ukraine leben derzeit circa 1700 Flüchtlinge in der Wesermarsch.
Im Dezember 2023 hatte das Bundesamt für Migration und Flüchtlinge insgesamt 23 025 Asylerstanträge 
entgegengenommen, im Gesamtjahr 2023 wurden 329 120 Asylerstanträge gestellt. Entschieden hat das 
Bundesamt im gesamten Jahr über 261 601 Asylverfahren. Laut Bundesinnenministerium hat es im vergangenen 
Jahr 16 430 Abschiebungen aus Deutschland gegeben. Das waren 3485 mehr als im Jahr 2022.
PDF-Datei dieses Dokuments"
2024-02,Main Corpus,2024-02(50).ZIP,26.000 Asylanträge im Januar Wirkung der stationären Grenzkontrollen seit Herbst 2023 zeigt sich noc.PDF,C:\PythonProjects\AfD-project\Corpora\Main Corpus\2024-02\raw_unarchive\26.000 Asylanträge im Januar Wirkung der stationären Grenzkontrollen seit Herbst 2023 zeigt sich noc.PDF,26.000 Asylanträge im Januar Wirkung der stationären Grenzkontrollen seit Herbst 2023 zeigt sich noch nicht,26000 asylanträge im januar wirkung der stationären grenzkontrollen seit herbst 2023 zeigt sich noch nicht,Die Welt,die welt,Donnerstag 8. Februar 2024,Marcel Leubecher,Titel; S. 1; Ausg. 28,609,4644,09bf2b469847aef2746e76f82154f3c6f190f084,,unique,keep,,no,,no,,,5727,no,,,,,"Die Asylzuwanderung nach Deutschland bleibt auf hohem Niveau: Im Januar wurden laut Bundesamt für Migration 
und Flüchtlinge (BAMF) mit 26.376 Anträgen deutlich mehr als im Dezember (23.025) gestellt - allerdings weniger 
als im Januar des vergangenen Jahres (29.072).
Dieser ""Jahreswechsel""-Effekt, dass im Januar etwas mehr Anträge als im Adventsmonat Dezember gestellt 
werden, ist in vielen Jahren zu beobachten. Das hat vor allem mit dem eingeschränkten Personaleinsatz beim 
BAMF in der Weihnachtszeit zu tun. Doch in diesem Jahr waren viele Beobachter davon ausgegangen, dass sich 
der rückläufige Trend bei der illegalen Migration infolge der Ausweitung der stationären Grenzkontrollen im Oktober 
nun auch zum Jahresanfang in sinkenden Asylantragszahlen fortsetzen würde. Dies ist zumindest im Januar nicht 
eingetreten.
Den damit befassten Beamten zufolge ist der Hintergrund: Wegen der Behördenüberlastung durch den starken 
Zuzug wurden viele Anträge offenbar doch erst stark verzögert gestellt. Zwar verfügt Deutschland mit dem BAMF 
über die weltweit größte Asylbehörde, kann in extremen Phasen die Anträge aber oft erst Monate nach Einreise 
entgegennehmen. So ist es zu erklären, dass im Januar noch einmal deutlich mehr Asylanträge als im Dezember 
gestellt wurden, obwohl die festgestellten illegalen Einreisen nach Ausweitung der stationären Kontrollen drastisch 
sanken.
Wie WELT AM SONNTAG bereits berichtet hat, übertraf die tatsächliche Asylzuwanderung die Zahl der gestellten 
Anträge bis zum Herbst deutlich, was man an den sogenannten Asylgesuchen feststellen konnte. Ihre Gesuche 
stellen die mehrheitlich illegal einreisenden Asylsuchenden meist bei Feststellung ihres Grenzübertritts oder kurz 
danach dar. Der eigentliche Antrag aber verzögert sich oft um einige Wochen, manchmal auch Monate.
Hauptherkunftsländer der Asylbewerber waren auch im Januar 2024 Syrien (7543 Antragsteller), die Türkei (4727) 
und Afghanistan (3479). Während Syrer und Afghanen fast alle als schutzberechtigt anerkannt werden, ist dies bei 

26.000 Asylanträge im Januar Wirkung der stationären Grenzkontrollen seit Herbst 2023 zeigt sich noch nicht 
in der Statistik
Türken meist nicht der Fall. Im Januar erhielten sogar nur acht Prozent der Menschen aus dem Bosporus-Staat, 
über deren Anträge das BAMF entschied, Flüchtlings-, Subsidiär- oder Abschiebeschutz.
Abgesehen von einigen Abschiebungen und freiwilligen Ausreisen bleibt die Mehrheit der abgelehnten 
Asylbewerber im Land. Menschen, die hierzulande als schutzberechtigt anerkannt werden, erhalten bis auf wenige 
Ausnahmen schon drei bis fünf Jahre nach Einreise einen unbefristeten Aufenthaltstitel. Durch die von der 
Regierung beschlossene Einbürgerungsbeschleunigung kann sogar schon nach fünf oder gar drei Jahren die 
Einbürgerung beantragt werden, falls die erforderlichen Integrationskriterien erfüllt sind.
Der Jurist Johann Riemenschneider, der den Innenausschuss des Bundestags als Sachverständiger berät, sagte 
WELT AM SONNTAG kürzlich: Der Rechtsanspruch auf Schnelleinbürgerung könne nun geltend gemacht werden, 
wenn ein Bewerber neben Erfüllung harter Kriterien - die Beherrschung des hohen Sprachniveaus C1 und 
Straffreiheit - besonders gute Integration nachweist. Diese könne entweder durch berufliche Leistungen oder durch 
soziales Engagement nachgewiesen werden. ""Wer beispielsweise einen normalen Job hat, also unbefristeter 
Vollzeit-Taxifahrer ist, aber nebenher noch eine Fußballmannschaft trainiert, hat nach drei Jahren Anspruch auf 
Einbürgerung, falls er das hohe Sprachniveau beherrscht"", so Riemenschneider. Wilhelm Kanther, Leiter der 
Rechtsabteilung im hessischen Innenministerium, das für den Vollzug des Staatsangehörigkeitsrechts in dem 
Bundesland zuständig ist, wies darauf hin, wie schnell künftig der Pass vergeben werden könne: ""Schon 2025 
werden viele aus der Ukraine geflohenen Personen einbürgerungsberechtigt sein.""
Aufgrund der im Gesetzentwurf geplanten Verkürzung der Voraufenthaltszeiten seien Ukrainer so wie andere 
Flüchtlinge deutlich früher als nach der jetzigen Rechtslage berechtigt, die Einbürgerung zu beantragen. Allerdings 
könnten angesichts der schon jetzt erheblichen Wartezeiten für Bewerber die selbst definierten Ziele schnellerer 
Einbürgerungen in der Verwaltungspraxis auf absehbare Zeit nicht erreicht werden. Durch die schnellen 
Rechtsansprüche auf Daueraufenthalt oder gar Einbürgerung für Flüchtlinge und die chronisch niedrige Zahl von 
Abschiebungen abgelehnter Asylbewerber entwickelt sich die Asylzuwanderung meist zur dauerhaften 
Einwanderung.
 Kommentar: Seite 7
Original Gesamtseiten-PDF"
2024-02,Main Corpus,2024-02(50).ZIP,Allein gelassen mit Flüchtlingssituation Im Sozialausschuss berichtete Bürgermeister Dirk Buschmann.PDF,C:\PythonProjects\AfD-project\Corpora\Main Corpus\2024-02\raw_unarchive\Allein gelassen mit Flüchtlingssituation Im Sozialausschuss berichtete Bürgermeister Dirk Buschmann.PDF,Allein gelassen mit Flüchtlingssituation Im Sozialausschuss berichtete Bürgermeister Dirk Buschmann über die,allein gelassen mit flüchtlingssituation im sozialausschuss berichtete bürgermeister dirk buschmann über die,Rheinische Post,rheinische post,Mittwoch 21. Februar 2024,,S. 26,632,4332,02070fb394a5c9e94bf82881512ec404f499b388,,unique,keep,,no,,no,,,5355,no,,,,,"Hünxe (fla) Die ersten beiden Zahlen, die Bürgermeister Dirk Buschmann im Sozialausschuss der Gemeinde 
Hünxe nannte, fassten eigentlich die gesamte Situation in Hünxe beim Thema Flüchtlinge zusammen: Die 
Gemeinde hat Plätze für die Unterbringung von 457 Geflüchteten. Tatsächlich untergebracht waren Ende Januar 
549. Und es kommen noch immer weitere Menschen nach Hünxe.
Wie viele? Darüber hat man quasi keinen Überblick. „Man kann sich auf nichts festlegen“, sagte Dirk Buschmann 
mit Blick auf die sogenannte „Erfüllungsquote“ der Gemeinde. „Man hat eine Blackbox und muss immer darauf 
reagieren.“ Reagieren muss man auch darauf, was weiter oben in der Politik beschlossen wird. Zum Beispiel die 
Idee einer Bezahlkarte für Asylbewerber. Was auf dem Papier für einige Politiker ganz gut zu klingen scheint, 
würde vor Ort eher für Probleme sorgen. „Das wäre für uns eine riesige Belastung“, erklärte Dirk Buschmann, der 
vor allem den Verwaltungsaufwand eines solchen Projekts sah. Es wäre so, sagte er, dass oben geplant würde und 
man dann unten, will heißen in der Gemeinde, alles regeln muss, ohne genau zu wissen, wie das klappen soll. „Ich 
fühle mich sehr alleine gelassen“, kommentierte Dirk Buschmann diese Situation.
Insofern werde man, wie Buschmann auf Nachfrage betonte, in der Gemeinde auch nicht die Einführung einer 
Bezahlkarte forcieren. „So lange es keine Bundeslösung gibt, werden wir da nicht vorpreschen“, sagte der 
Bürgermeister. Ihn persönlich erinnere das Konzept an Gutscheine, die es auch schon in den 1990er-Jahren gab. 
„Da wurden die Gutscheine dann zum Tausch gegen Bargeld an Firmen verkauft“, erinnerte er sich. „Ich halte es 
nicht für unmöglich, dass es funktionieren kann. Aber nicht so.“
Etwas Entlastung gibt es durch die Kooperation mit dem DRK. „Für uns ist das eine riesige Entlastung“, erklärt 
Antje Geßmann vom Sozialamt der Gemeinde. „Es ist immer sofort jemand als Ansprechpartner da. Das ist eine 
riesige Bereicherung“, erklärte sie. Allerdings müsse das Angebot des DRK auch finanziert werden. „Das ist ein 

Allein gelassen mit Flüchtlingssituation Im Sozialausschuss berichtete Bürgermeister Dirk Buschmann über die 
aktuelle Lage in der Gemeinde. Die ist extrem anges....
großer Schluck bei klammen Kassen“, sagte Dirk Buschmann. Ein Problem ist auch die Dauer der Verfahren, selbst 
bei Menschen, bei denen eigentlich klar ist, dass sie keine Bleibeperspektive in Deutschland haben. „Die Verfahren 
ziehen sich ewig lange hin und wir wissen nicht, warum“, erklärte Antje Geßmann. Dabei wäre bei vielen 
Asylbewerbern von vorneherein klar, dass sie keine Bleibeperspektive haben. Unterbringen muss man sie 
trotzdem. Dazu käme als zusätzliche Belastung für die Gemeindekasse der Nachzug von Familien. Was für die 
Betroffenen natürlich immens wichtig ist, schlägt sich sofort im Haushalt der Gemeinde nieder. „Wir bekommen 
dafür keine Bundes- oder Landesmittel“, erklärte Antje Geßmann.
Michael Wefelnberg, Fraktionsvorsitzender der CDU, kritisierte die Flüchtlingspolitik der Bundesregierung im 
Allgemeinen. „Das ist konzeptionslose Politik von oben“, sagte er. Dabei ging es ihm nicht darum, generell 
Zuwanderung zu beschränken, sondern die Menschen, die nach Deutschland kommen, schneller in Arbeit zu 
bringen, um sie zu integrieren. „Wir haben hier Menschen, die anpacken können“, sagte er.
Heike Kohlhase, Sprecherin der Grünen im Gemeinderat, fragte, ob es nicht mehr Integrationsangebote gäbe und 
was man selbst tun könnte. Antje Geßmann erwähnte die zahlreichen ehrenamtlichen Angebote, die es 2015, als 
schon einmal viele Menschen nach Hünxe kamen, noch gegeben hatte. „Die Teestuben, die wir bis Corona noch 
hatten, hatten alle den Ursprung bei uns in der Verwaltung. Wir können das aber nicht mehr leisten“, erklärte sie. 
Um weitere Angebote zu schaffen, brauche es vor allem einen Raum und Zeit. Und natürlich Menschen, die sich an 
dieser Stelle einsetzen wollen und auch die Geflüchteten in den Unterkünften informieren. „Meine Kapazitäten 
reichen nicht aus für das volle Programm“, erklärte sie. Da bräuchte es also Engagement aus der Gemeinde 
heraus.
5133326019_24eeda069c.IRPRODGERA_IQ8HZK.jpg Boris Roessler Noch immer kommen Geflüchtete aus den 
unterschiedlichsten Ländern nach Deutschland – auch nach Hünxe. (Symbolbild) Foto: dpa
Link to PDF"
2024-02,Main Corpus,2024-02(50).ZIP,Angst ums Naturschutzgebiet_.PDF,C:\PythonProjects\AfD-project\Corpora\Main Corpus\2024-02\raw_unarchive\Angst ums Naturschutzgebiet_.PDF,Angst ums Naturschutzgebiet?,angst ums naturschutzgebiet,Der Tagesspiegel,der tagesspiegel,Samstag 10. Februar 2024,,BRANDENBURG; Brandenburg; S. B14,637,4535,1ea1df62eb3b81bc7e33bdb361e240f2a131215a,,unique,keep,,no,,no,,,5215,no,,,,,"Die Menschen stehen schweigend um das mit Kerzen beleuchtete Baufeld herum, auf dem eine 
Gemeinschaftsunterkunft für Flüchtlinge entstehen soll. Viele halten beleuchtete Regenschirme in den Händen, 
dazu hatten die Initiatoren aufgerufen. Keine Reden, sondern eine stille Kunstaktion mit der Botschaft ,,Alle unter 
einen Schirm"". Für Kathleen Kunath von der Willkommensinitiative in Falkensee (Havelland) ist es wichtig, nicht 
gegen etwas zu sein, sondern für etwas. In diesem Fall für ein friedliches Zusammenleben. 
Auf der anderen Straßenseite hat sich ebenfalls eine Gruppe versammelt, sie demonstriert gegen den Bau der 
Unterkunft. Mit einem Flyer hatte die neu gegründete Bürgerinitiative ,,Schützt den See"" dazu aufgerufen. Man 
befürchte Schaden für die Natur und eine Einschränkung des Nutzens als Naherholungsgebiet, heißt es. Einige 
Teilnehmer haben Deutschland-Fahnen dabei. Mitglieder der Bürgerinitiative sind da, Anwohner, AfD-Politiker wie 
der Bundestagsabgeordnete Steffen Kotré. Während einige der Demonstranten sich klar gegen die Anwesenheit 
von Menschen, die nicht in Deutschland geboren wurden, positionieren, äußern andere sich zurückhaltender, 
wollen nur keinen Flüchtlingscontainer an dieser Stelle, sagen sie. 
Vier Container will der Landkreis Havelland hier, in der Spandauer Straße, ab Mitte Februar temporär aufstellen. 
Ende Mai soll die Anlage fertiggestellt sein. Bis zu 400 Geflüchtete, überwiegend junge Männer, sollen ab Juli 2024 
in der Einrichtung eine Unterkunft finden. Gepachtet ist das Grundstück bis zum 31. Dezember 2027, der Vertrag 
kann maximal für drei Jahre verlängert werden. Die Spandauer Straße führt von Berlin-Spandau nach Falkensee, 
eine der am meist frequentierten Verkehrsadern in der 45.000 Einwohnerstadt. Von Berlin kommend säumen erst 
Einfamilienhäuser, dann Geschosswohnungen die Straße. Nach dem Kreisverkehr wird die Bebauung linkerhand 
wieder kleiner, rechts öffnet sich der Blick, Grünland bis zu den Dünen am See. Neuer See und Falkenhagener See 
sind Naherholungsgebiete der Falkenseer. Etwa 400 Meter Luftlinie trennen die Grundstücksgrenze vom 
Landschaftsschutzgebiet.
 Unbekannt war die Planung keineswegs 
Die Demonstranten sagen, man hätte sie nicht vorher informiert. Im Frühjahr 2023 wurde dem Landkreis, auf seine 
Anfrage zu geeigneten Grundstücken, das besagte Areal, ein Privatgrundstück, von der Stadt vermittelt. Im Mai 
wurde daraufhin die lokale Presse informiert. Im Herbst erfolgte die Ausschreibung, im Dezember die Vergabe. Die 
Planung einer Gemeinschaftsunterkunft war auch seit Mai immer wieder Thema in den sozialen Medien. Unbekannt 
war die Planung also keineswegs. 

Angst ums Naturschutzgebiet?
Dennoch wird dies nun zum Thema, man vermisse die Bürgerbeteiligung, sagen die Anwohner. Diese sei aber, laut 
Landkreis, in diesem Fall gar nicht vorgesehen. Der Landkreis muss den Weisungen des Landes folgen. Um die 
Anwohner mit ihren Sorgen und Ängsten nicht allein zu lassen, organisierte der Landkreis gleich für den Abend 
nach der Demonstration eine Gesprächsrunde mit Anwohnern. Neben Vertreter des Landkreises war auch der erst 
im November ins Amt gekommene Bürgermeister Heiko Richter (parteilos) dabei. Er könne recht wenig dazu 
sagen, die Stadt habe bei Fragen der Flüchtlingsunterkunft nicht viel Mitsprache. 
Zu Wort kommen nun die Anwohner, die sich laut ihrem Demonstrationsaufruf um den See sorgen. Ein Anwohner 
erklärt zuerst: ,,Ich bin kein Nazi."" Er behauptet, es hätte mehrere Standorte gegeben, auf denen gebaut werden 
könnte. Das wird vom Landkreis dementiert. Teils hitzig werden Fragen gestellt, zum Ablauf der Planung und zu 
den Kosten. Immer wieder werden Sicherheitsbedenken genannt. Man fürchte um die Kinder, die Frauen. Nur zum 
Schutz der Natur fragt nun niemand mehr. 
***
 Hier sollen vier Container für geflüchtete Menschen gebaut werden. Etwa 400 Meter trennen das Grundstück vom 
Landschaftsschutzgebiet. 
 Infobox 
 Zahlen und Fakten 
Laut der Willkommensinitiative in Falkensee leben im Landkreis Havelland derzeit 7,4 Prozent Menschen mit 
ausländischen Wurzeln, davon sind 3 Prozent Geflüchtete. In Falkensee sind es 6,2 Prozent Menschen mit 
ausländischem Pass, davon 1,7 Prozent Geflüchtete. Mit den 400 weiteren Geflüchteten würde sich dieser Anteil 
auf 2,6 Prozent erhören. Die meisten Menschen mit Fluchtgeschichte im Landkreis, 9 bis 10 Prozent, leben in den 
Städten Premnitz und Rathenow. Erklärt wird dies mit dem vergleichsweisen günstigen Wohnraum im westlichen 
Havelland."
2024-02,Main Corpus,2024-02(50).ZIP,Begegnungsstätte perspektivisch wieder für die Vereine geöffnet Politik BBS Roffhausen seit 2022 Unt.PDF,C:\PythonProjects\AfD-project\Corpora\Main Corpus\2024-02\raw_unarchive\Begegnungsstätte perspektivisch wieder für die Vereine geöffnet Politik BBS Roffhausen seit 2022 Unt.PDF,Begegnungsstätte perspektivisch wieder für die Vereine geöffnet Politik BBS Roffhausen seit 2022 Unterkunft,begegnungsstätte perspektivisch wieder für die vereine geöffnet politik bbs roffhausen seit 2022 unterkunft,Nordwest-Zeitung,nordwestzeitung,22. Februar 2024,,JEVER; S. 19,559,4104,d3a7473f7ce4cf2804eb30991f1f05ef6293fbd0,,unique,keep,,no,,no,,,5202,no,,,,,"Roffhausen/obn - Seit rund eineinhalb Jahren werden die Bürgerbegegnungsstätte (BBS) wie auch die 
angrenzende ehemalige Heinz-Neukäter-Schule in Roffhausen zur Unterbringung von Geflüchteten genutzt. Geht 
es nach der schwarz-grünen Mehrheitsgruppe im Schortenser Stadtrat, soll zumindest die Bürgerbegegnungsstätte 
in absehbarer Zeit wieder den örtlichen Vereinen und Gruppen zur Verfügung stehen. Einen entsprechenden 
Antrag haben die Gruppensprecher Axel Homfeldt und Wolfgang Ottens im Namen ihrer Fraktionen jetzt gestellt.
Große Einschränkungen
Die frühere Heinz-Neukäter-Schule wurde im Sommer 2022 zur Gemeinschaftsunterkunft umgebaut und bietet 
Platz für 100 Menschen. Anfangs lebten hier viele Geflüchtete aus der Ukraine, inzwischen sind es überwiegend 
Menschen aus Syrien, Irak, Afghanistan und Südamerika. Knapp 70 Flüchtlinge leben dort heute. Die direkt 
benachbarte Bürgerbegegnungsstätte wurde nahezu zeitgleich umfunktioniert in eine Gemeinschaftsunterkunft für 
26 Geflüchtete. Dort leben heute 20 Personen. Beide Einrichtungen betreibt die Stadt Schortens.
 Es war richtig, an dieser Stelle Geflüchtete unterzubringen, um den Druck auf den Wohnungsmarkt abzumildern 
und zu verhindern, dass womöglich Sporthallen belegt werden mussten. Nun aber ist es auch an der Zeit, den 
Bürgerinnen und Bürgern ihren Treffpunkt wieder zurückzugeben , erklärt Axel Homfeldt (CDU). Dafür solle die 
Verwaltung nun einen Plan erstellen und auch einen Zeitraum benennen, bis wann die BBS wieder für jedermann 
zugänglich sein kann.

Begegnungsstätte perspektivisch wieder für die Vereine geöffnet Politik BBS Roffhausen seit 2022 Unterkunft 
für Flüchtlinge Antrag der schwarz-grünen Mehrheit....
 Uns ist bewusst, dass es eine sehr herausfordernde Aufgabe für die Verwaltung ist, die Menschen, die derzeit in 
der BBS leben, woanders unterzubringen. Auf der anderen Seite müssen wir aber auch berücksichtigen, unter 
welchen Einschränkungen unter anderem Bürger- und Schützenverein jetzt seit zwei Jahren versuchen, das 
Vereinsleben aufrecht zu halten , sagt Wolfgang Ottens (Grüne). Die Belegung öffentlicher Räume für die 
Unterbringung von Geflüchteten könne immer nur für einen begrenzten Zeitraum begründet werden. Eine 
Dauerlösung ohne zeitliche Befristung sei irgendwann schädlich für das soziale Miteinander in der Stadt.
Idealerweise bis Herbst
Wann die BBS wieder für die Vereine zugänglich sein soll, schreiben CDU und Grüne in ihrem Antrag nicht. Das 
können wir auch noch nicht konkret sagen, weil es nun darum gehen muss, die Menschen gut woanders 
unterzubringen.
Und dabei müssen wir auch im Blick behalten, wie sich die Zuweisung von Geflüchteten weiter entwickeln könnte , 
so Homfeldt. Vor diesem Hintergrund habe die Mehrheitsgruppe bewusst auf die Nennung eines Termins 
verzichtet, um der Verwaltung ausreichend Zeit für die Planung und Umsetzung geben zu können. Allerdings sei 
schon die Erwartung, dass das noch in diesem Jahr, idealerweise bis zum Herbst, umgesetzt werden sollte.
Rein rechnerisch wäre es prinzipiell möglich, die aktuell nur zu knapp 70 Prozent belegte frühere Heinz-Neukäter-
Schule stärker zu nutzen, indem die nebenan in der BBS untergebrachten Personen umziehen, um die 
Begegnungsstätte somit wieder als Treffpunkt für die Vereine und Bürger nutzen zu können. Allerdings: Der 
Wohnungsmarkt nicht nur in Schortens ist weiterhin extrem angespannt, es ist und bleibt schwierig, die 
Geflüchteten Einzelpersonen wie auch Familien in den regulären Wohnungsmarkt zu vermitteln, sagt Schortens 
stellvertretender Fachbereichsleiter Ordnung und Soziales , Heiko Klein.
Aktuell habe die Stadt ihre Aufnahmequote erfüllt, aber wie sich die Verpflichtung weiter entwickelt, wisse man 
derzeit nicht. Politik und Verwaltung müssten sich daher konzeptionell Gedanken zur Unterbringung Geflüchteter 
machen, wenn die Begegnungsstätte nicht mehr zur Verfügung steht.
PDF-Datei dieses Dokuments
Begegnungsstätte perspektivisch wieder für die Vereine geöffnet Politik BBS Roffhausen seit 2022 Unterkunft 
für Flüchtlinge Antrag der schwarz-grünen Mehrheit...."
2024-02,Main Corpus,2024-02(50).ZIP,Bei Zerfall der Ukraine droht Massenflucht Bundesbehörden rechnen in Worst-Case-Szenarien mit zehn M(2).PDF,C:\PythonProjects\AfD-project\Corpora\Main Corpus\2024-02\raw_unarchive\Bei Zerfall der Ukraine droht Massenflucht Bundesbehörden rechnen in Worst-Case-Szenarien mit zehn M(2).PDF,Bei Zerfall der Ukraine droht Massenflucht Bundesbehörden rechnen in Worst-Case-Szenarien mit zehn,bei zerfall der ukraine droht massenflucht bundesbehörden rechnen in worstcaseszenarien mit zehn,Welt am Sonntag,welt am sonntag,10. Februar 2024,Ibrahim Naber,Politik; S. 7; Ausg. 6,606,4436,6f6b477a62e792a7effc46f4888132c56d575bc8,exact_001,duplicate_exact,review,,no,,no,,,6422,no,,exact_001,,,"Die Bundesregierung geht bei einem potenziellen Zerfall der Ukraine davon aus, dass rund zehn Millionen 
Menschen zusätzlich das Land verlassen. Die überwiegende Mehrheit der Flüchtlinge würde in diesem Szenario 
nach Westeuropa aufbrechen, ein Zielland wäre Deutschland. Das erfuhr WELT AM SONNTAG sowohl aus 
Sicherheitskreisen als auch von unterrichteten Parlamentariern. Das Innenministerium (BMI) und die Bundespolizei 
teilten auf Anfrage mit, grundsätzlich keine Prognosen zur Entwicklung des Migrationsgeschehens abgeben zu 
wollen.
Seit Beginn des russischen Angriffskrieges sind nach Angaben des UN-Flüchtlingshilfswerks UNHCR mehr als 
sechs Millionen Menschen aus der Ukraine geflohen. Hinzu kommen weitere Millionen Binnengeflüchtete in der 
Ukraine selbst. In Deutschland halten sich laut Angaben des BMI aktuell 1,1 Millionen ukrainische 
Staatsangehörige auf, die seit 2022 eingereist sind.
Die Ukraine kämpft derzeit auf mehreren Ebenen mit Problemen. An der Front mit dem Mangel an Soldaten und 
Artilleriegranaten, weshalb die russische Armee die Initiative übernehmen konnte. Innenpolitisch war es zuletzt der 
Machtkampf zwischen Präsident Wolodymyr Selenskyj und dem ukrainischen Oberbefehlshaber Walerij 
Saluschnyj, der am Donnerstag entlassen wurde. Außenpolitisch sind die ausbleibenden Hilfen der Vereinigten 
Staaten ein Problem. Der US-Senat hatte am Mittwoch ein Gesetzespaket abgelehnt, das 60 Milliarden US-Dollar 
zur Unterstützung der Ukraine umfasst. Die von Donald Trump angeführten Republikaner könnten ihre 
Blockadehaltung bis zur Präsidentschaftswahl im November fortsetzen.
CDU-Außenpolitiker Roderich Kiesewetter sieht Europa mehr denn je in der Verantwortung für die Ukraine. Die 
Unterstützerstaaten müssten die militärische Hilfe angesichts des amerikanischen Zögerns jetzt deutlich erhöhen. 
""Wenn wir unsere Strategie bei der Ukraine-Unterstützung nicht ändern, wird das Worst-Case-Szenario einer 

Bei Zerfall der Ukraine droht Massenflucht Bundesbehörden rechnen in Worst-Case-Szenarien mit zehn 
Millionen zusätzlichen Geflüchteten aus dem Kriegsland
Massenflucht aus der Ukraine und einer Ausweitung des Krieges auf Nato-Staaten sehr viel wahrscheinlicher. Dann 
sind zehn Millionen Flüchtlinge eher eine untere Annahme"" , sagte Kiesewetter im Gespräch mit WELT AM 
SONNTAG. Migrationsforscher Gerald Knaus teilt diese Einschätzung: ""Würde die Ukraine den Krieg verlieren, 
könnten auch viel mehr als zehn Millionen Flüchtlinge in die EU kommen. Es ist jetzt schon die größte 
Fluchtbewegung in Europa seit den 1940er-Jahren."" Im Vergleich zur Massenflucht im Kontext des Krieges in 
Syrien gebe es einen großen Unterschied. Die Türkei habe mittlerweile die Grenze zu Syrien geschlossen und eine 
Mauer errichtet. Dies werde die EU in Bezug auf die Ukraine nicht machen: ""Will sie also nicht, dass die Zahl der 
Flüchtlinge steigt, muss sie der Ukraine jetzt helfen, ihren Verteidigungskrieg zu gewinnen.""
Die 27 EU-Staaten hatten sich Anfang Februar nach langen Diskussionen auf ein neues Hilfspaket für die Ukraine 
geeinigt. 50 Milliarden Euro sollen demnach bis 2027 an Finanzhilfen in das Land fließen, ein großer Teil davon als 
Kredit. Michael Roth (SPD), Vorsitzender des Auswärtigen Ausschusses im Bundestag, warnt davor, dass dieses 
Geld nicht ausreichen könnte. Sollten die USA als Unterstützer weiterhin ausfallen, müsse Europa nachlegen. ""Die 
EU sollte dann über eine gemeinsame Schuldenaufnahme nachdenken, um erstens den ukrainischen Haushalt und 
Wiederaufbau langfristig zu finanzieren, zweitens die europäische Rüstungsproduktion noch schneller 
hochzufahren und drittens Rüstungsgüter für die Ukraine, vor allem Munition, nicht nur in Europa, sondern auf dem 
Weltmarkt einzukaufen.""
Trotz der aktuellen Probleme in der Ukraine geht die Bundesregierung davon aus, dass das Land über die 
militärischen und finanziellen Mittel verfügt, um die Verteidigung und Stabilität bis Ende 2024 aufrechtzuerhalten. 
Sowohl deutsche Dienste als auch westliche Analysten halten große Frontdurchbrüche in diesem Jahr für 
unwahrscheinlich. In den vergangenen Wochen hat die russische Armee unter hohem Aufwand nur kleine 
Gebietsgewinne erzielt. In der Ostukraine stehen Putins Truppen kurz vor der Eroberung der umkämpften Stadt 
Awdijiwka.
Es ist jetzt schon die größte Fluchtbewegung in Europa seit den 1940er-Jahren Gerald Knaus, Migrationsforscher
Original Gesamtseiten-PDF"
2024-02,Main Corpus,2024-02(50).ZIP,Bei Zerfall der Ukraine droht Massenflucht Bundesbehörden rechnen in Worst-Case-Szenarien mit zehn M.PDF,C:\PythonProjects\AfD-project\Corpora\Main Corpus\2024-02\raw_unarchive\Bei Zerfall der Ukraine droht Massenflucht Bundesbehörden rechnen in Worst-Case-Szenarien mit zehn M.PDF,Bei Zerfall der Ukraine droht Massenflucht Bundesbehörden rechnen in Worst-Case-Szenarien mit zehn,bei zerfall der ukraine droht massenflucht bundesbehörden rechnen in worstcaseszenarien mit zehn,Welt am Sonntag,welt am sonntag,11. Februar 2024,Ibrahim Naber,Politik; S. 7; Ausg. 6,606,4436,6f6b477a62e792a7effc46f4888132c56d575bc8,exact_001,duplicate_exact,review,,no,,no,,,6422,no,,exact_001,,,"Die Bundesregierung geht bei einem potenziellen Zerfall der Ukraine davon aus, dass rund zehn Millionen 
Menschen zusätzlich das Land verlassen. Die überwiegende Mehrheit der Flüchtlinge würde in diesem Szenario 
nach Westeuropa aufbrechen, ein Zielland wäre Deutschland. Das erfuhr WELT AM SONNTAG sowohl aus 
Sicherheitskreisen als auch von unterrichteten Parlamentariern. Das Innenministerium (BMI) und die Bundespolizei 
teilten auf Anfrage mit, grundsätzlich keine Prognosen zur Entwicklung des Migrationsgeschehens abgeben zu 
wollen.
Seit Beginn des russischen Angriffskrieges sind nach Angaben des UN-Flüchtlingshilfswerks UNHCR mehr als 
sechs Millionen Menschen aus der Ukraine geflohen. Hinzu kommen weitere Millionen Binnengeflüchtete in der 
Ukraine selbst. In Deutschland halten sich laut Angaben des BMI aktuell 1,1 Millionen ukrainische 
Staatsangehörige auf, die seit 2022 eingereist sind.
Die Ukraine kämpft derzeit auf mehreren Ebenen mit Problemen. An der Front mit dem Mangel an Soldaten und 
Artilleriegranaten, weshalb die russische Armee die Initiative übernehmen konnte. Innenpolitisch war es zuletzt der 
Machtkampf zwischen Präsident Wolodymyr Selenskyj und dem ukrainischen Oberbefehlshaber Walerij 
Saluschnyj, der am Donnerstag entlassen wurde. Außenpolitisch sind die ausbleibenden Hilfen der Vereinigten 
Staaten ein Problem. Der US-Senat hatte am Mittwoch ein Gesetzespaket abgelehnt, das 60 Milliarden US-Dollar 
zur Unterstützung der Ukraine umfasst. Die von Donald Trump angeführten Republikaner könnten ihre 
Blockadehaltung bis zur Präsidentschaftswahl im November fortsetzen.
CDU-Außenpolitiker Roderich Kiesewetter sieht Europa mehr denn je in der Verantwortung für die Ukraine. Die 
Unterstützerstaaten müssten die militärische Hilfe angesichts des amerikanischen Zögerns jetzt deutlich erhöhen. 
""Wenn wir unsere Strategie bei der Ukraine-Unterstützung nicht ändern, wird das Worst-Case-Szenario einer 

Bei Zerfall der Ukraine droht Massenflucht Bundesbehörden rechnen in Worst-Case-Szenarien mit zehn 
Millionen zusätzlichen Geflüchteten aus dem Kriegsland
Massenflucht aus der Ukraine und einer Ausweitung des Krieges auf Nato-Staaten sehr viel wahrscheinlicher. Dann 
sind zehn Millionen Flüchtlinge eher eine untere Annahme"" , sagte Kiesewetter im Gespräch mit WELT AM 
SONNTAG. Migrationsforscher Gerald Knaus teilt diese Einschätzung: ""Würde die Ukraine den Krieg verlieren, 
könnten auch viel mehr als zehn Millionen Flüchtlinge in die EU kommen. Es ist jetzt schon die größte 
Fluchtbewegung in Europa seit den 1940er-Jahren."" Im Vergleich zur Massenflucht im Kontext des Krieges in 
Syrien gebe es einen großen Unterschied. Die Türkei habe mittlerweile die Grenze zu Syrien geschlossen und eine 
Mauer errichtet. Dies werde die EU in Bezug auf die Ukraine nicht machen: ""Will sie also nicht, dass die Zahl der 
Flüchtlinge steigt, muss sie der Ukraine jetzt helfen, ihren Verteidigungskrieg zu gewinnen.""
Die 27 EU-Staaten hatten sich Anfang Februar nach langen Diskussionen auf ein neues Hilfspaket für die Ukraine 
geeinigt. 50 Milliarden Euro sollen demnach bis 2027 an Finanzhilfen in das Land fließen, ein großer Teil davon als 
Kredit. Michael Roth (SPD), Vorsitzender des Auswärtigen Ausschusses im Bundestag, warnt davor, dass dieses 
Geld nicht ausreichen könnte. Sollten die USA als Unterstützer weiterhin ausfallen, müsse Europa nachlegen. ""Die 
EU sollte dann über eine gemeinsame Schuldenaufnahme nachdenken, um erstens den ukrainischen Haushalt und 
Wiederaufbau langfristig zu finanzieren, zweitens die europäische Rüstungsproduktion noch schneller 
hochzufahren und drittens Rüstungsgüter für die Ukraine, vor allem Munition, nicht nur in Europa, sondern auf dem 
Weltmarkt einzukaufen.""
Trotz der aktuellen Probleme in der Ukraine geht die Bundesregierung davon aus, dass das Land über die 
militärischen und finanziellen Mittel verfügt, um die Verteidigung und Stabilität bis Ende 2024 aufrechtzuerhalten. 
Sowohl deutsche Dienste als auch westliche Analysten halten große Frontdurchbrüche in diesem Jahr für 
unwahrscheinlich. In den vergangenen Wochen hat die russische Armee unter hohem Aufwand nur kleine 
Gebietsgewinne erzielt. In der Ostukraine stehen Putins Truppen kurz vor der Eroberung der umkämpften Stadt 
Awdijiwka.
Es ist jetzt schon die größte Fluchtbewegung in Europa seit den 1940er-Jahren Gerald Knaus, Migrationsforscher
Original Gesamtseiten-PDF"
2024-02,Main Corpus,2024-02(50).ZIP,Bezahlkarte soll schnell kommen(2).PDF,C:\PythonProjects\AfD-project\Corpora\Main Corpus\2024-02\raw_unarchive\Bezahlkarte soll schnell kommen(2).PDF,Bezahlkarte soll schnell kommen,bezahlkarte soll schnell kommen,Frankfurter Rundschau,frankfurter rundschau,Donnerstag 1. Februar 2024,,HESSEN; S. D1,546,4058,831dc880b434990fefa23a6a1ea6f1dd35b8ab1e,variant_001,regional_variant,review,,no,,no,,,5153,no,,,near_001,variant_001,"VON HANNING VOIGTS
Hessens Ministerpräsident Boris Rhein (CDU) hat sich erfreut darüber gezeigt, dass die Bundesländer sich auf 
gemeinsame Standards für eine sogenannte Bezahlkarte für geflüchtete Menschen geeinigt haben. „Das ist aus 
meiner Sicht ein ganz großer Schritt, um Anreize für illegale Migration nach Deutschland zu beschränken“, sagte 
Rhein am Mittwoch in Wiesbaden. Mit der Karte falle ein „Pull-Effekt“ weg, der Flüchtlinge dazu bewege, innerhalb 
Europas gerade nach Deutschland zu kommen.
Die Bundesländer hatten nach einer grundsätzlichen Einigung im November vergangenen Jahres eine 
Arbeitsgruppe unter hessischem Vorsitz eingerichtet, die sich nun Standards für die neue Bezahlkarte überlegt hat. 
Geflüchtete Menschen sollen das Geld, das ihnen nach dem Asylbewerberleistungsgesetz zusteht, nur noch als 
Guthaben auf einer Karte bekommen, von dem nur ein Teil als sogenanntes Taschengeld in bar abgehoben 
werden kann. Ansonsten soll die Karte in Geschäften wie eine EC-Karte funktionieren. Nach Rheins Angaben 
sollen die einzelnen Länder die Möglichkeit bekommen, weitere Einschränkungen für die Karte festzulegen, so dass 
diese etwa nicht für Glücksspiele genutzt werden könne. Die Länder wollen ein gemeinsames Vergabeverfahren für 
die Umsetzung der Karte starten, lediglich Bayern und Mecklenburg-Vorpommern machen eigene 
Ausschreibungen. Rhein sagte, die Bezahlkarte solle „schnellstmöglich“ eingeführt werden, möglichst bis zum 
Sommer. Er gehe davon aus, dass die Kosten für die Einführung sich im „überschaubaren Rahmen“ halten würden.
Als Vorteile des geplanten neuen Systems nannte Rhein, dass die Kommunen entlastet würden, weil sie kein 
Bargeld mehr an geflüchtete Menschen auszahlen müssten. Außerdem könne kein deutsches Steuergeld mehr in 
die Herkunftsländer der Menschen überwiesen oder an Schlepper weitergegeben werden. Wie hoch das bar 
verfügbare „Taschengeld“ in Hessen sein werde, müsse noch mit dem Koalitionspartner SPD besprochen werden, 
er gehe von 100 bis 150 Euro aus, erklärte Rhein. Ein gewisser Betrag müsse geflüchteten Menschen laut 
Rechtsprechung des Bundesverfassungsgerichts in bar zur Verfügung stehen.
Vom hessischen Flüchtlingsrat kam derweil Kritik an dem neuen Kartensystem. „Die Menschen kommen nach 
Deutschland, weil sie vor Verfolgung und Krieg fliehen und sich hier Sicherheit und ein besseres Leben 
versprechen, nicht wegen ein paar Sozialleistungen“, sagte Geschäftsführer Timmo Scherenberg der Frankfurter 
Rundschau.

Bezahlkarte soll schnell kommen
Zu behaupten, dass sich mit der Karte echte Anreize für illegale Migration nach Deutschland senken ließen, gieße 
„Wasser auf die Mühlen der Rechtspopulisten“, formulierte Scherenberg.
Im Alltag geflüchteter Menschen werde die Bezahlkarte zudem reale Probleme verursachen, kritisierte der 
Geschäftsführer des Flüchtlingsrats. Auf Märkten könne man damit ebenso wenig bezahlen wie bei 
Rechtsanwält:innen. Außerdem könne technisch festgelegt werden, dass die Karten nur in bestimmten Geschäften 
funktionierten, was diskriminierend sei. Auch dass durch die Karte Überweisungen ins Ausland unterbunden 
werden könnten, sei bei den geringen Leistungen für Geflüchtete „gelinde gesagt etwas weltfremd“, sagte 
Scherenberg.
Die in Teilen rechtsextreme AfD im hessischen Landtag lobte die Änderung dagegen als „Schritt in die richtige 
Richtung“. Fraktionschef Robert Lambrou sagte, mit der Bezahlkarte werde eine AfD-Forderung umgesetzt. Die 
Bundesländer seien aber offenbar weiterhin nicht bereit, „Ausreisepflichtige auch wirklich abzuschieben und die 
Asylverfahren außerhalb von Deutschland anzustrengen“.
Yanki Pürsün, der migrationspolitische Sprecher der FDP im Landtag, sprach ebenfalls von einem „wichtigen 
Schritt“. Die Karte verhindere, „dass Geld an Schlepper gezahlt oder in Herkunftsländer überwiesen wird“, sagte 
Pürsün. Die schwarz-rote Landesregierung müsse aber auch ihre Zusage einhalten, nur noch Migrant:innen mit 
Bleibeperspektive auf die Kommunen zu verteilen. Kommentar Seite 11
Link zum PDF-Dokument"
2024-02,Main Corpus,2024-02(50).ZIP,Bezahlkarte soll schnell kommen.PDF,C:\PythonProjects\AfD-project\Corpora\Main Corpus\2024-02\raw_unarchive\Bezahlkarte soll schnell kommen.PDF,Bezahlkarte soll schnell kommen,bezahlkarte soll schnell kommen,Frankfurter Rundschau,frankfurter rundschau,Donnerstag 1. Februar 2024,,FRANKFURT; S. F1,546,4059,f13594dd974556a748bd6ade626d1395f31d6ee9,variant_001,regional_variant,review,,no,,no,,,5220,no,,,near_001,variant_001,"VON HANNING VOIGTS
Hessens Ministerpräsident Boris Rhein (CDU) hat sich erfreut darüber gezeigt, dass die Bundesländer sich auf 
gemeinsame Standards für eine sogenannte Bezahlkarte für geflüchtete Menschen geeinigt haben. „Das ist aus 
meiner Sicht ein ganz großer Schritt, um Anreize für illegale Migration nach Deutschland zu beschränken“, sagte 
Rhein am Mittwoch in Wiesbaden. Mit der Karte falle ein „Pull-Effekt“ weg, der Flüchtlinge dazu bewege, innerhalb 
Europas gerade nach Deutschland zu kommen.
Die Bundesländer hatten nach einer grundsätzlichen Einigung im November vergangenen Jahres eine 
Arbeitsgruppe unter hessischem Vorsitz eingerichtet, die sich nun Standards für die neue Bezahlkarte überlegt hat. 
Geflüchtete Menschen sollen das Geld, das ihnen nach dem Asylbewerberleistungsgesetz zusteht, nur noch als 
Guthaben auf einer Karte bekommen, von dem nur ein Teil als sogenanntes Taschengeld in bar abgehoben 
werden kann. Ansonsten soll die Karte in Geschäften wie eine EC-Karte funktionieren.
Nach Rheins Angaben sollen die einzelnen Länder die Möglichkeit bekommen, weitere Einschränkungen für die 
Karte festzulegen, so dass diese etwa nicht für Glücksspiele genutzt werden könne. Die Länder wollen ein 
gemeinsames Vergabeverfahren für die Umsetzung der Karte starten, lediglich Bayern und Mecklenburg-
Vorpommern machen eigene Ausschreibungen. Rhein sagte, die Bezahlkarte solle „schnellstmöglich“ eingeführt 
werden, möglichst bis zum Sommer. Er gehe davon aus, dass die Kosten für die Einführung sich im 
„überschaubaren Rahmen“ halten würden.
Als Vorteile des geplanten neuen Systems nannte Rhein, dass die Kommunen entlastet würden, weil sie kein 
Bargeld mehr an geflüchtete Menschen auszahlen müssten. Außerdem könne kein deutsches Steuergeld mehr in 
die Herkunftsländer der Menschen überwiesen oder an Schlepper weitergegeben werden. Wie hoch das bar 
verfügbare „Taschengeld“ in Hessen sein werde, müsse noch mit dem Koalitionspartner SPD besprochen werden, 
er gehe von 100 bis 150 Euro aus, erklärte Rhein. Ein gewisser Betrag müsse geflüchteten Menschen laut 
Rechtsprechung des Bundesverfassungsgerichts in bar zur Verfügung stehen.
Vom hessischen Flüchtlingsrat kam derweil Kritik an dem neuen Kartensystem. „Die Menschen kommen nach 
Deutschland, weil sie vor Verfolgung und Krieg fliehen und sich hier Sicherheit und ein besseres Leben 

Bezahlkarte soll schnell kommen
versprechen, nicht wegen ein paar Sozialleistungen“, sagte Geschäftsführer Timmo Scherenberg der Frankfurter 
Rundschau. 
Zu behaupten, dass sich mit der Karte echte Anreize für illegale Migration nach Deutschland senken ließen, gieße 
„Wasser auf die Mühlen der Rechtspopulisten“, formulierte Scherenberg.
Im Alltag geflüchteter Menschen werde die Bezahlkarte zudem reale Probleme verursachen, kritisierte der 
Geschäftsführer des Flüchtlingsrats. Auf Märkten könne man damit ebenso wenig bezahlen wie bei 
Rechtsanwält:innen. Außerdem könne technisch festgelegt werden, dass die Karten nur in bestimmten Geschäften 
funktionierten, was diskriminierend sei. Auch dass durch die Karte Überweisungen ins Ausland unterbunden 
werden könnten, sei bei den geringen Leistungen für Geflüchtete „gelinde gesagt etwas weltfremd“, sagte 
Scherenberg.
Die in Teilen rechtsextreme AfD im hessischen Landtag lobte die Änderung dagegen als „Schritt in die richtige 
Richtung“. Fraktionschef Robert Lambrou sagte, mit der Bezahlkarte werde eine AfD-Forderung umgesetzt. Die 
Bundesländer seien aber offenbar weiterhin nicht bereit, „Ausreisepflichtige auch wirklich abzuschieben und die 
Asylverfahren außerhalb von Deutschland anzustrengen“.
Yanki Pürsün, der migrationspolitische Sprecher der FDP im Landtag, sprach ebenfalls von einem „wichtigen 
Schritt“. Die Karte verhindere, „dass Geld an Schlepper gezahlt oder in Herkunftsländer überwiesen wird“, sagte 
Pürsün. Die schwarz-rote Landesregierung müsse aber auch ihre Zusage einhalten, nur noch Migrant:innen mit 
Bleibeperspektive auf die Kommunen zu verteilen. Kommentar Seite 11
Link zum PDF-Dokument"
2024-02,Main Corpus,2024-02(50).ZIP,Bezahlkarte_ Monheim sagt „Nein“ Nach Karneval sollen – laut Bürgermeister Frank Schneider (CDU) aus.PDF,C:\PythonProjects\AfD-project\Corpora\Main Corpus\2024-02\raw_unarchive\Bezahlkarte_ Monheim sagt „Nein“ Nach Karneval sollen – laut Bürgermeister Frank Schneider (CDU) aus.PDF,Bezahlkarte: Monheim sagt „Nein“ Nach Karneval sollen – laut Bürgermeister Frank Schneider (CDU) aus,bezahlkarte monheim sagt nein nach karneval sollen  laut bürgermeister frank schneider cdu aus,Rheinische Post,rheinische post,Mittwoch 14. Februar 2024,Petra Czyperek,S. 25,660,5010,d676c0b26bd3802ae2ada491ee09c54cb4408af7,,unique,keep,,no,,no,,,6292,no,,,,,"Petra Czyperek
Langenfeld/Monheim Gerade erst hatten sich die Ministerpräsidenten der Bundesländer darauf geeinigt, eine 
einheitliche Bezahlkarte für Flüchtlinge auszustellen, statt weiter auf Bargeld zu setzen. Damit will man mögliche 
Anreize für Migration zurückfahren. Nordrhein-Westfalen möchte jetzt aber, dass die Städte selbst über die 
Einführung bestimmen. Und, dass sie an den Kosten beteiligt werden. Vom Städte- und Gemeindebund kommt 
dazu Kritik. Die Kommunen müssten einbezogen werden, argumentierte beispielsweise Hauptgeschäftsführer 
Christof Sommer. So bewerten die betroffenen Bürgermeister und Politiker in Langenfeld und Monheim das 
Vorgehen:
Frank Schneider (CDU) meint, „die Bezahlkarte ist kein Allheilmittel, nur ein Puzzleteil.“ Auf die Flüchtlingsströme 
werde sie „keinen großen Einfluss“ haben. Bei der Einführung dürfe es aber keinen Flickenteppich geben. Sie 
müsse „einheitlich geregelt werden“. Bund und Länder sollten die Ausgaben für die Einführung tragen. „Die 
Kommunen dürfen nicht auf den Kosten sitzen bleiben“, fordert der Langenfelder Bürgermeister. Für ihn 
unverständlich: Bisher hätten sich die Städte nicht über ihre Spitzenverbände wie beispielsweise den Städte-und 
Gemeindebund in die politische Diskussion einbringen können. Jetzt seien endlich Gespräche nach Karneval 
angekündigt worden, damit die Modalitäten für die Bezahlkarte gemeinam entwickelt werden.
Daniel Zimmermann (Peto) nimmt eine komplett andere Haltung ein. „Wir werden eine solche Guthabenkarte bei 
uns definitiv nicht einführen“, sagt das Monheimer Stadtoberhaupt. „Die intendierte Abschreckungsfunktion ist 
stigmatisierend, menschenfeindlich und vielleicht sogar verfassungswidrig. Unsere Bezahlkarte heißt Girokarte. Zu 

Bezahlkarte: Monheim sagt „Nein“ Nach Karneval sollen – laut Bürgermeister Frank Schneider (CDU) aus 
Langenfeld – Gespräche mit den Kommunen stattfinden, um ein....
uns geflüchtete Menschen brauchen so schnell wie möglich ein eigenes Konto, über das sie frei verfügen dürfen. 
Alles andere behindert die Integration.
Unter den Kommunalpolitikern regt sich in Teilen Protest an den Plänen des Landes:
Mirco Bange (FDP) erinnert: Die Bezahlkarte ist auf Bundesebene beschlossen worden. Die schwarz-grüne 
Landesregierung mit Ministerpräsident Hendrik Wüst (CDU) „weigert sich nun, dies als pflichtige 
Verwaltungsaufgabe zu deklarieren“. Bei einer freiwilligen Einführung bliebe die Stadt dann auf den Kosten sitzen. 
Das wäre „für Langenfeld in Zeiten klammer Kassen eine Katastrophe“, teilt der FDP Vorsitzende mit. Die Freien 
Demokraten beantragen für die nächste Ratssitzung eine Aufforderung an die Landesregierung, den Kommunen 
eine landesweite Lösung zur Verfügung zu stellen. Erfahrungen aus mehreren Pilotprojekten seien ermutigend. 
Bezahlkarten sparten gegenüber einer Barauszahlung Verwaltungsaufwand, und Geflüchtete stünden nicht mehr 
zu festen Zeiten für Bargeld an. Überweisungen ins Heimatland oder die Bezahlung von Schleppern würden durch 
die Bezahlkarte weitgehend verhindert, so Bange.
Markus Gronauer (CDU) unterscheidet bei der Einführung einer Bezahlkarte nicht zwischen Flüchtlingen und 
Sozialhilfeempfängern. Es sei der „normale Weg“, ihnen Bargeld auszuzahlen. „Kommen die Menschen nicht damit 
zurecht, muss man Alternativen suchen.“ Über die Bezahlkarte ließe es sich vermeiden, dass die Betroffenen auf 
den Ämtern ständig vorstellig werden müssten, sagt der Monheimer CDU-Fraktionsvorsitzende.
Deutliche Kritik äußern die Spitzenverbände im Land: Für Christoph Sommer vom Städte- und Gemeindebund 
NRW ist klar, „wenn Bund und Länder die Einführung einer Bezahlkarte beschließen, müssen sie auch vollständig 
die Kosten übernehmen. Die Kommunen zahlen für die Versorgung und Unterbringung der Geflüchteten schon viel 
zu lange drauf und sind auf Entlastungen angewiesen. Zusätzliche Aufgaben bedeuten das Gegenteil“, sagte er 
gegenüber der Deutschen Presseagentur (dpa). Auf der Homepage des Städtetages NRW äußert sich 
Geschäftsführer Helmut Dedy ähnlich. Zudem müsse sichergestellt werden, dass die Geldkarte einfach handhabbar 
sei, sowohl für Asylbewerber als auch für die Kommunen. Das Land dürfe nicht raus aus seiner Verantwortung. 
„Die Städte wollen außerdem keinen Flickenteppich: Die Bezahlkarte muss im ganzen Land angewendet werden“, 
sagt Dedy. Die Landesregierung solle jetzt möglichst schnell die Gespräche mit den Kommunen starten, um Details 
zur Bezahlkarte in NRW zu klären.
Gespräche über Voraussetzungen führen
Der Städtetag NRW hat die Landesregierung aufgefordert, möglichst schnell Gespräche mit den Kommunen zu 
starten, um die Voraussetzungen und die Details zur Bezahlkarte in Nordrhein-Westfalen zu klären. Etwa für 
welche Gruppe von Leistungsbeziehern die Karte gelten soll, wie die Karte in die Gemeinden kommt, und wer sie 
dort ausgibt.
5114368219_de96bb8323.IRPRODGERA_IPZFOM.jpg Philipp von Ditfurth Gemeinden und Spitzenverbände 
fordern eine einheitliche Regelung. Foto: dpa
Link to PDF"
2024-02,Main Corpus,2024-02(50).ZIP,Das Frühstücksbuffet ist für Flüchtlinge tabu Eine Stuttgarter Nobelherberge überlässt ihre Betten H(2).PDF,C:\PythonProjects\AfD-project\Corpora\Main Corpus\2024-02\raw_unarchive\Das Frühstücksbuffet ist für Flüchtlinge tabu Eine Stuttgarter Nobelherberge überlässt ihre Betten H(2).PDF,Das Frühstücksbuffet ist für Flüchtlinge tabu Eine Stuttgarter Nobelherberge überlässt ihre Betten Hunderten,das frühstücksbuffet ist für flüchtlinge tabu eine stuttgarter nobelherberge überlässt ihre betten hunderten,Welt am Sonntag,welt am sonntag,25. Februar 2024,Theresa Zachäus,Politik; S. 6; Ausg. 8,905,6196,cc7598d7093e6512880f17e672ee1798262e7818,exact_002,duplicate_exact,review,,no,,no,,,7234,no,,exact_002,,,"Der Pfeil, der über dem Fahrstuhl nach oben zeigt, leuchtet gelb auf. Die Fahrstuhltüren öffnen sich, und eine junge 
Familie tritt heraus. Der Mann trägt eine Mülltüte, die Frau neben ihm hält ein kleines Kind an der Hand. Sie 
sprechen Ukrainisch, tragen Daunenjacken und laufen durch die glänzende Hotellobby. An der Rezeption 
überreicht eine junge Dame einem Gast die Zimmerkarte. Die Familie beachtet das Geschehen nicht, sie geht 
hinaus in den kalten Februarabend.
Das Dormero-Hotel in Stuttgart-Möhringen. Hier kommen sie alle zusammen: ganz normale Hotelgäste, wie 
Geschäftsleute und Touristen, und 870 Flüchtlinge, die zwei Drittel der Zimmer belegen. Mehr als 700 von ihnen 
kommen aus der Ukraine. Seit zwei Jahren läuft der Betrieb schon so. Aber funktioniert es? Die ""Stuttgarter 
Zeitung"" schrieb jüngst über Flüchtlinge, die gegen die Regeln verstießen. Bei Bewertungsportalen wie ""Holiday 
Check"" wird die Herberge als ""Flüchtlingsunterkunft"" abgetan. Wie ist es wirklich? Die Migrationslage, die Einreise 
von Hunderttausenden Flüchtlingen vor allem aus der Ukraine, aber auch aus anderen Ecken der Welt stellt die 
Bundesrepublik vor gewaltige Herausforderungen - nicht zuletzt mit Blick auf die Unterbringung der Leute.
Die baden-württembergische Wohnungsbauministerin Nicole Razavi (CDU) hatte schon im Juni 2022 erklärt: ""Wir 
müssen dafür Sorge tragen, dass die Ankunft vieler Geflüchteter auf dem bereits sehr angespannten 
Wohnungsmarkt nicht zu einem Verdrängungswettbewerb ( ) in der Gesellschaft führt."" Nach jüngsten 
Berechnungen des Pestel-Instituts fehlen in Baden-Württemberg mehr als 200.000 Sozialwohnungen.
Der Stuttgarter Stadtsprecher Sven Matis sagt: ""Wir müssen monatlich etwa 200 geflüchtete Menschen zusätzlich 
unterbringen."" Angesichts des Wohnungsmangels sei dies eine schwierige Aufgabe. Aktuell stelle die Stadt 
Unterkünfte für rund 10.000 Migranten und Flüchtlinge bereit; ein Viertel davon lebt verteilt auf zehn Hotels. So war 
auch das Dormero im März 2022 umfunktioniert worden. Die Bedingung des Hotels: Vorwiegend Familien, ältere 
und kranke Personen sollen Platz bekommen. Die Stadt sagte zu.

Das Frühstücksbuffet ist für Flüchtlinge tabu Eine Stuttgarter Nobelherberge überlässt ihre Betten Hunderten 
Ukrainern. Der Hotelbetrieb läuft normal weiter. Ka....
Was sie zahlt? Das will niemand verraten. Kostendeckend sei die Sache, heißt es vom Dormero-Hotel. Das 
Gebäude besteht aus zwei Teilen. Von der Lobby, die sich im ""weißen Flügel"" des Gebäudes befindet, erstreckt 
sich ein weiter Flur. Er führt zu dem zweiten Gebäude des Hotels, dem ""roten Flügel"". Dazwischen: Eingänge zu 
einem Theater, einer Wellnesslandschaft, Restaurants und Bars. Heute auf dem Programm: ""Das Tina Turner 
Musical"".
Paare erkunden vor Beginn der Vorstellung das Gebäude, halten Händchen. Fast alle bleiben vor einem Holzschild 
stehen, bücken sich hinunter. Ein älterer Mann liest laut vor: ""Geschlossene Gesellschaft - Kein Durchgang."" Er 
sagt zu seiner Frau: ""Ach ja, das ist sicherlich für die Ukrainer."" Im ""roten Flügel"" leben ausschließlich die 
Flüchtlinge, der weiße war für die zahlenden Gäste reserviert, aber auch da blockt das Hotel mittlerweile Etagen für 
die Neuankömmlinge. Der Andrang ist nach wie vor riesig: 600 Personen stehen auf der Dormero-Warteliste.
Schon hier angekommen ist die 23-jährige Ukrainerin Anna aus Wuhledar, 60 Kilometer südlich von Donezk. ""Jetzt 
liegt dort alles in Ruinen"", sagt sie. Im August 2022 sei sie nach Deutschland gereist und erst einmal in ein 
Containerdorf gebracht worden. Drei Monate später durfte sie ins Dormero-Hotel: ""Ich bin froh, hier wohnen zu 
können. Wir sind eine Gemeinschaft, wir unterstützen uns gegenseitig."" Am nächsten Morgen sitzen die Hotelgäste 
in dem großen Frühstückssaal. Die Gäste tragen ihre Brote, Aufstriche und ihr Müsli zu den Tischen. Gleichzeitig 
laufen zwei junge Ukrainer in Shorts und Badelatschen mit kleinen Plastiktellerchen von ihrem Speisesaal zu den 
Aufzügen. Gemeinsam mit den Hotelgästen frühstücken? Das ist nicht gewünscht.
Christopher Horvath leitet das Hotel seit Oktober vergangenen Jahres. Seit mehr als 17 Jahren ist er in der 
Hotelbranche tätig, ein Mann für komplizierte Aufgaben. Ein Gespräch mit einer Journalistin? Da zögerte er. Per E-
Mail wurde er bedroht, vielleicht wäre es besser, nichts zu sagen. Dann stimmt er doch zu, nimmt Platz in der 
Lobby. Er sagt: ""Für mich gibt es keinen Unterschied zwischen einem sogenannten normalen Gast und einem 
Flüchtling. Für mich ist jeder Mensch gleich.""
Natürlich gebe es auch Hotelgäste, die sich über die gemeinsame Unterbringung mit den Ukrainern beschwerten, 
sagt er. Wer ein Zimmer im Dormero bucht, weiß vorher nichts von der Präsenz der Flüchtlinge. Manager Horvarth 
versucht, verstimmte Gäste zu beschwichtigen, bietet ein kostenloses Frühstück an, auch mal einen Rabatt auf den 
Übernachtungspreis. Aber Flüchtlinge, die die Gäste belästigen? Er schüttelt den Kopf: ""Das hat es nicht ein 
einziges Mal gegeben.
Eine Touristin aus Thüringen steht auf einem der Flure, hat mit ihrem Partner gerade eingecheckt. Über die Lage 
im Dormero-Hotel wusste sie vorher nichts. Ob sie gebucht hätte, wenn sie gewusst hätte, dass Flüchtlinge hier 
wohnen? ""Da bin ich mir nicht so sicher"", sagt sie und zieht die Augenbrauen hoch. Ein anderes Paar war schon 
vor ein paar Monaten hier und ist jetzt wieder zurückgekehrt. Probleme bei einem der Aufenthalte? Habe es nicht 
gegeben.
An der Rezeption der Hotellobby steht derweil wieder die junge Dame. Sie erklärt zwei neuen Gästen, wie sie auf 
ihre Zimmer gelangen. Ein ukrainischer Akzent ist herauszuhören. Sie war kurz nach Kriegsbeginn nach 
Deutschland gekommen, hatte keinen Job, lernte Deutsch. Dann hat Manager Horvath sie eingestellt. Sie ist eine 
von acht ukrainischen Mitarbeitern, die jetzt für das Hotel arbeiten. Horvarth sagt, das sei eine ziemliche 
Erfolgsgeschichte.
Original Gesamtseiten-PDF
Graphic
 
Zuhause für Flüchtlinge: das Dormero-Hotel in Stuttgart
Das Frühstücksbuffet ist für Flüchtlinge tabu Eine Stuttgarter Nobelherberge überlässt ihre Betten Hunderten 
Ukrainern. Der Hotelbetrieb läuft normal weiter. Ka...."
2024-02,Main Corpus,2024-02(50).ZIP,Das Frühstücksbuffet ist für Flüchtlinge tabu Eine Stuttgarter Nobelherberge überlässt ihre Betten H.PDF,C:\PythonProjects\AfD-project\Corpora\Main Corpus\2024-02\raw_unarchive\Das Frühstücksbuffet ist für Flüchtlinge tabu Eine Stuttgarter Nobelherberge überlässt ihre Betten H.PDF,Das Frühstücksbuffet ist für Flüchtlinge tabu Eine Stuttgarter Nobelherberge überlässt ihre Betten Hunderten,das frühstücksbuffet ist für flüchtlinge tabu eine stuttgarter nobelherberge überlässt ihre betten hunderten,Welt am Sonntag,welt am sonntag,24. Februar 2024,Theresa Zachäus,Politik; S. 6; Ausg. 8,905,6196,cc7598d7093e6512880f17e672ee1798262e7818,exact_002,duplicate_exact,review,,no,,no,,,7234,no,,exact_002,,,"Der Pfeil, der über dem Fahrstuhl nach oben zeigt, leuchtet gelb auf. Die Fahrstuhltüren öffnen sich, und eine junge 
Familie tritt heraus. Der Mann trägt eine Mülltüte, die Frau neben ihm hält ein kleines Kind an der Hand. Sie 
sprechen Ukrainisch, tragen Daunenjacken und laufen durch die glänzende Hotellobby. An der Rezeption 
überreicht eine junge Dame einem Gast die Zimmerkarte. Die Familie beachtet das Geschehen nicht, sie geht 
hinaus in den kalten Februarabend.
Das Dormero-Hotel in Stuttgart-Möhringen. Hier kommen sie alle zusammen: ganz normale Hotelgäste, wie 
Geschäftsleute und Touristen, und 870 Flüchtlinge, die zwei Drittel der Zimmer belegen. Mehr als 700 von ihnen 
kommen aus der Ukraine. Seit zwei Jahren läuft der Betrieb schon so. Aber funktioniert es? Die ""Stuttgarter 
Zeitung"" schrieb jüngst über Flüchtlinge, die gegen die Regeln verstießen. Bei Bewertungsportalen wie ""Holiday 
Check"" wird die Herberge als ""Flüchtlingsunterkunft"" abgetan. Wie ist es wirklich? Die Migrationslage, die Einreise 
von Hunderttausenden Flüchtlingen vor allem aus der Ukraine, aber auch aus anderen Ecken der Welt stellt die 
Bundesrepublik vor gewaltige Herausforderungen - nicht zuletzt mit Blick auf die Unterbringung der Leute.
Die baden-württembergische Wohnungsbauministerin Nicole Razavi (CDU) hatte schon im Juni 2022 erklärt: ""Wir 
müssen dafür Sorge tragen, dass die Ankunft vieler Geflüchteter auf dem bereits sehr angespannten 
Wohnungsmarkt nicht zu einem Verdrängungswettbewerb ( ) in der Gesellschaft führt."" Nach jüngsten 
Berechnungen des Pestel-Instituts fehlen in Baden-Württemberg mehr als 200.000 Sozialwohnungen.
Der Stuttgarter Stadtsprecher Sven Matis sagt: ""Wir müssen monatlich etwa 200 geflüchtete Menschen zusätzlich 
unterbringen."" Angesichts des Wohnungsmangels sei dies eine schwierige Aufgabe. Aktuell stelle die Stadt 
Unterkünfte für rund 10.000 Migranten und Flüchtlinge bereit; ein Viertel davon lebt verteilt auf zehn Hotels. So war 
auch das Dormero im März 2022 umfunktioniert worden. Die Bedingung des Hotels: Vorwiegend Familien, ältere 
und kranke Personen sollen Platz bekommen. Die Stadt sagte zu.

Das Frühstücksbuffet ist für Flüchtlinge tabu Eine Stuttgarter Nobelherberge überlässt ihre Betten Hunderten 
Ukrainern. Der Hotelbetrieb läuft normal weiter. Ka....
Was sie zahlt? Das will niemand verraten. Kostendeckend sei die Sache, heißt es vom Dormero-Hotel. Das 
Gebäude besteht aus zwei Teilen. Von der Lobby, die sich im ""weißen Flügel"" des Gebäudes befindet, erstreckt 
sich ein weiter Flur. Er führt zu dem zweiten Gebäude des Hotels, dem ""roten Flügel"". Dazwischen: Eingänge zu 
einem Theater, einer Wellnesslandschaft, Restaurants und Bars. Heute auf dem Programm: ""Das Tina Turner 
Musical"".
Paare erkunden vor Beginn der Vorstellung das Gebäude, halten Händchen. Fast alle bleiben vor einem Holzschild 
stehen, bücken sich hinunter. Ein älterer Mann liest laut vor: ""Geschlossene Gesellschaft - Kein Durchgang."" Er 
sagt zu seiner Frau: ""Ach ja, das ist sicherlich für die Ukrainer."" Im ""roten Flügel"" leben ausschließlich die 
Flüchtlinge, der weiße war für die zahlenden Gäste reserviert, aber auch da blockt das Hotel mittlerweile Etagen für 
die Neuankömmlinge. Der Andrang ist nach wie vor riesig: 600 Personen stehen auf der Dormero-Warteliste.
Schon hier angekommen ist die 23-jährige Ukrainerin Anna aus Wuhledar, 60 Kilometer südlich von Donezk. ""Jetzt 
liegt dort alles in Ruinen"", sagt sie. Im August 2022 sei sie nach Deutschland gereist und erst einmal in ein 
Containerdorf gebracht worden. Drei Monate später durfte sie ins Dormero-Hotel: ""Ich bin froh, hier wohnen zu 
können. Wir sind eine Gemeinschaft, wir unterstützen uns gegenseitig."" Am nächsten Morgen sitzen die Hotelgäste 
in dem großen Frühstückssaal. Die Gäste tragen ihre Brote, Aufstriche und ihr Müsli zu den Tischen. Gleichzeitig 
laufen zwei junge Ukrainer in Shorts und Badelatschen mit kleinen Plastiktellerchen von ihrem Speisesaal zu den 
Aufzügen. Gemeinsam mit den Hotelgästen frühstücken? Das ist nicht gewünscht.
Christopher Horvath leitet das Hotel seit Oktober vergangenen Jahres. Seit mehr als 17 Jahren ist er in der 
Hotelbranche tätig, ein Mann für komplizierte Aufgaben. Ein Gespräch mit einer Journalistin? Da zögerte er. Per E-
Mail wurde er bedroht, vielleicht wäre es besser, nichts zu sagen. Dann stimmt er doch zu, nimmt Platz in der 
Lobby. Er sagt: ""Für mich gibt es keinen Unterschied zwischen einem sogenannten normalen Gast und einem 
Flüchtling. Für mich ist jeder Mensch gleich.""
Natürlich gebe es auch Hotelgäste, die sich über die gemeinsame Unterbringung mit den Ukrainern beschwerten, 
sagt er. Wer ein Zimmer im Dormero bucht, weiß vorher nichts von der Präsenz der Flüchtlinge. Manager Horvarth 
versucht, verstimmte Gäste zu beschwichtigen, bietet ein kostenloses Frühstück an, auch mal einen Rabatt auf den 
Übernachtungspreis. Aber Flüchtlinge, die die Gäste belästigen? Er schüttelt den Kopf: ""Das hat es nicht ein 
einziges Mal gegeben.
Eine Touristin aus Thüringen steht auf einem der Flure, hat mit ihrem Partner gerade eingecheckt. Über die Lage 
im Dormero-Hotel wusste sie vorher nichts. Ob sie gebucht hätte, wenn sie gewusst hätte, dass Flüchtlinge hier 
wohnen? ""Da bin ich mir nicht so sicher"", sagt sie und zieht die Augenbrauen hoch. Ein anderes Paar war schon 
vor ein paar Monaten hier und ist jetzt wieder zurückgekehrt. Probleme bei einem der Aufenthalte? Habe es nicht 
gegeben.
An der Rezeption der Hotellobby steht derweil wieder die junge Dame. Sie erklärt zwei neuen Gästen, wie sie auf 
ihre Zimmer gelangen. Ein ukrainischer Akzent ist herauszuhören. Sie war kurz nach Kriegsbeginn nach 
Deutschland gekommen, hatte keinen Job, lernte Deutsch. Dann hat Manager Horvath sie eingestellt. Sie ist eine 
von acht ukrainischen Mitarbeitern, die jetzt für das Hotel arbeiten. Horvarth sagt, das sei eine ziemliche 
Erfolgsgeschichte.
Original Gesamtseiten-PDF
Graphic
 
Zuhause für Flüchtlinge: das Dormero-Hotel in Stuttgart
Das Frühstücksbuffet ist für Flüchtlinge tabu Eine Stuttgarter Nobelherberge überlässt ihre Betten Hunderten 
Ukrainern. Der Hotelbetrieb läuft normal weiter. Ka...."
2024-02,Main Corpus,2024-02(50).ZIP,Der Überlebende von Pylos Vor neun Monaten sank vor Griechenland ein Boot mit mehr als 750 Migranten.PDF,C:\PythonProjects\AfD-project\Corpora\Main Corpus\2024-02\raw_unarchive\Der Überlebende von Pylos Vor neun Monaten sank vor Griechenland ein Boot mit mehr als 750 Migranten.PDF,"Der Überlebende von Pylos; Vor neun Monaten sank vor Griechenland ein Boot mit mehr als 750 Migranten,",der überlebende von pylos vor neun monaten sank vor griechenland ein boot mit mehr als 750 migranten,Welt am Sonntag,welt am sonntag,24. Februar 2024,Tim Röhn,Politik; S. 7; Ausg. 8,1160,7453,281883f4935e8280999c80c32959b1723d9e9663,,unique,keep,,no,,no,,,8723,no,,,,,"Da sitzt Ahmad Al-Kilani nun, im Foodcourt der Europa-Galerie in Saarbrücken, und trinkt einen Orangensaft. Die 
kurzen Haare hat er nach hinten gegelt, er trägt Rollkragenpullover, eine cremefarbene Jacke und Sneaker. ""Mir 
geht's gut"", sagt der 25-Jährige. An diesem Morgen im Februar ist es 245 Tage her, dass vor der griechischen 
Küstenstadt Pylos ein riesiges Holzboot sank.
Mehr als 750 Menschen waren an Bord, sie hatten ein Ziel: von Libyen in die EU zu gelangen, mithilfe der 
Schmuggler-Mafia. Ahmad Al-Kilani war einer der Passagiere - und einer von 105 Migranten, die Europa lebend 
erreichen sollten. Die anderen verschluckte das Meer. Das, was der Überlebende nun WELT AM SONNTAG 
erzählt, ist eine Geschichte, die typisch ist für den Wahnsinn, der sich rund um die Außengrenzen der EU Tag für 
Tag ereignet. Wo Menschen keine Mühen, Kosten und kein Risiko scheuen, um nach Europa zu gelangen, und 
Schleuser ein Milliardengeschäft betreiben. Wo Sicherheitskräfte Grenzen und Menschenrechte gleichzeitig 
verteidigen sollen. Am Ende, so ist es ganz oft, landen die, die es schaffen, in Deutschland.
So wie Al-Kilani. Aber bis dahin war es ein weiter Weg. Seine Story geht so: Vor zehn Jahren sei er wegen 
Bombardements aus Otaybah in Syrien nach Jordanien geflohen, habe sich mit seinen Eltern und fünf 
Geschwistern in Zaatari niedergelassen, einem der größten Flüchtlingscamps der Welt. Bis zuletzt sei er dort als 
Flüchtling nicht anerkannt worden, habe zwar die Schule abgeschlossen, aber keine Chance auf einen Job gehabt. 
Ständig seien irgendwo Feuer ausgebrochen, es sei sehr gefährlich gewesen. Er wollte schon lange weg, 
beantragte Arbeits- und Studenten-Visa für die EU, aber ohne Erfolg. Anfang 2023 traf er gemeinsam mit Freunden 
die Entscheidung, nach Deutschland zu reisen. Für 4000 US-Dollar, rund 3500 Euro, lasse sich der Trip 
organisieren, hieß es. ""Als VIP-Paket haben uns die Schmuggler das verkauft"", sagt Al-Kilani: ""Als völlig 
ungefährliche Sache.""
Der Mafia ausgeliefert

Der Überlebende von Pylos; Vor neun Monaten sank vor Griechenland ein Boot mit mehr als 750 Migranten, 
nur rund 100 wurden gerettet. Ahmad Al-Kilani ist einer d....
Von Amman flog er nach Alexandria in Ägypten und von dort weiter nach Benghazi: ""In Libyen wurde mir schnell 
bewusst, dass wir belogen worden waren."" Einen Monat sei er von einer Lagerhalle in eine andere gebracht 
worden, zusammengepfercht mit Dutzenden anderen Migranten, ständig bedroht von seinen Bewachern. Dann 
habe man ihn in Richtung Küste verschafft und aufgefordert, zum Strand zu rennen. Mit einem kleinen Boot habe 
man ihn zu dem riesigen blauen Fischerboot gefahren, das völlig überfüllt war und dessen Bilder mittlerweile um die 
Welt gingen - weil es zur Todesfalle werden sollte. Zwei bis drei Tage, so hätten es die Schmuggler versprochen, 
sollte die Fahrt nach Italien dauern. Ab dem dritten Tag aber fiel immer wieder der Motor aus. Die Lebensmittel 
wurden knapp. Das Boot driftete vor sich hin, war irgendwann vor Griechenland. Panik brach aus. Die ersten 
Menschen wurden bewusstlos. ""Ich sah, wie ein Pakistani neben mir starb."" All das erzählt der Syrer regungslos, er 
spult die Erinnerungen einfach ab, nur ab und zu wird seine Stimme brüchig.
Es war am Morgen des sechsten Tages, als sie in der EU von der Existenz des Bootes erfuhren. Um 6.51 Uhr 
wurde die Seenotleitstelle in Rom alarmiert: Migrantenboot in Gefahr. Um 8.01 Uhr gaben die Italiener den Alarm 
an die Kollegen in Athen und die EU-Grenzschutzagentur Frontex weiter - mitsamt der Information, wie viele 
Menschen an Bord seien und dass bereits zwei Kinder verstorben seien. Eine Frontex-Drohne entdeckte das Boot 
um 9.47 Uhr. Es sollte knapp zehn Stunden dauern, ehe griechische Küstenwächter die Migranten erreichten.
Von Containerschiffen seien vorher Wasser und Kekse abgeworfen worden, ""aber das war viel zu wenig"". Immer 
mehr Menschen sackten in sich zusammen. Als die Küstenwache eintraf, hätten die Beamten ein Seil an dem 
Migrantenboot befestigt, mit dem Versuch, es abzuschleppen, sagt Al-Kilani: ""Aber das Seil ist gerissen."" Bei einem 
zweiten Versuch seien die Griechen abrupt losgefahren, das überladene Boot sei zur Seite gekippt - und gekentert. 
""Ich fiel ins Wasser, das Boot lag auf dem Kopf. Ich hörte die Hilfeschreie, das Klopfen derer, die unter Deck waren. 
Die Leute warfen sich aufeinander, ich wurde unter Wasser gedrückt."" Al-Kilani sagt, das Küstenwachenboot sei 
weggefahren, etwa 500 Meter weit: ""Ich habe 'Come here, come here' gerufen, aber sie taten nichts."" Schließlich 
sei er mit letzter Kraft zu den Griechen geschwommen, die hätten ihn an Bord genommen.
Die Schilderungen von Al-Kilani decken sich mit denen anderer Überlebender. Gegenüber WELT AM SONNTAG 
aber wies die griechische Regierung die Vorwürfe zurück. Jüngst stellte Jonas Grimheden, 
Menschenrechtsbeauftragter bei Frontex, seinen Bericht zu dem Vorfall fertig. In dem Papier, das dieser Zeitung 
vorliegt, heißt es, die Behauptungen Athens seien mit denen der Überlebenden ""nicht vereinbar"". Die Behörden, 
hätten ""den Beginn von Maßnahmen zur Seenotrettung offenbar bis zu einem Zeitpunkt hinausgezögert, als es 
nicht mehr möglich war, alle Menschen an Bord zu retten"". Ein vernichtendes Fazit.
Schwere Vorwürfe
War es unterlassene Hilfeleistung? Totschlag? Oder gar Mord? Mit Unterstützung von zwei 
Nichtregierungsorganisationen verklagen Al-Kilani und 39 andere Überlebende den griechischen Staat. Jüngst 
leitete der griechische Bürgerbeauftragte eine eigene Untersuchung ein. Zu welchem Schluss die Justiz kommt, ist 
offen - und das gilt auch für seinen eigenen Rechtsfall.
Al-Kilani hatte nach seiner Rettung Asyl in Griechenland erhalten, für drei Jahre. Statt im Land zu bleiben, reiste er 
aber, wie mehrere andere Überlebende, weiter nach Deutschland - um hier einen neuen Asylantrag zu stellen. Der 
Termin beim Bundesamt für Migration und Flüchtlinge (BAMF) war im November. ""Sie wollten natürlich wissen, 
warum ich - trotz Flüchtlingsstatus - nicht in Griechenland geblieben bin"", erzählt Al-Kilani: ""Ich habe ihnen von dem 
Bootsunglück erzählt, gesagt, dass mich dort zu viel an all das erinnert."" Er habe klar gemacht, dass er in 
Deutschland zur Universität und arbeiten wolle. Hier im Saabrücker Einkaufszentrum sagt er: ""Jeden Monat hole 
ich meine 200 Euro bei der Ausländerbehörde ab, und ich fühle mich nicht gut dabei. Es sind Steuergelder. Ich will 
selbst für mich sorgen."" Via YouTube lernt er Deutsch, und ein wenig kann er sich schon verständigen. Er wohnt 
mit einem syrischen Freund in einer WG. Ein Elektrotechnik-Studium schwebt ihm vor. Und wenn sein Asylantrag 
abgelehnt wird? Er schüttelt vorsichtig den Kopf: ""Zwei andere, die mit mir auf dem Boot waren, durften auch 
bleiben.""
Der Überlebende von Pylos; Vor neun Monaten sank vor Griechenland ein Boot mit mehr als 750 Migranten, 
nur rund 100 wurden gerettet. Ahmad Al-Kilani ist einer d....
Vor nicht einmal einem Jahr hat er Jordanien verlassen, jetzt sitzt er am anderen Ende der Welt, in der 
Zwischenzeit kam er fast um. Wie blickt er zurück? ""Ich würde es nicht noch einmal machen. Die Gefahr ist zu 
groß, und ich habe mich täuschen lassen"", sagt er. Jüngst habe er Familie und Freunde in Zaatari besucht und mit 
ihnen über den Traum von Europa gesprochen. ""Ich habe ihnen gesagt: ,Lasst es sein.'""
Original Gesamtseiten-PDF
Graphic
 
Ahmad Al-Kilani in Saarbrücken"
2024-02,Main Corpus,2024-02(50).ZIP,Die Akte UNRWA.PDF,C:\PythonProjects\AfD-project\Corpora\Main Corpus\2024-02\raw_unarchive\Die Akte UNRWA.PDF,Die Akte UNRWA,die akte unrwa,Der Tagesspiegel,der tagesspiegel,Freitag 02. Februar 2024,,POLITIK; Politik; S. 8,1133,8383,fd02846302d313e5800e49e4392c03a8f30cec43,,unique,keep,,no,,no,,,9780,no,,,,,"Die Organisation gehört zu den größten der Vereinten Nationen - und zu den umstrittensten. Das 1949 gegründete 
UN-Hilfswerk für Palästina-Flüchtlinge (UNRWA) wird seit Langem aus verschiedenen Gründen und von 
unterschiedlichen Seiten kritisiert, aber auch immer wieder als alternativlose Institution verteidigt. Doch nun gibt es 
Vorwürfe, die UNRWA als Ganzes infrage stellen und dazu geführt haben, dass einige Geldgeber - unter ihnen 
Deutschland und die USA - ihre Zahlungen vorerst eingestellt haben. 
 Was wird UNRWA aktuell vorgeworfen und worauf stützen sich die Anschuldigungen? 
Es geht um eine mögliche Komplizenschaft mit islamistischen Terroristen. In einem Dossier des israelischen 
Geheimdienstes wurde offenbar Material zusammengetragen, wonach zwölf UNRWA-Mitarbeiter in den Angriff der 
Hamas am 7. Oktober verwickelt gewesen sein sollen, bei dem fast 1200 Menschen getötet und rund 250 als 
Geiseln in den Gazastreifen verschleppt worden sind. Das UN-Hilfswerk hat sich nach eigenen Angaben von den 
Beschuldigten getrennt und strafrechtliche Ermittlungen angekündigt.
Verschiedenen Medienberichten zufolge, die sich auf den Geheimdienstbericht stützen, geht es aber nicht nur um 
eine ,,aktive Beteiligung"" an dem Überfall, sondern zehn Prozent aller rund 13.000 im Gazastreifen beschäftigten 
Mitarbeiterdes Hilfswerks sollen demnach Verbindungen zur Hamasoder dem Islamistischen Dschihad haben. Der 
israelische Sicherheitsexperte Lior Akerman, ein ehemaliger stellvertretender Abteilungsleiter des 
Inlandsgeheimdienstes Schin Bet, der heute am Institut für Politik und Strategie der Reichman-Universität in 
Herzliya forscht, sieht keinen Grund für Zweifel an den Vorwürfen. ,,Wenn der Schin Bet entschieden hat, diese 
Informationen herauszugeben und deren Veröffentlichung zu genehmigen, muss man davon ausgehen, dass die 
Informationen sehr zuverlässig und zutreffend sind"", sagt er.
Wie die israelischen Geheimdienstler das Material zusammengetragen haben, bleibt naturgemäß unter Verschluss. 
Das Dossier liefert der ,,New York Times"" zufolge jedoch einzelne Hinweise: Demnach wurden die Bewegung von 
sechs der beschuldigten Männer am 7. Oktober innerhalb Israels mithilfe von deren Mobiltelefonen nachverfolgt. In 
anderen Fällen hörte der Geheimdienst Telefongespräche ab oder las Textnachrichten mit. 
 Welche Anschuldigungen gegen das Hilfswerk gibt es noch? 

Die Akte UNRWA
Sie betreffen zum Beispiel die Unterrichtsmaterialien, die in UNRWA-Schulen genutzt werden. ,,Ressentiments und 
Antisemitismus"" würden dort ,,lehrplanmäßig verordnet"", stellte schon 2001 etwa der CDU-Politiker Armin Laschet 
fest, damals Mitglied des Europäischen Parlaments. Auch in den Folgejahren wiesen Kritiker immer wieder auf 
judenfeindliche Darstellungen in Schulbüchern hin, meist vergeblich.
Wie untätig die UNRWA-Verantwortlichen blieben, zeigt ein Blick in die Bücher, die aktuell an ihren Schulen 
verwendet werden: Selbstmordattentate auf Juden und der Dschihad werden glorifiziert, Terroristen wie Dalal 
Mughrabi, mitverantwortlich für die Ermordung von 38 Zivilisten, den Schülern als Vorbilder präsentiert. Zudem 
werden immer wieder Fälle bekannt, in denen UNRWA-Schulen von der Hamas als Waffenlager genutzt wurden. 
Die NGO ,,UN-Watch"" dokumentiert seit Jahren auch antisemitische Hetze von UNRWA-Lehrern in den sozialen 
Netzwerken. Darunter befinden sich Aufrufe zu Gewalt gegen israelische Zivilisten sowie Hamas-Propaganda. 
UNRWA bestreitet die Vorwürfe.
Kritiker monieren darüber hinaus, das System des vererbbaren Flüchtlingsstatus sichere zwar die 
Daseinsberechtigung der UNRWA, helfe aber nicht bei der Lösung des Nahostkonflikts und schade auch den 
Hilfsempfängern, da ihnen Hoffnung auf eine Rückkehr nach Israel vorgegaukelt werde. So werde verhindert, dass 
die Enkel und Urenkel der geflüchteten oder vertriebenen Palästinenser jemals vollwertige Staatsbürger in ihrem 
Geburtsland, etwa Syrien oder dem Libanon, werden.
Dass UNRWA eher zur Verstetigung als zur Lösung des Nahostkonflikts beitragen würde, sieht Jan Busse von der 
Universität der Bundeswehr München nicht so. ,,Diese Sicht verkennt, dass die Situation palästinensischer 
Flüchtlinge und ihrer Angehörigen seit 1948 ungelöst geblieben ist"", sagt der Wissenschaftliche Mitarbeiter an der 
Professur für Internationale Politik und Konfliktforschung. Die Existenz von UNRWA sei ein Symptom dafür, ,,dass 
eine nachhaltige Regelung des Nahostkonflikts erforderlich ist"".
 Wann und warum wurde das UNRWA gegründet? 
Die Vollversammlung der Vereinten Nationen richtete das Hilfswerk 1949 ein. Damit reagierten die UN auf die 
Gewalt rund um den israelisch-arabischen Krieg von 1948: Viele Palästinenser verließen damals ihre Heimat, oft 
wurden sie vertrieben. UNRWA bekam den Auftrag, die Palästinaflüchtlinge zu unterstützen, ,,bis eine politische 
Lösung für die Palästinafrage vorliegt"". Wobei Nachkommen auch als Flüchtlinge gelten: Anfangs registrierte 
UNRWA 750.000 Menschen als Schutzbedürftige - heute sind es fast sechs Millionen. Geholfen wird im Gaza-
Streifen, Westjordanland, Ost-Jerusalem, Jordanien, Libanon und Syrien.
Rund 30.000 Mitarbeiter sind für UNRWA tätig. Die Nothilfe bildet eine zentrale Aufgabe. Rund 1,8 Millionen 
Menschen erhielten 2022 Essensrationen und geringe Bargeldzahlungen für den täglichen Bedarf. UNRWA betrieb 
vor Ausbruch des Kriegs in Gaza mehr als 700 Bildungseinrichtungen mit knapp 550.000 Schülerinnen und 
Schülern. Daneben bietet das Werk medizinische Versorgung und Sozialdienste an, es verbessert Infrastruktur und 
regelt sogar die Müllabfuhr. Das Budget beträgt eine Milliarde Dollar.
 Wie hilft UNRWA in Gaza? 
In dem Kriegsgebiet kämpfen die Helfer des UNRWA jeden Tag für das Überleben von mehr als zwei Millionen 
Kindern, Frauen und Männern. Zwischen dem 21. Oktober und dem 24. Januar wurden 13.000 Tonnen Mehl, 19 
Millionen Liter Wasser, fast 4,7 Millionen Konserven-Dosen, weitere Lebensmittel, Medikamente und andere 
humanitäre Güter geliefert. Doch das Chaos des Krieges, die Kämpfe, die Trümmer und Treibstoffmangel 
behindern die Verteilung der Güter. Auch behält sich Israel vor, die Lieferungen zu kontrollieren. Deshalb gelangen 
viel zu wenige Hilfsmittel in den Küstenstreifen, um den immensen Bedarf decken zu können.
 Was wird aus dem Hilfswerk? 
Für Benjamin Netanjahu ist die Sache klar. Der israelische Premier fordert kategorisch, UNRWA aufzulösen. 
,,UNRWA ist völlig von der Hamas unterwandert"", sagte er am Mittwochabend in Jerusalem. Die Mission müsse 
daher enden und durch eine neue Struktur der Hilfe ersetzt werden.
Die Akte UNRWA
Auch in Deutschland sind Forderungen nach einem Ende des Hilfswerks in der jetzigen Form aufgekommen. Im 
Auswärtigen Amt will man allerdings erst einmal die Vorwürfe prüfen und dann über weitere Zahlungen 
entscheiden. Nahostexperte Jan Busse ist dagegen, die Existenz von UNRWA grundsätzlich infrage zu stellen. ,,Es 
gibt keine alternativen Akteure, die dazu bereit oder in der Lage wären, die Versorgung der rund sechs Millionen 
Anspruchsberechtigten zu übernehmen."" Die Frage nach möglichen Reformen sollte seiner Meinung nach im 
Rahmen der Vereinten Nationen und in enger Koordination mit Vertretern von UNRWA, die die Situation vor Ort 
beurteilen können, geklärt werden.
Busse hält auch den vorläufigen Stopp der Zahlungen für höchst problematisch. ,,Da UNRWA 
überlebensnotwendige Hilfe für die Bevölkerung im Gazastreifen leistet und auch existenziell für die 
palästinensischen Flüchtlinge im Westjordanland und den benachbarten arabischen Staaten ist, wäre das 
Einstellen der Finanzierung eine Katastrophe.""
***
 UNRWA sieht sich mit schweren Anschuldigungen konfrontiert. 
 Infobox 
 Hamas reagiert ,,positiv"" 
Die Hamas hat ,,positiv"" auf Vorschläge für ein Abkommen über eine Waffenruhe mit Israel und 
Geiselfreilassungen reagiert. Der bei einem Treffen in Paris ausgearbeitete Entwurf sei ,,von israelischer Seite 
gebilligt"". Nun gebe es eine erste positive Bestätigung der Hamas, sagte ein Sprecher des katarischen 
Außenministeriums.
 Autorenprofil 
Lior Akerman ist Geheimdienst-Experte am Institut für Politik und Strategie der Reichman-Universität in Herzliya.
 Autorenprofil 
Jan Busse ist Wissenschaftlicher Mitarbeiter an der Professur für Internationale Politik und Konfliktforschung, 
Universität der Bundeswehr München."
2024-02,Main Corpus,2024-02(50).ZIP,Ein Hilfswerk mit zentraler Bedeutung Haben Deutschland und andere europäische Länder bislang aus re(2).PDF,C:\PythonProjects\AfD-project\Corpora\Main Corpus\2024-02\raw_unarchive\Ein Hilfswerk mit zentraler Bedeutung Haben Deutschland und andere europäische Länder bislang aus re(2).PDF,Ein Hilfswerk mit zentraler Bedeutung Haben Deutschland und andere europäische Länder bislang aus reiner,ein hilfswerk mit zentraler bedeutung haben deutschland und andere europäische länder bislang aus reiner,Rheinische Post,rheinische post,Mittwoch 7. Februar 2024,Mey Dudin,S. 5,756,5465,85cc4f791eb96affa0d8d8132fdd26dde7126c8c,variant_002,regional_variant,review,,no,,no,,,7129,no,,,near_002,variant_002,"Mey Dudin
Berlin Es sind äußerst schwerwiegende Vorwürfe: Zwölf Mitarbeiter des UN-Palästinenserhilfswerks UNRWA sollen 
in den beispiellosen Angriff der radikalislamischen Hamas auf Israel am 7. Oktober 2023 verstrickt gewesen sein. 
Staaten wie Deutschland, Großbritannien, Japan, Kanada, Neuseeland und die USA setzten als Reaktion auf diese 
Vorwürfe insgesamt mehr als 400 Millionen Euro an Zahlungen aus. Es mehren sich Rufe, das Hilfswerk 
aufzulösen.
Was in der Debatte bislang nicht gesagt wird: Wenn das Hilfswerk aufgelöst wird oder nicht mehr arbeitsfähig ist, 
droht nicht allein eine humanitäre Katastrophe. Ungültig wird dann auch eine völkerrechtliche Schranke, die seit 
Jahrzehnten verhindert, dass sich die palästinensischen Flüchtlinge in der Hoffnung auf ein besseres Leben auf 
den Weg nach Europa machen.
Konkret steckt dahinter eine Ausschlussklausel in Artikel 1D der Genfer Flüchtlingskonvention, ein völkerrechtlicher 
Vertrag, dem auch Deutschland beigetreten ist. Es ist eine Klausel, die grundsätzlich ausschließt, dass die 
Konvention für Millionen palästinensische Flüchtlinge gilt. Darin heißt es: „Dieses Abkommen findet keine 
Anwendung auf Personen, die zurzeit den Schutz oder Beistand einer Organisation oder einer Institution der 
Vereinten Nationen (...) genießen. Ist dieser Schutz oder diese Unterstützung aus irgendeinem Grunde 
weggefallen, (...) so fallen diese Personen ipso facto unter die Bestimmungen dieses Abkommens.“ Das hat den 
Effekt, dass diese Menschen im Wesentlichen im Gazastreifen, in der Westbank, im Libanon, in Syrien oder in 
Jordanien bleiben, wo das UNRWA ihnen hilft.

Ein Hilfswerk mit zentraler Bedeutung Haben Deutschland und andere europäische Länder bislang aus reiner 
Humanität Millionenhilfen an die Organisation UNRWA für....
Laut dem Heidelberger Völkerrechtler Matthias Hartwig betrifft diese Klausel Personen, die 1948 aus Israel oder 
1967 aus von Israel besetzten Gebieten geflohen sind sowie ihre Nachkommen, die weiter im Nahen Osten 
ausharren. „Es ist sicherlich der Zweck dieser Klausel gewesen, dass diese Personen sich nicht wie andere 
Flüchtlinge von dort fortbewegen können“, sagt Hartwig. Das ändert sich aber, „wenn der UNRWA-Schutz, aus 
welchen Gründen auch immer, endet“. Der Völkerrechtler erläutert: „Wenn also das UNRWA keine Gelder mehr hat 
und daher seine Aufgaben nicht mehr erfüllen kann, zieht das nach meinem Verständnis nach sich, dass die 
betroffenen Personen in den Genuss der Genfer Flüchtlingskonvention kommen.“ So sieht es auch der emeritierte 
Professor für internationales Flüchtlingsrecht und frühere UN-Berater, Guy Goodwin-Gill: „Die sogenannte 
Ausschlussklausel ist in Wirklichkeit eine bedingte Einschlussklausel.“
Die Idee des Hilfswerks war zur Zeit der Gründung vor 75 Jahren, dass die Vertriebenen nach kurzer Zeit in ihre 
Heimat zurückkehren können, wenn eine Lösung im Nahostkonflikt gefunden wurde, was aber nie geschah. Die 
Zahl der Flüchtlinge, die Anspruch auf Dienste des Hilfswerks haben, stieg seither von etwa 700.000 auf fast sechs 
Millionen an.
Das wegen der Terrorvorwürfe unter Druck geratene Hilfswerk teilte jüngst mit, dass ein anhaltender Stopp der 
internationalen Finanzierung es zwingen würde, die Aktivitäten „Ende Februar“ einzustellen. Das hätte auch Folgen 
für die Europäische Union, sofern es keinen Folgemechanismus gibt. Palästinensische Flüchtlinge können dann 
von der Möglichkeit Gebrauch machen, als Flüchtlinge Asyl zu beantragen, sobald sie in ein EU-Land eingereist 
sind. Noch sieht es anders aus. Hartwig, der am Max-Planck-Institut für ausländisches öffentliches Recht und 
Völkerrecht tätig ist, verweist auf eine EU-Qualifikationsrichtlinie, „die ausdrücklich Bezug nimmt auf die Genfer 
Flüchtlingskonvention und besagt, dass bestimmte Personen, nämlich diejenigen, welche durch die UNRWA 
geschützt werden, in Europa keinen Schutz in Anspruch nehmen können“. Solange also die UN hilft, gibt es kein 
Asyl.
Beobachtern zufolge sind sich europäische Staaten der Bedeutung der völkerrechtlichen Ausschlussklausel für 
Palästinenser durchaus bewusst. Denn das UNRWA musste zeitweise auch im Libanon- oder Syrienkrieg die Arbeit 
einstellen, was dazu führte, dass Flüchtlinge unter anderem in Deutschland Asyl beantragten.
Eine unabhängige Gruppe von Experten will nun die Vorwürfe gegen das UNRWA prüfen. Die Zusammenarbeit mit 
mehreren Angestellten wurde beendet. SPD-Außenpolitiker Ralf Stegner sagt im Gespräch mit unserer Redaktion: 
„Was diese Kommission macht, scheint mir der richtige Ansatz zu sein, um zu einer Veränderung zu kommen, die 
möglicherweise heißen kann, dass etwas anderes an die Stelle des UNRWA treten könnte, wenn es nicht gelingt, 
die strukturellen Probleme zu lösen.“ Er betont aber: „Im Moment gibt es keine vernünftige Alternative, wenn man 
nicht eine humanitäre Katastrophe will.“
Das UNRWA beschäftigt 30.000 Mitarbeiter
UNRWA Das Hilfswerk wurde 1949 gegründet und beschäftigt rund 30.000 Mitarbeiter.
Einsatzorte Das UNRWA arbeitet im Gazastreifen, im Westjordanland, in Ost-Jerusalem, Jordanien, Libanon und 
Syrien. Es unterhält Bildungseinrichtungen, betreibt medizinische Einrichtungen, hilft beim Aufbau kleiner 
Unternehmen und regelt sogar die Müllabfuhr. (epd)
5092399845_4d5286f0d2.IRPRODGERA_IPX4KD.jpg JAAFAR ASHTIYEH Ein Mann mit UNRWA-Weste läuft 
über eine Straße im Flüchtlingscamp Balata im Westjordanland. Foto: Jaafar ASHTIYEH/AFP
Link to PDF"
2024-02,Main Corpus,2024-02(50).ZIP,Ein Hilfswerk mit zentraler Bedeutung Haben Deutschland und andere europäische Länder bislang aus re.PDF,C:\PythonProjects\AfD-project\Corpora\Main Corpus\2024-02\raw_unarchive\Ein Hilfswerk mit zentraler Bedeutung Haben Deutschland und andere europäische Länder bislang aus re.PDF,Ein Hilfswerk mit zentraler Bedeutung; Haben Deutschland und andere europäische Länder bislang aus reiner,ein hilfswerk mit zentraler bedeutung haben deutschland und andere europäische länder bislang aus reiner,Rheinische Post,rheinische post,Mittwoch 7. Februar 2024,Mey Dudin,S. 5,756,5465,44ca47b3be4d3992df6c8a1a97350a625613db8e,variant_002,regional_variant,review,,no,,no,,,7114,no,,,near_002,variant_002,"Mey Dudin
Berlin Es sind äußerst schwerwiegende Vorwürfe: Zwölf Mitarbeiter des UN-Palästinenserhilfswerks UNRWA sollen 
in den beispiellosen Angriff der radikalislamischen Hamas auf Israel am 7. Oktober 2023 verstrickt gewesen sein. 
Staaten wie Deutschland, Großbritannien, Japan, Kanada, Neuseeland und die USA setzten als Reaktion auf diese 
Vorwürfe insgesamt mehr als 400 Millionen Euro an Zahlungen aus. Es mehren sich Rufe, das Hilfswerk 
aufzulösen.
Was in der Debatte bislang nicht gesagt wird: Wenn das Hilfswerk aufgelöst wird oder nicht mehr arbeitsfähig ist, 
droht nicht allein eine humanitäre Katastrophe. Ungültig wird dann auch eine völkerrechtliche Schranke, die seit 
Jahrzehnten verhindert, dass sich die palästinensischen Flüchtlinge in der Hoffnung auf ein besseres Leben auf 
den Weg nach Europa machen.
Konkret steckt dahinter eine Ausschlussklausel in Artikel 1D der Genfer Flüchtlingskonvention, ein völkerrechtlicher 
Vertrag, dem auch Deutschland beigetreten ist. Es ist eine Klausel, die grundsätzlich ausschließt, dass die 
Konvention für Millionen palästinensische Flüchtlinge gilt. Darin heißt es: „Dieses Abkommen findet keine 
Anwendung auf Personen, die zurzeit den Schutz oder Beistand einer Organisation oder einer Institution der 
Vereinten Nationen (...) genießen. Ist dieser Schutz oder diese Unterstützung aus irgendeinem Grunde 
weggefallen, (...) so fallen diese Personen ipso facto unter die Bestimmungen dieses Abkommens.“ Das hat den 
Effekt, dass diese Menschen im Wesentlichen im Gazastreifen, in der Westbank, im Libanon, in Syrien oder in 
Jordanien bleiben, wo das UNRWA ihnen hilft.

Ein Hilfswerk mit zentraler Bedeutung; Haben Deutschland und andere europäische Länder bislang aus reiner 
Humanität Millionenhilfen an die Organisation UNRWA fü....
Laut dem Heidelberger Völkerrechtler Matthias Hartwig betrifft diese Klausel Personen, die 1948 aus Israel oder 
1967 aus von Israel besetzten Gebieten geflohen sind sowie ihre Nachkommen, die weiter im Nahen Osten 
ausharren. „Es ist sicherlich der Zweck dieser Klausel gewesen, dass diese Personen sich nicht wie andere 
Flüchtlinge von dort fortbewegen können“, sagt Hartwig. Das ändert sich aber, „wenn der UNRWA-Schutz, aus 
welchen Gründen auch immer, endet“. Der Völkerrechtler erläutert: „Wenn also das UNRWA keine Gelder mehr hat 
und daher seine Aufgaben nicht mehr erfüllen kann, zieht das nach meinem Verständnis nach sich, dass die 
betroffenen Personen in den Genuss der Genfer Flüchtlingskonvention kommen.“ So sieht es auch der emeritierte 
Professor für internationales Flüchtlingsrecht und frühere UN-Berater, Guy Goodwin-Gill: „Die sogenannte 
Ausschlussklausel ist in Wirklichkeit eine bedingte Einschlussklausel.“
Die Idee des Hilfswerks war zur Zeit der Gründung vor 75 Jahren, dass die Vertriebenen nach kurzer Zeit in ihre 
Heimat zurückkehren können, wenn eine Lösung im Nahostkonflikt gefunden wurde, was aber nie geschah. Die 
Zahl der Flüchtlinge, die Anspruch auf Dienste des Hilfswerks haben, stieg seither von etwa 700.000 auf fast sechs 
Millionen an.
Das wegen der Terrorvorwürfe unter Druck geratene Hilfswerk teilte jüngst mit, dass ein anhaltender Stopp der 
internationalen Finanzierung es zwingen würde, die Aktivitäten „Ende Februar“ einzustellen. Das hätte auch Folgen 
für die Europäische Union, sofern es keinen Folgemechanismus gibt. Palästinensische Flüchtlinge können dann 
von der Möglichkeit Gebrauch machen, als Flüchtlinge Asyl zu beantragen, sobald sie in ein EU-Land eingereist 
sind. Noch sieht es anders aus. Hartwig, der am Max-Planck-Institut für ausländisches öffentliches Recht und 
Völkerrecht tätig ist, verweist auf eine EU-Qualifikationsrichtlinie, „die ausdrücklich Bezug nimmt auf die Genfer 
Flüchtlingskonvention und besagt, dass bestimmte Personen, nämlich diejenigen, welche durch die UNRWA 
geschützt werden, in Europa keinen Schutz in Anspruch nehmen können“. Solange also die UN hilft, gibt es kein 
Asyl.
Beobachtern zufolge sind sich europäische Staaten der Bedeutung der völkerrechtlichen Ausschlussklausel für 
Palästinenser durchaus bewusst. Denn das UNRWA musste zeitweise auch im Libanon- oder Syrienkrieg die Arbeit 
einstellen, was dazu führte, dass Flüchtlinge unter anderem in Deutschland Asyl beantragten.
Eine unabhängige Gruppe von Experten will nun die Vorwürfe gegen das UNRWA prüfen. Die Zusammenarbeit mit 
mehreren Angestellten wurde beendet. SPD-Außenpolitiker Ralf Stegner sagt im Gespräch mit unserer Redaktion: 
„Was diese Kommission macht, scheint mir der richtige Ansatz zu sein, um zu einer Veränderung zu kommen, die 
möglicherweise heißen kann, dass etwas anderes an die Stelle des UNRWA treten könnte, wenn es nicht gelingt, 
die strukturellen Probleme zu lösen.“ Er betont aber: „Im Moment gibt es keine vernünftige Alternative, wenn man 
nicht eine humanitäre Katastrophe will.“
Das UNRWA beschäftigt 30.000 Mitarbeiter
UNRWA Das Hilfswerk wurde 1949 gegründet und beschäftigt rund 30.000 Mitarbeiter.
Einsatzorte Das UNRWA arbeitet im Gazastreifen, im Westjordanland, in Ost-Jerusalem, Jordanien, Libanon und 
Syrien. Es unterhält Bildungseinrichtungen, betreibt medizinische Einrichtungen, hilft beim Aufbau kleiner 
Unternehmen und regelt sogar die Müllabfuhr. (epd)
5092399845_4d5286f0d2.IRPRODGERA_IPX4KD.jpg JAAFAR ASHTIYEH Ein Mann mit UNRWA-Weste läuft 
über eine Straße im Flüchtlingscamp Balata im Westjordanland. Foto: Jaafar ASHTIYEH/AFP
Link to PDF"
2024-02,Main Corpus,2024-02(50).ZIP,Einige Flüchtlingsunterkünfte „extrem überbelegt“ Bürgermeister Dirk Haarmann schilderte bei Infover.PDF,C:\PythonProjects\AfD-project\Corpora\Main Corpus\2024-02\raw_unarchive\Einige Flüchtlingsunterkünfte „extrem überbelegt“ Bürgermeister Dirk Haarmann schilderte bei Infover.PDF,Einige Flüchtlingsunterkünfte „extrem überbelegt“ Bürgermeister Dirk Haarmann schilderte bei,einige flüchtlingsunterkünfte extrem überbelegt bürgermeister dirk haarmann schilderte bei,Rheinische Post,rheinische post,Montag 5. Februar 2024,,S. 28,538,3949,079c33805b4449ce3fafcc8001a4a426e08b2f91,,unique,keep,,no,,no,,,4912,no,,,,,"Voerde (P.K.) Bevor es bei der gut besuchten Bürgerinfoveranstaltung zum Bau einer mobilen Flüchtlingsunterkunft 
im Außenbereich von Spellen in die Diskussion ging, hatte Bürgermeister Dirk Haarmann die Rechts- und 
Faktenlage zu dem Thema ausführlich dargelegt. Die Kommunen sind gesetzlich verpflichtet, die Geflüchteten 
aufzunehmen und sie unterzubringen.
Die Zuweisung der Menschen erfolge in einem bundes- und landesweit geregelten Verfahren, die Verteilung nach 
dem sogenannten Königsteiner Schlüssel. Aktuell (Stand: 5. Januar) sind insgesamt noch rund 160 Menschen in 
Voerde aufnehmen – darunter 83 mit Wohnsitzauflage. Der Wohnraum sei knapp und werde damit zur „zentralen 
Herausforderung“. Es werde ein deutlicher Zuwachs erwartet.
Die Stadt erhalte mit zwei Wochen Vorlauf von der zuständigen Bezirksregierung Arnsberg den Hinweis, wie viele 
Menschen nach Voerde kommen werden, schilderte Haarmann die schwierige Planbarkeit. „Wir können uns 
langfristig nicht vorbereiten“, gleichzeitig aber könne die Stadt auch nicht „zu viel Wohnraum schaffen“. Schließlich 
muss die Kommune dabei in Vorleistung gehen. Haarmann wird nicht müde, hier Bund und Land in die Pflicht zu 
nehmen und die vollständige Übernahme dieser Vorhaltekosten zu fordern.
Angesichts der Entwicklung der Flüchtlingszahlen und der Notwendigkeit, einige bestehende Einrichtungen 
sanieren oder abbauen zu müssen – Letzteres trifft nach sechs Jahren des Bestehens im Spätsommer auf die 
Wohncontainer an Schwanenstraße zu – legte er die Dringlichkeit dar, neue Unterbringungsmöglichkeiten in 
Voerde zu schaffen. Die Errichtung der Unterkunft im Bereich der Scheltheide in Spellen ist nur eine von mehreren 
Maßnahmen, die auch in anderen Stadtteilen vorgesehen sind. Auch wies der Verwaltungschef auf eine zum Teil 
„extreme“ Überbelegung städtischer Unterkünfte hin.
Man wolle mit allen Mitteln versuchen, keine weiteren Turnhallen zu belegen, um den Schul- und Vereinssport nicht 
zu behindern. Bisher ist eine Turnhalle für die Unterbringung von Flüchtlingen in der Nutzung: das kleine Gebäude 

Einige Flüchtlingsunterkünfte „extrem überbelegt“ Bürgermeister Dirk Haarmann schilderte bei 
Infoveranstaltung die Notwendigkeit, neuen Wohnraum in Voerde zu sc....
am Blumenanger in direkter Nachbarschaft zum Sitz des Caritasverbandes, in dessen Hände die Stadt die 
Betreuung und Integration der Menschen kürzlich gelegt hat. Darüber hinaus soll die Turnhalle an der Steinstraße 
in Voerde-Mitte, die lange Zeit als Mensa der Gesamtschule Voerde in Diensten stand, übergangsweise Plätze 
vorhalten.
Die Aufnahme von Flüchtlingen sei auch „eine menschliche Verpflichtung“, der die Stadt nachkomme. Zurzeit 
gelinge es kaum noch, sie in Mietwohnungen unterzubringen. Die Stadt sei weiter an privaten Mietwohnungen 
interessiert. Zu den Familienverhältnissen erklärte Haarmann, dass aktuell 42 Prozent Einzelpersonen seien – die 
meisten davon Männer. Dies seien aber nicht zwingend alles alleinstehende junge Männer. „Das sind auch 
Familienväter. Ich bitte um den Respekt, das nicht zu pauschalisieren“, sagte Haarmann. Des Weiteren handele es 
sich bei den angekommenen Flüchtlingen in Voerde momentan zu 37 Prozent um Familien, zu 14 Prozent um 
Alleinerziehende und zu sechs Prozent um Paare. Die meisten kommen zurzeit aus Syrien (31 Prozent) – gefolgt 
von der Ukraine (14 Prozent), Afghanistan (elf Prozent) und Irak (9 Prozent).
Zu der während der Diskussion aufgebrachten Frage nach Alternativstandorten erklärte Haarmann, die Stadt habe 
sich jede theoretisch denkbare Fläche angeschaut. Die Stadt habe den Auftrag der Politik, eine Verteilung über das 
gesamte Stadtgebiet vorzunehmen: „In Spellen ist bisher keine Unterkunft. Wie soll die Stadt das vermitteln? Das 
kann ich so nicht vertreten.“
5085199969_a8e1271fc4.IRPRODGERA_IPUYKB.jpg Erwin Pottgiesser Der Standort der Wohncontainer für 
Flüchtlinge in Voerde. Foto: Erwin Pottgiesser
Link to PDF"
2024-02,Main Corpus,2024-02(50).ZIP,"Erst Integration, dann Abschiebung_.PDF","C:\PythonProjects\AfD-project\Corpora\Main Corpus\2024-02\raw_unarchive\Erst Integration, dann Abschiebung_.PDF","Erst Integration, dann Abschiebung?",erst integration dann abschiebung,Frankfurter Rundschau,frankfurter rundschau,Montag 26. Februar 2024,,POLITIK; S. 6,1193,8677,dfa45b9bbe3fcd74359f7042706872e1076ba7d3,,unique,keep,,no,,no,,,9852,no,,,,,"Deutschland braucht mehr Fachkräfte. Gleichzeitig hat sich die Ampel-Koalition aber vorgenommen, mehr 
Menschen abzuschieben. Wie sehr sich beides widersprechen kann, zeigt der Fall von Irfan Ahmad und seinen 
Eltern. Im Januar hat die Familie eine Nachricht bekommen: Die Asylanträge von Vater, Mutter und Sohn sind in 
letzter Instanz abgelehnt worden. Nach acht Jahren in Deutschland. 
„Es ist besorgniserregend“, sagt Irfan Ahmad, ein Informatikstudent Mitte 20, am Telefon. Die Ahmads gehören der 
muslimischen Ahmadiyya-Minderheit an, die in ihrem Heimatland Pakistan stark diskriminiert wird. „Ahmadis in 
Pakistan sind seit langem das Ziel systematischer Angriffe, und die verschiedenen pakistanischen Regierungen 
haben es versäumt, ihre Menschenrechte zu achten, zu schützen und zu fördern, so dass viele von ihnen 
gezwungen waren, in andere Länder zu fliehen“, sagt Samira Hamidi von Amnesty International. 
Laut der deutschen Ahmadiyya-Gemeinschaft wurden 2022 in Pakistan drei Ahmadis wegen ihrer Religion 
ermordet, rund ein Dutzend Gemeindehäuser wurden angegriffen und es gab mehr als hundert Anklagen gegen 
Ahmadis aus religiösen Gründen (etwa wegen „Blasphemie“). Das Bundesamt für Migration und Flüchtlinge nennt 
diese Zahlen in seinem aktuellen Länderbericht ebenfalls.
Deshalb ist Irfan Ahmad mit seinen Eltern 2016 nach Deutschland geflohen. „Es gab Drohungen“, erzählt der junge 
Mann, der damals noch minderjährig war. Der hier in einem Abendgymnasium das Abitur mit Einserschnitt gemacht 
hat, obwohl er vor der Flucht nicht Deutsch sprach. Der sich, wie auch seine Mutter, an seinem Wohnort in 
Südhessen ehrenamtlich engagiert. Und dessen Vater nahe Frankfurt als Arzt in einem Krankenhaus arbeitet. 
Belege für all das liegen der Frankfurter Rundschau vor. Trotz alldem sollen die Ahmads jetzt zurück nach Pakistan 
müssen?
„Ich habe hier Freunde gefunden, wir sind integriert“, sagt Ahmad. „Und die Situation ist sehr stressig für mein 
Studium.“ Es laufen Prüfungen. Doch sein Kopf sei oft woanders. Er denke darüber nach wie es nun weitergeht, ob 
er und seine Familie zurück müssen nach Pakistan, wo sie womöglich wieder bedroht werden. Oder schlimmer.
Die Ampel-Regierung will verstärkt abschieben. Im vergangenen Jahr wurden 16 430 Menschen aus Deutschland 
abgeschoben – rund 27 Prozent mehr als 2022, aber nicht so viele wie vor der Pandemie, 2019 gab es etwa 22 100 

Erst Integration, dann Abschiebung?
Abschiebungen. Rund 5000 weitere Menschen wurden 2023 im Rahmen der „Dublin“-Regelungen in andere EU-
Länder gebracht. Dazu kamen freiwillige Ausreisen. Selbst in Länder wie den Irak schiebt Deutschland wieder 
verstärkt ab.
Familie Ahmad hofft nun, dass sie vielleicht ein anderes Ampel-Vorhaben vor der Abschiebung bewahren kann: 
Das Chancen-Aufenthaltsgesetz, das vor rund einem Jahr eingeführt wurde. Es soll gut integrierten Menschen, die 
am Stichtag 31. Oktober 2022 mindestens fünf Jahre mit einer Duldung in Deutschland gelebt und keine 
Verbrechen begangen haben, den Weg zu einem gesicherten Aufenthalt ebnen. Menschen wie Iran Ahmad und 
seine Familie also. Wer den Chancen-Aufenthalt erhält, hat 18 Monate lang die Möglichkeit, die Voraussetzungen 
für einen dauerhaften Aufenthalt zu erwerben – ohne dabei ständig eine Abschiebung befürchten zu müssen. 
Aus einer Befragung des Mediendienstes Integration in den Bundesländern geht hervor, dass die Erfolgschancen, 
einen Chancen-Aufenthalt zu bekommen, groß sind, wenn man die Bedingungen erfüllt. 11 von 16 Ländern haben 
dazu Zahlen erhoben: Von den mindestens 75 000 in diesen Ländern im vergangenen Jahr gestellten Anträgen, 
wurden bis Jahresende mindestens 54 000 bewilligt und nur 4000 abgelehnt. Allein Hessen hat laut 
Landesinnenministerium 2023 insgesamt 3530 Aufenthaltstitel nach dem Chancen-Aufenthaltsrecht erteilt, wie es 
auf Nachfrage der FR heißt. 
Mancherorts haben die Ausländerbehörden Betroffene proaktiv über die neuen Möglichkeiten informiert. Doch 
anderswo haben die Ämter manchmal unrechtmäßig hohe Voraussetzungen wie etwa gute Deutschkenntnisse an 
die Vergabe der Aufenthaltstitel geknüpft, erzählt Johanna Böhm vom Flüchtlingsrat Bayern. Umso wichtiger sei 
gute Beratung, betont Sara Pfau, die an der Münchner „SchlaU“-Schule (die Abkürzung steht für „schulanaloger 
Unterricht“) für junge Flüchtlinge arbeitet und die auch Asylverfahrensberaterin ist.
In Fachkreisen wird das Chancen-Aufenthaltsgesetz meist gelobt. Wie der Mediendienst Integration festhält, hat es 
dazu beigetragen, die Zahl der in Deutschland lebenden Ausreisepflichtigen 2023 um rund 20 Prozent zu senken. 
Den Betroffenen gibt das Sicherheit: Sie haben endlich eine r langfristige Perspektive im Land. Integration kann so 
besser gelingen.
Auch die Münchnerin Pfau lobt den von der Ampel eingeführten Chancen-Aufenthalt. Vor allem, weil er jene, die ihn 
bekommen, 18 Monate von der Angst vor der Abschiebung befreie. Doch Pfau übt auch Kritik: So enthalte das 
neue Gesetzespaket auch eine Verschärfung, die es vielen gut integrierten Jugendlichen erschwere, eine 
Aufenthaltserlaubnis zu beantragen: Weil sie jetzt nicht nur mehrere Jahre in Deutschland gewesen sein müssen, 
sondern davon auch mindestens zwölf Monate lang mit dem Status einer Duldung, bevor sie eine 
Aufenthaltserlaubnis beantragen können. Diese Regelung verschaffe Ausländerbehörden zusätzliche Spielräume, 
wodurch gut integrierte Jugendliche abgeschoben werden können, so Pfau.
Ein anderer Aspekt des Chancen-Aufenthaltsrechts, den Engagierte kritisieren, ist die Stichtagsregelung. Denn 
nach dem Herbst 2017 Zugewanderte können das Gesetz nicht in Anspruch nehmen. Die Grünen-
Bundestagsabgeordnete und Fraktionssprecherin für Migration und Integration, Filiz Polat, fordert deshalb eine 
Anpassung: „Das Erfolgsmodell des Chancen-Aufenthaltsrechts sollte aus Sicht meiner Fraktion weitergeführt 
werden“, so Polat gegenüber der FR. Das Bundesinnenministerium solle „entsprechend den Stichtag auf den 
Prüfstand stellen“. Mit dem Fall der Familie Ahmad konfrontiert sagt Polat, es sei absurd, „Ärztinnen, Informatiker 
oder andere Fachkräfte“ aus Deutschland abzuschieben. Mit dem Chancen-Aufenthaltsrecht wolle man „genau 
diese Menschen erreichen“. Der Anwalt der Ahmads, Norbert Wagener, hat für die Familie mittlerweile 
entsprechende Anträge gestellt.
„Mit der Schaffung dieser Bleiberechtsregelung vor etwas mehr als einem Jahr wollte die Regierung der Ampel-
Koalition einen Ausgleich für ungerechte Resultate im Asylverfahren und für lange Verfahrensdauern schaffen“, 
analysiert Wagener. Im Fall der Ahmadiyya-Gemeinschaft sei es zum Beispiel so, dass „bei weitgehend 
gleichwertigen Fällen verschiedene Entscheidungslinien unter den hessischen Verwaltungsgerichten zu 
beobachten“ seien. Während die Gerichte in Darmstadt und Kassel meist positiv entschieden, seien negative 
Entscheidungen bei Klagen von Ahmadis in Frankfurt, wo auch die Klage der Familie Ahmad verhandelt wurde, 
„nahezu die Regel“.
Erst Integration, dann Abschiebung?
„Wir haben hier unsere Heimat gefunden und fühlen uns als Teil der Gesellschaft“, erzählt der Student Irfan Ahmad 
in bestem Deutsch. Sorgenvoll wartet er jetzt darauf, ob das novellierte Aufenthaltsrecht auch ihm und seinen 
Eltern eine Chance bieten wird.
Kommentar Seite 11
WAS DAS CHANCEN-AUFENTHALTSRECHT BEDEUTET
Seit Anfang 2023 gibt es in Deutschland das Chancen-Aufenthaltsrecht für langjährig geduldete Ausländer:innen 
(Paragraf 104c im Aufenthaltsgesetz). Sie erhalten nach Erteilung ein 18-monatiges Aufenthaltsrecht auf Probe. In 
dieser Zeit können sie versuchen, die Voraussetzungen für eine dauerhafte Aufenthaltserlaubnis zu erfüllen – etwa 
gewisse Deutschkenntnisse und den Nachweis einer Berufstätigkeit zur Sicherung des Lebensunterhalts. Viele 
erfüllen diese Anforderungen bereits bei der Antragstellung.
Wer in Deutschland einen Chancen-Aufenthaltstitel bekommen will, muss bis zum Stichtag 31.10.2022 
mindestens fünf Jahre ununterbrochen geduldet gewesen und weitgehend straffrei sein – und nicht seine Identität 
getäuscht haben. Zudem muss man sich zur freiheitlich demokratischen Grundordnung der Bundesrepublik 
bekennen. 
Parallel zur Einführung des Chancen-Aufenthaltsrechts setzte die Koalition auch Änderungen bei der 
„Aufenthaltsgewährung bei gut integrierten Jugendlichen und jungen Volljährigen“ (§25a) und „bei nachhaltiger 
Integration“ (§25b) durch. Erstere können nun bis zum 27. Geburtstag (bisher: 21) eine Aufenthaltserlaubnis 
beantragen, wenn sie sich seit drei Jahren (zuvor: vier) hier aufhalten. Letztere müssen nun seit sechs statt acht 
Jahren im Land sein. fab
Link zum PDF-Dokument"
2024-02,Main Corpus,2024-02(50).ZIP,Erster Blick in neue Flüchtlingsunterkunft Einen „Tag der offenen Tür“ gab es am Samstag in der Zent.PDF,C:\PythonProjects\AfD-project\Corpora\Main Corpus\2024-02\raw_unarchive\Erster Blick in neue Flüchtlingsunterkunft Einen „Tag der offenen Tür“ gab es am Samstag in der Zent.PDF,Erster Blick in neue Flüchtlingsunterkunft Einen „Tag der offenen Tür“ gab es am Samstag in der Zentralen,erster blick in neue flüchtlingsunterkunft einen tag der offenen tür gab es am samstag in der zentralen,Rheinische Post,rheinische post,Montag 26. Februar 2024,Anastasia Jakimowicz,S. 15,580,4142,858394944aedb6bb7349df04878b867ea234e61e,,unique,keep,,no,,no,,,5452,no,,,,,"Anastasia Jakimowicz
Weeze Platz für bis zu 640 Geflüchtete, ein Kiosk, eine Kantine, ein Waschsalon ein Fitnessraum und sogar eine 
Kindertagesstätte: Am Wochenende öffnete die neue Flüchtlingsunterkunft in Weeze ihre Türen für die 
Öffentlichkeit. Im Rahmen eines „Tag der offenen Tür“ hatten Besucher die Möglichkeit, wie bei der 
Bürgerversammlung zugesagt, einen Einblick in die neu errichtete Einrichtung zu erhalten. Diese Gelegenheit nutze 
auch Josefine Paul, Ministerin für Kinder, Jugend, Familie, Gleichstellung, Flucht und Integration des Landes 
Nordrhein-Westfalen zusammen mit Regierungspräsident Thomas Schürmann. Sie betonte die Bedeutung der 
Zusammenarbeit mit den Kommunen.
Diese Einrichtungen, in der Bürokratie Zentrale Unterbringungseinrichtung (ZUE) genannt, sind Teil der 
Bemühungen der Landesregierung, Kommunen bei der Unterbringung und Versorgung von Geflüchteten zu 
unterstützen. Die ZUE Weeze wird insgesamt 555 Schutzsuchenden in 70 Häusern eine vorübergehende Heimat 
bieten.
Sie wird ab 26. April in Betrieb sein und ist nicht nur eine Flüchtlingsunterkunft mit Betten. Mit einer Kapazität von 
zunächst 400 Plätzen, die später auf insgesamt 640 erweitert werden sollen, öffnet die Einrichtung neue 
Perspektiven für die Schutzsuchenden.
Die moderne Flüchtlingsunterkunft in Weeze ist mit einem breiten Spektrum von Einrichtungen ausgestattet, die 
über die grundlegenden Bedürfnisse hinausgehen. Neben den Schlafgelegenheiten bietet die Einrichtung einen 
Kiosk, eine Kantine, Fitnessraum und sogar eine Kindertagesstätte. „Das Haus, in dem die Kita ist, wird noch bunt 

Erster Blick in neue Flüchtlingsunterkunft Einen „Tag der offenen Tür“ gab es am Samstag in der Zentralen 
Unterbringungseinrichtung des Landes am Flughafen Weez....
gestrichen und die anderen Häuser werden in jeweils einer Farbe gestrichen. So finden sich alle Farben in der Kita 
wieder“, erklärte Wolfgang Webers von der Bezirksregierung Düsseldorf.
Ein zentraler Info-Point, dauerhaft besetzt, gewährleistet, dass immer jemand in der Nähe ist, um Fragen zu 
beantworten und Unterstützung anzubieten. Die Mitarbeiter dort sind darauf spezialisiert, verschiedene Sprachen 
zu sprechen, um die Kommunikation mit den Bewohnern zu erleichtern.
Die Einrichtung am Flughafen verfügt auch über einen eigenen Waschsalon, der den Bewohnern die Möglichkeit 
gibt, ihre Wäsche bequem vor Ort zu waschen. Ein Jugendtreff innerhalb der Einrichtung fördert soziale Kontakte 
und schafft einen Raum für junge Menschen, um gemeinsam Zeit zu verbringen und ihre Freizeit sinnvoll zu 
gestalten.
Die Sicherheit der Einrichtung wird durch ein Security-Team gewährleistet. Das gesamte Gelände ist mit 
Sicherheitsmaßnahmen ausgestattet, um die Privatsphäre und Sicherheit der Bewohner zu schützen.
Besonders hervorzuheben ist die Unterführung, die zur Kantine führt und den Zugang zum Raum auf der anderen 
Straßenseite ermöglicht. „Wir haben lange überlegt, wie wir mehr Raum bekommen können. Dann ist uns 
aufgefallen, dass auf der anderen Straßenseite Häuser mit perfekten Bedingungen stehen. So kam die Idee der 
Unterführung und das wurde dann auch alles sehr schnell umgesetzt.“, erklärte Leo Schmitz.
„Für mich war es wichtig mir das heute hier anzuschauen, um zu wissen was in meiner Nachbarschaft passiert und 
ich bin wirklich begeistert. Dank der Führung weiß ich besser Bescheid und ich fand es sehr informativ. Mir wurden 
viele Fragen beantwortet.“, so das Fazit von Ludwig Beckers aus Wemb.
41.000 neue Plätze für Nordrhein-Westfalen
Planung Das Land Nordrhein-Westfalen plant insgesamt 3000 neue Plätze bis Frühjahr und strebt bis Ende des 
Jahres sogar einen Aufwuchs auf 41.000 Plätze an. Die Kosten für die Unterbringung werden dort vom Land 
getragen, um die Kommunen zu entlasten.
5145624163_0ea031d73a.IRPRODGERA_IQBZ37.jpg Norbert Prümen Bürgermeister Georg Koenen v. (re.) mit 
Josefine Paul, Thomas Schürmann und Sebastian Pabst. Fotos: N. Prümen
5145624123_a698e585a9.IRPRODGERA_IQBZ3Q.jpg Norbert Prümen In Weeze konnte beim „Tag der offenen 
Tür“ die neue Flüchtlingseinrichtung am Flughafen besichtigt werden.
Link to PDF"
2024-02,Main Corpus,2024-02(50).ZIP,Flüchtlingsheim steht auf 200 Säulen Weil der Untergrund an der Ladestraße nicht ganz unproblematisc(2).PDF,C:\PythonProjects\AfD-project\Corpora\Main Corpus\2024-02\raw_unarchive\Flüchtlingsheim steht auf 200 Säulen Weil der Untergrund an der Ladestraße nicht ganz unproblematisc(2).PDF,"Flüchtlingsheim steht auf 200 Säulen Weil der Untergrund an der Ladestraße nicht ganz unproblematisch ist,",flüchtlingsheim steht auf 200 säulen weil der untergrund an der ladestrasse nicht ganz unproblematisch ist,Rheinische Post,rheinische post,Dienstag 27. Februar 2024,Sebastian Latzel,S. 17,571,3983,9b4520780f548b507b8bfd13507a6c3e87b8d651,variant_003,regional_variant,review,,no,,no,,,5217,no,,,near_003,variant_003,"Sebastian Latzel
Kevelaer Die Situation ist in Kevelaer ähnlich dramatisch wie in anderen Städten. Es wird immer schwieriger, 
Wohnungen für die vielen Geflüchteten zu finden, die der Kommune zugewiesen werden. Sogar zwei Turnhallen 
sind bereits belegt. Das könne aber nur eine Notlösung und kein Dauerzustand sein, hieß es immer wieder von der 
Verwaltung.
Da aber nicht davon auszugehen ist, dass sich die Situation in nächster Zeit verbessern wird, ist die Stadt selbst 
aktiv geworden. Sie will zwei Flüchtlingsheime bauen, um dort die Menschen unterbringen zu können, die nach 
Kevelaer kommen.
Zwei Standorte sind dafür ins Auge gefasst worden. Einmal der Bereich an der Ladestraße am Bahnhof, wo es 
bereits Flüchtlingsunterkünfte gibt. Der andere ist in der Nähe des Bauhofs am Rosenbroecksweg. Dort wird es 
allerdings noch einige Zeit dauern, bis sich etwas tut. Hier soll demnächst die Ausschreibung erfolgen.
An der Ladestraße ist die Stadt schon ein gutes Stück weiter, wie Peter Reffeling vom Gebäudemanagement jetzt 
im Rat erläuterte. Hier stellte er auch Pläne für das Gebäude vor. Schlicht, solide, funktional soll das 
zweigeschossige Haus werden, das dort entsteht, wo früher das Gleis lag, auf dem der Zug hielt, der die Pilger 
nach Kevelaer brachte.
Die Schienen dort sind lange verschwunden, geblieben ist allerdings die Befürchtung, dass dort noch Blindgänger 
aus dem Zweiten Weltkrieg im Boden liegen könnten. Daher haben Experten des Kampfmittelbeseitigungsdienstes 

Flüchtlingsheim steht auf 200 Säulen Weil der Untergrund an der Ladestraße nicht ganz unproblematisch ist, 
muss das Gebäude besonders stabilisiert werden. Dafür....
hier intensiv nach möglichen Weltkriegsbomben gesucht. Problem ist in dem Bereich auch die Beschaffenheit des 
Bodens. Damit das Gebäude später auch stabil steht, muss es eine entsprechende Gründung geben. Vier Meter 
tief sollen Betonstützen in den Boden reichen, die das Haus tragen. Daher muss nach den Bomben natürlich auch 
in entsprechender Tiefe gesucht werden. Das macht die Arbeit so aufwändig.
Insgesamt 200 Säulen sollen später im Boden stecken, die das Gebäude tragen. Dafür sind entsprechende 
Bohrungen nötig. Das große Gerät für diese Arbeiten ist bereits da. Jetzt soll mit den entsprechenden Bohrungen 
begonnen werden.
Entstehen sollen dort 17 Wohnungen, die jeweils für vier bis acht Personen ausgelegt sind. Auch 
Gemeinschaftsräume wird es später in dem städtischen Flüchtlingsheim geben. Ein Sozialarbeiter und ein 
Hausmeister werden dieses Objekt und die Bewohner unter anderem betreuen.
Beim Bau wird auch auf umweltfreundliche Energieversorgung geachtet. Es wird eine Luftwärmepumpe geben, 
zudem kommt eine Photovoltaik-Anlage auf das Dach.
Das Erdgeschoss wird barrierefrei gestaltet. Hier könnten dann später auch Geflüchtete im Rollstuhl aufgenommen 
werden.
Ziel ist, dass das Gebäude Ende des Jahres fertig ist. Vielleicht wird es aber auch erst Anfang 2025 fertig.
Im Haushalt sind für den Neubau der Flüchtlingsunterkunft an der Ladestraße inklusive Außenanlagen und 
Nebenkosten rund vier Millionen Euro veranschlagt. Das Grundstück gehört der Stadt.
Idee vom Mietkauf hat sich zerschlagen
Konzept Ursprünglich hatte die Stadt einen Partner gesucht, über den sie das Objekt per Mietkauf übernimmt. 
Dafür hatte die Verwaltung einen Sozialträger gesucht. Allerdings war die Suche nicht erfolgreich. Sachstand Jetzt 
wickelt die Stadt das Projekt in Eigenregie ab und lässt das Gebäude an der Ladestraße selbst erstellen.
5148472071_d23c9d0e08.IRPRODGERA_IQ8ZQ9.jpg Norbert Prümen Die ersten Arbeiten für das neue 
Flüchtlingsheim an der Ladestraße laufen bereits. Foto: Prümen
5148472131_782ebd2bda.IRPRODGERA_IQDLE9.jpg Hanenberg Auf dem Gelände am Bahnhof sind Bohrungen 
nötig, um den Untergrund zu untersuchen. Foto: Hanenberg
5148472161_f3e70398bf.IRPRODGERA_IQDPRF.jpg Stadt Schlicht und funktional soll das neue Heim in der Nähe 
des Bahnhofs werden. Animation: Stadt
Link to PDF"
2024-02,Main Corpus,2024-02(50).ZIP,Flüchtlingsheim steht auf 200 Säulen Weil der Untergrund an der Ladestraße nicht ganz unproblematisc.PDF,C:\PythonProjects\AfD-project\Corpora\Main Corpus\2024-02\raw_unarchive\Flüchtlingsheim steht auf 200 Säulen Weil der Untergrund an der Ladestraße nicht ganz unproblematisc.PDF,"Flüchtlingsheim steht auf 200 Säulen Weil der Untergrund an der Ladestraße nicht ganz unproblematisch ist,",flüchtlingsheim steht auf 200 säulen weil der untergrund an der ladestrasse nicht ganz unproblematisch ist,Rheinische Post,rheinische post,Dienstag 27. Februar 2024,Sebastian Latzel,S. 20,533,3685,e2039b0e79fd0d4e8674a63a7d47cf96ab233db4,variant_003,regional_variant,review,,no,,no,,,4916,no,,,near_003,variant_003,"Sebastian Latzel
Kevelaer Die Situation ist in Kevelaer ähnlich dramatisch wie in anderen Städten. Es wird immer schwieriger, 
Wohnungen für die vielen Geflüchteten zu finden, die der Kommune zugewiesen werden. Sogar zwei Turnhallen 
sind bereits belegt. Das könne aber nur eine Notlösung und kein Dauerzustand sein, hieß es immer wieder von der 
Verwaltung.
Da aber nicht davon auszugehen ist, dass sich die Situation in nächster Zeit verbessern wird, ist die Stadt selbst 
aktiv geworden. Sie will zwei Flüchtlingsheime bauen, um dort die Menschen unterbringen zu können, die nach 
Kevelaer kommen.
Zwei Standorte sind dafür ins Auge gefasst worden. Einmal der Bereich an der Ladestraße am Bahnhof, wo es 
bereits Flüchtlingsunterkünfte gibt. Der andere ist in der Nähe des Bauhofs am Rosenbroecksweg. Dort wird es 
allerdings noch einige Zeit dauern, bis sich etwas tut. Hier soll demnächst die Ausschreibung erfolgen.
An der Ladestraße ist die Stadt schon ein gutes Stück weiter, wie Peter Reffeling vom Gebäudemanagement jetzt 
im Rat erläuterte. Hier stellte er auch Pläne für das Gebäude vor. Schlicht, solide, funktional soll das 
zweigeschossige Haus werden, das dort entsteht, wo früher das Gleis lag, auf dem der Zug hielt, der die Pilger 
nach Kevelaer brachte.
Die Schienen dort sind lange verschwunden, geblieben ist allerdings die Befürchtung, dass dort noch Blindgänger 
aus dem Zweiten Weltkrieg im Boden liegen könnten. Daher haben Experten des Kampfmittelbeseitigungsdienstes 

Flüchtlingsheim steht auf 200 Säulen Weil der Untergrund an der Ladestraße nicht ganz unproblematisch ist, 
muss das Gebäude besonders stabilisiert werden. Dafür....
hier intensiv nach möglichen Weltkriegsbomben gesucht. Problem ist in dem Bereich auch die Beschaffenheit des 
Bodens. Damit das Gebäude später auch stabil steht, muss es eine entsprechende Gründung geben. Vier Meter 
tief sollen Betonstützen in den Boden reichen, die das Haus tragen. Daher muss nach den Bomben natürlich auch 
in entsprechender Tiefe gesucht werden. Das macht die Arbeit so aufwändig.
Insgesamt 200 Säulen sollen später im Boden stecken, die das Gebäude tragen. Dafür sind entsprechende 
Bohrungen nötig. Das große Gerät für diese Arbeiten ist bereits da. Jetzt soll mit den entsprechenden Bohrungen 
begonnen werden.
Entstehen sollen dort 17 Wohnungen, die jeweils für vier bis acht Personen ausgelegt sind. Auch 
Gemeinschaftsräume wird es später in dem städtischen Flüchtlingsheim geben. Ein Sozialarbeiter und ein 
Hausmeister werden dieses Objekt und die Bewohner unter anderem betreuen.
Beim Bau wird auch auf umweltfreundliche Energieversorgung geachtet. Es wird eine Luftwärmepumpe geben, 
zudem kommt eine Photovoltaik-Anlage auf das Dach.
Das Erdgeschoss wird barrierefrei gestaltet. Hier könnten dann später auch Geflüchtete im Rollstuhl aufgenommen 
werden.
Ziel ist, dass das Gebäude Ende des Jahres fertig ist. Vielleicht wird es aber auch erst Anfang 2025 fertig.
Im Haushalt sind für den Neubau der Flüchtlingsunterkunft an der Ladestraße inklusive Außenanlagen und 
Nebenkosten rund vier Millionen Euro veranschlagt. Das Grundstück gehört der Stadt.
Idee vom Mietkauf hat sich zerschlagen
Konzept Ursprünglich hatte die Stadt einen Partner gesucht, über den sie das Objekt per Mietkauf übernimmt. 
Dafür hatte die Verwaltung einen Sozialträger gesucht. Allerdings war die Suche nicht erfolgreich. Sachstand Jetzt 
wickelt die Stadt das Projekt in Eigenregie ab und lässt das Gebäude an der Ladestraße selbst erstellen.
5148814859_8f4209b418.IRPRODGERA_IQ8ZQ9.jpg Norbert Prümen Die ersten Arbeiten für das neue 
Flüchtlingsheim an der Ladestraße laufen bereits. Foto: Prümen
Link to PDF"
2024-02,Main Corpus,2024-02(50).ZIP,FLÜCHTLINGSZAHLEN - Hilfe wird dringend benötigt.PDF,C:\PythonProjects\AfD-project\Corpora\Main Corpus\2024-02\raw_unarchive\FLÜCHTLINGSZAHLEN - Hilfe wird dringend benötigt.PDF,FLÜCHTLINGSZAHLEN - Hilfe wird dringend benötigt,flüchtlingszahlen  hilfe wird dringend benötigt,Frankfurter Rundschau,frankfurter rundschau,Montag 12. Februar 2024,,MAIN-TAUNUS; S. F14,622,4279,d0960daaae1f9843387cf988cf1bfc7d43bfa2ba,,unique,keep,,no,,no,,,5135,no,,,,,"Die Zahl neu im MTK ankommender Flüchtlinge soll stark gesunken sein. Im Frühjahr 2023 gab der Kreis mal 30 
pro Woche an, im Dezember war im Kreistag sogar von 64 die Rede.
Der Kreis hatte den Kommunen daher Druck gemacht und monatlich in großer Zahl Menschen zur Unterbringung 
zugewiesen. Hofheim etwa hatte noch Ende vergangenen Jahres 52 Personen pro Monat irgendwie in vier Wände 
zu bringen.
Die Stadt Hofheim beschloss, Mobile Homes für bis zu 240 Personen aufstellen zu lassen. Droht jetzt, dass diese 
gar nicht voll belegt werden können? Bleibt die Stadt dann auf Kosten sitzen?
Das Landratsamt gab noch keine aktuellen Flüchtlingszahlen heraus. Es heißt aber, weil nun Apartments in den 
Gemeinschaftsunterkünften leer stehen, habe der Kreis sie Ukrainern angeboten. babs
Da gab’s mal Grund zur Freude: Das Foto entstand in der Gemeinschaftsunterkunft Haus Maria Elisabeth 
bei der Überreichung von Weihnachtspräsenten an Kinder aus der Ukraine. Asylkreis
VON BARBARA SCHMIDT
Im Augenblick macht das Wetter nicht mit auf der Baustelle zwischen Polizeistation und Tierklinik. Es regnet so viel, 
dass auch Landwirte derzeit lieber nicht auf die durchweichten Böden fahren. Für die Maschinen, die eigentlich im 
wahrsten Sinne des Wortes „den Boden bereiten“ sollen für die neue Flüchtlingsunterkunft der Kreisstadt Hofheim 
ist das Matschwetter genauso schwierig. Wann also werden sie fertig, die „Mobile Homes“? Denn sie sollten doch 
endlich der Misere abhelfen, nicht wirklich zu wissen wohin mit den Menschen, die aus Unterkünften des Kreises 
ausziehen müssen, weil sie dort gar nicht mehr wohnberechtigt sind und anderen Platz machen sollen.
Die drohende Obdachlosigkeit macht derzeit auch den Bewohnern im früheren Altenheim Haus Maria Elisabeth im 
Roedersteinweg viel Druck. Sie kommen allesamt aus der Ukraine und müssen bis zum 31. März eine andere 
Bleibe haben. „Dann wird die Unterkunft hier definitiv geschlossen und an den Eigentümer zurückgegeben“, sagt 
Marianne Köhne. Die Vorbereitungsarbeiten für die geplante Kernsanierung des Hauses liefen bereits.

FLÜCHTLINGSZAHLEN - Hilfe wird dringend benötigt
Köhne, vom Kreis ausgebildete Integrationslotsin und Ehrenamtliche der evangelischen Johannesgemeinde, ist mit 
Bettina Lassak vom Caritasausschuss der katholischen Pfarrei St. Elisabeth Sprecherin für den kleinen Kreis 
freiwilliger Helfer, der sich seit der Eröffnung dieser Gemeinschaftsunterkunft kurz nach dem Überfall Russlands auf 
die Ukraine hier nahezu täglich engagiert.
Neben dem Kreis, der die Unterkunft trägt, sind die Ehrenamtlichen auch mit der Stadt in Kontakt. Die 
Zusammenarbeit mit der HWB bei der Wohnungssuche klappe gut, sagt Marianne Köhne. Sowohl die HWB, die als 
Mieter auftritt, wenn es Vermietern lieber ist, nicht direkt an Flüchtlinge zu vermieten, aber auch die ehrenamtlichen 
Helfer und die Flüchtlinge selbst hätten so gemeinsam schon für rund die Hälfte der Menschen im Haus Maria 
Elisabeth anderen Wohnraum gefunden. Nicht alle hier im MTK, auch in Schmitten oder Darmstadt seien schon 
Mietverträge geschlossen worden, berichtet Marianne Köhne, die täglich mit diesem Ziel unterwegs ist, wo auch 
immer etwas angeboten wird.
Die rund 90 Personen, die aktuell noch keine neue Bleibe gefunden haben, lassen sie und ihre Mitstreiterinnen nun 
aber noch einmal auch öffentlich um Unterstützung bitten. Es handelt sich vor allem um Familien mit 
schulpflichtigen Kindern. Diese sollen nicht gleich wieder aus dem Umfeld gerissen werden, in dem sie nach teils 
traumatischen Erfahrungen gerade einigermaßen angekommen sind. „Wir brauchen dringend deutlich mehr 
Unterstützung aus der Zivilgesellschaft unserer Stadt, damit der soziale Zusammenhalt unsere Gesellschaft auch in 
solchen Notsituationen trägt und sichtbar wird“, so der Appell an alle, die Wohnraum zur Verfügung stellen könnten. 
Auch Hinweise, wo ein Wohnungswechsel ansteht oder es Leerstand gibt, könnten weiterhelfen, sagt Marianne 
Köhne. Auch unverbindliche Fragen zu diesem Thema würden gern beantwortet.
Kontakt aufnehmen lässt sich per E-Mail: an integrationskreis- kernstadt@johannesgemeinde- hofheim.de, oder 
auch per Telefon: 0 61 92/92 98 50 (Pfarrbüro St. Elisabeth) oder 0 61 92/60 41 (Büro Johannesgemeinde).
Link zum PDF-Dokument"
2024-02,Main Corpus,2024-02(50).ZIP,Frist verstrichen   Schwerkranker Mohammed darf bleiben Abschiebung Antrag für Verlegung zur Behandl.PDF,C:\PythonProjects\AfD-project\Corpora\Main Corpus\2024-02\raw_unarchive\Frist verstrichen   Schwerkranker Mohammed darf bleiben Abschiebung Antrag für Verlegung zur Behandl.PDF,Frist verstrichen Schwerkranker Mohammed darf bleiben Abschiebung Antrag für Verlegung zur Behandlung,frist verstrichen schwerkranker mohammed darf bleiben abschiebung antrag für verlegung zur behandlung,Nordwest-Zeitung,nordwestzeitung,24. Februar 2024,,THEMEN SEITEN; S. 7,448,3145,eef30dd62c4f2a2184658d4d663225d1babb9c2f,,unique,keep,,no,,no,,,4435,no,,,,,"Krummhörn/ps - Aufatmen im Haus Abdallah: Die Frist zur Abschiebung ist verstrichen. Fatma, Ibrahim und der 
zweijährige Mohammed Abdallah aus Rysum im Landkreis Aurich werden nach geltendem Recht in Deutschland 
bleiben können. Der Grund: Die sechsmonatige Frist für eine Rückführung nach Spanien ist abgelaufen. In Spanien 
betraten die Flüchtlinge aus Gaza erstmals den Boden der Europäischen Union, nach europäischer Dublin-
Regelung hätte sich nun Südwesteuropa um die Versorgung kümmern müssen. Diese Regel greift aber nur, wenn 
innerhalb von sechs Monaten die deutschen Behörden eine erfolgreiche Abschiebung durchgeführt hätten. Haben 
sie aber nicht. Mit Unterstützung von Anwalt und Krummhörner Asylkreis hatte sich die Familie gegen die drohende 
Abschiebung gewehrt.
Umzug bereits beantragt
Für die Familie heißt das nun, dass sie sich nicht nur weiter in der Bundesrepublik aufhalten dürfen, sondern und 
für alle drei wohl deutlich wichtiger dass nun auch die ersehnte Behandlung des Zweijährigen in greifbarer Nähe 
gerückt ist. Einen entsprechenden Antrag zum Umzug nach Würzburg habe die Familie bereits beim Landkreis 
Aurich gestellt, teilte ein Sprecher des Kreishauses gegenüber dieser Redaktion mit. In Würzburg, so die Hoffnung 
der Familie, gibt es Experten, die das sogenannte Crouzon-Syndrom behandeln können, unter dem Mohammed 
leidet. Das Crouzon-Syndrom ist eine genetische Erkrankung, bei der sich Schädeldecke und Gesichtszüge 
verknöchern. Durch die Verformung des Schädels kann es zu Gehirnschäden kommen. Im konkreten Fall hat der 

Frist verstrichen Schwerkranker Mohammed darf bleiben Abschiebung Antrag für Verlegung zur Behandlung 
des in der Krummhörn lebenden Zweijährigen nach Würzburg....
zweijährige Mohammed bereits die Hörfähigkeit verloren. Aktuell droht Blindheit, es kam bereits zu epileptischen 
Anfällen.
Flucht aus Gaza 2022
Die Familie hatte 2022 noch vor dem aktuellen Israel-Gaza-Krieg den Palästinenserstreifen verlassen, weil dort die 
medizinische Behandlung nicht möglich sei. Außerdem sei der Junge dort ausgegrenzt und manches Mal sogar mit 
Steinen beworfen worden. Ursprünglich, so der Plan der Eltern, wollten sie den Jungen behandeln lassen und dann 
so schnell wie möglich zurück nach Gaza kehren, wo sie ihre beiden älteren Söhne im damaligen Alter von neun 
und zehn zurückließen. Seit dem Beginn des aktuellen Kriegs am 9. November 2023 sei der Kontakt zu den beiden 
Söhnen allerdings abgebrochen. An eine Rückkehr nach Gaza ist zurzeit nicht zu denken.
Und noch ein Wermutstropfen haftet an dem aktuellen Verbleib von Mohammed in Deutschland, ein dreistelliger. 
Weil Vater Ibrahim im Januar zufällig eine geplante Abschiebung verpasst hatte, muss der Landkreis Aurich nun ein 
Bußgeld feststellen, teilte der Behördensprecher mit. Bis zu 150 Euro werden fällig, so das Kreishaus. Für die 
Familie aber wohl eine verschmerzbare Investition in die Genesung ihres zweijährigen Sohnes.
PDF-Datei dieses Dokuments
Frist verstrichen Schwerkranker Mohammed darf bleiben Abschiebung Antrag für Verlegung zur Behandlung 
des in der Krummhörn lebenden Zweijährigen nach Würzburg...."
2024-02,Main Corpus,2024-02(50).ZIP,Fürstenauer wollen Flüchtlinge Die Pommern-Kaserne im niedersächsischen Fürstenau soll zur Erstaufna.PDF,C:\PythonProjects\AfD-project\Corpora\Main Corpus\2024-02\raw_unarchive\Fürstenauer wollen Flüchtlinge Die Pommern-Kaserne im niedersächsischen Fürstenau soll zur Erstaufna.PDF,Fürstenauer wollen Flüchtlinge Die Pommern-Kaserne im niedersächsischen Fürstenau soll zur,fürstenauer wollen flüchtlinge die pommernkaserne im niedersächsischen fürstenau soll zur,"taz, die tageszeitung",taz die tageszeitung,Dienstag 27. Februar 2024,Nadine Conti,NORD AKTUELL; S. 26-27,672,4900,bc395aeb0c1a1c67d4a095523508022b08b7e42f,,unique,keep,,no,,no,,,6356,no,,,,,"Von Nadine Conti
Es war der erste Bürgerentscheid in Niedersachsen für oder gegen eine Flüchtlingsunterkunft. In Fürstenau bei 
Osnabrück stimmten am Sonntag 3.757 Bürger*innen darüber ab, was mit der ehemaligen Pommern-Kaserne 
am Ortsrand geschehen soll. 55,2 Prozent erklärten, die Stadt dürfe einen zehn Hektar großen Teil des Geländes 
ruhig an die Landesaufnahmebehörde vermieten, 44,8 Prozent lehnten dies ab. Damit ist das Bürgerbegehren, das 
die Unterbringung von bis zu 500 Geflüchteten an dieser Stelle verhindern wollte, gescheitert.
Er sei erleichtert, sagte der ehrenamtliche Bürgermeister der Gemeinde, Ernst Ehmke (SPD) gegenüber der Neuen 
Osnabrücker Zeitung. Ähnlich äußerten sich Stadtdirektor Matthias Wübbel (SPD) und Niedersachsens 
Innenministerin Daniela Behrens (SPD).
Und die grüne Landtagsfraktion jubelte in einer Pressemitteilung gar: Sachliche Debatten über die Unterbringung 
von Geflüchteten sind möglich. Das liegt möglicherweise aber auch daran, dass die Debatte in Fürstenau nicht so 
ganz entlang der üblichen Frontstellungen verlief.
Das fängt schon mit der Fragestellung an: Lehnen Sie eine Vermietung/Verpachtung der ehemaligen 
Pommernkaserne durch die Stadt Fürstenau an die Landesaufnahmebehörde Niedersachsen ab? Wer also keine 
Erstaufnahmeeinrichtung an dieser Stelle will, muss mit Ja stimmen. Wer für die Unterkunft ist, mit Nein .
Dass dies so umständlich und missverständlich formuliert ist, musste die Stadtverwaltung immer wieder erklären. 
Es liegt daran, dass das Niedersächsischen Kommunalverfassungsgesetz (NKomVG) verfügt, dass ein 
Bürgerbegehren immer so formuliert sein muss, dass diejenigen, die mit den Initiatoren übereinstimmen, mit Ja 
antworten können.

Fürstenauer wollen Flüchtlinge Die Pommern-Kaserne im niedersächsischen Fürstenau soll zur 
Erstaufnahmestelle für bis zu 500 Geflüchtete werden. Ein Bürgerentsc....
Die Initiatoren sind in diesem Fall zwei Anwohner, die von Anfang an betonten, nicht aus der rechten Ecke zu 
kommen, wie die NOZ berichtet. Sie betonen einerseits die Verärgerung darüber, nicht ausreichend informiert 
worden zu sein und andrerseits die Sorge darum, dass eine Massenunterkunft eben nicht unbedingt 
integrationsfördernd ist.
Auf dem Gelände, das aktuell einem Privatmann gehört, der es aber gern an die Stadt verkaufen möchte, waren 
schon länger Geflüchtete untergebracht. Allerdings hatte sich die Art der Unterbringung zwischenzeitlich geändert: 
Aus einer Notunterkunft für Ukrainerinnen wurde eine Erstaufnahmestelle, die Belegungszahlen änderten sich, die 
Fristen, zu denen dieses vorübergehende Arrangement auslaufen sollte auch immer wieder die Anwohner fühlten 
sich dabei nicht mitgenommen.
Gleichzeitig wird diese Art von Kasernierung auch von Flüchtlingsorganisationen kritisch gesehen, weil sie eben 
tatsächlich eher zu Isolation als zur Integration führt. Aber um das Wirrwarr komplett zu machen: Im Fall Fürstenau 
schiebt nun selbst die AfD das Integrationsargument vor, um sich gegen die Unterkunft auszusprechen. Andere 
sprechen sich gegen die Unterkunft aus, weil sie es lieber hätten, wenn das gesamte Gelände die Stadt will 
insgesamt 40 Hektar kaufen zur Entwicklung als Gewerbegebiet zur Verfügung stünde.
Auf der anderen Seite stehen diejenigen, die nicht nur Mitleid mit den Geflüchteten haben, sondern auch deutliche 
Vorteile für die Stadt und ihre Kasse sehen. Die Verpachtung an die Landesaufnahmebehörde würde jährlich rund 
eine Million Euro einbringen damit ließe sich der Ankauf und die Entwicklung des restlichen Geländes zumindest 
teilweise refinanzieren.
Außerdem sehen die bisherigen Vereinbarungen mit dem Land vor, dass die Erstaufnahmeeinrichtung auf die 
Zuweisungsquote angerechnet wird. Das heißt: Fürstenau braucht selbst keine Geflüchteten mehr unterzubringen, 
die dann im Ort mit anderen um knappen Wohnraum, Kita- und Schulplätze oder sonstige Kapazitäten 
konkurrieren. Dafür entstehen in der Einrichtung sogar noch Arbeitsplätze.
Trotzdem hat die Frage den Ort offenbar ziemlich gespalten: Die beiden Lager liegen nur um 390 Stimmen 
auseinander. Und auch die Wahlbeteiligung von 48,8 Prozent spricht dafür, dass die Sache viele Menschen bewegt 
hat. Sie mag zwar auf den ersten Blick niedrig erscheinen, ist aber für einen Bürgerentscheid, der nicht mit anderen 
Wahlgängen zusammen stattgefunden hat, tatsächlich ziemlich gut.
Rund 30 Prozent aller Bürgerentscheide in Niedersachsen scheitern daran, dass sich zu wenig Wahlberechtigte ins 
Wahllokal begeben, erklärt der Verein Mehr Demokratie auf seiner Webseite.
Für den Rat ist diese Entscheidung nun bindend. Die Stadtverwaltung hat angekündigt, die Kauf- und 
Pachtvereinbarungen sobald wie möglich abstimmungsreif vorlegen zu wollen. Dann kann in Fürstenau wieder um 
andere Dinge gestritten werden.
Auch die AfD schob das Argument der gefährdeten Integration gegen die Unterkunft vor"
2024-02,Main Corpus,2024-02(50).ZIP,Gedenkstätten sind teutonisch geprägte Orte Auf den Demos gegen rechts waren wenige Menschen mit Mig.PDF,C:\PythonProjects\AfD-project\Corpora\Main Corpus\2024-02\raw_unarchive\Gedenkstätten sind teutonisch geprägte Orte Auf den Demos gegen rechts waren wenige Menschen mit Mig.PDF,Gedenkstätten sind teutonisch geprägte Orte Auf den Demos gegen rechts waren wenige Menschen mit,gedenkstätten sind teutonisch geprägte orte auf den demos gegen rechts waren wenige menschen mit,"taz, die tageszeitung",taz die tageszeitung,Donnerstag 01. Februar 2024,Esther Geißlinger,NORD AKTUELL; S. 25,813,6150,ab531e192a45a5aab8b07c3b35190ded62de8bed,,unique,keep,,no,,no,,,7821,no,,,,,"Interview Esther Geißlinger
taz: Herr Link, Herr Schomaker, an den aktuellen Demos gegen rechts nehmen vergleichsweise wenige Menschen 
mit Fluchterfahrung oder nicht biodeutsch gelesene Personen teil, auch die Redner*innen stammen 
überwiegend aus der Mehrheitsgesellschaft. Ihre These lautet, das läge auch daran, dass hierzulande eine diverse 
und plurale Erinnerungskultur fehlt. Wie könnte die aussehen?
Heino Schomaker: Sicher gibt es viele persönliche Gründe, warum Menschen demonstrieren oder eben nicht. Aber 
die Art, wie in Deutschland Erinnerungskultur praktiziert wird, ist immer noch ein sehr abgeschlossenes Projekt 
biodeutscher Akteur*innen, mit Fokus auf der NS-Zeit. Natürlich hat die nach wie vor eine zentrale Bedeutung, aber 
eine Einwanderungsgesellschaft muss die Zugewanderten einbeziehen, ihre Geschichten und die ihrer 
Herkunftsländer.
Würde das nicht bedeuten, den Holocaust mit anderen Taten zu vergleichen und gleichzusetzen?
Martin Link: Die Debatte über die historische Einmaligkeit des Holocaust ist sehr deutsch, Eingewanderte können 
das oft nicht nachvollziehen. Dass die Mehrheitsgesellschaft versucht, einzelne Gruppen auszumerzen, ist auch 
eine Erfahrung in der Geschichte von Einwander*innen. Sie sind irritiert, wenn wir den Eindruck vermitteln, ihre 
Historie habe weniger Gewicht als unsere. Ja, der Holocaust hat mit der industriellen Vernichtung von Millionen 
Menschen eine andere Dimension, aber Genozid bleibt Genozid. Wenn wir zu einem pluralen Erinnern kommen 
wollen, dürfen wir in der Einwanderungsgesellschaft die Erfahrungen, die andere mitbringen, nicht abwerten.

Gedenkstätten sind teutonisch geprägte Orte Auf den Demos gegen rechts waren wenige Menschen mit 
Migrationserfahrungen. Das liege auch daran, dass eine diverse ....
Schomaker: Wir müssen Erinnern global denken. Ich verstehe das Nie wieder! als universellen Ausdruck für 
Menschenrechte. Ganz konkret: Ich trete für den Schutz jüdischen Lebens und das Existenzrecht Israels ein und 
kann gleichzeitig die katastrophale Situation der Menschen im Gazastreifen beklagen und über Kolonialismus und 
seine Folgen diskutieren.
Wie könnte so eine Haltung entstehen?
Link: Es gibt bis dato kaum politisches Bewusstsein dafür, dass es in einer diversen Gesellschaft eine gemeinsame 
Vergewisserung der Geschichte geben muss. Einwanderung soll einen Bedarf befriedigen, etwa dem Mangel an 
Arbeitskräften abhelfen. Aber damit Zugewanderte und Mehrheitsbevölkerung eine Zukunftsperspektive entwickeln 
können, kann es helfen, sich auf gemeinsame historische Wurzeln und Bezüge zu besinnen. Darüber wollen wir ins 
Gespräch gehen und hoffen auf Förderung.
Wofür brauchen Sie die?
Schomaker: Ich sage Ihnen ein Beispiel: Der Flüchtlingsrat und die Landesarbeitsgemeinschaft Gedenkstätten und 
Erinnerungsorte in Schleswig-Holstein möchten Migranten-Selbstorganisationen einladen und gemeinsam 
überlegen, wie wir die Strukturen und Inhalte der Erinnerungsarbeit öffnen und Erinnerungskultur weiterentwickeln 
können. Dahinter steht keine Kritik an den Akteur*innen der Erinnerungsarbeit und der historisch-politischen 
Bildung, die oft ehrenamtlich eine sehr gute Arbeit machen. Aber unsere Gesellschaft ist vielfältiger geworden, 
und das muss sich auch in ihrer Erinnerungskultur ausdrücken.
Link: Dafür müssen wir die Gedenkstätten für Eingewanderte identifizierbar machen. Heute sind das sehr 
teutonisch geprägte Orte, orientiert auf die deutschsprachige Zielgruppe. Daher bilden sich die Erfahrungen aus 
anderen Ländern eher weniger in den Gedenkstätten ab. Das sollte sich im Zuge einer 
einwanderungsgesellschaftlichen Erinnerungsarbeit ändern, schließlich reicht die Geschichte des Faschismus über 
Europa hinaus. Ich erhoffe mir durch solche Debatten mehr wechselseitigen Respekt im Zusammenleben und 
einen gemeinsamen Blick auf die Welt.
Das ist die langfristige Sicht aber wie gelingt es, dass die aktuellen Demos mehr Menschen anziehen?
Schomaker: Die Menschen müssen das Gefühl haben, dass sie willkommen und wichtig sind. Bei der Demo in Kiel 
am vergangenen Samstag gab es Beiträge von Schwarzen Personen, die neue Perspektiven eröffnet haben. Das 
ist von zentraler Bedeutung, das ist Diskursqualität in der Einwanderungsgesellschaft.
Für große Teile der Mehrheitsgesellschaft scheint das Treffen in Potsdam von AfD-Funktionären mit 
Rechtsextremen, bei dem über die Remigration großer Bevölkerungsgruppen gesprochen wurde, ein Weckruf 
gewesen zu sein. Personen, die nicht biodeutsch gelesen werden, erleben aber ständig Alltagsrassismus. Nehmen 
Betroffene der Mehrheitsgesellschaft ihre Entrüstung nicht ab?
Link: Darüber will ich nicht spekulieren. Aber bei den Demonstrationen wollen sich in erster Linie Deutsche von dem 
abgrenzen, was da angeblich in ihrem Namen im braunen Hinterzimmer vorbereitet wird. Dass Einwandernde, die 
regelmäßig Alltagsrassismus, restriktive Politik und eine ausgrenzende Bürokratie erfahren, nicht mit wehenden 
Fahnen auf den Markt antirassistischer Bekenntnisrituale der Mehrheitsgesellschaft ziehen, sollte uns nicht 
überraschen. So lange Integration nur formal abläuft, stets im Fadenkreuz der Behörden, führt das nicht zu positiver 
Identifizierung, sondern nur zu einer defensiven Strategie der Fehlervermeidung. Das Ziel ist, dass alle hier 
Lebenden das Land und die Zukunft als kollektives Projekt verstehen. Das ließe sich über die Brücke der 
gemeinsamen Aneignung der Geschichte erreichen.
 Unsere Gesellschaft ist vielfältiger geworden, und das muss sich auch in ihrer Erinnerungskultur ausdrücken 
Martin Link 58, wuchs als Kind von Vertriebenen auf der Insel Neuwerk auf. Der gelernte Sozialpädagoge ist seit 
fast 30 Jahren Geschäftsführer des Flüchtlingsrats Schleswig-Holstein.
Gedenkstätten sind teutonisch geprägte Orte Auf den Demos gegen rechts waren wenige Menschen mit 
Migrationserfahrungen. Das liege auch daran, dass eine diverse ....
Heino Schomaker 1955 in Hamburg geboren, leitete die Heinrich-Böll-Stiftung in Schleswig-Holstein und ist 
ehrenamtlicher Vorsitzender der Landesarbeitsgemeinschaft Gedenkstätten und Erinnerungsorte in Schleswig-
Holstein."
2024-02,Main Corpus,2024-02(50).ZIP,Guthabenkarte statt Bargeld Die Bundesländer wollen bei der Unterstützung von Asylsuchenden künftig(2).PDF,C:\PythonProjects\AfD-project\Corpora\Main Corpus\2024-02\raw_unarchive\Guthabenkarte statt Bargeld Die Bundesländer wollen bei der Unterstützung von Asylsuchenden künftig(2).PDF,Guthabenkarte statt Bargeld Die Bundesländer wollen bei der Unterstützung von Asylsuchenden künftig neue,guthabenkarte statt bargeld die bundesländer wollen bei der unterstützung von asylsuchenden künftig neue,Rheinische Post,rheinische post,Donnerstag 1. Februar 2024,Sina Zehrfeld,S. 4,511,3803,63de0919f99eff967c009b0db4929fbe4061e965,exact_003,duplicate_exact,review,,no,,no,,,4810,no,,exact_003,,,"Sina Zehrfeld
Düsseldorf Die Planung für die bundesweite Einführung einer Bezahlkarte für Asylsuchende wird konkret. Sie soll 
Bargeldauszahlungen für den Unterhalt der Geflüchteten künftig überflüssig machen. Nach einer grundlegenden 
Einigung der Bundesländer sollen die Karten mit Debit-Funktion, aber ohne Kontobindung mit Guthaben 
aufgeladen werden und dann grundsätzlich überall in Geschäften in Deutschland genutzt werden können. Im 
Ausland sind sie nicht nutzbar. Auch Überweisungen sollen nicht möglich sein, weder von Karte zu Karte noch ins 
In- oder Ausland. Die Bundesländer können selbst entscheiden, ob sie weitere Einschränkungen verfügen wollen. 
So können sie etwa die Verwendung der Karten auch innerhalb Deutschlands regional eingrenzen oder Zahlungen 
in bestimmten Branchen ausschließen.
Flüchtlingsministerin Josefine Paul (Grüne) nannte auf Anfrage ihre Prioritäten: „Mir ist wichtig, dass unsere 
Kommunen durch die Bezahlkarte mit keiner neuen Bürokratie belastet werden. Ziel muss es sein, die 
Verwaltungen zu entlasten und ein diskriminierungsfreies Verfahren für Geflüchtete zu gewährleisten“, sagte sie. 
„Gleichzeitig darf die Bezahlkarte bestehende Regelungen nicht einschränken. Für Menschen, die beispielsweise 
bereits ein Anrecht auf ein eigenes Konto haben, muss dies auch weiter gewährleistet sein. Auch sollte es den 
Geflüchteten grundsätzlich möglich sein, Bargeld abzuheben.“
Letzteres ist bundesweit auch so vorgesehen. Die Länder können aber eigenständig festlegen, wie viel ihres 
monatlichen Guthabens die Karteninhaber in Bar abheben können. Diese Limitierung wird technisch ermöglicht.

Guthabenkarte statt Bargeld Die Bundesländer wollen bei der Unterstützung von Asylsuchenden künftig neue 
Wege gehen. In NRW warnt Flüchtlingsministerin Josefine....
Die großen Städte in NRW fordern, dass sie umgehend in die weiteren Planungen eingebunden werden: „Die 
Landesregierung muss jetzt möglichst schnell Gespräche mit den Kommunen starten, wie die Details zur 
Bezahlkarte in NRW aussehen sollen“, sagte Helmut Dedy, Geschäftsführer des Städtetages NRW, unserer 
Redaktion. „Auf welchem Weg kommt die Karte zur Kommune und wer gibt sie aus? Für welche Gruppen von 
Leistungsbeziehern soll sie gelten? Und wie werden den Kommunen die Kosten erstattet, die durch das 
Bezahlkartensystem bei ihnen entstehen?“ Auf finanziellen Belastungen wollen die Städte nicht sitzen bleiben. Der 
Städte- und Gemeindebund NRW warnte, man dürfe sich von der Bezahlkarte nicht zu viel versprechen. Sie werde 
nicht mit einem Schlag die Zuwanderungszahlen senken. „Aber immerhin für einige wenige Gruppen dürfte sie den 
Anreiz reduzieren, nach Deutschland zu kommen“, so Hauptgeschäftsführer Christof Sommer. „Im besten Fall lässt 
sich ein Modell entwickeln, das man ausbauen kann zu einer Art digitalem Ausweis, der Informationen zu Identität, 
Qualifikationen und Aufenthaltsstatus enthält. Das würde auch den Geflüchteten im Umgang mit den verschiedenen 
Ämtern helfen.“
Akteure der Flüchtlingshilfe in NRW üben scharfe Kritik an den Planungen – vor allem wegen der angedachten 
Beschränkungen für den Einsatz der Karten. „Die Zielsetzung ist abzulehnen“, sagte Birgit Naujoks vom 
Flüchtlingsrat NRW. Hinter dem Konzept stehe die Idee, die Menschen kämen wegen materieller Anreize ins Land. 
„Das ist eine Unterstellung, die in die gesellschaftliche Stimmung hineinwirkt“, kritisierte Naujoks. „Die Menschen 
kommen, weil sie flüchten müssen. Nicht, weil sie sich hier ein tolles Leben mit den großzügigen Sozialleistungen 
erhoffen.“
5075403775_e5936d3db8.IRPRODGERA_IPTZ8H.jpg Philipp von Ditfurth Ein Geflüchteter hält eine Debitcard in 
der Hand (Symbolbild). In einigen Kreisen in Deutschland werden Bezahlkartensysteme bereits eingeführt. Foto: 
dpa
Link to PDF"
2024-02,Main Corpus,2024-02(50).ZIP,Guthabenkarte statt Bargeld Die Bundesländer wollen bei der Unterstützung von Asylsuchenden künftig.PDF,C:\PythonProjects\AfD-project\Corpora\Main Corpus\2024-02\raw_unarchive\Guthabenkarte statt Bargeld Die Bundesländer wollen bei der Unterstützung von Asylsuchenden künftig.PDF,Guthabenkarte statt Bargeld Die Bundesländer wollen bei der Unterstützung von Asylsuchenden künftig neue,guthabenkarte statt bargeld die bundesländer wollen bei der unterstützung von asylsuchenden künftig neue,Rheinische Post,rheinische post,Donnerstag 1. Februar 2024,Sina Zehrfeld,S. 4,511,3803,63de0919f99eff967c009b0db4929fbe4061e965,exact_003,duplicate_exact,review,,no,,no,,,4795,no,,exact_003,,,"Sina Zehrfeld
Düsseldorf Die Planung für die bundesweite Einführung einer Bezahlkarte für Asylsuchende wird konkret. Sie soll 
Bargeldauszahlungen für den Unterhalt der Geflüchteten künftig überflüssig machen. Nach einer grundlegenden 
Einigung der Bundesländer sollen die Karten mit Debit-Funktion, aber ohne Kontobindung mit Guthaben 
aufgeladen werden und dann grundsätzlich überall in Geschäften in Deutschland genutzt werden können. Im 
Ausland sind sie nicht nutzbar. Auch Überweisungen sollen nicht möglich sein, weder von Karte zu Karte noch ins 
In- oder Ausland. Die Bundesländer können selbst entscheiden, ob sie weitere Einschränkungen verfügen wollen. 
So können sie etwa die Verwendung der Karten auch innerhalb Deutschlands regional eingrenzen oder Zahlungen 
in bestimmten Branchen ausschließen.
Flüchtlingsministerin Josefine Paul (Grüne) nannte auf Anfrage ihre Prioritäten: „Mir ist wichtig, dass unsere 
Kommunen durch die Bezahlkarte mit keiner neuen Bürokratie belastet werden. Ziel muss es sein, die 
Verwaltungen zu entlasten und ein diskriminierungsfreies Verfahren für Geflüchtete zu gewährleisten“, sagte sie. 
„Gleichzeitig darf die Bezahlkarte bestehende Regelungen nicht einschränken. Für Menschen, die beispielsweise 
bereits ein Anrecht auf ein eigenes Konto haben, muss dies auch weiter gewährleistet sein. Auch sollte es den 
Geflüchteten grundsätzlich möglich sein, Bargeld abzuheben.“
Letzteres ist bundesweit auch so vorgesehen. Die Länder können aber eigenständig festlegen, wie viel ihres 
monatlichen Guthabens die Karteninhaber in Bar abheben können. Diese Limitierung wird technisch ermöglicht.

Guthabenkarte statt Bargeld Die Bundesländer wollen bei der Unterstützung von Asylsuchenden künftig neue 
Wege gehen. In NRW warnt Flüchtlingsministerin Josefine....
Die großen Städte in NRW fordern, dass sie umgehend in die weiteren Planungen eingebunden werden: „Die 
Landesregierung muss jetzt möglichst schnell Gespräche mit den Kommunen starten, wie die Details zur 
Bezahlkarte in NRW aussehen sollen“, sagte Helmut Dedy, Geschäftsführer des Städtetages NRW, unserer 
Redaktion. „Auf welchem Weg kommt die Karte zur Kommune und wer gibt sie aus? Für welche Gruppen von 
Leistungsbeziehern soll sie gelten? Und wie werden den Kommunen die Kosten erstattet, die durch das 
Bezahlkartensystem bei ihnen entstehen?“ Auf finanziellen Belastungen wollen die Städte nicht sitzen bleiben. Der 
Städte- und Gemeindebund NRW warnte, man dürfe sich von der Bezahlkarte nicht zu viel versprechen. Sie werde 
nicht mit einem Schlag die Zuwanderungszahlen senken. „Aber immerhin für einige wenige Gruppen dürfte sie den 
Anreiz reduzieren, nach Deutschland zu kommen“, so Hauptgeschäftsführer Christof Sommer. „Im besten Fall lässt 
sich ein Modell entwickeln, das man ausbauen kann zu einer Art digitalem Ausweis, der Informationen zu Identität, 
Qualifikationen und Aufenthaltsstatus enthält. Das würde auch den Geflüchteten im Umgang mit den verschiedenen 
Ämtern helfen.“
Akteure der Flüchtlingshilfe in NRW üben scharfe Kritik an den Planungen – vor allem wegen der angedachten 
Beschränkungen für den Einsatz der Karten. „Die Zielsetzung ist abzulehnen“, sagte Birgit Naujoks vom 
Flüchtlingsrat NRW. Hinter dem Konzept stehe die Idee, die Menschen kämen wegen materieller Anreize ins Land. 
„Das ist eine Unterstellung, die in die gesellschaftliche Stimmung hineinwirkt“, kritisierte Naujoks. „Die Menschen 
kommen, weil sie flüchten müssen. Nicht, weil sie sich hier ein tolles Leben mit den großzügigen Sozialleistungen 
erhoffen.“
5075403775_e5936d3db8.IRPRODGERA_IPTZ8H.jpg Philipp von Ditfurth Ein Geflüchteter hält eine Debitcard in 
der Hand (Symbolbild). In einigen Kreisen in Deutschland werden Bezahlkartensysteme bereits eingeführt. Foto: 
dpa
Link to PDF"
2024-02,Main Corpus,2024-02(50).ZIP,Heim für 400 Geflüchtete.PDF,C:\PythonProjects\AfD-project\Corpora\Main Corpus\2024-02\raw_unarchive\Heim für 400 Geflüchtete.PDF,Heim für 400 Geflüchtete,heim für 400 geflüchtete,Frankfurter Rundschau,frankfurter rundschau,Mittwoch 7. Februar 2024,,HOCHTAUNUS; S. F15,538,3848,378161e1ba83308c0446a31320839ddab93c2441,,unique,keep,,no,,no,,,4934,no,,,,,"VON CHRISTIANE PAIEMENT-GENSRICH
Dringend wird die neue Flüchtlingsunterkunft gebraucht. „Die Kapazitäten waren komplett erschöpft, in den 
vergangenen Monaten sind wir für die Unterbringung von Geflüchteten auf Hotels ausgewichen“, berichtet die 
Leiterin der Hochtaunuskreis-Ausländerbehörde Johanna von Arnim. Am Montag sind die ersten 80 Bewohner in 
das frühere Thomas-Cook-Gebäude in der Straße Im Hammergarten eingezogen. Für den gleichen Abend hatten 
Landratsamt und Stadtverwaltung zur Bürgerinformation in den Saal der Oberurseler Werkstätten eingeladen. 
Zahlreiche Gäste waren gekommen. Auf dem Podium saßen, außer von Arnim, Landrat Ulrich Krebs (CDU), 
Bürgermeisterin Antje Runge (SPD), Erster Stadtrat Christof Fink (Grüne), der leitende Polizeidirektor Ralph Stolze 
und der Inhaber der Hammergarten GmbH Ernest Pacarada. Seine Firma ist Eigentümerin des Gebäudes und 
betreibt die Unterkunft auch. Moderator war Wolfgang Hettfleisch.
Pacarada war selbst einst als Flüchtling nach Deutschland gekommen. Im Dezember 1994 sei er mit seinen Eltern 
und seinem Bruder vor dem Krieg im ehemaligen Jugoslawien geflohen, berichtete der heute 45 Jahre alte gelernte 
Gas- und Wasserinstallateurmeister. „Dank der Hilfe von Ehrenamtlichen haben wir geschafft, was wir heute sind“, 
sagte Pacarada. Sein größter Wunsch sei es gewesen, gemeinsam mit seinem Bruder gute Flüchtlingsunterkünfte 
zur Verfügung zu stellen. Genau das macht seine Firma nun. „Wir sind ein Facility-Unternehmen mit 50 
Mitarbeitern“, berichtete er. Und: „Sicherheit und Hygiene liegen uns sehr am Herzen.“ 
Humanitätund Menschenrechte
Das Gebäude im Hammergarten, Baujahr 2001 und 10 000 Quadratmeter groß, sei in einem sehr guten Zustand, 
so Pacarada weiter. Der Vorbesitzer sei ein Immobilienfonds gewesen. Seine Firma habe das Haus nun sorgfältig 
umgebaut und unter anderem 44 neue Duschen sowie neue Toiletten und Waschtische installiert. „Wir möchten die 
Unterkunft zu einem Vorzeigeobjekt machen“, betonte er. Ein Sicherheitsdienst sei rund um die Uhr dort und ein 
Techniker von Montag bis Samstag. Zwei Frauen seien für die Hygiene verantwortlich. Warum der Landkreis erst 
jetzt über die neue Unterkunft informiere? „Das hängt mit der Frage des Eigentumsübergangs zusammen“, erklärte 
der Landrat. „Wir wollten das Projekt nicht gefährden, denn wenn es nicht finanzierbar gewesen wäre, hätten wir 
Flüchtlinge in Turnhallen unterbringen müssen.“ Aber das wolle niemand.

Heim für 400 Geflüchtete
Geplant sei eine Belegung mit 400 Menschen, in der Baugenehmigung sei nun sogar von 500 die Rede, so von 
Arnim. „Das hat den Hintergrund, dass wir flexibel bleiben können, wenn zum Beispiel eine Familie ein Baby 
bekommt.“ 
Notfalls könnten zudem Gemeinschaftsräume als Schlafräume genutzt werden. Betreut würden die Geflüchteten 
von Mitarbeitern des Deutschen Roten Kreuzes (DRK). Fünf Sozialarbeiter seien an fünf Tagen pro Woche dort. 
Derzeit bekomme der Hochtaunuskreis von Bund und Land pro Woche 30 Menschen zugewiesen. Ob 
Familienverbände mit um die acht Personen, Paare oder Alleinreisende unterzubringen seien, wisse man vorher 
nicht. Sicher sei nur, dass sie von Kreis und Kommune untergebracht werden müssten, das stehe im 
Landesaufnahmegesetz. Bei der Unterkunft Im Hammergarten habe sich der Kreis für zehn Jahre gebunden, sagte 
Krebs.
Eine Frage lautete, ob eine Frau nahe der Flüchtlingsunterkunft nachts allein auf die Straße gehen könne. „In die 
Gemeinschaftsunterkunft ziehen Menschen ein, das hat keinen Einfluss auf die Sicherheitslage“, betonte der 
Polizeichef. 
Runge betonte: „Menschen kommen zu uns, weil es internationale und europäische Flüchtlingsrechte gibt.“ Die 
Unterbringung dieser Menschen sei die Umsetzung von Humanität und Menschenrechten.
Die neue Flüchtlingsunterkunft im Hammergarten. cg
Link zum PDF-Dokument"
2024-02,Main Corpus,2024-02(50).ZIP,Hoffen auf ein Leben in Deutschland Soziales Ein Besuch in der Erstaufnahmeunterkunft Blankenburg.PDF,C:\PythonProjects\AfD-project\Corpora\Main Corpus\2024-02\raw_unarchive\Hoffen auf ein Leben in Deutschland Soziales Ein Besuch in der Erstaufnahmeunterkunft Blankenburg.PDF,Hoffen auf ein Leben in Deutschland Soziales Ein Besuch in der Erstaufnahmeunterkunft Blankenburg 450,hoffen auf ein leben in deutschland soziales ein besuch in der erstaufnahmeunterkunft blankenburg 450,Nordwest-Zeitung,nordwestzeitung,05. Februar 2024,,OLDENBURG; S. 9,667,4597,9607e35a6bd89b547df3456af61e5ecbb5c24be1,,unique,keep,,no,,no,,,5666,no,,,,,"Oldenburg/frk - 680 Betten, 280 Beschäftigte, eine Wäscherei, eine kleine Schule, eine Krankenstation und eine 
Großküche so zeigt sich die Erstaufnahmestelle Blankenburg in nackten Zahlen. Ich nenne es eine Stadt in der 
Stadt. 480 Asylbewerber aus 42 Nationen leben hier momentan. Und hinter jeder Zahl stehen Einzelschicksale , 
sagt Sven Wietusch. Er ist seit 2022 Standortleiter und arbeitet seit 2015 in dem Flüchtlingsheim.
Wochen und Monate
80 Tage bleiben die Menschen im Durchschnitt in Blankenburg, so lange, bis das Bundesamt für Migration und 
Flüchtlinge (BAMF) darüber entschieden hat, ob sie ein Bleiberecht in Deutschland bekommen. Diese Prüfung 
nimmt je nach Fall unterschiedlich viel Zeit in Anspruch , erklärt Wietusch. Im Moment kommen die meisten 
Menschen hier aus Syrien, aus der Türkei und aus Kolumbien. In dem südamerikanischen Land bedrohen 
gewaltsame Konflikte zwischen bewaffneten Gruppen die Bevölkerung. Die Chancen auf Asyl sind für sie in 
Deutschland sehr gering. Aus der Türkei kommen viele politische Flüchtlinge und Erdbebenopfer, aus Syrien 
ebenfalls politische Flüchtlinge und Kriegsopfer. Fällt der Asylbescheid positiv aus, ziehen die Flüchtlinge weiter in 
kommunale Unterkünfte der Stadt.
16 Betten im Zimmer
Die Asylbewerber leben in der ehemaligen Klosteranlage auf mehrere Gebäude verteilt. Die kleinsten Zimmer 
haben zwei Betten, die größten 16. Sehr zweckmäßig gestaltet, etwas in die Jahre gekommen, aber sauber wirken 

Hoffen auf ein Leben in Deutschland Soziales Ein Besuch in der Erstaufnahmeunterkunft Blankenburg 450 
Menschen aus 42 Nationen
die Räume. Das Gelände neben dem Blankenburger See und in Sichtweite der Huntebrücke ist weitläufig, es gibt 
große Rasenflächen. Dadurch wirkt es nicht voll. In den letzten Wochen hatten wir eine Hochphase, in der wir 
Feldbetten aufbauen mussten, da waren 2000 Flüchtlinge hier , berichtet der Standortleiter.
Gleiches Prozedere
Bei der Ankunft in Blankenburg erwartet jeden Flüchtling das gleiche Prozedere. In den Verwaltungsräumen 
werden in einer Erstuntersuchung der Gesundheitszustand geprüft, Fotos gemacht, Fingerabdrücke genommen 
und Zimmer zugeteilt. Außerdem bekommt man Geschirr und einen Becher. Das Geschirr wird zum Essen in die 
Kantine mitgebracht und hinterher selbst gereinigt , erklärt Sven Wietusch. Auch die Zimmer werden von den 
Bewohnern selbst in Ordnung gehalten.
 Wir haben eine Unterkunft für von Gewalt bedrohte Frauen und eine für besonders vulnerable Flüchtlinge. Darauf 
sind wir spezialisiert , erklärt Sven Wietusch bei einem Rundgang durch das Heim. Ein Sozialarbeiter kümmert sich 
in Blankenburg um je 50 Menschen, eine enge Zusammenarbeit gibt es mit dem Verein Netzwerk für traumatisierte 
Flüchtlinge in Oldenburg. In die Stadt fährt alle 30 Minuten ein Bus.
84 Cent die Stunde
Wenn sie sich im Asylverfahren befinden, dürfen Flüchtlinge nicht arbeiten. Die Wartezeit kann hier ziemlich lang 
werden, das wissen wir , sagt Sven Wietusch. Wir bieten deshalb die Möglichkeit, sich zu engagieren. Man kann 
im sozialen Dienst helfen oder im Garten. Die Plätze sind sehr begehrt, es gibt Wartelisten. Für diese Arbeiten 
können wir den Menschen 84 Cent die Stunde zahlen , erklärt er.
Schule für die Kinder
Für Kinder gibt es in Blankenburg eine Betreuung und auch ersten Schulunterricht. Wir hatten auch früher eine 
Cafeteria, die von Ehrenamtlichen betrieben wurde. Leider kam sie nach Corona nicht mehr in Gang , bedauert 
Sven Wietusch. Es war für alle ein kleines Stück Alltag in einer außergewöhnlichen Situation.
Die Menschen aus 42 Nationen, die in dieser Woche auf dem Gelände unterwegs sind, wirken entspannt, die 
Stimmung ist sehr ruhig. Trotzdem geht es hier für jeden um viel. Von hier aus werden auch die Rückführungen in 
die Heimatländer durch die Polizei durchgeführt. Das geschieht unangekündigt in den frühen Morgenstunden , sagt 
Sven Wietusch.
Das bleibt niemandem verborgen. Das bange Warten darauf, ob der eigene Traum platzt oder in Erfüllung geht, ist 
sicher nicht leicht auszuhalten.
PDF-Datei dieses Dokuments
Hoffen auf ein Leben in Deutschland Soziales Ein Besuch in der Erstaufnahmeunterkunft Blankenburg 450 
Menschen aus 42 Nationen

Hoffen auf ein Leben in Deutschland Soziales Ein Besuch in der Erstaufnahmeunterkunft Blankenburg 450 
Menschen aus 42 Nationen

Hoffen auf ein Leben in Deutschland Soziales Ein Besuch in der Erstaufnahmeunterkunft Blankenburg 450 
Menschen aus 42 Nationen

Hoffen auf ein Leben in Deutschland Soziales Ein Besuch in der Erstaufnahmeunterkunft Blankenburg 450 
Menschen aus 42 Nationen"
2024-02,Main Corpus,2024-02(50).ZIP,Iraner darf in Deutschland bleiben(2).PDF,C:\PythonProjects\AfD-project\Corpora\Main Corpus\2024-02\raw_unarchive\Iraner darf in Deutschland bleiben(2).PDF,Iraner darf in Deutschland bleiben,iraner darf in deutschland bleiben,Frankfurter Rundschau,frankfurter rundschau,Freitag 9. Februar 2024,,HESSEN; S. F20,234,1685,f3ca2c98c37828e7fb0c7039519fb5d0b53ac178,exact_004,duplicate_exact,review,,no,,no,,,2452,no,,exact_004,,,"VON HANNING VOIGTS
Vorläufiges Happy End für einen Flüchtling aus dem Iran: Der 39-Jährige, der seit Anfang Januar im Transitbereich 
des Frankfurter Flughafens festgehalten worden war, ist nach Deutschland eingereist und hat einen Asylantrag 
gestellt. Wie ein Sprecher der Bundespolizei der Frankfurter Rundschau sagte, sei der Mann an die hessische 
Erstaufnahmeeinrichtung in Gießen verwiesen worden.
Die Menschenrechtsorganisation Pro Asyl und der hessische Flüchtlingsrat hatten in der vergangenen Woche auf 
das Schicksal des Iraners aufmerksam gemacht. Er war am 2. Januar aus der indischen Metropole Mumbai nach 
Frankfurt geflogen und hatte Asyl beantragt. Weil er keine gültigen Papiere bei sich hatte, war der Mann in der 
speziell gesicherten Flüchtlingsunterkunft im Transitbereich des Flughafens untergebracht worden und hatte ein 
sogenanntes Flughafenverfahren durchlaufen. Bei diesem Schnellverfahren wird juristisch davon ausgegangen, 
dass die Betroffenen noch nicht nach Deutschland eingereist sind. 
Iran weigert sich
Da das Asylgesuch des 39-Jährigen nach einer Schnellprüfung als „offensichtlich unbegründet“ abgelehnt wurde, 
sah es so aus, als könnte er jederzeit gegen seinen Willen in den Iran ausgeflogen werden. Pro Asyl hatte das 
scharf kritisiert, weil das Mullah-Regime im Iran massiv gegen jede Opposition vorgeht und es in dem Land 
willkürliche Verhaftungen, Folter und Hinrichtungen gibt.
Laut Bundespolizei weigerten sich aber sowohl der Iran als auch Indien, den geflüchteten Mann aufzunehmen. 
Deshalb habe er die Erlaubnis erhalten, formal einzureisen und einen normalen Asylantrag zu stellen, sagte der 
Polizeisprecher.
Link zum PDF-Dokument"
2024-02,Main Corpus,2024-02(50).ZIP,Iraner darf in Deutschland bleiben.PDF,C:\PythonProjects\AfD-project\Corpora\Main Corpus\2024-02\raw_unarchive\Iraner darf in Deutschland bleiben.PDF,Iraner darf in Deutschland bleiben,iraner darf in deutschland bleiben,Frankfurter Rundschau,frankfurter rundschau,Samstag 10. Februar 2024,,HESSEN; S. D4,234,1685,f3ca2c98c37828e7fb0c7039519fb5d0b53ac178,exact_004,duplicate_exact,review,,no,,no,,,2451,no,,exact_004,,,"VON HANNING VOIGTS
Vorläufiges Happy End für einen Flüchtling aus dem Iran: Der 39-Jährige, der seit Anfang Januar im Transitbereich 
des Frankfurter Flughafens festgehalten worden war, ist nach Deutschland eingereist und hat einen Asylantrag 
gestellt. Wie ein Sprecher der Bundespolizei der Frankfurter Rundschau sagte, sei der Mann an die hessische 
Erstaufnahmeeinrichtung in Gießen verwiesen worden.
Die Menschenrechtsorganisation Pro Asyl und der hessische Flüchtlingsrat hatten in der vergangenen Woche auf 
das Schicksal des Iraners aufmerksam gemacht. Er war am 2. Januar aus der indischen Metropole Mumbai nach 
Frankfurt geflogen und hatte Asyl beantragt. Weil er keine gültigen Papiere bei sich hatte, war der Mann in der 
speziell gesicherten Flüchtlingsunterkunft im Transitbereich des Flughafens untergebracht worden und hatte ein 
sogenanntes Flughafenverfahren durchlaufen. Bei diesem Schnellverfahren wird juristisch davon ausgegangen, 
dass die Betroffenen noch nicht nach Deutschland eingereist sind. 
Iran weigert sich
Da das Asylgesuch des 39-Jährigen nach einer Schnellprüfung als „offensichtlich unbegründet“ abgelehnt wurde, 
sah es so aus, als könnte er jederzeit gegen seinen Willen in den Iran ausgeflogen werden. Pro Asyl hatte das 
scharf kritisiert, weil das Mullah-Regime im Iran massiv gegen jede Opposition vorgeht und es in dem Land 
willkürliche Verhaftungen, Folter und Hinrichtungen gibt.
Laut Bundespolizei weigerten sich aber sowohl der Iran als auch Indien, den geflüchteten Mann aufzunehmen. 
Deshalb habe er die Erlaubnis erhalten, formal einzureisen und einen normalen Asylantrag zu stellen, sagte der 
Polizeisprecher.
Link zum PDF-Dokument"
2024-02,Main Corpus,2024-02(50).ZIP,Kein Unterricht für Geflüchtete_.PDF,C:\PythonProjects\AfD-project\Corpora\Main Corpus\2024-02\raw_unarchive\Kein Unterricht für Geflüchtete_.PDF,Kein Unterricht für Geflüchtete?,kein unterricht für geflüchtete,Der Tagesspiegel,der tagesspiegel,Samstag 24. Februar 2024,,BERLIN; Berlin; S. B4,372,2906,cd3ef2c3c503a520e703c7da79b75082cc352f64,,unique,keep,,no,,no,,,3584,no,,,,,"Weil die Berliner Bildungsverwaltung ihrer Pflicht nicht nachkommen soll, allen neu ankommenden minderjährigen 
Flüchtlingen einen Schulplatz anzubieten, ist gegen Senatorin Katharina Günther-Wünsch (CDU) eine Anzeige 
erstattet worden. Der Flüchtlingsrat Berlin hatte dies am Freitagvormittag auf der Plattform X mitgeteilt. Die Berliner 
Polizei bestätigte am Nachmittag, dass ,,unter der vorliegenden Bearbeitungsnummer eine Anzeige gegen eine 
Berliner Politikerin vorliegt"". 
Eingereicht wurde die Internetanzeige am Donnerstag von dem ehemaligen Journalisten Andreas Thewalt, der 
nach eigenen Angaben seit 2016 ehrenamtlich als Vormund für minderjährige Geflüchtete tätig ist. Er wirft der 
Senatsbildungsverwaltung eine ,,systematische und monatelange Nichtbeschulung unbegleiteter minderjähriger 
Geflüchteter"" vor. Zahlreichen geflüchteten Jugendlichen werde vorsätzlich der Schulbesuch verweigert, behauptet 
Thewalt - und bezieht sich dabei auf eine E-Mail, die auch der Tagesspiegel einsehen konnte.
Seinen Informationen zufolge ging am vergangenen Dienstag, 20. Februar, aus der Bildungsverwaltung eine 
Anweisung an die ,,Teams aus den Erstaufnahmeeinrichtungen"" für Geflüchtete. In der E-Mail stand zwar 
zunächst, dass junge Menschen ,,bis zum 14. Lebensjahr (einschließlich)"" zur Schule angemeldet werden sollten, 
dann aber weiter: ,,Junge Menschen ab dem 15. Lebensjahr sind weiterhin nicht zur Schule anzumelden."" Dabei ist 
das Wort ,,nicht"" durch Unterstreichung hervorgehoben. Diese Anweisung dürfte gegen das Berliner Schulgesetz 
verstoßen, die eine allgemeine zehnjährige Schulpflicht vorsieht. Demnach dürfte erst Jugendlichen ab 16 Jahren 
ein Schulplatz verweigert werden.
In der Anzeige heißt es deshalb, diese richte sich gegen die Senatorin Günther-Wünsch als Verantwortliche für ihre 
Verwaltung wegen des Verdachts des Verstoßes gegen das Berliner Schulgesetz, gegen die UN-
Kinderrechtskonventionsowie wegen Kindeswohlgefährdung nach Paragraf 1666 des Bürgerlichen Gesetzbuches, 
das dazu auch ausdrücklich das ,,geistige"" und ,,seelische"" Wohl von Kindern zähle. Eine Schulpflichtverletzung 
stellt laut Strafrecht keine Straftat dar, ob die Senatorin in einem anderen Punkt belangt werden kann, ist unklar. 
Dem Tagesspiegel sagte Thewalt: ,,Es ist doch wirklich nicht verantwortungsvoll, Kinder und Jugendliche in diesem 
Alter weitgehend sich selbst zu überlassen. Damit fördert die Politik Probleme, die sie dann hinterher laut beklagt."" 
Eine Anfrage, ob es die Anweisung tatsächlich gab, ließ die Bildungsverwaltung bis zum späten Freitagnachmittag 
zunächst unbeantwortet.

Kein Unterricht für Geflüchtete?
***
 Die von Katharina Günther Wünsch (CDU) geführte Bildungsverwaltung soll in einer E-Mail die Anweisung erteilt 
haben, Kinder ab 15 Jahren nicht einzuschulen. 
 Zitat 
Die Politik fördert Probleme, die sie dann hinterher laut beklagt.
 Andreas Thewalt"
2024-02,Main Corpus,2024-02(50).ZIP,Menschenkette am Reichstag.PDF,C:\PythonProjects\AfD-project\Corpora\Main Corpus\2024-02\raw_unarchive\Menschenkette am Reichstag.PDF,Menschenkette am Reichstag,menschenkette am reichstag,Der Tagesspiegel,der tagesspiegel,Sonntag 04. Februar 2024,,TITEL; Titel; S. 1,356,2448,8a03463eadb0581be423a3ce21705fcbfc0e63e0,,unique,keep,,no,,no,,,3517,no,,,,,"Im Regierungsviertel in Berlin haben sich am Samstag laut Polizei mehr als 150.000 Menschen zu einer 
Demonstration gegen die AfD und gegen rechts versammelt. Die Organisatoren sprachen sogar von 300.000. 
Eröffnet wurde die Kundgebung mit einer Rede des Aktivisten Tareq Alaows, flüchtlingspolitischer Sprecher von 
Pro Asyl und Mitinitiator des Protests. ,,Gegen den Rechtsruck zu sein bedeutet auch, dass die demokratischen 
Parteien nicht nach rechts rücken"", sagte Alaows auf der Bühne. Die Menschenrechtlerin Düzen Tekkal sah in der 
Demonstration ,,ein gemeinsames Zeichen, dass dieses Land ein Land der Chancen,ein Land der Möglichkeiten, 
der Vielfalt und Einwanderungist"".
Aufgerufen zu der Demo hatte das Bündnis ,,Hand in Hand"" unter dem Motto ,,Wir sind die Brandmauer"". Mehr als 
1300 Organisationen beteiligten sich an dem Protest, bei dem die Teilnehmer symbolisch eine Menschenkette 
bildeten. Politische Parteien zählten nicht zu den Organisatoren, allerdings nahmen viele Politikerinnen und 
Politiker an der Kundgebung teil. SPD-Chefin Saskia Esken und Gesundheitsminister Karl Lauterbach (SPD) 
zeigten sich gemeinsam mit einem Plakat mit der Aufschrift: ,,Nazis die rote Karte zeigen"".
 Demos auch in vielen anderen Städten Deutschlands 
Neben viel Zuspruch erfuhr die Demo in Berlin auch kritische Kommentare: ,,Ich bin stolz auf die 
Demokratiebewegung, aber ich mache mir auch Sorgen"", sagte der SPD-Politiker Hakan Demir. Die Bewegung 
müsse ein Ort für alle bleiben. ,,Hier müssen sich Anhänger der CDU genauso wohlfühlen wie die von der 
Linkspartei. Nur ein breites Bündnis ist wirklich stark gegen Rechtsextremismus.""
Nicht nur in Berlin, auch in vielen anderen Städten sind Menschen gegen Rechtsextremismus auf die Straßen 
gegangen. So waren es in Freiburg nach Polizeiangaben rund 30.000 Menschen, in Augsburg 25.000, in Dresden 
mehr als 10.000. Auch für Sonntag waren noch Kundgebungen geplant. Bundeskanzler Olaf Scholz (SPD) wertete 
die zahlreichen Demonstrationen gegen rechts an diesem Wochenende als ,,starkes Zeichen"" für die Demokratie 
und das Grundgesetz.
Seit gut drei Wochen gehen überall in Deutschland immer wieder Zehntausende Menschen gegen rechts und 
gegen die AfD auf die Straße. Auslöser war eine Recherche des Medienhauses Correctiv zu einem Treffen 
radikaler Rechter mit Politikern von AfD, CDU und Werteunion im November in Potsdam. (mit Agentur)

Menschenkette am Reichstag
 Seite B6 
***"
2024-02,Main Corpus,2024-02(50).ZIP,nachrichten Erstmals Bürgerentscheid über Fl.PDF,C:\PythonProjects\AfD-project\Corpora\Main Corpus\2024-02\raw_unarchive\nachrichten Erstmals Bürgerentscheid über Fl.PDF,nachrichten Erstmals Bürgerentscheid über Fl,nachrichten erstmals bürgerentscheid über fl,"taz, die tageszeitung",taz die tageszeitung,Freitag 23. Februar 2024,,NORD AKTUELL; S. 30-31,397,3033,8c0cd34d03342269b51f2d116d0113af26de089c,,unique,keep,,no,,no,,,3950,no,,,,,"nachrichten
Erstmals Bürgerentscheid über Flüchtlingsunterkunft
Erstmals in Niedersachsen entscheidet am Sonntag eine Kommune per Bürgerentscheid über eine 
Flüchtlingsunterkunft. Bürgerinnen und Bürger in Fürstenau bei Osnabrück können darüber abstimmen, ob die 
Stadt eine Fläche an die Landesaufnahmebehörde (LAB) vermieten solle, sagte der Bürgermeister und 
Stadtdirektor Matthias Wübbel (SPD). Die LAB wolle dort eine Erstaufnahmeunterkunft für bis zu 500 Geflüchtete 
einrichten. Die Entscheidung sei für den Rat bindend. (epd)
Hamburg nutzt Vorkaufsrecht bei Share Deal in Harburg
Die Stadt Hamburg hat Ende 2022 erstmals bei einer Grundstücksveräußerung im Rahmen eines sogenannten 
Share Deals von ihrem Vorkaufsrecht Gebrauch gemacht. Nach langen Verhandlungen hätten sich die Beteiligten 
nun auf die Abwicklung des Ankaufs geeinigt, sodass eine gerichtliche Auseinandersetzung vermieden werden 
konnte, teilte der Senat mit. Der Landesbetrieb Immobilienmanagement und Grundvermögen erwirbt damit das 
57.000 Quadratmeter große Freudenberger Areal am Bahnhof Harburg. Bei Share Deals werden nicht die 
Immobilien selbst, sondern Anteile einer das Grundstück haltenden Kapitalgesellschaft veräußert. Sie sind 
besonders attraktiv für Spekulation, weil dabei keine Grunderwerbssteuer fällig wird. (dpa)
Angriff auf Linken-Parteibüro in Hamburg-Wandsbek
Unbekannte haben das Linken-Parteibüro im Hamburger Bezirk Wandsbek angegriffen. Die Scheiben seien mit 
Glasflaschen eingeschlagen und Infomaterial zerstört worden, teilte der Landesverband mit. Bereits im 
vergangenen Jahr sei die Scheibe eingeschlagen worden, so Parteichef Thomas Iwan. (taz)
Mann schwebt nach Polizeischuss in Lebensgefahr
Ein 30-Jähriger Mann schwebt nach einem Schuss einer Polizistin in Lebensgefahr. Der Polizei zufolge hatte der 
Mann in Twistringen im Landkreis Diepholz am Mittwoch selbst den Notruf gewählt. Als ein Rettungswagen vor Ort 
war, soll er die Rettungssanitäter und zwei zur Unterstützung angeforderte Polizeibeamtinnen angegriffen haben. 
Nach einem Warnschuss soll der Mann seinen Angriff fortgesetzt haben. Dann fiel mindestens ein weiterer Schuss, 

nachrichten Erstmals Bürgerentscheid über Fl
der Mann erlitt lebensbedrohliche Verletzungen. Aus Neutralitätsgründen ermittelt die benachbarte 
Polizeiinspektion Delmenhorst/Oldenburg-Land/Wesermarsch. (dpa)
Werder befördert Clemens Fritz zum Geschäftsführer
Bundesligist Werder Bremen hat Clemens Fritz befördert und ihn zum Geschäftsführer Fußball ernannt. Der 43 
Jahre alte Ex-Profi tritt im Sommer die Nachfolge von Frank Baumann an. Das habe der Aufsichtsrat entschieden, 
teilte der Verein am Donnerstag mit. Der 48-jährige Baumann hatte im November verlauten lassen, dass er seinen 
Posten zum Saisonende abgeben werde. Fritz ist derzeit noch Leiter Profifußball bei den Bremern und wurde nach 
Baumanns Abschiedsankündigung als Favorit auf dessen Geschäftsführer-Position gehandelt. Werder hatte sich 
dennoch auch mit Kandidaten außerhalb des Vereins befasst. (dpa)"
2024-02,Main Corpus,2024-02(50).ZIP,NACHRICHTEN(2).PDF,C:\PythonProjects\AfD-project\Corpora\Main Corpus\2024-02\raw_unarchive\NACHRICHTEN(2).PDF,NACHRICHTEN,nachrichten,Frankfurter Rundschau,frankfurter rundschau,Donnerstag 8. Februar 2024,,POLITIK; S. 6,339,2343,f57394082a7959a550b51440f471202233826c52,,unique,keep,,no,,no,,,3358,no,,,,,"Weniger Asylanträge als vor einem Jahr
Die Zahl der Asylanträge in Deutschland ist im Januar im Vergleich zum Vorjahresmonat gesunken. Mit 26 376 
Erstanträgen lag die Zahl um 9,3 Prozent unter der vom Januar 2023, allerdings um 14,6 Prozent über dem Wert 
von Dezember 2023, als 23 025 Menschen erstmalig einen Asylantrag gestellt hatten. Das teilte das Bundesamt für 
Migration und Flüchtlinge (Bamf) am Mittwoch in Nürnberg mit. dpa
Schweden ermittelt nicht mehr zu Nord Stream 1
Die schwedische Staatsanwaltschaft stellt ihre Ermittlungen zu den Explosionen an den Erdgaspipelines Nord 
Stream 1 und 2 ein. Staatsanwalt Mats Ljungqvist begründete den Schritt am Mittwoch damit, dass die 
schwedische Justiz nicht zuständig sei. Ein Hauptzweck der Ermittlungen habe darin bestanden festzustellen, ob 
schwedische Bürger:innen an der Tat beteiligt waren. Dies sei zu verneinen, sagte der Staatsanwalt. afp
Aserbaidschan: Aliyew zum Wahlsieger erklärt
Im autoritär geführten Aserbaidschan ist Amtsinhaber Ilham Aliyew erwartungsgemäß als haushoher Sieger der 
vorgezogenen Präsidentenwahl präsentiert worden. Die Staatsmedien veröffentlichten nach Schließung der 
Wahllokale angebliche Wahltagsbefragungen, denen zufolge auf Aliyev zwischen 92,4 und 93,9 Prozent der 
Stimmen entfallen sein sollen. Beobachter:innen zufolge war die Wahl aber weder frei noch fair. dpa
Papst verteidigt Segen für Homosexuelle 
Papst Franziskus hat Kritik an seiner Erlaubnis zur Segnung gleichgeschlechtlicher Paare als „Heuchelei“ 
zurückgewiesen. „Niemand ist schockiert, wenn ich einen Unternehmer segne, der vielleicht Menschen ausbeutet, 
was eine sehr schwere Sünde ist“, sagte das Oberhaupt der katholischen Kirche der Zeitschrift „Credere“. „Aber sie 
sind empört, wenn ich den Segen einem Homosexuellen gebe. Das ist Heuchelei!“ dpa
UN: Milliarden für Sudan-Hilfe nötig
Die Vereinten Nationen brauchen deutlich mehr Geld, um die Not im Sudan zu bekämpfen. Sie haben Geberländer 
am Mittwoch in Genf um insgesamt 4,1 Milliarden Dollar gebeten, um Millionen Menschen im Land selbst sowie 

NACHRICHTEN
mehr als 1,5 Millionen Flüchtlingen und Aufnahmeländern in der Region zu helfen. Im Sudan sind nach Ausbruch 
der Kämpfe zwischen Regierungstruppen und Milizen im April 2023 mindestens acht Millionen Menschen auf der 
Flucht. dpa
Link zum PDF-Dokument"
2024-02,Main Corpus,2024-02(50).ZIP,NACHRICHTEN.PDF,C:\PythonProjects\AfD-project\Corpora\Main Corpus\2024-02\raw_unarchive\NACHRICHTEN.PDF,NACHRICHTEN,nachrichten,Frankfurter Rundschau,frankfurter rundschau,Donnerstag 22. Februar 2024,,POLITIK; S. 5,313,2430,efa5b94e2674253882dfc747736ffa24b73e29ec,,unique,keep,,no,,no,,,3945,no,,,,,"Gewalt gegen Flüchtlinge 2023 angestiegen
Die deutsche Polizei hat im vergangenen Jahr deutlich mehr Angriffe auf Flüchtlinge und deren Unterkünfte 
verzeichnet. Die Sicherheitsbehörden registrierten 2378 entsprechende Taten – das ist fast eine Verdopplung im 
Vorjahresvergleich: 2022 gab es 1248 Übergriffe gegen Flüchtlinge. 313 waren Gewalttaten. 219 Menschen wurden 
dabei verletzt. Laut Bundesinnenministerium verzeichneten die Sicherheitsbehörden außerdem 180 Straftaten 
gegen Flüchtlingsunterkünfte. epd
Neuköllner Hamas-Fan unter Anklage
Die Staatsanwaltschaft hat am Mittwoch eine 27-Jährige wegen Aufforderung zu Gewalt in Berlin-Neukölln im 
Zusammenhang mit dem Nahostkonflikt angeklagt. Vorgeworfen werden der Frau das Verbreiten von Propaganda 
verfassungswidriger und terroristischer Organisationen, Hetze und die öffentliche Aufforderung zu Straftaten. Sie 
soll demnach im Oktober über ihren Instagram-Account dazu aufgerufen haben, „Neukölln zu Gaza umzuwandeln 
und alles anzuzünden und zu plündern“. epd
Das nächste Sanktionspaket an Putins Adresse
Die Europäische Union verhängt neue Sanktionen gegen Russland – und erstmals auch gegen Firmen auf dem 
chinesischen Festland, die militärisches Material an Russland liefern. EU-Kommissionspräsidentin Ursula von der 
Leyen schrieb am Mittwoch auf X/Twitter: „Wir müssen Putins Kriegsmaschinerie weiter schwächen.“ Rund 2000 
Verantwortliche für den Ukraine-Krieg stehen nun auf Brüssels Sanktionsliste. afp
Polens Bauernproteste – Moskaus fünfte Kolonne?
Polens Regierung hat vor russischer Unterwanderung der Bauernproteste im Land gewarnt. Antiukrainische 
Slogans dort sollen ein Versuch sein, die Bewegung durch Gruppen von außen zu übernehmen, „die 
möglicherweise vom russischen Geheimdienst beeinflusst werden“, teilte das Außenministerium am Mittwoch mit. 
Man sehe mit größter Besorgnis, dass bei den Protesten auch Plakate auftauchen, die Putin und den von ihm 
geführten Krieg verherrlichten. dpa
Kongolesischer Premier tritt zurück

NACHRICHTEN
Inmitten eskalierender Gewalt im Osten der Demokratischen Republik Kongo hat Premierminister Jean-Michel 
Sama Lukonde Kyenge seinen Rücktritt eingereicht. Und auch gleich den mehrerer Mitglieder seines Kabinetts. Die 
kongolesische Verfassung verlangt, dass man entweder im Parlament sitzt oder regiert, nicht beides. Lukonde & 
Co. haben sich gegen das Regieren entschieden. dpa
Link zum PDF-Dokument"
2024-02,Main Corpus,2024-02(50).ZIP,Neue LEAs zur Not auch ohne Konsens Flüchtlinge Die Landesregierung will die zähe Suche nach Standor.PDF,C:\PythonProjects\AfD-project\Corpora\Main Corpus\2024-02\raw_unarchive\Neue LEAs zur Not auch ohne Konsens Flüchtlinge Die Landesregierung will die zähe Suche nach Standor.PDF,Neue LEAs zur Not auch ohne Konsens Flüchtlinge Die Landesregierung will die zähe Suche nach Standorten,neue leas zur not auch ohne konsens flüchtlinge die landesregierung will die zähe suche nach standorten,Südwest Presse,südwest presse,Dienstag 20. Februar 2024,,SÜDWESTUMSCHAU; S. 5; Band 80; Ausg. 42,891,6673,2f083eac5918e807816880793c86fc5e2a80d523,,unique,keep,,no,,no,,,8042,no,,,,,"Widerstand und Gegenwind allerorten: Der Zustrom von Flüchtlingen nach Deutschland und Baden-Württemberg 
hält an, die Suche des Landes nach Unterbringungsmöglichkeiten wird immer dringlicher. Der Fokus richtet sich 
dabei auf die Landeserstaufnahme-Einrichtungen (LEA) für Asylbewerber und das Asylverfahren – ukrainische 
Flüchtlinge gehen in aller Regel direkt in die Landkreise.
Doch wo das Land Immobilien, in aller Regel im Landesbesitz, für neue LEAs ins Auge nimmt, formiert sich Protest 
und Widerstand. Entweder weil Städte oder Kreise andere Pläne mit diesen Gebäuden oder Flächen haben, oder 
weil Bürger und Kommunalpolitiker sich wehren – dies oft mit Verweis auf hohe Zahlen von ukrainischen 
Flüchtlingen wie von Asylbewerbern. Mit einer Neukonzeption der Landeserstaufnahme will das Land den 
Anforderungen begegnen und notfalls auch gegen den Willen von Kommunen entscheiden.
Bisher schon hatte das Land konkretere Prüfungen für potenzielle LEA-Standorte in Bruchsal, Pforzheim, 
Waldkirch, Böblingen, Ludwigsburg und Sindelfingen laufen, neu im Visier sind nun Stuttgart, Fellbach oder 
Crailsheim. Die Realisierung ist allerdings weit entfernt. Heidelberg, Karlsruhe, Freiburg, Ellwangen und 
Sigmaringen sind bereits LEA-Standorte.
Hinzu kommen weitere Erstaufnahmeeinrichtungen, sogenannte EA, in Mannheim, Schwetzingen, Eggenstein-
Leopoldshafen, Giengen an der Brenz und Tübingen. Im Unterschied zu LEA bietet eine EA nicht das komplette 
Programm im Asylverfahren. Über den beiden großen LEA Sigmaringen und Ellwangen hängt zudem ein zeitliches 
Ablaufdatum – bei Ellwangen nach einer Einigung mit dem dortigen Gemeinderat etwas schärfer formuliert als in 
Sigmaringen.
In der Erstaufnahme werden die Ankommenden registriert und in LEAs oder EAs untergebracht. Danach geht es 
weiter in die Kreise und Kommunen nach einem an der Bevölkerungszahl ausgerichteten Schlüssel – aber auch 
hier gibt es Widerstände.

Neue LEAs zur Not auch ohne Konsens Flüchtlinge Die Landesregierung will die zähe Suche nach Standorten 
für neue Erstaufnahmeeinrichtungen beschleunigen. Einver....
Der Bund geht laut Stuttgarter Justiz- und Migrationsministerium davon aus, dass in den nächsten Jahren pro Jahr 
210 000 Flüchtlinge – ohne Ukrainer – nach Deutschland kommen. 2023 kamen rund 34 000 Asylbewerber und 41 
000 Ukrainer nach Baden-Württemberg, ein Jahr zuvor waren es 27 000 Asylbewerber und 145 000 Ukrainer.
15 000 Plätze notwendig
„Wir wollen für Baden-Württemberg eine Flüchtlingsaufnahme, die vor allem eins ist: sicher und geordnet. Auf den 
Zugang selbst können wir keinen Einfluss nehmen. Hier sind die Bundesregierung und die EU gefragt, die den 
Zugang nach Deutschland begrenzen müssen, denn weitere Jahre mit Zugangszahlen auf dem zuletzt hohen 
Niveau werden nicht zu stemmen sein“, betont Ministerin Marion Gentges (CDU) gegenüber unserer Redaktion. 
Baden-Württemberg müsste davon rund 27 300 Menschen aufnehmen. Nach einem komplexen Schlüssel hat das 
Land nun berechnet, dass 15 000 Plätze benötigt werden, um 12 000 Menschen gleichzeitig unterzubringen. 
Aktuell verfügt Baden-Württemberg über eine Regelkapazität von 6300 Plätzen. Weitere 7300 Plätze gibt es in 
Notunterkünften. Für eine belastbare Erstaufnahme wären damit laut Ministerium mittelfristig rund 9.000 zusätzliche 
Regelplätze notwendig.
Diese Berechnungen sind Bestandteil einer Konzeption zur Neugestaltung der Erstaufnahme, mit der sich das 
Kabinett voraussichtlich am Dienstag, 27. Februar befassen wird. Darin sind keine Namen von potenziellen 
Standorten genannt, aber es wird von einer Zeitleiste bis Ende des Jahrzehnts gesprochen. Mittelfristig sei das Ziel, 
heißt es im Ministerium, dass Menschen länger in den Erstaufnahmeeinrichtungen bleiben. Dass Flüchtlinge ohne 
Bleibeperspektive in den LEA verbleiben, ist die klare Erwartung der Kommunalverbände. „Wenn überwiegend 
Menschen mit Bleibeperspektive in der Fläche verteilt werden, entlastet das die Kommunen und erleichtert die 
Integration vor Ort. Dafür, und das ist unsere klare Erwartung, muss aber der Bund seine Verfahren massiv 
beschleunigen“, so Gentges.
Die Problematik belastet das Binnenverhältnis in der Koalition. In den Reihen der Grünen vermutet mancher zu viel 
Rücksicht gegenüber CDU-dominierten Kreisen und Kommunen. Ministerin Gentges wird gedrängt, notfalls gegen 
den Willen der Kommunen zu handeln. Ministerpräsident Winfried Kretschmann (Grüne) und die Ministerin waren 
mehrfach zu der Frage der Einrichtung von LEA-Standorten im Austausch, bestätigt eine Sprecherin des 
Staatsministeriums. „Dabei gab es eine grundsätzliche Einigkeit, weiterhin Einvernehmen mit der Kommune 
anzustreben, im Notfall aber auch bei gegenteiligen Gemeinderatsbeschlüssen einen Erstaufnahmestandort 
einzurichten. Darauf haben sich beide Koalitionspartner auch im Koalitionsausschuss verständigt.“
In CDU-Reihen wird der Grünen-Fraktion wiederum Blockadepolitik vorgeworfen bei allem, was nur von ferne nach 
einer Verschärfung der Migrationspolitik aussieht. Aktuell etwa bei koalitionsinternen Verhandlungen zur Reform 
der „Aufenthalts- und Asyl-Zuständigkeitsverordnung“ des Landes.
Im Justiz- und Migrationsministerium verweist man auf die Rechtslage. Diese sehe vor, dass 
Erstaufnahmeeinrichtungen „im Benehmen“ mit der Standortkommune zu errichten sind. Im Gegensatz zum 
„Einvernehmen“ sei aber „keine Willensübereinstimmung“ von Landesregierung und Kommune erforderlich, heißt 
es. Eine Ministeriumssprecherin betont, dass man „im guten Miteinander“ mit den Kommunen handeln wolle, also 
„im Einvernehmen“. Aber: Da man zur Unterbringung verpflichtet sei, könne das Land nicht pauschal auf zur 
Verfügung stehende Möglichkeiten verzichten.
Auch das Staatsministerium betont den Konsens mit den Kommunen, „wo immer es möglich ist“. Die 
Kabinettsvorlage gebe zunächst einmal Planungssicherheit, so dessen Sprecherin. Die Erwartung sei nun, dass die 
Standorte strukturiert und aus unterschiedlichen Perspektiven geprüft würden und bei der Frage des „Wie“ auch die 
lokale Bevölkerung einbezogen werde.
Neue LEAs zur Not auch ohne Konsens Flüchtlinge Die Landesregierung will die zähe Suche nach Standorten 
für neue Erstaufnahmeeinrichtungen beschleunigen. Einver....

Neue LEAs zur Not auch ohne Konsens Flüchtlinge Die Landesregierung will die zähe Suche nach Standorten 
für neue Erstaufnahmeeinrichtungen beschleunigen. Einver....
Link zum PDF-Dokument
Link zum PDF-Dokument
Graphic
 
Ein Schild weist auf die Erstaufnahmeeinrichtung für Flüchtlinge in Sigmaringen hin. ￿Foto: Felix Kästle/dpa
Auch für Migration zuständig: Justizministerin Marion Gentges. ￿Foto: Christoph Schmidt/dpa"
2024-02,Main Corpus,2024-02(50).ZIP,POLITIK.PDF,C:\PythonProjects\AfD-project\Corpora\Main Corpus\2024-02\raw_unarchive\POLITIK.PDF,POLITIK,politik,Berliner Zeitung,berliner zeitung,08. Februar 2024,,POLITIK; S. 15,386,2588,0f8d093f01bdb235c13e020cd8034e572372c351,,unique,keep,,no,,no,,,3431,no,,,,,"Zahl der Asylanträge ist gesunken 
Die Zahl der Asylanträge in Deutschland ist im Januar im Vergleich zum Vorjahresmonat gesunken. Mit 26.376 
Erstanträgen lag die Zahl um 9,3 Prozent unter der vom Januar 2023 (29.072), allerdings um 14,6 Prozent über 
dem Wert von Dezember 2023, als 23.025 Menschen erstmalig einen Asylantrag gestellt hatten. Das teilte das 
Bundesamt für Migration und Flüchtlinge (Bamf) mit. Die meisten Anträge kommen weiterhin von Menschen aus 
Syrien, gefolgt von Türken und Afghanen. Im Januar wurden vom Bundesamt Asylverfahren für 27.363 Menschen 
entschieden. Mehr als die Hälfte wurde abgelehnt, nur 45,1 Prozent erhielten einen Schutzstatus. Im Jahr 2023 
hatte die Gesamtschutzquote noch bei 51,4 Prozent gelegen. (dpa)
 Vorwurf Volksverhetzung: Höcke muss vor Gericht 
 Thüringens AfD-Landespartei- und Fraktionschef Björn Höcke muss sich in einem weiteren Verfahren vor Gericht 
verantworten. Gegen den 51-Jährigen wurde eine Anklage wegen des Vorwurfs der Volksverhetzung am 
Landgericht Mühlhausen zugelassen, so ein Gerichtssprecher. Ein Termin für die Hauptverhandlung steht noch 
nicht fest, das Gericht strebt die erste Jahreshälfte an. Konkret geht es um einen Post von Höcke bei Telegram aus 
dem Jahr 2022, in dem es um eine Gewalttat in Ludwigshafen geht. Höcke schrieb dazu unter anderem: 
Wahrscheinlich ist der Täter psychisch krank und leidet an jener unter Einwanderern weit verbreiteten 
Volkskrankheit, welche die Betroffenen ,Allahu Akbar schreien lässt und deren Wahrnehmung so verzerrt, dass sie 
in den ,ungläubigen Gastgebern lebensunwertes Leben sehen. Es ist die zweite Gerichtsverhandlung, der sich 
Höcke wird stellen müssen. Am Landgericht Halle wurde eine Anklage gegen Höcke wegen des Verwendens von 
Kennzeichen verfassungswidriger und terroristischer Organisationen zugelassen. (dpa)
 UN benötigen Milliarden für Sudan-Hilfe 
 Die Vereinten Nationen brauchen deutlich mehr Geld, um die Not im Sudan zu bekämpfen. Sie haben Geberländer 
in Genf um insgesamt 4,1 Milliarden Dollar gebeten, um Millionen Menschen im Land selbst sowie mehr als 1,5 
Millionen Flüchtlingen und Aufnahmeländern in der Region zu helfen. Im vergangenen Jahr lag die Summe bei 2,6 
Milliarden Dollar. Davon kamen aber nur 43 Prozent zusammen. Im Sudan sind nach Ausbruch der Kämpfe 
zwischen Regierungstruppen und Milizen im April 2023 mindestens acht Millionen Menschen intern auf der Flucht. 
Chaos und Zerstörung sorgen dafür, dass fast 18 Millionen Menschen teils jetzt schon oder in naher Zukunft nicht 
mehr genug zu essen haben. (AFP)

POLITIK"
2024-02,Main Corpus,2024-02(50).ZIP,Polizei darf ohne richterlichen Beschluss in Wohnungen eindringen Oberverwaltungsgericht gibt Land r.PDF,C:\PythonProjects\AfD-project\Corpora\Main Corpus\2024-02\raw_unarchive\Polizei darf ohne richterlichen Beschluss in Wohnungen eindringen Oberverwaltungsgericht gibt Land r.PDF,Polizei darf ohne richterlichen Beschluss in Wohnungen eindringen Oberverwaltungsgericht gibt Land recht:,polizei darf ohne richterlichen beschluss in wohnungen eindringen oberverwaltungsgericht gibt land recht,"taz, die tageszeitung",taz die tageszeitung,Mittwoch 28. Februar 2024,,BERLIN; S. 23,416,3023,0373d18a3ee2cac3318ae21f8b8a6a187ee91fe3,,unique,keep,,no,,no,,,4265,no,,,,,"Von Susanne Memarnia
Das Oberverwaltungsgericht Berlin (OVG) hat die Rechte von Geflüchteten bei Abschiebungen geschwächt. In 
einem Berufungsprozess, den das Land Berlin angestrengt hatte, weil es in erster Instanz gegen einen jungen 
Mann aus Guinea verloren hatte, entschieden die fünf Richter am Dienstag: Die Polizei darf das Zimmer eines 
Flüchtlings im Wohnheim betreten, um ihn zur Abschiebung abzuholen. Sie braucht dafür auch keinen richterlichen 
Durchsuchungsbeschluss, denn das bloße Betreten sei kein Durchsuchen im Sinne des Grundgesetzartikels 13 
(Unverletzlichkeit der Wohnung). Das OVG hob die Entscheidung des Verwaltungsgerichts hierzu auf.
Auch in einem zweiten Punkt stellte sich der dritte Senat unter Vorsitz von Richter Kai-Uwe Riese auf die Seite der 
Innenverwaltung: Die Polizei durfte Ibrahim K. Handy und Portemonnaie wegnehmen. In diesem Punkt schloss sich 
das OVG der Vorinstanz an und wies die Berufung von K. zurück.
Dessen Anwalt Christoph Tometten sagte der taz: Wenn die Polizei ohne richterliche Kontrolle in Wohnungen 
eindringen darf, um Menschen zur Abschiebung abzuholen, haben wir ein Problem. Wenn die Polizei Mobiltelefone 
sicherstellen darf, nur weil sie von Menschen mitgeführt werden, die abgeschoben werden sollen, haben wir ein 
Problem. Ausufernde polizeiliche Befugnisse sind eines Rechtsstaats nicht würdig. 
Der Fall hat grundsätzliche Bedeutung, weil die Berliner Polizei bei Abschiebungen häufig in Zimmer in 
Flüchtlingsheimen eindringt, um Menschen mitzunehmen. Artikel 13 des Grundgesetzes verlangt für 
Durchsuchungen allerdings einen Richterbeschluss den die Berliner Polizei nie dabei hat. Das Aufenthaltsgesetz 
unterscheidet seit 2019 zwischen dem Betreten und Durchsuchen von Wohnungen nur Letzteres fällt unter 
Richtervorbehalt. Das Problem: Wo endet Betreten und beginnt das Durchsuchen ?

Polizei darf ohne richterlichen Beschluss in Wohnungen eindringen Oberverwaltungsgericht gibt Land recht: 
Zimmer von Flüchtlingen dürfen bei Abschiebungen ohne ....
Im vorliegenden Fall hatte das Verwaltungsgericht im Oktober 2021 gesagt: Schon das Betreten des Zimmers 
mittels einer Ramme auf das Klopfen der Polizisten hatte niemand geöffnet sei ein Durchsuchen . Die Polizei 
habe nicht wissen können, was sie hinter der Tür erwarte und so davon ausgehen müssen, dass eine 
Durchsuchung notwendig wird.
Das Bundesverwaltungsgericht urteilte allerdings in einem ähnlichen Fall im vergangenen Jahr anders. Wenn es 
über das bloße Betreten des Zimmers hinaus zu keiner Durchsuchungshandlung im Sinne eines ziel- und 
zweckgerichteten Suchens kommt, brauche die Polizei keinen Durchsuchungsbefehl. Dies sieht das OVG auch im 
aktuellen Fall als gegeben an.
Immerhin: Für K. persönlich ist die Sache gut ausgegangen. Die Abschiebung wurde seinerzeit am Flughafen 
abgebrochen. Im Mai vergangenen Jahres bekam er eine Ausbildungsduldung und lernt nun Maler und Lackierer. 
Bis 2025 kann er mindestens in Berlin bleiben.
Was unterscheidet Betreten vom Durchsuchen?"
2024-02,Main Corpus,2024-02(50).ZIP,"Ringen um mehr Kontrolle Migration Fast alle europäischen Länder, Parteien und Bürger sind sich dari.PDF","C:\PythonProjects\AfD-project\Corpora\Main Corpus\2024-02\raw_unarchive\Ringen um mehr Kontrolle Migration Fast alle europäischen Länder, Parteien und Bürger sind sich dari.PDF","Ringen um mehr Kontrolle Migration Fast alle europäischen Länder, Parteien und Bürger sind sich darin einig,",ringen um mehr kontrolle migration fast alle europäischen länder parteien und bürger sind sich darin einig,Südwest Presse,südwest presse,Montag 5. Februar 2024,,THEMEN DES TAGES / POLITIK; S. 3; Band 80; Ausg. 29,779,5837,6156a7c5486a66ed6059e2dd843e12bc63379b32,,unique,keep,,no,,no,,,7764,no,,,,,"Deutschlands Kommunen klagen über die Überlastung durch Flüchtlinge. Auch 2023 hat da keine Entspannung 
gebracht. Das Bundesamt für Migration und Flüchtlinge (BAMF) stellt nüchtern fest: „2023 wurden 329 120 
Erstanträge entgegengenommen.“ 2022 waren es 217 774, im „Rekordjahr“ 2016 übrigens 722 370. Hinzu kommen 
mehr als eine Million ukrainische Flüchtlinge. Auf europäischer und auf nationaler Ebene fehlt es nicht an 
Bestrebungen, die Zuwanderung zu reduzieren und für eine kontrollierte Migration zu sorgen. Mit welchem Erfolg?
Was ist mit dem Gemeinsamen Europäischen Asylsystem (GEAS)? Mit der GEAS-Reform sollen die Kontrolle der 
Migration an den EU-Außengrenzen verbessert und die Verteilung von Flüchtlingen in Europa organisiert werden. 
Es geht um Verfahren an den Außengrenzen, in dafür zu schaffenden Lagern für alle, deren Asyl-Chancen unter 20 
Prozent liegen – auch für Frauen und Kinder.
Außerdem wurde von den EU-Innenministern eine Krisenverordnung verabschiedet, für den Fall, dass absichtlich 
Flüchtlingsströme in die EU gelenkt werden. Laut einem Sprecher des Bundesinnenministeriums (BMI) sieht die 
Einigung zwischen dem Europäischen Rat und dem EU-Parlament vom 20. Dezember 2023 vor, „dass eine 
Ausweitung des verpflichtenden Grenzverfahrens auf solche Antragsteller erfolgen kann“, die nur eine 50-
prozentige Chance auf Schutz haben. Allerdings seien bei GEAS „viele Vorschläge noch nicht final beschlossen. 
Eine Annahme des vollständigen Pakets wird für das Frühjahr 2024 angestrebt“. Für die Umsetzung bleiben dann 
bis zu 24 Monate Zeit.
Der innenpolitische Sprecher der SPD-Bundestagsfraktion, Sebastian Hartmann, sagt, die EU beweise 
„Handlungsfähigkeit und stellt die Weichen für ein faires und solidarisches Asylsystem, das Migration steuert und 
ordnet“. Und Chris Melzer von UNHCR-Deutschland, findet, „das neue System ist zwar nicht perfekt“, aber eine 
deutliche Verbesserung zum bisherigen. Gleichzeitig nimmt der Sprecher des UN-Flüchtlingshilfswerks die Kritik 
vieler Nichtregierungsorganisationen auf. Das UNHCR vertrete die Position, „dass selbst bei Grenzverfahren die 
Inhaftierung die Ausnahme bleiben sollte“. Und ganz eindeutig: „Kinder sollten niemals zu migrations- und 
asylrechtlichen Zwecken inhaftiert werden.“

Ringen um mehr Kontrolle Migration Fast alle europäischen Länder, Parteien und Bürger sind sich darin einig, 
dass es mit der gegenwärtigen Asylpolitik so nicht ....
Wie ist der Stand bei den „sicheren Herkunftsstaaten“ und bei den Migrationsabkommen? Mitte Dezember hat der 
Bundesrat den Weg für Einstufung von Moldau und Georgien als sichere Herkunftsländer freigemacht. Die 
Anerkennungsquote lag bei Bürgern dieser Länder im Bereich von 0,1 Prozent, phasenweise kamen aber 15 
Prozent der Asylbewerber von dort. Mit Georgien wurde ein Migrationsabkommen abgeschlossen. Laut BMI ist der 
Migrations-Sonderbevollmächtigte der Bundesregierung, Joachim Stamp, „mit verschiedenen Ländern in 
vertraulichen Gesprächen“, über Migrationsabkommen. Aktuell werde mit Moldau, Kenia, Kolumbien, Usbekistan, 
Kirgisistan und Marokko verhandelt. Mit Indien sei ein solches Abkommen 2022 abgeschlossen worden. Die 
Migrationsabkommen sollen der Wiederaufnahme abgeschobener Asylbewerber, aber auch der 
Fachkräfteanwerbung dienen. Mit Marokko wurde vor wenigen Tagen „eine umfassende Migrationspartnerschaft 
verabredet“, wie es aus dem BMI heißt. Die Verabredung existiert bislang nur mündlich.
Was haben die Grenzschließungen gebracht? „Mit den Grenzkontrollen, die neben Österreich seit Mitte Oktober 
auch an den Grenzen zu Polen, Tschechien und der Schweiz durchgeführt werden, legen wir Schleusern das 
Handwerk und verhindern unerlaubte Einreisen“, sagt SPD-Innenpolitiker Hartmann. Auch Ministerin Faeser, die 
lange die Kontrollen abgelehnt hatte und schnell wieder zu offenen Grenzen zurückkehren will, lobt das strengere 
Grenzregime. Fakt ist: Die Zahl der unerlaubten Einreisen nach Deutschland ist stark zurückgegangen. Umstritten 
bleibt, ob das hauptsächlich auf die Kontrollen zurückzuführen ist. Offensichtlich gibt es aber einen Dominoeffekt, 
der zu mehr Kontrollen in den Nachbarstaaten und deren Anrainern führt. Andreas Roßkopf, von der Gewerkschaft 
der Polizei (GdP) sieht noch einen Sondereffekt. Er spricht von „rivalisierenden Schleuserorganisationen“, die sich 
in Serbien blutige Auseinandersetzungen geliefert hätten, weswegen „viele Migranten zunächst nicht weiter 
geschleust worden“ seien.
Wie hat sich die Zahl der Abschiebungen entwickelt? Der Bundestag hat gerade das 
„Rückführungsverbesserungsgesetz“ verabschiedet. Nun seien die Länder gefragt, lassen Ampel-Politiker wissen. 
Und das BMI meldet: „Insgesamt verzeichnen wir eine Steigerung von 27 Prozent der Abschiebungen im Vergleich 
zum Vorjahr.“ Gesamtzahl 2023: 16 430 Personen. Die Ampel rechnet mit einem Plus von mindestens 600 
Abschiebungen im Jahr. Sachsens Innenminister Armin Schuster (CDU) meint, das Gesetz würde Abschiebungen 
eher verhindern, weil abgelehnte Asylbewerber schon vor ihrer Abschiebehaft einen Pflichtverteidiger gestellt 
bekommen und über die Abschiebung informiert werden.
Welchen Sinn hat die Bezahlkarte für Asylbewerber? Die Innenminister der Länder haben sich mit Ausnahme von 
Bayern und Mecklenburg-Vorpommern auf eine überall geltende Bezahlkarte geeinigt. Geldüberweisungen sind 
damit nicht möglich. Das soll Asylbewerber abschrecken. Außerdem ersparen sich die Behörden viel Bürokratie 
und es wird eine erhöhte Bereitschaft zur Arbeitsaufnahme erwartet.
Ringen um mehr Kontrolle Migration Fast alle europäischen Länder, Parteien und Bürger sind sich darin einig, 
dass es mit der gegenwärtigen Asylpolitik so nicht ....
Link zum PDF-Dokument
Link zum PDF-Dokument
Graphic
 
Im Mittelmeer gerettete Migranten. ⇥Foto: Thomas Lohnes/dpa"
2024-02,Main Corpus,2024-02(50).ZIP,Schüler darf vorerst bleiben(2).PDF,C:\PythonProjects\AfD-project\Corpora\Main Corpus\2024-02\raw_unarchive\Schüler darf vorerst bleiben(2).PDF,Schüler darf vorerst bleiben,schüler darf vorerst bleiben,Frankfurter Rundschau,frankfurter rundschau,Montag 12. Februar 2024,,HESSEN; S. D6,335,2351,39cd78aa6915e807524206fb49a852a84bf402c4,,unique,keep,,no,,no,,,3069,no,,,,,"VON PAULA HAASE
Der Vietnamese Thanh D. darf vorerst in Deutschland bleiben. Am Donnerstagnachmittag ist der 23 Jahre alte 
Schüler der Frankfurter Schule für Bekleidung und Mode aus einwöchiger Abschiebehaft entlassen worden. Wie er 
am Freitag berichtete, kann er am heutigen Montag bei der Ausländerbehörde eine Ausbildungsduldung 
beantragen.
Thanh D. sollte am Freitag aufgrund einer fehlenden Aufenthaltsgenehmigung in sein Herkunftsland abgeschoben 
werden. Gegen seine Abschiebung hatten sich eine Petition mit fast 15 000 Unterschriften sowie die Linke im 
Römer und der Stadtschüler:innenrat Frankfurt eingesetzt. In dem Schreiben hieß es: „Thanh D. ist ein 
Musterbeispiel für gelungene Integration, die nicht durch eine unberechtigte Abschiebung zerstört werden soll.“ 
Der Verein Pro Asyl habe sich für ihn im hessischen Innenministerium und beim Regierungspräsidium Darmstadt 
eingesetzt und so seine Abschiebung vorerst verhindern können, sagte Than D. Das für seinen Fall zuständige 
Regierungspräsidium wollte auf FR-Anfrage keine Angaben dazu machen. 
Thanh D. kam 2017 als 17-Jähriger nach Deutschland zu seiner Mutter, die mit einem Deutschen verheiratet ist. 
Weil er aus Vietnam kommt, konnte er kein Asyl erhalten, sondern nur eine Duldung für drei Monate, die bislang 
immer wieder verlängert wurde.
Frankfurts Stadtschulsprecher Luka Ivan Invanovic ist erleichtert, dass Thanh D. vorerst in Deutschland bleiben 
kann. Der öffentliche Druck durch die Petition habe eine wichtige Rolle gespielt, meint er. „Ich freue mich, aber ich 
bin frustriert und wütend zugleich“, sagt Ivanovic. Während deutsche Politiker:innen vor kurzem noch in Vietnam 
um Fachkräfte geworben hätten, sei Thanh mit sofortiger Abschiebung bedroht worden. Der Hessische 
Flüchtlingsrat bedankte sich auf der Plattform X, ehemals Twitter, bei den Streikenden von Verdi, weil sie in der 
Woche zuvor den Flughafen lahmgelegt hatten. Von dort hätte Thanh D. abgeschoben werden sollen. „Nur durch 
den Aufschub war es noch möglich, zu intervenieren und große Aufmerksamkeit für den Fall zu erzeugen“, sagt 
Timmo Scherenberg, Geschäftsführer des Hessischen Flüchtlingsrats. 
Thanh D. will sich jetzt erst einmal von der Abschiebehaft erholen. Im Sommer möchte er seine Ausbildung zum 
Modedesigner beenden.

Schüler darf vorerst bleiben
Link zum PDF-Dokument"
2024-02,Main Corpus,2024-02(50).ZIP,Schüler darf vorerst bleiben.PDF,C:\PythonProjects\AfD-project\Corpora\Main Corpus\2024-02\raw_unarchive\Schüler darf vorerst bleiben.PDF,Schüler darf vorerst bleiben,schüler darf vorerst bleiben,Frankfurter Rundschau,frankfurter rundschau,Samstag 10. Februar 2024,,FRANKFURT; S. F4,336,2363,cdc9f14afa829cf1e3791bd6f5c5c754e324e6de,,unique,keep,,no,,no,,,3085,no,,,,,"VON PAULA HAASE
Der Vietnamese Thanh D. darf vorerst in Deutschland bleiben. Am Donnerstagnachmittag ist der 23 Jahre alte 
Schüler der Frankfurter Schule für Bekleidung und Mode aus einwöchiger Abschiebehaft entlassen worden. Wie er 
am Freitag berichtete, könne er am kommenden Montag bei der Ausländerbehörde eine Ausbildungsduldung 
beantragen.
Thanh D. sollte am gestrigen Freitag aufgrund einer fehlenden Aufenthaltsgenehmigung in sein Herkunftsland 
abgeschoben werden. Gegen seine Abschiebung hatten sich eine Petition mit fast 15 000 Unterschriften sowie die 
Linke im Römer und der Stadtschüler:innenrat Frankfurt eingesetzt. In dem Schreiben hieß es: „Thanh D. ist ein 
Musterbeispiel für gelungene Integration, die nicht durch eine unberechtigte Abschiebung zerstört werden soll.“ 
Der Verein Pro Asyl habe sich für ihn im hessischen Innenministerium und beim Regierungspräsidium Darmstadt 
eingesetzt und so seine Abschiebung vorerst verhindern können, sagte Than D. Das für seinen Fall zuständige 
Regierungspräsidium wollte auf FR-Anfrage keine Angaben dazu machen. 
Thanh D. kam 2017 als 17-Jähriger nach Deutschland zu seiner Mutter, die mit einem Deutschen verheiratet ist. 
Weil er aus Vietnam kommt, konnte er kein Asyl erhalten, sondern nur eine Duldung für drei Monate, die bislang 
immer wieder verlängert wurde.
Frankfurts Stadtschulsprecher Luka Ivan Invanovic ist erleichtert, dass Thanh D. vorerst in Deutschland bleiben 
kann. Der öffentliche Druck durch die Petition habe eine wichtige Rolle gespielt, meint er. „Ich freue mich, aber ich 
bin frustriert und wütend zugleich“, sagt Ivanovic. Während deutsche Politiker:innen vor kurzem noch in Vietnam 
um Fachkräfte geworben hätten, sei Thanh mit sofortiger Abschiebung bedroht worden. Der Hessische 
Flüchtlingsrat bedankte sich auf der Plattform X, ehemals Twitter, bei den Streikenden von Verdi, weil sie in der 
Woche zuvor den Flughafen lahmgelegt hatten. Von dort hätte Thanh D. abgeschoben werden sollen. „Nur durch 
den Aufschub war es noch möglich, zu intervenieren und große Aufmerksamkeit für den Fall zu erzeugen“, sagt 
Timmo Scherenberg, Geschäftsführer des Hessischen Flüchtlingsrats. 
Thanh D. will sich jetzt erst einmal von der Abschiebehaft erholen. Im Sommer möchte er seine Ausbildung zum 
Modedesigner beenden.

Schüler darf vorerst bleiben
Link zum PDF-Dokument"
2024-02,Main Corpus,2024-02(50).ZIP,"Sieben neue Flüchtlingsheime geplant Die Stadt will weitere Immobilien anmieten, um Menschen aus der(2).PDF","C:\PythonProjects\AfD-project\Corpora\Main Corpus\2024-02\raw_unarchive\Sieben neue Flüchtlingsheime geplant Die Stadt will weitere Immobilien anmieten, um Menschen aus der(2).PDF","Sieben neue Flüchtlingsheime geplant Die Stadt will weitere Immobilien anmieten, um Menschen aus der",sieben neue flüchtlingsheime geplant die stadt will weitere immobilien anmieten um menschen aus der,Rheinische Post,rheinische post,Mittwoch 7. Februar 2024,"Maximilian Nowroth, Verena Kensbock",S. 15,754,5349,95888af3462e4bfa279dd9e4dadb93d0120d3f12,exact_005,duplicate_exact,review,,no,,no,,,6502,no,,exact_005,,,"Maximilian Nowrothund Verena Kensbock
Düsseldorf Damit ukrainische Kriegsflüchtlinge nicht länger in Hotels leben müssen, sucht die Stadtverwaltung nach 
neuen Orten für die Unterbringung – und hat dafür sieben verschiedene Standorte ins Auge gefasst. Wie die 
städtische Integrationsdezernentin Miriam Koch unserer Redaktion mitgeteilt hat, gibt es derzeit Verhandlungen mit 
Vermietern von Gebäuden, welche die Stadt langfristig als Gemeinschaftsunterkunft oder Apartmenthaus für 
Flüchtlinge nutzen möchte. Konkret sollen insgesamt 2000 Menschen im Zooviertel, in Bilk, Pempelfort, der 
Stadtmitte und Oberbilk eine neue Bleibe finden. Ein möglicher Standort am Kennedydamm ist dagegen vom Tisch.
Der Hintergrund: In Düsseldorf leben aktuell mehr als 10.000 Menschen, die wegen des russischen Angriffskriegs 
gegen die Ukraine ihr Heimatland verlassen haben. Fast ein Drittel ist in Hotelzimmern untergekommen, die von 
der Stadt angemietet werden. Das birgt zwei Probleme: Einerseits erschwert dieser Zustand die Integration in die 
Gesellschaft und den Arbeitsmarkt. Andererseits muss die Stadt monatlich 800 Euro pro erwachsener Person für 
diese Art von Unterkunft zahlen. Um den Ukrainern das Ankommen in Düsseldorf zu erleichtern und gleichzeitig 
Geld zu sparen, sucht die Stadt akribisch nach Alternativen – und hat Vermieter gefunden, die sich ihr Gebäude als 
Flüchtlingsunterkunft vorstellen können.
Bisher war bekannt, dass die Stadt an drei Standorten Geflüchtete unterbringen wird: Ein früheres Altenheim an der 
Ricarda-Huch-Straße 2 in Hellerhof ist bereits voll belegt mit Menschen aus der Ukraine, an der Werftstraße 25 in 
Heerdt und an der Elisabethstraße 22 in Unterbilk beginnen gerade die Umbaumaßnahmen. „Dort wird der Einzug 
frühestens im Sommer 2025 möglich sein“, sagt Miriam Koch. Denn beide Gebäude sind frühere Büro-Standorte 
und werden jetzt in Gemeinschaftsunterkünfte umgewandelt.

Sieben neue Flüchtlingsheime geplant Die Stadt will weitere Immobilien anmieten, um Menschen aus der 
Ukraine unterzubringen – aber nicht mehr am Kennedydamm.
Neu ist, dass die Stadt bei sieben weiteren Objekten schon so weit in der Planung steht, dass bereits Angebote 
vorliegen. Insgesamt rechnet Miriam Koch mit jährlichen Miet-Ausgaben von gut 14 Millionen Euro für alle zehn 
Standorte. Die gesamte Kapazität liegt bei 2400 Menschen, würde also für fast alle bisherigen Hotel-Bewohner 
reichen. Deren Unterbringung kostet die Stadt aktuell fast das Doppelte.
den sieben geplanten Standorten, für die ein Anmietungsbeschluss im städtischen Ausschuss für Gesundheit und 
Soziales noch aussteht, sollen drei zu Gemeinschaftsunterkünften werden: an der Leopoldstraße 1-7 in Stadtmitte, 
an der Merowingerstraße 84 in Bilk und an der Flügelstraße 21 in Oberbilk. Diese Unterkünfte wären mit einer 
Personenzahl zwischen 30 und 160 vergleichsweise klein.
Deutlich mehr Menschen sollen in Wohnhäusern unterkommen. Den größten Standort plant die Stadt an der 
Heinrichstraße 24 in der Nähe des Zooparks. Dort liegt die berechnete Kapazität bei 800 Menschen. Das Büro-
Gebäude gehört dem Kölner Projekt-Entwickler Lang & Cie. und steht leer.
Drei weitere Apartmenthäuser für Flüchtlinge will die Stadt an der Vagedesstraße 1 in Pempelfort, an der 
Merowinger Straße 103-107 und an der Volmerswerther Straße 35 in Bilk beziehen. Bei diesen drei Adressen ist 
die Stadt beim Anmietungsbeschluss bisher „am weitesten“, sagt Miriam Koch.
Bei allen neuen Unterkünften sind die Mietverträge auf mindestens zehn Jahre angelegt. Die langfristige Sicherheit 
ist ein Vorteil für die Vermieter – und für die Stadt. Denn in den kommenden Jahren werden eine ganze Reihe von 
bisherigen Asyl-Unterkünften anderweitig verwendet, darunter an der Moskauer Straße in Oberbilk und an der 
Meineckestraße in Golzheim.
So notwendig die Unterbringung von Flüchtlingen ist, so sehr kann die Standort-Frage auch polarisieren. Ende 
2023 gab es heftige Diskussionen und sogar Proteste wegen einer geplanten städtischen Unterkunft an der Hans-
Böckler-Straße 38 nahe des Kennedydamms. Denn nur wenige Hundert Meter entfernt, an der Schwannstraße 12, 
richtet die Bezirksregierung Düsseldorf eine „Zentrale Unterbringungseinrichtung“ für Flüchtlinge ein.
Einige Nachbarn kritisierten die Kommunikation der Behörden und zeigten sich besorgt um die Sicherheit. 
Wiederum andere boten ihre Hilfe an. Es folgten ein Info-Abend der Bezirksregierung und ein Protest der AfD mit 
rund 100 Teilnehmern. Das Bündnis „Düsseldorf stellt sich quer“ versammelte etwa 400 Personen für eine 
Gegendemo.
Jetzt ist klar: „Die Stadtverwaltung beabsichtigt nicht länger, das Objekt als Unterkunft für Geflüchtete anzumieten.“ 
So schreibt es ein Stadtsprecher – und nennt als „wesentlichen Faktor die Möglichkeit des Wohnungsbaus an der 
Hans-Böckler-Straße 38“. Recherchen unserer Redaktion zeigen allerdings, dass auch wirtschaftliche Interessen 
aus der Nachbarschaft eine Rolle gespielt haben.
So hatte sich ein Immobilien-Investor, der am Kennedydamm ein Hochhaus plant, Ende November bei 
Oberbürgermeister Stephan Keller (CDU) gegen das Flüchtlingsheim ausgesprochen. Anfang Januar bekam er von 
der Stadt die Info, dass es für den Standort andere Pläne gibt. Die grüne Bezirksbürgermeisterin Annette Klinke 
dagegen erfuhr erst durch unsere Nachfrage davon.
Link to PDF"
2024-02,Main Corpus,2024-02(50).ZIP,"Sieben neue Flüchtlingsheime geplant Die Stadt will weitere Immobilien anmieten, um Menschen aus der.PDF","C:\PythonProjects\AfD-project\Corpora\Main Corpus\2024-02\raw_unarchive\Sieben neue Flüchtlingsheime geplant Die Stadt will weitere Immobilien anmieten, um Menschen aus der.PDF","Sieben neue Flüchtlingsheime geplant Die Stadt will weitere Immobilien anmieten, um Menschen aus der",sieben neue flüchtlingsheime geplant die stadt will weitere immobilien anmieten um menschen aus der,Rheinische Post,rheinische post,Mittwoch 7. Februar 2024,"Maximilian Nowroth, Verena Kensbock",S. 15,754,5349,95888af3462e4bfa279dd9e4dadb93d0120d3f12,exact_005,duplicate_exact,review,,no,,no,,,6515,no,,exact_005,,,"Maximilian Nowrothund Verena Kensbock
Düsseldorf Damit ukrainische Kriegsflüchtlinge nicht länger in Hotels leben müssen, sucht die Stadtverwaltung nach 
neuen Orten für die Unterbringung – und hat dafür sieben verschiedene Standorte ins Auge gefasst. Wie die 
städtische Integrationsdezernentin Miriam Koch unserer Redaktion mitgeteilt hat, gibt es derzeit Verhandlungen mit 
Vermietern von Gebäuden, welche die Stadt langfristig als Gemeinschaftsunterkunft oder Apartmenthaus für 
Flüchtlinge nutzen möchte. Konkret sollen insgesamt 2000 Menschen im Zooviertel, in Bilk, Pempelfort, der 
Stadtmitte und Oberbilk eine neue Bleibe finden. Ein möglicher Standort am Kennedydamm ist dagegen vom Tisch.
Der Hintergrund: In Düsseldorf leben aktuell mehr als 10.000 Menschen, die wegen des russischen Angriffskriegs 
gegen die Ukraine ihr Heimatland verlassen haben. Fast ein Drittel ist in Hotelzimmern untergekommen, die von 
der Stadt angemietet werden. Das birgt zwei Probleme: Einerseits erschwert dieser Zustand die Integration in die 
Gesellschaft und den Arbeitsmarkt. Andererseits muss die Stadt monatlich 800 Euro pro erwachsener Person für 
diese Art von Unterkunft zahlen. Um den Ukrainern das Ankommen in Düsseldorf zu erleichtern und gleichzeitig 
Geld zu sparen, sucht die Stadt akribisch nach Alternativen – und hat Vermieter gefunden, die sich ihr Gebäude als 
Flüchtlingsunterkunft vorstellen können.
Bisher war bekannt, dass die Stadt an drei Standorten Geflüchtete unterbringen wird: Ein früheres Altenheim an der 
Ricarda-Huch-Straße 2 in Hellerhof ist bereits voll belegt mit Menschen aus der Ukraine, an der Werftstraße 25 in 
Heerdt und an der Elisabethstraße 22 in Unterbilk beginnen gerade die Umbaumaßnahmen. „Dort wird der Einzug 
frühestens im Sommer 2025 möglich sein“, sagt Miriam Koch. Denn beide Gebäude sind frühere Büro-Standorte 
und werden jetzt in Gemeinschaftsunterkünfte umgewandelt.

Sieben neue Flüchtlingsheime geplant Die Stadt will weitere Immobilien anmieten, um Menschen aus der 
Ukraine unterzubringen – aber nicht mehr am Kennedydamm.
Neu ist, dass die Stadt bei sieben weiteren Objekten schon so weit in der Planung steht, dass bereits Angebote 
vorliegen. Insgesamt rechnet Miriam Koch mit jährlichen Miet-Ausgaben von gut 14 Millionen Euro für alle zehn 
Standorte. Die gesamte Kapazität liegt bei 2400 Menschen, würde also für fast alle bisherigen Hotel-Bewohner 
reichen. Deren Unterbringung kostet die Stadt aktuell fast das Doppelte.
den sieben geplanten Standorten, für die ein Anmietungsbeschluss im städtischen Ausschuss für Gesundheit und 
Soziales noch aussteht, sollen drei zu Gemeinschaftsunterkünften werden: an der Leopoldstraße 1-7 in Stadtmitte, 
an der Merowingerstraße 84 in Bilk und an der Flügelstraße 21 in Oberbilk. Diese Unterkünfte wären mit einer 
Personenzahl zwischen 30 und 160 vergleichsweise klein.
Deutlich mehr Menschen sollen in Wohnhäusern unterkommen. Den größten Standort plant die Stadt an der 
Heinrichstraße 24 in der Nähe des Zooparks. Dort liegt die berechnete Kapazität bei 800 Menschen. Das Büro-
Gebäude gehört dem Kölner Projekt-Entwickler Lang & Cie. und steht leer.
Drei weitere Apartmenthäuser für Flüchtlinge will die Stadt an der Vagedesstraße 1 in Pempelfort, an der 
Merowinger Straße 103-107 und an der Volmerswerther Straße 35 in Bilk beziehen. Bei diesen drei Adressen ist 
die Stadt beim Anmietungsbeschluss bisher „am weitesten“, sagt Miriam Koch.
Bei allen neuen Unterkünften sind die Mietverträge auf mindestens zehn Jahre angelegt. Die langfristige Sicherheit 
ist ein Vorteil für die Vermieter – und für die Stadt. Denn in den kommenden Jahren werden eine ganze Reihe von 
bisherigen Asyl-Unterkünften anderweitig verwendet, darunter an der Moskauer Straße in Oberbilk und an der 
Meineckestraße in Golzheim.
So notwendig die Unterbringung von Flüchtlingen ist, so sehr kann die Standort-Frage auch polarisieren. Ende 
2023 gab es heftige Diskussionen und sogar Proteste wegen einer geplanten städtischen Unterkunft an der Hans-
Böckler-Straße 38 nahe des Kennedydamms. Denn nur wenige Hundert Meter entfernt, an der Schwannstraße 12, 
richtet die Bezirksregierung Düsseldorf eine „Zentrale Unterbringungseinrichtung“ für Flüchtlinge ein.
Einige Nachbarn kritisierten die Kommunikation der Behörden und zeigten sich besorgt um die Sicherheit. 
Wiederum andere boten ihre Hilfe an. Es folgten ein Info-Abend der Bezirksregierung und ein Protest der AfD mit 
rund 100 Teilnehmern. Das Bündnis „Düsseldorf stellt sich quer“ versammelte etwa 400 Personen für eine 
Gegendemo.
Jetzt ist klar: „Die Stadtverwaltung beabsichtigt nicht länger, das Objekt als Unterkunft für Geflüchtete anzumieten.“ 
So schreibt es ein Stadtsprecher – und nennt als „wesentlichen Faktor die Möglichkeit des Wohnungsbaus an der 
Hans-Böckler-Straße 38“. Recherchen unserer Redaktion zeigen allerdings, dass auch wirtschaftliche Interessen 
aus der Nachbarschaft eine Rolle gespielt haben.
So hatte sich ein Immobilien-Investor, der am Kennedydamm ein Hochhaus plant, Ende November bei 
Oberbürgermeister Stephan Keller (CDU) gegen das Flüchtlingsheim ausgesprochen. Anfang Januar bekam er von 
der Stadt die Info, dass es für den Standort andere Pläne gibt. Die grüne Bezirksbürgermeisterin Annette Klinke 
dagegen erfuhr erst durch unsere Nachfrage davon.
Link to PDF"
2024-02,Main Corpus,2024-02(50).ZIP,Sozialbetrug mit ukrainischen Pässen Bundesamt prüft Tausende Verdachtsfälle. Union vermutet hohe Du.PDF,C:\PythonProjects\AfD-project\Corpora\Main Corpus\2024-02\raw_unarchive\Sozialbetrug mit ukrainischen Pässen Bundesamt prüft Tausende Verdachtsfälle. Union vermutet hohe Du.PDF,Sozialbetrug mit ukrainischen Pässen Bundesamt prüft Tausende Verdachtsfälle. Union vermutet hohe,sozialbetrug mit ukrainischen pässen bundesamt prüft tausende verdachtsfälle union vermutet hohe,Die Welt,die welt,Montag 26. Februar 2024,Marcel Leubecher,Titel; S. 1; Ausg. 40,653,5099,936e105161b7dcecacde5a09ea91138bbb754bb0,,unique,keep,,no,,no,,,6230,no,,,,,"Mehr als eine Million Ukrainer flohen seit dem russischen Angriff auf ihr Land vor zwei Jahren nach Deutschland. 
Sie erhalten hierzulande direkt einen Schutztitel und sind damit von Anfang an berechtigt, Bürgergeld zu beziehen. 
Und nicht erst, wie andere Flüchtlinge, nach Anerkennung im Asylverfahren, was sich oft neun Monate hinzieht. 
Offenbar versucht nun eine kleine Minderheit der Zuwanderer mit ukrainischem Pass, die Regelungen der 
Bundesrepublik zu Unrecht zu nutzen, wie einige Medien berichteten.
Laut ""Focus"" war zunächst baden-württembergischen Behörden aufgefallen, dass einige mutmaßliche ukrainische 
Kriegsflüchtlinge noch eine zweite Staatsbürgerschaft besaßen - etwa die ungarische oder rumänische - , diese 
aber bei der Einreise verschwiegen. In einigen Fällen waren die Zuwanderer mit ukrainischen Pässen demnach 
nicht in der Lage, Ukrainisch oder Russisch zu sprechen. Der ""Spiegel"" berichtete nun, das Bundesamt für 
Migration und Flüchtlinge (BAMF) beschäftige sich mit mehreren Tausend Fällen, in denen Menschen mit 
ukrainischem Pass womöglich unzulässigerweise Sozialleistungen in Deutschland erhalten haben. Inzwischen 
seien bei der Behörde 5609 Verdachtsfälle eingegangen. Eigentlich ist das BAMF gar nicht für die Ukrainer 
zuständig, weil sie keine Asylanträge stellen müssen. Doch weil die Behörde Expertise im Bereich der Klärung von 
Schutzgründen und Nationalitäten hat, war dort vor einigen Monaten eine Stelle eingerichtet worden, um diese 
zweifelhaften Ukraine-Fälle zu prüfen.
Wie WELT aus BAMF-Kreisen erfuhr, wurde in den seit einigen Wochen laufenden Prüfungen bisher nur bei einer 
kleinen Minderheit der Verdachtsfälle ein Passbetrug festgestellt. Die große Mehrheit der bisher überprüften 
Doppelstaatler verfüge offenbar rechtmäßig über ukrainische sowie ungarische Pässe. Das BAMF könne lediglich 
überprüfen, ob es Anzeichen für Betrug gebe. Ob die Doppelstaatler hierzulande weiterhin reduzierte 
Sozialleistungen erhielten oder nach Ungarn oder andere EU-Staaten zurückgeschickt würden, falls sie hierzulande 
keine Arbeit im Rahmen der EU-Arbeitnehmerfreizügigkeit aufnähmen, liege im Handlungsspielraum der 
Bundesagentur für Arbeit, der Bundesländer und Kommunen, heißt es aus BAMF-Kreisen.

Sozialbetrug mit ukrainischen Pässen Bundesamt prüft Tausende Verdachtsfälle. Union vermutet hohe 
Dunkelziffer
Das Amt teilte WELT mit, dass es sich bei den derzeit 5609 Verdachtsfällen nur um Personen mit ""ukrainisch-
ungarischem Bezug"" handelt. Nur für diese Gruppe werde das ""spezifische Verfahren zur Klärung von Zweifeln 
über die Staatsangehörigkeit von Antragstellern für eine Aufenthaltsgewährung zum temporären Schutz"" 
durchgeführt. Auch teilte das Amt mit, dass nach den bisherigen Rückmeldungen der ukrainischen und ungarischen 
Behörden erst ""208 Personen mit einer ungarischen Staatsangehörigkeit identifiziert"" wurden und ""für 1258 
Personen eine ukrainische Staatsangehörigkeit bestätigt werden"" konnte.
Laut BAMF fällt jedenfalls für diese Fälle, in denen ein ukrainischer Staatsbürger zweifelsfrei noch über eine EU-
Staatsbürgerschaft verfügt, die Anerkennung als Ukraine-Flüchtling und damit der Bürgergeldbezug weg: ""Sollte 
eine ungarische Staatsangehörigkeit bestehen, kann keine Aufenthaltserlaubnis nach Paragraf 24 
Aufenthaltsgesetz erteilt werden, da Unionsbürgerinnen und Unionsbürger nicht von der Richtlinie zum 
vorübergehenden Schutz umfasst sind"", heißt es im Amtsdeutsch.
Die Unionsfraktion fordert eine konsequente Ahndung solcher Betrugsversuche: ""Sobald sich herausstellt, dass 
angebliche Ukraine-Flüchtlinge Staatsbürger anderer EU-Länder sind, sollten sie keinerlei Sozialhilfe hierzulande 
erhalten und umgehend zurückkehren"", sagt Alexander Throm (CDU), der innenpolitische Sprecher im Bundestag. 
""Die Bundesregierung muss hier ihre Anstrengungen deutlich intensivieren, um solche Betrugsversuche 
aufzudecken. Denn es ist von einer hohen Dunkelziffer auszugehen, weil die Mitarbeiter der lokalen 
Ausländerbehörden erst einmal Verdacht schöpfen müssen, dass Antragsteller, die einen ukrainischen Pass 
vorlegen, auch weitere Staatsangehörigkeiten haben könnten.""
René Springer, der sozialpolitische Sprecher der AfD-Fraktion, kritisiert: ""Ukrainischen Kriegsflüchtlingen den 
Zugang zum Bürgergeld zu gewähren, war von Anfang an ein riesiger Fehler der Ampel. Hinzu kommt, dass 
Sozialleistungsmissbrauch von der Bundesregierung schon seit Jahren nicht konsequent bekämpft wird. Was jetzt 
ans Licht kommt, ist sehr wahrscheinlich nur die Spitze des Eisberges."" Springer fordert, ""Ukrainer sollten wie alle 
anderen Asylbewerber auch nur noch Sachleistungen nach dem Asylbewerberleistungsgesetz erhalten. Das 
reduziert auch die Möglichkeiten von Missbrauch.""
Die übrigen Bundestagsfraktionen konnten sich am Sonntag nicht auf WELT-Anfrage zu dem Thema äußern. Auch 
konnte das Bundesinnenministerium auf Anfrage keine Angaben dazu machen, wie viele Personen sich derzeit als 
Ukraine-Flüchtlinge in Deutschland aufhalten, die über eine weitere Staatsangehörigkeit verfügen.
Original Gesamtseiten-PDF"
2024-02,Main Corpus,2024-02(50).ZIP,"Stadt räumt Versäumnisse ein Soziales Nach reichlich Kritik prüft die Verwaltung jetzt, die Unterbri.PDF","C:\PythonProjects\AfD-project\Corpora\Main Corpus\2024-02\raw_unarchive\Stadt räumt Versäumnisse ein Soziales Nach reichlich Kritik prüft die Verwaltung jetzt, die Unterbri.PDF","Stadt räumt Versäumnisse ein; Soziales Nach reichlich Kritik prüft die Verwaltung jetzt, die Unterbringung von",stadt räumt versäumnisse ein soziales nach reichlich kritik prüft die verwaltung jetzt die unterbringung von,Südwest Presse,südwest presse,Freitag 9. Februar 2024,,ULM und NEU^-ULM; S. 16; Band 80; Ausg. 33,1109,7923,f529c2caa42c7b4ec1dbdd0e40923c8cd25f15d0,,unique,keep,,no,,no,,,8949,no,,,,,"Es kommt Bewegung in die Frage, wo die Stadt Ulm in Wiblingen eine Container-Siedlung für Flüchtlinge baut – 
und ob es 250 Menschen an einem Ort sein müssen. Entgegen der Planung wurde darüber jetzt am Mittwoch im 
Hauptausschuss keine Entscheidung gefällt. Das soll erst nach weiteren Gesprächen der Gemeinderat am 13. 
März tun.
Die Stadt muss in diesem Jahr Platz für weitere 1000 Flüchtlinge schaffen. Im Gemeinderat war daher Mitte Januar 
als eine der Maßnahmen der Bau einer großen Container-Siedlung in Wiblingen für neun Millionen Euro auf den 
Weg gebracht worden. Als Standort war von der Stadtverwaltung ein Grundstück südlich des Friedhofs favorisiert 
worden.
Auf einer Informationsversammlung im Wiblinger Gemeindezentrum am 29. Januar war deswegen viel Unmut laut 
geworden. Ulms Erster Bürgermeister Martin Bendel räumte nun ein, dass die Stadtverwaltung den Vorgang 
unterschätzt habe.
Der Zeitplan sei zu ehrgeizig gewesen, es gebe viel Kritik, auf die man eingehen müsse, der Widerstand sei zu 
groß, sagte Bendel. „Wir müssen uns die Zeit nehmen, um Klarheit zu schaffen.“ Man wolle die Fakten auf den 
Tisch legen, aber nichts unter ebendiesen kehren oder gar verheimlichen.
Bendel kündigte einen transparenten Entscheidungsprozess an, man nehme die Regionale Planungsgruppe 
Wiblingen und die Bürgerschaft mit. Er verwahrte sich aber gegen Vorwürfe, die Verwaltung habe etwas 
manipulieren wollen. „Man kann sich darauf verlassen, dass Fragen und Kritik ernstgenommen werden.“
Die Verwaltung räumte ein, es sei ein Versäumnis, dass die RPG und betroffene Landwirte nicht früher informiert 
wurden. Das sei dem hohen Druck und der Arbeitsbelastung geschuldet.
Die wichtigsten Fragen

Stadt räumt Versäumnisse ein; Soziales Nach reichlich Kritik prüft die Verwaltung jetzt, die Unterbringung von 
250 Flüchtlingen in Wiblingen auf mehrere Standor....
Auf all die Themen, die kritisch diskutiert werden, ging Tanja Oelmaier, Leiterin der Abteilung Liegenschaften und 
Wirtschaftsförderung, in der Sitzung ein:
Wurden Sozialverträglichkeit und soziale Lage in Wiblingen nicht bedacht? Die Verwaltung räumt ein, dass das 
Vorhaben für den Stadtteil eine „erhöhte Herausforderung“ bedeutet. Dennoch wolle man die ankommenden 
Menschen nach dem „definierten Schlüssel“ im Stadtgebiet verteilen.
Hat Wiblingen nicht bereits einen hohen Anteil von Menschen mit Migrationshintergrund? Dazu führt die Stadt aus, 
dass in der Statistik Menschen geführt werden, die gar nicht zugewandert sind, sondern teils schon in der dritten 
Generation in Deutschland leben. Dadurch entstehe ein „verzerrter Eindruck“. Und außerdem: „Das geschilderte 
Gefühl der Überfremdung und damit einhergehend das fehlende Sicherheitsgefühl kann durch Gespräche und 
Aushandlungsprozesse zu möglichen Maßnahmen wie Beleuchtung, Gestaltung öffentlicher Plätze und Aktivitäten 
für interkulturelles Miteinander verbessert werden.“
Warum wurde Wiblingen gewählt? Oelmaier erläuterte die Zahlen: Selbst wenn man die in Ortsteilen bereits 
entstehenden Unterkünfte und diese 250 weiteren Plätze einrechnet, käme der Sozialraum Wiblingen (Unterweiler 
und Gögglingen-Donaustetten gehören dazu) auf 2,11 Prozent Anteil Geflüchteter an der Bevölkerung. Das ist 
immer noch weniger als in den anderen Ulmer Sozialräumen.
Wie wurde der favorisierte Standort ausgesucht? Insgesamt seien 15 städtische Grundstücke in Wiblingen 
betrachtet, zwölf aber nicht näher untersucht worden, sagte Oelmaier. Von den drei übrigen wurde nach einer 
Prüfung von fünf Kriterien (Grundstücksgröße, Baurecht, Erschließbarkeit, aktuelle Nutzung und soziale 
Gegebenheiten) das Areal südlich des Friedhofs am besten bewertet.
Thema Wirtschaftlichkeit
Was ist mit der Wirtschaftlichkeit des Bauvorhabens? Bei Wohncontainern für 250 Menschen entstünden Kosten 
von brutto 3125 Euro pro Quadratmeter. Bei 125 Menschen seien es schon bis zu 3400, sagte Oelmaier. Holz- und 
Holzmodulbauten seien noch teuer. Gebrauchte Container seien in der Anschaffung billiger, aber kaum mehr auf 
dem Markt und zudem in der Instandhaltung teurer.
Was ist mit dem Sicherheitsgefühl vor Ort? Zur Beurteilung des Kriminalitätsgeschehens in Wiblingen habe man bei 
der Polizei aktuelle Daten angefragt und sei mit ihr in einem engen Austausch.
Wie steht es um die Versorgung mit Kita- und Schulplätzen? Die Verwaltung räumt ein, dass jetzt schon eine 
„angespannte“ Situation besteht. Unter anderem sei die Erweiterung des Schulzentrums in der Planung.
Warum werde auf die Belange der Landwirtschaft nicht eingegangen? Es sei nicht immer möglich, auf Standorte im 
Innenbereich zurückzugreifen.
Droht dem nahen, fast fertiggestellten Wohnprojekt Alte Schreinerei kein Wertverlust? Zwar könnten die 
Befürchtungen nachvollzogen werden. Aber die Entfernung zu den Wohncontainern betrage 70 Meter, zudem sei 
eine Straße dazwischen, sagte Oelmaier. Und: „Das Gebiet Am Weinberg kann als Beispiel für das funktionierende 
Nebeneinander von Flüchtlingswohnungen und Neubauten herangezogen werden.“ Dort gebe es keine 
grundsätzlichen Probleme, dort sei auch kein Wertverlust erkennbar.
Und wie geht es nun weiter? Zunächst werden noch einmal alle 15 Grundstücke geprüft. Auf Wunsch aus allen 
Fraktionen wird auch überlegt, ob eine Unterbringung an zwei oder mehr Standorten nicht besser sein könnte. 
Allerdings: Bei einer Aufsplittung in zwei Standorte würde das Vorhaben aufgrund höherer Erschließungskosten 
statt einmal neun Millionen zweimal fünf Millionen kosten – also unterm Strich eine Million mehr.
In der Diskussion kritisierte Wolfgang Stittrich (FDP) das zu kurzfristige Vorgehen der Stadtverwaltung. Die 
Wiblinger hätten nichts dagegen, die 250 Menschen aufzunehmen, aber die geplante Größe der Anlage sei nicht 
geeignet, um diese Menschen wirklich integrieren zu können.
Stadt räumt Versäumnisse ein; Soziales Nach reichlich Kritik prüft die Verwaltung jetzt, die Unterbringung von 
250 Flüchtlingen in Wiblingen auf mehrere Standor....
Günter Zloch (CDU/UfA) merkte an, nach der emotionalen Standort-Diskussion in den Ortschaften sei „das Kind 
nun zum zweiten Mal in den Brunnen gefallen.“ Diesen Fehler hätte die Verwaltung nicht machen dürfen. Aber die 
Situation sei auch eine Folge der Migrationspolitik der Bundesregierung.
Reinhard Kuntz (FWG) führte aus, dass er seit gut 40 Jahren am Wiblinger Tannenplatz lebe, und Integration 
werde dort immer schwieriger. Er sieht eine „zunehmende Ghettoisierung“ und befürchtet, wenn die 250 Menschen 
nicht besser aufgeteilt würden, werde dies noch zunehmen.
Auch die Grünen seien für eine Aufteilung an mehrere Standorte, sagte Richard Böker (Grüne). Wiblingen sei aber 
nun aber grundsätzlich an der Reihe.
Vorbild für die Gesellschaft?
Helga Malischewski (FWG) sprach sich deutlich gegen den Standort am Friedhof aus. Auch der Gemeinderat sei 
überrascht worden durch diesen „mit heißer Nadel gestrickten Vorschlag“. Vorgänge wie dieser sorgten für 
Politikverdrossenheit: „Es sind solche Dinge, die es in der Bürgerschaft zum Kochen bringen. Wir treiben unsere 
Bürger in Wiblingen in die Hände der AfD!“
Haydar Süslü (SPD) kritisierte derweil die Verschärfung und Zuspitzung der Debatte auch im Gemeinderat: „So 
sind wir kein Vorbild für die Gesellschaft.“
Bürgermeister Bendel betonte abschließend einmal mehr: „Wir werden eine Entscheidung treffen müssen.“ Jeder 
Standort habe seine Vor- und Nachteile. Es werde immer Bürger geben, die dagegen sein werden, dass in ihrer 
Nähe eine Unterkunft gebaut wird: „Es werden nie alle Juhu schreien.“
Link zum PDF-Dokument

Stadt räumt Versäumnisse ein; Soziales Nach reichlich Kritik prüft die Verwaltung jetzt, die Unterbringung von 
250 Flüchtlingen in Wiblingen auf mehrere Standor....
Link zum PDF-Dokument
Graphic
 
Auf diesem Grundstück südlich des Wiblinger Friedhofs sollen Wohn-Container für Flüchtlinge entstehen. Doch nun 
prüft die Verwaltung alternative Ideen."
2024-02,Main Corpus,2024-02(50).ZIP,Unterbringung von Flüchtlingen in Kempen verbessert sich Die Kempener Stadtverwaltung betreut aktuel.PDF,C:\PythonProjects\AfD-project\Corpora\Main Corpus\2024-02\raw_unarchive\Unterbringung von Flüchtlingen in Kempen verbessert sich Die Kempener Stadtverwaltung betreut aktuel.PDF,Unterbringung von Flüchtlingen in Kempen verbessert sich Die Kempener Stadtverwaltung betreut aktuell so,unterbringung von flüchtlingen in kempen verbessert sich die kempener stadtverwaltung betreut aktuell so,Rheinische Post,rheinische post,Montag 19. Februar 2024,Andreas Reiners,S. 25,332,2449,da5ced339b4e41685f8f9b537e6845d11fb7146f,,unique,keep,,no,,no,,,3367,no,,,,,"KEMPEN (rei) Die Situation in den Unterkünften für asylsuchende Menschen in Kempen hat sich ein wenig 
entspannt. Gleichwohl betreut die Stadtverwaltung aktuell mit 503 Flüchtlingen so viele geflohene Ausländerinnen 
und Ausländer wie nie zuvor. Wie der zuständige Beigeordnete Bennet Gielen jetzt in der Sitzung des 
Sozialausschusses mitteilte, leben derzeit (Stand: 15. Februar) 402 Asylbegehrende in Gemeinschaftsunterkünften 
und 101 Personen in Wohnungen, die die Stadt entweder selbst besitzt oder angemietet hat.
In der Gemeinschaftsunterkunft an der Peter-Jakob-Busch-Straße, einem ehemaligen Logistikgebäude einer Bank, 
habe sich die Belegung deutlich verbessert. „Wir haben hier derzeit 40 freie Plätze“, sagte Gielen. Der Grund: Die 
Stadt hatte im vergangenen Jahr zwei Mehrfamilienhäuser mit insgesamt zehn Wohnungen an der 
Eichendorffstraße gemietet. Die Wohnungen wurden hergerichtet und sind inzwischen mit asylsuchenden Familien 
belegt. Die Situation werde sich möglicherweise in den kommenden Monaten weiter entspannen, wenn der Neubau 
am Neuenweg in Tönisberg bezogen werden kann. Auch im ehemaligen Jugendamt an der Antoniusstraße 
entstehen Räume für Flüchtlinge.
Wie Gielen im Ausschuss weiter berichtete, hat die Stadt Kempen inzwischen die Quoten, nach denen das Land 
NRW asylsuchende Menschen den Kommunen zuweist, deutlich besser erfüllt. Demnach müsste die Stadt nach 
derzeitigem Stand noch 41 Ausländerinnen und Ausländer aufnehmen, die noch nicht als Flüchtlinge anerkannt 
sind. Bei den Asylsuchenden, deren Flüchtlingsstatus anerkannt ist und die ihren Wohnsitz in Kempen nehmen 
müssen, müsste Kempen noch 89 Menschen unterbringen.
Die meisten Flüchtlinge, die die Stadt Kempen betreut, stammen aus Syrien. 144 Personen sind syrischer Herkunft. 
67 Asylbewerber kommen aus Afghanistan, gefolgt von 44 Personen aus dem Irak. Einen Sonderstatus haben 

Unterbringung von Flüchtlingen in Kempen verbessert sich Die Kempener Stadtverwaltung betreut aktuell so 
viele geflohene Ausländerinnen und Ausländer wie nie zu....
Kriegsflüchtlinge aus der Ukraine. Hier betreut die Stadt Kempen derzeit 75 Personen. Die Zahl der Ukrainer, die in 
Privatquartieren im Stadtgebiet leben, ist deutlich höher. Zuletzt waren es mehr als 300 Personen.
5127417795_63a70ce5c2.IRPRODGERA_IEXWBD.jpg Norbert Prümen 402 Asylbegehrende leben derzeit in 
Gemeinschaftsunterkünften und 101 Personen in Wohnungen. foto: Prümen
Link to PDF"
2024-02,Main Corpus,2024-02(50).ZIP,Wer blockiert hier wen_ Nun streitet die Ampel auch noch über die Einführung einer Bezahlkarte für F.PDF,C:\PythonProjects\AfD-project\Corpora\Main Corpus\2024-02\raw_unarchive\Wer blockiert hier wen_ Nun streitet die Ampel auch noch über die Einführung einer Bezahlkarte für F.PDF,Wer blockiert hier wen? Nun streitet die Ampel auch noch über die Einführung einer Bezahlkarte für,wer blockiert hier wen nun streitet die ampel auch noch über die einführung einer bezahlkarte für,Die ZEIT (inklusive ZEIT Magazin),die zeit inklusive zeit magazin,22. Februar 2024,Mark Schieritz,POLITIK;Wer blockiert hier wen?; S. 4; Ausg. 9,623,4457,34dc1745a090e04b4bbf8051bf48d6f9b64bf4a5,,unique,keep,,no,,no,,,5615,no,,,,,"Das vorab: Niemand weiß, ob die Einführung einer Bezahlkarte für Flüchtlinge die große Wende in der 
Migrationspolitik bringen würde. Die Studienlage ist unklar, es gibt Argumente dafür und dagegen. Aber darum geht 
es im neuesten Ampelstreit nicht. Sondern um Politik. »Grüne torpedieren Bezahlkarte«, schrieb die Bild am 
Wochenende, und der stellvertretende FDP-Vorsitzende Wolfgang Kubicki sieht sogar die »Fortsetzung der 
Koalition« in Gefahr. Aber wer blockiert hier eigentlich wen? Und warum?
Die Bezahlkarte geht auf einen Beschluss zurück, den die Ministerpräsidenten der Länder und der Kanzler am 
6. November des vergangenen Jahres gefasst haben. Darin steht, dass Leistungen an Asylbewerber statt mit 
Bargeld wenn möglich mit einer »bundesweit einheitlichen Bezahlkarte« abgewickelt werden sollen. Die Idee: Damit 
wird es Flüchtlingen erschwert, Geld in ihre Heimatländer zu überweisen, weshalb künftig weniger Flüchtlinge nach 
Deutschland kommen. So jedenfalls - wie gesagt - die Theorie.
Die Länder haben eine Arbeitsgruppe eingerichtet, die sich mit der Umsetzung des Beschlusses befassen sollte. 
Das Bundesarbeitsministerium hat im Auftrag dieser Gruppe eine »Formulierungshilfe« verfasst. Damit soll das 
Asylbewerberleistungsgesetz angepasst werden, um für »Rechtssicherheit« zu sorgen, wie es in Länderkreisen 
heißt. Der Text wurde am 31. Januar von den Chefs der Staatskanzleien der Länder abgenickt, auch der Vertreter 
des baden-württembergischen Ministerpräsidenten Winfried Kretschmann hat zugestimmt. Eigentlich sollte der 
Bundestag die Änderungen in dieser Woche verabschieden. Aber dazu wird es nun nicht kommen.
In der Bundestagsfraktion der Grünen heißt es, man habe nichts gegen Bezahlkarten, die Rechtslage erlaube es 
bereits, staatliche Leistungen auf diese Weise auszuzahlen. Hannover beispielsweise habe schon eine Bezahlkarte 
eingeführt. Ein Bundesgesetz sei also nicht nötig, und überhaupt fühle man sich nicht ausreichend über die Details 
der geplanten Regelung informiert.
Sozialdemokraten und Liberale dagegen argumentieren, das Projekt müsse durch einen »minimalinvasiven« 
Eingriff rechtlich abgesichert werden, damit es nicht durch Klagen gekippt werde. Das sei auch der Wunsch der 
Länder, und in einigen - siehe Winfried Kretschmann - regierten die Grünen schließlich mit.

Wer blockiert hier wen? Nun streitet die Ampel auch noch über die Einführung einer Bezahlkarte für 
Flüchtlinge. Chronik einer vermeidbaren Debatte VON MARK SCHI....
Die Ampel wäre nicht die Ampel, wenn es neben dem Streit ums Prozedere nicht auch um Ideologie ginge. In 
diesem Fall: um die Auslegung der Formulierungshilfe. Sie besteht im Kern nur aus ein paar Sätzen. So soll in den 
Gesetzestext aufgenommen werden, dass auch die Leistungen für Flüchtlinge, die nicht in einer 
Gemeinschaftsunterkunft leben, mit einer Bezahlkarte abgewickelt werden können.
Bei den Grünen fürchtet man, dass solche Formulierungen sich als Einfallstor für weitergehende Einschränkungen 
erweisen könnten. Könnte womöglich festgelegt werden, dass die Karte nur in bestimmten Geschäften eingesetzt 
werden darf? Käme sie vielleicht auch bei Flüchtlingen zum Einsatz, die schon länger als 36 Monate in Deutschland 
leben und deshalb künftig höhere Zuschüsse (sogenannte Analogleistungen) erhalten? Und sei das nicht eine 
unnötige Gängelung, die die Integrationsperspektive der Menschen verschlechtere, die ohnehin nicht in ihre Heimat 
zurückkehrten?
In der SPD und der FDP sieht man das alles nicht als Problem an. Im Gegenteil: Eine Bezahlkarte erhöhe für die 
Betroffenen den Anreiz, sich eine Arbeit zu suchen. Außerdem überlasse das Gesetz die konkrete Ausgestaltung 
der Karte den Ländern. Und wer Leistungen in bar auszahlen wolle, könne auch das weiter tun.
Eine Erklärung für die unterschiedlichen Sichtweisen: Vor allem die Liberalen sind häufig mit dem Vorwurf 
konfrontiert, in der Flüchtlingsfrage nicht restriktiv genug zu sein. Den Grünen dagegen wird von ihrer Basis 
vorgehalten, Härte allein sei keine Lösung und man sei mit Blick auf Abschiebungen und Grenzschutz schon zu 
vielen Kompromissen bereit gewesen.
Die Differenzen sind in diesem Fall nicht unüberbrückbar. Man könnte das Problem wahrscheinlich durch ein 
Gespräch lösen, vielleicht auch einfach durch einen klärenden Halbsatz im Gesetz. So wird es, wie in Berlin zu 
hören ist, früher oder später auch kommen. Aber erst einmal fallen erneut alle übereinander her."
2024-02,Main Corpus,2024-02(50).ZIP,Wie Krefeld 4355 Ukrainer aufnahm Die Aufnahme der Flüchtlinge aus der Ukraine hat die Kommune Krefe.PDF,C:\PythonProjects\AfD-project\Corpora\Main Corpus\2024-02\raw_unarchive\Wie Krefeld 4355 Ukrainer aufnahm Die Aufnahme der Flüchtlinge aus der Ukraine hat die Kommune Krefe.PDF,Wie Krefeld 4355 Ukrainer aufnahm Die Aufnahme der Flüchtlinge aus der Ukraine hat die Kommune Krefeld,wie krefeld 4355 ukrainer aufnahm die aufnahme der flüchtlinge aus der ukraine hat die kommune krefeld,Rheinische Post,rheinische post,Samstag 24. Februar 2024,Jens Voss,S. 23,771,5488,1746f99e710b448c3627f3a0da8b64610fdf2b1e,,unique,keep,,no,,no,,,6822,no,,,,,"Jens Voss
Krefeld Wenn es um den Überfall Russlands auf die Ukraine geht, ist die Aufmerksamkeit zurzeit vor allem auf die 
Frage nach Waffenlieferungen konzentriert. Doch die Solidarität mit der Ukraine hat sich auch auf anderen Feldern 
in überwältigendem Maße gezeigt. Das beginnt bei einer Fülle von privat organisierten Hilfslieferungen von warmer 
Kleidung über Stromgeneratoren bis zu Medikamenten und Krankenhausausrüstung – Hilfen, die dringend nötig 
waren, weil die Russen bis heute gezielt die Energieversorgung zerstören und Wohngebiete bombardieren. Viele 
Ukrainer fanden hier zunächst privat eine Unterkunft, es gab Menschen, die Wohnungen zur Verfügung stellten. 
Eine große solidarische Leistung stellen aber auch die Anstrengungen von Bund, Land und Kommunen bei der 
Aufnahme der Ukrainer dar – bis hin zur Zahlung von Bürgergeld. Wir baten die Stadt, die Arbeit der Verwaltung 
und die Aufwendungen in der Stadt Krefeld bei der Unterbringung der Flüchtlinge sowie die Finanzierung von Bund, 
Land und Stadt zusammenzustellen.
Seit Beginn des Angriffskrieges vor zwei Jahren wurden in Krefeld 4.355 Ukrainerinnen und Ukrainer erstregistriert. 
205 Personen zogen aus anderen deutschen Städten nach Krefeld.
Im Jahr 2022 sind für Aufnahme, Unterbringung und Versorgung ukrainischer Geflüchteter Kosten von 20,8 
Millionen Euro entstanden. 19 Millionen Euro davon wurden von Bund und Land finanziert.
Für 2023 liegen wegen des noch offenen Jahresabschlusses keine endgültigen Zahlen vor. Laut Prognose liegen 
die Gesamtkosten für 2023 bei 13,1 Millionen Euro; davon sind 12,1 Millionen von Land und Bund finanziert.

Wie Krefeld 4355 Ukrainer aufnahm Die Aufnahme der Flüchtlinge aus der Ukraine hat die Kommune Krefeld 
Kraft im Einsatz der Verwaltungsmitarbeiter und Geld geko....
Im Oktober 2023 sind noch weitere Bundes- und Landesmittel in Höhe von 8,4 Millionen Euro zugeteilt worden. 
Diese sind noch nicht in der Prognose für das vergangene Jahr einberechnet. Ebenfalls nicht in der Prognose 
enthalten sind zum Beispiel die Kosten im Rahmen der Anmietung des Studentenwohnheims an der Gladbacher 
Straße zur Unterbringung von Flüchtlingen.
Mit dem starken Zuzug der ukrainischen Kriegsgeflüchteten ging eine organisatorische Herausforderung für die 
Stadt Krefeld einher. Viele Sachgebiete der Stadtverwaltung waren und sind bei der Bewältigung der Aufgaben 
rund um die Aufnahme abteilungsübergreifend eingebunden.
Alle Leistungen für ukrainische Flüchtlinge konnten im Umfeld des Hauptbahnhofs angeboten werden. Dazu 
gehörten der „Welcome-Point“ in der Eingangshalle des Hauptbahnhofs, die Servicestelle zur Antragsannahme im 
Hansa-Haus und die beiden Standorte des Fachbereichs Migration und Integration in unmittelbarer Nähe des 
Bahnhofs. Von hier aus werden seither zum Beispiel alle ausländerrechtlichen Angelegenheiten geregelt, die 
wirtschaftlichen Hilfen verteilt und die Unterbringung koordiniert. Die Erstregistrierungen, die sonst in 
Landeseinrichtungen vorgenommen wurden, musste erstmals komplett die Kommune übernehmen. Dazu hat die 
Stadt zwei sogenannte PIK-Stationen beschafft, die in Forstwald und am Hauptbahnhof zur Registrierung 
eingesetzt wurden.
Auch wenn die Ukrainer teils privat bei Freunden oder Familien unterkommen konnten, waren viele Menschen auf 
eine städtische Unterbringung angewiesen. Diese Unterbringung verteilt sich auf verschiedene Wohnformen. So 
wurden auf dem ehemaligen Sportplatz neben der Robert-Jungk-Gesamtschule am Reepenweg und im Kaiser-
Wilhelm-Park an der Westparkstraße neue Unterkünfte errichtet. Bis November 2022 schuf die provisorisch 
errichtete Unterkunft auf dem ehemaligen Kasernengelände Forstwald einige Plätze. Einen großen Anteil nahm 
auch die Anmietung von Wohnungen durch das Zentrale Gebäude-Management (ZGM) ein. Es gab viele temporäre 
Hotelanmietungen wie auch zweimal die temporäre Anmietung des Vereinsheims des SV Bayer. Zudem wurden 
Kapazitäten in städtischen Heimen genutzt.
Mit Stand Dezember 2023 gibt es in Krefeld 1.641 Ukrainer, die Bürgergeld beziehen, mit den damit 
einhergehenden Rechten und Pflichten. Diese Zahl bezieht sich auf Personen im Alter zwischen 15 und 65 Jahren. 
Hinzu kommen 296 Menschen im Alter ab 65 Jahren oder mit einer vollen Erwerbsminderung, die Sozialhilfe 
erhalten.“
Die Kosten für das Bürgergeld teilen sich Bund und Kommune auf. Die Aufwendungen für den Lebensunterhalt 
werden vom Bund getragen. Die Kosten für die Unterkunft wurden im Jahr 2023 zu 70,4 Prozent vom Bund 
übernommen, die übrigen 29,6 Prozent aus dem kommunalen Haushalt erbracht.
Zum Vergleich: 1641 Ukrainer plus 296 Ukrainer ab 65 Jahre beziehen Bürgergeld – insgesamt beziehen in Krefeld 
19.627 Bürger im Alter zwischen 15 und 65 Jahren Bürgergeld plus 5.761 Menschen im Alter ab 65 Jahren oder 
mit einer vollen Erwerbsminderung, die Sozialhilfe erhalten.
Der Überfall Russlands auf die Ukraine
Die kriegerischen Auseinandersetzungen zwischen Russland und der Ukraine begannen 2014, als die Russen die 
Krim annektieren. Seitdem kämpften pro-russische Milizen und die ukrainische Armee im ostukrainischen Donbass 
miteinander. Am 24. Februar 2022 überfiel dann Russland die Ukraine. Das Ziel: Eroberung und Einverleibung 
nach Russland.
5142699503_e704457775.IRPRODGERA_IJ7FGX.jpg Sven Schalljo Zum ersten Jahrestag des Ukraine-Krieges 
im Februar 2023 gab es eine Demonstration vor dem Rathaus, die Solidarität zum Ausdruck brachte. Archivfoto: svj 
 
Link to PDF"
2024-02,Main Corpus,2024-02(50).ZIP,Zeitenwechsel in der Migrationsdebatte.PDF,C:\PythonProjects\AfD-project\Corpora\Main Corpus\2024-02\raw_unarchive\Zeitenwechsel in der Migrationsdebatte.PDF,Zeitenwechsel in der Migrationsdebatte,zeitenwechsel in der migrationsdebatte,Berliner Zeitung,berliner zeitung,08. Februar 2024,,MEINUNG; Asylkompromiss in den USA; S. 20,646,4844,699be45fd362aeb6a4b03427f32a82e4819f3e4e,,unique,drop,commentary_noncore,no,,no,,,5928,yes,commentary_noncore,,,,"Politische Grundsatzdebatten in den USA eins zu eins auf Europa oder Deutschland zu übertragen, ist oft nicht 
möglich. Bei der Diskussion um Migrationskontrolle könnte es allerdings anders sein. Beide Kontinente, der 
amerikanische und der europäische, sind mit massiver und dem Trend nach wachsender Migration aus dem Süden 
konfrontiert. In beiden Fällen reagieren die indigenen Gesellschaften sowohl mit humanitärem Mitgefühl als auch 
mit Angst vor Überfremdung. Doch Verschiebungen der Stimmungslage sind unübersehbar.
In den vergangenen drei Jahren verzeichneten die USA jeweils deutlich über 1,5 Millionen illegale Übertritte an 
ihrer Südgrenze, 2022 waren es fast 2,5 Millionen. In Europa liegen die Zahlen niedriger, wachsen jedoch 
ebenfalls. Im Vorjahr baten rund 400.000 Zuwanderer in Deutschland um Asyl.
Am vergangenen Sonntag haben die beiden Parteien im US-Senat, Republikaner und Demokraten, einen 
Asylkompromiss vorgelegt. Das Papier war nach drei Monaten intensiver Verhandlung zustande gekommen. Wir 
erinnern uns: Im vergangenen Dezember scheiterten rund 60 Milliarden geplante US-Militär- und Finanzhilfen für 
die Ukraine an den Zwistigkeiten zum Thema Migration. Mit dem jetzt erreichten Kompromiss wenn er vom Senat 
angenommen wird gibt es auch für die Ukraine-Hilfe grünes Licht.
Das eigentlich Interessante an dem Asylkompromiss ist jedoch, was er über die migrationspolitische Debatte sagt. 
Der 400-seitige Gesetzentwurf dokumentiert nämlich einen Zeitenwechsel in der Migrationsdebatte. Maßnahmen, 
die der amerikanische Mainstream unter Präsident Barack Obama nicht mit der Kneifzange angefasst hätte, sind 
heute konsensfähig.
Dazu gehört die komplette Schließung der amerikanischen Südgrenze, wenn der Zustrom illegaler Zuwanderer 
innerhalb einer Woche einen Tagesdurchschnitt von 5000 Migranten überschreitet oder wenn an einem einzigen 
Tag mehr als 8500 Zuwanderer versuchen, ohne gültiges Visum einzureisen. Eine erneute Grenzöffnung wäre erst 
wieder möglich, wenn die Zahl der Übertritte eine Woche lang auf durchschnittlich 75 Prozent der genannten 
Schwelle sinkt. Weitere Elemente sind die Erschwerung von Asylanträgen, die beträchtliche Ausweitung von 
Haftkapazitäten sowie über 20 Milliarden US-Dollar zur Verbesserung der Grenzsicherheit.
Ziel der Maßnahmen ist unter anderem, die Hürden für jene zu erhöhen, die für den Fall der Rückkehr in ihr 
Heimatland Angst vor Verfolgung geltend machen. Die Rückkehr steht dabei im Mittelpunkt des Kompromisses, 
sowohl die erzwungene Abschiebung als auch die freiwillige Rückführung, etwa auf Staatskosten mit kommerziellen 
Fluggesellschaften. Zugleich dürfen Migranten, die eine nachweisbar begründete Furcht vor Verfolgung haben, 

Zeitenwechsel in der Migrationsdebatte
dem Kompromiss zufolge unter Aufsicht in den USA leben und arbeiten. Die Einwanderungsbehörden wären auch 
ermächtigt, in besonders harten Fällen noch vor Ort Asyl zu gewähren.
Einsprüche gegen Entscheidungen der Einwanderungsbehörde sollen nicht mehr von einem Gericht, sondern von 
einem Prüfungsausschuss entschieden werden. Dessen Vorgabe wird sein, Asylentscheidungen innerhalb von 
sechs Monaten zu treffen. Unbegleitete Kinder bis 13 Jahren besäßen das Recht auf einen staatlich finanzierten 
Anwalt. Andere von Abschiebung betroffene Zuwanderer hätten 72 Stunden Zeit, einen Anwalt zu finden.
Parallel zu den restriktiven Maßnahmen wollen die Befürworter des Kompromisses über fünf Jahre lang jährlich 
50.000 neue Aufenthaltsberechtigungen, sogenannte Green Cards, ausstellen für Familien und Einwanderer mit 
gesichertem Arbeitsplatz. Auch Kinder von Inhabern temporärer Visa erhielten demnach bei Volljährigkeit einen 
Green-Card-Anspruch. Zudem soll eine neue Visa-Kategorie ermöglichen, dass Ausländer ihre in den USA 
ansässigen Familienangehörigen besuchen.
Für den deutschen Mainstream wären die meisten dieser Maßnahmen Grenzschließungen, beschleunigte 
Abschiebeverfahren und Beschränkung des Zugangs zu Rechtsbeistand zumindest problematisch. Derartige 
Forderungen rühren an Tabus: rechtspopulistisch, rechtsradikal. Doch das war vor wenigen Jahren in den USA 
nicht anders. Mit dem anhaltenden Zustrom von Einwanderern ohne Einreiseerlaubnis, eben den sogenannten 
Illegalen, werden sich auch hierzulande Ton und Stimmung verschärfen. Die USA sind nur Vorreiter, Trendsetter.
Jenseits des Atlantiks steht eine parteiübergreifende Mehrheit hinter den gelisteten Maßnahmen. Kritik kommt vor 
allem seitens republikanischer Hardliner. Die wollen im Umgang mit illegalen Migranten noch ganz andere Saiten 
aufziehen.
Auf Deutschland übertragen: Die Willkommenskultur wird zur grünen Nostalgie. Das Thema Migration brennt auf 
den Nägeln, und wenn die demokratischen Parteien nicht liefern werden es andere tun. Dann soll niemand sagen, 
man habe nicht gewarnt."
