batch_id,corpus_name,source_archive,file_name,file_path,title_original,title_normalized,publication,publication_normalized,date,byline,section,word_count,body_char_count,body_hash_exact,duplicate_group_id,duplicate_category,keep_drop_review,drop_reason,kept_representative_of_group,representative_selection_reason,malformed_flag,malformed_reason,notes,raw_text_chars,low_value_flag,low_value_reason,exact_duplicate_group,near_duplicate_group,repeated_variant_group,body_text
2013-01,Main Corpus,2013-01(42).ZIP,"1,5 Milliarden für Syriens Flüchtlinge Fast 60 Staaten sammeln in Kuwait Geld.PDF","C:\PythonProjects\AfD-project\Corpora\Main Corpus\2013-01\raw_unarchive\1,5 Milliarden für Syriens Flüchtlinge Fast 60 Staaten sammeln in Kuwait Geld.PDF","1,5 Milliarden für Syriens Flüchtlinge Fast 60 Staaten sammeln in Kuwait Geld",15 milliarden für syriens flüchtlinge fast 60 staaten sammeln in kuwait geld,Der Tagesspiegel,der tagesspiegel,Donnerstag 31. Januar 2013,,POLITIK; S. 5; Ausg. 21588,167,1223,37aad556cc2dcaa1b066821381b597f45c4f2af3,,unique,keep,,no,,no,,,2541,no,,,,,"Istanbul/Kairo - Mit rund anderthalb Milliarden Euro will die internationale Staatengemeinschaft die verheerende 
Lage der syrischen Flüchtlinge verbessern. ""Wir haben unser Ziel übertrofffen"", sagte UN-Generalsekretär Ban Ki 
Moon zum Abschluss einer Geberkonferenz in Kuwait. Vertreter aus 59 Staaten sagten am Mittwoch zu, Mittel für 
die etwa vier Millionen Opfer des syrischen Bürgerkrieges bereitzustellen. Allein die ölreichen Länder Saudi-
Arabien, Kuwait und die Vereinigten Arabischen Emirate versprachen, jeweils rund 223 Millionen Euro zu geben. 
Deutschland stellt nach Angaben des Außenministeriums weitere zehn Millionen Euro bereit. Geplant ist, dass ein 
Drittel des Geldes den Menschen in Syrien zugutekommen soll, der Rest den inzwischen fast 700 000 Flüchtlingen 
in den Nachbarländern.
Der UN-Koordinator für humanitäre Angelegenheiten, John Ging, wies allerdings in New York darauf hin, dass 
Helfer in dem Bürgerkriegsland oft gar nicht erst zu den Hilfsbedürftigen gelangten. Die Hilfsorganisation Ärzte 
ohne Grenzen kritisierte, dass die von der Regierung kontrollierten Gebiete den Großteil der Hilfeleistungen 
erhielten. Auf die Gebiete der Opposition entfalle nur ein minimaler Anteil. dpa/KNA"
2013-01,Main Corpus,2013-01(42).ZIP,40 Prozent mehr Asylbewerber in Deutschland Die Aufhebung der Visumpflicht für Serbien und Mazedonie.PDF,C:\PythonProjects\AfD-project\Corpora\Main Corpus\2013-01\raw_unarchive\40 Prozent mehr Asylbewerber in Deutschland Die Aufhebung der Visumpflicht für Serbien und Mazedonie.PDF,40 Prozent mehr Asylbewerber in Deutschland Die Aufhebung der Visumpflicht für Serbien und Mazedonien,40 prozent mehr asylbewerber in deutschland die aufhebung der visumpflicht für serbien und mazedonien,Die Welt,die welt,Dienstag 15. Januar 2013,Manuel Bewarder,POLITIK; S. 5; Ausg. 12,710,5058,8dafdceb36b87384fec9808055b70357d430877e,,unique,keep,,no,,no,,,6427,no,,,,,"Die Zahl der Asylbewerber in Deutschland ist im vergangenen Jahr stark angestiegen. Das geht aus den Zahlen 
des Bundesinnenministeriums hervor, die der „Welt"" vorliegen. Demnach wurden 2012 beim zuständigen 
Bundesamt für Migration und Flüchtlinge 64.539 Anträge auf Asyl gestellt. Das entspricht einem Plus von rund 41 
Prozent. Insgesamt gab es 2012 fast 19.000 mehr Asylerstanträge als im Vorjahr.
Ein wichtiger Grund für die starke Zunahme im vergangenen Jahr war die Aufhebung der Visumpflicht für Serbien 
und Mazedonien. Beide Länder gehören zusammen mit Bosnien-Herzegowina, Syrien und Russland zu den 
Hauptherkunftsländern. Weiterhin kommen viele Antragsteller aus Afghanistan und dem Irak. Die Zahlen zeigen 
zudem, dass auch aus den anderen Herkunftsländern mehr Menschen Anträge gestellt haben.
Rund ein Drittel der Asylbewerber 2012 kam aus einem der Nachfolgestaaten Ex-Jugoslawiens nach Deutschland. 
Ein Hauptauslöser für den rapiden Anstieg sind laut Experten die höheren Bargeldzahlungen für Asylbewerber, die 
das Bundesverfassungsgericht im vergangenen Juli angeordnet hatte. Die Zahl der Anträge ist inzwischen wieder 
rückgängig. Bundesinnenminister Hans-Peter Friedrich (CSU) hatte im Herbst darauf hingewiesen, dass es sich bei 
den Antragstellern aus Serbien und Mazedonien vor allem um sogenannte Wirtschaftsflüchtlinge handelte. Er 
sprach sich für eine Gesetzesänderung aus, wonach Menschen aus einem sicheren Herkunftsstaat eine 
abgesenkte Barleistung erhalten sollten. CDU-Innenexperte Wolfgang Bosbach gab im Herbst an, dass die Anträge 
von Mazedoniern und Serben „zu 99 Prozent offensichtlich unbegründet sind"".
Deutliche Kritik an der Haltung der Bundesregierung kam damals zum Beispiel von den Kirchen. Die katholische 
Deutsche Bischofskonferenz und die Evangelische Kirche in Deutschland (EKD) erklärten, jeder Asylsuchende 
habe auch angesichts gestiegener Bewerberzahlen das Anrecht auf eine unvoreingenommene und gründliche 
Prüfung seines Asylantrags. Das Anschnellen der Bewerberzahlen sorgt weiterhin in vielen Regionen für einen 
Mangel an Unterkünften.

40 Prozent mehr Asylbewerber in Deutschland Die Aufhebung der Visumpflicht für Serbien und Mazedonien 
ließ die Zahlen hochschnellen. Starker Zuzug auch aus Kris....
Im Rückblick kommt das Innenministerium zu einem eindeutigen Fazit: Offenbar konnte bei keinem der 
Asylbewerber aus Serbien, Mazedonien oder Bosnien-Herzegowina eine sogenannte asylrelevante Verfolgung 
festgestellt werden.
Die Zahl der Erstanträge stieg vor allem in der zweiten Jahreshälfte an. Im Oktober beantragten fast 10.000 
Menschen in Deutschland Asyl. Im Vorjahreszeitraum waren es nur knapp über 4000. Im November 2012 hielt der 
Trend mit fast 9000 Anträgen noch an - 2011 waren es schließlich im gleichen Monat unter 5000 Bewerber. Im 
Dezember des vergangenen Jahres jedoch ging die Zahl der Bewerber deutlich auf 4880 zurück und erreichte fast 
den Wert von 2011. Die Hauptherkunftsländer waren in diesem Monat die Russische Föderation, Syrien sowie 
Afghanistan.
Das Hauptherkunftsland im gesamten vergangenen Jahr war Serbien mit 8477Antragstellern. Dies entspricht einer 
Steigerung von 85 Prozent im Vergleich zum Vorjahr. Den steilsten Anstieg verzeichneten Mazedonien mit über 
300 Prozent und Bosnien-Herzegowina mit einem Plus von rund 560 Prozent. Auch die Zahl von Antragstellern aus 
Syrien nahm stark zu und stieg um etwa 135 Prozent im Vergleich zu 2011.
Zweites Hauptherkunftsland war 2012 Afghanistan. Die Zahl der Erstanträge lag mit 7498 ungefähr so hoch wie im 
Vorjahr. In rund 40 Prozent der Fälle gab es hier eine Flüchtlingsanerkennung oder einen andersartigen Schutz.
Insgesamt 8764 Personen erhielten im vergangenen Jahr die Rechtsstellung eines Flüchtlings nach der Genfer 
Konvention. Das waren 14,2 Prozent aller Asylbewerber. Davon kam niemand aus Serbien, Mazedonien oder 
Bosnien-Herzegowina. Am höchsten war die Erfolgsquote bei Menschen, die aus dem Irak nach Deutschland 
kamen. Zudem erhielten 8376 Personen, also 13,5 Prozent, ein Abschiebeverbot, um sie zu schützen. Dazu 
gehörten 5480 Syrer. Die Anträge von 30.700 Personen wurden abgelehnt. Über 45.462 Erstanträge war Ende 
Dezember noch nicht entschieden.
Baden-Württembergs Integrationsministerin Bilkay Öney (SPD) sagte am Montag angesichts der Zahlen für ihr 
Bundesland, sie wolle im Frühjahr eine Reform des Flüchtlingsaufnahmegesetzes vorlegen. Damit soll 
Asylbewerbern unter anderem mehr Raum zum Wohnen zugesichert werden. Derzeit müssen die Behörden 4,5 
Quadratmeter pro Person bereitstellen. Im Gespräch ist eine Anhebung auf sieben Quadratmeter.
Baden-Württemberg hat im vergangenen Jahr so viele Flüchtlinge aufgenommen wie seit zehn Jahren nicht mehr, 
wie das Integrationsministerium mitteilte. Im Vergleich zu 2011 stieg die Zahl um mehr als die Hälfte (50,4 Prozent) 
auf 7913 Asylbewerber. Zuvor hatten bereits andere Bundesländer einen starken Anstieg im vergangenen Jahr 
gemeldet.
Die Zahl der Antragsteller aus Syrien stieg im Vergleich zu 2011 um 135 Prozent"
2013-01,Main Corpus,2013-01(42).ZIP,_Ich will in meiner Heimat wählen_.PDF,C:\PythonProjects\AfD-project\Corpora\Main Corpus\2013-01\raw_unarchive\_Ich will in meiner Heimat wählen_.PDF,"""Ich will in meiner Heimat wählen""",ich will in meiner heimat wählen,Rheinische Post,rheinische post,18. Januar 2013 Freitag,Von Susanne Genath,,600,3907,f6401f504217028080afb5e3724bc926416f624a,,unique,keep,,no,,no,,,4404,no,,,,,"Güler Ayranci hat nur noch den deutschen Pass. Damit gehört die gebürtige Türkin und Vorsitzende des Hildener 
Integrationsrates zu der steigenden Zahl an Zuwanderern, die sich in Deutschland einbürgern lassen. Von 
Susanne Genath Hilden Als Güler Ayranci 1973 nach Deutschland kam, war sie zwölf Jahre alt. ""Meine Mutter hat 
in der Schirmfabrik Bremshey gearbeitet, mein Vater war Türkischlehrer"", erzählt die gebürtige Türkin. 
Eigentlich hätten ihre Eltern nur ein paar Jahre in Hilden bleiben wollen, bis es ihnen finanziell besser ging. Dann 
aber blieben sie ganz. Güler Ayranci lernte ihren Mann Atilla kennen, heiratete ihn mit 19 Jahren und bekam drei 
Söhne. ""Hilden ist jetzt meine Heimat"", sagt die Vorsitzende des Integrationsrates. ""Und weil ich hier endlich auch 
wählen wollte, habe ich mich 2001 zusammen mit meinem Mann einbürgern lassen."" Ein Schritt, den sie anderen 
ebenfalls empfiehlt und den sie längst früher habe machen wollen. ""Ich hatte mir auch schon die Formulare 
besorgt, aber dann war ich so mit meinen kleinen Kindern beschäftigt, dass ich immer gesagt habe: ,Mache ich 
morgen.'"" Nun hätten sie und ihr Mann nur noch den deutschen Pass. Wobei ihr Mann zunächst dagegen gewesen 
sei. ""Seine Eltern lebten in der Türkei, und er wusste, dass es als Deutscher eines Tages schwierig sein würde, die 
Erbschaft anzutreten."" Der bürokratische Hürdenlauf in der Türkei sei dann auch in der Tat kein Zuckerschlecken 
gewesen, habe aber funktioniert. ""Ich fühle mich als Deutsche, vergesse aber meinen türkischen Hintergrund 
nicht"", erklärt die 51-jährige ausgebildete Verkäuferin. ""Ich kann beide Nationalhymnen singen."" In ihrer Wohnung 
in der Hildener Innenstadt, wo sie mit ihrem Mann den Hausmeisterservice macht, fühle sie sich sehr wohl. ""Wir 
haben eine gute Nachbarschaft"", berichtet sie. Sie helfe Senioren beim Einkaufen und gehe bei einigen Älteren, 
von denen sie weiß, dass sie nicht viel Besuch bekämen, auch mal zum Plausch vorbei. Außerdem engagiere sie 
sich im Ditib-Moscheeverein, den ihr Vater unter dem Namen ""Türkischer Arbeitnehmerverein"" mitbegründet habe. 
""Ich habe immer etwas zu tun. Ich bin keine Frau, die gerne den ganzen Tag zu Hause sitzt."" Einmal im Jahr reist 
sie für einige Wochen in die Türkei, in die Stadt Kayseri. ""Man nennt sie das Paris von Mittelanatolien"", berichtet 
Güler Ayranci lächelnd. ""Es ist die einzige Stadt in der Türkei, die keine Schulden hat."" Im Winter könne man auf 
einem mehr als 3000 Jahre alten Vulkan sogar Ski fahren. Und nach wie vor sei dort noch ein 30 Jahre alter 
Krankenwagen im Einsatz, den Hildens frühere Bürgermeisterin Ellen Wiederhold organisiert habe - und den 
Ayrancis Vater zusammen mit einem Bekannten an seinen Bestimmungsort gebracht habe. ""Sie waren mehr als 
eine Woche unterwegs"", erzählt die begeisterte Handarbeiterin. ""Heute transportiert der Wagen Kranke, Tote und 
Tiere."" Die dreifache Mutter sieht die Frau in türkischen Familien in Deutschland heute gleichgestellt mit dem 
Mann. ""80 Prozent der türkischen Mädchen wachsen genau so auf wie deutsche Mädchen"", sagt sie. In ihrer 

""Ich will in meiner Heimat wählen""
Jugend habe sie dagegen noch nicht alleine abends mit Jungen weggehen dürfen. Probleme habe sie allerdings 
kurz nach ihrer Einbürgerung bekommen. ""Ich bin 2001 nach Mekka gepilgert und trage als Hadschi seit 2002 eine 
Kopfbedeckung."" Bis dahin habe sie ihr Haar offen getragen. Das Kopftuch habe dazu geführt, dass sie an 
verschiedenen Stellen nicht mehr ernst genommen worden sei. ""Beim Arzt wurde ich plötzlich gefragt, warum ich 
ohne einen Dolmetscher käme, und bei der Bank, ob ich überhaupt meine Kontonummer wüsste."" Doch auch damit 
hat sie gelernt umzugehen. ""Ich bin eine moderne Pilgerin und fühle mich noch jung."" Als nächstes kommt eine 
weitere Aufgabe auf sie zu: Das erste Enkelkind sei angekündigt. ""Ich habe schon angefangen, dafür zu stricken."""
2013-01,Main Corpus,2013-01(42).ZIP,Amnesty International schirmt künftige Chefin ab MENSCHENRECHTE Selmin Çaliskan soll die deutsche Se.PDF,C:\PythonProjects\AfD-project\Corpora\Main Corpus\2013-01\raw_unarchive\Amnesty International schirmt künftige Chefin ab MENSCHENRECHTE Selmin Çaliskan soll die deutsche Se.PDF,Amnesty International schirmt künftige Chefin ab; MENSCHENRECHTE Selmin Çaliskan soll die deutsche,amnesty international schirmt künftige chefin ab menschenrechte selmin çaliskan soll die deutsche,"taz, die tageszeitung",taz die tageszeitung,Mittwoch 23. Januar 2013,SIMONE SCHMOLLACK,INLAND; S. 06,330,2449,52469de1c5c155c494e0c3b5123625fa9b8a746d,,unique,keep,,no,,no,,,3766,no,,,,,"BERLIN taz | Selmin Çaliskan ist abgetaucht. Am 1. März soll die Übersetzerin für Englisch, Spanisch und Türkisch 
neue Generalsekretärin von Amnesty International Deutschland (AI) werden. Aber seitdem diese Nachricht in der 
Welt ist, schottet die Menschenrechtsorganisation die 46-Jährige ab. Es gibt keine Interviews und bis auf ein paar 
biografische Daten kaum Informationen über die Tochter türkischer Einwanderer aus Düren.
Warum diese vorsichtige Informationspolitik? Wer ist die Frau, die aus dem Nichts auftauchte und die bis auf ein 
paar Eingeweihte niemand kennt?
Sie sei engagiert und eine ernste Kämpferin für Frauenrechte und gegen Diskriminierung, sagt eine, die mit ihr 
zusammengearbeitet hat. Eine andere nennt sie ehrgeizig und karrierebewusst . Von anderen hört man, Çaliskan 
sei eine wehrhafte Frau. Niemand, der jetzt über sie spricht, will namentlich genannt werden.
Diese Angaben passen zu der offiziellen Biografie, die die Menschenrechtsorganisation jetzt verschickt: In den 
vergangenen Jahren war Çaliskan demnach mehrfach in Afghanistan, Liberia und Kongo, unter anderem für die 
Frauenrechtsorganisation Medica Mondiale und für die Gesellschaft Internationale Zusammenarbeit. Sie hat in 
Brüssel für die Nichtregierungsorganisation European Women's Lobby gearbeitet und saß im deutschen 
Frauensicherheitsrat das ist jene Lobbygruppe, die sich für die Umsetzung der UN-Resolution 1325 einsetzt. 
Diese soll dafür sorgen, dass Frauen weltweit bei Friedensprozessen angemessen beteiligt sind.
Aber man hört auch anderes über die Frau mit den langen schwarzen Haaren. Es wird kolportiert, dass sich 
Çaliskan und Monika Hauser, Chefin von Medica Mondiale, nicht freundlich getrennt haben sollen. In ihrem 
Engagement soll sie mitunter zu weit gehen und nicht in jedem Fall kooperativ sein.
Die aktuelle Personalie ruft Erinnerungen an einen früheren Führungswechsel hervor, den Amnesty sicher nicht so 
leicht vergessen wird. 2011 trennte sich die Organisation nach nur zwei Jahren von der damaligen 

Amnesty International schirmt künftige Chefin ab; MENSCHENRECHTE Selmin Çaliskan soll die deutsche 
Sektion leiten. Interviews gibt sie jetzt noch nicht
Generalsekretärin Monika Lüke. Das Vertrauensverhältnis zur heutigen Berliner Integrationsbeauftragten 
bezeichnete Amnesty Deutschland als gestört . Lüke wurde kein strafrechtliches Vergehen vorgeworfen, sondern 
organisatorisches Fehlverhalten.
SIMONE SCHMOLLACK"
2013-01,Main Corpus,2013-01(42).ZIP,Arbeitskreis Asyl sucht Helfer.PDF,C:\PythonProjects\AfD-project\Corpora\Main Corpus\2013-01\raw_unarchive\Arbeitskreis Asyl sucht Helfer.PDF,Arbeitskreis Asyl sucht Helfer,arbeitskreis asyl sucht helfer,Rheinische Post,rheinische post,3. Januar 2013 Donnerstag,,,181,1314,fd87cbb00943f6c1474724e556d84d8282521ab3,,unique,keep,,no,,no,,,1791,no,,,,,"Xanten (RP) Vor einem Jahr bat der Arbeitskreis Asyl in der Rheinischen Post um Unterstützung bei der 
Integration zahlreicher Migranten, die der Stadt Xanten zugewiesen wurden. Das Echo war enorm. Es hatten sich 
elf Männer und Frauen bereiterklärt zu helfen. Im Dezember wurden der Stadt Xanten weitere vier Asylbewerber - 
aus Serbien, Bangladesch und Ghana - zugewiesen, die die deutsche Sprache nicht beherrschen. Sie warten nach 
ihrer Anhörung beim Bundesamt für Migration und Flüchtlinge, bei dem sie ihre Fluchtgründe schildern mussten, 
auf einen Bescheid, ob sie als Flüchtlinge anerkannt werden. Bis dahin leben sie in Xanten, arbeiten beim DBX, 
suchen Kontakte, wollen sich unterhalten, einkaufen, müssen Formulare ausfüllen, bei der Stadtverwaltung oder 
dem Ausländeramt in Wesel vorsprechen, müssen einen Arzt aufsuchen und vieles mehr. Dazu sind 
Grundkenntnisse der deutschen Sprache notwendig. Zum Teil haben sie englische Sprachkenntnisse. Deshalb 
sucht der Arbeitskreis Asyl drei Mitbürger aus Xanten und Umgebung, die diesen Menschen mit Hilfe geeigneter 
Deutschbücher beim Erlernen der Sprache behilflich sind. Gedacht ist an eine Doppelstunde pro Woche in der 
Asylbewerberunterkunft im Küvenkamp (Gewerbegebiet). Infos bei Flüchtlingsberaterin Heike Pullich-Stöffken unter 
02838 96186."
2013-01,Main Corpus,2013-01(42).ZIP,Asylbewerber dürfen bleiben - Stadt gewinnt Platz.PDF,C:\PythonProjects\AfD-project\Corpora\Main Corpus\2013-01\raw_unarchive\Asylbewerber dürfen bleiben - Stadt gewinnt Platz.PDF,Asylbewerber dürfen bleiben - Stadt gewinnt Platz,asylbewerber dürfen bleiben  stadt gewinnt platz,Rheinische Post,rheinische post,22. Januar 2013 Dienstag,,,166,1223,c492cf53e7f11a97bfea9e63a6ad76904d3799a1,,unique,keep,,no,,no,,,1590,no,,,,,"Aufenthaltserlaubnisse für Asylsuchende sorgen dafür, dass keine Überbelegung mehr droht. Emmerich (szf) 
Dank ungewöhnlich gehäuft erteilter Aufenthaltsgenehmigungen kommt es in Emmerich gegenwärtig nicht zu einer 
Überbelegung mit Asylbewerbern. In der nahen Zukunft werden sechs Männer, zwei Frauen und ein Kind 
Aufenthaltserlaubnisse bekommen. Danach werden sie aus den städtischen Unterkünften an der Tackenweide und 
an der Reeser Straße ausziehen. Das erklärte Sozialamtsleiter Hans Sterbenk bei der jüngsten Sitzung des 
Sozialausschusses. Er zeigte sich überrascht darüber, dass so viele Genehmigungen auf einmal anfallen: ""Keine 
Ahnung, warum das jetzt so schnell geht."" Das sei jedenfalls ""nicht üblich"". Die Genehmigungen werden vom 
Ausländeramt des Kreises Kleve erteilt. Der positive Effekt ist, dass die Stadt nun bei der Unterbringung weiterer 
Asylsuchender deutlich mehr Spielraum hat als früher. ""Ich glaube, dass wir uns zumindest im nächsten halben 
Jahr noch keine Gedanken darüber machen müssen, ob wir weiteren Wohnraum anmieten müssen"", meinte 
Sterbenk. Derzeit leben in Emmerich 47 Asylbewerber. ""Keine Ahnung, warum das so schnell geht. Das ist nicht 
üblich."" Hans Sterbenk, Sozialamtsleiter"
2013-01,Main Corpus,2013-01(42).ZIP,Ausländer verdienen weniger Zuwanderer erhalten nur etwa zwei Drittel des deutschen Lohns.PDF,C:\PythonProjects\AfD-project\Corpora\Main Corpus\2013-01\raw_unarchive\Ausländer verdienen weniger Zuwanderer erhalten nur etwa zwei Drittel des deutschen Lohns.PDF,Ausländer verdienen weniger Zuwanderer erhalten nur etwa zwei Drittel des deutschen Lohns,ausländer verdienen weniger zuwanderer erhalten nur etwa zwei drittel des deutschen lohns,Die Welt,die welt,Donnerstag 10. Januar 2013,,WIRTSCHAFT; S. 9; Ausg. 8,315,2333,f16cdfb5e6178c10a0934ec2dd4a872f4e7785bc,,unique,keep,,no,,no,,,3237,no,,,,,"Ausländer, die in der Bundesrepublik arbeiten, verdienen einer Studie zufolge deutlich schlechter als Deutsche. 
Anfangs bekommen sie im Mittel 64 Prozent des deutschen Durchschnittslohns, nach acht Jahren sind es dann 72 
Prozent, wie das Institut für Berufs- und Arbeitsmarktforschung (IAB) am Mittwoch in Nürnberg mitteilte. Neben 
mangelnden Sprachkenntnissen nennen die Forscher mehrere Gründe: Die Qualifikation aus dem Heimatland 
passe häufig nicht genau, etwa wenn dort andere Maschinen benutzt werden. Aus Unkenntnis bewürben sich 
Zugezogene öfter auch auf nicht optimal passende Stellen. Den Arbeitgebern wiederum falle es schwer, ihre 
Qualifikationen richtig einzuschätzen.
Mit zunehmender Berufserfahrung stünden den Betroffenen besser bezahlte Positionen offen, schreibt das IAB. 
Dennoch bleiben sie deutlich unter dem Durchschnittslohn von Deutschen. Mit einer Ausnahme: Gefragte 
Spezialisten aus Österreich, den Niederlanden, Großbritannien oder den USA verdienen oft von Anfang an 
überdurchschnittlich. Die Gehaltsdifferenz zwischen allen Ausländern und den Deutschen geht allerdings zum Teil 
auch darauf zurück, dass die deutsche Vergleichsgruppe in der Studie im Schnitt besser qualifiziert und sechs 
Jahre älter ist. Insgesamt stellten die BA-Forscher fest, dass die Lohnangleichung je nach Herkunftsland 
unterschiedlich ausfällt. Beschäftige aus EU-Mitgliedsstaaten wie Ungarn oder Tschechien, die zum Zeitpunkt ihres 
Eintritts in den Arbeitsmarkt schon relativ gut verdienten, gewinnen demnach in den folgenden Jahren mehr dazu 
als solche aus Ländern wie der Türkei, die niedriger bezahlt würden. Das habe aber auch statistische Gründe: 
Menschen, die anfangs bereits relativ gut verdienten, blieben eher berufstätig als andere. Diese schieden wieder 
aus oder verließen das Land.
Unterdessen wurde bekannt, dass Azubis in Deutschland 2012 besser verdient haben als im Jahr zuvor - die 
Unterschiede zwischen den Berufsgruppen sind aber nach wie vor hoch. Wie das Bonner Bundesinstitut für 
Berufsbildung (BIBB) am Mittwoch mitteilte, bekam ein Azubi 2012 vier Prozent mehr als 2011, nämlich 730 Euro 
pro Monat. Am schlechtesten verdienten Friseur-Azubis in Ostdeutschland. Sie kamen auf nur 270 Euro. Mehr als 
dreimal so viel verdienten Mechatroniker, Medientechnologen und Versicherungskaufmänner."
2013-01,Main Corpus,2013-01(42).ZIP,Charlie Chaplins große Werke.PDF,C:\PythonProjects\AfD-project\Corpora\Main Corpus\2013-01\raw_unarchive\Charlie Chaplins große Werke.PDF,Charlie Chaplins große Werke,charlie chaplins grosse werke,Rheinische Post,rheinische post,24. Januar 2013 Donnerstag,,,225,1475,36750da97e3861fee6111060bd9768985cb1945e,variant_001,regional_variant,review,,no,,no,,,1902,no,,,near_001,variant_001,"Filmabend Charlie Chaplins große Werke Im digitalen Zeitalter ist ein Stummfilmabend Anachronismus pur. Der 
Kulturring Straelen hat es im vergangenen Jahr trotzdem probiert und zeigte drei Filme von und mit Charlie Chaplin. 
Die Begeisterung des Publikums hat den Kulturring veranlasst, nun wieder einen solchen Abend zur Frühzeit der 
Kinokunst zu organisieren. Am Samstagabend werden in der Sparkasse Straelen, Am Markt 15, die Filme ""The 
Vagabond"" von 1915, ""The Immigrant"" von 1917 und ""Easy Street"", ebenfalls von 1917, gezeigt. Die Filme werden 
live von Wolfgang Zettl am Klavier begleitet. In ""The Vagabond"" spielt Chaplin einen Straßenmusikanten, der von 
einem konkurrierenden Blasorchester aus der Stadt gejagt wird. Später trifft er auf ein Mädchen, das von Zigeunern 
entführt wurde und rettet sie. ""The Immigrant"" zeigt die Geschichte eines Einwanderers in die USA, der einige 
Hürden in seiner neuen Heimat zu überwinden hat, bevor er endlich glücklich wird. In ""Easy Street"" hat die Polizei 
die Kontrolle über die Verhältnisse in der gleichnamigen Straße verloren. Chaplin in seiner Rolle als Tagelöhner 
wird schließlich als Polizist angestellt und schafft es, die Situation zu entschärfen. Alle drei Filme sind je zwischen 
19 und 24 Minuten lang. Vor und während des Films gibt es einen Getränke-Service für das Publikum. Dessen 
Erlös wird der Straelener Tafel zur Verfügung gestellt. Der Eintritt ist frei. Einlass ist ab 19.30 Uhr, Beginn um 20 
Uhr."
2013-01,Main Corpus,2013-01(42).ZIP,Charlie Chaplins Werke in Straelen.PDF,C:\PythonProjects\AfD-project\Corpora\Main Corpus\2013-01\raw_unarchive\Charlie Chaplins Werke in Straelen.PDF,Charlie Chaplins Werke in Straelen,charlie chaplins werke in straelen,Rheinische Post,rheinische post,24. Januar 2013 Donnerstag,,,226,1481,2ca0e2000d37857f47ec43308a99613f19c8ef17,variant_001,regional_variant,review,,no,,no,,,1925,no,,,near_001,variant_001,"Filmabend Charlie Chaplins Werke in Straelen Im digitalen Zeitalter ist ein Stummfilmabend Anachronismus pur. 
Der Kulturring Straelen hat es im vergangenen Jahr trotzdem probiert und zeigte drei Filme von und mit Charlie 
Chaplin. Die Begeisterung des Publikums hat den Kulturring veranlasst, nun wieder einen solchen Abend zur 
Frühzeit der Kinokunst zu organisieren. Am Samstagabend werden in der Sparkasse Straelen, Am Markt 15, die 
Filme ""The Vagabond"" von 1915, ""The Immigrant"" von 1917 und ""Easy Street"", ebenfalls von 1917, gezeigt. Die 
Filme werden live von Wolfgang Zettl am Klavier begleitet. In ""The Vagabond"" spielt Chaplin einen 
Straßenmusikanten, der von einem konkurrierenden Blasorchester aus der Stadt gejagt wird. Später trifft er auf ein 
Mädchen, das von Zigeunern entführt wurde und rettet sie. ""The Immigrant"" zeigt die Geschichte eines 
Einwanderers in die USA, der einige Hürden in seiner neuen Heimat zu überwinden hat, bevor er endlich glücklich 
wird. In ""Easy Street"" hat die Polizei die Kontrolle über die Verhältnisse in der gleichnamigen Straße verloren. 
Chaplin in seiner Rolle als Tagelöhner wird schließlich als Polizist angestellt und schafft es, die Situation zu 
entschärfen. Alle drei Filme sind je zwischen 19 und 24 Minuten lang. Vor und während des Films gibt es einen 
Getränke-Service für das Publikum. Dessen Erlös wird der Straelener Tafel zur Verfügung gestellt. Der Eintritt ist 
frei. Einlass ist ab 19.30 Uhr, Beginn um 20 Uhr."
2013-01,Main Corpus,2013-01(42).ZIP,Das Baurecht entschlacken.PDF,C:\PythonProjects\AfD-project\Corpora\Main Corpus\2013-01\raw_unarchive\Das Baurecht entschlacken.PDF,Das Baurecht entschlacken,das baurecht entschlacken,Welt am Sonntag,welt am sonntag,13. Januar 2013,Norbert Schwaldt,IMMOBILIEN; Hausrat; Ausg. 2,133,945,c4bbb3cda7a843f5954f07a8b020641d285bd2b5,,unique,keep,,no,,no,,,1462,no,,,,,"In Deutschland werden wieder mehr Wohnungen gebaut. Das Baugewerbe berichtet über einen Anstieg von 3,5 
Prozent auf 230.000 Einheiten in diesem Jahr. Das ist aber aber nicht mal der Stand von vor zehn Jahren mit 
268.000 Wohnungen. Um den Mangel durch Zuwanderung in Ballungszentren und steigende Haushaltszahlen zu 
mildern, müsste weit mehr gebaut werden. Da ist es wohlfeil, nach mehr Staat zu rufen. Mit hohen Mieten und 
fehlenden Wohnungen ist es leicht, im aufziehenden Wahlkampf mit der Schützenhilfe der Immobilienverbände zu 
punkten. Die Förderung des sozialen Wohnungsbaus ist ein ernstes Thema, das die Politik sträflich vernachlässigt 
hat. Fördermillionen sind in der Branche allerdings schnell bei den falschen Adressen verpulvert. Bund, Länder und 
Kommunen könnten aber Baurecht und Bauordnungen entschlacken, Genehmigungszeiten verkürzen, Gebühren 
senken, energetische Auflagen mildern oder Grundstücke preiswert überlassen."
2013-01,Main Corpus,2013-01(42).ZIP,Deutschland Einwanderungsland Nr. 2 Migrationsbericht_ Polizei griff zudem 19 Prozent mehr illegal E.PDF,C:\PythonProjects\AfD-project\Corpora\Main Corpus\2013-01\raw_unarchive\Deutschland Einwanderungsland Nr. 2 Migrationsbericht_ Polizei griff zudem 19 Prozent mehr illegal E.PDF,Deutschland Einwanderungsland Nr. 2 Migrationsbericht: Polizei griff zudem 19 Prozent mehr illegal,deutschland einwanderungsland nr 2 migrationsbericht polizei griff zudem 19 prozent mehr illegal,Der Tagesspiegel,der tagesspiegel,Donnerstag 31. Januar 2013,,POLITIK; S. 4; Ausg. 21588,314,2114,ffe44ede7d0456ea5744262fb4c340b958a7f772,,unique,keep,,no,,no,,,3198,no,,,,,"Berlin - Die Zahl der von der Polizei aufgegriffenen Menschen, die unerlaubt nach Deutschland einzureisen 
versuchen, hat sich 2011 und 2012 drastisch erhöht. 21 156 Ausländer aus Nicht-EU-Ländern wurden 2011 beim 
illegalen Grenzübertritt erwischt, heißt es im Migrationsbericht der Bundesregierung. Im Vergleich zum Vorjahr ist 
das ein Anstieg um 18,6 Prozent. In den ersten drei Quartalen 2012 erhöhte sich diese Zahl nochmals um 19,4 
Prozent, wie eine Anfrage der Linken im Bundestag ergab. Europol meldete am Mittwoch die Verhaftung von 103 
mutmaßlichen Menschenschmugglern in mehreren europäischen Ländern.
Nach Großbritannien ist Deutschland europaweit das beliebtes te Einwanderungsland. Während 680 000 fortzogen, 
kamen 2011 958 000 Menschen neu ins Land. Das waren 20 Prozent mehr als 2010 . Mehr als 62 Prozent der 
Einwanderer kamen aus der EU, rund 12,2 Prozent davon waren zurückkehrende Deutsche. Die mit Abstand 
meisten Zuwanderer stellte Polen, gefolgt von Rumänien und Bulgarien. Deutlich zugenommen haben Zuzüge aus 
den besonders von der Krise betroffenen EU-Ländern. Aus Griechenland kamen 84 Prozent mehr Einwanderer, 
aus Spanien 31 Prozent mehr.
Unter den Nicht-EU-Bürgern erfolgte jeder fünfte Zuzug aus familiären Gründen. Knapp ein weiteres Fünftel kam zu 
Studien- oder Ausbildungszwecken. 14 Prozent der Zuzüge dienten der Aufnahme einer Erwerbstätigkeit. 
Insgesamt wurde in 36 000 Fällen eine Aufenthaltserlaubnis zur Ausübung einer Beschäftigung erteilt - das ist im 
Vergleich zu 2010 ein Anstieg um 27,4 Prozent. Die Zahl der jüdischen Zuwanderer aus der ehemaligen 
Sowjetunion fiel erstmals knapp unter die Tausendermarke.
Die größte Gruppe ausländischer Staatsangehöriger bilden hierzulande nach wie vor die rund 1,6 Millionen Türken. 
Ihr Anteil an allen in Deutschland lebenden Ausländern lag bei 23,2 Prozent. Etwa genauso viele der 
Zugewanderten - 1,65 Millionen - kommen aus einem mittel- und westeuropäischen EU-Land. Die meisten davon 
sind Italiener (rund 500 000). Die Zahl der Migranten aus osteuropäischen EU-Staaten stieg von 820 000 auf 951 
000. raw/AFP/deh"
2013-01,Main Corpus,2013-01(42).ZIP,Deutschland Kompakt I Innenministerkonferenz_ Schünemann will Haftstrafe für Angriffe auf Polizisten.PDF,C:\PythonProjects\AfD-project\Corpora\Main Corpus\2013-01\raw_unarchive\Deutschland Kompakt I Innenministerkonferenz_ Schünemann will Haftstrafe für Angriffe auf Polizisten.PDF,Deutschland Kompakt I; Innenministerkonferenz: Schünemann will Haftstrafe für Angriffe auf Polizisten ++,deutschland kompakt i innenministerkonferenz schünemann will haftstrafe für angriffe auf polizisten,Die Welt,die welt,Mittwoch 9. Januar 2013,,POLITIK; Kompakt; S. 4; Ausg. 7,520,3924,bb1fa363cd85fd7f32fb168d2453e7c7ab133671,,unique,keep,,no,,no,,,6069,no,,,,,"Innenministerkonferenz
Schünemann will Haftstrafe für Angriffe auf Polizisten
Niedersachsen hat von Mecklenburg-Vorpommern offiziell den Vorsitz der Innenministerkonferenz (IMK) für das 
Jahr 2013 übernommen. Landesinnenminister Uwe Schünemann (CDU) kündigte an, die Entwicklung einer 
nationalen Anti-Terror-Strategie, wie sie bereits in anderen europäischen Ländern existiert, anzustoßen. Noch vor 
der Innenministerkonferenz in Frühjahr soll es dazu einen Sicherheitsgipfel in Hannover geben. Zudem will er einen 
eigenen Strafrechtsparagrafen für Angriffe auf Polizisten, Rettungskräfte und Feuerwehrleute schaffen. Dieser soll 
eine Haftstrafe von bis zu fünf Jahren ermöglichen. „Angriffe auf Polizisten sind Angriffe auf das Herz unseres 
demokratischen Gemeinwesens"", sagte Schünemann der „Bild""-Zeitung. Der Staat könne nur mit einer „Null-
Toleranz-Strategie"" antworten.
Psychiatrie-Affäre
Anwalt kündigt Vorstoß auf Wiederaufnahmeverfahren an
Der Anwalt des womöglich zu Unrecht seit 2006 in der Psychiatrie untergebrachten Gustl Mollath will bis Anfang 
Februar einen Antrag auf ein Wiederaufnahmeverfahren stellen. Er werde bis Ende Januar abwarten, zu welchem 
Ergebnis die Staatsanwaltschaft Regensburg gekommen sei und dann gegebenenfalls bei der zuständigen 
Strafkammer einen eigenen Antrag einreichen, sagte Gerhard Strate. Der Hamburger Anwalt bestätigte damit einen 
Bericht im „Münchner Merkur"". Darin heißt es weiter, er halte seinen Mandanten für einen „geradlinigen Charakter"" 
und für nicht verrückt. Der heute 56-jährige Kaufmann Mollath hatte Schwarzgeld-Geschäfte bei der 
Hypovereinsbank angeprangert, in die seine Ehefrau verwickelt gewesen sein soll. Das Gericht hatte diese 

Deutschland Kompakt I; Innenministerkonferenz: Schünemann will Haftstrafe für Angriffe auf Polizisten ++ 
Psychiatrie-Affäre: Anwalt kündigt Vorstoß auf Wiederau....
Vorwürfe als paranoide Hirngespinste abgetan, inzwischen stellten sie sich aber als wahr heraus. Die 
Staatsanwaltschaft befragt derzeit Personen und studiert Akten, rechnet aber im Januar nicht mit neuen 
Erkenntnissen.
Syrien-Flüchtlinge
Räte fordern organisiertes Aufnahmeprogramm
Angesichts der anhaltenden Gewalt in Syrien haben die Flüchtlingsräte in Niedersachsen und Schleswig-Holstein 
ein Aufnahmeprogramm für Flüchtlinge verlangt. Obwohl der Bürgerkrieg weiter eskaliere und ein Ende der Gewalt 
nicht absehbar sei, verweigerten die Bundesregierung und andere Staaten der EU einen solchen Schritt für diese 
Menschen, beklagten die Flüchtlingsräte. Nicht einmal bei der Erteilung von Visa gebe es Zugeständnisse, auch 
wenn Familienangehörige in Deutschland die Übernahme aller Kosten zusicherten. Die Politik dürfe sich nicht 
weiter vor der Not verschließen und müsse eine organisierte Rettung starten.
Gewerkschaft
3000
neue Mitglieder verzeichnete die Bildungsgewerkschaft GEW im vergangenen Jahr. Dies entspreche einem Plus 
von 1,3 Prozent, wie ein Sprecher in Berlin mitteilte. In den vergangenen fünf Jahren habe die Zahl der Mitglieder 
aus pädagogischen und wissenschaftlichen Berufen damit um knapp 20.000 auf gut 266.500 zugenommen.
Sachsen-Anhalt
FDP-Vorsitzender Wolpert schmeißt hin
Der Landeschef der FDP in Sachsen-Anhalt, Veit Wolpert, ist von seinem Amt zurückgetreten. Er ziehe damit nach 
seiner Niederlage als Spitzenkandidat für die Bundestagswahl die Konsequenzen, sagte ein Sprecher der Fraktion 
in Magdeburg. Auch an dem für Freitag geplanten traditionellen Neujahrsempfang des Landesverbandes, zu dem 
Außenminister Guido Westerwelle (FDP) erwartet wird, wird Wolpert nicht teilnehmen. Der 52-Jähriger hatte am 
8.Dezember die Kampfkandidatur für die Bundestagswahl gegen die frühere Landeschefin Cornelia Pieper 
verloren. Pieper hatte zuvor 16 Jahre an der Spitze des Landesverbandes gestanden und sich nach der Niederlage 
der Liberalen nach der Landtagswahl 2011 (3,8 Prozent) nicht mehr aufstellen lassen."
2013-01,Main Corpus,2013-01(42).ZIP,Deutschland Kompakt I Migration_ Immer mehr Einwanderer - auch illegale ++ Energiewende_ Saarlands W.PDF,C:\PythonProjects\AfD-project\Corpora\Main Corpus\2013-01\raw_unarchive\Deutschland Kompakt I Migration_ Immer mehr Einwanderer - auch illegale ++ Energiewende_ Saarlands W.PDF,Deutschland Kompakt I; Migration: Immer mehr Einwanderer - auch illegale ++ Energiewende: Saarlands,deutschland kompakt i migration immer mehr einwanderer  auch illegale  energiewende saarlands,Die Welt,die welt,Donnerstag 31. Januar 2013,,POLITIK; Kompakt; S. 4; Ausg. 26,519,3943,b86030fb7694c43c79c6c3bc64dedf73914d9305,,unique,keep,,no,,no,,,6218,no,,,,,"Migration
Immer mehr Einwanderer - auch illegale
Im Jahr 2010 hat es fast eine Million Zuwanderer nach Deutschland gezogen, 20 Prozent mehr als im Jahr davor. 
„Deutschland ist heute ein Einwanderungsland. Und das ist gut so. Denn wir brauchen Fachkräfte"", sagte 
Staatsministerin Maria Böhmer zur Verabschiedung des Migrationsberichts 2011. 62 Prozent aller Zuwanderer 
kamen aus einem anderen EU-Land, das Gros aus Polen, Rumänien und Bulgarien. Gestiegen sind auch die 
Zuzüge aus den Krisenländern Griechenland (plus 84 Prozent) und Spanien (31 Prozent), viele von ihnen sind laut 
Böhmer gut ausgebildet. Deutlich zugenommen hat ebenso die Zahl der illegalen Einreiseversuche - um 18,6 
Prozent. Rund 21.000 illegal eingereiste Personen wurden registriert und 3400 beim Versuch der illegalen Einreise 
zurückgewiesen.
Energiewende
Saarlands Wirtschaftsminister attackiert Altmaier
Der saarländische Wirtschafts- und Energieminister Heiko Maas (SPD) hat die Pläne von Bundesumweltminister 
Peter Altmaier (CDU) zur Reform des Erneuerbare-Energien-Gesetzes kritisiert. Maas schlug im Gegenzug vor, die 
Verbraucher durch eine Senkung der Umsatzsteuer auf einen Grundverbrauch an Strom zu entlasten. „Die EEG-
Pläne von Altmaier wirken eher wie eine Schnellschussreaktion und nicht wie ein durchdachtes Konzept. Er 
gefährde am Ende auch Arbeitsplätze in der saarländischen Stahl- und Energiewirtschaft"", sagte Maas der „Welt"". 
Gefragt sei eine „Energiewende, die sicher, nachhaltig und bezahlbar ist"". Mit einem verminderten 
Umsatzsteuersatz auf Strom für Privathaushalte könnte eine erste Dämpfung des EEG-Kostenanstiegs viel 

Deutschland Kompakt I; Migration: Immer mehr Einwanderer - auch illegale ++ Energiewende: Saarlands 
Wirtschaftsminister attackiert Altmaier ++ Verbraucherschutz....
wirksamer erreicht werden. Pro Person und Jahr soll dabei nach den Plänen von Maas eine pauschale 
Verbrauchsmenge von 500 Kilowattstunden nur noch mit sieben statt mit 19 Prozent besteuert werden. Maas 
beklagte, die Energieeinsparung sei für Altmaier offenbar kein wichtiges Thema mehr.
Verbraucherschutz
Ministerin bestätigt Einigung auf neues Gesetzpaket
Verbraucher sollen besser vor unseriösen Geschäftspraktiken im Internet und am Telefon geschützt werden. 
Justizministerin Sabine Leutheusser-Schnarrenberger (FDP) bestätigte, dass sich die Koalition auf ein 
Regelungspaket geeinigt habe. Es soll wohl am 6. Februar im Kabinett beschlossen und noch in dieser 
Legislaturperiode verabschiedet werden. Damit solle verhindert werden, dass schon bei geringen Verstößen hohe 
Abmahnkosten entstünden. Es bleibe aber möglich, gegen verbotenes Herunterladen von Daten vorzugehen.
Syrien-Hilfe
Universität Rostock unterstützt ihre Studenten
Die Universität Rostock will den Erlös ihres diesjährigen Benefizkonzertes am Sonntag den in Rostock lebenden 
syrischen Studenten zugutekommen lassen. In Rostock lernen derzeit rund 15.000 Studenten. Davon kommen 50 
aus dem arabischen Bürgerkriegsland Syrien. Die Syrier benötigten finanzielle Unterstützung unter anderem für die 
Bezahlung von Miete und Lebensunterhalt.
Bildung
Reine Jungenschulen sind in Deutschland zulässig
Gegen die Errichtung eines reinen Jungengymnasiums als Ersatzschule hat das Bundesverwaltungsgericht in 
Leipzig keine Einwände. Solange sichergestellt ist, dass die Gleichberechtigung von Mann und Frau als Wert 
vermittelt wird, sei die Gründung durch die Privatschulfreiheit gedeckt, entschied das Gericht. Damit ist der Weg frei 
ein Jungengymnasium in Potsdam, das der katholischen Laienorganisation Opus Dei nahesteht. Die Stadt und das 
Land Brandenburg hatten das Vorhaben abgelehnt. Gleichberechtigung müsse auch gelebt werden. Dem Träger 
geht es nach eigener Aussage um Vielfalt in der Bildungslandschaft und die benachteiligten Jungen. 60 Prozent der 
Abiturienten seinen weiblich, 80 Prozent der Sitzenbleiber männlich. Auf Jungen werde zu wenig eingegangen."
2013-01,Main Corpus,2013-01(42).ZIP,Deutschland_Ausland Kompakt Embryonen-Auswahl_ All-Parteien-Protest gegen PID-Verordnung ++ Studieng.PDF,C:\PythonProjects\AfD-project\Corpora\Main Corpus\2013-01\raw_unarchive\Deutschland_Ausland Kompakt Embryonen-Auswahl_ All-Parteien-Protest gegen PID-Verordnung ++ Studieng.PDF,Deutschland/Ausland Kompakt; Embryonen-Auswahl: All-Parteien-Protest gegen PID-Verordnung ++,deutschlandausland kompakt embryonenauswahl allparteienprotest gegen pidverordnung,Die Welt,die welt,Freitag 18. Januar 2013,Matthias Kamann,POLITIK; Kompakt; S. 5; Ausg. 15,649,4879,f35136b8b54bc3b750e5469af29ed736e74ed23a,,unique,keep,,no,,no,,,6677,no,,,,,"Embryonen-Auswahl
All-Parteien-Protest gegen PID-Verordnung
Bundestagsabgeordnete aller Fraktionen fordern strengere Durchführungsregeln für die Auswahl von Embryonen 
bei der Präimplantationsdiagnostik (PID). In einem Schreiben, das der „Welt"" vorliegt, verlangen sieben 
Parlamentarier aus beiden Regierungs- und allen Oppositionsparteien, dass die von Bundesgesundheitsminister 
Daniel Bahr (FDP) verfasste Durchführungsverordnung für die vom Bundestag in engen Grenzen erlaubte 
Embryonen-Auswahl gründlich überarbeitet wird. Die Parlamentarier fordern, dass die Zahl der PID-Zentren 
begrenzt wird, die Ethikkommissionen bei der Einzelfallprüfung größeren Entscheidungsspielraum erhalten und die 
Praxis stärker überwacht wird. Verfasst haben das Schreiben Johannes Singhammer (CSU), Günter Krings (CDU), 
Pascal Kober (FDP), Kathrin Vogler (Linke), Ex-Bundesgesundheitsministerin Ulla Schmidt (SPD) sowie Harald 
Terpe und Birgitt Bender (Grüne). Kober mahnte in der „Welt"" seinen Parteifreund Daniel Bahr: „Der derzeitige 
Entwurf der PID-Verordnung muss dringend nachgebessert werden.""
Studiengebühren
940
Tausend Unterschriften müssen die Gegner der Studiengebühren in Bayern binnen zwei Wochen sammeln - dann 
kommt es im Laufe des Jahres zu einem Volksentscheid. Das Volksbegehren startete am Donnerstag. 
Ministerpräsident Horst Seehofer (CSU) will „Schritt für Schritt"" entscheiden, wie es weitergeht. Zunächst werde 

Deutschland/Ausland Kompakt; Embryonen-Auswahl: All-Parteien-Protest gegen PID-Verordnung ++ 
Studiengebühren: 940 ++ DDR-Regime: Gysi und Stolpe sollen Abschieb....
man das Ergebnis abwarten, dann werde man sich in der Koalition zusammensetzen, sagte Seehofer zum 
Abschluss der CSU-Fraktionsklausur in Wildbad Kreuth.
DDR-Regime
Gysi und Stolpe sollen Abschiebung erklären
Mehrere frühere DDR-Bürgerrechtler haben an Linksfraktionschef Gregor Gysi und den SPD-Politiker Manfred 
Stolpe appelliert, ihr Schweigen über die Liebknecht-Luxemburg-Demonstration 1988 in Ost-Berlin zu brechen. 
Anlass ist der 25. Jahrestag des Ereignisses am 17. Januar, wie die Robert-Havemann-Gesellschaft mitteilte. 
Damals demonstrierten Oppositionelle während des staatlichen Rituals, wobei Aktivisten wie Bärbel Bohley 
festgenommen und später abgeschoben wurden. Die Bürgerrechtler vermuten, der Rechtsanwalt Gysi und der 
damalige Konsistorialpräsident der Evangelischen Kirche Berlin-Brandenburg, Stolpe, könnten an der Abschiebung 
mitgewirkt haben.
Indien
Beschleunigtes Verfahren wegen Vergewaltigung
Der Fall der fünf mutmaßlichen Gruppen-Vergewaltiger einer jungen Inderin ist an ein anderes Gericht verlegt 
worden. Zuständig sei nun ein höherrangiger Gerichtshof, wodurch der Fall beschleunigt werde, sagte am 
Donnerstag der Verteidiger eines Angeklagten nach einer Anhörung zu der Gewalttat vom 16. Dezember vor dem 
bisher zuständigen Bezirksgericht in Neu Delhi. Der erste Termin an dem neuen Gericht sei für kommenden 
Montag angesetzt, sagte der Anwalt von Sadashiv Gupta. Ein weiterer Anwalt berichtete indes, dass sein Mandant 
bei der Anhörung vor Gericht nicht einmal aufstehen konnte, weil er zuvor zusammengeschlagen worden sei. Den 
fünf Angeklagten wird vorgeworfen, am 16. Dezember in der indischen Hauptstadt eine 23-jährige Studentin in 
einem Bus vergewaltigt und schwer misshandelt zu haben. Die Frau starb an den Folgen. Die Angeklagten sind 
zwischen 19 und 35 Jahre alt. Über einen sechsten minderjährigen Verdächtigen soll ein Jugendgericht urteilen.
Niederlande
Russischer Oppositioneller begeht Suizid
Der russische Oppositionelle Alexander Dolmatow hat nach einem Bericht des Online-Portals „Gaseta.ru"" in den 
Niederlanden Suizid begangen. Er habe sich in der Abschiebehaft das Leben genommen, berichtete das Online-
Portal unter Berufung auf russische Bürgerrechtler. Zuvor sei sein Antrag auf politisches Asyl in den Niederlanden 
abgelehnt worden. Dolmatow gehörte der Oppositionsbewegung „Anderes Russland"" an. Er hatte Russland nach 
einer Protestkundgebung in Moskau im Mai vergangenen Jahres aus Angst vor Repressionen verlassen. Nach 
Ausschreitungen bei den Protesten war seine Wohnung durchsucht worden.
Libyen
Gaddafi-Sohn steht erstmals vor Gericht
Der Sohn des getöteten libyschen Machthabers Muammar al-Gaddafi, Seif al-Islam, ist erstmals vor einem 
libyschen Gericht erschienen. Ihm wird vorgeworfen, durch den versuchten Austausch von Informationen und 
Dokumenten die nationale Sicherheit gefährdet zu haben. Der Vorwurf bezieht sich auf ein Treffen Seif al-Islams 
mit einer Delegation des Internationalen Strafgerichtshofs, die ihn im Juni in Haft besucht hatte. Der Gerichtshof in 
Den Haag will Seif al-Islam und dem früheren Geheimdienstchef Abdallah al-Senussi selbst den Prozess wegen 
Verbrechen gegen die Menschlichkeit machen. Er fürchtet, dass die beiden in Libyen kein faires Verfahren erhalten."
2013-01,Main Corpus,2013-01(42).ZIP,Experten kümmern sich um Integration.PDF,C:\PythonProjects\AfD-project\Corpora\Main Corpus\2013-01\raw_unarchive\Experten kümmern sich um Integration.PDF,Experten kümmern sich um Integration,experten kümmern sich um integration,Rheinische Post,rheinische post,3. Januar 2013 Donnerstag,Von anneli Goebels,,585,4207,af3e3f4584825484f0010515f441e61db6adbf99,,unique,keep,,no,,no,,,5003,no,,,,,"In diesem Jahr wird aus der Regionalen Arbeitsstelle zur Förderung von Kindern und Jugendlichen aus 
Zuwandererfamilien (RAA) ein Kommunales Integrationszentrum (KIZ). Leiterin ist Seyhan Schminke. Von anneli 
Goebels Rhein-Kreis Der Name der Arbeitsstelle ist nicht gerade griffig, die Abkürzung schon, doch beides gehört 
bald der Vergangenheit an, wenn im Laufe diesen Jahres aus der ""Regionalen Arbeitsstelle zur Förderung von 
Kindern und Jugendlichen aus Zuwandererfamilien"" (RAA) kurz das ""Kommunale Integrationszentrum"", noch kürzer 
das ""KIZ"" wird. Die ersten RAA, getragen vom Ministerium für Arbeit, Integration und Soziales, dem Ministerium für 
Schule und Weiterbildung und den jeweiligen Kommunen oder Kreisen, wurden bereits 1980 eingerichtet. Heute 
gibt es landesweit 27, seit Dezember 2011 auch eine im Rhein-Kreis. 
Die nahm zunächst mit zwei sozialpädagogischen Teilzeitkräften ihre Arbeit auf. Seit August 2012 ist zumindest 
eine der beiden vorgesehenen Lehrerstellen besetzt - mit Seyhan Schminke, die seitdem die Einrichtung leitet. 
""Ziel ist, die Bildungs- und Ausbildungschancen von Kindern und Jugendlichen mit Zuwanderungsgeschichte zu 
verbessern und dafür zu sorgen, dass sie gleichberechtigt an allen gesellschaftlichen Bereichen teilhaben können"", 
erklärt Seyhan Schminke. Die 38-jährige gebürtige Türkin weiß, wovon sie spricht. Mit 16 Jahren kam sie nach 
Deutschland, ohne die Sprache zu können, und besuchte zunächst eine Hauptschule in Duisburg. Danach 
wechselte sie auf ein Gymnasium, machte ihr Abitur und studierte in Essen Deutsch, Türkisch und Sozialpädagogik 
auf Lehramt. Bis 2009 unterrichtete Seyhan Schminke an einer Gesamtschule mit einem Migrantenanteil von 90 
Prozent. Dann wechselte sie ins Schulministerium, war dort als pädagogische Mitarbeiterin zuständig für den 
Bereich Integration. Nach zwei Jahren wurde die Stelle im Schulministerium reduziert, da dringend eine Lehrkraft 
für einen Oberstufenkursus Türkisch am Düsseldorfers Goethe-Gymnasiums gesucht wurde. Schminke übernahm 
ihn. Türkisch-Unterricht gibt die Oberstudienrätin auch weiterhin, weshalb sie bei der RAA vorerst nur eine 25-
Stunden-Stelle hat. ""Allerdings soll uns bald eine weitere Lehrkraft unterstützen"", sagt sie. Die Projekte und 
Angebote der RAA setzen bei der Elementarerziehung ein, gehen weiter zur schulischen Bildung und umfassen 
schließlich den Übergang von Schule und Beruf. ""Wir fangen hier natürlich nicht bei Null an, sondern sind 
angewiesen auf Netzwerke, die im Rhein-Kreis bereits bestehen"", erklärt Schminke. Einen Großteil der Aufgaben 
nehmen die Beratungen der Seiteneinsteiger ein. So wurden von Juli bis Ende Oktober 2012 82 Kinder und 
Jugendliche nach ihrer Einreise in den Rhein-Kreis von Mitarbeitern der RAA beraten und für entsprechende 
Schulformen vorgeschlagen. ""Die Förderung der Seiteneinsteiger müssen wir noch stärker forcieren"", sagt Seyhan 
Schminke. Entsprechende Angebote, wie es sie zur Zeit nur für Gymnasiasten am Neusser Quirinus-Gymnasium 

Experten kümmern sich um Integration
gibt, müsse es auch für die Real- und Gesamtschulen geben. Für den ""Baustein"" Übergang von Schule und Beruf 
hat die RAA im November des vergangenen Jahres das Projekt ""komm auf Tour - meine Stärken, meine Zukunft"" 
organisiert. Ein Projekt, das bei der Berufsorientierung helfen soll und an dem 540 Schüler teilnahmen. Die 
Arbeitsstelle berät aber nicht nur nur einzelne Personen oder Familien, sondern auch Dienststellen des Rhein-
Kreises und der Kommunen sowie Weiterbildungseinrichtungen, wenn es um Fragen der Integration geht. Im 
vergangenen Jahr war die RAA in den beiden Arbeitskreisen ""Integration"" und ""Runder Tisch Nordstadt"" vertreten. 
""Unser Ziel ist es, in allen wichtigen Arbeitskreisen, Gremien und Ausschüssen zu sitzen, um so die Vernetzung in 
der Integrationsarbeit weiter voranzutreiben"", erklärt Seyhan Schminke. Sie weiß, dass noch sehr viel Arbeit vor ihr 
und ihren Kollegen liegt. "" Förderung der Seiten- einsteiger noch stärker forcieren"" Seyhan Schminke Leiterin 
RAA Seyhan Schminke leitet seit August 2012 die Regionale Arbeitsstelle zur Förderung von Kindern und 
Jugendlichen aus Zuwandererfamilien. NGZ-Foto: woi"
2013-01,Main Corpus,2013-01(42).ZIP,Feind im eigenen Land HELFER Drei Jahre arbeitet Rahim Nagibulla für die Bundeswehr. Er bekommt Asyl.PDF,C:\PythonProjects\AfD-project\Corpora\Main Corpus\2013-01\raw_unarchive\Feind im eigenen Land HELFER Drei Jahre arbeitet Rahim Nagibulla für die Bundeswehr. Er bekommt Asyl.PDF,Feind im eigenen Land; HELFER Drei Jahre arbeitet Rahim Nagibulla für die Bundeswehr. Er bekommt Asyl.,feind im eigenen land helfer drei jahre arbeitet rahim nagibulla für die bundeswehr er bekommt asyl,"taz, die tageszeitung",taz die tageszeitung,Donnerstag 31. Januar 2013,Julia Amberger,THEMEN DES TAGES; S. 05,1528,9943,53cb12a9ee7b3c82b88091b5e0b9b2aca06ad8dc,,unique,keep,,no,,no,,,11264,no,,,,,"AUS BERLIN JULIA AMBERGER
Wenn er über den Krieg spricht, zeigt sein Gesicht keine Regung. Rahim Nagibulla fährt dann in Erinnerung im 
Panzer mit dem Geheimdienst auf Patrouille. Er pfercht sich hinein, die Prothese, die seinen linken Unterschenkel 
ersetzt, drückt auf den Oberschenkel. Und draußen auf den Dörfern ist sie wieder da, die Angst. Denn die 
Afghanen, die zur Nato übergelaufen sind, als Ortskräfte die Truppen unterstützen, sind im Visier der 
Aufständischen. Sie werden als Verräter beschimpft. Nagibulla zeigt auf seine Beine: Ich wusste, wenn etwas 
passiert, dann bin ich als Erster dran .
Der 26-jährige Paschtune wohnt in Berlin-Hennigsdorf. Er sitzt aufrecht auf seinem Sofa, die Hände in den Schoß 
gelegt. Nagibulla ist ein energischer Mann, nicht groß, aber muskulös, sein Blick ist eindringlich. Drei Jahre 
arbeitete er als Ortskraft für die Bundeswehr: Zunächst beim Geheimdienst, dann für die Ärzte im Camp Marmal in 
Masar-i-Scharif.
Die Bundeswehr war für ihn Chance und Rettung zugleich: 2008 dann, als sich sein Bein mal wieder entzündet, hilft 
ihm ein Arzt, den Flug nach Deutschland und eine Operation zu organisieren. Er nutzt die Chance. Er will hier 
bleiben und beantragt Asyl schon nach einem Monat wird sein Antrag angenommen. Der Grund: Nagibulla hat für 
die deutschen Soldaten gearbeitet und muss deshalb die Rache der Aufständischen fürchten.
Den Attacken der Taliban sind hunderte afghanische Mitarbeiter der Bundeswehr ausgesetzt. Sie werden aller 
Wahrscheinlichkeit nach ihre Jobs verlieren und müssen um ihr Leben und das ihrer Familien fürchten. Noch sind 
4.760 deutsche Soldaten in Afghanistan im Einsatz, doch bis Ende 2014 sollen die meisten abziehen. Wer 
garantiert dann die Sicherheit der Menschen, die für die Bundeswehr ihr Leben riskiert haben? , fragt Nagibulla.
Asyl nur im Einzelfall

Feind im eigenen Land; HELFER Drei Jahre arbeitet Rahim Nagibulla für die Bundeswehr. Er bekommt Asyl. 
Für Ortskräfte ist das nicht selbstverständlich
Pro Asyl fordert, alle afghanischen Mitarbeiter der Bundeswehr nach Deutschland zu holen. Doch das 
Bundesinnenministerium hat andere Pläne: Die Mitarbeiter der Bundeswehr gehörten zur Funktionselite , sagte 
Verteidigungsminister Thomas de Maizière bei einem Besuch in Afghanistan im November 2012. Zunächst müsse 
versucht werden, die bedrohten Mitarbeiter und ihre Familien innerhalb des Landes umzusiedeln. Nur in 
Einzelfällen müsse ihnen und ihren Familien eine Zukunft in Deutschland ermöglicht werden. Denn wer solle sonst 
das Land aufbauen?
 Als Mitarbeiter der Bundeswehr bin ich meinem Land zum Feind geworden , sagt Nagibulla. Wo soll ich da Arbeit 
finden? Und überhaupt, wie die sogenannten Einzelfallprüfungen aussehen, könne er sich schon vorstellen: Die 
mit den besten Beziehungen kommen nach Deutschland. Aber das seien meist die Gutverdiener, die sich auch 
einen Flug in den Iran leisten könnten und nicht auf die Hilfe der Bundeswehr angewiesen seien, sagt Nagibulla. 
Um die Reinigungskräfte, die die Hilfe am dringendsten nötig haben, wird sich niemand kümmern. 
Auch von der Evakuierung der Ortskräfte der Bundeswehr in andere Provinzen verspreche er sich wenig. Die 
Leute kapieren sofort, wer für die Nato arbeitet , sagt Nagibulla. Und wenn du nicht mehr da bist, dann fragen sie 
die Nachbarn oder deine Familie. Niemand entkommt den Aufständischen. 
Nagibulla wächst in einer Bauernfamilie in der Provinz Zabul auf, sie liegt im Süden Afghanistans, dem spirituellen 
Zentrum der Taliban. Er besucht die Koranschule, nach dem Unterricht treibt er die Kühe seiner Eltern in die Berge. 
Er liebt die Berge. Die selbstgemachte Butter, die ihm seine Mutter aufs Brot streicht. Es gab zu Essen und immer 
was zu tun. Ich war glücklich , sagt er.
Bis zu jenem Novembermorgen. Als Nagibulla zur Schule geht, er ist damals in der ersten Klasse, zerfetzt eine 
Mine aus den sowjetisch-afghanischen Kriegszeiten seinen Unterschenkel. Von da an wächst er in zwei Welten auf: 
dem Krankenhaus in der Hauptstadt Kabul und in seinem Heimatdorf. In manchen Monaten bekommt er vier Mal 
neue Prothesen, immer wieder entzündet sich sein Oberschenkel. Er hat Angst, in der Millionenstadt verloren zu 
gehen. Anfangs versteht er die Leute nicht, er ist mit Paschtu aufgewachsen, in Kabul spricht man aber Dari. Mit 16 
Jahren verändert sich sein Leben erneut.
2002 finanziert ihm die Afghanistanförderung VAF eine Operation in München. Nagibulla hat noch nie eine so 
moderne und freie Stadt gesehen, sagt er heute. Frauen, deren Haare so hell sind wie die der Münchnerinnen, 
konnte er sich nicht einmal vorstellen. Zur Reha bleibt er drei Jahre in Deutschland.
Er lernt die Sprache, will zur Schule gehen und für immer hier bleiben. Ein Beitrag im Fernsehen durchkreuzt seine 
Pläne. Nagibulla ist darin zu sehen, wie er als Dolmetscher aushilft, als zwei Patientinnen aus Afghanistan 
eintreffen. Kurz nach der Ausstrahlung steht ein Bundeswehroffizier vor seiner Tür. Er wirbt ihn an. Nagibulla soll 
wieder zurück in seine Heimat gehen und dort für die Bundeswehr arbeiten.
Chance seines Lebens
Es ist die Chance seines Lebens: Er verdient gut, bis zu 500 Dollar im Monat, das ist das zehnfache Gehalt eines 
Arbeiters in Afghanistan. Ohne den Job wäre ich als Behinderter auf der Straße verarmt , sagt er. Deshalb gab er 
sein Bestes. Er blättert durch einen Schnellhefter, in dem er die Zeugnisse gesammelt hat, in denen ihn die 
Bundeswehr für seinen überaus großen Einsatz lobt. Aber vertrauen konnte er seinem Arbeitgeber dennoch nie: 
Wenn du einen kleinen Fehler machst, dann fliegst du und bist den Aufständischen ausgeliefert , sagt er. Dann ist 
ihnen egal, ob du 3 oder 10 Jahre für sie gearbeitet hast. 
Es klingelt. Zwei Männer in Nagibullas Alter und ein älterer mit weißgrauen Haaren kommen in die Wohnung. 
Nagibulla dreht den Herd an, der Geruch von Fleisch und Auberginen strömt ins Wohnzimmer. Er redet nicht viel, 
während er isst: Reis mit Lammfleisch, Auberginen und Spinat.
Mit Abdul Aziz, der ihm gegenüber sitzt, hat er in Masar-i-Scharif zusammengewohnt. Alle drei Monate haben sie 
eine neue Bleibe gesucht, damit niemand herausfand, dass sie für die Bundeswehr arbeiteten. Aziz hat in einem 
Feind im eigenen Land; HELFER Drei Jahre arbeitet Rahim Nagibulla für die Bundeswehr. Er bekommt Asyl. 
Für Ortskräfte ist das nicht selbstverständlich
Fitnessstudio für deutsche Soldaten in Afghanistan gearbeitet. In einem Camp der Bundeswehr hat er die 
Sportübungen der Männer und Frauen überwacht.
Seit einem Jahr wohnt er ein Stockwerk über Nagibulla in Berlin. Mohammad Yaseen hat für die japanische Armee 
gedolmetscht, deswegen wurde sein Asylantrag in Deutschland abgelehnt. Und Amanullah Torkany, 75, lebt schon 
seit zwölf Jahren hier, seit er wegen seiner Mitgliedschaft bei den Demokraten in Afghanistan verfolgt wurde.
Was wird wohl mit ihren Freunden passieren, wenn der Großteil der Truppen 2014 aus Afghanistan abzieht? Am 
Telefon fragen sie, ob es schon Neues gibt, ob sie nicht auch nach Deutschland kommen können. Sie wissen, dass 
die Ortskräfte, die für die Amerikaner oder die Dänen arbeiten, ohne Probleme in das Land auswandern können. 
Deutschland dagegen hat noch keine klaren Richtlinien, wie es für seine Ortskräfte weitergeht. Diese Unsicherheit 
schafft Angst. Das eigentliche Problem wird aber erst Ende 2014 auftreten.
Aziz sagt: Wenn die Nato rausgeht und all diese Leute ihren Job verlieren, was machen sie dann, ohne Geld? 
Krieg! Amanullah Torkany sagt: Die Taliban sind kein kleines Monster, sie sind groß und stark und werden unser 
Land wieder einnehmen. Bevor die Nato kam, seien 80 Prozent des Landes kaputt gewesen, jetzt seien es 100 
Prozent. Unter den Taliban, bekräftigen sie unisono, da war Afghanistan zumindest sicher.
Nagibulla schüttelt den Kopf, es hilft nichts, die Nato müsse trotzdem raus aus Afghanistan: Die Kinder sehen 24 
Stunden am Tag bewaffnete Soldaten herumlaufen. Zwar hat er gern für die Bundeswehr gearbeitet, und sie war 
auch der Grund für seine Rettung nach Deutschland. Aber die Soldaten haben sich benommen wie Könige in 
unserem Land. Dabei waren sie doch zu Gast. 
Seine Lösung klingt wie ein Traum: Die Ortskräfte müssen weiter beschäftigt werden, und zwar für den Aufbau des 
Landes , sagt er. Afghanistan sei reich an Bodenschätzen. Wenn die Nato das will, dann kann Afghanistan ein 
Paradies werden. Doch dazu müsse sie das Geld in Fabriken stecken, die die Rohstoffe verarbeiten und die 
Menschen beschäftigen, statt ins Militär.
Zukunft in Deutschland
Manchmal, sagt Nagibulla, würde er gerne zurück nach Afghanistan gehen, nur für zwei oder drei Monate. Und 
wieder im Krankenhaus mitarbeiten. Doch das geht nicht: Er zieht ein Kärtchen aus seiner Geldbörse, etwa so groß 
wie ein Führerschein. Unten links ein Foto von ihm, oben rechts der deutsche Bundesadler, darüber stehen eine 
Nummer und die Aufschrift Aufenthaltstitel . Mit diesem Dokument darf er zwar unbefristet in Deutschland leben, 
kann aber nicht zurück in seine Heimat. Und fühlt sich weder dem einen noch dem anderen Land zugehörig.
Deshalb hat Nagibulla jetzt die deutsche Staatsbürgerschaft beantragt. Hier gibt es für mich eine Zukunft , sagt er. 
2016 will er bei den Paralympics in Brasilien antreten: Ich will eine Medaille für das Land holen, dem ich so 
dankbar bin. Nagibulla trainiert jeden Tag im Behinderten-Sportverband, die Starterlaubnis für Rollstuhl-Rennen 
hat er bereits. Sein Handbike hat ihm sein Arzt nach der zweiten Operation gespendet. Die beiden Hinterräder 
bringt er mit seinen Händen zum Rollen, während er mit gestreckten Beinen auf einem Sitz liegt. An der Lehne hat 
er eine afghanische Flagge angebracht, die ihm Abdul Aziz aus der Heimat mitgebracht hat. Vorne, über dem 
Vorderrad, weht die deutsche Fahne.
 Wer garantiert die Sicherheit der Menschen, die für die Bundeswehr ihr Leben riskiert haben? 
RAHIM NAGIBULLA"
2013-01,Main Corpus,2013-01(42).ZIP,Flucht vor Assads Bomben Die Schüsse im Kopf verhallen nicht. Azad Hamoto ist mit seiner Familie aus.PDF,C:\PythonProjects\AfD-project\Corpora\Main Corpus\2013-01\raw_unarchive\Flucht vor Assads Bomben Die Schüsse im Kopf verhallen nicht. Azad Hamoto ist mit seiner Familie aus.PDF,Flucht vor Assads Bomben Die Schüsse im Kopf verhallen nicht. Azad Hamoto ist mit seiner Familie aus der,flucht vor assads bomben die schüsse im kopf verhallen nicht azad hamoto ist mit seiner familie aus der,"taz, die tageszeitung",taz die tageszeitung,Samstag 12. Januar 2013,Katharina Mayer,HINTERGRUND; S. 04,1368,9259,fdf5fb8b5125382dc02234bad6b90b9d47b9e45c,,unique,keep,,no,,no,,,10872,no,,,,,"von Katharina Mayer
Das Trauma ist ihm nicht ins Gesicht geschrieben. Es steckt tiefer. Freundlich und heiter begrüßt Azad Hamoto die 
Gäste. Aus einem Nebenzimmer kommen die drei Kinder, kuscheln sich neben den Vater auf das Sofa im 
Wohnzimmer, begutachten neugierig das Handwerkszeug des Fotografen, während die Mutter Gebäck, Nüsse und 
Tee bringt. Gastfreundschaft wird in Syrien großgeschrieben, in dem Land, das er als Heimat verloren hat, weil es 
im Bürgerkrieg versinkt.
Dass Azad Hamoto nach abenteuerlicher Flucht auf einem Stuttgarter Sofa sitzt, ist eng mit seiner Geschichte 
verbunden. Der 58-Jährige hat in Frankfurt und Berlin studiert. Fachgerecht ausgedrückt, Altorientalische 
Altertumskunde. Hamoto spricht präzise, er ist Wissenschaftler. Nach der Promotion hat Dr. Hamoto noch ein 
Studium der Kunstgeschichte und Soziologie angehängt. 1997, bereits deutscher Staatsbürger, ist er nach Syrien 
zurückgegangen, in seine Heimatstadt Aleppo. Dort arbeitete er als Stadtsanierer, als Reiseleiter für Studiosus, als 
Hochschul-Dozent. Er veröffentlichte Bücher und Artikel, baute in der weltberühmten Altstadt eine Anlaufstelle für 
Kulturschaffende aus aller Welt auf.
Der Wissenschaftler weiß, dass er ein privilegierter Flüchtling ist. Andere haben keine Freunde in Deutschland und 
kein Geld, um ihre Flucht zu organisieren. Rund eine halbe Million Menschen sind nach UN-Angaben bereits aus 
dem Land geflohen. Sie leben überwiegend in Lagern, an der türkischen Grenze, im Libanon, in Jordanien, im Irak 
unter oft katastrophalen Bedingungen.

Flucht vor Assads Bomben Die Schüsse im Kopf verhallen nicht. Azad Hamoto ist mit seiner Familie aus der 
syrischen Metropole Aleppo geflohen, seit drei Monaten ....
Auch Hamotos Leben wurde zerstört von einem Bürgerkrieg, der immer neue Eskalationsstufen erreicht. Seid 
mutig, geht auf die Straße , hat der Dozent seine Studenten ermuntert, als der Arabische Frühling in Syrien ankam 
und syrische Jugendliche begannen, das Regime Baschar al-Assads offen zu kritisieren.
 Der gesamte Arabische Frühling hat mit Frühling nichts zu tun , sagt Hamoto. Er habe in einem November 
begonnen, 2010. Auch bei Kleinigkeiten ist der Wissenschaftler genau, lächelt über die blumige Worthülse für den 
Ruf nach Reformen, der von Tunesien aus große Teile der arabischen Welt erfasst hat. Mehr Freiheit, Arbeit, 
ökonomische Sicherheit, die Forderungen waren überall dieselben, die Reaktionen der Mächtigen auch. Es 
begann als soziale Jugendbewegung, dann wurde sie politisiert , sagt Hamoto.
 Es ist nicht unpolitisch und war es nie, in Syrien auf die Straße zu gehen , sagt André Bank, Politologe am German 
Institute of Global and Area Studies in Hamburg: Der Ruf nach politischen Freiheiten, einer Wahlrechtsreform, nach 
einem Ende des Politikmonopols der herrschenden Baath-Partei all das seien höchst politische Forderungen . 
Und es ging immer auch stark um ökonomische Aspekte die wirtschaftlichen Forderungen allerdings gehen in 
der Wahrnehmung des Konflikts unter, der Ruf nach einem Ende des Regimes steht im Vordergrund.
Geschätzte 60.000 Tote hat der Krieg bisher gefordert. Eine weitere Brutalisierung ist nicht auszuschließen , sagt 
der Politologe Bank. Diese Angst hat auch Azad Hamoto zur Flucht bewegt. Lange sei es ruhig gewesen in Aleppo. 
Die Einschläge der Bomben hörte er anfangs nur aus der Ferne, das Leben ging weiter. Hamoto unterrichtete, die 
Kinder gingen zur Schule. Ab und an habe er Besuch vom Geheimdienst bekommen, freundliche Herren, die ihm 
zu verstehen gaben, dass sie nicht billigten, was er seinen Studenten sagte. Es bestand keine direkte 
Lebensgefahr für mich, aber ich wusste, im Laufe der Zeit wird es so weit sein , sagt Hamoto ruhig, den Ellbogen 
auf die Sofalehne gestützt, der Kopf ruht auf der Hand. Er wollte in Syrien bleiben, hoffte lange, zu lange. 
Irgendwann war auch ihm klar, dass nur die Flucht blieb.
Da war es fast zu spät. An der Grenze wurde die Familie angehalten. Herr Doktor, Sie stehen auf meiner Liste, Sie 
dürfen hier nicht raus , sagte der Zöllner. Hamoto verschanzt sich hinter verschränkten Armen und sagt, das 
Problem habe sich mit Geld lösen lassen. In der Nähe der türkischen Stadt Iskenderun bezog die Familie das 
Ferienhäuschen eines Freundes. Der lang aufgeschobene Urlaub sei das für die Kinder gewesen, 3, 10 und 12 
Jahre alt. Tatsächlich warteten die Eltern auf das Visum. Anders als Hamoto und die gemeinsamen Kinder hat die 
Mutter keine deutsche Staatsbürgerschaft. Nach drei Wochen stand uns das Strandleben bis zum Hals , sagt 
Hamoto, die Untätigkeit, die Ungewissheit, der Stillstand quälten ihn.
Währenddessen eskalierte der Kampf um Aleppo. Regierungstruppen griffen die Stadt mit Raketen und Bomben 
an, ein Feuersturm fegte über die Stadt. Die Rebellen rächten sich, Human Rights Watch meldete Massaker an 
Assad-Anhängern. Strom, Wasser, Nahrung sind kaum verfügbar und nur unter Lebensgefahr zu bekommen: 
Immer wieder fliegen Assads Truppen Luftangriffe auf Bäckereien, vor denen Menschen in langen Warteschlangen 
stehen. Bei einem solchen Bombardement starben im Dezember in dem Dorf Halfaya bis zu 200 Menschen.
Hamoto und seine Familie haben die Bombenangriffe miterlebt. Sie kehrten zurück nach Aleppo, um das Auto 
zurückzulassen. Für eine Flucht nach Deutschland hätte Hamotos Frau Visa für jedes einzelne Land gebraucht, ein 
bürokratischer Kraftakt, unmöglich. Hamoto entschied sich, das Auto zu seinem Schwager nach Aleppo zu bringen. 
Eine folgenschwere Entscheidung. In seinen präzisen, nüchternen Worten erzählt er die Geschichte jener zweiten 
Flucht . Seine Gesten werden kantig und unkontrolliert, die Augen weiten sich, der Schrecken des Krieges spiegelt 
sich nun in seinem Gesicht wider. Diese Fahrt war ein Albtraum , sagt er. Der Krieg tobte längst in seiner 
Heimatstadt, jeder Checkpoint war eine Gefahr für das Leben. Zerstörte Gebäude, Feuer, Trümmer , aus Hamotos 
Sätzen werden Bruchstücke. Und diese Wesen an den Checkpoints , er wendet sich ab, seine Hände fahren am 
Kinn entlang, zeichnen lange Bärte, bis auf die Brust. Die waren eindeutig aus dem Kaukasus. Menschlich 
erscheinen ihm diese Männer nicht mehr.
Zunehmend seien Kämpfer aus anderen arabischen Ländern in den Konflikt involviert, bestätigt der 
Politikwissenschaftler André Bank. Radikale arabische Kämpfer, die auch in Afghanistan gekämpft haben, und 
Flucht vor Assads Bomben Die Schüsse im Kopf verhallen nicht. Azad Hamoto ist mit seiner Familie aus der 
syrischen Metropole Aleppo geflohen, seit drei Monaten ....
viele, die im Irak waren, andere aus dem Libanon oder Libyen. Der Syrienkrieg ist längst ein internationaler 
Konflikt, in dem sich weltpolitische Interessen widerspiegeln.
Hamoto und seine Familie waren mitten im Bombenhagel. 24 Stunden am Tag, mittendrin die Kinder. Es roch nach 
verbrannten Leichen und Blei, die Kinder hörten nur bumm, bumm, bumm. Sie haben zusammengepackt, was 
ging, auf dieser zweiten Flucht. Bücher für den Vater, Lego für den Kleinsten. Dann, in letzter Minute, eine weitere 
Fahrt mit einem Schleuser, der sie an die Grenze zur Türkei brachte. Ich bin deutscher Staatsbürger, kein 
Flüchtling , diese Worte hätten die Tore geöffnet.
Hamoto nutzte seine Kontakte nach Deutschland. Der Studiosus-Reisen-Chef habe die Flüge gebucht, alles 
organisiert. Seit drei Monaten leben die Hamotos nun in München bei ihrem Gastgeber. Wir haben unheimlich viel 
Hilfe vom ersten Tag an bekommen , sagt Azad Hamoto mit weicher Stimme, merklich froh, gedanklich ins Hier und 
Heute wechseln zu können: Kleider für die Kleinen, und auch die Behörden waren freundlich zu dem deutschen 
Syrer. Mit der Einschulung der Kinder habe es keinerlei Probleme gegeben, sie sind mehrsprachig aufgewachsen. 
Die Mutter spricht Kurdisch mit ihnen, der Vater Deutsch. In Syrien lernten sie zusätzlich Arabisch, an der Schule 
Englisch und Französisch.
Über seine berufliche Zukunft macht sich Azad Hamoto keine Sorgen. Als Akademiker, so hofft er, habe er gute 
Chancen auf dem deutschen Arbeitsmarkt. Doch Krieg und Flucht lassen sich nicht so leicht abschütteln. Wir 
waren fünf Monate auf der Flucht und sind noch nicht richtig angekommen. Noch immer suchen die Hamotos nach 
einer Wohnung, erst dann könne er sich auch beruflich orientieren. Du kannst nicht immer aus dem Koffer leben , 
sagt Hamoto.
Doch Hamoto sorgt sich nicht nur um seine eigene Zukunft. Er hat Angst vor einer Islamisierung Syriens. Die 
syrische Gesellschaft, in der er gelebt hat, beschreibt er als ein Mosaik aus unterschiedlichsten kulturellen und 
religiösen Bausteinen, ein buntes Geflecht verschiedener Lebensweisen und Weltanschauungen. Diese 
Gesellschaft mit ihrer Vielfältigkeit und ihren kulturellen Schätzen gibt es nicht mehr.
Wie sich der Bürgerkrieg in Syrien weiterentwickelt, vermag derzeit keiner zu sagen. Syriens Staatschef Baschar al-
Assad hat sich kürzlich nach langer Pause über eine Fernsehansprache zu Wort gemeldet. Und Verhandlungen mit 
den Rebellen kategorisch ausgeschlossen. Dennoch hofft Hamoto weiter. Auf ein Ende des Krieges, auf Frieden, 
allen schwarzen Gedanken zum Trotz. Ich möchte , sagt er, als Erster zurück sein für den Wiederaufbau. Ich 
werde in Syrien gebraucht."
2013-01,Main Corpus,2013-01(42).ZIP,Flucht vor Krieg und Elend Deutlicher Anstieg der Asylbewerberzahlen.PDF,C:\PythonProjects\AfD-project\Corpora\Main Corpus\2013-01\raw_unarchive\Flucht vor Krieg und Elend Deutlicher Anstieg der Asylbewerberzahlen.PDF,Flucht vor Krieg und Elend Deutlicher Anstieg der Asylbewerberzahlen,flucht vor krieg und elend deutlicher anstieg der asylbewerberzahlen,Der Tagesspiegel,der tagesspiegel,Mittwoch 16. Januar 2013,,POLITIK; S. 4; Ausg. 21573,274,1926,d59d22cc91af1c154254dcf480f675ae7f3e777c,,unique,keep,,no,,no,,,2784,no,,,,,"Berlin - Sie kommen aus Serbien und Afghanistan, aus Syrien und dem Irak, aus Mazedonien, dem Iran, Pakistan, 
Russland, Bosnien-Herzegowina und dem Kosovo. Diese zehn Staaten sind die Hauptherkunftsländer der 
Menschen, die in Deutschland 2012 Asyl beantragt haben. Im vergangenen Jahr waren es insgesamt fast 65 000 
Erstanträge und damit 41 Prozent mehr als im Vorjahr. Von den hohen Zahlen aus den neunziger Jahren mit 
jährlich mehr als 100 000 neuen Asylbewerbern ist dies noch weit entfernt. Allerdings steigt die Zahl seit Jahren an.
Der Zustrom von Menschen aus Syrien, das erklärte Bundesinnenminister Hans-Peter Friedrich (CSU) am 
Dienstag, war ""erwartbar"". 2012 flohen 6201 Syrer nach Deutschland, 2011 waren es noch 2634 gewesen. Die Zahl 
afghanischer Flüchtlinge hat sich zwar minimal verringert, ist aber konstant hoch. Gleiches gilt für den Irak.
""Nicht vorhersehbar"", erklärte Friedrich, war ""der enorme Anstieg von Asylbewerbern aus den Staaten des 
Westbalkan"". Etwa ein Drittel aller Antragsteller stammt dem Innenministerium (BMI) zufolge aus einem 
Nachfolgestaat des ehemaligen Jugoslawien, die meisten davon Roma. Aus Serbien kamen 85 Prozent mehr als 
im Vorjahr. Aus Mazedonien steigerte sich der Zustrom um 300 Prozent, aus Bosnien-Herzegowina sogar um 563 
Prozent. Weder bei Flüchtlingen aus Serbien noch aus Mazedonien oder aus Bosnien-Herzegowina wurde 
allerdings auch nur ein einziger Asylantrag positiv beschieden. ""In keinem Fall konnte eine asylrelevante 
Verfolgung festgestellt werden"", heißt es dazu beim BMI. Übersetzt meint das, dass vorrangig wirtschaftliche 
Gründe die Menschen dazu bewegt haben, hier Asyl zu suchen.
Die Anerkennungszahlen sind insgesamt deutlich geringer als die Antragszahlen. 2012 wurde 8764 Menschen Asyl 
gewährt, weitere 8376, vor allem Syrer, erhielten Abschiebeschutz. Deutschland müsse, forderte Pro Asyl, die 
Aufnahmekapazitäten erhöhen. Barbara Junge"
2013-01,Main Corpus,2013-01(42).ZIP,"Flüchtlinge landen hinter Gittern ASYL Eine geplante Aufnahmerichtlinie der EU erleichtert es, Asylb.PDF","C:\PythonProjects\AfD-project\Corpora\Main Corpus\2013-01\raw_unarchive\Flüchtlinge landen hinter Gittern ASYL Eine geplante Aufnahmerichtlinie der EU erleichtert es, Asylb.PDF","Flüchtlinge landen hinter Gittern ASYL Eine geplante Aufnahmerichtlinie der EU erleichtert es, Asylbewerber zu",flüchtlinge landen hinter gittern asyl eine geplante aufnahmerichtlinie der eu erleichtert es asylbewerber zu,"taz, die tageszeitung",taz die tageszeitung,Mittwoch 16. Januar 2013,RUTH REICHSTEIN / DANIEL BAX,INLAND; S. 06,814,5897,3d2f41ced4c3e59e50536e8dac9df6fac5e24179,,unique,keep,,no,,no,,,7570,no,,,,,"VON RUTH REICHSTEIN UND DANIEL BAX
BRÜSSEL/BERLIN taz | Mit einer E-Mail-Aktion wendet sich die deutsche Menschenrechtsorganisation Pro Asyl 
seit einem Monat an die 99 deutschen Abgeordneten im EU-Parlament. Stellen Sie sich vor, Sie müssen fliehen , 
heißt es in dem Anschreiben. Doch an der Grenze werden Sie sofort festgenommen. Mehr als 8.000 Unterstützer 
haben bereits eine solche Mail an einen EU-Parlamentarier geschickt. Pro Asyl will die deutschen EU-
Parlamentarier davon überzeugen, gegen die geplante neue Aufnahmerichtlinie zu stimmen. Diese würde es 
europaweit erleichtern, Asylsuchende über Monate hinweg in Gefängnissen wegzusperren.
An der Grenze in Haft
Griechenland hat erst im Oktober 2012 verfügt, das Flüchtlinge, die an seiner Grenze aufgegriffen werden, dort bis 
zu zwölf Monate lang inhaftiert werden können. Auch auf Malta und in Ungarn werden Flüchtlinge systematisch 
weggesperrt. Selbst Schweden kennt viele Gründe, Flüchtlinge ins Gefängnis zu stecken. In 12 der 27 EU-Staaten 
ist es derzeit erlaubt, Asylbewerber während ihres Verfahrens zu inhaftieren. Das steht in einer Antwort der 
Bundesregierung auf eine Kleine Anfrage der Linkspartei, die der taz vorliegt. Diese Staaten haben mit 
Unterstützung Deutschlands nun durchgesetzt, dass europaweit rechtlich abgesichert wird, was bei ihnen 
schlechte Praxis ist.
Karl Kopp, Europareferent bei Pro Asyl, spricht deshalb von einem Dammbruch und einem Kompendium der 
Schäbigkeiten . Das komme einem Freibrief zur willkürlichen Inhaftierung Schutzsuchender gleich , findet Ulla 
Jelpke, innenpolitische Sprecherin der Links-Fraktion im Bundestag. Statt deutlich höhere Standards zu setzen, 
wird der niedrigste Standard zum Gemeingut erklärt. Beide fordern ein Verschlechterungsverbot , um zu 
verhindern, dass bislang relativ liberale EU-Staaten den neuen, harten EU-Regeln folgen müssen. Bisher gibt es 

Flüchtlinge landen hinter Gittern ASYL Eine geplante Aufnahmerichtlinie der EU erleichtert es, Asylbewerber zu 
inhaftieren. Auch Deutschland will sie in Brüssel....
auf EU-Ebene keine Vorschriften für die Haft von Asylsuchenden. Einige Mitgliedsländer haben das als Einladung 
betrachtet, ihre Flüchtlinge über Monate ins Gefängnis zu werfen. Vor acht Jahren beschloss die EU, ihre 
Asylverfahren zu vereinheitlichen. Doch die Inhaftierung gehört damit nicht der Vergangenheit an, im Gegenteil: 
Tritt die neue Aufnahmerichtlinie in Kraft, würden damit europaweit sechs Haftgründe für Asylsuchende festgelegt.
Die neue Richtlinie schreibt zwar vor, dass niemand nur deshalb im Gefängnis landen darf, weil er internationalen 
Schutz beantragt. Bei den Ausnahmen ist sie aber sehr großzügig: Flüchtlinge sollen fortan inhaftiert werden 
dürfen, um ihre Identität und ihr Recht auf Einreise zu überprüfen oder um Beweise zu sichern. Aber auch wer 
seinen Asylantrag zu spät stellt, nach Ansicht der Behörden die nationale Sicherheit und Ordnung gefährdet oder 
untertauchen will, kann in Haft landen.
 Was sollte denn da noch als weiterer Grund angeführt werden? , fragt Karl Kopp von Pro Asyl sarkastisch. Das 
reicht doch schon aus, um jeden asylsuchenden Menschen in der EU jederzeit und an jedem Ort zu inhaftieren. 
Kopp fürchtet, dass es in einigen Staaten zu einer Verschlechterung der Rechtslage kommen könnte und mehr 
Flüchtlinge im Gefängnis landen. Denn ob Kinder, Jugendliche oder schwangere Frauen eine Ausnahme wird 
nicht gemacht. Die christliche Menschenrechtsorganisation Pax Christi spricht schon von einer 
Inhaftierungsrichtlinie .
Auch der UN-Sonderbeauftragte für Menschenrechte, François Crepeau, spricht sich gegen die Inhaftierung von 
Flüchtlingen aus vor allem von minderjährigen. Auf einer Informationsreise durch Griechenland sprach er kürzlich 
von schockierenden Zuständen in den Haftanstalten. Es darf nicht sein, dass man in einem Land der 
Europäischen Union Kinder hinter Gitterstäben einsperrt. 
Dass die neue Aufnahmerichtlinie kommt, gilt trotzdem als wahrscheinlich: Bereits im Vorfeld der Abstimmung im 
Europäischen Parlament haben sich nämlich die EU-Regierungen und die Abgeordneten auf einen Richtlinientext 
geeinigt. Die Abstimmung im Plenum gilt eigentlich nur noch als Formsache. Pro Asyl hofft, mit seiner 
Postkartenaktion die Parlamentarier dennoch umzustimmen. Für uns ist die Messe noch nicht gelesen , gibt sich 
Kopp zuversichtlich. Für uns entscheidet das EU-Parlament. 
Ob das sich sperrt, ist aber fraglich. Von den konservativen deutschen EU-Abgeordneten im zuständigen 
Ausschuss wollte aktuell zwar keiner mehr zu der Aufnahmerichtlinie Stellung nehmen, aber die für Asylpolitik 
zuständige CSU-Abgeordnete Monika Hohlmeier schrieb schon vor einigen Monaten, man dürfe es Asylbewerben 
nicht gestatten, vorsätzlich unterzutauchen, und brauche für diesen Fall greifende Sanktionsmittel.
Eigentlich sollte es bereits seit Ende 2012 ein gemeinsames europäisches Asylrecht geben. Doch die 
Abstimmungen darüber ziehen sich in die Länge. Ursprünglich sollte zumindest die Aufnahmerichtlinie bereits an 
diesem Mittwoch im EU-Parlament verabschiedet werden. Wegen juristischer Unklarheiten ist dies aber kurzfristig 
wieder verschoben worden.
Auf Druck Deutschlands und sieben anderer Staaten soll die Richtlinie nun gemeinsam mit allen anderen 
Asylrichtlinien im Paket beschlossen werden. Deutschland will sich auf diesem Wege offenbar zwei Regeln sichern: 
sein umstrittenes Asylprüfungsverfahren auf Flughäfen und das Recht, für die Verfolgung von Straftaten auf die 
Fingerabdrücke von Flüchtlingen in der Eurodac-Datei zugreifen zu dürfen. Die Schikanen gegen Flüchtlinge 
würden damit lediglich addiert.
 Tausende Flüchtlinge sitzen schon jetzt europaweit in Haft , sagt Karl Kopp von Pro Asyl. Einem 
Friedensnobelpreisträger steht das nicht gut zu Gesicht. 
 Einem Friedensnobelpreisträger steht das nicht gut zu Gesicht 
KARL KOPP, PRO ASYL"
2013-01,Main Corpus,2013-01(42).ZIP,Geldstrom nach Deutschland Western Union beobachtet zunehmende Bargeldtransfers aus der Türkei.PDF,C:\PythonProjects\AfD-project\Corpora\Main Corpus\2013-01\raw_unarchive\Geldstrom nach Deutschland Western Union beobachtet zunehmende Bargeldtransfers aus der Türkei.PDF,Geldstrom nach Deutschland Western Union beobachtet zunehmende Bargeldtransfers aus der Türkei,geldstrom nach deutschland western union beobachtet zunehmende bargeldtransfers aus der türkei,Die Welt,die welt,Mittwoch 9. Januar 2013,Karsten Seibel,FINANZEN; S. 17; Ausg. 7,659,4718,4e0ee5cfff3c862bf314fde031e6d076e4cd4954,,unique,keep,,no,,no,,,6231,no,,,,,"Frankfurt/Main
Türkeis Wirtschaft gehört seit Jahren zu den Wachstumsmeistern in Europa. Den zunehmenden Wohlstand vieler 
Menschen in dem Land am Bosporus bekommt auch Western Union, der weltgrößte Anbieter 
grenzüberschreitender Geldsendungen, zu spüren. „Wir beobachten zunehmend Bargeldtransfers von der Türkei 
nach Deutschland"", sagte Claudia Westermayr, Deutschland-Chefin von Western Union, im Gespräch mit der 
„Welt"". Bereits heute würden rund 20 Prozent der Bargeldsummen nicht mehr von Deutschland in die Türkei, 
sondern von der Türkei nach Deutschland geschickt. Ihre Erklärung: „Immer mehr gut ausgebildete Türken kehren 
zurück in die Heimat ihrer Eltern und unterstützen die in Deutschland lebende Verwandtschaft.""
Noch überwiegen die seit Jahrzehnten gewohnten Transfers von Deutschland in die Türkei. In kein anderes Land 
schickt Western Union mehr Geld aus Deutschland. Auf den Plätzen folgen Rumänien und Bulgarien. Auch in den 
Kosovo, auf die Philippinen und nach Serbien gehen traditionell viele Überweisungen. Die Euro-Krise bringt dem 
Unternehmen zudem neue Kundengruppen. „Wir profitieren stark von der Zuwanderung nach Deutschland, immer 
mehr unserer Kunden hierzulande kommen aus Spanien, Italien und Griechenland"" , sagte Westermayr, die seit 
dem Vorjahr nicht nur das Geschäft im deutschsprachigen Raum, sondern auch in Osteuropa leitet. Sie verwies 
zudem darauf, dass auch der anhaltende Zuzug von Menschen aus Polen sich positiv auswirke. Das Land habe es 
mittlerweile bis auf Platz vier der Top-Zielländer ihres Unternehmens in Deutschland geschafft. Genaue Angaben 
zu Zahl und Volumen der Transfers von und nach Deutschland macht das börsennotierte Unternehmen nicht. Nur 
soviel: „In Deutschland verzeichneten wir 2012 einen zweistelligen Zuwachs an Transaktionen"", so Westermayr.
Weltweit sind Bargeldtransfers trotz aufkommender elektronischer Zahlungsmittel ein wachsendes Geschäft. Nach 
Schätzungen der Weltbank flossen in Entwicklungsländer im vergangenen Jahr erstmals mehr als 400 Milliarden 
Dollar. Das waren 6,5 Prozent mehr als 2011. Die Nachfrage soll weiter zunehmen. Für 2015 wird das Volumen an 
Rücküberweisungen - meist von Gastarbeitern in ihre Heimatländer - bereits auf 534 Milliarden Dollar geschätzt. 

Geldstrom nach Deutschland Western Union beobachtet zunehmende Bargeldtransfers aus der Türkei
„Bargeld bedeutet für viele Menschen Sicherheit"", so Westermayr zu dem anhaltenden Boom. Wobei der 
wachsende Markt auch Wettbewerber anzieht, was sich aus Kundensicht positiv auf die Preise auswirkt, die auch 
hierzulande sinken. Deutschland gehört laut Weltbank allerdings unverändert zu den teuersten Ländern. Im 
Durchschnitt werden 14 Prozent des überwiesenen Betrages als Gebühren berechnet, in Russland lediglich zwei 
Prozent. Nur Japan ist noch teurer. Wobei vor allem Banken die Preise in Deutschland treiben. Ein 140-Euro-
Transfer in die Türkei kostete nach Erhebungen der Weltbank im September 2012 bei den spezialisierten 
Geldverschickern zwischen vier und fünf Euro, bei heimischen Filialbanken wurden teilweise mehr als 30 Euro 
berechnet.
In Abgrenzung zu Banken verweisen die Spezialisten, wozu auch MoneyGram und Ria gehören, gerne auf die 
Schnelligkeit des Transfers. Das Bargeld wird nicht physisch von einem Ort an den anderen geschickt, es wird 
genau genommen nicht einmal überwiesen. Vielmehr bekommt ein Kunde das Geld ausgezahlt, sobald klar ist, 
dass es irgendwo auf der Welt eingezahlt wurde.
In Deutschland gibt es 4700 Anlaufstellen, die im Namen von Western Union Bargeldtransfers anbieten. Dazu 
gehören allein 2600 Filialen der Postbank, aber auch 1900 Kioske, Supermärkte und Telefonläden. Erst seit 2009 
ist es erlaubt, dass der Einzelhandel Geld annehmen oder auszahlen darf. Der Vorteil: Gerade kleine Läden, wie 
der Gemüsehändler an der Ecke, haben meist länger geöffnet als Banken. Bei den Zielen gibt es kaum noch 
Grenzen: Nur nach Somalia, in den Iran und nach Nordkorea ist laut Westermayr kein Transfer möglich.
Das Netz in Deutschland will sie in den nächsten Jahren auf 10.000 Geschäftsstellen ausbauen. Die 
Geschäftspartner würden gewissenhaft ausgewählt. „Sie bekommen eine intensive Erstschulung und regelmäßige 
Weiterbildung und müssen außerdem in ihrem Ladenlokal einen extra Schalter haben, an dem die Western-Union-
Transfers abgewickelt werden"", so die Deutschland-Chefin. Trotz aller Schulungen und Aufklärung könne 
Geldwäsche allerdings nie ganz verhindert werden, sagte sie zu dem häufig erhobenen Vorwurf gegen das 
Geschäftsmodell. Wie viel Geld ein Kioskbesitzer monatlich im Durchschnitt verschickt und was er pro Transaktion 
erhält, wollte sie nicht sagen.
Graphic
 
Jörn Baumgarten"
2013-01,Main Corpus,2013-01(42).ZIP,Gut Papier hat Weile ABSCHIEBUNG Die Tochter von Gazale Salame bekommt ein Ausweispapier - das erst.PDF,C:\PythonProjects\AfD-project\Corpora\Main Corpus\2013-01\raw_unarchive\Gut Papier hat Weile ABSCHIEBUNG Die Tochter von Gazale Salame bekommt ein Ausweispapier - das erst.PDF,Gut Papier hat Weile ABSCHIEBUNG Die Tochter von Gazale Salame bekommt ein Ausweispapier - das erst,gut papier hat weile abschiebung die tochter von gazale salame bekommt ein ausweispapier  das erst,"taz, die tageszeitung",taz die tageszeitung,Donnerstag 24. Januar 2013,,NORD AKTUELL; S. 21,215,1558,8c99c63c956d49cad05064fed0d56bc904703897,,unique,keep,,no,,no,,,2821,no,,,,,"Die Rückkehr von Gazale Salame rückt offenbar näher. Der Landkreis Hildesheim hat nach eigenen Angaben eine 
Aufenthaltsgenehmigung für Salames 15 Jahre alte Tochter Amine erteilt, sagte sein Sprecher Hans-Albert 
Lönneker am Mittwoch. Dies ist die rechtliche Voraussetzung dafür, dass die Mutter ein Visum erhalten und nach 
Deutschland zurückkehren kann.
Kreissprecher Hans-Albert Lönneker wehrte sich gegen Vorwürfe des niedersächsischen Flüchtlingsrates, die 
Behörden verzögerten die Rückkehr der Kurdin. Das Ausweispapier für Amine werde in der Bundesdruckerei 
erstellt, so dass sie noch etwa drei Wochen warten müsse, sagte Lönneker. Diese Wartezeit trifft jeden, der 
irgendein Ausweispapier wie zum Beispiel einen Personalausweis beantragt. Die Frist sei nicht auf eine zögerliche 
Bearbeitung zurückzuführen.
Kritik vom Flüchtlingsrat
Der Flüchtlingsrat hatte in der vergangenen Woche kritisiert, das niedersächsische Innenministerium und der 
Landkreis Hildesheim könnten sich schon jetzt um ein Visum für Gazale Salame bemühen. Erst wenn ein Visum 
erteilt sei, könne ein Rückflug für die Frau gebucht werden.
Salame war im Februar 2005 als Schwangere gemeinsam mit ihrer damals einjährigen Tochter in die Türkei 
abgeschoben worden. Ihr Ehemann Ahmed Siala brachte zum Zeitpunkt der Abschiebung die zwei älteren Kinder 
zur Schule. Zuvor hatte Salame 17 Jahre in Deutschland gelebt. Der Fall sorgte bundesweit für Aufsehen. Der 
niedersächsische Landtag beschloss im Dezember einstimmig, dass die Frau nach Deutschland zurückkehren darf. 
(epd)"
2013-01,Main Corpus,2013-01(42).ZIP,HEUTE.PDF,C:\PythonProjects\AfD-project\Corpora\Main Corpus\2013-01\raw_unarchive\HEUTE.PDF,HEUTE,heute,Berliner Zeitung,berliner zeitung,Samstag 5. Januar 2013,,POLITIK; Ausg. 4,247,1701,632e4aeccf549614fc674d3192f400e6e26de04d,,unique,keep,,no,,no,,,2392,no,,,,,"Streit über Abschiebung
von Atommüll ins Ausland
Um die Atompolitik gibt es neuen Streit. Ein Gesetzentwurf erlaubt erstmals die Ausfuhr von deutschem Atommüll 
zur Endlagerung im Ausland. Umweltverbände und Opposition sind empört. Deutschland dürfe sich nicht aus seiner 
Verantwortung stehlen und nach Sibirien schielen, sagte Grünen-Fraktionsvize Bärbel Höhn der Berliner Zeitung. 
Auch die SPD fordert Änderungen. Leitartikel Seite 4,
Politik Seite 6
Mehr Frauen in Vorständen von Dax-Unternehmen
In den Vorständen der 30 größten Dax-Konzerne gibt es so viele Frauen wie nie zuvor: Nach Recherchen der 
Berliner Zeitung sind derzeit
15 von insgesamt 193 Vorstandsmitgliedern weiblich. Das entspricht einem Anteil von rund acht Prozent. Noch 
2010 beschäftigten die größten deutschen Konzerne, deren Aktien an der Börse gehandelt werden, gerade mal drei 
Frauen.
Wirtschaft Seite 9
Weniger Hochhäuser
für Bauprojekt Mediaspree
Auf dem Gelände der Post AG östlich vom Ostbahnhof in Friedrichshain wird die Bauplanung geändert. Man habe 
eingesehen, dass die Zeit für Großprojekte vorbei sei, heißt es von der Post. Deshalb verzichte man auf den Bau 
von drei Hochhäusern, die dort entstehen sollten. Zwei Grundstücks-Parzellen wurden inzwischen verkauft, 
darunter der denkmalgeschützte Postbahnhof am Ostbahnhof. Berlin Seite 19
Severin Freund fliegt auf Platz vier in Innsbruck

HEUTE
Severin Freund hat seinen zweiten Podestplatz der Vierschanzentournee um einen Punkt verpasst. Der 24-Jährige 
sprang am Freitag in Innsbruck mit 125 und 120,5 Metern auf den vierten Rang. Den Sieg sicherte sich Gregor 
Schlierenzauer, der den Norweger Anders Jacobsen als Gesamtführender ablöste.
Sport Seite 16"
2013-01,Main Corpus,2013-01(42).ZIP,Immer neue Hürden BÜROKRATIE Zusammenführung zieht sich hin_ Das Land Niedersachsen und der Kreis Hi.PDF,C:\PythonProjects\AfD-project\Corpora\Main Corpus\2013-01\raw_unarchive\Immer neue Hürden BÜROKRATIE Zusammenführung zieht sich hin_ Das Land Niedersachsen und der Kreis Hi.PDF,Immer neue Hürden BÜROKRATIE Zusammenführung zieht sich hin: Das Land Niedersachsen und der Kreis,immer neue hürden bürokratie zusammenführung zieht sich hin das land niedersachsen und der kreis,"taz, die tageszeitung",taz die tageszeitung,Donnerstag 17. Januar 2013,REIMAR PAUL,NORD AKTUELL; S. 21,297,2095,c62a8d1d3f8f670916e151a844265bf4479e7873,,unique,keep,,no,,no,,,3343,no,,,,,"Die Hoffnung, dass die Familie der vor acht Jahren in die Türkei abgeschobenen Kurdin Gazale Salame und ihrem 
Mann Ahmed Siala in Deutschland zusammen Weihnachten feiern kann, war verfrüht. Die Rückkehr der vierfachen 
Mutter und ihrer beiden jüngsten Kinder könnte sich noch hinziehen. Laut niedersächsischem Flüchtlingsrat 
formulieren die Behörden immer neue Forderungen.
Der niedersächsische Landtag hatte im Dezember mit einer von allen Parteien getragenen Entschließung den Weg 
für eine Zusammenführung der Familie frei gemacht. Danach soll zunächst Amina, die älteste Tochter von Salame 
und ihrem Mann Ahmed Siala, eine Aufenthaltserlaubnis bekommen. Danach kann ein Visumsantrag für ihre Mutter 
selbst gestellt werden.
Wie nun der Flüchtlingsrat beklagt, sieht man sich immer neuen Hürden gegenüber: So werde eine Bescheinigung 
der Organisation Jugend ohne Grenzen verlangt, in der Amina Mitglied sei. Dabei ist Amina Klassensprecherin 
und Konfliktlotsin an ihrer Schule, und sie hat durchweg gute Schulnoten , sagt Kai Weber vom Flüchtlingsrat.
Die Landesregierung habe sich bislang auch noch nicht um einen Termin zur Vorsprache von Salame bei der 
deutschen Botschaft bemüht. Auch reiche die Verpflichtungserklärung der Unterstützer, zunächst für die Familie 
aufzukommen, dem Land und dem Kreis Hildesheim nicht aus. Es dränge sich der Eindruck auf, so Weber, dass 
die Behördenvertreter immer wieder neue Erwartungen formulieren, aber selbst bislang nichts unternommen haben 
.
Ahmed Siala reagiert ohne erkennbaren Ärger auf die neuerliche Verschiebung. Ich glaube es ohnehin erst, wenn 
ich meine Frau und die Kinder mit eigenen Augen auf deutschem Boden sehe , sagt er, vorher nicht. 
Gazale Salame selbst schrieb einen Brief an Niedersachsens Ministerpräsident David McAllister (CDU): Bitte, ich 
bin mit meiner Kraft am Ende. REIMAR PAUL

Immer neue Hürden BÜROKRATIE Zusammenführung zieht sich hin: Das Land Niedersachsen und der Kreis 
Hildesheim verzögern dem Flüchtlingsrat zufolge eine Rückkehr ....
Der Landtag hatte im Dezember den Weg für die Familie frei gemacht"
2013-01,Main Corpus,2013-01(42).ZIP,Keine Kritik Glückwunsch Mutig(2).PDF,C:\PythonProjects\AfD-project\Corpora\Main Corpus\2013-01\raw_unarchive\Keine Kritik Glückwunsch Mutig(2).PDF,Keine Kritik Glückwunsch Mutig,keine kritik glückwunsch mutig,Rheinische Post,rheinische post,29. Januar 2013 Dienstag,,,204,1366,fcb3e0c975b3591613366d8ae8ca1634ddce5b24,exact_001,duplicate_exact,review,,no,,no,,,1788,no,,exact_001,,,"Keine Kritik Ich möchte Ihnen zu Ihrem mutigen Artikel gratulieren, der die (leider grausame) Realität in 
Deutschland zumindest erwähnt. Dies vermisse ich bei anderen Medien zusehends, wenn es sich um Sachverhalte 
handelt, die in gewisser Weise als Kritik an den hier lebenden Mitbürgen islamischen Glaubens gedeutet werden 
könnten, weiter so! Christian Wenzel per Mail Glückwunsch Zu Ihrem Artikel mit dem Säureanschlag kann ich 
Sie nur beglückwünschen. Endlich mal ein Blatt, das kein Blatt vor den Mund nimmt. Bitte machen Sie weiter so 
und lassen Sie sich nicht von irgendwelchen PC-Gutmenschen einschüchtern. Schreiben Sie weiterhin kritisch und 
beobachten Sie realistisch. Ihre Leser werden es Ihnen danken. Uli Timpel per Mail Mutig Endlich findet eine 
Zeitung mal den Mut, Ross und Reiter beim Namen zu nennen. Es sind eben keine Dänen und Schweden, die 
solche Attentate begehen, sondern leider immer nur Einwanderer aus einem speziellen Kulturkreis. Bisher hatte ich 
solche Gräuel nur in der Presse über Pakistan gelesen. Nun ist diese abscheuliche Tradition mit gewissen 
Einwanderern auch hier mitten unter uns gelandet. Dies ist sehr schade, und noch bedauerlicher sind das 
Schweigen der Politiker und das Schweigen der Kulturvereine und das Schweigen der Presse. Sie bilden eine 
löbliche Ausnahme. Dafür herzlichen Dank! Martin Klocke perMail"
2013-01,Main Corpus,2013-01(42).ZIP,Keine Kritik Glückwunsch Mutig.PDF,C:\PythonProjects\AfD-project\Corpora\Main Corpus\2013-01\raw_unarchive\Keine Kritik Glückwunsch Mutig.PDF,Keine Kritik Glückwunsch Mutig,keine kritik glückwunsch mutig,Rheinische Post,rheinische post,29. Januar 2013 Dienstag,,,204,1366,fcb3e0c975b3591613366d8ae8ca1634ddce5b24,exact_001,duplicate_exact,review,,no,,no,,,1788,no,,exact_001,,,"Keine Kritik Ich möchte Ihnen zu Ihrem mutigen Artikel gratulieren, der die (leider grausame) Realität in 
Deutschland zumindest erwähnt. Dies vermisse ich bei anderen Medien zusehends, wenn es sich um Sachverhalte 
handelt, die in gewisser Weise als Kritik an den hier lebenden Mitbürgen islamischen Glaubens gedeutet werden 
könnten, weiter so! Christian Wenzel per Mail Glückwunsch Zu Ihrem Artikel mit dem Säureanschlag kann ich 
Sie nur beglückwünschen. Endlich mal ein Blatt, das kein Blatt vor den Mund nimmt. Bitte machen Sie weiter so 
und lassen Sie sich nicht von irgendwelchen PC-Gutmenschen einschüchtern. Schreiben Sie weiterhin kritisch und 
beobachten Sie realistisch. Ihre Leser werden es Ihnen danken. Uli Timpel per Mail Mutig Endlich findet eine 
Zeitung mal den Mut, Ross und Reiter beim Namen zu nennen. Es sind eben keine Dänen und Schweden, die 
solche Attentate begehen, sondern leider immer nur Einwanderer aus einem speziellen Kulturkreis. Bisher hatte ich 
solche Gräuel nur in der Presse über Pakistan gelesen. Nun ist diese abscheuliche Tradition mit gewissen 
Einwanderern auch hier mitten unter uns gelandet. Dies ist sehr schade, und noch bedauerlicher sind das 
Schweigen der Politiker und das Schweigen der Kulturvereine und das Schweigen der Presse. Sie bilden eine 
löbliche Ausnahme. Dafür herzlichen Dank! Martin Klocke perMail"
2013-01,Main Corpus,2013-01(42).ZIP,Kommunen-Verbund für Flüchtlinge Wetterau Ausreichend Plätze für menschenwürdige Unterbringung stehe.PDF,C:\PythonProjects\AfD-project\Corpora\Main Corpus\2013-01\raw_unarchive\Kommunen-Verbund für Flüchtlinge Wetterau Ausreichend Plätze für menschenwürdige Unterbringung stehe.PDF,Kommunen-Verbund für Flüchtlinge; Wetterau Ausreichend Plätze für menschenwürdige Unterbringung stehen,kommunenverbund für flüchtlinge wetterau ausreichend plätze für menschenwürdige unterbringung stehen,Frankfurter Rundschau,frankfurter rundschau,Samstag 19. Januar 2013,(ieb.),R3; S. R10,299,2238,ebff688aea48b50af954887d43f9066aa215509a,,unique,keep,,no,,no,,,3014,no,,,,,"Von Entspannung wollte Sozialdezernent Helmut Betschel-Pflügel (Grüne) nicht sprechen. Bei der Unterbringung 
von Flüchtlingen im Wetteraukreis habe man aber die Situation im Griff. Er setzt auf die Zusammenarbeit zwischen 
den Kommunen, um Flüchtlingsunterkünfte zu schaffen. 
""Ich stelle mir einen Verbund von mehreren Städten und Gemeinden vor. So kann etwa das Unterstützungsangebot 
interkommunal geregelt werden. Auch die Übersiedlung von Flüchtlingen nach deren politischer Anerkennung aus 
der Gemeinschaftsunterkunft in eine Wohnung kann von mehreren Kommunen gemeinsam wesentlich leichter und 
besser bewerkstelligt werden"", sagt Betschel-Pflügel. 
Positive Signale aus Ortenberg 
Für die Region Ortenberg, Hirzenhain, Ranstadt und Glauburg soll eine Unterkunft entstehen. Es gebe bereits 
""positive Signale"" aus dem Ortenberger Parlament, berichtet der Dezernent. Betschel-Pflügel ist ""fest davon 
überzeugt, dass bei tätiger Mithilfe von Kreis, Kommunen und ehrenamtlichen Helferinnen und Helfern eine 
schnelle Integration von Flüchtlingen möglich ist"". 
Für die erste Hälfte 2013 sind laut Betschel-Pflügel 219 Flüchtlinge angekündigt. Das seien rund 50 mehr als im 
ersten Halbjahr 2012. Er rechnet weiter mit dieser Flüchtlingszahl, ""sofern nicht an anderen Orten, insbesondere im 
Nahen Osten, die Situation eskaliert, etwa in Ägypten"". Derzeit kämen die meisten Flüchtlinge aus dem Nahen und 
Mittleren Osten, es kämen syrische Christen, aber auch Verfolgte aus dem Irak, aus Afghanistan und Pakistan. 
Im Herbst vergangenen Jahres hatte Betschel-Pflügel noch verzweifelt nach Unterkünften für Flüchtlinge gesucht, 
weil der Andrang weit größer war als erwartet. Inzwischen stünden genug Plätze zur Verfügung. Weitere kämen 
hinzu. Mitte Februar werde eine Containerwohnanlage im Industriegebiet Friedberg Süd mit 60 Plätzen eröffnet. 
Zur gleichen Zeit würden 48 Plätze im ehemaligen Verwaltungsgebäude der Firma Pintsch Bamag in Butzbach zur 
Verfügung stehen, das zu einem Flüchtlingsheim umgebaut wird. Die ersten 14 Flüchtlinge aus Syrien, Pakistan, 
Somalia und Nigeria sind bereits eingezogen. (ieb.) 

Kommunen-Verbund für Flüchtlinge; Wetterau Ausreichend Plätze für menschenwürdige Unterbringung stehen 
bereit"
2013-01,Main Corpus,2013-01(42).ZIP,Mehr als 2000 Zuwanderer mit Blue Card Akademiker aus Asien kommen ins Land.PDF,C:\PythonProjects\AfD-project\Corpora\Main Corpus\2013-01\raw_unarchive\Mehr als 2000 Zuwanderer mit Blue Card Akademiker aus Asien kommen ins Land.PDF,Mehr als 2000 Zuwanderer mit Blue Card Akademiker aus Asien kommen ins Land,mehr als 2000 zuwanderer mit blue card akademiker aus asien kommen ins land,Berliner Zeitung,berliner zeitung,Donnerstag 31. Januar 2013,,WIRTSCHAFT; S. 11; Ausg. 26,173,1189,8d4237c96067f56ac9a17969a52c51337155d966,,unique,keep,,no,,no,,,1921,no,,,,,"Immer mehr Akademiker aus dem außereuropäischen Ausland kommen in die Bundesrepublik, um hier eine Arbeit 
aufzunehmen. Mittlerweile sind nach Informationen der Berliner Zeitung mehr als 2000der sogenannten Blue Cards 
in Deutschland ausgestellt worden, die Hochschulabsolventen aus Ländern außerhalb der EU zu einer dauerhaften 
Arbeits- und Aufenthaltserlaubnis verhelfen.
Die vergleichsweise hohe Zahl überrascht insofern, als dass die im August 2012 von der EU eingeführte Blue-Card-
Regelung bis vor kurzem als Misserfolg gegolten hatte. In der Tat waren bis Ende November erst wenige hundert 
Blue Cards in Deutschland ausgestellt worden. Allerdings haben die Neueinwanderer mit einem Touristenvisum 
zunächst drei Monate Zeit, um sich in einem EU-Land nach Arbeit umzusehen und erst dann eine Bluecard zu 
beantragen.
Daher ist es erst in den letzten sechs Wochen zu einer spürbar ansteigenden Zahl der Arbeitserlaubnisse 
gekommen. Dem Vernehmen nach handelt es sich vor allem um Zuwanderer aus Süd- und Südostasien sowie aus 
Osteuropa. Offizielle Prognosen über die Zuwanderung bis Ende 2013 gibt es zwar nicht. Inoffiziell werden aber 
5000 bis 10 000 Blue Cards genannt. (sts.)"
2013-01,Main Corpus,2013-01(42).ZIP,"Nüchterner Faustschlag MEISTERWERK _Tod nach Abschiebung - Wadim_ (22.45 Uhr, ARD) erzählt die Gesch.PDF","C:\PythonProjects\AfD-project\Corpora\Main Corpus\2013-01\raw_unarchive\Nüchterner Faustschlag MEISTERWERK _Tod nach Abschiebung - Wadim_ (22.45 Uhr, ARD) erzählt die Gesch.PDF","Nüchterner Faustschlag; MEISTERWERK ""Tod nach Abschiebung - Wadim"" (22.45 Uhr, ARD) erzählt die",nüchterner faustschlag meisterwerk tod nach abschiebung  wadim 2245 uhr ard erzählt die,"taz, die tageszeitung",taz die tageszeitung,Mittwoch 09. Januar 2013,SVEN SAKOWITZ,FLIMMERN UND RAUSCHEN; S. 17,507,3419,d2e09b328bd62acb96e5076720e399520d9d11a6,,unique,keep,,no,,no,,,4703,no,,,,,"VON SVEN SAKOWITZ
Diese Doku ist wie ein Faustschlag. Tod nach Abschiebung Wadim heißt das 90-minütige Meisterwerk, das 
heute Abend im Ersten läuft. Erzählt wird die Geschichte von Wadim, der sechs Jahre alt ist, als er 1992 mit seinen 
Eltern aus Riga nach Hamburg kommt. Seine Familie gehörte zum russischen Bevölkerungsteil Lettlands und fühlte 
sich nach der Unabhängigkeit des Landes chancenlos. Ihr Asylantrag wird in Deutschland 1995 abgelehnt, Lettland 
weigert sich jahrelang, die Familie aufzunehmen. In Hamburg droht die Abschiebung. 2005 stehen Mitarbeiter der 
Ausländerbehörde mitten in der Nacht vor der Wohnungstür. Der Vater wehrt sich, die Mutter schneidet sich die 
Pulsadern auf, der 18-jährige Wadim wird in ein Obdachlosenasyl in Riga abgeschoben.
Für Wadim beginnt eine Odyssee, die ihn auch immer wieder heimlich zu seinen Eltern nach Hamburg führt. Sie 
haben mittlerweile eine Aufenthaltsgenehmigung, er darf nicht einreisen. Aus lauter Verzweiflung nimmt Wadim 
sich im Januar 2010 in Hamburg das Leben.
Die Hamburger Journalisten Hauke Wendler und Carsten Rau erzählen diese Geschichte in einem nüchternen Stil 
und mit ruhigen Bildern. Die Geschichte ist emotional so belastend für die Zuschauer, dass sich der Film formal 
zurücknehmen muss , sagt Hauke Wendler. Wir haben auf einen Kommentartext verzichtet, weil die Geschichte für 
sich steht. Jede Skandalisierung hätte nur geschadet. Wadims Eltern stehen im Mittelpunkt, aber auch der 
Rechtsanwalt der Familie, Freunde, eine Lehrerin und weitere Personen rekonstruieren diese Tragödie, die hätte 
verhindert werden können: Es gibt für die Behörden immer Ermessensspielräume , sagt Wendler. Niemand muss 
mitten in der Nacht einen Jungen abschieben, dessen Mutter gerade einen Selbstmordversuch hinter sich hat. 
Allerdings darf man die Hamburger Ausländerbehörde auch nicht allein verantwortlich machen. Der Druck, der auf 
Ausländer ausgeübt wird, muss immer politisch toleriert werden, und das wurde und wird er in Hamburg egal, 
unter welchem Senat. 

Nüchterner Faustschlag; MEISTERWERK ""Tod nach Abschiebung - Wadim"" (22.45 Uhr, ARD) erzählt die 
Geschichte eines Suizids. Die Doku ist von 2011, das Erste zeigt....
Ein Dreivierteljahr lang haben Wendler und Rau einen Sender für ihr Projekt gesucht. Dass es so lange gedauert 
hat, wirft von außen betrachtet kein gutes Licht auf die Dokumentarfilm-Redaktionen in diesem Land. Hauke 
Wendler sieht das gelassen: Ein Redakteur bekommt pro Woche Dutzende Exposés, oft mit ähnlichen Themen. 
Wadim ist unser erster 90-minütiger Dokumentarfilm, da ist es für die Redakteure vorab schwer einzuschätzen, 
was dabei am Ende für ein Film herauskommt. Schließlich kam eine Zusage vom NDR, wo die Doku im Dezember 
2011 zu später Stunde lief. Sie hatte 80.000 Zuschauer, bekam glänzende Kritiken, wurde anschließend im In- und 
Ausland in Kinos gezeigt und mit Preisen bedacht. Kurz nach der Ausstrahlung im Dritten entschied ARD-
Chefredakteur Thomas Baumann: Der Film muss auch ins Erste.
 Für uns ist es wichtig, dass der Film jetzt die Chance bekommt, viele Menschen zu erreichen , sagt Wendler. Eine 
Gesellschaft muss sich daran messen lassen, wie sie mit ihren Minoritäten und mit hilfsbedürftigen Menschen 
umgeht. Wadims Selbstmord zeigt, dass es damit bei uns nicht immer zum Besten steht. 
Mitten in der Nacht: die Ausländerbehörde. Die Mutter schneidet sich die Pulsadern auf"
2013-01,Main Corpus,2013-01(42).ZIP,Politik Kompakt Linkspartei_ Keine Rente für Gregor Gysi ++ Holocaust-Leugner_ Williamson zu Geldstr.PDF,C:\PythonProjects\AfD-project\Corpora\Main Corpus\2013-01\raw_unarchive\Politik Kompakt Linkspartei_ Keine Rente für Gregor Gysi ++ Holocaust-Leugner_ Williamson zu Geldstr.PDF,Politik Kompakt Linkspartei: Keine Rente für Gregor Gysi ++ Holocaust-Leugner: Williamson zu Geldstrafe von,politik kompakt linkspartei keine rente für gregor gysi  holocaustleugner williamson zu geldstrafe von,Die Welt,die welt,Donnerstag 17. Januar 2013,,POLITIK; Kompakt; S. 5; Ausg. 14,588,4555,57f430dc977b538c4e293d210a4a09481ca246ea,,unique,keep,,no,,no,,,6914,no,,,,,"Linkspartei
Keine Rente für Gregor Gysi
Die Geschichte der Linken in Deutschland seit 1990 ist ohne ihn nicht denkbar. Seit 22 Jahren steht Gregor Gysi 
auf dem politischen Parkett der Bundesrepublik, als Parteichef, als Fraktionschef, als pointierter Redner, aber auch 
als Unbelehrbarer. Und manche seiner Genossen hat er zur Verzweiflung gebracht. Jetzt feierte Gysi seinen 
65.Geburtstag - aber er denkt nicht ans Aufhören. Zu den Gratulanten gehörte Berlins Regierender Bürgermeister 
Klaus Wowereit, der selbst im Oktober seinen runden 60. feiert und seinen Kurzzeit-Wirtschaftssenator (2002) 
würdigte.
Holocaust-Leugner
Williamson zu Geldstrafe von 1800 Euro verurteilt
Der traditionalistische Bischof und Holocaust-Leugner Richard Williamson ist erneut wegen Volksverhetzung 
verurteilt worden. Das Amtsgericht Regensburg verhängte eine Geldstrafe von 1800 Euro gegen den 72-jährigen 
Briten. Williamson hatte in einem Interview mit einem schwedischen Fernsehsender im Jahr 2008 die Existenz von 
Gaskammern und die Ermordung von sechs Millionen Juden während der Nazi-Herrschaft bestritten. Williamson 
war bereits in einem ersten Prozess zu einer Geldstrafe verurteilt worden. Die Entscheidung wurde jedoch im 
Februar 2012 vom Nürnberger Oberlandesgericht (OLG) wegen eines Verfahrensfehlers kassiert, so dass es jetzt 
zur Neuverhandlung kam.

Politik Kompakt Linkspartei: Keine Rente für Gregor Gysi ++ Holocaust-Leugner: Williamson zu Geldstrafe von 
1800 Euro verurteilt ++ Kroatien: Auch nach EU-Beitr....
Kroatien
Auch nach EU-Beitritt Arbeitserlaubnis notwendig
Kroaten müssen sich auch nach dem für Juli geplanten EU-Beitritt auf Einschränkungen bei der Jobsuche in 
Deutschland einstellen. Die für EU-Bürger geltende Arbeitnehmerfreizügigkeit soll für zunächst zwei Jahre für 
kroatische Arbeitnehmer eingeschränkt bleiben. Dies beschloss das Bundeskabinett am Mittwoch in Berlin, wie 
Regierungssprecher Steffen Seibert in Berlin sagte. Kroatische Arbeitnehmer brauchen somit weiterhin eine 
Arbeitserlaubnis für einen Job in Deutschland. Ausnahmen gebe es für Akademiker, „die hier eine ihrer 
Hochschulausbildung entsprechende Beschäftigung annehmen"", Auszubildende, die eine mindestens zweijährige 
Ausbildung in Deutschland absolvieren sowie Saisonarbeiter, fügte Seibert hinzu.
Russland
Haftaussetzung für Pussy-Riot-Mitglied abgelehnt
Ein russisches Gericht hat den Antrag eines Mitgliedes der regierungskritischen Punkband Pussy Riot auf 
Aussetzung der Haftstrafe abgelehnt. Das berichtete die amtliche Nachrichtenagentur Ria am Mittwoch unter 
Berufung auf einen Richter. Die zu zwei Jahren Arbeitslager verurteilte Maria Aljochina hatte beantragt, die Strafe 
auszusetzen, damit sie bei ihrem fünfjährigen Sohn sein könne. Sie würde die Reststrafe antreten, wenn das Kind 
älter sei. Die Sängerinnen waren nach einem Protestauftritt in einer Moskauer Kirche verurteilt worden. Ihre Aktion 
richtete sich gegen Präsident Wladimir Putin. Das Urteil wurde international als zu streng und unverhältnismäßig 
kritisiert.
Pakistan
Machtprobe zwischen Justiz und Regierung dauert an
Die Machtprobe zwischen der Justiz und der Regierung in Pakistan dauert an. Trotz einer entsprechenden 
Anordnung des Verfassungsgerichts wurde Premierminister Raja Pervez Ashraf bis Mittwochabend nicht unter 
Korruptionsverdacht festgenommen. Der Regierungsberater Chaudhry Fawad Hussain vertrat den Standpunkt, 
dass das Oberste Gericht eine solche Anordnung nicht treffen könne, ohne den Premierminister vorher anzuhören. 
Der islamische Prediger Tahir ul-Qadri stellte indes der bedrängten Regierung ein neues Ultimatum. Der Geistliche, 
der mit rund 20.000 Anhängern das Regierungsviertel von Islamabad belagert, forderte ihren sofortigen Rücktritt, 
eine Reform des Wahlgesetzes und die Einsetzung einer Übergangsregierung binnen 24 Stunden.
Zuwanderung
Öney fordert Abschaffung der Optionspflicht
Die baden-württembergische Integrationsministerin Bilkay Öney (SPD) hat sich für die Beibehaltung der doppelten 
Staatsbürgerschaft für erwachsene Zuwanderer ausgesprochen. Die SPD-Politikerin forderte eine Abschaffung der 
sogenannten Optionspflicht. Mit Erreichen des 23. Lebensjahres müssen sich Zuwandererkinder mit doppeltem 
Pass für eine Staatsbürgerschaft entscheiden. Öney bemängelte, dass diese Regelung des Bundes nicht der 
Realität einer modernen Einwanderungsgesellschaft entspreche. „Sie ist ein integrationspolitischer Irrweg, denn sie 
schafft nicht nur Deutsche erster und zweiter Klasse, sondern auch Staatsbürger auf Zeit."""
2013-01,Main Corpus,2013-01(42).ZIP,Razzia gegen Einbrecherbanden.PDF,C:\PythonProjects\AfD-project\Corpora\Main Corpus\2013-01\raw_unarchive\Razzia gegen Einbrecherbanden.PDF,Razzia gegen Einbrecherbanden,razzia gegen einbrecherbanden,Rheinische Post,rheinische post,11. Januar 2013 Freitag,Von christian schwerdtfeger und gERHARD vOOGT,,388,2920,6058514c328dd4e4fbeccf7b1175008159f074fa,,unique,keep,,no,,no,,,4008,no,,,,,"In einer Großaktion haben Hunderte Polizisten im Rheinland Diebesgut und Waffen gefunden. Von christian 
schwerdtfeger und gERHARD vOOGT Düsseldorf Mit einer großangelegten Razzia ist die Polizei im Rheinland 
gegen professionelle Wohnungseinbrecher aus Südosteuropa vorgegangen. Mehr als 2000 Polizisten 
durchsuchten gestern ab den frühen Morgenstunden den ganzen Tag über verdächtige Autos, Wohnungen, Häuser 
und Übergangswohnheime für Flüchtlinge. 
Die Schwerpunkte der Aktion ""Riegel vor im Rheinland"", an der sich 13 Polizeibehörden aus ganz Nordrhein-
Westfalen beteiligten, lagen in Köln, Düsseldorf, Mönchengladbach, im Rhein-Kreis Neuss und im Rheinisch-
Bergischen Kreis. In Köln nahm die Polizei bei Durchsuchungen zweier Flüchtlingsheime sieben Personen in 
Gewahrsam und zwei vorläufig fest. Die beiden Festgenommenen hatten drei scharfe Schusswaffen, die sie in 
einer Tasche verwahrt hatten, aus dem Fenster geworfen, als die Beamten bei ihnen an die Tür klopften. Sie 
stehen in Verdacht, zwei schwere Raubüberfälle auf einen Supermarkt und eine Apotheke in Köln verübt zu haben. 
""Hinter den meisten Einbrüchen dieser Art stecken Banden aus Osteuropa"", sagte der Kölner Einsatzleiter Peter 
Frauenkron. Zudem stellten die Ermittler Diebesgut sicher, das Einbrüchen im Rhein-Sieg-Kreis und Niedersachsen 
zugeordnet werden konnte. NRW-Innenminister Ralf Jäger (SPD) wertete die Razzia als Erfolg. ""Wir haben 
wichtige Erkenntnisse über Personen, Strukturen und Reisewege der Einbrecherbanden erhalten"", erklärte Jäger. 
Verena Schäffer, innenpolitische Sprecherin der Grünen im Düsseldorfer Landtag, wies darauf hin, dass gerade 
einmal 14 Prozent der Einbruchdelikte in NRW aufgeklärt würden. ""Die Tätergruppen sind sehr mobil und bewegen 
sich quer durch Deutschland, so dass es keine regionalen Schwerpunkte mehr gibt"", sagte Schäffer. Es sei deshalb 
richtig, verstärkt gegen kriminelle Einbrecherbanden vorzugehen. Der Landesvorsitzende der Deutschen 
Polizeigewerkschaft, Erich Rettinghaus, forderte die Bundesregierung auf, über eine erneute Visumpflicht für 
Bürger aus Staaten wie Rumänien und Bulgarien nachzudenken. Peter Biesenbach, Innenexperte der CDU in 
NRW, kritisierte die Razzia als ""Show-Aktion"" des Innenministers. ""Es wäre nachhaltiger, wenn Herr Jäger die 
Polizeibehörden bei der Verfolgung der Delikte besser aufstellen würde"", sagte der Unions-Politiker. Derzeit hätten 
die Ermittler für die Aufklärung eines Einbruchs nur eine Stunde Zeit zur Verfügung. Insgesamt stellte die Polizei 
bei den Kontrollen kistenweise Diebesgut sicher. Hunderte verdächtige Personen und Fahrzeuge wurden bei dem 
großangelegten Einsatz kontrolliert. Erst vor wenigen Wochen wurden bereits in Duisburg und Dortmund 
Wohnheime von Ausländern von der Polizei durchsucht. Auch damals hatte die Polizei Hunderte gestohlene 
Gegenstände gefunden. Leitartikel Seite A 2

Razzia gegen Einbrecherbanden"
2013-01,Main Corpus,2013-01(42).ZIP,Roma müssen draußen bleiben ASYLPOLITIK Die Zahl der Asylbewerber aus dem Balkan ist stark gesunken.PDF,C:\PythonProjects\AfD-project\Corpora\Main Corpus\2013-01\raw_unarchive\Roma müssen draußen bleiben ASYLPOLITIK Die Zahl der Asylbewerber aus dem Balkan ist stark gesunken.PDF,Roma müssen draußen bleiben ASYLPOLITIK Die Zahl der Asylbewerber aus dem Balkan ist stark gesunken.,roma müssen draussen bleiben asylpolitik die zahl der asylbewerber aus dem balkan ist stark gesunken,"taz, die tageszeitung",taz die tageszeitung,Dienstag 22. Januar 2013,Tobias Schulze,INLAND; S. 07,562,4041,82c049a93fc4a66a2e2d673e4be847e8852c5502,,unique,keep,,no,,no,,,5780,no,,,,,"BERLIN taz Bundesinnenminister Hans-Peter Friedrich (CSU) hat sein Ziel erreicht: Im Herbst hatte er verkündet, 
den massiven Zustrom serbischer und mazedonischer Staatsangehöriger nach Deutschland stoppen zu wollen. 
Damals, im Oktober, beantragten 2.673 Serben erstmals in Deutschland Asyl. Kurz zuvor hatte das 
Bundesverfassungsgericht entschieden, dass Asylbewerbern mehr Geld zusteht.
Die meisten Flüchtlinge aus dem westlichen Balkan hat Friedrich jetzt offenbar am Einreisen gehindert zumindest 
vorerst. Im Dezember registrierte das Bundesamt für Migration und Flüchtlinge (BAMF) nur noch 302 serbische 
Asylbewerber. Auch der erwartete Ansturm aus Mazedonien, Bosnien-Herzegowina und dem Kosovo brach ab.
Dass die Zahl der Flüchtlinge alljährlich im Dezember sinkt, ist nichts Neues. Es sind vor allem Roma, die 
spätestens im Herbst in Richtung EU reisen. Rechtzeitig vor den kalten Monaten wollen sie ihren 
Lebensbedingungen entfliehen. Im vergangenen Dezember kamen aber so wenige Asylbewerber wie seit Jahren 
nicht und das trotz Rekordzahlen im Oktober.
Warum sich zum Jahresende 2012 weniger Menschen auf den Weg machten? Insbesondere wegen der 
vorrangigen und zügigen Bearbeitung der Anträge , sagte Friedrich, als er die Zahlen kürzlich vorstellte. Seit 
Oktober waren die Mitarbeiter des BAMF angehalten, Akten von Serben, Mazedoniern und Bosniern vor allen 
anderen abzuarbeiten. Als politisch verfolgt erkannten sie keinen Einzigen an. Auf dem Balkan hat sich das 
vermutlich herumgesprochen.
 Die lückenlosen Abschiebungen zeugen von Gewissenlosigkeit , sagt Bernd Mesovic von Pro Asyl. Der 
Innenminister hat das Amt wohl angewiesen, alle Leute abzulehnen. Mesovic berichtet von einer Roma-Frau, die in 
Serbien von Rechtsradikalen angegriffen worden sei. Die serbische Polizei habe ihr nicht geholfen. Trotzdem habe 
das deutsche Bundesamt ihren Asylantrag abgelehnt.

Roma müssen draußen bleiben ASYLPOLITIK Die Zahl der Asylbewerber aus dem Balkan ist stark gesunken. 
Für das Innenministerium ein Erfolg. Pro Asyl kritisiert di....
Das Innenministerium weist die Vorwürfe zurück. Jeder Antrag ist eine Einzelfallentscheidung , sagt Sprecher 
Hendrik Lörges. Es gibt natürlich keine Weisung von oben. Auf EU-Ebene will das Ministerium an einer Forderung 
aus dem Oktober festhalten. In bestimmten Fällen sollte es möglich sein, die Visumfreiheit für einzelne Länder 
auszusetzen , sagt Lörges. Für die betroffenen Balkanstaaten wäre das schmerzhaft.
Als 2009 die Visumpflicht fiel, feierte die Bevölkerung mit Feuerwerk und Konzerten. Die Schlangen vor den EU-
Botschaften in Belgrad, Skopje und Sarajevo verschwanden. Arbeitsgenehmigungen erhalten die Bewohner in der 
EU zwar nur in Ausnahmefällen, doch viele finden trotzdem Wege, im Ausland Geld zu verdienen.
Den Regierungen liegt viel daran, die Visumfreiheit zu erhalten. Schon vor fast zwei Jahren verschärfte die 
serbische Polizei deshalb die Grenzkontrollen. Wer im Verdacht steht, in der EU missbräuchlich Asyl beantragen zu 
wollen, darf das Land oft nicht verlassen. Seit den jüngsten Drohungen, die Visumfreiheit einzuschränken, wird 
noch strenger kontrolliert. Wenn eine Roma-Familie mit sechs Personen im Bus sitzt, wird sie nach dem Zweck der 
Reise gefragt. Hat sie kein Rückreiseticket, muss sie den Bus verlassen , sagt Kenan Emini, Vereinsvorsitzender 
des Roma Center Göttingen.
Laut dem serbischen Auslandsradio plant die serbische Regierung noch striktere Maßnahmen. Das 
Justizministerium wolle falsche Asylbewerbungen serbischer Staatsbürger im Ausland unter Strafe stellen. Dies 
könnte noch mehr Serben davon abhalten, in Deutschland Asyl zu suchen.
Damit wäre das BAMF entlastet. Weil die Asylanträge aus den Balkanstaaten im Dezember abnahmen, wurde auch 
das Pensum der Beamten geringer. Jetzt arbeiten sie die zuletzt liegen gebliebenen Akten ab. Von Antragstellern 
aus Syrien, Afghanistan und anderen Ländern.
TOBIAS SCHULZE
 Wenn eine Roma-Familie kein Rückreiseticket hat, muss sie den Bus verlassen 
KENAN EMINI, ROMA CENTER"
2013-01,Main Corpus,2013-01(42).ZIP,Sie können auch anders KOMMENTAR_ GERNOT KNÖDLER ÜBER DIE POLIZEI.PDF,C:\PythonProjects\AfD-project\Corpora\Main Corpus\2013-01\raw_unarchive\Sie können auch anders KOMMENTAR_ GERNOT KNÖDLER ÜBER DIE POLIZEI.PDF,Sie können auch anders KOMMENTAR: GERNOT KNÖDLER ÜBER DIE POLIZEI,sie können auch anders kommentar gernot knödler über die polizei,"taz, die tageszeitung",taz die tageszeitung,Montag 21. Januar 2013,GERNOT KNÖDLER,HAMBURG AKTUELL; S. 24,202,1421,caacc6e6de6e08d09496f6096f67430ed93b8918,,unique,drop,commentary_noncore,no,,no,,,2102,yes,commentary_noncore,,,,"KOMMENTAR: GERNOT KNÖDLER ÜBER DIE POLIZEI
Das Verhalten der Hamburger Polizei bei der Abschiebedemo am Flughafen-Terminal Tango und bei der 
Kundgebung gegen die Verdrängung missliebiger Leute am Hauptbahnhof unterscheidet sich auffällig. Am 
Hauptbahnhof hat sich die Polizei als Hüterin des öffentlichen Raums und der Bürgerrechte erwiesen; am 
Flughafen hat sie die Bürgerrechte mit Füßen getreten.
Die Polizei ist an Recht und Gesetz gebunden, wozu auch gehört, dass sie immer wieder 
Ermessensentscheidungen treffen muss. Weil die Lagen, in denen Polizisten handeln müssen, oft unübersichtlich 
und schwer zu berechnen sind, kann das schiefgehen, ohne dass es dem betreffenden Polizisten angekreidet 
werden müsste.
Im Falle der Flughafen-Demo, bei dem im Vorfeld vor Gericht über die Modalitäten gestritten wurde, hätte der 
verantwortliche Polizeiführer gute Gründe haben müssen, die Protestaktion vorzeitig abzubrechen. Sein Handeln 
damals wirkt, als habe er sich keinen Deut um die Justiz geschert.
Bei Staatsbürgern, die auf die Hilfe der Justiz angewiesen sind, erzeugt das ein Gefühl der Ohmacht. Und es 
beschädigt das Ansehen der Polizei. Der Einsatzleiter bei der Abschiebedemo hat seinen Kollegen zwar einen 
frühen Feierabend verschafft, unterm Strich aber hat er ihnen einen Bärendienst erwiesen.
Unterm Strich hat der Einsatzleiter bei der Abschiebedemo hat seinen Kollegen einen Bärendienst erwiesen"
2013-01,Main Corpus,2013-01(42).ZIP,Unsittliche Haftbedingungen.PDF,C:\PythonProjects\AfD-project\Corpora\Main Corpus\2013-01\raw_unarchive\Unsittliche Haftbedingungen.PDF,Unsittliche Haftbedingungen,unsittliche haftbedingungen,Südwest Presse,südwest presse,Mittwoch 9. Januar 2013,,Politik; S. 1,263,2095,6ca2b8d334d5773218059b1c514e74c9c4bddf51,,unique,keep,,no,,no,,,3276,no,,,,,"Ein Gericht hat den Urhebern einer Revolte im Abschiebehaftlager von Isola Capo Rizzuto in Kalabrien 
überraschend recht gegeben. Als die Insassen im vergangenen Oktober Matratzen in Brand steckten und 
Einrichtungsgegenstände von den Dächern warfen, handelten sie aus Selbstverteidigung, befanden die 
zuständigen Richter in Crotone. Die Forderung der Staatsanwaltschaft nach einer 18-monatigen Haftstrafe für die 
drei Angeklagten aus Tunesien, Algerien und Marokko wies das Gericht zurück. Stattdessen erinnerte es an deren 
Recht auf menschenwürdige Unterbringung.
Verschmutzte Matratzen ohne Laken, verdreckte Sanitäranlagen sowie zu gering bemessene Nahrungsrationen 
stuft das Urteil als unsittlich ein. Die Gewalt der Angeklagten, die sich eine Woche lang verbarrikadiert hatten, sei 
proportional zur Verletzung ihrer Rechte gewesen. ""Der Qualitätsstandard der Unterbringung muss sich nicht daran 
orientieren, dass die Insassen möglicherweise an prekäre Wohnsituationen gewöhnt sind, sondern ohne rassische 
und soziale Unterschiede am Durchschnittsbürger.""
Die Häftlinge waren von Schleuserbanden illegal nach Süditalien gebracht worden. Einen Teil des Hungerlohns für 
ihre Arbeit in der Landwirtschaft zogen die Menschenhändler ihnen für die Unterbringung in abbruchreifen 
Baracken ab. Die Aufnahmelager für illegale Einwanderer seien vielfach überfüllt und entsprächen nicht den 
Mindestanforderungen an eine menschenwürdige Unterbringung. Trotzdem - auch wenn die Lebensbedingungen 
der illegalen Einwanderer außerhalb der Gefängnisse vielfach unwürdig sein sollten - müsse der Staat ihnen 
annehmbare Haftbedingungen bieten, fordern die Richter von Crotone.
Über unmenschliche Haftbedingungen klagen allerdings nicht nur illegale Einwanderer. Der Europäische 
Gerichtshof für Menschenrechte verurteilte Italien wegen Überfüllung der Gefängnisse zur Zahlung von 100 000 
Euro Entschädigung an sieben Häftlinge, die mit weniger als drei Quadratmetern pro Person auskommen müssen. 
Vor dem Straßburger Gericht sind weitere 550 entsprechende Verfahren italienischer Kläger anhängig."
2013-01,Main Corpus,2013-01(42).ZIP,Ursula von der Leyens schöne Fachkräftewelt Die Arbeitsministerin sieht erste Erfolge ihrer Offensiv.PDF,C:\PythonProjects\AfD-project\Corpora\Main Corpus\2013-01\raw_unarchive\Ursula von der Leyens schöne Fachkräftewelt Die Arbeitsministerin sieht erste Erfolge ihrer Offensiv.PDF,Ursula von der Leyens schöne Fachkräftewelt; Die Arbeitsministerin sieht erste Erfolge ihrer Offensive.,ursula von der leyens schöne fachkräftewelt die arbeitsministerin sieht erste erfolge ihrer offensive,Die Welt,die welt,Donnerstag 24. Januar 2013,Stefan Von Borstel,POLITIK; S. 4; Ausg. 20,839,6495,62b6bac70636e88dd3ff07b63856538b9b1887e2,,unique,keep,,no,,no,,,8075,no,,,,,"Die Fachkräfteoffensive der Bundesregierung zeigt nach den Worten von Arbeitsministerin Ursula von der Leyen 
(CDU) erste Erfolge: So steige die Erwerbstätigkeit bei Frauen und Älteren. Zudem gewinne Deutschland immer 
mehr gut qualifizierte Menschen aus dem Ausland. Die Zahlen zeigten aber auch, dass das Potenzial insbesondere 
bei den Frauen bei Weitem nicht ausgeschöpft sei, kritisierte die Ministerin. Die Opposition verwies dagegen auf 
den steigenden Fachkräftemangel in Deutschland und warf der Regierung Versagen vor.
Zuvor hatte das Kabinett den Fortschrittsbericht 2012 der Ministerin zur Fachkräftesicherung beschlossen. Die 
Bundesregierung hatte im Juni 2011 ein langfristig angelegtes Konzept zur Sicherung der Fachkräftebasis 
beschlossen. Allein aus demografischen Gründen wird das Arbeitskräftepotenzial in Deutschland bis zum Jahr 
2025 um 6,5 Millionen Menschen schrumpfen. Wichtigste Stellschrauben im Kampf gegen den Fachkräftemangel 
sind die Aktivierung und Qualifizierung von Arbeitslosen, eine höhere Erwerbsbeteiligung von Frauen und Älteren 
sowie eine verstärkte Zuwanderung.
Ministerin von der Leyen gestand ein, bereits heute gebe es Engpässe an qualifizierten Arbeitskräften in 
verschiedenen Berufen und Regionen. Dabei gehe es längst nicht mehr nur um fehlende Akademiker wie Ärzte und 
Ingenieure, sondern auch um Nichtakademiker wie Lokführer oder Handwerker, etwa im Bereich Sanitär und 
Heizung.
Arbeitgeber und Handelskammern pochten auf weitere Anstrengungen der Politik. Die Fachkräftesicherung sei ein 
„Kernanliegen der deutschen Wirtschaft"", sagte Arbeitgeberpräsident Dieter Hundt der „Welt"". Vor allem im 
naturwissenschaftlich-technischen Bereich hätten sich die Schwierigkeiten bei der Stellenbesetzung in letzter Zeit 
weiter verschärft. Hundt lobte die Erleichterungen für die Zuwanderung ausländischer Fachkräfte. „Mit Blick auf die 
inländischen Arbeitskräftepotenziale sind aber weitere Anstrengungen notwendig"", forderte Hundt. Der Deutsche 

Ursula von der Leyens schöne Fachkräftewelt; Die Arbeitsministerin sieht erste Erfolge ihrer Offensive. 
Arbeitgeberpräsident Hundt verlangt mehr Anstrengungen
Industrie- und Handelskammertag (DIHK) erklärte, fast jedes dritte Unternehmen könne offene Stellen zwei Monate 
und länger nicht besetzen. Dies entspreche etwa einer Million Arbeitsplätzen. Für DIHK-Vizegeschäftsführer Achim 
Dercks „ein deutliches Signal, dass die Anstrengungen zur Fachkräftesicherung nicht nachlassen dürfen"".
Trotz der höheren Beschäftigungsquote von Frauen und Älteren sieht auch das Arbeitsministerium weiteren 
Handlungsbedarf im Kampf gegen den Fachkräftemangel. So gebe es Potenzial hinsichtlich der geringen 
Arbeitszeit von Frauen, bei der Kinderbetreuung, der hohen Zahl der frühen Schulabgänger und bei der Integration 
von Migranten in den Arbeitsmarkt, heißt es in dem Fortschrittsbericht.
Die Ministerin kündigte ein Programm für 25- bis 35-jährige Arbeitslose ohne Berufsabschluss an. Sie sollten eine 
„zweite Chance"" für eine Berufsausbildung bekommen, finanziert von der Bundesagentur für Arbeit. Zudem soll 
Frauen die Rückkehr in die Vollzeitarbeit leichter gemacht werden. Von den Frauen sind zwar inzwischen 72 
Prozent berufstätig. Allerdings arbeiten 45 Prozent lediglich Teilzeit, obwohl viele von ihnen gern länger arbeiten 
wollen. „Wir müssen in Zukunft glattere Übergänge von der Teilzeit zurück in die Vollzeit schaffen"", sagte sie, ohne 
weitere Details zu nennen.
Auch beim Thema Zuwanderung sieht von der Leyen noch Verbesserungsbedarf. „Wir sollten weiter daran 
arbeiten, Deutschland zum Magneten für Hochqualifizierte auf dem globalen Arbeitsmarkt zu machen"", sagte sie. 
Immerhin sei es gelungen, im vergangenen Jahr 340.000 Zuwanderer zu gewinnen. Auch die Qualifikation der 
Zuwanderer werde immer besser, mittlerweile seien 44 Prozent von ihnen Akademiker. Sie verwies auf die neue 
Blue Card, von der mittlerweile 1600 vergeben worden seien, sowie die erleichterte Anerkennung von 
Berufsabschlüssen. Mit 139 Millionen Euro soll die Mobilität von Jugendlichen insbesondere aus Südeuropa 
gefördert werden. Sie sollen in Deutschland, wo Zehntausende von Lehrstellen unbesetzt bleiben, eine 
Berufsausbildung beginnen. Für Arbeitskräfte außerhalb Europas werde zudem die Beschäftigungsverordnung 
geändert. „Wenn es wie etwa in der Pflege eindeutig an Fachkräften mangelt, müssen wir auch junge Menschen 
aus Nicht-EU-Staaten anwerben"", sagte der FDP-Arbeitsmarktpolitiker Johannes Vogel der „Welt"". „Zu einer 
modernen Zuwanderungspolitik gehört es, Talente aus der ganzen Welt zu werben, davon profitieren alle."" Dies 
dürfe sich nicht nur auf Akademiker beschränken. Es sei deshalb richtig, dass die Bundesregierung die 
Beschäftigungsverordnung jetzt anpasst.
Die Opposition zog dagegen eine vernichtende Bilanz der Fachkräfteoffensive. „Frau von der Leyen hat die 
Gewinnung von Fachkräften verschlafen"", kritisierte SPD-Vizechefin Manuela Schwesig. Die Bundesregierung 
gebe über eine Milliarde Euro für das Betreuungsgeld aus, damit Frauen zu Hause bleiben, anstatt sie als 
Fachkräfte für den Arbeitsmarkt zu gewinnen. Auch für die Jugend müsse es mehr Initiativen geben, sagte 
Schwesig. Massive Investitionen in Aus- und Weiterbildung forderte die grüne Fraktionschefin Renate Künast. Sie 
verlangte zudem ausreichende Betreuungsangebote durch öffentliche Kitas und Ganztagsschulen. Außerdem 
brauchten Eltern ein Rückkehrrecht in Vollzeitbeschäftigung. „Nichts davon packt Merkel an"", monierte Künast.
Kritik kam auch von den Gewerkschaften. „Die Fachkräftesicherung funktioniert allenfalls bei der Zuwanderung"", 
erklärte DGB-Vorstand Annelie Buntenbach. Bei der Ausschöpfung des Fachkräftepotenzials im Inland gebe es 
dagegen Defizite. „Fachkräftesicherung gibt es nicht zum Nulltarif"", meinte Buntenbach und forderte mehr Geld für 
die Qualifizierung von Arbeitslosen. Immer noch seien zu viele Jugendliche in Warteschleifen, weil sie keinen 
Ausbildungsplatz finden könnten. „Wenn es tatsächlich Fachkräftebedarf gibt, muss zunächst hier angesetzt 
werden.""
„Mit Blick auf das inländische Potenzial sind weitere Anstrengungen nötig"", Dieter Hundt, Arbeitgeberpräsident
Graphic
 
dpa/Soeren Stache
Ursula von der Leyens schöne Fachkräftewelt; Die Arbeitsministerin sieht erste Erfolge ihrer Offensive. 
Arbeitgeberpräsident Hundt verlangt mehr Anstrengungen
Bundesarbeitsministerin Ursula von der Leyen (CDU) am Mittwoch im Kabinett
Jörn Baumgarten
Soeren Stache"
2013-01,Main Corpus,2013-01(42).ZIP,Verwaltung durfte nur so handeln.PDF,C:\PythonProjects\AfD-project\Corpora\Main Corpus\2013-01\raw_unarchive\Verwaltung durfte nur so handeln.PDF,Verwaltung durfte nur so handeln,verwaltung durfte nur so handeln,Rheinische Post,rheinische post,21. Januar 2013 Montag,,,314,2092,bd9e862e1290d0d43fc448e090ffcce547b5f78a,,unique,keep,,no,,no,,,2715,no,,,,,"Abschiebung Duda Ich danke für die sachliche Berichterstattung über den Ablauf der ""Abschiebung"" von Vater 
und Tochter Duda und danke ebenso unseren Mitbürgern, die sich zu dem notwendigen Mitgefühl mit Vater und 
Tochter Duda bekannt haben. Auch die Schilderung der ""Rechtslage, die die Verwaltung gezwungen hat zu 
handeln, wie sie es getan hat, ist so korrekt und vollständig wie möglich erfolgt.Aberr verständlich ist das Ereignis 
nicht, wenn nicht der geschichtliche Hintegrund für diese ""Rechtslage"" mit eingeblendet und bewusst gemacht wird. 
Er ist zu finden im Streit um das Asylrecht-Srtikel 16 des Grundgesetzes, der in den 80er und 90er Jahren des 
vorigen Jahrhunderts die Bundesrepublik in erhebliche politische Turbulenzen gestürzt hat. 
 Artikel 16 des Grundgesetzes lautet in der Urfassung: ""Politisch Verfolgte genießen Asylrecht."" Dass aus diesem 
Grundrecht ein Schlüssel zur Flucht von Menschen aus vielen Ländern nach Deutschland, vor allem aus Ländern 
mit Bürgerkriegen wurde, war bei der Formulierung des Grundgesetzes 1946 nicht absehbar. Wer sich über den 
geschichtlichen Hintergrund der ""Abschiebung"" informieren will, dem empfehle ich, im Internet auf die Suche zu 
gehen, was über das ""Bundesamt für Migration und Flüchtlinge"" und den ""Asylkompromiss"" und bis hin zu den 
Berichten der Innenministerkonferenz des Bundes und der Länder vom 16. 12. 2012 zu erfahren ist. Er wird 
staunen, wie viele berichte es zum Thema Asyl und Flüchtlinge zu finden sind. Und wer sich die reinen 
Gesetzestexte zum ""Aufenthaltsrecht"" bis hin zur ""Abschiebung"" - die Texte der Verwaltungsvorschriften zu diesen 
Sachgebieten habe ich nicht herausgefunden - ansiegt, wird finden, dass die Verwaltung auf allen stufen nicht 
anders hat handeln dürfen, als sie es getan hat. Wer die Wiederholung von solchen Vorkommnissen in der Zukunft 
verhindern will, muss sich wohl oder übel im weiten Feld der Politik - gleichviel ob vor Ort, im Land, im Bund oder in 
Europa - selbst einbringen: ""Es gibt nichts Gutes, es sei denn, man tut es"", sagte Eric Kästner. Werner Behr, 
Hoffnung 9"
2013-01,Main Corpus,2013-01(42).ZIP,"Vier Fragen an Josef Joffe Was macht die Welt_ Sich vor Rösler stellen, Reiche zu Putin schicken, Ti.PDF","C:\PythonProjects\AfD-project\Corpora\Main Corpus\2013-01\raw_unarchive\Vier Fragen an Josef Joffe Was macht die Welt_ Sich vor Rösler stellen, Reiche zu Putin schicken, Ti.PDF","Vier Fragen an Josef Joffe Was macht die Welt? Sich vor Rösler stellen, Reiche zu Putin schicken,",vier fragen an josef joffe was macht die welt sich vor rösler stellen reiche zu putin schicken,Der Tagesspiegel,der tagesspiegel,Montag 7. Januar 2013,,TITEL; S. 1; Ausg. 21564,410,2798,63cd4ba51775244a7caff2bb72f99ac265b3fdbf,,unique,keep,,no,,no,,,3856,no,,,,,"In den USA wurde der Haushaltsstreit beigelegt. Wie weit ist es noch bis zur nächsten Klippe?
Etwa bis März, führt doch Obamas Sieg gegen die Republikaner bloß zu höheren Steuern. Die Einsparungen 
wurden verschoben, die Schulden steigen. Merke: Allenfalls in kleinen Krisenländern, die unter Kuratel stehen, 
werden Ausgaben gesenkt; in den großen kann nur an den Einnahmen gedreht werden. Im ""Niedrigsteuerland"" 
Amerika klettert der Spitzensteuersatz in manchen Staaten auf über 50 Prozent. Bereiten wir uns auf eine 
Flüchtlingswelle nach Deutschland vor.
Hollandes Reichensteuer in Frankreich: Wie patriotisch müssen Reiche sein?
Gar nicht. Die richtig Reichen zahlen überall wenig Steuern, weil sie gute Berater haben oder vom Kapitalertrag 
leben, der geringer besteuert wird. Bluten müssen immer die Abermillionen von Gehaltsempfängern, die an der 
Quelle abkassiert werden. Hollande macht auf Klassenkampf, der Auswanderer Depardieu haut in gleich grober Art 
zurück. And the winner is ... Putin, der dem Star die Staatsbürgerschaft verleiht. So viel Humor hätte WmdW ihm 
nie zugetraut. Aber wie sagte schon K. Marx? Reiche aller Länder, vereinigt euch! In Russland.
Das Wiesenthal-Zentrum nennt Jakob Augstein einen Antisemiten. Ist er einer?
WmdWs neuestes Vergangenheitsbewältigungsgesetz lautet: ""Es ist heute schlimmer, jemanden einen Antisemiten 
zu nennen, als einer zu sein."" Es gibt in der Tat kaum richtigen Antisemitismus (AS), weil der tabu ist, aber umso 
mehr abgeleiteten AS, in dem Israel die Rolle des Juden als Schuldigen übernimmt und der sich hinter 
unbewussten Abwehrmechanismen verbirgt, etwa: ""Man wird doch wohl Israel kritisieren dürfen."" Natürlich darf 
man das, und das geschieht ausgiebig und lustvoll, egal, wer gerade Israel regiert. Einer, der das ""riechen"" konnte, 
war Joschka Fischer, der 2004 auf einer AS-Konferenz von einer ""bestimmten Art über Amerika, auch über Israel, 
zu reden"" sprach. Dass Linke keine AS sein können, hat schon Marx in seinem Pamphlet ""Zur Judenfrage"" an sich 
selbst widerlegt. Ein weites Feld, das sich wie der Alt-AS mit rationalen Argumenten nicht beackern lässt und in die 
Tiefenpsychologie gehört; siehe ""Schuldabwehr und -projektion"".
Ein Wort zum Außenminister ...

Vier Fragen an Josef Joffe Was macht die Welt? Sich vor Rösler stellen, Reiche zu Putin schicken, 
Tiefenpsychologie betreiben
Guido W., inzwischen mit neuer Autorität versehen, hält sich im FDP-Nachfolgekrieg bedeckt, derweil die 
Möchtegern-Chefs den jetzigen demontieren. WmdW hätte es gern weniger verlogen, kennt aber die Grundregel 
des deutschen Machtkampfes: Wer wie Brutus als Erster den Dolch führt, wird nicht selber gesalbt. Man möchte 
sich schon aus Fairness-Gründen vor Rösler stellen.
Josef Joffe ist Herausgeber der ""Zeit"". Fragen: fal"
2013-01,Main Corpus,2013-01(42).ZIP,Viermal Hilfe aus Deutschland.PDF,C:\PythonProjects\AfD-project\Corpora\Main Corpus\2013-01\raw_unarchive\Viermal Hilfe aus Deutschland.PDF,Viermal Hilfe aus Deutschland,viermal hilfe aus deutschland,"taz, die tageszeitung",taz die tageszeitung,Montag 21. Januar 2013,,AUSLAND; S. 10,128,949,f72853f6e367af663dd5316702a197ce3cd92d7c,,unique,keep,,no,,no,,,1843,no,,,,,"Bundesaußenminister Guido Westerwelle (FDP) hat im Kampf gegen die Islamisten in Mali am Sonntag in Berlin 
Unterstützung in vier Bereichen zugesagt: Logistische Hilfe beim Truppentransport nach Mali sowie eine 
Beteiligung an der EU-Mission zur Ausbildung der Truppen. Auch solle humanitäre Hilfe für die wachsende Zahl der 
Flüchtlinge geleistet werden. Zudem werde Deutschland bei der Geberkonferenz Ende des Monats im äthiopischen 
Addis Abeba denjenigen Staaten finanzielle Zusagen machen, die sich an dem Einsatz der westafrikanischen 
Wirtschaftsgemeinschaft Ecowas in Mali beteiligten. CDU, SPD und Grüne hatten am Wochenende kritisiert, die 
Entsendung zweier Transallmaschinen reiche bei Weitem nicht aus. Der ehemalige Generalinspekteur der 
Bundeswehr, Harald Kujat, schloss derweil einen Einsatz deutscher Kampftruppen nicht mehr aus. Laut einer 
Umfrage teilt nur etwa ein Drittel der deutschen Bevölkerung diese Auffassung. (dpa, afp)"
2013-01,Main Corpus,2013-01(42).ZIP,Wer ist ein Flüchtling_.PDF,C:\PythonProjects\AfD-project\Corpora\Main Corpus\2013-01\raw_unarchive\Wer ist ein Flüchtling_.PDF,Wer ist ein Flüchtling?,wer ist ein flüchtling,Der Tagesspiegel,der tagesspiegel,Sonntag 13. Januar 2013,,LESERBRIEFE; S. 14; Ausg. 21570,699,5150,c8c85ee031f9a85d2170df975d37fd8c1823cb65,,unique,drop,reader_letter,no,,no,,,5987,yes,reader_letter,,,,"""Überwintern im Zirkuszelt"" vom 5. Januar
Ich halte es für angebracht, den Betroffenheits- und Engagement-Overkill beim Thema Asyl auf ein rationales 
Niveau zurückzuführen. Dies beginnt damit, dass man aufhört, jeden, der sich um Asyl in Deutschland bemüht, von 
vornherein pauschal als ""Flüchtling"" zu bezeichnen. Es handelt sich dabei primär um einen Personenkreis, der 
behauptet, Flüchtling zu sein. Die Zahlen kann man beim ""Bundesamt für die Anerkennung ausländischer 
Flüchtlinge"" abrufen.
Wer zu uns kommt, sind die Kinder der Bevölkerungsexplosion, die sich seit 30-50 Jahren in den unterentwickelten 
Ländern abspielt. Es liegt auf der Hand, dass die Wirtschaftsentwicklung in diesen Ländern nicht mit der 
Bevölkerungsentwicklung Schritt halten konnte und dementsprechend Wanderungsbewegungen in Richtung 
Wohlstandsinsel Europa stattfinden.
Kann irgendjemand glauben, dass ausgerechnet das überbevölkerte Deutschland die Menschenüberschüsse der 
unterentwickelten Länder aufnehmen kann? Dass Zuwanderer unsere Renten und Pensionen sicher machen, ist 
Edelschwätzerei von Politikern, die aus opportunistischen Gründen nicht wagen, der Realität ins Auge zu sehen.
Hubert Kolb, Berlin-Tiergarten
Werfen wir einen Blick in die Genfer Flüchtlingskonvention, die am 28.7.1951 von den Vereinten Nationen 
verabschiedet wurde: Hier finden wir im Artikel 1 die völkerrechtlich verbindliche Definition des Begriffs Flüchtling: 
Ein Flüchtling ist demnach eine Person, die ""aus der begründeten Furcht vor Verfolgung wegen ihrer Rasse, 
Religion, Nationalität, Zugehörigkeit zu einer bestimmten sozialen Gruppe oder wegen ihrer politischen 
Überzeugung sich außerhalb des Landes befindet, dessen Staatsangehörigkeit sie besitzt ..."". Dieses ""Abkommen 
über die Rechtsstellung der Flüchtlinge"" wurde von 147 Staaten unterzeichnet.
Die Bundesrepublik Deutschland ratifizierte dieses internationale Dokument am 1.12.1953 und verpflichtete sich 
somit zur Einhaltung dieser Prinzipien. Auf nationaler Ebene wurde das Recht auf politisches Asyl in das 
Grundgesetz aufgenommen: ""Politisch Verfolgte genießen Asylrecht."" (GG, Art. 16 a). Auch wenn die 1992/93 
erfolgte Verfassungsänderung zu einer deutlichen Verschärfung und Aushöhlung des Asylrechts geführt hat, so ist 
das Recht auf politisches Asyl bis heute ein elementares Menschenrecht und verfassungsrechtlich verankert.

Wer ist ein Flüchtling?
Daraus ergibt sich die menschenrechtliche Verpflichtung, dass der Antrag eines Asylbewerbers geprüft werden 
muss. Wenn nun behauptet wird, dass eine Person, deren Asylantrag zurückgewiesen wurde, kein Flüchtling sei, 
so ist das eine falsche Behauptung.
Werfen wir einen Blick in die Statistik des Bundesamts für Migration und Flüchtlinge (BAMF): Im Jahr 2012 (Januar 
bis November 2012) fanden ca. 56 000 Entscheidungen über Asylanträge statt. 1,2 Prozent aller 
Asylbewerber/innen wurden nach Art. 16 a GG als Asylberechtigte anerkannt. Weitere 26,6 Prozent aller 
Asylbewerber/innen, über deren Antrag im Jahr 2012 entschieden wurde, durften aufgrund des völkerrechtlichen 
Verbots der Abschiebung und Zurückweisung von Personen, deren Leib und Leben im Herkunftsland bedroht ist ( § 
60 Abs . 1 des AufenthG) nicht abgeschoben werden und ""genießen"" somit einen Abschiebeschutz (BAMF, 
Aktuelle Zahlen zu Asyl 2012). Abgelehnt wurden im Jahre 2012 50,2 Prozent aller bearbeiteten Asylanträge. Aber 
auch hier wäre es vermessen, den Menschen abzusprechen, dass es sich um Flüchtlinge handelt.
Erwähnenswert ist, dass in den Staaten der EU eine unterschiedliche Praxis der Anerkennung von Asylanträgen 
vorherrscht, so dass die Anerkennungsquote einer bestimmten Gruppe von Flüchtlingen von Land zu Land 
unterschiedlich ist. In der Bundesrepublik Deutschland wurde
z. B. bis 2005 geschlechtsspezifische Verfolgung nicht als Asylgrund anerkannt, in anderen EU-
Staaten hingegen wurden z. B. Asylbewerberinnen, die aus Gründen ihrer Geschlechtszugehörigkeit verfolgt 
wurden, sehr wohl als asylberechtigt anerkannt.
In Vergessenheit gerät auch häufig, welche Anstrengungen die EU unternimmt, um die EU-Außengrenzen 
militärisch zu sichern. Zu diesem Zweck wurde im Oktober 2004 Frontex (""Europäische Agentur für die operative 
Zusammenarbeit an den Außengrenzen"") errichtet. Betrug deren Budget im Jahre 2005 noch 6,2 Millionen Euro, so 
verfügte sie im Jahre 2011 bereits über ein jährliches Budget von ca. 88 Millionen Euro. Die Praxis von Frontex hat 
auch den Europäischen Gerichtshof (EuGH) in den letzten Jahren beschäftigt. In seinem Urteil vom 5.9.2012 legte 
der EuGH fest, dass die Frontex-Patrouillen das Zurückweisungsverbot nach der Genfer Flüchtlingskonvention 
beachten müssten. Auch an diesem Beispiel wird deutlich, dass wir es in Fragen des Flüchtlingsschutzes weder mit 
einem ""Betroffenheits- und Engagement-Overkill"" noch mit einer ""Edelschwätzerei"" zu tun haben, sondern mit 
Fragen der universellen Menschenrechte.
- Gudrun Hentges/Justyna Staszczak: Geduldet, nicht erwünscht. Stuttgart 2010
- Prof. Dr. Gudrun Hentges lehrt am Fachbereich
Sozial- und Kulturwissenschaften, Hochschule Fulda
Graphic
 
Foto: Volker Hinnenkamp"
2013-01,Main Corpus,2013-01(42).ZIP,Willkommen in Hückeswagen.PDF,C:\PythonProjects\AfD-project\Corpora\Main Corpus\2013-01\raw_unarchive\Willkommen in Hückeswagen.PDF,Willkommen in Hückeswagen,willkommen in hückeswagen,Rheinische Post,rheinische post,3. Januar 2013 Donnerstag,,,149,1101,fbb85c4d4985c6da3e58bae8647ef4f68460db6f,,unique,keep,,no,,no,,,1595,no,,,,,"Kommentar Willkommen in Hückeswagen Der Portugiese Amando Sá Rodrigues kam 1964 nach Deutschland. 
Am Bahnhof in Köln-Deutz wurde ihm ein festlicher Empfang bereitet, und als Geschenk gab's ein Moped. Denn: 
Amando Sá Rodrigues war als der einmillionste Gastarbeiter in die Bundesrepublik eingereist - und willkommen im 
Wirtschaftswunderland, zumindest als Arbeitskraft. Die Geschichte des Portugiesen wird sich so nicht wiederholen, 
denn die Gastarbeiter der ersten Generation waren beruflich wenig qualifiziert. Jetzt wird um die jungen hoch 
Qualifizierten geworben, gerne auch in ganz Europa. Warum sollten sie nicht auch in Hückeswagen willkommen 
sein? Die Stadt schrumpft, parallel dazu steigt der Altersdurchschnitt. Mit Zuzügen junger Europäer kann der 
Prozess sicher nicht umgekehrt, wohl aber abgebremst werden. Derzeit haben nur gut 800 von insgesamt rund 15 
900 Hückeswagenern eine ausländische Staatszugehörigkeit. Vor ""Überfremdung"" muss sich also wirklich niemand 
fürchten. Weitere Zuwanderer sollten willkommen sein - und diesmal nicht nur als Arbeitskräfte. Brigitte 
Neuschäfer"
2013-01,Main Corpus,2013-01(42).ZIP,Willkommen zurück Der Wolf wandert nach Brandenburg ein - Gegner und Freunde einigen sich auf einen.PDF,C:\PythonProjects\AfD-project\Corpora\Main Corpus\2013-01\raw_unarchive\Willkommen zurück Der Wolf wandert nach Brandenburg ein - Gegner und Freunde einigen sich auf einen.PDF,Willkommen zurück Der Wolf wandert nach Brandenburg ein - Gegner und Freunde einigen sich auf einen Plan,willkommen zurück der wolf wandert nach brandenburg ein  gegner und freunde einigen sich auf einen plan,Berliner Zeitung,berliner zeitung,Freitag 11. Januar 2013,Jens Blankennagel,LOKALES; S. 20; Ausg. 9,697,4645,548f404dee1428ab3aec072d9b175e375b3d9e3a,,unique,keep,,no,,no,,,5641,no,,,,,"POTSDAM. Wohl kaum ein anderes wildes Tier löst in Brandenburg mehr Ängste aus als der Wolf. Dabei ist er ein 
echter Neuling: Das seit 150 Jahren ausgerottete Raubtier wandert erst seit Ende der 90er Jahre aus Polen nach 
Deutschland ein - zuerst nach Sachsen und von dort seit 2007 auch nach Brandenburg. Da die scheuen Wölfe, die 
meist auf verlassenen Truppenübungsplätzen leben, aber ab und zu Schafe und Kälber reißen, geht die Angst um. 
Gestritten wird, ob die Rückkehr der europaweit streng geschützten Wölfe ein Gewinn ist, ob die Schäden durch sie 
zu groß werden und ob die Einwanderung aufgehalten werden sollte? Nach jahrelangen Diskussionen vor allem 
zwischen Tierschützern und Nutztierhaltern gibt es nun seit Donnerstag einen ""Managementplan für den Wolf in 
Brandenburg"", der für die nächsten fünf Jahre gilt.
""Wir wollen dauerhaft mit dem Wolf leben"", sagte Umweltministerin Anita Tack (Linke) in Potsdam bei der 
Unterzeichnung des Plans. ""Das Artensterben geht weltweit weiter, da ist es doch ein positives Beispiel, dass der 
Wolf sich bei uns von ganz allein wieder ansiedelt.""
Neun Rudel im Süden des Landes
Bei dem Managementplan gehe es nicht darum, die weitere Ausbreitung der Wölfe aktiv zu betreiben. ""Die 
kommen von ganz allein"", sagte Tack. Der Managementplan richtet sich an die Menschen und bündelt alle 
Maßnahmen, die nötig sind, damit das Zusammenleben von Wolf und Mensch möglichst konfliktarm verläuft. ""Es 
geht vor allem um Aufklärung, es geht um die Entschädigung von Landwirten, wenn ihre Nutztiere gerissen werden, 
und es geht darum, dass ihre Herden künftig besser geschützt werden.""
Das öffentliche Klima solle so verbessert werden, dass die Bevölkerung die dauerhafte Anwesenheit des Wolfes 
akzeptiert. Bei allem Wohlwollen für den Wolf sei aber eine Sache klar: ""Die Sicherheit von Menschen steht an 
erster Stelle"", sagte die Ministerin.
Derzeit leben in Brandenburg etwa 75 bis 90 Wölfe vor allem in Gebieten weit südlich von Berlin, mindestens 44 
Welpen wurden dort geboren. Die neun Rudel verteilen sich über einen breiten Gürtel von der Lausitz ganz im 
Osten über die Spreewaldregion bis zur westlichen Flämingregion. Wölfe fressen fast ausschließlich Wildtiere, aber 
wenn sie irgendwo angepflockte Ziegen oder nicht eingezäunte Schafe finden, verzichten sie gern auf die Jagd. 

Willkommen zurück Der Wolf wandert nach Brandenburg ein - Gegner und Freunde einigen sich auf einen Plan 
für den Umgang
Insgesamt gab es landesweit bislang 83 Angriffe, bei denen Wölfe 363 Nutztiere töteten: 303 Schafe, 51 Mal 
Damwild, fünf Kälber und vier Ziegen. Als Entschädigung zahlte das Land den Tierhaltern dafür 58746,21 Euro. 
Solche freiwilligen Entschädigungen will das Land auch weiterhin gewähren, aber nur dann, wenn die Tierhalter 
nach dem ersten Wolfsriss ihre Tiere auch durch Zäune und Herdenschutzhunde sichern. Diese 
Präventionsmaßnahmen sollen weiter mit Fördermitteln unterstützt werden. Bislang wurden 380500 Euro gezahlt.
Der Bauernverband stimmte dem Plan zwar zu, fordert aber, dass die Entschädigungszahlungen nicht nur freiwillig 
durch das Land erfolgen, sondern dass die Bauern darauf einen Rechtsanspruch haben. ""Wenn die Gesellschaft 
will, dass der Wolf wieder hier lebt, dann wollen wir eine Entschädigung"", sagte Matthias Schannwell. Sonst könnte 
es dazu kommen, dass Schäfer und Wildtierhalter irgendwann auf die Rote Liste der vom Aussterben bedrohten 
Arten kämen.
""Außerdem wollen wir, dass das Land darauf hinwirkt, dass der Schutzstatus des Wolfes gelockert wird"", sagte 
Schannwell. Das langfristige Ziel der Bauern sei, dass irgendwann eine Obergrenze für die Anzahl der Wölfe 
festgeschrieben wird und klar festgelegte Gebiete, in denen sie geduldet werden. ""Wir wären dafür, den Bestand 
der Wölfe zu begrenzen.""
Doch dies lehnen nicht nur die Naturschützer ab, auch die Umweltministerin sieht in den nächsten Jahren keine 
Chance, die EU-Gesetze zu ändern. ""Dafür ist keine Mehrheit in Sicht"", sagte Tack.
Das Problem beim Wolf ist, dass die Angst lange tradiert ist. Seit dem Mittelalter gilt er als Inkarnation des Bösen - 
nicht nur im Märchen. Dabei ist die Gefahr für Menschen äußerst gering, sagte Professor Heinz Röhle von der 
Technischen Universität Dresden. Er vermittelte zuerst in Sachsen und nun in Brandenburg zwischen 
Naturschützern, Tierhaltern und Jägern und ermöglichte in beiden Ländern die Managementpläne. ""Europaweit gab 
es in den vergangenen 50 Jahren nur zwei tödliche Angriffe von Wölfen in freier Wildbahn."" Der Wolf sei äußerst 
scheu. Seit vier Jahren versucht Röhle, mal einen zu sehen. ""Es ist mir nicht gelungen. Leider."""
2013-01,Main Corpus,2013-01(42).ZIP,Wohlfahrtsverbände sehen kein Problem mit Sinti und Roma.PDF,C:\PythonProjects\AfD-project\Corpora\Main Corpus\2013-01\raw_unarchive\Wohlfahrtsverbände sehen kein Problem mit Sinti und Roma.PDF,Wohlfahrtsverbände sehen kein Problem mit Sinti und Roma,wohlfahrtsverbände sehen kein problem mit sinti und roma,Rheinische Post,rheinische post,29. Januar 2013 Dienstag,von fabian spiess,,354,2700,a757a2bb2afed8b298bfc043e9a076cdee0016e7,,unique,keep,,no,,no,,,3628,no,,,,,"Die Arbeitsgemeinschaft der Verbände der Freien Wohlfahrtspflege Duisburg hat sich mit dem Thema 
Zuwanderung aus Südosteuropa befasst. Nach Einführung der uneingeschränkten Freizügigkeit im kommenden 
Jahr wird die Migration aus Polen, Bulgarien und Rumänien nach Einschätzung der Verbände (AWO Duisburg, 
Diakonie, Parität, DRK, Jüdische Gemeinde Duisburg und Caritas Duisburg) weiter zunehmen. Die Bundesrepublik 
habe es versäumt, Sozialsystem und Arbeitsmarkt, obwohl von der Europäischen Union gefordert, auf die EU-
Erweiterung einzustellen. 
Die Duisburger müssten die Integration der Zugewanderten dann alleine stemmen. Dies sei in der Vergangenheit 
gelungen. So gehörten die vor Jahrzehnten Zugewanderten heute zur Aufnahmegesellschaft für die neuen 
Migranten, heißt es in der Stellungnahme. Die Wohlfahrtsverbände lehnen es ab, Integrationsprobleme vorrangig 
oder ausschließlich mit Herkunft oder Volkszugehörigkeit zu begründen. Schon früher seien tausende Roma als 
Arbeiter aus dem ehemaligen Jugoslawien nach Deutschland gekommen. Duisburg habe im Kern kein Problem mit 
Sinti und Roma, sondern die Aufgabe, soziale und ökonomische Unterschiede zu überwinden, ohne auf 
entsprechende finanzielle Unterstützung zurückgreifen zu können. Die Verbände üben scharfe Kritik an 
Schulsystem und Sozialgesetzgebung. Es sei ein ""völliges Unding"", wenn die Kindergeldkasse eine 
Schulbescheinigung zur Auszahlung von Leistungen verlange und das Kind gleichzeitig überhaupt keinen 
Schulplatz zugewiesen bekäme. Dieser ""unzureichenden Funktionsweise im Bildungssystem"" entspräche es, dass 
in Duisburg zehntausende Menschen auf Dauer unterhalb des Hartz-IV-Niveaus leben und ohne eine ausreichende 
Grundversorgung mit Nahrung, Wohnraum, Kleidung und Betreuung gelassen würden. Auch eine oft geforderte 
""Task Force"", die sich der Probleme annehmen soll, könne die drängenden Aufgaben nicht lösen. Den 
Wohlfahrtsverbänden komme eine bedeutende Rolle bei der Eingliederung zu. ""Sie nutzen ihre vorhandenen 
Ressourcen und Möglichkeiten, um den Menschen die Integration und das Leben in unserer Stadt zu erleichtern"", 
heißt es in dem Schreiben. Es gebe bereits Angebote beispielsweise für Frauen und Kinder auch über die mit den 
Kostenträgern vereinbarten Kontingente hinaus. Bis zum 1. Januar 2014 gelte es, Weichen zu stellen, um den 
Migranten den Zugang zur legalen Arbeit zu ermöglichen. Als Voraussetzung nennen die Verbände den 
Spracherwerb, die Einrichtung von ortsnahen Schulplätzen, die Verbesserung der medizinischen Versorgung, Hilfe 
bei der Suche nach angemessenem Wohnraum sowie Information über Rechten und Pflichten.

Wohlfahrtsverbände sehen kein Problem mit Sinti und Roma"
2013-01,Main Corpus,2013-01(42).ZIP,Zwischen Paradies und Hölle Kazim Erdogan sucht mit Männern Wege aus der Gewalt - Vätergruppe für Zu.PDF,C:\PythonProjects\AfD-project\Corpora\Main Corpus\2013-01\raw_unarchive\Zwischen Paradies und Hölle Kazim Erdogan sucht mit Männern Wege aus der Gewalt - Vätergruppe für Zu.PDF,Zwischen Paradies und Hölle; Kazim Erdogan sucht mit Männern Wege aus der Gewalt - Vätergruppe für,zwischen paradies und hölle kazim erdogan sucht mit männern wege aus der gewalt  vätergruppe für,Südwest Presse,südwest presse,Mittwoch 30. Januar 2013,,Im Brennpunkt; S. 3,654,4514,7f1943fef469b095d212cfe61db940167ef8c92a,,unique,keep,,no,,no,,,5642,no,,,,,"Es sind Nachrichten wie diese, die der Berliner Psychologe Kazim Erdogan fürchtet: In Blaufelden bei Schwäbisch 
Hall haben im Sommer ein Vater und sein Sohn die Tochter eingesperrt und bedroht, weil sie sich dem Vater 
widersetzte. Dieser versuchte den Freund zu überfahren. Dass der 22-Jährige den Angriff überlebte, ist vermutlich 
nur dem Eingreifen der Polizei zu verdanken. Seit gestern müssen sich Vater und Sohn und vor Gericht 
verantworten.
Verbrechen wie diese schlagen Kazim Erdogan auf den Magen. Denn sie fördern den schlechten Ruf türkischer 
Männer in der Öffentlichkeit. Kaum eine andere gesellschaftliche Gruppe habe ein so ramponiertes Ansehen wie 
die Männer der Zuwanderungsgesellschaft, sagt Erdogan. Vor sechs Jahren hat der 59-jährige Psychologe in Berlin 
die erste türkische Männergruppe ins Leben gerufen. ""Aufbruch Neukölln"" nennt sie sich. Mit ihr bringt der 
Psychologe Zuwanderer und Vertreter der Mehrheitsgesellschaft ins Gespräch. ""Über diese Männer wird viel 
gesprochen, mit ihnen umso weniger.""
Alte Männer kommen, Väter und junge Burschen, Aleviten und Sunniten. Montag für Montag sitzen sie bei 
schwarzem Tee zusammen und reden über das, was ihnen Tag für Tag zu schaffen macht: eine gescheiterte Ehe, 
die Situation als Alleinerziehender, das Aufbegehren der Töchter und die Unfähigkeit, die Familie nicht mit eigener 
Arbeit ernähren zu können. Das Sprechen ist neu wie auch die Auseinandersetzung mit der eigenen Rolle in der 
Zuwanderungsgesellschaft und dem Selbstverständnis. ""Für diese Männer gab es nichts"", sagt Erdogan. Sie 
konnten in die Moschee gehen, in ein Männercafé oder eine Spielhalle. Angemessen über ihre Hilflosigkeit 
sprechen konnten sie in der Regel jedoch nicht.
Türkische Männer oder Zuwanderer aus arabischen Gesellschaften haben nach dem eigenen Verständnis stark zu 
sein, ""so wie der härteste Stein aus dem Berg Ararat"", sagt Erdogan. Dass sie mit ihrer Arbeit der Familie ein 
angenehmes Leben ermöglichen und dafür respektiert werden, gehört zu den vielen ungeschriebenen Regeln. 
Doch nicht wenige von ihnen zerschellen brutal an der deutschen Wirklichkeit. Nicht nur in Berlin-Neukölln, wo die 
Arbeitslosigkeit besonders hoch ist. Wegen oftmals schlechter Schulabschlüsse bringen selbst hier geborene 
Migrantensöhne keinen Fuß auf den Boden. Ganz zu schweigen von jenen jungen Männern, die als 

Zwischen Paradies und Hölle; Kazim Erdogan sucht mit Männern Wege aus der Gewalt - Vätergruppe für 
Zuwanderer
Importbräutigam nach Deutschland geholt werden. ""Diese träumen vom Paradies und wachen in der Hölle auf"", 
sagt Kazim Erdogan.
Ohne Job und in einer Ehe, die auf Missverständnissen und kulturellen Brüchen fußt, scheitern gerade in diesen 
arrangierten Beziehungen nicht wenige auf ganzer Linie. Eine Scheidung ist dann oftmals der äußere Tiefpunkt. 
""Diese Männer fühlen sich als Versager."" Entweder sind sie mit jedem Euro abhängig von ihrer Frau oder können 
ohne Hartz-IV-Leistungen nicht einmal für Socken aufkommen. Stolz und Ehre sind verletzt, das von Kindesbeinen 
an eingeimpfte Selbstbild ist zerstört. Das erzeugt Wut, manchmal auch Gewalt. Zu rechtfertigen ist diese damit 
nicht.
Deshalb hat sich Kazim Erdogan vorgenommen, die Teilnehmer seiner Gruppe ""Aufbruch"" auf den Boden der 
Realität zu bringen. ""Wir arbeiten an einem realistischen Männerbild"", umschreibt er seine Aufgabe. Mit 
Rollenspielen werden Konflikte nachgestellt, über ein Anti-Gewalt-Training neue Verhaltensmuster eingeübt. 
Gemeinsam stellen sie sich öffentlich gegen Gewalt gegenüber Frauen. Und natürlich wird gesprochen - über die 
""Ehre"" beispielsweise; ein Wort, das so schnell auf der Zunge liegt, aber kaum jemand mit Inhalt füllen kann. Oder 
die Bedeutung von Bildung in der deutschen Gesellschaft.
Manchmal ist der Gesprächskreis der letzte Anker. Männer kommen, weil sie mit ihren Fausthieben eine immer nur 
noch tiefere Kerbe in die Familie schlagen, Großväter melden sich an, die weder Schwiegertochter noch 
Enkelkinder verstehen, Väter stehen vor der Tür, weil sie ihren Söhnen und Töchtern eine bessere Kindheit bieten 
wollen, als sie selbst hatten. Es sind meist einfache Männer, doch sie wollen raus aus den Klischees und 
überholten Familienmustern. Erdogan gibt das Hoffnung. ""Alle Menschen sind lernfähig"", sagt er. ""Sie müssen nur 
wieder an sich glauben.""
Graphic
 
Teilnehmer des Gesprächskreises türkischer Männer in Berlin-Neukölln. Hier können sie offen über Probleme mit 
ihrem Rollenverständnis sprechen. Foto: dpa"
