batch_id,corpus_name,source_archive,file_name,file_path,title_original,title_normalized,publication,publication_normalized,date,byline,section,word_count,body_char_count,body_hash_exact,duplicate_group_id,duplicate_category,keep_drop_review,drop_reason,kept_representative_of_group,representative_selection_reason,malformed_flag,malformed_reason,notes,raw_text_chars,low_value_flag,low_value_reason,exact_duplicate_group,near_duplicate_group,repeated_variant_group,body_text
2025-12,Main Corpus,2025-12(113).ZIP,",,Zum Scheitern verurteilt_.PDF","C:\PythonProjects\AfD-project\Corpora\Main Corpus\2025-12\raw_unarchive\,,Zum Scheitern verurteilt_.PDF",",,Zum Scheitern verurteilt""",zum scheitern verurteilt,Der Tagesspiegel,der tagesspiegel,Mittwoch 10. Dezember 2025,,POLITIK; Politik; S. 4,928,6954,0f0ab906fd1dcf66964bba5e1920403d882c0f63,,unique,keep,,no,,no,,,8358,no,,,,,"Man sah Alexander Dobrindt (CSU) den Stolz geradezu an, als er am Montagabend in Brüssel vor die Kameras 
trat: ,,Kontrolle, Kurs und klare Kante"", sagte er. ,,Auch in Europa."" Man sei jetzt an dem Punkt, so Dobrindt weiter, 
dass man die Neuordnung der Migrationspolitik umsetze. Es waren große Worte, die der Bundesinnenminister nach 
dem Treffen der EU-Innenminister wählte. Aus seiner Sicht aus gutem Grund, schließlich habe er für Deutschland 
einen besonders vorteilhaften Deal verhandelt: Deutschland soll ab dem kommenden Jahr keine Flüchtlinge aus 
anderen EU-Ländern mehr aufnehmen müssen. Die am Montag erzielte Einigung bedeute für Deutschland, so 
Dobrindt, ,,dass wir keine finanziellen Leistungen aufzubringen haben und auf der anderen Seite keine Aufnahmen 
zu verzeichnen haben"".
Was steckt dahinter? Der wichtigste Teil der nun beschlossenen Einigung ist zunächst einmal keine Neuheit: der 
sogenannte Solidaritätsmechanismus. Er sieht vor, dass Länder wie Italien oder Griechenland, die einem 
besonders hohen ,,Migrationsdruck"" ausgesetzt sind, Flüchtlinge in andere EU-Länder übersiedeln können - oder 
Ausgleichszahlungen erhalten. Deutschland müsste nach dieser Regel eigentlich Flüchtlinge aufnehmen oder 
20.000 Euro pro nicht aufgenommene Person an die betreffenden Länder zahlen. 
 Leistungen sollen angerechnet werden 
Die Regelung sieht allerdings auch eine Reihe von Ausgleichsleistungen vor. So können etwa Länder 
Verantwortung für Personen übernehmen, die sich bereits auf ihrem Territorium befinden, für die nach geltendem 
EU-Recht aber eigentlich ein anderes Land zuständig wäre - weil sie dort erstmalig registriert wurden.
Laut Dobrindt trifft das auf Deutschland zu. Die Bundesrepublik könne sich mehrere tausend dieser Flüchtlinge 
anrechnen lassen und habe somit seine Verpflichtungen im Rahmen des Solidaritätsmechanismus bereits erfüllt - 
mindestens für das Jahr 2026. Die EU erkenne damit an, dass Deutschland in der Vergangenheit ,,viel Solidarität 
gezeigt"" habe, so der Innenminister. Dies werde nun angerechnet.
Laut einer Sprecherin des Bundesinnenministeriums (BMI) sollen sich zudem Italien und Griechenland bereiterklärt 
haben, künftig Flüchtlinge zurückzunehmen, die nach ihrer Registrierung in einem der Mittelmeerstaaten nach 
Deutschland weitergereist sind. Dabei handelt es sich im Grunde um die sogenannten Dublin-Regeln, die in 
verschiedenen Formen bereits seit 1997 in Kraft sind - aber gerade in den vergangenen Jahren nicht konsequent 
durchgesetzt wurden. 

,,Zum Scheitern verurteilt""
Dobrindt wertete die Einigung derweil als ,,echten Meilenstein"" bei der Umsetzung des europäischen Asyl- und 
Migrationspaktes. Deutschland sei ,,Motor bei der Verschärfung der europäischen Migrationspolitik"". Aber handelt 
es sich tatsächlich um einen Durchbruch, wie Dobrindt meint? Führen die beschlossenen Verschärfungen wirklich 
zu einer langfristigen Entlastung?
 Migrationsforscher Knaus: ,,Das ist unrealistisch"" 
Der Migrationsforscher Gerald Knaus zeigt sich gegenüber dem Tagesspiegel teilweise skeptisch: ,,Vieles von 
dem, was beschlossen wurde, ist zum Scheitern verurteilt"", sagt er. Besonders kritisch sieht er die vom BMI 
kommunizierte Zusage von Italien und Griechenland, künftig im großen Stil nach Deutschland weitergereiste 
Geflüchtete zurückzunehmen. 
,,Das ist unrealistisch, das wird nicht funktionieren"", sagt Knaus. ,,Warum sollte Italien, das zuletzt etwa 60 
Personen pro Jahr zurückgenommen hat, im Jahr 2027 plötzlich alle nehmen? Das hat noch keine italienische 
Regierung getan und auch keine griechische"", so Knaus weiter. ,,Dobrindt verlässt sich im Grunde genommen auf 
den politischen Willen in Rom und Athen, dass jetzt etwas funktioniert, das 20 Jahre überhaupt nicht funktioniert 
hat.""
Generell sieht der Wissenschaftler Maßnahmen, die auf eine bessere Verteilung von Geflüchteten im EU-
Binnenraum setzen, als wenig effektiv an: ,,Wenn wir ansetzen, wenn bereits eine große Zahl von Menschen im 
EU-Raum angekommen ist, ist es zu spät"", sagt er. 
 Rückführungszentren außerhalb der EU 
Dennoch sieht Knaus in dem nun beschlossenen Paket zumindest die Möglichkeit eines ,,historischen 
Durchbruchs"". Hintergrund ist, dass die 27 Mitgliedstaaten sich auf eine Aufweichung des sogenannten 
Verbindungselements bei der Unterbringung von Geflüchteten in Drittstaaten geeinigt haben. Dieses besagte 
bislang, dass eine Person in diesem Fall eine Verbindung zu besagtem Staat haben muss. Das fällt jetzt weg. ,,Und 
das ist der allerwichtigste Punkt"", sagt Knaus. ,,Das Entscheidende an diesem Paket ist, dass die EU jetzt den Weg 
dafür freimacht, systematisch sichere Drittstaatenabkommen abzuschließen."" 
Die Vereinbarungen der Innenminister basieren auf einem Vorschlag der EU-Kommission und sehen unter 
anderem vor, dass außerhalb der EU sogenannte Rückführungszentren eingerichtet werden können. Dorthin sollen 
diejenigen Menschen abgeschoben werden können, deren Asylanträge abgelehnt wurden. 
So gibt es etwa eine niederländische Initiative für ein solches Zentrum in Uganda, an dem sich auch Deutschland 
beteiligen könnte. Einige Mitgliedsstaaten, darunter etwa Spanien, meldeten jedoch Vorbehalte an, inwieweit dieses 
Vorgehen mit internationalem Recht vereinbar ist. Knaus setzt jedoch auf den Abschreckungseffekt solcher 
Maßnahmen: ,,Wenn man den Menschen klar sagt, dass ihr Schutzort außerhalb der EU sein wird, dann könnte die 
irreguläre Migration innerhalb kurzer Zeit dramatisch sinken"", sagt er.
 Scharfe Kritik an Dobrindts Vorgehen 
Deutliche Kritik kommt hingegen von der Linken: ,,Dieser EU-Migrationsdeal ist ein Unrechts-Deal und markiert 
eine historische Zäsur"", sagt Clara Bünger, migrationspolitische Sprecherin der Fraktion der Linken im Bundestag, 
dem Tagesspiegel. ,,Deutschland ist innerhalb der EU inzwischen Treiber eines Kurses, der die Rechte von 
Geflüchteten systematisch aushöhlt.""
Mit seinem Vorgehen auf EU-Ebene entferne sich Deutschland ,,immer weiter von seinem Anspruch, ein 
Rechtsstaat zu sein"", sagt Bünger weiter. Und nimmt Dobrindt direkt ins Visier: ,,Gerichtsurteile und internationale 
Menschenrechtsabkommen nimmt dieser Innenminister allenfalls als lästige Hürden wahr, die seinen 
Abschreckungsplänen im Weg stehen"", so Bünger. ,,Das ist Politik nach dem Vorbild von Trump: Man setzt sich 
über Gerichte, Rechtsprechung und Menschenrechte hinweg, wenn sie den eigenen Abschreckungsplänen im Weg 
stehen.""
,,Zum Scheitern verurteilt""
***
 2015 wanderten sehr viele Migranten über griechische Inseln nach Europa ein. Nun wollen die EU-Staaten die 
Migrationszahlen weiter senken. 
 Zitat 
Deutschland ist innerhalb der EU inzwischen Treiber eines Kurses, der die Rechte von Geflüchteten systematisch 
aushöhlt.
Clara Bünger, migrationspolitische Sprecherin der Linksfraktion im Bundestag
 Expertenprofil 
Gerald Knaus ist Migrationsexperte und Gründungsmitglied des European Council on Foreign Relations."
2025-12,Main Corpus,2025-12(113).ZIP,100.000 Einwanderer kommen über den Familiennachzug Die Einreise von engen Verwandten bleibt auch 20.PDF,C:\PythonProjects\AfD-project\Corpora\Main Corpus\2025-12\raw_unarchive\100.000 Einwanderer kommen über den Familiennachzug Die Einreise von engen Verwandten bleibt auch 20.PDF,100.000 Einwanderer kommen über den Familiennachzug Die Einreise von engen Verwandten bleibt auch,100000 einwanderer kommen über den familiennachzug die einreise von engen verwandten bleibt auch,Welt am Sonntag,welt am sonntag,21. Dezember 2025,Marcel Leubecher,Titel; S. 1; Ausg. 51,615,4408,7c6dd6c094b27cb08b10a450477116599a954e97,,unique,keep,,no,,no,,,6427,no,,,,,"Trotz der Einschränkungen der schwarz-roten Bundesregierung sind in diesem Jahr bereits mehr als 100.000 
Ausländer per Familiennachzug nach Deutschland eingewandert. Bis Ende November wurden 101.756 Visa zum 
Familiennachzug vergeben, teilte das Auswärtige Amt dieser Zeitung mit. Hauptnationalitäten waren Türken 
(14.907) und Syrer (13.148), gefolgt von Indern (9286), Kosovaren (7143) und Albanern (4426). Damit bleibt der 
Familiennachzug mit der Asylzuwanderung der umfangreichste dauerhafte Einwanderungspfad nach Deutschland.
Unter der Ampel-Regierung war im Jahr 2023 der bisherige Rekord von mehr als 130.000 Migranten per 
Familiennachzug erreicht worden, 2024 waren es mit 124.000 Menschen wieder etwas weniger. Dieser rückläufige 
Trend setzt sich in diesem Jahr fort. Das liegt auch daran, dass die schwarz-rote Koalition von Bundeskanzler 
Friedrich Merz (CDU) diesen Zuwanderungspfad eingegrenzt hat, dadurch dass der Nachzug zu subsidiär 
Schutzberechtigten im Juni für zwei Jahre ausgesetzt wurde. Das betrifft überwiegend syrische 
Bürgerkriegsflüchtlinge. Ausnahmen gibt es nur noch in Härtefällen, etwa für unbegleitete Minderjährige oder bei 
lebensbedrohlichen Erkrankungen eines Nachziehenden. Vor dieser Einschränkung durften im Monat bis zu 1000 
Angehörige von subsidiär schutzberechtigten Syrern nachziehen. Inzwischen ist die Zahl der erteilten 
Nachzugsvisa für diese Gruppe aber deutlich rückläufig. Statt rund 12.000 im Jahr liegt sie nun bei rund 2000.
Grüne und Linkspartei wollen den Nachzug zu Subsidiären in unbegrenztem Umfang allerdings wieder 
ermöglichen. Die AfD hingegen möchte ihn nicht nur bis 2027 aussetzen, sondern abschaffen. Unter den rund 
102.000 bis Ende November für alle Nationalitäten erteilten Visa betrafen etwa 37.200 den Nachzug von Kindern zu 
ihren Eltern, rund 3500 den Nachzug von Eltern zu ihren Kindern und 44.400 Ehepartner von in Deutschland 
lebenden Ausländern. Weitere 16.300 betrafen den Nachzug zu Ehegatten mit deutscher Staatsangehörigkeit, wie 
es aus dem Auswärtigen Amt heißt.
In den Zahlen der Visa-Statistik sind nur solche nachziehenden Angehörigen enthalten, die weder aus der EU noch 
einem anderen visumbefreiten Staat stammen. Partner und Kinder von per Arbeitnehmerfreizügigkeit nach 

100.000 Einwanderer kommen über den Familiennachzug Die Einreise von engen Verwandten bleibt auch 
2025 der größte dauerhafte Einwanderungsweg, obwohl die Koalit....
Deutschland zugewanderten Europäern erhalten dieses Freizügigkeitsrecht ebenfalls und können ohne Visum 
nachziehen. In aller Regel muss der hier lebende Ehegatte ausreichend viel verdienen, um den Lebensunterhalt 
seiner Angehörigen zu sichern, und eine geeignete Wohnung nachweisen.
Dies gilt aber nicht für Flüchtlinge, also für solche Asylsuchenden, bei denen das Bundesamt für Migration und 
Flüchtlinge (BAMF) annimmt, sie seien in ihrem Herkunftsland von Verfolgung bedroht. Sie erhalten das Recht auf 
privilegierten Familiennachzug und dürfen auch dann Angehörige nachholen, wenn sie keinen ausreichenden 
Wohnraum und finanzielle Mittel vorweisen können.
In der Praxis ist der Nachzug aber deutlich komplizierter als in der Theorie. Denn um dieses Recht in Anspruch zu 
nehmen, müssen die Menschen erst einmal einen Termin bei den meist überlasteten deutschen Botschaften in den 
Krisenregionen bekommen, die zudem oft weit von den Wohnorten der Menschen entfernt liegen und nur über eine 
längere Reise erreichbar sind.
Das Nachzugsrecht gilt zudem nicht für alle möglichen Angehörigen, sondern meist nur für die Kernfamilie. 
Minderjährige Flüchtlinge dürfen also ihre Eltern nachholen und Erwachsene den Ehepartner und minderjährige 
Kinder. Neben Härtefällen hatte die Ampel-Regierung im März 2024 eine weitere Ausnahmeregelung erlassen: für 
Eltern und Schwiegereltern von Hochqualifizierten und Fachkräften, die den Lebensunterhalt der ganzen Familie in 
Deutschland eigenständig sichern können. Diese neu geschaffene Möglichkeit nutzten im laufenden Jahr bis Ende 
November etwa 150 nachziehende Angehörige, erfuhr diese Zeitung aus dem Auswärtigen Amt.
Vor dem Höhepunkt der europäischen Migrationskrise waren im Jahr 2014 rund 51.000 Nachzugsvisa erteilt 
worden, im Jahr 2015 dann 73.000. Im Jahr 2016 wurde erstmals die 100.000er-Marke überschritten. Mit 
Ausnahme des Corona-Jahres 2020 war dies seither jährlich der Fall.
Original Gesamtseiten-PDF"
2025-12,Main Corpus,2025-12(113).ZIP,18 Geflüchtete vor Kreta tot aufgefunden.PDF,C:\PythonProjects\AfD-project\Corpora\Main Corpus\2025-12\raw_unarchive\18 Geflüchtete vor Kreta tot aufgefunden.PDF,18 Geflüchtete vor Kreta tot aufgefunden,18 geflüchtete vor kreta tot aufgefunden,"taz, die tageszeitung",taz die tageszeitung,Montag 08. Dezember 2025,Ferry Batzoglou,AUSLAND; S. 10,520,3685,879c6320ef54c701431084b61d46ee92e9826686,,unique,keep,,no,,no,,,5785,no,,,,,"Von Ferry Batzoglou, Athen
Unglück vor Kreta mit vielen Toten trotz maximaler Abschreckung: 18 Flüchtlinge wurden am Samstag vor der 
südkretischen Küstenstadt Ierapetra tot in einem Boot gefunden. Zwei Menschen überlebten. Nach jüngsten 
Angaben der griechischen Küstenwache habe es keinen Schiffbruch gegeben. Vielmehr seien die in dem Boot tot 
gefundenen Menschen mindestens einen Tag zuvor, also am Freitag, an Entbehrungen und Hunger gestorben.
Wie die taz in Athen erfuhr, sei das Boot 26 Seemeilen südlich der Kleininsel Chrysi gefunden worden. Chrysi liegt 
rund 9 Seemeilen südlich der Stadt Ierapetra im Libyschen Meer. Das Boot sei laut griechischen Medien von einem 
vorbeifahrenden Frachtschiff unter türkischer Flagge entdeckt worden, das sofort die griechische Küstenwache 
alarmiert habe.
Lokalen Medien zufolge teilten die beiden Geretteten den Behörden mit, dass das Boot ob des schlechten Wetters 
manövrierunfähig geworden sei. Die Passagiere hätten mit den Wellen gekämpft, ohne Nahrung und Schutz vor 
dem schlechten Wetter. In ganz Hellas wütete ab dem vorigen Donnerstag bis einschließlich Samstag das Sturmtief 
Adel . Es sorgte für Starkregen, Gewitter und starke Winde, auch südlich von Kreta.
Über die genaue Identität der Toten ist bisher nichts bekannt. Die Toten werden in der Universitätsklinik von 
Heraklion identifiziert , sagte der Bürgermeister von Ierapetra, Manolis Fragoulis. Informationen zufolge gebe es 
keine Anzeichen dafür, dass weitere Menschen im Meer vermisst werden. Alle Passagiere seien, tot oder lebendig, 
im Boot gefunden worden.
Unglück erinnert an Katastrophe von Pylos
Die Fluchtroute von Ostlibyen nach Kreta ist stets gefährlich. Dennoch schafften es nach UNHCR-Angaben im 
laufenden Jahr bis Anfang Dezember knapp 17.000 Migranten, den EU-Außenposten Kreta zu erreichen.

18 Geflüchtete vor Kreta tot aufgefunden
Das Unglück vor Ierapetra weckt Erinnerungen an die Katastrophe im Juni 2023 vor der südwestgriechischen 
Küstenstadt Pylos mit mutmaßlich rund 600 ertrunkenen Geflüchteten. Der Fischkutter Ariadne war vom 
ostlibyschen Tobruk in See gestochen.
Die konservative Regierung in Athen unter Premier Kyriakos Mitsotakis verschärfte zuletzt ihren ohnehin betont 
harten Migrationskurs. Abgelehnten Asylbewerbern droht fortan eine Freiheitsstrafe bis zu fünf Jahren sowie eine 
Geldstrafe von mindestens 5.000 Euro, falls sie illegal in Hellas bleiben. Das Ziel: maximale Abschreckung.
Offenkundig zeigt der harte Migrationskurs vorerst Wirkung: In den ersten zehn Monaten 2025 wurden 39.495 
irreguläre Migranten in ganz Hellas neu registriert. Dies sind 18 Prozent weniger als von Januar bis Oktober 2024. 
In den ersten zehn Monaten dieses Jahres stellten 52.397 Personen einen Asylantrag in Hellas. 24,7 Prozent der 
Asylbewerber sind aus Afghanistan, 15,9 Prozent aus Ägypten sowie 12,4 Prozent aus Sudan.
Rückführungszentren in Afrika sollen Zahlen weiter drücken
Athens Migrationsminister Thanos Plevris will die Zahlen weiter drücken. Nach einem Treffen am 4. November in 
Berlin mit dem deutschen Innenminister Alexander Dobrindt gab Plevris bekannt, dass Hellas und Deutschland bei 
der Einrichtung von Rückführungszentren in Afrika zusammenarbeiten.
Dazu sagte Plevris, dass Gespräche mit sicheren afrikanischen Ländern geführt werden, die illegale Migranten 
aufnehmen werden, die wir nicht in ihre Heimatländer zurückschicken können . Berlin habe eine wichtige Initiative 
ergriffen, Hellas wolle daran teilnehmen, so Plevris. Sein Credo: Liegen diese Zentren fernab von Europa, wirken 
sie abschreckend auf Migranten. Doch das neuerliche Unglück vor Kreta zeigt: Sie wirken nur bedingt. Ferry 
Batzoglou"
2025-12,Main Corpus,2025-12(113).ZIP,42 Menschen mussten Remscheid 2025 verlassen.PDF,C:\PythonProjects\AfD-project\Corpora\Main Corpus\2025-12\raw_unarchive\42 Menschen mussten Remscheid 2025 verlassen.PDF,42 Menschen mussten Remscheid 2025 verlassen,42 menschen mussten remscheid 2025 verlassen,Rheinische Post,rheinische post,Samstag 27. Dezember 2025,,S. 27,591,4242,5ef4580c57a3dd12c9f9e88c12d25127f477eb2d,,unique,keep,,no,,no,,,5538,no,,,,,"Frank Michalczak
Remscheid Zu dramatischen Szenen kam es im März, als eine Großfamilie aus der Türkei an der Nordstraße 
Besuch von der Remscheider Ausländerbehörde erhielt. Das Rückführungsteam klingelte an der Wohnungstür, um 
die Abschiebung vorzunehmen. Der 55-jährige Vater sprang vom Balkon der Wohnung im vierten Stock des 
Mehrfamilienhauses und zog sich dabei mehrere Knochenbrüche zu. Dennoch schob die Stadt seine Frau mit zwei 
seiner neun Kinder ab. Zielflughafen: Istanbul.
Dass hierdurch eine Familie auseinandergerissen wurde, stieß auf Protest in Remscheid. Kundgebungen wurden 
organisiert, es gab Solidaritätsaktionen. Daran änderte auch die Begründung der Stadtverwaltung nichts, dass sie 
nur ausführendes Organ gewesen sei. Das Bundesamt für Migration und Flüchtlinge hatte entschieden, den 
Asylantrag abzulehnen.
Die Ausreise zählte zu 43 Abschiebungen, die das Remscheider Ausländeramt 2025 vorgenommen hat. Wie 
Claudia Schwarzweller, zuständige Fachgebietsleiter der Stadtverwaltung, berichtet, sei es dabei nicht zu einem 
ähnlichen Vorfall gekommen wie jenem an der Nordstraße. „Das war für die Mitarbeitenden eine Situation, die auch 
in den Vorjahren so nicht vorgekommen ist“, fügt sie hinzu.
In Einzelfällen müssten sie jedoch auf „renitentes Verhalten” reagieren. Die Situation sei für die Betroffenen eine 
hohe emotionale Belastung. Die Mitarbeitenden seien geschult und zögen im Bedarfsfall die Polizei hinzu. Eine 
Rückführungsmaßnahme müsse die Behörde nur dann durchführen, wenn die Ausreise beharrlich verweigert 
werde. 42 Personen, die als Geflüchtete in Remscheid lebten, verließen 2025 freiwillig die Bundesrepublik.
Bei den Abschiebungen verzeichnete die Ausländerbehörde im Vergleich zu 2024 einen deutlichen Rückgang. 
Deren Zahl war damals nahezu doppelt so hoch, als 82 Personen von Remscheid aus in ihre Heimat zurückkehren 
mussten.
Claudia Schwarzweller führt diesen hohen Wert auf den Flüchtlingsboom der Vorjahre zurück: „Die höhere Anzahl 
von Abschiebungen 2024 hängt mit den hohen Zuzugszahlen Geflüchteter in den Jahren 2022 und 2023 

42 Menschen mussten Remscheid 2025 verlassen
zusammen.“ Dadurch sei in der Folge die Anzahl ausreisepflichtiger Personen stark angestiegen. Darum kümmert 
sich in der Verwaltung ein sechsköpfiges Team, wobei derzeit durch Personalwechsel nicht alle Stellen besetzt 
seien.
Auf der anderen Seite kamen 2025 nur wenige Geflüchtete in Remscheid an. 28 Menschen wurden der Stadt vom 
Land Nordrhein-Westfalen zugewiesen, sie stammen aus Syrien, der Türkei, Ghana und Senegal. Aus der Ukraine 
zogen 59 Menschen zu. Zum Vergleich: 2022, also nach Ausbruch des Krieges, waren es über 1000.
Dass Remscheid 2025 verhältnismäßig wenige Geflüchtete aufnehmen musste, hängt mit einer Landeseinrichtung 
zusammen: mit dem Dorint-Hotel in Lennep-Jägerwald. Zuletzt verlängerte Nordrhein-Westfalen den Pachtvertrag 
bis 2030 für das Gebäude mit den 116 Gästezimmern. Dort hält das Land eine zentrale Unterkunft für rund 350 
Geflüchtete bereit. Diese werden Remscheid bei der Zahl der Zuweisungen angerechnet.
Als erste Konsequenz auf den deutlichen Rückgang kann die Ausländerbehörde aktuell darauf verzichten, freien 
Wohnraum für Geflüchtete zu suchen. Zuletzt kamen für sie noch Wohnungen an der Stockder-, Honsberger- und 
Ringstraße hinzu.
Zudem beschloss die Stadtverwaltung 2025, die städtische Erstunterkunft in der Schule und der Sporthalle 
Hölterfeld aufzugeben, die kurz nach dem Beginn des russischen Angriffskriegs eröffnet wurde. Sie soll aber 
jederzeit wieder an den Start gehen können, wenn dies nötig ist.
Hinter einer weiteren Flüchtlingseinrichtung steht ein Fragezeichen: Die Unterkunft am Talsperrenweg in Lennep für 
rund 100 Bewohner darf die Stadt nur aufgrund einer Ausnahmegenehmigung betreiben, da sie sich in einem 
Gewerbegebiet befindet. „Nach heutigem Stand muss sie 2027 vom Netz gehen“, erklärt Claudia Schwarzweller. 
Dafür komme die neue Unterkunft am Lüttringhauser Bahnhof hinzu, die ein privater Investor an die Stadt 
verpachten wird. Hier sollen künftig 120 Menschen ein Dach über dem Kopf finden.
Aktuell leben 4169 Menschen mit Flüchtlingshintergrund in Remscheid, 1317 von ihnen stammen aus der Ukraine.
Link to PDF"
2025-12,Main Corpus,2025-12(113).ZIP,"Abgewiesene beantragen dennoch Asyl 1500 Personen, die an deutschen Grenzen zurückgewiesen wurden, e.PDF","C:\PythonProjects\AfD-project\Corpora\Main Corpus\2025-12\raw_unarchive\Abgewiesene beantragen dennoch Asyl 1500 Personen, die an deutschen Grenzen zurückgewiesen wurden, e.PDF","Abgewiesene beantragen dennoch Asyl 1500 Personen, die an deutschen Grenzen zurückgewiesen wurden,",abgewiesene beantragen dennoch asyl 1500 personen die an deutschen grenzen zurückgewiesen wurden,Die Welt,die welt,Montag 22. Dezember 2025,Dpa,Politik; S. 4; Ausg. 247,410,3084,ac143fc99b3aa19d7d6e7372c36f52fd2925c07c,,unique,keep,,no,,no,,,4413,no,,,,,"Seit Intensivierung der Kontrollen an den Grenzen haben mehr als 1500 Menschen in Deutschland um Schutz 
ersucht, die vorher zurückgewiesen worden waren. Nach Angaben der Bundesregierung gab es zum Stichtag 31. 
Oktober 1582 Asylgesuche von Personen, die zuvor im Rahmen der intensivierten Binnengrenzkontrollen seit dem 
7. Mai zurückgewiesen wurden. Das geht aus der Regierungsantwort auf eine parlamentarische Anfrage der 
Grünen-Fraktion hervor, die der Deutschen Presse-Agentur vorliegt. Aus diesen Daten des 
Ausländerzentralregisters ist aber nicht zu entnehmen, wo das Asylgesuch gestellt wurde: im Zusammenhang mit 
einem erneuten Einreiseversuch in der Nähe einer Grenze oder nach einer Einreise an einem anderen Ort in 
Deutschland.
An allen deutschen Landesgrenzen gibt es seit dem 16. September 2024 wieder Grenzkontrollen bei Einreisen, 
zuvor war das bereits teilweise der Fall. Das Bundesinnenministerium hatte die Ausweitung angeordnet, um die 
Zahl der unerlaubten Einreisen stärker einzudämmen. Die zeitlich jeweils befristeten Kontrollen wurden zweimal 
verlängert zuletzt bis Mitte März 2026. Grenzkontrollen sind im Schengen-Raum eigentlich nicht vorgesehen. 
Bundesinnenminister Alexander Dobrindt (CSU) hat die noch unter der vorherigen Ampel-Regierung eingeführten 
Kontrollen gleich nach seinem Amtsantritt im vergangenen Mai intensiviert und die Bundespolizei angewiesen, 
fortan auch Asylsuchende abzuweisen mit Ausnahmen für Angehörige vulnerabler Gruppen, dazu zählen etwa 
Kranke oder Schwangere. Zwischen dem 8. Mai und dem 31. Oktober wurden laut vorläufigen Zahlen der 
Bundespolizei insgesamt 201 Menschen als vulnerabel festgestellt.
Zwischen dem 7. Mai und dem 31. Oktober wurden laut Bundesregierung insgesamt 32.236 unerlaubte Einreisen 
festgestellt die meisten an den Grenzen zu Frankreich (mehr als 5500), Polen und Österreich sowie an Flughäfen. 
Laut vorläufigen Zahlen hat die Polizei seit Beginn der intensivierten Kontrollen im Mai und bis zum Ende des 
Monats Oktober 993 Asylsuchende zurückgewiesen. Die Bundesregierung beruft sich bei dieser Praxis auf einen 

Abgewiesene beantragen dennoch Asyl 1500 Personen, die an deutschen Grenzen zurückgewiesen wurden, 
ersuchten um Schutz
Paragrafen des Asylgesetzes, wonach die Einreise verweigert werden kann, wenn Anhaltspunkte dafür vorliegen, 
dass ein anderer Staat aufgrund von Rechtsvorschriften der Europäischen Gemeinschaft oder eines 
völkerrechtlichen Vertrages für die Durchführung des Asylverfahrens zuständig ist und ein Auf- oder 
Wiederaufnahmeverfahren eingeleitet wird .
Die Grünen haben die Praxis an den Grenzen wiederholt kritisiert. Der innenpolitische Sprecher der Grünen-
Bundestagsfraktion, Marcel Emmerich, sagt: Statt die Sicherheit in diesem Land zu verbessern, schaden die 
Grenzblockaden der Wirtschaft, stören Pendlerinnen und Pendler und belasten die Grenzregionen täglich . Für die 
Inszenierung an den Grenzen würden enorme Kosten und massive Belastungen in Kauf genommen, ohne dass 
ein messbarer Sicherheitsgewinn erkennbar wäre.
Original Gesamtseiten-PDF"
2025-12,Main Corpus,2025-12(113).ZIP,Abschiebehaft für Attentäter wäre wohl möglich gewesen(2).PDF,C:\PythonProjects\AfD-project\Corpora\Main Corpus\2025-12\raw_unarchive\Abschiebehaft für Attentäter wäre wohl möglich gewesen(2).PDF,Abschiebehaft für Attentäter wäre wohl möglich gewesen,abschiebehaft für attentäter wäre wohl möglich gewesen,Rheinische Post,rheinische post,Dienstag 2. Dezember 2025,Sina Zehrfeld,S. 6,293,2098,0a9b9afb07c1cc064da8adc1f0e2ed4b837474dc,exact_001,duplicate_exact,review,,no,,no,,,3122,no,,exact_001,,,"Sina Zehrfeld
Düsseldorf Es wäre im Sommer 2023 gegebenenfalls doch möglich gewesen, den späteren Attentäter von 
Solingen, Issa al H., in sogenannte Überstellungshaft zu nehmen, um ihn nach Bulgarien abzuschieben. „Es gab 
den Haftgrund der notwendigen ,erheblichen Fluchtgefahr‘“, erklärte die Leiterin des für diese Frage zuständigen 
Referats im Fluchtministerium am Montag. Und zwar, weil der Verdächtige viel Geld an Schleuser gezahlt habe, um 
nach Deutschland zu kommen.
Zudem war Issa al H. zuvor für eine ganze Woche aus seiner Flüchtlingsunterkunft in Paderborn verschwunden 
gewesen. Aber das wusste die zuständige Zentrale Ausländerbehörde Bielefeld nicht: „Weil die Einrichtungsleitung 
versäumt hatte, diese Abwesenheit mitzuteilen“, sagte die Zeugin im Landtag vor dem Parlamentarischen 
Untersuchungsausschuss zu dem Attentat. So habe man seinerzeit gar nicht erst versucht, Haft zu erwirken. Ob ein 
Gericht einem Antrag so oder so zugestimmt hätte, bleibt ungewiss.
Einmal mehr rückt damit im Untersuchungsausschuss, der mögliche Fehler von Behörden und Regierung rund um 
die Tat von Solingen aufdecken soll, die Flüchtlingsunterkunft in den Mittelpunkt, in der Issa al H. im Sommer 2023 
lebte. Mitarbeitende der Zentralen Ausländerbehörde hatten bereits geschildert, dass Abholungen dort besonders 
selten gelangen.
Allerdings stand den Fachleuten im Fluchtministerium die landesweit hohe Zahl von Fällen, in denen Geflüchtete an 
Tag der Abschiebung nicht in ihren Unterkünften sind, ohnehin als grundsätzliches Problem vor Augen, wie die 
Referatsleiterin weiter erläuterte. Und sie nannte unter anderem eine simple Erklärung dafür. „Wir wissen ja alle, 
dass es im Internet abrufbar ist, welche Sammelcharter stattfinden, welche Überstellungen geplant sind“, erklärte 
sie. Daten und Ziele der Flüge könne man, so ihre Darstellung, tatsächlich googeln. Und man wisse im Ministerium, 
„dass diese Informationen Beine haben“. Ihr Fazit: „Wenn die Daten im Internet abrufbar sind, spricht es sich halt 
rum.“

Abschiebehaft für Attentäter wäre wohl möglich gewesen
Link to PDF"
2025-12,Main Corpus,2025-12(113).ZIP,Abschiebehaft für Attentäter wäre wohl möglich gewesen.PDF,C:\PythonProjects\AfD-project\Corpora\Main Corpus\2025-12\raw_unarchive\Abschiebehaft für Attentäter wäre wohl möglich gewesen.PDF,Abschiebehaft für Attentäter wäre wohl möglich gewesen,abschiebehaft für attentäter wäre wohl möglich gewesen,Rheinische Post,rheinische post,Dienstag 2. Dezember 2025,Sina Zehrfeld,S. 6,293,2098,0a9b9afb07c1cc064da8adc1f0e2ed4b837474dc,exact_001,duplicate_exact,review,,no,,no,,,3107,no,,exact_001,,,"Sina Zehrfeld
Düsseldorf Es wäre im Sommer 2023 gegebenenfalls doch möglich gewesen, den späteren Attentäter von 
Solingen, Issa al H., in sogenannte Überstellungshaft zu nehmen, um ihn nach Bulgarien abzuschieben. „Es gab 
den Haftgrund der notwendigen ,erheblichen Fluchtgefahr‘“, erklärte die Leiterin des für diese Frage zuständigen 
Referats im Fluchtministerium am Montag. Und zwar, weil der Verdächtige viel Geld an Schleuser gezahlt habe, um 
nach Deutschland zu kommen.
Zudem war Issa al H. zuvor für eine ganze Woche aus seiner Flüchtlingsunterkunft in Paderborn verschwunden 
gewesen. Aber das wusste die zuständige Zentrale Ausländerbehörde Bielefeld nicht: „Weil die Einrichtungsleitung 
versäumt hatte, diese Abwesenheit mitzuteilen“, sagte die Zeugin im Landtag vor dem Parlamentarischen 
Untersuchungsausschuss zu dem Attentat. So habe man seinerzeit gar nicht erst versucht, Haft zu erwirken. Ob ein 
Gericht einem Antrag so oder so zugestimmt hätte, bleibt ungewiss.
Einmal mehr rückt damit im Untersuchungsausschuss, der mögliche Fehler von Behörden und Regierung rund um 
die Tat von Solingen aufdecken soll, die Flüchtlingsunterkunft in den Mittelpunkt, in der Issa al H. im Sommer 2023 
lebte. Mitarbeitende der Zentralen Ausländerbehörde hatten bereits geschildert, dass Abholungen dort besonders 
selten gelangen.
Allerdings stand den Fachleuten im Fluchtministerium die landesweit hohe Zahl von Fällen, in denen Geflüchtete an 
Tag der Abschiebung nicht in ihren Unterkünften sind, ohnehin als grundsätzliches Problem vor Augen, wie die 
Referatsleiterin weiter erläuterte. Und sie nannte unter anderem eine simple Erklärung dafür. „Wir wissen ja alle, 
dass es im Internet abrufbar ist, welche Sammelcharter stattfinden, welche Überstellungen geplant sind“, erklärte 
sie. Daten und Ziele der Flüge könne man, so ihre Darstellung, tatsächlich googeln. Und man wisse im Ministerium, 
„dass diese Informationen Beine haben“. Ihr Fazit: „Wenn die Daten im Internet abrufbar sind, spricht es sich halt 
rum.“

Abschiebehaft für Attentäter wäre wohl möglich gewesen
Link to PDF"
2025-12,Main Corpus,2025-12(113).ZIP,Abschiebungen_ Düsseldorf sucht Mitarbeiter für Haftangelegenheiten(2).PDF,C:\PythonProjects\AfD-project\Corpora\Main Corpus\2025-12\raw_unarchive\Abschiebungen_ Düsseldorf sucht Mitarbeiter für Haftangelegenheiten(2).PDF,Abschiebungen: Düsseldorf sucht Mitarbeiter für Haftangelegenheiten,abschiebungen düsseldorf sucht mitarbeiter für haftangelegenheiten,Rheinische Post,rheinische post,Freitag 5. Dezember 2025,Jörg Janssen,S. 17,458,3552,c8ce7d1f98f87fc347151912d0310c5acbefbdd6,exact_002,duplicate_exact,review,,no,,no,,,4519,no,,exact_002,,,"Jörg Janssen
Düsseldorf Geht es nach dem Willen der Bundesregierung, sollen künftig mehr Menschen ohne gültigen 
Aufenthaltsstatus in ihre Heimatländer abgeschoben werden. Ein aufwendiges Prozedere, bei dem es im Vollzug 
vor Ort in den Kommunen auch zu Festnahmen kommen kann.
Dass die Stadt genau dafür im Bereich des kommunalen Rückkehrmanagements eine Stelle „Mitarbeiter*in für 
Außendienst- und Haftangelegenheiten“ ausschreibt, hat unter anderem die Linke auf den Plan gerufen. Ihre Kritik: 
Die in der Ausschreibung geforderten Qualifikationen passten nicht zu den weitreichenden Befugnissen, ohnehin 
sei eine solche Stelle auf kommunaler Ebene nicht zwingend erforderlich.
Laut Ausschreibung kommen für diesen Job etwa Verwaltungsfachangestellte infrage. Wer über keine derartige 
Ausbildung verfüge, könne innerhalb der ersten fünf Jahre einen Verwaltungslehrgang absolvieren, heißt es weiter. 
Aus Sicht der Linken reicht das in einem so hochsensiblen Bereich nicht aus. „Freiheitsentziehungen gehören zu 
den schwersten Grundrechtseingriffen, die ein Rechtsstaat durchführen kann. Sie erfordern Richtervorbehalt und 
qualifizierte Polizeibeamte – nicht Quereinsteiger, die in einem Verwaltungslehrgang eine juristische 
Kurzausbildung erhalten“, meint Linken-Ratsherr Matthias Poczatek. Zudem sei die Stadt nicht verpflichtet, 
polizeiliche Aufgaben im Bereich von Abschiebungen zu unterstützen.
Das schätzt man im Rathaus ganz anders ein. Sehr wohl seien die kommunalen Ausländerbehörden gesetzlich 
verpflichtet, aufenthalts- und passrechtliche Maßnahmen umzusetzen sowie Entscheidungen nach dem 
Aufenthaltsgesetz und weiteren ausländerrechtlichen Bestimmungen zu treffen, teilt ein Sprecher mit. In ihrer 
jetzigen Form bestehe die Stelle anderthalb Jahre, aber auch davor habe es bereits Mitarbeiter mit einer 
vergleichbaren Aufgabenstellung gegeben.
In ihrer Antwort auf eine Anfrage zum Thema hatte Dezernentin Miriam Koch im Sozialausschuss zudem klar 
gestellt, dass Freiheitsentziehungen ausschließlich aufgrund richterlicher Anordnung erfolgten. Zudem würden 

Abschiebungen: Düsseldorf sucht Mitarbeiter für Haftangelegenheiten
sämtliche Maßnahmen schriftlich dokumentiert und nachvollziehbar protokolliert. Hinzu kämen ein Vier-Augen-
Prinzip sowie Nachkontrollen durch Fach- und Dienstaufsicht.
Die Kritiker stellt das nicht zufrieden, denn in bestimmten Fällen sei der Mitarbeiter sehr wohl mit der Kompetenz 
ausgestattet, schwerste Grundrechtseingriffe bis zum Freiheitsentzug umzusetzen. Linke-Fraktionsgeschäftsführer 
Christian Jäger kündigt an: „Wir werden jetzt mit den anderen Fraktionen sprechen. Unser Ziel ist, dass der Rat am 
11. Dezember die Verwaltungspläne einkassiert.“
Paul-Andreas Stieber, Sozial-Experte der CDU, sieht dafür keine Veranlassung: „Ich gehe nicht davon aus, dass 
die Stadt uns hier eine Stelle unterjubelt, für die es eigentlich keine Notwendigkeit gibt.“ Auch mit Blick auf die 
Eignung der dafür ausgewählten Person habe er „vollstes Vertrauen in die Kompetenzen derer, die 
Personalentscheidungen treffen“. Grundsätzlich müsse auch bei diesem sensiblen Thema geltendes Recht wie 
vorgesehen umgesetzt werden. „Tut man das nicht, bereitet man am Ende radikalen Kräften die Bahn“, so Stieber. 
Offen ist, wie sich die Grünen verhalten. Ratsfrau Antonia Frey, die neue Vorsitzende des Sozialausschusses ist, 
sagt: „Erst einmal habe ich keinen grundsätzlichen Einwand.“ Allerdings werde die Fraktion das Thema bis zur 
Ratssitzung „noch einer gründlichen Prüfung unterziehen“.
Link to PDF"
2025-12,Main Corpus,2025-12(113).ZIP,Abschiebungen_ Düsseldorf sucht Mitarbeiter für Haftangelegenheiten(3).PDF,C:\PythonProjects\AfD-project\Corpora\Main Corpus\2025-12\raw_unarchive\Abschiebungen_ Düsseldorf sucht Mitarbeiter für Haftangelegenheiten(3).PDF,Abschiebungen: Düsseldorf sucht Mitarbeiter für Haftangelegenheiten,abschiebungen düsseldorf sucht mitarbeiter für haftangelegenheiten,Rheinische Post,rheinische post,Freitag 5. Dezember 2025,Jörg Janssen,S. 17,458,3552,c8ce7d1f98f87fc347151912d0310c5acbefbdd6,exact_002,duplicate_exact,review,,no,,no,,,4532,no,,exact_002,,,"Jörg Janssen
Düsseldorf Geht es nach dem Willen der Bundesregierung, sollen künftig mehr Menschen ohne gültigen 
Aufenthaltsstatus in ihre Heimatländer abgeschoben werden. Ein aufwendiges Prozedere, bei dem es im Vollzug 
vor Ort in den Kommunen auch zu Festnahmen kommen kann.
Dass die Stadt genau dafür im Bereich des kommunalen Rückkehrmanagements eine Stelle „Mitarbeiter*in für 
Außendienst- und Haftangelegenheiten“ ausschreibt, hat unter anderem die Linke auf den Plan gerufen. Ihre Kritik: 
Die in der Ausschreibung geforderten Qualifikationen passten nicht zu den weitreichenden Befugnissen, ohnehin 
sei eine solche Stelle auf kommunaler Ebene nicht zwingend erforderlich.
Laut Ausschreibung kommen für diesen Job etwa Verwaltungsfachangestellte infrage. Wer über keine derartige 
Ausbildung verfüge, könne innerhalb der ersten fünf Jahre einen Verwaltungslehrgang absolvieren, heißt es weiter. 
Aus Sicht der Linken reicht das in einem so hochsensiblen Bereich nicht aus. „Freiheitsentziehungen gehören zu 
den schwersten Grundrechtseingriffen, die ein Rechtsstaat durchführen kann. Sie erfordern Richtervorbehalt und 
qualifizierte Polizeibeamte – nicht Quereinsteiger, die in einem Verwaltungslehrgang eine juristische 
Kurzausbildung erhalten“, meint Linken-Ratsherr Matthias Poczatek. Zudem sei die Stadt nicht verpflichtet, 
polizeiliche Aufgaben im Bereich von Abschiebungen zu unterstützen.
Das schätzt man im Rathaus ganz anders ein. Sehr wohl seien die kommunalen Ausländerbehörden gesetzlich 
verpflichtet, aufenthalts- und passrechtliche Maßnahmen umzusetzen sowie Entscheidungen nach dem 
Aufenthaltsgesetz und weiteren ausländerrechtlichen Bestimmungen zu treffen, teilt ein Sprecher mit. In ihrer 
jetzigen Form bestehe die Stelle anderthalb Jahre, aber auch davor habe es bereits Mitarbeiter mit einer 
vergleichbaren Aufgabenstellung gegeben.
In ihrer Antwort auf eine Anfrage zum Thema hatte Dezernentin Miriam Koch im Sozialausschuss zudem klar 
gestellt, dass Freiheitsentziehungen ausschließlich aufgrund richterlicher Anordnung erfolgten. Zudem würden 

Abschiebungen: Düsseldorf sucht Mitarbeiter für Haftangelegenheiten
sämtliche Maßnahmen schriftlich dokumentiert und nachvollziehbar protokolliert. Hinzu kämen ein Vier-Augen-
Prinzip sowie Nachkontrollen durch Fach- und Dienstaufsicht.
Die Kritiker stellt das nicht zufrieden, denn in bestimmten Fällen sei der Mitarbeiter sehr wohl mit der Kompetenz 
ausgestattet, schwerste Grundrechtseingriffe bis zum Freiheitsentzug umzusetzen. Linke-Fraktionsgeschäftsführer 
Christian Jäger kündigt an: „Wir werden jetzt mit den anderen Fraktionen sprechen. Unser Ziel ist, dass der Rat am 
11. Dezember die Verwaltungspläne einkassiert.“
Paul-Andreas Stieber, Sozial-Experte der CDU, sieht dafür keine Veranlassung: „Ich gehe nicht davon aus, dass 
die Stadt uns hier eine Stelle unterjubelt, für die es eigentlich keine Notwendigkeit gibt.“ Auch mit Blick auf die 
Eignung der dafür ausgewählten Person habe er „vollstes Vertrauen in die Kompetenzen derer, die 
Personalentscheidungen treffen“. Grundsätzlich müsse auch bei diesem sensiblen Thema geltendes Recht wie 
vorgesehen umgesetzt werden. „Tut man das nicht, bereitet man am Ende radikalen Kräften die Bahn“, so Stieber. 
Offen ist, wie sich die Grünen verhalten. Ratsfrau Antonia Frey, die neue Vorsitzende des Sozialausschusses ist, 
sagt: „Erst einmal habe ich keinen grundsätzlichen Einwand.“ Allerdings werde die Fraktion das Thema bis zur 
Ratssitzung „noch einer gründlichen Prüfung unterziehen“.
Link to PDF"
2025-12,Main Corpus,2025-12(113).ZIP,Abschiebungen_ Düsseldorf sucht Mitarbeiter für Haftangelegenheiten.PDF,C:\PythonProjects\AfD-project\Corpora\Main Corpus\2025-12\raw_unarchive\Abschiebungen_ Düsseldorf sucht Mitarbeiter für Haftangelegenheiten.PDF,Abschiebungen: Düsseldorf sucht Mitarbeiter für Haftangelegenheiten,abschiebungen düsseldorf sucht mitarbeiter für haftangelegenheiten,Rheinische Post,rheinische post,Freitag 5. Dezember 2025,Jörg Janssen,S. 29,458,3552,c8ce7d1f98f87fc347151912d0310c5acbefbdd6,exact_002,duplicate_exact,review,,no,,no,,,4518,no,,exact_002,,,"Jörg Janssen
Düsseldorf Geht es nach dem Willen der Bundesregierung, sollen künftig mehr Menschen ohne gültigen 
Aufenthaltsstatus in ihre Heimatländer abgeschoben werden. Ein aufwendiges Prozedere, bei dem es im Vollzug 
vor Ort in den Kommunen auch zu Festnahmen kommen kann.
Dass die Stadt genau dafür im Bereich des kommunalen Rückkehrmanagements eine Stelle „Mitarbeiter*in für 
Außendienst- und Haftangelegenheiten“ ausschreibt, hat unter anderem die Linke auf den Plan gerufen. Ihre Kritik: 
Die in der Ausschreibung geforderten Qualifikationen passten nicht zu den weitreichenden Befugnissen, ohnehin 
sei eine solche Stelle auf kommunaler Ebene nicht zwingend erforderlich.
Laut Ausschreibung kommen für diesen Job etwa Verwaltungsfachangestellte infrage. Wer über keine derartige 
Ausbildung verfüge, könne innerhalb der ersten fünf Jahre einen Verwaltungslehrgang absolvieren, heißt es weiter. 
Aus Sicht der Linken reicht das in einem so hochsensiblen Bereich nicht aus. „Freiheitsentziehungen gehören zu 
den schwersten Grundrechtseingriffen, die ein Rechtsstaat durchführen kann. Sie erfordern Richtervorbehalt und 
qualifizierte Polizeibeamte – nicht Quereinsteiger, die in einem Verwaltungslehrgang eine juristische 
Kurzausbildung erhalten“, meint Linken-Ratsherr Matthias Poczatek. Zudem sei die Stadt nicht verpflichtet, 
polizeiliche Aufgaben im Bereich von Abschiebungen zu unterstützen.
Das schätzt man im Rathaus ganz anders ein. Sehr wohl seien die kommunalen Ausländerbehörden gesetzlich 
verpflichtet, aufenthalts- und passrechtliche Maßnahmen umzusetzen sowie Entscheidungen nach dem 
Aufenthaltsgesetz und weiteren ausländerrechtlichen Bestimmungen zu treffen, teilt ein Sprecher mit. In ihrer 
jetzigen Form bestehe die Stelle anderthalb Jahre, aber auch davor habe es bereits Mitarbeiter mit einer 
vergleichbaren Aufgabenstellung gegeben.
In ihrer Antwort auf eine Anfrage zum Thema hatte Dezernentin Miriam Koch im Sozialausschuss zudem klar 
gestellt, dass Freiheitsentziehungen ausschließlich aufgrund richterlicher Anordnung erfolgten. Zudem würden 

Abschiebungen: Düsseldorf sucht Mitarbeiter für Haftangelegenheiten
sämtliche Maßnahmen schriftlich dokumentiert und nachvollziehbar protokolliert. Hinzu kämen ein Vier-Augen-
Prinzip sowie Nachkontrollen durch Fach- und Dienstaufsicht.
Die Kritiker stellt das nicht zufrieden, denn in bestimmten Fällen sei der Mitarbeiter sehr wohl mit der Kompetenz 
ausgestattet, schwerste Grundrechtseingriffe bis zum Freiheitsentzug umzusetzen. Linke-Fraktionsgeschäftsführer 
Christian Jäger kündigt an: „Wir werden jetzt mit den anderen Fraktionen sprechen. Unser Ziel ist, dass der Rat am 
11. Dezember die Verwaltungspläne einkassiert.“
Paul-Andreas Stieber, Sozial-experte der CDU, sieht dafür keine Veranlassung: „Ich gehe nicht davon aus, dass die 
Stadt uns hier eine Stelle unterjubelt, für die es eigentlich keine Notwendigkeit gibt.“ Auch mit Blick auf die Eignung 
der dafür ausgewählten Person habe er „vollstes Vertrauen in die Kompetenzen derer, die Personalentscheidungen 
treffen“. Grundsätzlich müsse auch bei diesem sensiblen Thema geltendes Recht wie vorgesehen umgesetzt 
werden. „Tut man das nicht, bereitet man am Ende radikalen Kräften die Bahn“, so Stieber. Offen ist, wie sich die 
Grünen verhalten. Ratsfrau Antonia Frey, die neue Vorsitzende des Sozialausschusses ist, sagt: „Erst einmal habe 
ich keinen grundsätzlichen Einwand.“ Allerdings werde die Fraktion das Thema bis zur Ratssitzung „noch einer 
gründlichen Prüfung unterziehen“.
Link to PDF"
2025-12,Main Corpus,2025-12(113).ZIP,Auf einen Blick Salzgitter _ Arbeitspflicht für Asylbewerber ++ Unterbringung von Migranten_ Kosten.PDF,C:\PythonProjects\AfD-project\Corpora\Main Corpus\2025-12\raw_unarchive\Auf einen Blick Salzgitter _ Arbeitspflicht für Asylbewerber ++ Unterbringung von Migranten_ Kosten.PDF,Auf einen Blick Salzgitter : Arbeitspflicht für Asylbewerber ++ Unterbringung von Migranten: Kosten in Berlin,auf einen blick salzgitter  arbeitspflicht für asylbewerber  unterbringung von migranten kosten in berlin,Die Welt,die welt,Freitag 12. Dezember 2025,,POLITIK; NACHRICHTEN; S. 3; Ausg. 241,1076,7585,f9cec43401c8517b8149a778a88658d528e82758,,unique,keep,,no,,no,,,10250,no,,,,,"Salzgitter
Arbeitspflicht für Asylbewerber
Die Stadt Salzgitter will eine Arbeitspflicht für Asylbewerber prüfen. Das hat der Stadtrat mehrheitlich entschieden. 
Asylbewerber sollen zu gemeinnütziger Arbeit verpflichtet werden. Die Verwaltung der Großstadt mit rund 100.000 
Einwohnern soll das prüfen und ein Konzept dafür erarbeiten. Die Regelung soll unter anderem Integration und 
Spracherwerb der Migranten fördern sowie einen positiven Beitrag zur Gemeinschaft leisten, wie es in dem Antrag 
heißt. Grundlage für die Arbeitspflicht ist das Asylbewerberleistungsgesetz. Das sieht für Arbeit in Asyleinrichtungen 
sowie für kommunale oder gemeinnützige Einrichtungen eine Aufwandsentschädigung von 80 Cent je Stunde vor. 
Wer die Tätigkeit ohne Begründung ablehnt, erhält demnach weniger staatliche Unterstützung. In Thüringen haben 
mehrere Landkreise bereits eine Arbeitspflicht für Asylbewerber eingeführt, etwa Greiz, der Saale-Orla-Kreis und 
der Saale-Holzland-Kreis. Auch in Sachsen-Anhalt wurden Asylbewerber bereits zu ebenfalls verpflichtenden 
Arbeitseinsätze eingeteilt, etwa im Landkreis Harz und im Burgenlandkreis. Die Landkreise berichten von 
unterschiedlichen Erfahrungen in einigen Fällen hätten Migranten so eine reguläre Anstellung gefunden, in 
anderen Fällen hätten sie sich geweigert, der Arbeitspflicht nachzukommen.
Unterbringung von Migranten
Kosten in Berlin steigen
Die Kosten für die Unterbringung von Migranten sind in den vergangenen Jahren in Berlin stark angestiegen. 2020 
zahlte das Land 312 Millionen Euro für die Bereitstellung der Unterkünfte. 2024 waren es 883 Millionen Euro, also 

Auf einen Blick Salzgitter : Arbeitspflicht für Asylbewerber ++ Unterbringung von Migranten: Kosten in Berlin 
steigen ++ SPD-BSW-Koalition in Brandenburg : Bürg....
fast dreimal so viel. Das geht aus internen Berechnungen des Senats hervor, über die zuerst der Tagesspiegel 
berichtete. Sie wurden der Nachrichtenagentur dpa aus Senatskreisen bestätigt. Besonders kostenintensiv sind 
demnach Großunterkünfte wie Tegel oder Tempelhof. Allein auf Tegel entfielen 2024 etwa 260 Millionen Euro. Die 
Zahlen illustrieren eine Entwicklung, die schon länger bekannt ist. So haben sich die jährlichen Gesamtausgaben 
für Unterbringung, Versorgung und Integration von Geflüchteten in Berlin zwischen 2022 und 2025 auf 2,24 
Milliarden Euro fast verdoppelt.
SPD-BSW-Koalition in Brandenburg
Bürger unzufrieden
Die Brandenburger Landesregierung aus SPD und BSW verliert ein Jahr nach ihrem Start an Rückhalt während 
die AfD noch zulegt. Laut einer neuen Umfrage zeigen sich 37 Prozent der Bürger mit der Arbeit der Koalition 
zufrieden, 57 Prozent äußern hingegen Unzufriedenheit. Bei der Befragung im Juni lag die Zustimmung für die 
Regierung noch bei 40 Prozent. Mit der Arbeit der SPD in der Landesregierung sind 33 Prozent zufrieden, mit der 
des BSW nur 18 Prozent. In der Sonntagsfrage baut die AfD ihre Spitzenposition aus. Sie käme demnach auf 35 
Prozent der Stimmen der höchste Wert, der je im Brandenburg-Trend gemessen wurde und drei Punkte mehr als 
bei der Befragung im Juni. Der Verfassungsschutz Brandenburg stuft die Landes-AfD als gesichert 
rechtsextremistisch ein.
Strack-Zimmermann
""Das ist schon schockierend""
Die Vorsitzende des Verteidigungsausschusses im Europaparlament, Marie-Agnes Strack-Zimmermann, ist nach 
eigenen Worten empört darüber, dass es in den Gesprächen zwischen den USA und Russland über ein Ende des 
Ukraine-Kriegs auch um Geschäfte geht. Strack-Zimmermann sagte in der neuen Ausgabe des Talk-Formats 
Burgard. auf WELT TV am Donnerstag: Es geht darum, dass man eine Holding gründet, ein Unternehmen 
gründet, um zusammen einen Benefit zu haben auf Kosten der Ukraine und damit auf Kosten Europas. Weiter 
sagte Strack-Zimmermann: Ich gehe so weit zu sagen: Die Gefahr besteht ich lese das in unterschiedlichen 
Zeitungen , dass das auch eine persönliche Bereicherung wird. Und: Das ist schon schockierend. Sie kritisierte 
zudem, dass bei den amerikanisch-russischen Gesprächen die Ukraine als Opfer des Krieges nicht mit am Tisch 
sitzt: Das findet nicht statt. Da sitzen zwei russische Vertreter, zwei Amerikaner, es ist noch der Schwiegersohn 
von Herrn Trump dabei. Das ist schon bemerkenswert. Die FDP-Politikerin äußerte zudem die Sorge, dass die von 
US-Präsident Donald Trump entsandten Verhandler von den sehr erfahrenen russischen Diplomaten über den 
Tisch gezogen würden. US-Chefunterhändler Steve Witkoff sei kein Diplomat, sondern jemand, der einfach 
Geschäfte machen will . Das könne zum Bumerang für die USA werden.
US-Soldaten in Europa
Mindestzahl beschlossen
Die US-Abgeordneten im Repräsentantenhaus haben für ein umfassendes Verteidigungsgesetz gestimmt, das den 
erwarteten Truppenabzug in Europa begrenzen würde. Der mehr als 3000 Seiten starke Entwurf sieht unter 
anderem vor, dass die Regierung von Präsident Donald Trump die Zahl der US-Soldaten in Europa nicht 
längerfristig unter 76.000 senken kann. Nun geht die Vorlage in den Senat. Nach Angaben des Pentagon waren 
zuletzt rund 100.000 US-Soldaten in Europa stationiert. Davon waren gut 65.000 fest im Einsatz, der Rest wurde 
rotierend entsandt. Laut dem National Defense Authorization Act könnte die Regierung in Washington die Zahl zwar 
auf unter 76.000 zurückfahren, aber nicht für länger als 45 Tage. Der republikanische Vorsitzende des 
Repräsentantenhauses, Mike Johnson, erklärte, damit sowie mit anderen Vorgaben werde sichergestellt, dass die 
US-Streitkräfte die tödlichsten der Welt bleiben und jeden Gegner abschrecken können .
Tanker aus Schattenflotte
Auf einen Blick Salzgitter : Arbeitspflicht für Asylbewerber ++ Unterbringung von Migranten: Kosten in Berlin 
steigen ++ SPD-BSW-Koalition in Brandenburg : Bürg....
Gericht verbietet Verkauf
Ein in der Ostsee havarierter Öltanker, der der russischen ""Schattenflotte"" zugerechnet wird, und seine Ladung 
dürfen nach einem Beschluss des Bundesfinanzhofs vorerst nicht vom deutschen Zoll verwertet werden. Das 
oberste deutsche Steuergericht habe den Antrag des Schiffseigners auf eine einstweilige Verfügung bestätigt, teilte 
der BFH am Donnerstag mit. Das unter panamaischer Flagge fahrende Schiff mit dem Namen ""Eventin"" war im 
Januar auf dem Weg von Russland nach Indien mit 100.000 Tonnen Öl an Bord in der Ostsee manövrierunfähig 
geworden und in deutsche Hoheitsgewässer getrieben. Von den deutschen Behörden wurde es daraufhin in den 
Hafen Sassnitz auf der Insel Rügen geschleppt, wo es inzwischen auf einer Gefahrgut-Reede liegt. Das zuständige 
Hauptzollamt wollte den Tanker sicherstellen sowie ihn und seine Ladung auf Grundlage der EU-Sanktionen gegen 
Russland einziehen und verwerten lassen. Allein das Öl ist rund 40 Millionen Euro wert. Dagegen wehrte sich der 
Eigentümer des Schiffes. Der BFH äußerte Zweifel, ob die Maßnahmen des Zolls rechtmäßig sind.
Öl-Pipeline in Brandenburg
Leck geschlossen
Das Leck an einer Pipeline in der brandenburgischen Uckermark ist geschlossen. In der Nacht zu Donnerstag 
beendeten die Feuerwehren ihren Einsatz, wie ein Sprecher der Regionalleitstelle Nordost sagte. Das Leck in der 
Pipeline, die von Rostock nach Schwedt führt, war am Mittwochabend bei einem Arbeitsunfall entstanden 
mindestens 200.000 Liter Rohöl traten aus. Die zuständige Raffinerie PCK teilte mit, nach ersten Erkenntnissen sei 
das Unglück durch vorbereitende Arbeiten für einen geplanten Sicherheitstest an der Pipeline verursacht worden. 
Eine absichtliche Fremdeinwirkung konnte demnach ausgeschlossen werden.
Original Gesamtseiten-PDF"
2025-12,Main Corpus,2025-12(113).ZIP,Auf einen Blick Seit mehr als zehn Jahren_ Abschiebung nach Syrien ++ Steuerzahlerbund zur Aktivrent.PDF,C:\PythonProjects\AfD-project\Corpora\Main Corpus\2025-12\raw_unarchive\Auf einen Blick Seit mehr als zehn Jahren_ Abschiebung nach Syrien ++ Steuerzahlerbund zur Aktivrent.PDF,Auf einen Blick; Seit mehr als zehn Jahren: Abschiebung nach Syrien ++ Steuerzahlerbund zur Aktivrente:,auf einen blick seit mehr als zehn jahren abschiebung nach syrien  steuerzahlerbund zur aktivrente,Die Welt,die welt,Mittwoch 24. Dezember 2025,,POLITIK; NACHRICHTEN; S. 3; Ausg. 249,1053,7525,700411a6cc00cff874cfb109f86f8acf436705d7,,unique,keep,,no,,no,,,10069,no,,,,,"Seit mehr als zehn Jahren
Abschiebung nach Syrien
Es ist eine Abschiebung mit Symbolwirkung: Deutschland hat am Dienstag einen syrischen Straftäter abgeschoben. 
Der Mann wurde in Syriens Hauptstadt Damaskus geflogen und den dortigen Behörden übergeben, wie das 
Bundesinnenministerium in Berlin mitteilte. Laut Bild handelt es sich bei dem Kriminellen um einen 1988 
geborenen syrischen Staatsbürger, der sich mehrere Jahre in Deutschland aufgehalten habe. Zuletzt saß der Mann 
demnach wegen besonders schweren Raubes, Körperverletzung und Erpressung in Nordrhein-Westfalen im 
Gefängnis. Jetzt wurde er in Begleitung von Bundespolizisten per Linienflug nach Syrien gebracht. Die 
Abschiebung ist deshalb so bemerkenswert, weil es sich um die erste Abschiebung aus Deutschland nach Syrien 
seit mehr als zehn Jahren handelt. Seit dort 2011 der Bürgerkrieg ausbrach, wurden keine Syrer mehr in ihre 
Heimat abgeschoben. In Deutschland leben derzeit rund eine Million Syrer.
Steuerzahlerbund zur Aktivrente
Verband kündigt Klage an
Wer sich in der Rente noch etwas dazuverdienen möchte, bekommt vom 1. Januar an steuerliche Vorteile. 
Beschäftigte im Rentenalter dürfen dann mit der sogenannten Aktivrente bis zu 2000 Euro monatlich steuerfrei 
dazuverdienen. Die Vorteile gelten jedoch nicht für Selbstständige, Freiberufler, Land- und Forstwirte, Minijobs und 
Beamte. Gegen diese Pläne regt sich nun Protest: Der Bund der Steuerzahler will gegen die Regelung klagen, da 
der Ausschluss von Selbstständigen ein Verstoß gegen den Gleichheitsgrundsatz sei. So wie sie angelegt ist, ist 

Auf einen Blick; Seit mehr als zehn Jahren: Abschiebung nach Syrien ++ Steuerzahlerbund zur Aktivrente: 
Verband kündigt Klage an ++ Bundespräsident Steinmeier: ....
die Aktivrente unfair , sagte Verbandspräsident Reiner Holznagel der Bild . Wir werden deshalb im ersten Quartal 
2026 die Klage einreichen und wollen bis zum Bundesverfassungsgericht damit. Er verwies auf Österreich, wo bei 
einem ähnlichen Modell sowohl Arbeitnehmer als auch Selbstständige berücksichtigt seien.
Bundespräsident Steinmeier
 Wir brauchen Mut 
Bundespräsident Frank-Walter Steinmeier hat die Gesellschaft in Deutschland zu Weihnachten ermuntert, mutig zu 
sein. Wir brauchen Mut, um immer wieder neu anzufangen , sagte er in seiner vorab veröffentlichten 
Weihnachtsansprache. Das gelte für die großen Dinge, die wir uns als Gesellschaft vornehmen und für die kleinen 
Dinge, bei denen jede und jeder von uns sein Bestes gibt. Die zentrale Botschaft des Weihnachtsfests sei das 
Licht in der Dunkelheit. Darum freuen wir uns so über Weihnachten. Es macht unser Leben erwartungsvoller, 
froher, wärmer, zuversichtlicher , sagte Steinmeier. Mit solcher Zuversicht haben wir die Kraft, uns für unsere Welt 
und für unsere Mitmenschen einzusetzen. Weihnachten sei eine Zeit der Gemeinschaft und der Solidarität. 
Letztere gelte nicht nur Familie und Freunden, sondern etwa auch den Ukrainern, gegen die Russland seit fast vier 
Jahren Krieg führe. Die Europäer seien sich ihrer Stärke und ihrer Werte neu bewusst geworden. Freiheit und 
Menschenwürde, gerechter Frieden und demokratische Selbstbestimmung, das seien Dinge, die sie nicht 
aufgäben, nicht für uns, nicht für unsere Partner und Freunde , versicherte er.
Bethlehem
Tausende Pilger erwartet
Die Kirchenoberhäupter Jerusalems haben trotz anhaltender Spannungen im Nahen Osten die christliche 
Hoffnungsbotschaft von Weihnachten betont. Zwar ermögliche eine Waffenruhe vielen Gemeinden, das Fest wieder 
öffentlicher zu begehen, zugleich mahnten sie jedoch zur Vorsicht. In ihrer gemeinsamen Weihnachtsbotschaft 
verwiesen sie auf den Propheten Jeremia, der vor jenen warne, die von Frieden, Frieden sprächen, obwohl es 
keinen Frieden gebe. Denn trotz einer erklärten Einstellung der Feindseligkeiten seien weiterhin Hunderte 
Menschen getötet oder schwer verletzt worden, hieß es. Viele weitere hätten gewaltsame Übergriffe auf ihre 
Person, ihr Eigentum und ihre Freiheiten erlitten nicht nur im Heiligen Land, sondern auch in den Nachbarländern. 
Im Heiligen Land feiern Christen erstmals seit Ende des Gaza-Kriegs wieder öffentlich Weihnachten. Vor der 
Geburtskirche in Bethlehem steht in diesem Jahr wieder ein großer Weihnachtsbaum. Dort wird am heutigen 
Mittwoch nach der traditionellen Prozession von Jerusalem nach Bethlehem auch die Mitternachtsmesse gefeiert. 
Das israelische Tourismusministerium rechnet zu Weihnachten mit rund 40.000 christlichen Pilgern.
Getränke
Deutsche trinken weniger Sekt
Sekt ist nirgendwo in der Welt so beliebt wie in Deutschland doch Sekt, Prosecco oder Champagner kommen zu 
feierlichen Anlässen längst nicht mehr so oft ins Glas wie noch vor zehn Jahren. 255,3 Millionen Liter Schaumwein 
wurden hierzulande im Jahr 2024 abgesetzt, wie das Statistische Bundesamt mitteilte. Das waren 19,5 Prozent 
weniger als 2014. Im Durchschnitt trank im vergangenen Jahr hierzulande jede Person ab 16 Jahren etwa 4,8 
Flaschen Schaumwein à 0,75 Liter oder 36 Gläser à 0,1 Liter. Damit ging der Pro-Kopf-Konsum im Zehn-Jahres-
Vergleich ebenfalls deutlich zurück: 2014 tranken die mindestens 16-Jährigen in Deutschland im Schnitt noch 6,1 
Flaschen Schaumwein oder 46 Gläser.
Dividendenstudie
Ausschüttungen bleiben hoch
Die Unternehmen im deutschen Leitindex Dax werden ihren Aktionären einer Studie zufolge auch 2026 hohe 
Dividenden zahlen. Insgesamt dürften sie 52,9 Milliarden Euro ausschütten und damit das hohe Vorjahresniveau 
Auf einen Blick; Seit mehr als zehn Jahren: Abschiebung nach Syrien ++ Steuerzahlerbund zur Aktivrente: 
Verband kündigt Klage an ++ Bundespräsident Steinmeier: ....
von 53,3 Milliarden Euro nahezu halten. Dies geht aus einer Dividendenstudie der DekaBank hervor. 2026 werden 
zwar keine neuen Ausschüttungsrekorde erreicht, die Dividendenzahlungen der Dax-Unternehmen bleiben aber auf 
einem historisch hohen Niveau , erklärte Joachim Schallmayer, Leiter Kapitalmärkte und Strategie bei der 
DekaBank. Während die deutsche Wirtschaft schwächelt, bleiben Dax-Unternehmen verlässliche Dividendenzahler 
und liefern solide Erträge. Es gibt allerdings der Studie zufolge eine deutliche Verschiebung: Erstmals löst der 
Finanzsektor die jahrelang dominierende Automobilbranche als größter Dividendenzahler ab.
Britischer Sänger
Trauer um Chris Rea
An dieser rauchigen und doch sanften Stimme kommt in diesen Tagen niemand vorbei. Driving Home For 
Christmas , singt Chris Rea in dem gleichnamigen Weihnachtsklassiker, der Generationen überdauert. Millionen 
Menschen hören das Lied in der Adventszeit im Radio und bei den Streamingdiensten. Zwei Tage vor Heiligabend 
starb der britische Sänger im Alter von 74 Jahren. Mit großer Trauer geben wir den Tod unseres geliebten Chris 
bekannt , teilte die Familie des Sängers mit. Er sei in einer Klinik nach kurzer Krankheit und umgeben von seiner 
Familie friedlich gestorben. Schon seit Jahren hatte der Musiker mit großen gesundheitlichen Problemen zu 
kämpfen. Grammy-Nominierungen, Nummer-1-Alben und ein Weihnachtshit , schrieb die BBC zum Tod des 
Weltstars. Geschaffen hatte Rea auch die Ohrwürmer Josephine und I Can Hear Your Heartbeat . Relativ spät 
hatte sich der Sohn eines Italieners und einer Irin, der als Christopher Anton Rea im englischen Middlesbrough 
geboren wurde, mit 18 Jahren selbst das Gitarrespielen beigebracht. Nachdem er in einigen Bands gespielt und 
gesungen hatte, gelang ihm Ende der 70er-Jahre als Solokünstler der Durchbruch.
Original Gesamtseiten-PDF"
2025-12,Main Corpus,2025-12(113).ZIP,Ausnahme im Kreis_ Neuss führt Bezahlkarte für Geflüchtete ein.PDF,C:\PythonProjects\AfD-project\Corpora\Main Corpus\2025-12\raw_unarchive\Ausnahme im Kreis_ Neuss führt Bezahlkarte für Geflüchtete ein.PDF,Ausnahme im Kreis: Neuss führt Bezahlkarte für Geflüchtete ein,ausnahme im kreis neuss führt bezahlkarte für geflüchtete ein,Rheinische Post,rheinische post,Montag 22. Dezember 2025,Christoph Kleinau,S. 26,400,2926,f7e726b4262d49d0dc472705ca41476b21ab1e1d,,unique,keep,,no,,no,,,3903,no,,,,,"Christoph Kleinau
Rhein-Kreis/Neuss Nach dem Jahreswechsel wird stufenweise die Bezahlkarte für Geflüchtete eingeführt, wenn 
auch nicht flächendeckend. Die meisten Kommunen im Rhein-Kreis Neuss haben angekündigt, so berichtet die 
Kreisverwaltung auf Anfrage der SPD-Kreistagsfraktion, von der sogenannten Opt-Out-Regelung Gebrauch 
machen zu wollen. Die macht es möglich, „Leistungen nach dem Asylbewerberleistungsgesetz nicht im Regelfall in 
Form der Bezahlkarte zu erbringen“, wie der Flüchtlingsrat NRW erklärt, der die Bezahlkarte kritisiert. Die Städte 
Meerbusch und vor allem Neuss entschieden sich nach Angaben des Kreises aber für die sogenannte „Social 
Card“ und folgen damit, wie es in der Antwort der Neusser Stadtverwaltung auf eine Anfrage der Fraktion „Die 
Linke“ heißt, dem Willen des Gesetzgebers.
Das Land hat die Bezahlkarte seit Anfang 2025 in seinen eigenen Einrichtungen wie etwa der Zentralen 
Unterbringungseinrichtung für Geflüchtete (ZUE) in Neuss eingeführt. Damals strebten die Sozialdezernenten noch 
eine kreisweit flächendeckende Lösung an, die aber nicht zustande gekommen ist. Der Sozialausschuss der Stadt 
Neuss stellte schon im Sommer die Weichen für die Übernahme dieses Bezahlmodells. Die technischen 
Voraussetzungen wurden inzwischen getroffen, die Karten selbst werden ab Januar bestellt, wenn auch die 
Mitarbeiterschulungen in der Sozialverwaltung beginnen. Von einer Umsetzung noch vor Weihnachten sei unter 
anderem aus personellen Gründen abgesehen worden, heißt es aus dem Neusser Rathaus. Mit Einführung der 
Bezahlkarte wird Geflüchteten kein Bargeld mehr ausgezahlt oder auf ihr Konto überwiesen. Die Summe, auf die 
sie Anspruch haben, wird vielmehr auf eine guthabenbasierte Debitkarte überwiesen, die im Ausland nicht 
eingesetzt und für Auslandsüberweisungen nicht genutzt werden kann. Das soll Missbrauch verhindern. 
Überweisungen bleiben möglich, aber nur an freigegebenen IBAN-Nummern, die auf einer sogenannten White-List 
stehen – zum Beispiel die von Verkehrsbetrieben.
In Neuss wird das Bezahlkartensystem zunächst auf die Menschen angewendet, die aus einer Landeseinrichtung 
kommen und der Stadt dauerhaft zugewiesen wurden. Ab dem zweiten Quartal 2026 wird der Kreis auf andere 

Ausnahme im Kreis: Neuss führt Bezahlkarte für Geflüchtete ein
Leistungsempfänger ausgedehnt. Die Karte wird dann auch an alle ausgegeben, die vollziehbar ausreisepflichtig 
sind, solche, die sich überwiegend nicht in ihrer Unterkunft aufhalten beziehungsweise das Geld erkennbar nicht 
zur Sicherung des Lebensunterhaltes verwenden. Man hätte sich eine landeseinheitliche Vorgehensweise als 
deutlich effizienteren Weg gewünscht, heißt es in der Antwort der Stadt Neuss auf die Anfrage von „Die Linke“. Der 
kam nicht zustande.
Link to PDF
Graphic
 
Neuss führt Anfang 2026 die Bezahlkarte für Geflüchtete ein, die zum Beispiel Auslandsüberweisungen nicht 
erlaubt. Foto: dpa"
2025-12,Main Corpus,2025-12(113).ZIP,Belarussische Oppositionelle.PDF,C:\PythonProjects\AfD-project\Corpora\Main Corpus\2025-12\raw_unarchive\Belarussische Oppositionelle.PDF,Belarussische Oppositionelle,belarussische oppositionelle,Der Tagesspiegel,der tagesspiegel,Dienstag 16. Dezember 2025,,POLITIK; Politik; S. 7,244,1788,c73f81fff26acb2ab0d8905107a3990bd21cc38e,,unique,keep,,no,,no,,,2909,no,,,,,"Kurz nach ihrer Haftentlassung hat sich die belarussische Oppositionelle Maria Kolesnikowa auch in Deutschland 
zu Wort gemeldet. Sie sei ,,im siebten Himmel"", endlich frei zu sein, sagte Kolesnikowa in der ARD. Am 
Wochenende war Kolesnikowa überraschend mit mehr als 120 weiteren politischen Gefangenen freigelassen 
worden und soll nach Aussage von Bundesinnenminister Alexander Dobrindt (CSU) politisches Asyl in Deutschland 
erhalten.
Erst am Samstagmorgen habe sie von ihrer bevorstehenden Freilassung erfahren, erzählte Kolesnikowa. ,,Bis zum 
letzten Moment habe ich das nicht geglaubt."" Nun sei sie ,,unglaublich froh"", in Kürze ihre Familie und Freunde 
umarmen zu können. Es sei ein ,,unglaubliches, unbeschreibliches Gefühl"". Über ihre Haftbedingungen wollte 
Kolesnikowa nicht im Detail sprechen, darüber sei bereits hinreichend berichtet worden. ,,Es war eine sehr 
schwierige Zeit für mich und meine Gesundheit, aber nicht für meine psychische Gesundheit"", sagte die 
Oppositionspolitikerin. Im Inneren sei sie ,,immer frei gewesen"". ,,Mein Ziel ist es, die Aggression und den Hass zu 
stoppen.""
Die 43-Jährige gehört zu den bekanntesten Gesichtern der Opposition in Belarus. Sie hatte an der Seite der im Exil 
lebenden Oppositionsführerin Swetlana Tichanowskaja die Massenproteste gegen Machthaber Alexander 
Lukaschenko im Jahr 2020 mit angeführt. Als eine der wenigen führenden belarussischen Oppositionellen 
entschied sie sich gegen die Flucht ins Exil. 2020 wurde sie inhaftiert, später zu elf Jahren Straflager verurteilt.
Kolesnikowa, der Oppositionelle Viktor Babariko und der Friedensnobelpreisträger Ales Bjaljazki gehören zu den 
Freigelassenen, die im Rahmen eines Abkommens mit den USA begnadigt worden waren. (AFP)
***
 Wieder in Freiheit. Maria Kolesnikova"
2025-12,Main Corpus,2025-12(113).ZIP,"Bezahlkarte macht Kommunen Mehrarbeit Wo das neue Guthaben-System für Geflüchtete eingeführt wird, m(2).PDF","C:\PythonProjects\AfD-project\Corpora\Main Corpus\2025-12\raw_unarchive\Bezahlkarte macht Kommunen Mehrarbeit Wo das neue Guthaben-System für Geflüchtete eingeführt wird, m(2).PDF","Bezahlkarte macht Kommunen Mehrarbeit Wo das neue Guthaben-System für Geflüchtete eingeführt wird,",bezahlkarte macht kommunen mehrarbeit wo das neue guthabensystem für geflüchtete eingeführt wird,Rheinische Post,rheinische post,Montag 1. Dezember 2025,Sina Zehrfeld,S. 1,706,5180,04c10cb0be5b5296a777df20f9effcba2a4e9939,exact_003,duplicate_exact,review,,no,,no,,,6868,no,,exact_003,,,"Sina Zehrfeld
Düsseldorf Bislang will nicht einmal jede dritte Stadt oder Gemeinde in NRW die Bezahlkarte für Geflüchtete 
einführen. Nach aktuellen Zahlen des Landes haben 110 der 396 Kommunen Interesse. Für die soll es aber nun 
vorangehen: Sie sollen „schrittweise an das System angeschlossen“ werden, wie eine Sprecherin erklärte. Bei 36 
ist das den Angaben nach schon erfolgt. 130 Kommunen haben klargemacht, dass sie die Karte ablehnen. Die 
Mehrheit ist also unentschieden.
Allerdings könnten sich nun nach den Kommunalwahlen neue Meinungsbilder in den Stadträten ergeben – zumal 
die sogenannte Socialcard für die Gemeinden erst jetzt überhaupt praxistauglich wird. Denn das Land hat geregelt, 
wie sie für Überweisungen und Lastschriftverfahren genutzt werden kann. Mitte November wurde die 
entsprechende Funktion freigeschaltet – nach einem Modell, das in den Rathäusern für Mehraufwand sorgen wird, 
das die Kommunen aber trotzdem so gewollt haben.
An sich ist die „Socialcard“ eine Guthabenkarte, über die Geflohene Geld für ihren Lebensunterhalt bekommen. Sie 
taugt zum Bezahlen in Geschäften, begrenzt aber Bargeldabhebungen und soll unerwünschte Geldtransfers an 
Schlepper ausschließen. Die Rechnung für Telefon, Nahverkehrsticket oder das Schulessen zu begleichen, soll 
aber möglich sein. Nun hat das Fluchtministerium eine landesweit gültige „weiße Liste“ mit zulässigen 
Bankverbindungen erstellt. Alles, was darauf nicht steht, müssen die örtlichen Ämter prüfen und freigeben.
Andreas Wohland vom Städte- und Gemeindebund NRW erklärte die Aufgabe, die in den Rathäusern anfällt: „Der 
Sachbearbeiter muss im Einzelfall entscheiden. Lasse ich die Kontoverbindung freischalten oder nicht? Das kann 

Bezahlkarte macht Kommunen Mehrarbeit Wo das neue Guthaben-System für Geflüchtete eingeführt wird, 
müssen die Ämter Zahlungen einzeln genehmigen. Für die Gemein....
ein örtlicher Vermieter sein – das leuchtet in jedem Fall ein. Oder der Sportverein oder ein Fitnessstudio. Wenn ich 
jemandem ein Kinderfahrrad abkaufe, ist das auch eine gute Begründung. Aber alles muss natürlich begründet und 
geprüft werden.“
Dass trotz des sogenannten White-List-Verfahrens Beträge in unzulässige Kanäle fließen, etwa über fingierte 
Rechnungen, sei zwar nicht komplett auszuschließen, räumte Andreas Wohland ein. „Hundertprozent wasserdicht 
wird man es nie hinkriegen.“ Aber ohne die Regelung, so die Sicht der Gemeinden, wären dem Missbrauch Tür und 
Tor geöffnet gewesen. „Wir müssen den zusätzlichen Verwaltungsaufwand in Kauf nehmen“, sagte Wohland. Man 
hätte sich gewünscht, „dass diese Beschlüsse deutlich früher gefasst worden wären“.
Nach Einschätzung von Christian Schuchardt, Geschäftsführer des Städtetages NRW, werden die bislang 
unentschiedenen Kommunen nun beobachten, wie hoch der Mehraufwand für die Verwaltungen wirklich wird. Die 
Landesregierung habe sich sehr darum bemüht, die Sache bürokratiearm zu gestalten. „Ob dies gelungen ist, wird 
sich in den nächsten Wochen bei den wenigen Kommunen zeigen, die die Bezahlkarte seit Kurzem bereits 
einsetzen. Erst danach wird nach und nach klar werden, wie viele weitere Kommunen die Bezahlkarte einführen“, 
prognostizierte er.
Der Flüchtlingsrat NRW kritisiert das White-List-Modell als Eingriff in die Privatsphäre der Schutzsuchenden. „Die 
Menschen müssen offenlegen, wofür sie welches Geld ausgeben wollen“, erklärte Geschäftsführerin Birgit Naujoks. 
Das Ganze sei datenschutzrechtlich äußerst fragwürdig. Zudem gebe es Ängste vor Willkür. „In der Verordnung 
des Landes steht nicht drin, für welche Zwecke Geld überwiesen werden darf oder nicht. Die Praxis wird zeigen, ob 
jetzt der einzelne Sozialamtsmitarbeitende sagen kann: Ach nein, für eine Zeitschrift geht das nicht, oder: Ja, der 
Rechtsanwalt darf bezahlt werden.“
Eine Sprecherin des Fluchtministeriums betonte, dass das White-List-Modell für die „Socialcard“ das gängige 
Verfahren sei. Die überwiegende Mehrheit der Bundesländer nutze es. Man plane „noch in diesem Jahr weitere 
Informationsveranstaltungen zur Bezahlkarte in Nordrhein-Westfalen für alle Kommunen“. Im Frühjahr wurde die 
Karte zunächst in den 55 landeseigenen Flüchtlingsunterkünften eingeführt. In diesen Einrichtungen wurden 
bislang rund 23.000 Exemplare ausgegeben.
50 Euro am Automaten, kein Geld für Glückspiel Nur 50 Euro am Automaten, kein Geld für Glücksspiel oder 
Prostitution
Beschränkungen Die Socialcard limitiert Bargeldabhebungen im Normalfall auf 50 Euro pro Monat. Zahlungen für 
Glücksspiel, Prostitution, Überweisungen ins Ausland sind ausgeschlossen.
Flickenteppich Städte können sich für oder gegen die Karte entscheiden. Es wird kritisiert, dass so ein 
Flickenteppich entsteht.
Beschränkungen Die Socialcard beschränkt Bargeldabhebungen im Normalfall auf 50 Euro pro Monat. Zahlungen 
für Glücksspiel und sexuelle Dienstleistungen sowie Überweisungen ins Ausland sollen ausgeschlossen sein.
Flickenteppich Die Gemeinden in NRW können sich über eine „Opt-Out-Regel“ für oder gegen die Einführung der 
Karte entscheiden. Die Kommunalen Spitzenverbände haben stets scharf kritisiert, dass dadurch ein 
„Flickenteppich“ entsteht.
Link to PDF"
2025-12,Main Corpus,2025-12(113).ZIP,"Bezahlkarte macht Kommunen Mehrarbeit Wo das neue Guthaben-System für Geflüchtete eingeführt wird, m.PDF","C:\PythonProjects\AfD-project\Corpora\Main Corpus\2025-12\raw_unarchive\Bezahlkarte macht Kommunen Mehrarbeit Wo das neue Guthaben-System für Geflüchtete eingeführt wird, m.PDF","Bezahlkarte macht Kommunen Mehrarbeit Wo das neue Guthaben-System für Geflüchtete eingeführt wird,",bezahlkarte macht kommunen mehrarbeit wo das neue guthabensystem für geflüchtete eingeführt wird,Rheinische Post,rheinische post,Montag 1. Dezember 2025,Sina Zehrfeld,S. 1,706,5180,04c10cb0be5b5296a777df20f9effcba2a4e9939,exact_003,duplicate_exact,review,,no,,no,,,6883,no,,exact_003,,,"Sina Zehrfeld
Düsseldorf Bislang will nicht einmal jede dritte Stadt oder Gemeinde in NRW die Bezahlkarte für Geflüchtete 
einführen. Nach aktuellen Zahlen des Landes haben 110 der 396 Kommunen Interesse. Für die soll es aber nun 
vorangehen: Sie sollen „schrittweise an das System angeschlossen“ werden, wie eine Sprecherin erklärte. Bei 36 
ist das den Angaben nach schon erfolgt. 130 Kommunen haben klargemacht, dass sie die Karte ablehnen. Die 
Mehrheit ist also unentschieden.
Allerdings könnten sich nun nach den Kommunalwahlen neue Meinungsbilder in den Stadträten ergeben – zumal 
die sogenannte Socialcard für die Gemeinden erst jetzt überhaupt praxistauglich wird. Denn das Land hat geregelt, 
wie sie für Überweisungen und Lastschriftverfahren genutzt werden kann. Mitte November wurde die 
entsprechende Funktion freigeschaltet – nach einem Modell, das in den Rathäusern für Mehraufwand sorgen wird, 
das die Kommunen aber trotzdem so gewollt haben.
An sich ist die „Socialcard“ eine Guthabenkarte, über die Geflohene Geld für ihren Lebensunterhalt bekommen. Sie 
taugt zum Bezahlen in Geschäften, begrenzt aber Bargeldabhebungen und soll unerwünschte Geldtransfers an 
Schlepper ausschließen. Die Rechnung für Telefon, Nahverkehrsticket oder das Schulessen zu begleichen, soll 
aber möglich sein. Nun hat das Fluchtministerium eine landesweit gültige „weiße Liste“ mit zulässigen 
Bankverbindungen erstellt. Alles, was darauf nicht steht, müssen die örtlichen Ämter prüfen und freigeben.
Andreas Wohland vom Städte- und Gemeindebund NRW erklärte die Aufgabe, die in den Rathäusern anfällt: „Der 
Sachbearbeiter muss im Einzelfall entscheiden. Lasse ich die Kontoverbindung freischalten oder nicht? Das kann 

Bezahlkarte macht Kommunen Mehrarbeit Wo das neue Guthaben-System für Geflüchtete eingeführt wird, 
müssen die Ämter Zahlungen einzeln genehmigen. Für die Gemein....
ein örtlicher Vermieter sein – das leuchtet in jedem Fall ein. Oder der Sportverein oder ein Fitnessstudio. Wenn ich 
jemandem ein Kinderfahrrad abkaufe, ist das auch eine gute Begründung. Aber alles muss natürlich begründet und 
geprüft werden.“
Dass trotz des sogenannten White-List-Verfahrens Beträge in unzulässige Kanäle fließen, etwa über fingierte 
Rechnungen, sei zwar nicht komplett auszuschließen, räumte Andreas Wohland ein. „Hundertprozent wasserdicht 
wird man es nie hinkriegen.“ Aber ohne die Regelung, so die Sicht der Gemeinden, wären dem Missbrauch Tür und 
Tor geöffnet gewesen. „Wir müssen den zusätzlichen Verwaltungsaufwand in Kauf nehmen“, sagte Wohland. Man 
hätte sich gewünscht, „dass diese Beschlüsse deutlich früher gefasst worden wären“.
Nach Einschätzung von Christian Schuchardt, Geschäftsführer des Städtetages NRW, werden die bislang 
unentschiedenen Kommunen nun beobachten, wie hoch der Mehraufwand für die Verwaltungen wirklich wird. Die 
Landesregierung habe sich sehr darum bemüht, die Sache bürokratiearm zu gestalten. „Ob dies gelungen ist, wird 
sich in den nächsten Wochen bei den wenigen Kommunen zeigen, die die Bezahlkarte seit Kurzem bereits 
einsetzen. Erst danach wird nach und nach klar werden, wie viele weitere Kommunen die Bezahlkarte einführen“, 
prognostizierte er.
Der Flüchtlingsrat NRW kritisiert das White-List-Modell als Eingriff in die Privatsphäre der Schutzsuchenden. „Die 
Menschen müssen offenlegen, wofür sie welches Geld ausgeben wollen“, erklärte Geschäftsführerin Birgit Naujoks. 
Das Ganze sei datenschutzrechtlich äußerst fragwürdig. Zudem gebe es Ängste vor Willkür. „In der Verordnung 
des Landes steht nicht drin, für welche Zwecke Geld überwiesen werden darf oder nicht. Die Praxis wird zeigen, ob 
jetzt der einzelne Sozialamtsmitarbeitende sagen kann: Ach nein, für eine Zeitschrift geht das nicht, oder: Ja, der 
Rechtsanwalt darf bezahlt werden.“
Eine Sprecherin des Fluchtministeriums betonte, dass das White-List-Modell für die „Socialcard“ das gängige 
Verfahren sei. Die überwiegende Mehrheit der Bundesländer nutze es. Man plane „noch in diesem Jahr weitere 
Informationsveranstaltungen zur Bezahlkarte in Nordrhein-Westfalen für alle Kommunen“. Im Frühjahr wurde die 
Karte zunächst in den 55 landeseigenen Flüchtlingsunterkünften eingeführt. In diesen Einrichtungen wurden 
bislang rund 23.000 Exemplare ausgegeben.
50 Euro am Automaten, kein Geld für Glückspiel Nur 50 Euro am Automaten, kein Geld für Glücksspiel oder 
Prostitution
Beschränkungen Die Socialcard limitiert Bargeldabhebungen im Normalfall auf 50 Euro pro Monat. Zahlungen für 
Glücksspiel, Prostitution, Überweisungen ins Ausland sind ausgeschlossen.
Flickenteppich Städte können sich für oder gegen die Karte entscheiden. Es wird kritisiert, dass so ein 
Flickenteppich entsteht.
Beschränkungen Die Socialcard beschränkt Bargeldabhebungen im Normalfall auf 50 Euro pro Monat. Zahlungen 
für Glücksspiel und sexuelle Dienstleistungen sowie Überweisungen ins Ausland sollen ausgeschlossen sein.
Flickenteppich Die Gemeinden in NRW können sich über eine „Opt-Out-Regel“ für oder gegen die Einführung der 
Karte entscheiden. Die Kommunalen Spitzenverbände haben stets scharf kritisiert, dass dadurch ein 
„Flickenteppich“ entsteht.
Link to PDF"
2025-12,Main Corpus,2025-12(113).ZIP,BKA-Lagebild.PDF,C:\PythonProjects\AfD-project\Corpora\Main Corpus\2025-12\raw_unarchive\BKA-Lagebild.PDF,BKA-Lagebild,bkalagebild,Der Tagesspiegel,der tagesspiegel,Dienstag 09. Dezember 2025,,POLITIK; Politik; S. 6,139,1163,bcbe5055fb691f034a39feeff4a2e31c47db5780,,unique,keep,,no,,no,,,2326,no,,,,,"Zuwanderer machen nach einer Datenauswertung des Bundeskriminalamts (BKA) knapp neun Prozent aller 
Tatverdächtigen im Bereich ,,Allgemeinkriminalität"" aus. 2024 waren es demnach insgesamt 1,97 Millionen 
Tatverdächtige, 697.000 davon hatten keine deutsche Staatsangehörigkeit, 172.000 waren nach BKA-Definition 
Zuwanderer (8,8 Prozent aller Tatverdächtigen). Als Zuwanderer oder ,,in Deutschland aufhältige Geflüchtete"" 
werden in dem Lagebild Asylbewerber, anerkannte Flüchtlinge, geduldete und ausreisepflichtige Personen geführt. 
Mit ,,Allgemeinkriminalität"" sind Taten, die nicht politisch motiviert sind, gemeint. Auch ausländerrechtliche 
Verstöße werden hier nicht mitgezählt.
Bei Mord, Totschlag und fahrlässige Tötung waren dem Bericht zufolge rund 12 Prozent aller Tatverdächtigen 
Zuwanderer. Auch bei Diebstahl, Vermögens- und Fälschungsdelikten lag ihr Anteil bei etwa 12 Prozent. Bei 
Sexualstraftaten, sogenannten Rohheitsdelikten wie Körperverletzung und Rauschgiftdelikten waren es zwischen 8 
und 10 Prozent. In fast jedem dritten Ermittlungsverfahren zu organisierter Kriminalität wurden Zuwanderer als 
Tatverdächtige festgestellt.(dpa)
***"
2025-12,Main Corpus,2025-12(113).ZIP,Bürogebäude für Flüchtlinge.PDF,C:\PythonProjects\AfD-project\Corpora\Main Corpus\2025-12\raw_unarchive\Bürogebäude für Flüchtlinge.PDF,Bürogebäude für Flüchtlinge,bürogebäude für flüchtlinge,Frankfurter Rundschau,frankfurter rundschau,Dienstag 2. Dezember 2025,,FRANKFURT; S. 38,134,1002,19f7c3021f496b718db5a10021f8b30064db7805,,unique,keep,,no,,no,,,2055,no,,,,,"Um die Frankfurter Sporthallen bei der Unterbringung von Flüchtlingen zu entlasten, sucht die Stadt mit Nachdruck 
nach geeigneten leerstehenden gewerblichen Gebäuden. Die größte Unterkunft dieser Art soll jetzt auf dem Avaya-
Gelände im Gallus entstehen. In den leerstehenden Bürogebäuden in der Kleyerstraße könnten „mindestens 400 
Flüchtlinge“ untergebracht werden, sagte Sport- und Wirtschaftsdezernent Markus Frank (CDU) im Gespräch mit 
der FR. Wie Frank sagte, hat er persönlich die Verhandlungen mit dem Eigentümer und dem heutigen Mieter 
geführt und zum erfolgreichen Abschluss gebracht. „Beide sind einverstanden.“ Die ehemaligen Bürogebäude 
müssten für Wohnzwecke umgebaut werden. „So reichen zum Beispiel die Nasszellen nicht aus.“ Der Vorsitzende 
des Sportkreises, Roland Frischkorn, hatte bemängelt, dass derzeit die Sportvereine auf viele ihrer Angebote in den 
anderweitig belegten Sporthallen verzichten müssten, obwohl doch Sport zur Integration beitrage.OTE
Link zum PDF-Dokument"
2025-12,Main Corpus,2025-12(113).ZIP,Christliches Erbarmen Wadephul-Äußerung(2).PDF,C:\PythonProjects\AfD-project\Corpora\Main Corpus\2025-12\raw_unarchive\Christliches Erbarmen Wadephul-Äußerung(2).PDF,Christliches Erbarmen Wadephul-Äußerung,christliches erbarmen wadephuläusserung,Rheinische Post,rheinische post,Montag 1. Dezember 2025,unbekannt,S. 15,207,1474,671a0b6a0fec9b253715733c4fe59dc4aa8c80a7,exact_004,duplicate_exact,review,,no,,no,,,2298,no,,exact_004,,,"Wie berichtet wurde, hat Außenminister Johann Wadephul im Anschluss an seine Reise nach Syrien in seiner 
Fraktion darauf hingewiesen, dass eine Rückkehr von in Deutschland lebenden syrischen Flüchtlinge in ihr 
Heimatland derzeit nicht möglich sei, da die aktuellen Lebensbedingungen in Syrien menschenunwürdig seien. Er 
hat also eine abwägende und individuelle Betrachtung unter Hinweis auf das „C“ im Namen seiner Partei 
angemahnt. Seine Äußerung war ein Aufruf, christliches Erbarmen und menschliches Mitgefühl mit den syrischen 
Flüchtlingen zu zeigen, deren Rückführung ansteht. Anstatt dass ein solcher Hinweis unter seinen christlich-
konservativen Fraktionskolleginnen und Kollegen auf Zustimmung stieß, habe sein Verhalten in der Fraktion „helle 
Aufregung“ verursacht und zu „Unruhe“ geführt. Die CDU-Fraktion muss die nachdenklichen und an die 
Menschlichkeit appellierenden Äußerungen Wadephuls nicht nur ertragen können, sondern sogar mittragen. Es 
geht im konkreten Fall ja nicht darum, ob weitere Flüchtlinge aufgenommen werden sollen. Vielmehr geht es um die 
Rückführung von Menschen, die zum Teil bereits seit langer Zeit erste Wurzeln in Deutschland geschlagen haben. 
Wie man in der RP weiter nachlesen konnte, handelt es sich ohnehin nur um rund 920 Syrerinnen und Syrer, die 
überhaupt rückführbar wären. Unser starkes Land wird keinen Schaden leiden, wenn wir an dieser Stelle 
Menschlichkeit und Erbarmen zeigen.
Jürgen BoyxenNettetal
Link to PDF"
2025-12,Main Corpus,2025-12(113).ZIP,Christliches Erbarmen Wadephul-Äußerung.PDF,C:\PythonProjects\AfD-project\Corpora\Main Corpus\2025-12\raw_unarchive\Christliches Erbarmen Wadephul-Äußerung.PDF,Christliches Erbarmen Wadephul-Äußerung,christliches erbarmen wadephuläusserung,Rheinische Post,rheinische post,Dienstag 2. Dezember 2025,unbekannt,S. 22,207,1474,671a0b6a0fec9b253715733c4fe59dc4aa8c80a7,exact_004,duplicate_exact,review,,no,,no,,,2285,no,,exact_004,,,"Wie berichtet wurde, hat Außenminister Johann Wadephul im Anschluss an seine Reise nach Syrien in seiner 
Fraktion darauf hingewiesen, dass eine Rückkehr von in Deutschland lebenden syrischen Flüchtlinge in ihr 
Heimatland derzeit nicht möglich sei, da die aktuellen Lebensbedingungen in Syrien menschenunwürdig seien. Er 
hat also eine abwägende und individuelle Betrachtung unter Hinweis auf das „C“ im Namen seiner Partei 
angemahnt. Seine Äußerung war ein Aufruf, christliches Erbarmen und menschliches Mitgefühl mit den syrischen 
Flüchtlingen zu zeigen, deren Rückführung ansteht. Anstatt dass ein solcher Hinweis unter seinen christlich-
konservativen Fraktionskolleginnen und Kollegen auf Zustimmung stieß, habe sein Verhalten in der Fraktion „helle 
Aufregung“ verursacht und zu „Unruhe“ geführt. Die CDU-Fraktion muss die nachdenklichen und an die 
Menschlichkeit appellierenden Äußerungen Wadephuls nicht nur ertragen können, sondern sogar mittragen. Es 
geht im konkreten Fall ja nicht darum, ob weitere Flüchtlinge aufgenommen werden sollen. Vielmehr geht es um die 
Rückführung von Menschen, die zum Teil bereits seit langer Zeit erste Wurzeln in Deutschland geschlagen haben. 
Wie man in der RP weiter nachlesen konnte, handelt es sich ohnehin nur um rund 920 Syrerinnen und Syrer, die 
überhaupt rückführbar wären. Unser starkes Land wird keinen Schaden leiden, wenn wir an dieser Stelle 
Menschlichkeit und Erbarmen zeigen.
Jürgen BoyxenNettetal
Link to PDF"
2025-12,Main Corpus,2025-12(113).ZIP,"Das Anschlagsopfer vertraut niemandem mehr Der Syrer Wassim Al M. steht vor Gericht, weil er am Holo.PDF","C:\PythonProjects\AfD-project\Corpora\Main Corpus\2025-12\raw_unarchive\Das Anschlagsopfer vertraut niemandem mehr Der Syrer Wassim Al M. steht vor Gericht, weil er am Holo.PDF","Das Anschlagsopfer vertraut niemandem mehr Der Syrer Wassim Al M. steht vor Gericht, weil er am",das anschlagsopfer vertraut niemandem mehr der syrer wassim al m steht vor gericht weil er am,Die Welt,die welt,Freitag 5. Dezember 2025,Kevin Culina,Politik; S. 4; Ausg. 236,1150,7646,c049d463992a943ef296c9b3aa5d439388c5e5d2,,unique,keep,,no,,no,,,10283,no,,,,,"Dieser eine Februar-Abend in Berlin begegnet Iker B. M. bis heute, wieder und wieder. In Albträumen bei Nacht, 
mitten am Tag, in sogenannten Flashbacks, manchmal mehrmals die Woche. Jederzeit könne die Erinnerung ihn 
überwältigen, Schwindel erzeugen, Angst auslösen, erzählt der 31-jährige Spanier an diesem Mittwochmorgen im 
Kriminalgericht der deutschen Hauptstadt. Das ist wie Schüttelfrost , sagt er. Eine Sache, die sich nicht vermeiden 
lässt. Er höre dann den Schrei einer Frau. Der Klang versetze ihn zurück an diesen Abend, gegen 18 Uhr im 
Holocaust-Mahnmal nahe dem Brandenburger Tor.
 Das war der Moment, in dem ich rausrannte. Kurz zuvor fügte ihm ein mutmaßlicher Terrorist eine 14 Zentimeter 
lange Schnittwunde am Hals zu. Iker B. M. wurde an jenem Abend Opfer eines mutmaßlichen antisemitischen und 
islamistischen Anschlags, ausgeführt von einem mutmaßlichen Sympathisanten des sogenannten Islamischen 
Staats (IS). Der 19-jährige Wassim Al M., der 2023 als unbegleiteter minderjähriger Flüchtling aus Syrien nach 
Deutschland kam und mit befristeter Aufenthaltsgenehmigung in einer Gemeinschaftsunterkunft in Leipzig lebte, 
steht seit November als Angeklagter vor dem Berliner Kammergericht.
Laut Anklage hatte der junge Mann einen Juden töten wollen und deshalb das Holocaust-Mahnmal als 
Anschlagsort ausgewählt. Im Zuge des Gaza-Kriegs habe Al M. sich im Sinne der salafistisch-dschihadistischen 
Ideologie des IS radikalisiert und geglaubt, einen religiösen Auftrag zur Tat zu haben, sagte Oberstaatsanwalt 
Michael Neuhaus zum Prozessauftakt. Er wollte ein Zeichen setzen gegen die freiheitliche Gesellschaft, in der wir 
leben, und gegen Juden, die er für das Leid der Welt verantwortlich machte. 
Hierfür, so die Anklage, habe er sich ein Messer mit 16 Zentimeter langer gebogener Klinge beschafft und kurz vor 
der Tat im Internet seine Gefolgschaft zum IS bekundet. Der Generalbundesanwalt wirft Al M. versuchten Mord, 
gefährliche Körperverletzung und eine versuchte Mitgliedschaft in einer ausländischen terroristischen Vereinigung 
vor. Der Ernährungsspezialist Iker B. M. aus Bilbao war demnach ein Zufallsopfer. Für seine Aussage vor Gericht 
an diesem Mittwoch ist er eigens aus Spanien angereist, berichtet von extremem emotionalen und psychischen 

Das Anschlagsopfer vertraut niemandem mehr Der Syrer Wassim Al M. steht vor Gericht, weil er am 
Holocaust-Mahnmal auf einen Touristen aus Spanien einstach. Dies....
Stress, wieder in der Stadt des Anschlags zu sein und dem mutmaßlichen Täter zu begegnen. Eine Dolmetscherin 
übersetzt seine Aussage aus dem Spanischen.
Erst einen Tag vor der Tat, berichtet der Mann im hellen beigefarbenen Pullover, sei er nach Berlin gereist. Er habe 
das Wochenende mit einer deutschen Freundin und einem Freund aus Polen verbringen wollen. Vor der Tat hätten 
sie Museen besucht, gemeinsam gegessen, in einem Café gesessen. Am frühen Abend hätten sie das Holocaust-
Mahnmal betreten, ein großes, frei zugängliches Feld aus verschieden hohen Betonstelen. Der Labyrinth-artige 
Bau soll an die gut sechs Millionen Jüdinnen und Juden erinnern, die in der Schoah von den Nationalsozialisten 
ermordet wurden.
Mit den zwei Freunden sei er durch das Stelenfeld gelaufen, erzählt B. M. vor Gericht, als er eine Silhouette in der 
Dunkelheit hinter sich bemerkt habe. Dann sei alles sehr schnell gegangen: Von links habe der Mann den Arm um 
seinen Hals gelegt. Ich hatte gar keine Zeit zu reagieren. Kurz danach habe ich den Schnitt am Hals bemerkt. Er 
sei zu Boden gegangen, woraufhin der Täter erneut versucht habe zuzustechen. Das Messer habe er abwehren 
können, so B. M., und dabei seine Hand verletzt. Stark verletzt habe er die Flucht ergriffen und sei aus dem 
Stelenfeld gerannt. Beim Laufen habe ich hinter mir diesen Ruf gehört. Ich weiß nicht, wie man das auf Arabisch 
sagt: Allah ist groß . 
Von Passanten sei Iker B. M. erstversorgt worden, noch am Tatort mehrmals in Ohnmacht gefallen und wieder zu 
sich gekommen. Im nahe gelegenen Charité-Krankenhaus wurde er kurz darauf notoperiert, in ein künstliches 
Koma versetzt. Er überlebte den Anschlag offenbar nur knapp, habe rund zwei Liter Blut durch die klaffende 
Schnittwunde quer über den Hals verloren. Ein spanischsprachiger Arzt aus Venezuela habe ihn operiert. Der hat 
gesagt, ich hätte sehr viel Glück gehabt. 
Bis heute plagten den Spanier schwere Folgen des Attentats. Am Hals, zwischen den schwarzen Barthaaren, trägt 
er eine lange Narbe, weitere an der Wange und der Hand. Durch den Durchschnitt eines Muskels am Hals sei die 
Mobilität sowie das Empfinden und Fühlen an Teilen des Halses und Kinns eingeschränkt, ein Druckschmerz 
bleibe. Ob diese Wunden vollständig verheilen, sei unklar. Vor dem Anschlag habe er im Radsport mit 
Spitzensportlern gearbeitet, heute sei er arbeitsunfähig und lebe von Erspartem sowie Unterstützung der Eltern, bei 
denen er kürzlich auch wieder eingezogen sei. Weil ich auch nicht in der Lage bin, alleine in einer Wohnung zu 
schlafen. Vom deutschen Justizministerium habe er eine Einmalzahlung von 5000 Euro aus einem Fonds für 
Terroropfer erhalten, der spanische Staat habe ein Hilfeersuchen wiederum gänzlich abgelehnt.
Iker B. M. wurde eine posttraumatische Belastungsstörung diagnostiziert, die er mit Psychopharmaka behandelt, 
wie ein vor Gericht verlesener Arztbrief bescheinigt. Kurz nach der Tat habe er die Wohnung nicht verlassen 
können. Ich hatte Angst vor allem. Bis heute traue er sich in der Dunkelheit kaum raus, berichtet er, es erinnere 
ihn an den Tatabend. Wenn er es in ein Café schaffe, dann sitze er mit dem Rücken an der Wand, um die Straße 
beobachten zu können. Überraschende Berührungen von hinten könne er nicht ertragen.
 Ich versuche, so normal zu leben, wie es geht , sagt B. M. Doch sein soziales Leben sei durch all das enorm 
eingeschränkt. Was vorerst bleibe? Der Vertrauensverlust allen gegenüber. Der Angeklagte Al M. sitzt über weite 
Teile der Zeugenbefragung nach vorn gebeugt auf der Anklagebank und blickt stumm zu Boden, Arabisch-
Dolmetscher übersetzen ihm den Prozess über Kopfhörer. Nach der Aussage des Geschädigten lässt er eine 
Botschaft ausrichten. Sein Mandant drücke ihm ehrlich empfundenes Bedauern über die Geschehnisse aus, sagt 
sein Verteidiger Daniel Sprafke an Iker B. M. gerichtet. Wassim Al M. habe die Hoffnung, dass Sie aus diesen 
schrecklichen Erlebnissen irgendwann wieder in ein normales Leben finden können .
Al M. wurde wenige Stunden nach der Tat im nahegelegenen Tiergarten festgenommen. Hose und Hände des 19-
Jährigen seien noch voller Blut gewesen, teilte die Bundesanwaltschaft mit. An früheren Prozesstagen sagten 
mehrere Polizisten im Gerichtsprozess aus, die an der Festnahme beteiligt waren. Ihnen zufolge habe Al M. die 
Frage, ob er die Tat begangen habe, durch Nicken bejaht und in einer Vernehmung kurze Zeit später ausgesagt, er 
habe einen Juden töten wollen. Die Verteidigung des Angeklagten legt am Mittwoch allerdings Widerspruch gegen 
die Verwertung der Aussagen ein. Al M. sei nicht darüber belehrt worden, in jener Befragung als Tatverdächtiger 
Das Anschlagsopfer vertraut niemandem mehr Der Syrer Wassim Al M. steht vor Gericht, weil er am 
Holocaust-Mahnmal auf einen Touristen aus Spanien einstach. Dies....
vernommen zu werden und laut Strafprozessordnung das Recht zu haben, sich nicht zur Sache und den Vorwürfen 
zu äußern.
Für den Prozess sind zwölf Verhandlungstage angesetzt, von denen noch acht ausstehen. Ein Urteil wird für 
Januar erwartet.
Original Gesamtseiten-PDF
Graphic
 
Der Angeklagte Wassim Al M. zu Prozessbeginn im Kriminalgericht Moabit"
2025-12,Main Corpus,2025-12(113).ZIP,"Das Privileg der Männer Während die Integration männlicher Asylbewerber langsam, aber stetig voranko(2).PDF","C:\PythonProjects\AfD-project\Corpora\Main Corpus\2025-12\raw_unarchive\Das Privileg der Männer Während die Integration männlicher Asylbewerber langsam, aber stetig voranko(2).PDF","Das Privileg der Männer Während die Integration männlicher Asylbewerber langsam, aber stetig vorankommt,",das privileg der männer während die integration männlicher asylbewerber langsam aber stetig vorankommt,Welt am Sonntag,welt am sonntag,28. Dezember 2025,Ricarda Breyton,Politik; S. 6; Ausg. 52,1061,7640,36741593bd15a3c0015e65a15254823072d49f66,exact_005,duplicate_exact,review,,no,,no,,,9757,no,,exact_005,,,"Ein Samstag im Frühsommer 2025: In einem kleinen Tagungsraum einer kirchlichen Einrichtung nahe Stuttgart 
beraten Flüchtlingsorganisationen, Anwälte und Experten über eine Frage, die Hunderttausende betrifft: Wie geht 
es mit den Syrern in Deutschland weiter, seit Diktator Baschar al-Assad im Dezember 2024 gestürzt wurde? Für 
einige, das wird schnell deutlich, stehen die Chancen gut, dauerhaft zu bleiben selbst wenn der Schutztitel 
irgendwann entfällt.
Für andere sind die Aussichten weniger rosig. Bei den syrischen Männern sei etwa die Erwerbstätigenquote ganz 
okay , sagt der Leiter einer Ausländerbehörde, während er mehrere Folien zeigt. Immerhin 73 Prozent der 2015 
Eingereisten seien sieben Jahre nach Zuzug in Lohn und Brot. Ganz anders sehe es bei den syrischen Frauen aus, 
so der Behördenleiter. Hier arbeiteten deutlich weniger nur 29 Prozent. Grottig , dramatisch : Das sind Begriffe, 
die an diesem Tag fallen. Sie beschreiben ein Problem, das lange unter dem Radar lief, inzwischen aber immer 
drängender wird. Während die Integration männlicher Asylbewerber langsam, aber stetig vorankommt, geht es bei 
vielen Frauen kaum weiter. Sie starten oft später in die Integrationskurse, sprechen schlechter Deutsch, haben 
weniger soziale Kontakte und arbeiten deutlich seltener.
Neueren Daten des Instituts für Arbeitsmarkt- und Berufsforschung (IAB) zufolge arbeiteten 2024 neun Jahre nach 
Zuzug 76 Prozent der männlichen Schutzsuchenden im erwerbsfähigen Alter, aber nur 35 Prozent der Frauen. Im 
EU-Durchschnitt arbeiteten 2021 dagegen 41 Prozent der Frauen, die irgendwann zuvor als Flüchtlinge eingereist 
waren in Ländern wie Spanien, Frankreich oder Dänemark sogar mehr als 50 Prozent, wie Daten der OECD 
zeigen. In Deutschland waren es nur 32 Prozent. Bei den Flüchtlingen in Deutschland ist das Gendergefälle extrem 
hoch , sagt OECD-Migrationsexperte Thomas Liebig WELT AM SONNTAG. Wir wissen aus unserer Forschung, 
dass diese Frauen häufig arbeiten wollen. Aber es gibt keinen Automatismus, dass sie es auch tun. 
Es gibt Parallelstrukturen

Das Privileg der Männer Während die Integration männlicher Asylbewerber langsam, aber stetig vorankommt, 
geht es bei vielen Frauen kaum voran. Das hat Folgen fü....
Das hat Folgen für die gesamte Gesellschaft: Arbeitskräfte fehlen, Sozialausgaben steigen, Parallelstrukturen 
drohen sich zu verfestigen mit Risiken für Wirtschaft, Teilhabe und die nächste Generation. Und die Gruppe 
wächst: Inzwischen leben knapp 600.000 Frauen im erwerbsfähigen Alter aus Afghanistan, Eritrea, Irak, Iran, 
Nigeria, Pakistan, Somalia und Syrien in Deutschland viele dürften ihren zuerst eingereisten Männern 
nachgezogen sein.
Aufgrund des demografischen Wandels könnte der Fachkräftemangel in den nächsten Jahren in Deutschland stark 
steigen, sagt IAB-Migrationsexpertin Tanja Fendel. Das Potenzial bei den hier Geborenen ist aber begrenzt. Der 
besseren Integration Zugezogener, unter denen Frauen einen signifikanten Anteil ausmachen, kommt deshalb eine 
hohe Relevanz zu. Delal Atmaca ist Geschäftsführerin des Vereins DaMigra, der sich für die Teilhabe von 
Migrantinnen einsetzt. Sie sagt: Eine Arbeit zu haben, die Sprache zu sprechen, bedeutet Macht. Wenn es ein 
Gefälle zwischen den Geschlechtern gebe, würden Abhängigkeiten verstärkt, so Atmaca: Wenn vor allem der 
Mann Deutsch spricht, dann geht er bei Behördengängen mit, dann kommuniziert er mit der Schule, dann taucht er 
bei Arztterminen mit auf obwohl die Frauen das in den Herkunftsländern völlig allein gestemmt haben. 
Warum also ist der Abstand so groß? Die Ursachen liegen teils im Herkunftskontext, teils in deutschen Strukturen. 
Klar ist dabei vor allem eines: Am mangelnden Willen der Frauen scheint es nicht zu liegen. Zwar kann es 
herkunftsspezifische Vorbehalte gegen eine Berufstätigkeit geben. In Asylherkunftsländern wie Nigeria finden zwei 
Drittel der Bevölkerung zum Beispiel, dass Männer ein größeres Anrecht auf einen Job haben sollten als Frauen. 
Allerdings zeigen Befragungen von Geflüchteten in Deutschland auch, dass viele Frauen in Deutschland 
eigenständig sein wollen. In den Befragungen geben auch noch nicht erwerbstätige geflüchtete Frauen zu hohen 
Anteilen an, im deutschen Arbeitsmarkt Fuß fassen zu wollen , sagt IAB-Expertin Fendel.
Entscheidend ist die Phase der Kinderbetreuung. Studien des Bundesamts für Migration und Flüchtlinge haben 
gezeigt, dass sich geflüchtete Frauen mitunter schwertun, Kleinkinder in staatliche Einrichtungen zu geben auch 
weil sie das aus ihren Herkunftsländern nicht kennen. Rare Betreuungsplätze machen geflüchteten Frauen, die das 
System nicht kennen, besonders zu schaffen. Hinzu kommen zum Teil paternalistische Vorstellungen in deutschen 
Behörden. Empfänger von Sozialleistungen können zur Teilnahme an Integrationskursen verpflichtet werden; Eltern 
können befreit werden, solange Kinder unter drei Jahren zu betreuen sind. Das trifft offenbar vor allem die Mütter.
Ein Teufelskreis
Von einem solchen Fall berichtet Atmaca: Wir hatten in unserer Beratung eine Frau, die gerne einen Job ergreifen 
wollte, aber dann vom Jobcenter nach Hause geschickt wurde, damit sie sich um die Kinder kümmert. Die Frau 
habe daraufhin sogar das Bundesland gewechselt, um überhaupt einen Sprachkurs machen zu können. Den 
Vätern wird in der Regel nicht empfohlen, bei ihren Kindern zu bleiben , sagt Atmaca. Während die Frau zu Hause 
bleibt, schreitet der Mann mit seiner Integration voran.
Schließlich spielen auch die Bildungsverläufe eine Rolle. Frauen sind mitunter schlechter qualifiziert als Männer. 
Wenn sie einen Beruf erlernt haben, dann oft einen, der in Deutschland reglementiert ist etwa Lehrerin oder 
Pflegerin. In Deutschland tun sie sich dann mit der Anerkennung schwer. Eine Folge der verzögerten Teilnahme an 
Sprach- und Integrationskursen und der geringeren Arbeitsmarktpartizipation sei, dass viele geflüchtete Frauen 
wenig Kontakte zu Personen außerhalb der Familie, insbesondere zu deutschsprachigen Personen, haben , sagt 
Fendel. Ein Teufelskreis, der schwer zu durchbrechen scheint.
Allerdings sind laut dem Bundesarbeitsministerium mehrere Maßnahmen geplant, die die Erwerbsbeteiligung von 
geflüchteten Frauen beeinflussen sollen. Zum einen sollen Mütter, die lange Leistungen bezogen haben, stärker 
von Fördermaßnahmen profitieren. Zum anderen soll die jahrelange Befreiung von Verpflichtungen abgeschafft 
werden. Für Erzieher solle es künftig zumutbar sein, eine Erwerbstätigkeit aufzunehmen, wenn das Kind ein Jahr 
und nicht wie bislang drei Jahre alt ist, schreibt eine Ministeriumssprecherin. Dasselbe gelte für eine 
Eingliederungsmaßnahme oder einen Sprach- oder Integrationskurs, wenn die Betreuung gesichert sei.
Vor allem für Syrerinnen ist das relevant. Wenn sie unabhängig von ihrem Mann eine Perspektive in Deutschland 
haben wollen, ist der Zugang zum Arbeitsmarkt entscheidend. Zwar werden die Frauen nicht einfach abgeschoben, 
Das Privileg der Männer Während die Integration männlicher Asylbewerber langsam, aber stetig vorankommt, 
geht es bei vielen Frauen kaum voran. Das hat Folgen fü....
während ihre Männer bleiben können. Doch die aktuelle Rechtslage bedeutet grundsätzlich, dass ihr Aufenthalt an 
den des Mannes gekoppelt ist.
Das Privileg der Männer Während die Integration männlicher Asylbewerber langsam, aber stetig vorankommt, 
geht es bei vielen Frauen kaum voran. Das hat Folgen fü....

Das Privileg der Männer Während die Integration männlicher Asylbewerber langsam, aber stetig vorankommt, 
geht es bei vielen Frauen kaum voran. Das hat Folgen fü....
Original Gesamtseiten-PDF"
2025-12,Main Corpus,2025-12(113).ZIP,"Das Privileg der Männer Während die Integration männlicher Asylbewerber langsam, aber stetig voranko.PDF","C:\PythonProjects\AfD-project\Corpora\Main Corpus\2025-12\raw_unarchive\Das Privileg der Männer Während die Integration männlicher Asylbewerber langsam, aber stetig voranko.PDF","Das Privileg der Männer Während die Integration männlicher Asylbewerber langsam, aber stetig vorankommt,",das privileg der männer während die integration männlicher asylbewerber langsam aber stetig vorankommt,Welt am Sonntag,welt am sonntag,27. Dezember 2025,Ricarda Breyton,Politik; S. 6; Ausg. 52,1061,7640,36741593bd15a3c0015e65a15254823072d49f66,exact_005,duplicate_exact,review,,no,,no,,,9757,no,,exact_005,,,"Ein Samstag im Frühsommer 2025: In einem kleinen Tagungsraum einer kirchlichen Einrichtung nahe Stuttgart 
beraten Flüchtlingsorganisationen, Anwälte und Experten über eine Frage, die Hunderttausende betrifft: Wie geht 
es mit den Syrern in Deutschland weiter, seit Diktator Baschar al-Assad im Dezember 2024 gestürzt wurde? Für 
einige, das wird schnell deutlich, stehen die Chancen gut, dauerhaft zu bleiben selbst wenn der Schutztitel 
irgendwann entfällt.
Für andere sind die Aussichten weniger rosig. Bei den syrischen Männern sei etwa die Erwerbstätigenquote ganz 
okay , sagt der Leiter einer Ausländerbehörde, während er mehrere Folien zeigt. Immerhin 73 Prozent der 2015 
Eingereisten seien sieben Jahre nach Zuzug in Lohn und Brot. Ganz anders sehe es bei den syrischen Frauen aus, 
so der Behördenleiter. Hier arbeiteten deutlich weniger nur 29 Prozent. Grottig , dramatisch : Das sind Begriffe, 
die an diesem Tag fallen. Sie beschreiben ein Problem, das lange unter dem Radar lief, inzwischen aber immer 
drängender wird. Während die Integration männlicher Asylbewerber langsam, aber stetig vorankommt, geht es bei 
vielen Frauen kaum weiter. Sie starten oft später in die Integrationskurse, sprechen schlechter Deutsch, haben 
weniger soziale Kontakte und arbeiten deutlich seltener.
Neueren Daten des Instituts für Arbeitsmarkt- und Berufsforschung (IAB) zufolge arbeiteten 2024 neun Jahre nach 
Zuzug 76 Prozent der männlichen Schutzsuchenden im erwerbsfähigen Alter, aber nur 35 Prozent der Frauen. Im 
EU-Durchschnitt arbeiteten 2021 dagegen 41 Prozent der Frauen, die irgendwann zuvor als Flüchtlinge eingereist 
waren in Ländern wie Spanien, Frankreich oder Dänemark sogar mehr als 50 Prozent, wie Daten der OECD 
zeigen. In Deutschland waren es nur 32 Prozent. Bei den Flüchtlingen in Deutschland ist das Gendergefälle extrem 
hoch , sagt OECD-Migrationsexperte Thomas Liebig WELT AM SONNTAG. Wir wissen aus unserer Forschung, 
dass diese Frauen häufig arbeiten wollen. Aber es gibt keinen Automatismus, dass sie es auch tun. 
Es gibt Parallelstrukturen

Das Privileg der Männer Während die Integration männlicher Asylbewerber langsam, aber stetig vorankommt, 
geht es bei vielen Frauen kaum voran. Das hat Folgen fü....
Das hat Folgen für die gesamte Gesellschaft: Arbeitskräfte fehlen, Sozialausgaben steigen, Parallelstrukturen 
drohen sich zu verfestigen mit Risiken für Wirtschaft, Teilhabe und die nächste Generation. Und die Gruppe 
wächst: Inzwischen leben knapp 600.000 Frauen im erwerbsfähigen Alter aus Afghanistan, Eritrea, Irak, Iran, 
Nigeria, Pakistan, Somalia und Syrien in Deutschland viele dürften ihren zuerst eingereisten Männern 
nachgezogen sein.
Aufgrund des demografischen Wandels könnte der Fachkräftemangel in den nächsten Jahren in Deutschland stark 
steigen, sagt IAB-Migrationsexpertin Tanja Fendel. Das Potenzial bei den hier Geborenen ist aber begrenzt. Der 
besseren Integration Zugezogener, unter denen Frauen einen signifikanten Anteil ausmachen, kommt deshalb eine 
hohe Relevanz zu. Delal Atmaca ist Geschäftsführerin des Vereins DaMigra, der sich für die Teilhabe von 
Migrantinnen einsetzt. Sie sagt: Eine Arbeit zu haben, die Sprache zu sprechen, bedeutet Macht. Wenn es ein 
Gefälle zwischen den Geschlechtern gebe, würden Abhängigkeiten verstärkt, so Atmaca: Wenn vor allem der 
Mann Deutsch spricht, dann geht er bei Behördengängen mit, dann kommuniziert er mit der Schule, dann taucht er 
bei Arztterminen mit auf obwohl die Frauen das in den Herkunftsländern völlig allein gestemmt haben. 
Warum also ist der Abstand so groß? Die Ursachen liegen teils im Herkunftskontext, teils in deutschen Strukturen. 
Klar ist dabei vor allem eines: Am mangelnden Willen der Frauen scheint es nicht zu liegen. Zwar kann es 
herkunftsspezifische Vorbehalte gegen eine Berufstätigkeit geben. In Asylherkunftsländern wie Nigeria finden zwei 
Drittel der Bevölkerung zum Beispiel, dass Männer ein größeres Anrecht auf einen Job haben sollten als Frauen. 
Allerdings zeigen Befragungen von Geflüchteten in Deutschland auch, dass viele Frauen in Deutschland 
eigenständig sein wollen. In den Befragungen geben auch noch nicht erwerbstätige geflüchtete Frauen zu hohen 
Anteilen an, im deutschen Arbeitsmarkt Fuß fassen zu wollen , sagt IAB-Expertin Fendel.
Entscheidend ist die Phase der Kinderbetreuung. Studien des Bundesamts für Migration und Flüchtlinge haben 
gezeigt, dass sich geflüchtete Frauen mitunter schwertun, Kleinkinder in staatliche Einrichtungen zu geben auch 
weil sie das aus ihren Herkunftsländern nicht kennen. Rare Betreuungsplätze machen geflüchteten Frauen, die das 
System nicht kennen, besonders zu schaffen. Hinzu kommen zum Teil paternalistische Vorstellungen in deutschen 
Behörden. Empfänger von Sozialleistungen können zur Teilnahme an Integrationskursen verpflichtet werden; Eltern 
können befreit werden, solange Kinder unter drei Jahren zu betreuen sind. Das trifft offenbar vor allem die Mütter.
Ein Teufelskreis
Von einem solchen Fall berichtet Atmaca: Wir hatten in unserer Beratung eine Frau, die gerne einen Job ergreifen 
wollte, aber dann vom Jobcenter nach Hause geschickt wurde, damit sie sich um die Kinder kümmert. Die Frau 
habe daraufhin sogar das Bundesland gewechselt, um überhaupt einen Sprachkurs machen zu können. Den 
Vätern wird in der Regel nicht empfohlen, bei ihren Kindern zu bleiben , sagt Atmaca. Während die Frau zu Hause 
bleibt, schreitet der Mann mit seiner Integration voran.
Schließlich spielen auch die Bildungsverläufe eine Rolle. Frauen sind mitunter schlechter qualifiziert als Männer. 
Wenn sie einen Beruf erlernt haben, dann oft einen, der in Deutschland reglementiert ist etwa Lehrerin oder 
Pflegerin. In Deutschland tun sie sich dann mit der Anerkennung schwer. Eine Folge der verzögerten Teilnahme an 
Sprach- und Integrationskursen und der geringeren Arbeitsmarktpartizipation sei, dass viele geflüchtete Frauen 
wenig Kontakte zu Personen außerhalb der Familie, insbesondere zu deutschsprachigen Personen, haben , sagt 
Fendel. Ein Teufelskreis, der schwer zu durchbrechen scheint.
Allerdings sind laut dem Bundesarbeitsministerium mehrere Maßnahmen geplant, die die Erwerbsbeteiligung von 
geflüchteten Frauen beeinflussen sollen. Zum einen sollen Mütter, die lange Leistungen bezogen haben, stärker 
von Fördermaßnahmen profitieren. Zum anderen soll die jahrelange Befreiung von Verpflichtungen abgeschafft 
werden. Für Erzieher solle es künftig zumutbar sein, eine Erwerbstätigkeit aufzunehmen, wenn das Kind ein Jahr 
und nicht wie bislang drei Jahre alt ist, schreibt eine Ministeriumssprecherin. Dasselbe gelte für eine 
Eingliederungsmaßnahme oder einen Sprach- oder Integrationskurs, wenn die Betreuung gesichert sei.
Vor allem für Syrerinnen ist das relevant. Wenn sie unabhängig von ihrem Mann eine Perspektive in Deutschland 
haben wollen, ist der Zugang zum Arbeitsmarkt entscheidend. Zwar werden die Frauen nicht einfach abgeschoben, 
Das Privileg der Männer Während die Integration männlicher Asylbewerber langsam, aber stetig vorankommt, 
geht es bei vielen Frauen kaum voran. Das hat Folgen fü....
während ihre Männer bleiben können. Doch die aktuelle Rechtslage bedeutet grundsätzlich, dass ihr Aufenthalt an 
den des Mannes gekoppelt ist.
Das Privileg der Männer Während die Integration männlicher Asylbewerber langsam, aber stetig vorankommt, 
geht es bei vielen Frauen kaum voran. Das hat Folgen fü....

Das Privileg der Männer Während die Integration männlicher Asylbewerber langsam, aber stetig vorankommt, 
geht es bei vielen Frauen kaum voran. Das hat Folgen fü....
Original Gesamtseiten-PDF"
2025-12,Main Corpus,2025-12(113).ZIP,"Der Fuchs im Hühnerstall Europa will Migration stoppen - und kooperiert mit Kriegsherren, die Mensch.PDF","C:\PythonProjects\AfD-project\Corpora\Main Corpus\2025-12\raw_unarchive\Der Fuchs im Hühnerstall Europa will Migration stoppen - und kooperiert mit Kriegsherren, die Mensch.PDF","Der Fuchs im Hühnerstall Europa will Migration stoppen - und kooperiert mit Kriegsherren, die Menschen zur",der fuchs im hühnerstall europa will migration stoppen  und kooperiert mit kriegsherren die menschen zur,Die ZEIT (inklusive ZEIT Magazin),die zeit inklusive zeit magazin,30. Dezember 2025,Aya Elsammani,POLITIK;Der Fuchs im Hühnerstall; S. 8; Ausg. 1,1875,13131,01c919df75108210f521b20096ecd442f6f45abc,,unique,keep,,no,,no,,,15332,no,,,,,"Ich bin ein Flüchtling. Es fühlt sich immer noch seltsam an, das zu sagen. Im Sommer habe ich in Deutschland 
politisches Asyl bekommen. Den Moment, als ich meinen Bescheid in den Händen hielt, kann ich kaum 
beschreiben. Erleichterung - und Beklemmung, weil ich weiß, in welch privilegierter Position ich mich befinde. Ich 
konnte auf legalem Weg nach Deutschland einreisen. Tausende meiner Landsleute müssen durch Wüsten und 
über das Mittelmeer fliehen, was viele nicht überleben. Die Europäische Union und verbündete Regierungen in 
Afrika haben die Wüste und das Meer zu Instrumenten der Migrationskontrolle gemacht. Ich musste erst selbst 
zum Flüchtling werden, um das zu begreifen.
Im Dezember 2018 begannen sich die Menschen in meinem Heimatland Sudan gegen das Regime von Omar al-
Baschir zu erheben. Ich war damals eine 18-jährige Studentin, hatte mich an der Universität Khartum gerade für 
Englische Literatur eingeschrieben. Al-Baschir war da schon drei Jahrzehnte an der Macht - fast doppelt so lange, 
wie ich am Leben war. Er hatte mit seinem Apparat ein System etabliert, das auf Repression, Vetternwirtschaft und 
Islamismus basierte.
Ich schloss mich dem Aufstand sofort an, engagierte mich in Komitees an der Universität, im Studentenwohnheim 
und in meiner Nachbarschaft. Mit diesen lokalen Zusammenschlüssen schufen wir eigene Strukturen, um die 
Revolution voranzutreiben. Die Straßen wurden zu unserem Treffpunkt, zu unserem Politikseminar, zu dem Ort, an 
dem wir Freiheit praktizierten.
Damals hörte ich zum ersten Mal vom Khartum-Prozess, einem Kooperationsabkommen zwischen der EU und 
ostafrikanischen Staaten, darunter das sudanesische Regime - zur »Steuerung« von illegaler Migration. Ich 
schenkte dem damals nicht viel Beachtung. Es ging um Wichtigeres: das Ende der Diktatur.
Als Al-Baschir im April 2019 schließlich gestürzt wurde, glaubten wir, eine neue Welt schaffen zu können. Natürlich 
wussten wir, dass der von ihm aufgebaute Apparat noch immer existierte: der Geheimdienst, die Armee und die 
paramilitärischen Rapid Support Forces. Wir nannten sie den »tief verwurzelten Staat im Staate«. Aber wir 
glaubten, der Aufbau eines demokratischen Sudans sei nur eine Frage der Zeit. Wir irrten uns.

Der Fuchs im Hühnerstall Europa will Migration stoppen - und kooperiert mit Kriegsherren, die Menschen zur 
Flucht zwingen. Auch in meiner Heimat Sudan
Im Oktober 2021 putschten die Führer der Armee und der Paramilitärs gegen die Übergangsregierung - Abdel 
Fattah Burhan, der Oberbefehlshaber der sudanesischen Streitkräfte (SAF), und Mohammed Hamdan Daglo, auch 
Hemeti genannt, Kommandant der Rapid Support Forces (RSF). Sie sind heute Todfeinde, zerstören das Land in 
einem Krieg um Macht und Ressourcen, sind für die momentan größte Hunger- und Flüchtlingskrise der Welt 
verantwortlich. Damals, 2021, waren sie noch Verbündete gegen einen gemeinsamen Feind: uns, die Menschen 
der Demokratiebewegung.
Also gingen wir wieder auf die Straße - trotz der Gefahr durch Burhans und Hemetis Truppen. Ich sah mit eigenen 
Augen, wie Uniformierte auf Demonstranten schossen. Wir riefen Sprechchöre, unsere lokalen Komitees suchten 
nach Verhafteten, versorgten Verletzte, begruben Tote. Wir versuchten mit aller Kraft, unsere Revolution zu retten.
Was ich zu diesem Zeitpunkt noch nicht verstanden hatte: Die europäische Migrationspolitik hatte da schon seit 
Jahren genau die Kräfte gestärkt, gegen die wir kämpften.
Der Khartum-Prozess, benannt nach der sudanesischen Hauptstadt, begann 2014. Es ist eine der zahlreichen 
Partnerschaften der EU mit Staaten des Globalen Südens, um zu verhindern, dass Flüchtlinge und Migranten 
europäischen Boden erreichen. Beim Khartum-Prozess gehören neben dem Sudan unter anderem Äthiopien, 
Somalia und Eritrea dazu. »Menschenhandel und Schleusung von Migranten«, so heißt es offiziell, sollen »im 
Geiste gemeinsamer Verantwortung und verstärkter Zusammenarbeit« bekämpft werden. In den folgenden Jahren 
wurden mehrere Aktionspläne beschlossen, um EU-Gelder, Schulungen und Ausrüstung für Grenzkontrollen und 
Sicherheitsoperationen bereitzustellen. Die Rede ist aber auch von der Schaffung »sicherer Wege« für legale 
Migration.
Mehrere der beteiligten afrikanischen Staaten verletzen massiv die Menschenrechte. Doch durch solche 
Abkommen hat die EU ihren Regierungen neue Legitimität verliehen. Sie hat sie zu Partnern eines Europas 
gemacht, das die Achtung ebendieser Menschenrechte zum Kern seiner politischen Identität erklärt hat. Dieser 
Gewinn an Legitimität war vermutlich für kein Regime wichtiger als für die Machthaber in meiner Heimat Sudan.
Viele in Europa haben längst vergessen, dass das sudanesische Regime 2014 unter internationalen Sanktionen 
stand wegen der Verbrechen, die es während des Krieges in Darfur Anfang der 2000er-Jahre begangen hatte. 
Schätzungen gehen von 300.000 Toten aus. Frauen und Mädchen wurden systematisch von Milizionären 
vergewaltigt. Hunderttausende Menschen flohen. Der Internationale Strafgerichtshof leitete Ermittlungen ein 
und erließ Haftbefehl gegen Omar al-Baschir wegen Verbrechen gegen die Menschlichkeit, Kriegsverbrechen und 
Völkermord. Verantwortlich für die Gewalt waren vor allem die Armee und die Dschandschawid, jene Miliz, aus 
der die RSF hervorgegangen sind.
All das hatte offenbar für die Vertreter der EU im Khartum-Prozess keine Rolle gespielt. Dabei war klar, dass ein 
großer Teil der Aufgaben zur Bekämpfung des Menschenschmuggels den jeweiligen staatlichen Sicherheitskräften 
übertragen würde. Zu denen gehörten Hemetis immer mächtigere RSF. Sie kontrollierten neben dem 
Goldschmuggel auch wichtige Grenzregionen und Migrationskorridore.
Mein Land ist seit Langem ein Ort der Flüchtlinge. Viele sind vor Kriegen in Nachbarstaaten hierher geflohen. Noch 
viel mehr sind durch die Gewalt im Sudan selbst vertrieben worden. Und viele Menschen ziehen durch den Sudan 
auf dem Weg in andere Regionen. Im Rahmen des Khartum-Prozesses beauftragte Omar al-Baschir Hemeti mit 
der Migrationskontrolle, insbesondere an der westlichen Grenze zu Libyen. Ausgerechnet Hemeti. Ich dachte 
zuerst, niemand in Europa habe dagegen seine Stimme erhoben. Dann habe ich solche Stimmen gefunden.
»Füchse hüten den Hühnerstall« - mit diesen Worten beschrieb zum Beispiel 2016 das Clingendael-Institut, ein 
niederländischer Thinktank, die Realität des Khartum-Prozesses im Sudan. RSF-Mitglieder hatten in Interviews 
freimütig erzählt, dass sie Schleuser oft »besteuerten« und weiterfahren ließen. Migranten berichteten von 
Misshandlungen durch die Paramilitärs, die ihnen Geld abpressten. Die von der EU unterstützte Kooperation 
fütterte ein System, das von genau der Migration profitierte, die es eigentlich kontrollieren sollte.
Der Fuchs im Hühnerstall Europa will Migration stoppen - und kooperiert mit Kriegsherren, die Menschen zur 
Flucht zwingen. Auch in meiner Heimat Sudan
Die EU hat stets bestritten, die RSF direkt finanziert zu haben. Hemeti wollte auch nicht in erster Linie Geld, 
sondern Reputationsgewinn. »Ihm ging es um das symbolische Gewicht der Anerkennung durch die EU«, sagt 
Jerôme Tubiana, der seit Jahrzehnten zu Krisen in der Region recherchiert und die Hilfsorganisation »Ärzte 
ohne Grenzen« berät. 2016 präsentierte Hemeti sich in der sudanesischen Presse als »Mr. Migration«. »Für 
Europa arbeiten wir hart daran, Migranten zu stoppen.« Sieben Jahre später haben »Mr. Migration« und sein 
jetziger Todfeind Abdel Fattah Burhan mich und Millionen meiner Landsleute zu Vertriebenen gemacht.
Ich floh im April 2023, dem Monat des Kriegsbeginns, aus meiner Heimatstadt Khartum. Da hatte ich bereits 
begonnen, als Journalistin zu arbeiten. Aber das Gefühl der Freiheit war längst verflogen. Um mich besser zu 
schützen, schrieb ich unter Pseudonym, trug wieder die Kleidung, die einst Al-Baschirs islamistisches Regime uns 
Frauen aufgezwungen hatte: Kopftuch, lange Röcke, bloß keine Hosen. Den ersten Artikel unter meinem Namen 
veröffentlichte ich im Exil, nachdem mir klar geworden war, dass ich aufgrund des Krieges nicht so schnell in meine 
Heimat zurückkehren würde.
Mittlerweile lerne ich Deutsch. So bekomme ich immer unmittelbarer mit, wie sehr »Flucht« und »Migration« in der 
deutschen Gesellschaft zu Reizwörtern geworden sind, wie sehr Politiker versuchen, möglichst keine Migranten 
und Flüchtlinge mehr ins Land zu lassen. Also Menschen wie mich. Oder wie meinen Landsmann Basel.
Ihn habe ich in Berlin in der Sprachschule kennengelernt. Wir tauschten erst unsere Probleme mit der deutschen 
Grammatik und dann unsere Fluchtgeschichten aus. Er erzählte mir, dass er den Sudan schon vor Kriegsbeginn 
verlassen musste. Er stammt aus Kassala im Osten des Landes und hatte sich dort während der Revolution 
engagiert. Als Aktivist lebt man in kleineren Städten wie Kassala sehr viel gefährlicher als in Khartum.
»Ich konnte nicht im Sudan bleiben. Nach Europa zu kommen, war zumindest eine Möglichkeit zu überleben«, 
erzählte er mir. »Ich hätte sterben können, ja, aber im Sudan wäre ich sowieso gestorben.« Als er aufbrach, war er 
18 Jahre alt.
Er sagt, er habe es an die libysche Küste und dann auf einem Boot bis in maltesische Hoheitsgewässer geschafft. 
Doch die maltesische Küstenwache habe ihn abgefangen und zurück in die Arme der libyschen Küstenwache 
getrieben. Er landete in einem der berüchtigten Lager für Migranten in Libyen. »Sie haben mir den Kopf rasiert, 
mich mit Handschellen gefesselt und kopfüber aufgehängt.« An anderen Tagen war er stundenlang in einer Toilette 
angekettet, während die Wachen über das Mobiltelefon Geld von seiner Familie forderten.
Seine Geschichte ähnelt der anderer, die den Weg durch Libyen und über das Mittelmeer überlebt haben. Nicht nur 
die RSF im Sudan, auch Angehörige der Küstenwache und anderer Sicherheitskräfte in Libyen machen aus der 
Obsession der EU mit Migrationsabwehr ein lukratives Geschäft. Flüchtlinge und Migranten werden manchmal aus 
den Auffanglagern als billige Arbeitskräfte weiterverkauft, was einer Form der Sklaverei gleichkommt. Viele werden 
gefoltert, um Geld von Angehörigen im Sudan oder in der Diaspora zu erpressen, bevor man sie wieder freilässt, 
damit die Schleuser ihnen noch mehr Geld für die nächste Überfahrt abnehmen. Basel gelangte schließlich nach 
Europa - beim vierten Versuch.
Der Krieg im Sudan dauert mittlerweile über zweieinhalb Jahre. Meine Heimatstadt Khartum liegt zu großen Teilen 
in Trümmern. Die beiden Kriegsparteien haben konkurrierende Regierungen eingesetzt. Sie zeigen keinerlei 
Verhandlungsbereitschaft.
Als die RSF Ende Oktober nach einer 18-monatigen Belagerung die Stadt Al-Faschir in Darfur einnahmen, 
erschossen ihre Kämpfer Abertausende von Zivilisten. Seither verbrennen die Paramilitärs Leichen oder 
verscharren sie in Massengräbern. Man kann das alles auf Satellitenbildern sehen. Die Armee tötet immer wieder 
unzählige Zivilisten durch Luftangriffe. Beide Seiten massakrieren Menschen aufgrund ihrer ethnischen 
Zugehörigkeit.
Die Mitgliedschaft des Sudans im Khartum-Prozess war wegen des Krieges ausgesetzt worden. Seit April 2025 ist 
das Land wieder dabei - genauer gesagt: die von der Armee geführte Regierung. Währenddessen stehen die 
Der Fuchs im Hühnerstall Europa will Migration stoppen - und kooperiert mit Kriegsherren, die Menschen zur 
Flucht zwingen. Auch in meiner Heimat Sudan
Gebiete mit den wichtigsten Migrationsrouten, darunter das Dreiländereck zwischen dem Sudan, Libyen und 
Ägypten, derzeit unter der Kontrolle der RSF.
Ich sitze in Berlin, froh um diesen sicheren Ort, dann wieder schlaflos vor Sorge um meine Familie, die noch im 
Sudan ist. Ich verfolge den Krieg in meiner Heimat und die Debatten über Migration und Flucht in Deutschland. Und 
ich suche weiter Antworten auf meine Fragen: Warum behauptet Europa, die Migration durch die Zusammenarbeit 
mit genau den Regimen zu »kontrollieren«, die so viele Menschen zur Flucht zwingen? Warum fragt sich keine EU-
Regierung, ob diese Politik nicht genau zu dem beiträgt, was sie verhindern will? Und warum ist Europa das Leben 
derer, die fliehen müssen, so wenig wert?
Aya Elsammani, 24, Journalistin, musste 2023 aus dem Sudan fliehen und lebt in Deutschland im Exil
Aus dem Englischen übersetzt von Andrea Böhm
Der tödlichste Krieg weltweit
Wer kämpft?
Die nationale Armee gegen die paramilitärischen RSF. Beiden Seiten haben sich kleinere Milizen angeschlossen. 
Die Zahl der Toten wird auf mehr als 150.000 geschätzt. 13 Millionen Menschen sind vertrieben.
Wer liefert Waffen? 
Die RSF werden von den Vereinigten Arabischen Emiraten (VAE) unterstützt, die Streitkräfte von Ägypten, der 
Türkei und dem Iran. Russland laviert zwischen den beiden Seiten.
Wer leistet humanitäre Hilfe?
Lokale Aktivisten verteilen Nahrungsmittel und Medikamente. Internationale NGOs organisieren Hilfstransporte, die 
immer wieder behindert oder überfallen werden. Außerdem haben Geberländer Mittel für humanitäre Hilfe stark 
gekürzt.
 2022 demonstrierten die Sudanesen noch für ihre Revolution wie hier in Khartum. Heute sind viele von ihnen 
Flüchtlinge"
2025-12,Main Corpus,2025-12(113).ZIP,Der Schock hallt nach.PDF,C:\PythonProjects\AfD-project\Corpora\Main Corpus\2025-12\raw_unarchive\Der Schock hallt nach.PDF,Der Schock hallt nach,der schock hallt nach,"taz, die tageszeitung",taz die tageszeitung,Mittwoch 31. Dezember 2025,Simone Schmollack,SEITE 1; S. 1,382,2716,662ed794bb5cd694ef9ec44085b938ca408336c9,,unique,keep,,no,,no,,,4121,no,,,,,"Kommentar von Simone Schmollack zu 10 Jahre Kölner Silvesternacht
Nun ist die Silvesternacht in Köln schon zehn Jahre her. Nach der Party auf der Domplatte erstatteten über 1.300 
Personen, vor allem Frauen, wegen sexueller Übergriffe, Vergewaltigung und Diebstahl Anzeige bei der Polizei. 
Seitdem hat es eine Silvesternacht in dieser Dimension nicht mehr gegeben. Ist Köln 2015 deshalb vergessen? 
Keineswegs. Denn seit dem Ereignis, das die Republik erschütterte, gab und gibt es nicht nur kontroverse Debatten 
über Gewalt gegen Frauen und Selbstermächtigung migrantischer Männer, sondern eben auch Diskurse über die 
Frage, ob dieses Land überhaupt vorbereitet ist auf eine Migration, wie es sie im sogenannten Flüchtlingssommer 
2015 gab.
In der Tat kippte die (Willkommens-)Stimmung nach der Silvesternacht deutlich, plötzlich wurden Fragen laut, deren 
Ergebnisse heute längst in politische Entscheidungen geflossen sind: Abschiebungen sind an der Tagesordnung, 
unabhängig davon, ob die Abgeschobenen straffällig geworden sind oder nicht. Die Grenzen sind wieder dichter, 
egal, ob die Geflüchteten ein Recht auf ein Ankommen hier haben. Migrantischen Männern wurde per se sexuelle 
Gewalt unterstellt. In diesem Zusammenhang veränderte sich auch der Geschlechterdiskurs. Plötzlich wurde 
gefragt, ob denn deutsche Männer keinen Mumm mehr hätten, ihre Frauen zu verteidigen , der Backlash 
feministischer Erfolge nahm seinen Anfang.
Ja, es waren neben einigen deutschen Männer aus Algerien, Irak, Afghanistan, Syrien, Marokko, viele von ihnen 
Kleinkriminelle und polizeibekannt. Von ihnen aber auf ein migrantischen Männern innewohnendes Gewaltgen zu 
schließen, ist so falsch wie deutsche Männer als Unschuldsengel zu definieren. Gewalt gegen Frauen auf der 
Straße und zu Hause ist keine Frage der Nationalität, sondern eine toxischer Männlichkeit. Überall auf der Welt.
Geblieben aus der Silvesternacht 2015 ist aber auch ein Gesetz, das ohne die Ereignisse in Köln sicher nicht so 
schnell Eingang ins Strafgesetzbuch gefunden hätte: Nein heißt Nein . Das war ein Paradigmenwechsel, für den 
Frauenverbände und Gewaltschutzeinrichtungen jahrelang gekämpft hatten. Seither ist es strafbar, jemanden 
sexuell zu bedrängen und dessen klare Ablehnung zu missachten, ganz gleich, ob diese verbal, durch Weinen oder 
mit Gesten verdeutlicht wurde.

Der Schock hallt nach
So fortschrittlich das Gesetz ist, so kompliziert ist bis heute die Beweislast: Wie kann ein Opfer belegen, dass es 
ausdrücklich Nein gesagt hat? Schwierig. Trotzdem ist Nein heißt Nein ein deutliches Signal, dass der 
Intimbereich eines Menschen keine rechtsfreie Zone ist. Das gilt überall, nicht nur bei öffentlichen Silvesterpartys."
2025-12,Main Corpus,2025-12(113).ZIP,Deutlich mehr Abschiebungen.PDF,C:\PythonProjects\AfD-project\Corpora\Main Corpus\2025-12\raw_unarchive\Deutlich mehr Abschiebungen.PDF,Deutlich mehr Abschiebungen,deutlich mehr abschiebungen,Frankfurter Rundschau,frankfurter rundschau,Mittwoch 3. Dezember 2025,,REGION; S. 44,351,2875,402eff3a961ea40a9559dc8ae06439d0d5d89ad2,,unique,keep,,no,,no,,,3931,no,,,,,"Im vergangenen Jahr wurden aus Deutschland deutlich mehr Personen abgeschoben als 2023. 20 084 
abgeschobene Menschen bedeuten einen Anstieg um rund 22 Prozent. Fast ein Drittel davon (6342) wurde dabei 
vom Frankfurter Flughafen aus abgeschoben, wie aus dem am Dienstag veröffentlichten Tätigkeitsbericht der 
Abschiebungsbeobachtung Frankfurt hervorgeht. 
Kritisch bewertet die Beobachtungsstelle dabei das Vorgehen von Ausländerbehörden und Landespolizei sowie die 
medizinische Begutachtung der betroffenen Personen. Demnach häuften sich Berichte über Nachtabschiebungen, 
unzureichende Bekleidung oder Verpflegung und fehlende Vorbereitung der Betroffenen. Familien wurden teils 
mitten in der Nacht abgeholt. In mehreren Fällen wurden Menschen ohne Gepäck oder in Schlafkleidung zum 
Flughafen gebracht. Gerade Kinder sieht die Beobachtungsstelle hier hohen traumatischen Belastungen 
ausgesetzt. Unter den bundesweit Abgeschobenen im vergangenen Jahr waren 3687 Minderjährige.
Abschiebung nach OP
Zudem beleuchtet der Bericht erhebliche Widersprüche bei medizinischen Einschätzungen: Ärzte, die von 
Ausländerbehörden beauftragt werden, stellen häufig kurzfristig sogenannte Fit-to-Fly-Bescheinigungen aus – teils 
im Widerspruch zu ärztlichen Attesten der behandelnden Mediziner:innen, die aus gesundheitlichen Gründen 
ausdrücklich von einer Abschiebung abraten. 
So wurde eine afghanische Mutter wenige Tage nach einer Operation abgeschoben, obwohl ihr behandelnder Arzt 
dringend davon abgeraten hatte. Eine nigerianische Mutter und ihr Kind wurden nachts, teilweise unzureichend 
bekleidet, zum Flughafen gebracht. Ein schwerst behindertes Kind wurde ohne Rollstuhl transportiert, eine 
Übergabe im Zielland erfolgte nicht. Insgesamt kamen bei 1189 Menschen Zwangsmaßnahmen zum Einsatz. 
Besonders häufig betroffen waren Abschiebungen auf Charterflügen in westafrikanische Staaten und auf den 
Westbalkan.
Lob für Bundespolizei
Der Bundespolizei indes wurde in der Regel ein respektvoller Umgang mit den Abzuschiebenden bescheinigt. Die 
Beamtinnen und Beamten suchten oftmals das Gespräch mit den Betroffenen, erklärten Abläufe und ermöglichten 
Telefonate oder Rauchpausen. „Das ist eine positive Entwicklung, die wir ausdrücklich anerkennen“, so 

Deutlich mehr Abschiebungen
Diakoniepfarrer Markus Eisele vom Evangelischen Regionalverband Frankfurt und Offenbach. „Gleichzeitig müssen 
die Zuführungs- und Ausländerbehörden dringend dafür sorgen, dass Abschiebungen menschlich und 
rechtskonform vorbereitet werden. Nachtabschiebungen, unklare medizinische Bewertungen und fehlende 
Betreuung gefährden das Vertrauen in einen rechtsstaatlichen Vollzug.“
Die Abschiebungsbeobachtung Frankfurt existiert seit 2006. Sie wird gemeinsam von der Diakonie Frankfurt und 
Offenbach und dem Caritasverband für die Diözese Limburg e. V. getragen. 
Link zum PDF-Dokument"
2025-12,Main Corpus,2025-12(113).ZIP,Deutschland altert.PDF,C:\PythonProjects\AfD-project\Corpora\Main Corpus\2025-12\raw_unarchive\Deutschland altert.PDF,Deutschland altert,deutschland altert,Der Tagesspiegel,der tagesspiegel,Freitag 12. Dezember 2025,,POLITIK; Politik; S. 5,322,2404,fac5b88e9c583e7bc9575c9c61b23735f0c6e10c,,unique,keep,,no,,no,,,3792,no,,,,,"Wegen des demografischen Wandels wird es in Deutschland bald weniger Menschen und vor allem mehr Ältere 
geben. In zehn Jahren bereits dürfte jeder vierte Einwohner 67 Jahre oder älter sein, wie aus der 16. koordinierten 
Bevölkerungsvorausberechnung hervorgeht, die das Statistische Bundesamt am Donnerstag erläuterte. Grund ist 
vor allem, dass die geburtenstarke Generation der Babyboomer in den Ruhestand wechselt und deutlich kleinere 
Jahrgänge nachfolgen. Insgesamt wird die Bevölkerung bis 2070 voraussichtlich schrumpfen. Bei einer moderaten 
Entwicklung von Geburtenrate, Lebenserwartung und Zuwanderung würde die Einwohnerzahl den Berechnungen 
zufolge dann bei 74,7 Millionen liegen. Zum Vergleich: Mitte 2025 hatte die Bundesrepublik rund 83,5 Millionen 
Einwohner.
Die Zahl der Menschen im Rentenalter wird demnach bis 2038 um mindestens 3,8 Millionen auf dann mehr als 20,5 
Millionen steigen. Ihr Anteil an der Gesamtbevölkerung wächst auf 25 bis 27 Prozent. Gegenwärtig beträgt dieser 
20 Prozent. Gleichzeitig sinkt die Zahl der Menschen im Erwerbsalter, was die Sozialsysteme vor große 
Herausforderungen stellt. ,,Bereits jetzt kommen auf 100 Personen im Erwerbsalter 33 Personen im Rentenalter"", 
sagte Karsten Lummer, Leiter der Abteilung ,,Bevölkerung"" beim Statistischen Bundesamt. Im ungünstigsten Fall 
könne dieser sogenannte Altenquotient bis 2070 auf 61 steigen. ,,Dann kämen auf eine Leistungsempfängerin oder 
einen Leistungsempfänger aus den Alterssicherungssystemen weniger als zwei Einzahlende."" 
 Bevölkerung im Osten schrumpft deutlich 
Selbst eine hohe Zuwanderung kann den Rückgang der Erwerbsbevölkerung nicht aufhalten, die bis 2070 um 
mindestens vier Millionen Menschen schrumpfen dürfte. ,,Der Druck auf die Sozialsysteme steigt"", sagte Lummer 
weiter. Darauf müsse die Politik reagieren. 
Die demografische Entwicklung verläuft regional sehr unterschiedlich. Die Bevölkerung in den ostdeutschen 
Flächenländern wird in allen Szenarien schrumpfen - sie könnte 2070 im Vergleich zu 2024 zwischen 14 Prozent 
und 30 Prozent kleiner sein. In den westdeutschen Flächenländern könnte die Entwicklung bestenfalls stabil 
bleiben. Einzig die Stadtstaaten Berlin, Hamburg und Bremen können bei anhaltend hoher Zuwanderung mit einem 
Wachstum rechnen. Die ostdeutschen Länder sind bereits heute im Schnitt deutlich älter als der Westen. (Reuters)
***

Deutschland altert"
2025-12,Main Corpus,2025-12(113).ZIP,Deutschland übernimmt Verantwortung für illegal weitergereiste Flüchtlinge Dysfunktionales Dublin -S.PDF,C:\PythonProjects\AfD-project\Corpora\Main Corpus\2025-12\raw_unarchive\Deutschland übernimmt Verantwortung für illegal weitergereiste Flüchtlinge Dysfunktionales Dublin -S.PDF,Deutschland übernimmt Verantwortung für illegal weitergereiste Flüchtlinge Dysfunktionales Dublin -System:,deutschland übernimmt verantwortung für illegal weitergereiste flüchtlinge dysfunktionales dublin system,Die Welt,die welt,Donnerstag 11. Dezember 2025,Ricarda Breyton,Politik; S. 2; Ausg. 240,849,6582,589d67ac28d19c35a1349e4520dbaf5e3b05d12a,,unique,keep,,no,,no,,,8655,no,,,,,"Am Ende des EU-Innenministertreffens am Montag stand vor allem eine Zahl: 21.000. So viele Asylbewerber sollen 
im kommenden Jahr von besonders belasteten Staaten in andere Länder innerhalb der Europäischen Union 
umverteilt werden. Alternativ können auch Finanzmittel oder sonstige Unterstützungsleistungen fließen. Ansonsten 
wurde nicht viel publik. Vor allem nicht: Welche Länder sollen wie viele der 21.000 Menschen übernehmen oder 
alternative Hilfen leisten?
Die Debatte darum wird vor allem hinter verschlossenen Türen geführt. Ab Juni 2026 soll EU-weit ein neues 
Gemeinsames Europäisches Asylsystem (GEAS) gelten, das das bisherige Gerangel und Wegducken bei der 
Aufnahme von Migranten beenden und für eine gerechtere Verteilung sorgen soll. Künftig soll vereinfacht gelten: 
Die Staaten an den EU-Außengrenzen, über die die Migranten irregulär einreisen, sollen sich um die 
Schutzsuchenden kümmern und die notwendigen Asylverfahren durchführen. Das galt schon bislang, klappte aber 
nur leidlich. Neu ist, dass diese Außengrenzstaaten durch einen Solidaritätsmechanismus entlastet werden sollen. 
Andere EU-Staaten sollen ihnen unter die Arme greifen.
Das Problem: Viele EU-Länder sehen sich aktuell selbst als belastet an. In der aktuellen Lage scheint kaum ein 
Innenminister offen kommunizieren zu wollen, dass er Länder wie Italien oder Spanien solidarisch unterstütze. 
Entsprechende Zusagen wurden am Montag nicht öffentlich, auch nicht aus Deutschland. Allerdings zeichnen sich 
inzwischen mehrere Vereinbarungen ab. Klar ist, welche Länder keine Solidarität leisten müssen. Nämlich 
diejenigen, die die EU-Kommission als besonders belastet eingestuft hat. Dazu gehören Griechenland, Spanien, 
Italien und Zypern. Sechs weitere Länder müssten eigentlich Hilfe leisten, können davon aber befreit werden, weil 
sie sich laut EU-Kommission in einer ausgeprägten Migrationslage befinden. Das sind Österreich, Bulgarien, 
Tschechien, Estland, Kroatien und Polen.

Deutschland übernimmt Verantwortung für illegal weitergereiste Flüchtlinge Dysfunktionales Dublin -System: 
Migranten reisen illegal ein doch fast niemand wird....
Die übrigen EU-Staaten müssen grundsätzlich Unterstützung leisten also auch Deutschland. Bei der Berechnung 
des Anteils gilt das Fair share -Prinzip: Bevölkerungsstärkere Länder müssen mehr geben als 
bevölkerungsschwache. Auch die Wirtschaftskraft spielt eine Rolle.
Demnach könnte Deutschland die Verantwortung für einige Tausend Fälle übernehmen. Welche Art von 
Unterstützung die Länder wählen, steht ihnen frei. Sie können Geldzahlungen an belastete Mitgliedstaaten oder 
materielle oder personelle Unterstützung leisten. Auch die Übernahme von Asylbewerbern kommt in Betracht. Hier 
sind zwei Wege denkbar: Entweder werden neue Asylbewerber umgesiedelt. Oder der unterstützende Staat 
übernimmt Verantwortung für Asylbewerber, die sich bereits illegal in seinem Land aufhalten. Diesen Weg scheint 
die Bundesregierung einzuschlagen.
Offizielle Angaben dazu gab es am Montag aus Berlin nicht. Allerdings meldeten mehrere griechische Medien am 
Abend einen Deal. Demnach haben Deutschland und Griechenland sich am Rande des EU-Innenministertreffens 
darauf geeinigt, alle noch offenen Altfälle im Zusammenhang mit der Dublin-Verordnung der EU zu streichen . 
Nach den derzeitigen Vorschriften ist Griechenland verpflichtet, Asylbewerber zurückzunehmen, die illegal nach 
Deutschland weiterreisten. Offenbar sieht die Bundesrepublik nun aber von der Überstellung von einigen bereits 
Eingereisten ab.
Die griechische Botschaft in Berlin verwies auf WELT-Anfrage auf entsprechende Medienberichte und Äußerungen 
des griechischen Migrationsministers Athanasios Plevris. Demnach bestätigte der Minister, dass Athen und Berlin 
sich auf die Löschung aller ausstehenden Altfälle geeinigt haben .
Um wie viele Fälle es konkret geht, blieb zunächst offen voraussichtlich dürften es ein paar Tausend sein. Wie 
Zahlen des Bundesamts für Migration und Flüchtlinge zeigen, versuchte Deutschland im ersten Halbjahr 2025, 
3554 Asylbewerber nach Griechenland zu überstellen. Nur 20 Überstellungen waren erfolgreich. Griechische 
Beamte würden anerkennen, dass auch Deutschland in den letzten Jahren aufgrund von 
Sekundärmigrationsströmen unter unverhältnismäßigem Druck stand , heißt es in einem Bericht der Athens-
Macedonian News Agency, den die griechische Botschaft WELT schickte. Sie bezeichnen die Aufarbeitung der 
Altfälle als eine Form der Solidarität Berlins gegenüber Griechenland. Das Abkommen zwischen Griechenland und 
Deutschland wird als Wegbereiter für ähnliche Vereinbarungen mit anderen Mitgliedstaaten angesehen. 
Auf WELT-Anfrage dementierte das deutsche Innenministerium entsprechende griechische Medienberichte nicht. 
Eine Sprecherin von Innenminister Alexander Dobrindt (CSU) bestätigte, dass es einen Solidaritätsbeitrag von 
deutscher Seite geben werde. Mit Griechenland und Italien hat Deutschland dahingehende Verständigungen 
erzielt, dass der deutsche Solidaritätsbeitrag ausschließlich in Form einer Anrechnung mit unserer Belastung aus 
erfolgter Zuständigkeitsübernahme aus Sekundärmigration der Vergangenheit erfolgen wird. Mit 
Sekundärmigration ist die irreguläre Weiterreise von Asylbewerbern von einem EU-Staat in den nächsten gemeint.
Gleichzeitig sei aber vereinbart worden, dass die Dublin-Überstellungen nach Griechenland und Italien ab der 
neuen GEAS-Anwendung wieder aufgenommen werden , so die Sprecherin. Dies verdeutlicht das gegenseitige 
Anliegen, die GEAS-Reform zum Gelingen zu führen, zu der auch ein funktionierendes Dublin-Verfahren ein 
wichtiger Baustein ist. Länder wie Griechenland und Italien nehmen seit Jahren kaum Asylbewerber zurück, für die 
sie zuständig sind, was wiederholt Streit zwischen Regierungen auslöste. Unter dem reformierten europäischen 
Asylsystem bleiben sie aber dazu verpflichtet. Vor allem können nur solche Länder Solidarität in Anspruch nehmen, 
die sich an die europäischen Regeln halten.
Für Italien und Griechenland bedeutet das: Wenn sie sich weiterhin weigern sollten, Asylbewerber 
zurückzunehmen, für die sie eigentlich nach den europäischen Regeln zuständig sind, können sie auch nicht auf 
Unterstützungsmaßnahmen hoffen.
Original Gesamtseiten-PDF
Original Gesamtseiten-PDF
Deutschland übernimmt Verantwortung für illegal weitergereiste Flüchtlinge Dysfunktionales Dublin -System: 
Migranten reisen illegal ein doch fast niemand wird....
Graphic
 
Migranten warten in der Erstaufnahme-Einrichtung in Eisenhüttenstadt (Brandenburg) auf das Mittagessen"
2025-12,Main Corpus,2025-12(113).ZIP,Die erschöpfte Willkommenskultur Eine Mehrheit der Deutschen hält inzwischen auch die legale Einwand.PDF,C:\PythonProjects\AfD-project\Corpora\Main Corpus\2025-12\raw_unarchive\Die erschöpfte Willkommenskultur Eine Mehrheit der Deutschen hält inzwischen auch die legale Einwand.PDF,Die erschöpfte Willkommenskultur Eine Mehrheit der Deutschen hält inzwischen auch die legale Einwanderung,die erschöpfte willkommenskultur eine mehrheit der deutschen hält inzwischen auch die legale einwanderung,Die Welt,die welt,Mittwoch 17. Dezember 2025,Sebastian Beug,POLITIK; THEMA DES TAGES; S. 2; Ausg. 244,1293,9235,d83b458bdb46bd6dcaac6591d3482c46c7bb8f91,,unique,keep,,no,,no,,,10561,no,,,,,"Die Bürger in Deutschland halten die Einwanderung mehrheitlich für zu hoch und zwar sowohl die illegale 
Migration als auch die legale Zuwanderung. Das ist das Ergebnis einer neuen repräsentativen Umfrage des 
Meinungsforschungsinstituts YouGov, die WELT exklusiv vorliegt. Demnach sagen 81 Prozent der Deutschen, dass 
sie das Ausmaß der illegalen Einwanderung nach Deutschland in den vergangenen zehn Jahren als viel zu hoch 
oder eher zu hoch betrachten.
Fünf Prozent halten das Niveau der illegalen Zuwanderung für richtig, gerade einmal drei Prozent für eher zu 
niedrig oder viel zu niedrig. Doch auch über legale Wege sind nach Ansicht einer Mehrheit der Deutschen zu viele 
Menschen in das Land gekommen. 57 Prozent halten das Niveau der legalen Einwanderung der vergangenen zehn 
Jahre für viel zu hoch oder eher zu hoch. Knapp ein Viertel hält es für richtig, acht Prozent bewerten es als zu 
niedrig. Die Daten stammen aus dem European Political Monthly, einer repräsentativen Umfrage, die YouGov 
regelmäßig in Deutschland, Frankreich, Italien, Spanien und Polen durchführt. In den weiteren Ländern fällt die 
Ablehnung der illegalen Migration ähnlich hoch aus. Auffällig aber ist, dass in Deutschland, dem Hauptzielland der 
Migrationsbewegungen der vergangenen Dekade, die Ablehnung und negative Bewertung am deutlichsten sind.
Genaue Zahlen zum Migrationsgeschehen in Deutschland zu ermitteln, ist schwierig. Eine parlamentarische 
Anfrage aus dem vergangenen Jahr nach der Zahl der illegal eingewanderten Migranten konnte die damalige 
Bundesregierung nicht beantworten. Das Statistische Bundesamt gibt die Zahl der Zuwanderer seit 2015 mit 6,5 
Millionen an, unterscheidet aber nicht zwischen legalen und illegalen. Ein Hinweis gibt das Bundesamt für 
Migration: Die Behörde zählte seit 2015 2,8 Millionen Erstanträge auf Asyl, denen oft eine illegale Einreise 
vorausging.
Ein weiteres Ergebnis der YouGov-Erhebung: Drei von vier Deutschen sagen, dass die illegale Migration der 
vergangenen zehn Jahre größtenteils schlecht für das Land war. 16 Prozent sehen positive und negative Aspekte, 
drei Prozent halten sie überwiegend für gut für das Land. Legale Zuwanderung wird weniger negativ bewertet, hat 

Die erschöpfte Willkommenskultur Eine Mehrheit der Deutschen hält inzwischen auch die legale Einwanderung 
für zu hoch. Doch bei bestimmten Fragen wandelt sich S....
nach Ansicht von 38 Prozent der Befragten dem Land aber ebenfalls geschadet. 31 Prozent sehen Vor- und 
Nachteile, 24 Prozent bewerten sie als positiv. Der Rest antwortete jeweils weiß nicht .
Ähnlich fällt die Antwort auf die Frage aus, wie erfolgreich illegale und legale Einwanderer integriert wurden. Eine 
Mehrheit von 80 Prozent ist der Auffassung, illegale Migranten seien nicht erfolgreich integriert worden. Jeder 
zweite Deutsche entschied sich bei der Frage für die Option überhaupt nicht erfolgreich . Die Bundesrepublik liegt 
damit in der YouGov-Umfrage an letzter Stelle hinter Frankreich und Italien, wo 75 Prozent der Befragten die 
Integration illegaler Migranten für gescheitert erklären. Sieben Prozent der Deutschen halten die Integration illegaler 
Migranten für erfolgreich.
Die Integration legaler Einwanderer ist nur etwas besser gelungen. Zwar bewerten 38 Prozent die Integration dieser 
Gruppe als erfolgreich. Allerdings ist auch bei dieser Frage eine Mehrheit von 54 Prozent der Auffassung, die 
Integration sei nicht erfolgreich gelungen. Ähnlich schlecht schneiden legale Einwanderer in Frankreich ab, wo 57 
Prozent der Befragten sagen, sie seien nicht erfolgreich integriert. Die Meinungsforscher wollten auch wissen, wie 
die Bevölkerung auf die Zuwanderer blickt. 79 Prozent der Deutschen sind der Ansicht, dass illegale Einwanderer 
nicht die gleichen Werte wie die einheimische Bevölkerung teilen. Auch unter legalen Einwanderern sieht eine 
Mehrheit von 53 Prozent überwiegend Menschen mit anderen Werten. Etwas weniger als ein Drittel (29 Prozent) 
sagt, legale Einwanderer teilten unsere Werte. In Bezug auf illegale Migranten sind nur sieben Prozent dieser 
Ansicht.
 Wir sehen eine große Müdigkeit beim Thema Zuwanderung , sagt YouGov-Meinungsforscher Frieder Schmid. Vor 
allem für irreguläre Migration gibt es zur Zeit wenig Akzeptanz. Für manche Bürger hat Zuwanderung zu 
Problemen geführt, etwa in Schulen oder durch einen Mangel an Wohnungen in Großstädten. Dadurch sehen 
einige das Thema Zuwanderung insgesamt als problematisch an , sagt Schmid, wenn auch legale Migration 
weniger deutlich abgelehnt werde. Innerhalb von zehn Jahren hat sich die 2015 viel gerühmte Willkommenskultur 
erschöpft. Das zeigt auch das YouGov-Eurotrack-Panel, eine weitere repräsentative Erhebung des 
Meinungsforschungsinstituts von November. Nur noch zehn Prozent der Deutschen sprechen sich für eine liberale 
Zuwanderungspolitik und die großzügige Aufnahme weiterer Migranten aus. Eine Mehrheit von 60 Prozent 
unterstützt einen deutlichen Rückgang der Zahl der Migranten, würde aber den Zuzug einiger weiter erlauben. Und 
eine knappe Mehrheit von 53 Prozent bejaht auch ein Szenario mit einem Aufnahmestopp und einer Rückkehr 
einer größeren Zahl von Migranten in ihre Heimat.
In einer Folgefrage sprachen sich 88 Prozent derjenigen, die dieses Szenario begrüßten, dafür aus, dass 
Personen, die zum Bezug von Sozialleistungen eingewandert sind, wieder gehen sollten. 85 Prozent forderten die 
Rückkehr von irregulär eingereisten Asylbewerbern. 38 Prozent würden auch Asylbewerber abschieben, die auf 
einem legalen Weg eingereist sind, 40 Prozent lehnten das ab. Deutlich abgelehnt wird die Ausweisung von Ärzten 
mit Arbeitsvisum (74 Prozent), Fachkräften mit Arbeitsvisum (73 Prozent), Handwerkern mit Arbeitsvisum (71 
Prozent) und ausländischen Studenten (66 Prozent).
Im Rahmen des Eurotrack-Panels stellte YouGov die Befragten vor Abwägungsentscheidungen, sogenannte 
Trade-Offs. Denn weniger legale Einwanderung in Deutschland heißt auch weniger Einwohner, weniger Arbeits- 
und Fachkräfte, weniger Steuerzahler. Das führt zu einem interessanten Befund: Damit konfrontiert, schlägt die 
Ablehnung der legalen Zuwanderung durch die Deutschen in Zustimmung um. Bürger erkennen auch den Bedarf 
nach Zuwanderung und die Vorteile , sagt Schmid. Das wird aber erst klar, wenn man sich spezifisch darüber 
unterhält. 
Am deutlichsten zeigt sich dies in der Frage des Pflege- und Fachkräftemangels. 61 Prozent der Befragten 
sprechen sich dafür aus, das Personal im Gesundheitssystem aufzustocken, auch wenn dafür mehr Zuwanderer 
kommen müssen; nur 17 Prozent sind für eine Reduktion der Einwanderung, wenn dadurch Personal im 
Gesundheitssystem fehlt. In der Frage der Fachkräftegewinnung betragen diese Werte 56 und 22 Prozent, bei der 
Gewinnung ausländischer Talente 58 und 22 Prozent. Fast jeder Zweite (46 Prozent) würde sich für eine 
Besserung der wirtschaftlichen Lage durch Zuwanderung entscheiden, die Alternative weniger Einwanderung und 
eine schwächelnde Wirtschaft wählen 27 Prozent.
Die erschöpfte Willkommenskultur Eine Mehrheit der Deutschen hält inzwischen auch die legale Einwanderung 
für zu hoch. Doch bei bestimmten Fragen wandelt sich S....
Weniger überzeugend ist das Steuerzahler-Argument: Danach gefragt, spricht sich eine relative Mehrheit von 39 
Prozent der Befragten dafür aus, die Zahl der Steuerzahler auch durch legale Zuwanderung zu erhöhen, 33 
Prozent wünschen das Gegenteil. Und eine relative Mehrheit von ebenfalls 39 Prozent bekennt sich zu 
internationalen humanitären Verpflichtungen, auch wenn das hieße, zum Beispiel Kontingentflüchtlinge 
aufzunehmen. Mit 32 Prozent ist die Bereitschaft, internationale humanitäre Verpflichtungen zugunsten einer 
Reduktion der Zuwanderung zu brechen, aber fast genauso groß.
""Bürger erkennen auch den Bedarf nach Zuwanderung und die Vorteile"" Frieder Schmid, YouGov-
Meinungssforscher
Für das European Political Monthly befragte YouGov vom 7. bis zum 18. November online 1122 Personen in 
Deutschland, 1014 in Frankreich, 1013 in Polen, 1071 in Spanien und 1033 in Italien.
Für das Eurotrack-Panel befragte YouGov vom 11. bis zum 24. November online 2584 Personen in Deutschland, 
2138 in Großbritannien, 1043 in Frankreich, 1061 in Spanien und 1082 in Italien. Die Stichprobe ist jeweils 
repräsentativ für die Wohnbevölkerung ab 18 Jahren.

Die erschöpfte Willkommenskultur Eine Mehrheit der Deutschen hält inzwischen auch die legale Einwanderung 
für zu hoch. Doch bei bestimmten Fragen wandelt sich S....

Die erschöpfte Willkommenskultur Eine Mehrheit der Deutschen hält inzwischen auch die legale Einwanderung 
für zu hoch. Doch bei bestimmten Fragen wandelt sich S....

Die erschöpfte Willkommenskultur Eine Mehrheit der Deutschen hält inzwischen auch die legale Einwanderung 
für zu hoch. Doch bei bestimmten Fragen wandelt sich S....

Die erschöpfte Willkommenskultur Eine Mehrheit der Deutschen hält inzwischen auch die legale Einwanderung 
für zu hoch. Doch bei bestimmten Fragen wandelt sich S....

Die erschöpfte Willkommenskultur Eine Mehrheit der Deutschen hält inzwischen auch die legale Einwanderung 
für zu hoch. Doch bei bestimmten Fragen wandelt sich S....
Original Gesamtseiten-PDF
Original Gesamtseiten-PDF"
2025-12,Main Corpus,2025-12(113).ZIP,Die Farben der Republik Meinung Eine Kunstaktion des Zentrums für Politische Schönheit in Berlin ent(2).PDF,C:\PythonProjects\AfD-project\Corpora\Main Corpus\2025-12\raw_unarchive\Die Farben der Republik Meinung Eine Kunstaktion des Zentrums für Politische Schönheit in Berlin ent(2).PDF,Die Farben der Republik Meinung Eine Kunstaktion des Zentrums für Politische Schönheit in Berlin entfacht,die farben der republik meinung eine kunstaktion des zentrums für politische schönheit in berlin entfacht,Rheinische Post,rheinische post,Mittwoch 17. Dezember 2025,Frank Vollmer,S. 4,1018,7010,0b7f6be7a1848415fa1f40ea6a12c9b11d6dc40f,exact_006,duplicate_exact,review,,no,,no,,,9076,yes,commentary_noncore,exact_006,,,"Frank Vollmer
Ein Känguru, eine Fledermaus, ein Tiger leisten ihm Gesellschaft. Und reichlich andere Kuscheltiere. Der Bauzaun 
hinter der bronzenen Statue von Walter Lübcke in Berlin ist fast blickdicht vollgehängt mit Gedenkartikeln aller Art: 
mit Blumen, ein paar Zeichnungen, Mini-Plakaten – und, das ist auffällig, mit Schwarz-Rot-Goldenem 
unterschiedlicher Art und Größe. Im Zaun stecken Papierfähnchen, über einem Teddy hängt ein Blumenkranz, und 
auf der Rückseite des Zauns wirkt eine ausgewachsene Flagge gewissermaßen wie eine nationale Grundierung 
des Ganzen.
Das „Walter Lübcke Memorial“ hat die Aktivistengruppe Zentrum für Politische Schönheit Anfang Dezember direkt 
gegenüber der CDU-Zentrale errichten lassen – nach eigenen Angaben, um die Partei an ihre Verantwortung zu 
erinnern, sich von der AfD fernzuhalten. Schließlich war der Kasseler Regierungspräsident Lübcke 2019 auch 
wegen seiner liberalen Flüchtlingspolitik von einem Rechtsextremisten ermordet worden, „von einem Anhänger der 
‚Alternative für Deutschland‘“, steht auf dem Sockel des Denkmals.
Lübcke sei „der letzte Held der CDU“, heißt es beim Zentrum – und mit diesem hohen Ton harmoniert sowohl die 
Darstellungsform Bronzestandbild als auch die schwarz-rot-goldene Gedenk-Deko dahinter. Die Nationalfarben 
freilich passen, zumindest nach dem ersten Dafürhalten, nicht so recht zur politischen Orientierung der Urheber, die 
man getrost auf der linken Hälfte des Spektrums einsortieren darf. Und die fällt durch großzügige Verwendung von 
Schwarz-Rot-Gold eher nicht auf.

Die Farben der Republik Meinung Eine Kunstaktion des Zentrums für Politische Schönheit in Berlin entfacht 
den Streit um Schwarz‑Rot‑Gold neu. Es ist ein Lehrstü....
Das Zentrum für Politische Schönheit findet für Lübcke nur wärmste Worte. Man wird den Aktivisten allerdings auch 
nicht zu nahe treten, wenn man unterstellt, dass sie mit der Statue zwei Akteuren eins auswischen wollten: der AfD 
natürlich – aber auch der CDU und deren Vorsitzendem, vor deren Nase das Standbild nun platziert ist und die den 
Urhebern auch gleich den Gefallen taten, sich über die Aktion zu empören.
Das Zentrum selbst veröffentlichte auf Facebook Bilder, die unter anderem eine Person zeigen, die eine 
Deutschlandflagge anbringt. Freilich hängen daneben auch laminierte Plakate in CDU-Blau mit Parteilogo – der 
Verdacht liegt also nahe, dass hier Ironie im Spiel ist.
Trotzdem wirft die Aktion eine Frage auf: Wem gehört Schwarz-Rot-Gold? Ein Facebook-Nutzer hat das sofort 
erkannt und kommentiert, hier sehe man die „Farben der Demokratie, egal wie sehr AfD und Co. sie missbrauchen, 
um sich einen bürgerlichen Anstrich zu geben“.
In der Tat hat sich die deutsche Rechte Schwarz-Rot-Gold zu eigen gemacht (andere sagen: gekapert), ganz 
anders übrigens als ihre Vorgänger vor 100 Jahren: Die Weimarer Rechtsnationalen marschierten unter dem 
kaiserlichen Schwarz-Weiß-Rot. Schwarz-Rot-Gold, die Farben der Republik, waren ihnen als „Schwarz-Rot-
Mostrich“ verhasst.
Schwarz-Weiß-Rot ist heute nur noch das Signet der „Reichsbürger“ und anderer Verwirrter auf den Stufen des 
Reichstags. Die AfD selbst, die auf ihrem Marsch in die Institutionen seriös wirken will (so seriös wie möglich 
angesichts ihrer höchst unseriösen Inhalte), kultiviert die Nationalflagge – natürlich ohne das Sternenbanner der 
verachteten EU. Bei der AfD heißt Schwarz-Rot-Gold: Deutschland zuerst. Nationalfarben als Nationalismusfarben. 
Nicht zufällig hat Thüringen im Juni per Kabinettsbeschluss verordnet, an allen Gebäuden des Landes Landes-, 
Bundes- und Europaflagge zu hissen. Die AfD wollte die Europaflagge ausschließen.
Drei Tage nach Lübckes Erscheinen am Berliner Landwehrkanal trat in Mecklenburg-Vorpommern die Linken-
Politikerin Wenke Brüdgam als Gleichstellungsbeauftragte zurück. Sie hatte in einem Video eine Deutschlandflagge 
zerknüllt, die sie offenbar zuvor vor einem leerstehenden Haus abgerissen hatte. Begründung: Wer dort „diese 
Dinger hier“ hisse, wolle nicht zeigen, „dass er sein Land mag, sondern letztlich Nationalismus propagieren und 
zum Faschismus aufrufen“. So dumm die Aktion und so zwingend deshalb der Rücktritt war – die Feststellung, dass 
Schwarz-Rot-Gold in Deutschland 2025 von nicht ganz kleinen Kreisen als Symbol des Nationalismus missbraucht 
wird, ist nicht von der Hand zu weisen.
Das Symbol ihres Patriotismus aber wollen sich in der politischen Mitte viele nicht nehmen lassen (siehe 
Infokasten). Der „Schland“-Effekt von 2006 ist inzwischen verpufft, auch weil die deutschen Farben, um in der 
Fußballsprache zu bleiben, von rechts so offensiv eingesetzt werden. Immer noch findet man Deutschlandflaggen 
an Fahnenmasten auf dem Land häufiger als in der Großstadt und in Schrebergärten ohnehin, aber der kurze 
unschuldige Rausch des „Sommermärchens“ ist verflogen.
Dabei besteht ja Nachfrage: Nur so dürfte die fast erlöste Begeisterung zu erklären sein, als Deutscher Fußball-
Bund und Adidas im November das neue deutsche Heimtrikot präsentierten, das wieder unübersehbar Schwarz-
Rot-Gold auf der Brust hat – eine sehr deutliche Anleihe beim Trikotdesign des Einheits- und Weltmeisterjahres 
1990.
Ein bemerkenswerter Beitrag zum Thema schließlich kam schon 2013 von Angela Merkel, als sie spätabends auf 
der Bundestagswahl-Party der Union ihrem Generalsekretär Hermann Gröhe sichtlich vergrätzt das Fähnchen 
entwand, das Gröhe fröhlich geschwenkt hatte. In ihren Memoiren hat Merkel eine Erklärung geliefert: Sie habe 
klarmachen wollen, dass man „keinen Alleinvertretungsanspruch auf die Deutschlandfahne“ gehabt habe, auch 
nicht „in der Stunde des größten Triumphs“.
Womit man wieder bei Walter Lübcke, der AfD und der Frage ist, wem die Nationalfarben gehören. Die Antwort ist 
einerseits einfach: uns allen natürlich. Andererseits ist sie durchaus kompliziert, denn nicht jeder, der Schwarz-Rot-
Gold schwenkt, meint, was die Flagge symbolisiert: Freiheit, Gleichheit, Vielfalt. Wenn zwei dasselbe tun, ist es 
Die Farben der Republik Meinung Eine Kunstaktion des Zentrums für Politische Schönheit in Berlin entfacht 
den Streit um Schwarz‑Rot‑Gold neu. Es ist ein Lehrstü....
noch nicht dasselbe. Das gilt für das Gedenken an Walter Lübcke ebenso wie für den Umgang mit der Flagge. Gut, 
dass wir daran erinnert worden sind.
Die Flagge ist beliebt
Umfrage 2019 sagten in einer Erhebung der Forschungsgruppe Wahlen 85 Prozent, sie verbänden mit der 
Nationalflagge eher Positives. „Eher Negatives“ sagten nur sechs Prozent. 2024 zur Fußball-EM haben laut Yougov 
13 Prozent Haus, Wohnung oder Garten schwarz-rot-gold beflaggt.
Ursprung Schwarz-Rot-Gold waren die Farben des Lützowschen Freikorps, das 1813/14 gegen Napoleon kämpfte. 
Die Kombination wurde zum Symbol der Hoffnung auf nationale Einheit. Schwarz-Rot-Gold waren die Farben der 
Revolution 1848; 1918 machte die Weimarer Republik sie zur Reichsflagge. Artikel 22 des Grundgesetzes legt fest: 
„Die Bundesflagge ist schwarz-rot-gold.“
Link to PDF"
2025-12,Main Corpus,2025-12(113).ZIP,Die Farben der Republik Meinung Eine Kunstaktion des Zentrums für Politische Schönheit in Berlin ent.PDF,C:\PythonProjects\AfD-project\Corpora\Main Corpus\2025-12\raw_unarchive\Die Farben der Republik Meinung Eine Kunstaktion des Zentrums für Politische Schönheit in Berlin ent.PDF,Die Farben der Republik Meinung Eine Kunstaktion des Zentrums für Politische Schönheit in Berlin entfacht,die farben der republik meinung eine kunstaktion des zentrums für politische schönheit in berlin entfacht,Rheinische Post,rheinische post,Mittwoch 17. Dezember 2025,Frank Vollmer,S. 4,1018,7010,0b7f6be7a1848415fa1f40ea6a12c9b11d6dc40f,exact_006,duplicate_exact,review,,no,,no,,,9091,yes,commentary_noncore,exact_006,,,"Frank Vollmer
Ein Känguru, eine Fledermaus, ein Tiger leisten ihm Gesellschaft. Und reichlich andere Kuscheltiere. Der Bauzaun 
hinter der bronzenen Statue von Walter Lübcke in Berlin ist fast blickdicht vollgehängt mit Gedenkartikeln aller Art: 
mit Blumen, ein paar Zeichnungen, Mini-Plakaten – und, das ist auffällig, mit Schwarz-Rot-Goldenem 
unterschiedlicher Art und Größe. Im Zaun stecken Papierfähnchen, über einem Teddy hängt ein Blumenkranz, und 
auf der Rückseite des Zauns wirkt eine ausgewachsene Flagge gewissermaßen wie eine nationale Grundierung 
des Ganzen.
Das „Walter Lübcke Memorial“ hat die Aktivistengruppe Zentrum für Politische Schönheit Anfang Dezember direkt 
gegenüber der CDU-Zentrale errichten lassen – nach eigenen Angaben, um die Partei an ihre Verantwortung zu 
erinnern, sich von der AfD fernzuhalten. Schließlich war der Kasseler Regierungspräsident Lübcke 2019 auch 
wegen seiner liberalen Flüchtlingspolitik von einem Rechtsextremisten ermordet worden, „von einem Anhänger der 
‚Alternative für Deutschland‘“, steht auf dem Sockel des Denkmals.
Lübcke sei „der letzte Held der CDU“, heißt es beim Zentrum – und mit diesem hohen Ton harmoniert sowohl die 
Darstellungsform Bronzestandbild als auch die schwarz-rot-goldene Gedenk-Deko dahinter. Die Nationalfarben 
freilich passen, zumindest nach dem ersten Dafürhalten, nicht so recht zur politischen Orientierung der Urheber, die 
man getrost auf der linken Hälfte des Spektrums einsortieren darf. Und die fällt durch großzügige Verwendung von 
Schwarz-Rot-Gold eher nicht auf.

Die Farben der Republik Meinung Eine Kunstaktion des Zentrums für Politische Schönheit in Berlin entfacht 
den Streit um Schwarz‑Rot‑Gold neu. Es ist ein Lehrstü....
Das Zentrum für Politische Schönheit findet für Lübcke nur wärmste Worte. Man wird den Aktivisten allerdings auch 
nicht zu nahe treten, wenn man unterstellt, dass sie mit der Statue zwei Akteuren eins auswischen wollten: der AfD 
natürlich – aber auch der CDU und deren Vorsitzendem, vor deren Nase das Standbild nun platziert ist und die den 
Urhebern auch gleich den Gefallen taten, sich über die Aktion zu empören.
Das Zentrum selbst veröffentlichte auf Facebook Bilder, die unter anderem eine Person zeigen, die eine 
Deutschlandflagge anbringt. Freilich hängen daneben auch laminierte Plakate in CDU-Blau mit Parteilogo – der 
Verdacht liegt also nahe, dass hier Ironie im Spiel ist.
Trotzdem wirft die Aktion eine Frage auf: Wem gehört Schwarz-Rot-Gold? Ein Facebook-Nutzer hat das sofort 
erkannt und kommentiert, hier sehe man die „Farben der Demokratie, egal wie sehr AfD und Co. sie missbrauchen, 
um sich einen bürgerlichen Anstrich zu geben“.
In der Tat hat sich die deutsche Rechte Schwarz-Rot-Gold zu eigen gemacht (andere sagen: gekapert), ganz 
anders übrigens als ihre Vorgänger vor 100 Jahren: Die Weimarer Rechtsnationalen marschierten unter dem 
kaiserlichen Schwarz-Weiß-Rot. Schwarz-Rot-Gold, die Farben der Republik, waren ihnen als „Schwarz-Rot-
Mostrich“ verhasst.
Schwarz-Weiß-Rot ist heute nur noch das Signet der „Reichsbürger“ und anderer Verwirrter auf den Stufen des 
Reichstags. Die AfD selbst, die auf ihrem Marsch in die Institutionen seriös wirken will (so seriös wie möglich 
angesichts ihrer höchst unseriösen Inhalte), kultiviert die Nationalflagge – natürlich ohne das Sternenbanner der 
verachteten EU. Bei der AfD heißt Schwarz-Rot-Gold: Deutschland zuerst. Nationalfarben als Nationalismusfarben. 
Nicht zufällig hat Thüringen im Juni per Kabinettsbeschluss verordnet, an allen Gebäuden des Landes Landes-, 
Bundes- und Europaflagge zu hissen. Die AfD wollte die Europaflagge ausschließen.
Drei Tage nach Lübckes Erscheinen am Berliner Landwehrkanal trat in Mecklenburg-Vorpommern die Linken-
Politikerin Wenke Brüdgam als Gleichstellungsbeauftragte zurück. Sie hatte in einem Video eine Deutschlandflagge 
zerknüllt, die sie offenbar zuvor vor einem leerstehenden Haus abgerissen hatte. Begründung: Wer dort „diese 
Dinger hier“ hisse, wolle nicht zeigen, „dass er sein Land mag, sondern letztlich Nationalismus propagieren und 
zum Faschismus aufrufen“. So dumm die Aktion und so zwingend deshalb der Rücktritt war – die Feststellung, dass 
Schwarz-Rot-Gold in Deutschland 2025 von nicht ganz kleinen Kreisen als Symbol des Nationalismus missbraucht 
wird, ist nicht von der Hand zu weisen.
Das Symbol ihres Patriotismus aber wollen sich in der politischen Mitte viele nicht nehmen lassen (siehe 
Infokasten). Der „Schland“-Effekt von 2006 ist inzwischen verpufft, auch weil die deutschen Farben, um in der 
Fußballsprache zu bleiben, von rechts so offensiv eingesetzt werden. Immer noch findet man Deutschlandflaggen 
an Fahnenmasten auf dem Land häufiger als in der Großstadt und in Schrebergärten ohnehin, aber der kurze 
unschuldige Rausch des „Sommermärchens“ ist verflogen.
Dabei besteht ja Nachfrage: Nur so dürfte die fast erlöste Begeisterung zu erklären sein, als Deutscher Fußball-
Bund und Adidas im November das neue deutsche Heimtrikot präsentierten, das wieder unübersehbar Schwarz-
Rot-Gold auf der Brust hat – eine sehr deutliche Anleihe beim Trikotdesign des Einheits- und Weltmeisterjahres 
1990.
Ein bemerkenswerter Beitrag zum Thema schließlich kam schon 2013 von Angela Merkel, als sie spätabends auf 
der Bundestagswahl-Party der Union ihrem Generalsekretär Hermann Gröhe sichtlich vergrätzt das Fähnchen 
entwand, das Gröhe fröhlich geschwenkt hatte. In ihren Memoiren hat Merkel eine Erklärung geliefert: Sie habe 
klarmachen wollen, dass man „keinen Alleinvertretungsanspruch auf die Deutschlandfahne“ gehabt habe, auch 
nicht „in der Stunde des größten Triumphs“.
Womit man wieder bei Walter Lübcke, der AfD und der Frage ist, wem die Nationalfarben gehören. Die Antwort ist 
einerseits einfach: uns allen natürlich. Andererseits ist sie durchaus kompliziert, denn nicht jeder, der Schwarz-Rot-
Gold schwenkt, meint, was die Flagge symbolisiert: Freiheit, Gleichheit, Vielfalt. Wenn zwei dasselbe tun, ist es 
Die Farben der Republik Meinung Eine Kunstaktion des Zentrums für Politische Schönheit in Berlin entfacht 
den Streit um Schwarz‑Rot‑Gold neu. Es ist ein Lehrstü....
noch nicht dasselbe. Das gilt für das Gedenken an Walter Lübcke ebenso wie für den Umgang mit der Flagge. Gut, 
dass wir daran erinnert worden sind.
Die Flagge ist beliebt
Umfrage 2019 sagten in einer Erhebung der Forschungsgruppe Wahlen 85 Prozent, sie verbänden mit der 
Nationalflagge eher Positives. „Eher Negatives“ sagten nur sechs Prozent. 2024 zur Fußball-EM haben laut Yougov 
13 Prozent Haus, Wohnung oder Garten schwarz-rot-gold beflaggt.
Ursprung Schwarz-Rot-Gold waren die Farben des Lützowschen Freikorps, das 1813/14 gegen Napoleon kämpfte. 
Die Kombination wurde zum Symbol der Hoffnung auf nationale Einheit. Schwarz-Rot-Gold waren die Farben der 
Revolution 1848; 1918 machte die Weimarer Republik sie zur Reichsflagge. Artikel 22 des Grundgesetzes legt fest: 
„Die Bundesflagge ist schwarz-rot-gold.“
Link to PDF"
2025-12,Main Corpus,2025-12(113).ZIP,Die politische Stimmung in Sachsen setzt uns unter Druck.PDF,C:\PythonProjects\AfD-project\Corpora\Main Corpus\2025-12\raw_unarchive\Die politische Stimmung in Sachsen setzt uns unter Druck.PDF,Die politische Stimmung in Sachsen setzt uns unter Druck,die politische stimmung in sachsen setzt uns unter druck,"taz, die tageszeitung",taz die tageszeitung,Freitag 05. Dezember 2025,David Muschenich,INLAND; S. 7,992,6735,776af63de4032df9b1c0f294b0c6685f9b84ccd5,,unique,keep,,no,,no,,,8119,no,,,,,"Interview David Muschenich, Leipzig
taz: Frau Franke, die Zahl der Asylanträge ist auch in Sachsen gesunken. Bedeutet das weniger Arbeit für Sie beim 
Flüchtlingsrat?
Hannah Franke: Nein. Die Arbeitsbelastung ist eher höher denn je. Wir unterstützen ja nicht nur Menschen in 
Asylverfahren, sondern viele, die seit Jahren in Deutschland leben oder hier geboren wurden. Auch die brauchen 
Unterstützung, bei sozialrechtlichen Fragen, Arbeit oder um ihren Aufenthalt zu sichern besonders, wenn sie von 
Abschiebungen bedroht sind.
taz: Herr Schmidtke, aktuell kommen nach Sachsen. Vergangenes Jahr wurden über 11.000 Asylanträge in 
Sachsen gestellt. Dieses Jahr waren es bis Ende September 4.800 Erstanträge. doch faktisch weniger Geflüchtete
Dave Schmidtke: Aber zeitgleich steigt die Ablehnungsquote bei Asylverfahren extrem. Aktuell liegt sie bei 75 
Prozent. Das hatten wir in den letzten zehn Jahren noch nie. Entsprechend verunsichert sind Geflüchtete und 
suchen häufiger Beratung. Wenn ich in unserem Dresdner Büro aus dem Fenster schaue, dann stehen die Leute 
da Schlange vor dem Haus.
taz: Wir sitzen gerade neben dem Fußballfeld beim Heimspiel des antifaschistischen Vereins . Es steht 1:1. Gegen 
Spenden für den Flüchtlingsrat geben Sie hier T-Shirts an die Fans raus. Ist das ein Zeichen, dass die finanzielle 
Situation des Flüchtlingsrats angespannt istRoter Stern Leipzig
Franke: Na ja, das heute hier ist was Schönes. Die Menschen sagen uns: Ey, tolle Arbeit, nicht aufgeben! Diese 
Wertschätzung tut echt gut, gerade wenn der Druck ansonsten steigt.
taz: Der Freistaat Sachsen hat Geldprobleme und die Landesregierung spart. Wie trifft das den Flüchtlingsrat?
Franke: Unsere Situation war schon vorher prekär, wir konnten unsere Arbeit nie ausreichend finanzieren. Jetzt 
müssen wir immer kreativer werden, was die Geldorganisation angeht. Für 2026 fehlt bei einem unserer Projekte 

Die politische Stimmung in Sachsen setzt uns unter Druck
die Finanzierung. Wir hatten in den letzten Jahren mobile Beratung und Workshopangebote in den Landkreisen, 
was nun nicht weiter gefördert wird.
taz: Das heißt, abseits von Leipzig, Dresden oder Chemnitz können Sie nicht mehr beraten?
Franke: Genau, und Sachsen ist ein Flächenland. Die Kosten für Bus- und Bahntickets sind massiv, wenn man sich 
anguckt, wie wenig Menschen nach Asylbewerberleistungsgesetz bekommen. In Erstaufnahmeeinrichtungen sind 
das circa 200 Euro. Davon Rechtsanwält*innen und ÖPNV-Tickets zu bezahlen, ist quasi unmöglich. Manchen 
Menschen ist es außerdem nicht erlaubt, ihren Landkreis zu verlassen, um in unsere Büros zu kommen. Uns war 
es immer wichtig, nicht nur in den Metropolen präsent zu sein.
Schmidtke: Zwei Ehrenamtliche und ich sind zum Beispiel vor drei Wochen nach Schneeberg gefahren (Stadt im 
Erzgebirge mit etwa 14.000 Einwohner*innen; Anmerkung der Redaktion). Innerhalb von Minuten war eine Traube 
von fünfzig Menschen um uns, weil wir die ersten Ansprechpersonen seit Monaten waren in Sachen unabhängiger 
menschenrechtsorientierter Beratung. Brechen wir weg, gibt s keine andere Option für die Leute.
taz: Worum geht es denn bei solchen Beratungen?
Franke: Wir erklären den Menschen regelmäßig, wie ein Verwaltungsverfahren funktioniert, welche Rechte und 
Pflichten sie haben. Aber dabei begegnen wir den Menschen nicht rein technisch. Das ist bei uns anders als in den 
Behörden. Wir hören zu und signalisieren: Wir freuen uns, dass du hier bist.
taz: Also hier in Deutschland oder Sachsen?
Schmidtke: Ja, oder in Schneeberg oder in Gröditz bei Riesa. Da wurde zum Beispiel Ende Oktober die kurdisch-
jesidische Familie Haji abgeschoben. Der Vater hat hier über Jahre als Friseur gearbeitet und sonntags 
ehrenamtlich älteren Herren die Haare geschnitten. Die Mutter hat ältere Frauen in der Nachbarschaft unterstützt, 
die ihren Alltag nicht mehr allein gestalten können. Es ist brutal, dass sie abgeschoben wurden. Würde es uns als 
Verein nicht mehr geben, würde die Öffentlichkeit von solchen Fällen gar nicht erfahren, das gehört auch zu 
unseren Aufgaben.
taz: Aber der Flüchtlingsrat sollte bei so was doch politisch neutral sein?
Franke: Nein. Wir sind eine Menschenrechtsorganisation und wir arbeiten mit einer menschenrechtsorientierten 
Haltung. Natürlich kann ich da sagen: Ich freue mich, dass du hier bist. Wenn ich mit geflüchteten Menschen 
zusammenarbeite, die von Abschiebung bedroht sind, dann sage ich: Ich möchte nicht, dass sie abgeschoben 
werden. Unser Auftrag lautet, den Menschen zur Seite zu stehen, gucken, was rechtlich möglich ist und gemeinsam 
mit ihnen durch schwere Zeiten zu gehen.
Schmidtke: Deshalb setzt uns die politische Stimmung in Sachsen gerade zunehmend unter Druck, auch von 
konservativer Seite. In Leipzig möchte die CDU uns beispielsweise Gelder entziehen, da wir angeblich gegen die 
Bundesregierung agieren. Aber natürlich arbeiten wir nur auf demokratischer Rechtsgrundlage, sonst könnten wir 
im Aufenthaltsrecht nichts erreichen.
Franke: Wir dürfen uns nicht selbst kriminalisieren. Es ist in Ordnung, dass wir nicht damit einverstanden sind, wie 
geflüchtete Menschen in Sachsen behandelt werden und wenn ihre Menschenrechte verletzt werden.
taz: Im Oktober hatte Ihre Spendenkampagne unter dem Motto Still Loving Bleiberecht keinen Erfolg. Ursprünglich 
wollten Sie bis zum Monatsende 50.000 Euro sammeln. Es kamen ungefähr 20.000 Euro zusammen. , aber es ist 
immer noch nicht alles da. Muss sich der Verein denn jetzt aus finanziellen Gründen auflösen? Sie haben die 
Kampagne verlängert
Franke: Nein, wir lösen uns nicht auf. Den Sächsischen Flüchtlingsrat gibt es seit 1991, es gab immer wieder 
Existenzkämpfe. Solange geflüchtete Menschen kämpfen, machen wir das auch. Die Spenden sind wichtig für 
bestimmte Bereiche unserer Arbeit und wir wollen auch abseits von staatlicher Finanzierung nie komplett ohne 
Die politische Stimmung in Sachsen setzt uns unter Druck
Geld dastehen. Am Ende sichert uns die aber die Arbeit. Ohne staatliche Finanzierung sind unsere Beratungen in 
dem Umfang nicht möglich.
taz: Hier hat der Rote Stern gerade das 2:1 geschossen, das Spiel ist gleich vorbei, darum zur letzten Frage. 
Angenommen, wir wären in einer idealen Welt und Sie könnten sich eine Summe wünschen: Wie viel Geld 
bräuchte der Flüchtlingsrat in Sachsen, um alle Anfragen zu bearbeiten
Franke: In einer idealen Welt bräuchte es uns nicht.
Hannah Franke
die 30-Jährige kommt aus Leipzig und ist Sozialarbeiterin. Seit 2021 engagiert sie sich als Vorstandsmitglied des 
Sächsischen Flüchtlingsrats.
Dave Schmidtke
ist 36 Jahre alt und Sprecher des Sächsischen Flüchtlingsrats. Er hat Politikwissenschaften studiert und engagiert 
sich seit 2013 für Geflüchtete."
2025-12,Main Corpus,2025-12(113).ZIP,Die Quittung werden wir bekommen.PDF,C:\PythonProjects\AfD-project\Corpora\Main Corpus\2025-12\raw_unarchive\Die Quittung werden wir bekommen.PDF,Die Quittung werden wir bekommen,die quittung werden wir bekommen,"taz, die tageszeitung",taz die tageszeitung,Dienstag 23. Dezember 2025,Susanne Memarnia,BERLIN AKTUELL; S. 21,1183,7968,7564c50391e56becf6656ea279f330aefac2c743,,unique,keep,,no,,no,,,8860,no,,,,,"Interview Susanne Memarnia
taz: Herr Hermanns, , das der Internationale Bund sechs Jahre geleitet hat, wurde gerade nach zehn Jahren 
geschlossen. Wie sehen Sie diese Einrichtung im Nachhinein? das erste Containerdorf Deutschlands in Köpenick
Peter Hermanns: Es gab damals von allen Seiten Kritik. Einmal an dieser neuen Art der Unterbringung, zum 
anderen von der rechten Seite, die überhaupt gegen ein Heim war und dagegen demonstrierte. Zu Ersterem: Auch 
ich bin damals davon ausgegangen, dass Container nur eine vorübergehende Unterbringungsmöglichkeit sein 
können. Inzwischen sind sie aber eine normale Form der Flüchtlingsunterbringung immerhin ist ihre Qualität 
besser geworden. Andererseits: Im Vergleich mit Großunterkünften wie Tegel und Tempelhof sind die Container in 
der Alfred-Randt-Straße fast besser gewesen.
taz: Inwiefern?
Hermanns: In den Containern der Notunterkunft in Tempelhof haben die Bewohner viel weniger Platz: 4 Menschen 
müssen in einem 12-Quadratmeter-Container leben. In Tegel in den Großzelten, die gerade abgebaut wurden, war 
es noch enger. In Köpenick beziehungsweise in anderen Containerdörfern, die reguläre Unterkünfte sind, sind es 
15-Quadratmeter-Container für je 2 Menschen. Ich will das Containerdorf in Köpenick nicht schönreden. Ich glaube 
aber, dass man, wenn man eine gute und engagierte Arbeit macht und diese Rückmeldung haben wir von ganz 
vielen Bewohnenden bekommen , dann kann sich auch bei so einer prekären Unterkunft ein Gefühl von Sich-
angenommen-Fühlen, von Wohlfühlen entwickeln.
taz: Warum sind Containerdörfer inzwischen normal? Liegt das nur an der Wohnungsnot oder sind das politische 
Entscheidungen?
Hermanns: Inzwischen denke ich, das ist eine politische Entscheidung. Kurz nach der Eröffnung der Alfred-Randt-
Straße haben wir begonnen, mit der Wohnungsbaugesellschaft Degewo ein Neubauprojekt in Altglienicke zu 
entwickeln, wo 50 Prozent Menschen mit und 50 Prozent ohne Fluchthintergrund zusammen leben. Bis heute 

Die Quittung werden wir bekommen
bieten wir dort Beratungs- und Nachbarschaftsarbeit an und das funktioniert. Wieso ist niemand sonst auf die Idee 
gekommen, so etwas anzuschieben? Wir brauchen ja händeringend mehr Wohnraum für Geflüchtete und Nicht-
Geflüchtete. Ich habe den Verdacht, dass es gar nicht mehr gewollt ist, dass Geflüchtete in Berlin wirklich dauerhaft 
ankommen. Die allgemeine Stimmung ist ja eher auf Abschieben raus.
taz: Und der Senat hat kürzlich und setzt nun allein auf Großunterkünfte und Hostels. das Ziel einer dezentralen 
Unterbringung beerdigt
Hermanns: Dabei ist das ja viel teurer! Und vor allem geht es in den Hostels nicht um die Unterstützung der 
Menschen, da geht es nur um die Unterbringung. Ich frage: Was machen wir da eigentlich? Wir geben wahnsinnig 
viel Geld aus für eine Unterbringung in sehr prekären Verhältnissen. Und wir leisten keine Unterstützung mehr oder 
nur noch rudimentär. Die Quittung werden wir bekommen.
taz: Was meinen Sie damit?
Hermanns: Ich glaube, wenn Menschen so prekär untergebracht sind, wenn sie keine Unterstützung bekommen, 
die sie gerade am Anfang dringend brauchen, dann entwickeln sich natürlich Frust und Perspektivlosigkeit. Mit allen 
Folgen, die man sich ausmalen kann. Und dann wird die Diskussion noch mal verstärkt über diese angeblich so 
problematischen Menschen, die nach Deutschland kommen. Ich glaube, die Politik versäumt es in weiten Teilen, 
dieser Erzählung von den Gefahren durch Geflüchtete etwas entgegenzusetzen. Obwohl man weiß, was 
Bedingungen sein könnten, um die Dinge erfolgreicher zu gestalten. Das haben wir mit der Alfred-Randt-Straße 
auch ein bisschen vorgemacht.
taz: Und wie läuft es in Ihrer , die Sie zusammen mit der Arbeiterwohlfahrt betreiben? Notunterkunft in Tempelhof
Hermanns: Ja, die ist sehr groß geworden inzwischen. Es gibt wie gesagt diese kleineren Container in den Hangars 
1 bis 3 und weitere auf dem Parkplatz vor dem Gebäude. Insgesamt leben dort rund 1.400 Menschen und es 
sollen ja nächstes Jahr noch mehr Container dazukommen. Das war auch mal als Kurzunterbringung geplant, aber 
viele Menschen leben da sehr lange, manche über ein Jahr.
taz: Wie kann man unter diesen Bedingungen als Betreiber gute Arbeit leisten?
Hermanns: Wenn man gut strukturiert und engagiert arbeitet und ein Konzept dahinter steckt und wenn man eine 
Zugewandtheit den Menschen gegenüber hat, kann man in allen Einrichtungen gut arbeiten. Aber je schwieriger die 
räumlichen Bedingungen sind, umso schwerer ist es eben auch.
taz: Was sind die größten Probleme?
Hermanns: Das fängt damit an, dass sich im Grunde genommen alle über das Essen beschweren. Das ist normal, 
weil: Für so viele Menschen Essen zu kochen, das allen schmeckt, das geht ja gar nicht. Das ist in allen 
Einrichtungen so. Dazu kommt die fehlende Privatsphäre. Wenn man mit drei fremden Leuten in einem Container 
schläft, dann hat man nie Ruhe. Das macht die Menschen kaputt.
taz: Und warum ist das so teuer?
Hermanns: Tempelhof ist im Betrieb gar nicht so teuer, kein Vergleich mit Tegel oder den Hostels. Aber natürlich 
war die Einrichtung der Hangars mit den Containern am Anfang ein dicker Batzen.
taz: Es war ja seit der Zeit von Elke Breitenbach als linke Integrationssenatorin Politik des Senats, bei 
Ausschreibungen für Flüchtlingsunterkünfte nicht nach dem günstigsten Preis zu gehen, sondern Betreiber zu 
berücksichtigen, die sozial- und integrationspolitische Konzepte vorlegen. Gilt das noch?
Hermanns: Nein, schon seit etwa zwei Jahren nicht mehr. Nur noch der günstigste Preis entscheidet, wer den 
Zuschlag bekommt. Das ist ja das Problem, dass gute Betreiber und ich zähle uns jetzt einfach mal dazu kaum 
noch eine Chance haben. Weil wir unsere Mitarbeitenden gut bezahlen nach Tarifvertrag, weil wir gute 
Arbeitsbedingungen schaffen wollen, weil wir seriös arbeiten. Wir verlieren Unterkünfte in Ausschreibungen und es 
Die Quittung werden wir bekommen
kommen auch keine neuen dazu. Das Landesamt für Flüchtlingsangelegenheiten (LAF), das darüber entscheidet, 
möchte ich aber in Schutz nehmen. Das sind Vorgaben aus der Politik.
taz: Aber wie passt das zusammen? Das LAF soll immer die günstigsten Betreiber auswählen, gleichzeitig setzt der 
Senat mit Großunterkünften und Hostels auf die teuerste Art der Unterbringung.
Hermanns: Ich glaube, Letzteres liegt daran, dass es in den Kiezen keine Akzeptanz mehr für eine dezentrale 
Unterbringung gibt. Und jetzt kommt der Wahlkampf auf uns zu, da will sich niemand die Finger verbrennen. Auf 
wenige, zentrale Großunterkünfte zu setzen, ist halt die einfachste Lösung egal wie viel Geld es kostet. Das hat 
auch damit zu tun, dass die Politik in Teilen den rechten Erzählungen nichts entgegensetzt, sondern ihnen im 
Grunde genommen hinterherläuft in der Hoffnung, so die AfD klein zu kriegen. Das wird aber nicht passieren.
taz: Alles keine guten Aussichten, auch nicht für den IB, oder?
Hermanns: Wir sind ein sozialer Träger, der Menschen in Notsituationen hilft, nicht nur Geflüchteten, sondern auch 
Wohnungslosen, Jugendlichen, Menschen mit Beeinträchtigung etc. Es gibt immer genügend zu tun, und als 
Betreiber werden wir uns vielleicht anderen Bereichen mehr zuwenden. Aber was in der Flüchtlingspolitik passiert, 
ist, dass den Menschen offenbar nicht mehr die Unterstützung zuteilwerden soll, die sie brauchen. Was ich als 
Bürger nicht gut finde. Wir müssen endlich mal wieder dahin kommen, die ganz vielen positiven Beispiele nach 
vorne zu stellen von Menschen, die sich hier eine Existenz aufgebaut haben, die Steuern bezahlen, all das. Denn 
die haben jetzt Angst, dass sie hier trotz aller Bemühungen keine Zukunft haben sollen.
Peter Hermanns
Peter Hermanns 62, ist Diplom-Sozialpädagoge, Buchhändler und Journalist. Zwischen 2014 und 2021 leitete er 
das erste Containerdorf Deutschlands für Geflüchtete in Berlin-Köpenick. Seitdem ist er Pressesprecher beim 
Internationalen Bund (IB) Berlin-Brandenburg."
2025-12,Main Corpus,2025-12(113).ZIP,Doch kein Bleiberecht(2).PDF,C:\PythonProjects\AfD-project\Corpora\Main Corpus\2025-12\raw_unarchive\Doch kein Bleiberecht(2).PDF,Doch kein Bleiberecht,doch kein bleiberecht,Frankfurter Rundschau,frankfurter rundschau,Mittwoch 10. Dezember 2025,,POLITIK; S. 4,338,2524,83c4c43c75d1e4278ead79331a357b43f2637310,exact_007,duplicate_exact,review,,no,,no,,,3973,no,,exact_007,,,"Ein mutiger Helfer bei der Verfolgung des Messerstechers von Aschaffenburg soll Deutschland trotz einer 
Auszeichnung für Zivilcourage nun doch verlassen. Grund sei unter anderem, dass der Asylbewerber trotz 
Arbeitserlaubnis nicht arbeite, teilte die Regierung von Unterfranken in Würzburg mit. Der Somalier habe eine 
genehmigte Beschäftigung nicht angetreten und auch keinen neuen Antrag auf Genehmigung einer 
Erwerbsfähigkeit gestellt. Außerdem sei er in der Zwischenzeit wegen „diverser Straftaten“ mehrfach rechtskräftig 
verurteilt worden.
Vor allem ohne Arbeit bestehe für ihn keine dauerhafte Bleibeperspektive. Seinen Lebensunterhalt selbst zu 
bestreiten, sei die wichtigste Voraussetzung für einen Aufenthaltstitel. Er habe „die ihm eröffnete Chance, aus 
eigener Kraft die Voraussetzungen für ein dauerhaftes Bleiberecht zu schaffen und sich insbesondere eine 
Arbeitsstelle zu suchen, nicht genutzt“, teilte die Regierung von Unterfranken mit. Der Mann streitet nach einem 
Bericht des „Main-Echo“ ab, sich nicht um einen Job bemüht zu haben. Die Zeitung zitierte ihn mit den Worten: „Die 
Behörden lügen“. Und: „Sie suchen eine Ausrede, um mich loszuwerden.“
Von Söder geehrt
Der Somalier hatte nach der tödlichen Messerattacke eines Afghanen auf Kinder und Passant:innen im Januar 
dieses Jahres in einem Park in Aschaffenburg eine Duldung erhalten, vor allem, weil er bei den Ermittlungen gegen 
den Angreifer als wichtiger Zeuge galt. Das Verfahren gegen den Angreifer, einen psychisch kranken Flüchtling, 
wurde vor dem Landgericht Aschaffenburg mittlerweile beendet, der Täter sitzt bis auf weiteres in einer 
forensischen Psychiatrie. 
Im Asylrecht bezeichnet die Duldung einen vorübergehenden Aufenthaltsstatus für ausreisepflichtige Ausländer, die 
aus bestimmten Gründen nicht abgeschoben werden können. Es handelt sich dabei nicht um eine 
Aufenthaltserlaubnis, sondern um die befristete Aussetzung der Abschiebung. Duldungen werden regelmäßig 
befristet erstellt und manchmal auch verlängert. Der Somalier hatte für sein engagiertes Eingreifen von 
Ministerpräsident Markus Söder (CSU) im Mai die Christopherus-Medaille erhalten. 

Doch kein Bleiberecht
Das bayerische Innenministerium hatte mitgeteilt, der Mann habe „bei der schrecklichen Gewalttat in Aschaffenburg 
in herausragender Weise Entschlossenheit und Mut bewiesen“, „sich um Aschaffenburg und Bayern verdient 
gemacht und ein Beispiel für Zivilcourage gegeben, das Anerkennung und höchsten Respekt verdient“. DPA
Link zum PDF-Dokument"
2025-12,Main Corpus,2025-12(113).ZIP,Doch kein Bleiberecht.PDF,C:\PythonProjects\AfD-project\Corpora\Main Corpus\2025-12\raw_unarchive\Doch kein Bleiberecht.PDF,Doch kein Bleiberecht,doch kein bleiberecht,Frankfurter Rundschau,frankfurter rundschau,Mittwoch 10. Dezember 2025,,POLITIK; S. 4,338,2524,83c4c43c75d1e4278ead79331a357b43f2637310,exact_007,duplicate_exact,review,,no,,no,,,3971,no,,exact_007,,,"Ein mutiger Helfer bei der Verfolgung des Messerstechers von Aschaffenburg soll Deutschland trotz einer 
Auszeichnung für Zivilcourage nun doch verlassen. Grund sei unter anderem, dass der Asylbewerber trotz 
Arbeitserlaubnis nicht arbeite, teilte die Regierung von Unterfranken in Würzburg mit. Der Somalier habe eine 
genehmigte Beschäftigung nicht angetreten und auch keinen neuen Antrag auf Genehmigung einer 
Erwerbsfähigkeit gestellt. Außerdem sei er in der Zwischenzeit wegen „diverser Straftaten“ mehrfach rechtskräftig 
verurteilt worden.
Vor allem ohne Arbeit bestehe für ihn keine dauerhafte Bleibeperspektive. Seinen Lebensunterhalt selbst zu 
bestreiten, sei die wichtigste Voraussetzung für einen Aufenthaltstitel. Er habe „die ihm eröffnete Chance, aus 
eigener Kraft die Voraussetzungen für ein dauerhaftes Bleiberecht zu schaffen und sich insbesondere eine 
Arbeitsstelle zu suchen, nicht genutzt“, teilte die Regierung von Unterfranken mit. Der Mann streitet nach einem 
Bericht des „Main-Echo“ ab, sich nicht um einen Job bemüht zu haben. Die Zeitung zitierte ihn mit den Worten: „Die 
Behörden lügen“. Und: „Sie suchen eine Ausrede, um mich loszuwerden.“
Von Söder geehrt
Der Somalier hatte nach der tödlichen Messerattacke eines Afghanen auf Kinder und Passant:innen im Januar 
dieses Jahres in einem Park in Aschaffenburg eine Duldung erhalten, vor allem, weil er bei den Ermittlungen gegen 
den Angreifer als wichtiger Zeuge galt. Das Verfahren gegen den Angreifer, einen psychisch kranken Flüchtling, 
wurde vor dem Landgericht Aschaffenburg mittlerweile beendet, der Täter sitzt bis auf weiteres in einer 
forensischen Psychiatrie. 
Im Asylrecht bezeichnet die Duldung einen vorübergehenden Aufenthaltsstatus für ausreisepflichtige Ausländer, die 
aus bestimmten Gründen nicht abgeschoben werden können. Es handelt sich dabei nicht um eine 
Aufenthaltserlaubnis, sondern um die befristete Aussetzung der Abschiebung. Duldungen werden regelmäßig 
befristet erstellt und manchmal auch verlängert. Der Somalier hatte für sein engagiertes Eingreifen von 
Ministerpräsident Markus Söder (CSU) im Mai die Christopherus-Medaille erhalten. 

Doch kein Bleiberecht
Das bayerische Innenministerium hatte mitgeteilt, der Mann habe „bei der schrecklichen Gewalttat in Aschaffenburg 
in herausragender Weise Entschlossenheit und Mut bewiesen“, „sich um Aschaffenburg und Bayern verdient 
gemacht und ein Beispiel für Zivilcourage gegeben, das Anerkennung und höchsten Respekt verdient“. DPA
Link zum PDF-Dokument"
2025-12,Main Corpus,2025-12(113).ZIP,Eine Stimme für die Spätaussiedler.PDF,C:\PythonProjects\AfD-project\Corpora\Main Corpus\2025-12\raw_unarchive\Eine Stimme für die Spätaussiedler.PDF,Eine Stimme für die Spätaussiedler,eine stimme für die spätaussiedler,Der Tagesspiegel,der tagesspiegel,Montag 15. Dezember 2025,,BEZIRKE; Berlin Extra; S. B11,655,4699,46aab4e28a7c6deb15be28569c76574ff1498d4e,,unique,keep,,no,,no,,,5856,no,,,,,"Sogenannte Aussiedler und Spätaussiedler sind eine der größten Zuwanderergruppen in der bundesdeutschen 
Gesellschaft. In der zweiten Hälfte des 18. Jahrhunderts ließen sich zahlreiche Siedler aus dem deutschsprachigen 
Raum in verschiedenen Regionen des Russischen Reiches nieder. Besonders seit Mitte der 1980er Jahre kamen 
viele ihrer Nachfahren zurück nach Deutschland. 
Auch Selma Merker ist eine sogenannte Spätaussiedlerin. Sie wurde in einem vorwiegend deutschsprachigen Dorf 
in Kasachstan geboren. Im Februar 1993 kam sie mit ihrem Mann und ihren drei Kindern nach Deutschland. Alles, 
was sie mitbrachten, waren fünf Koffer, vier Taschen und eine Gitarre.
 Neuanfang in Deutschland: ,,schwerste Zeit meines Lebens"" 
Ihr Neuanfang in Deutschland war nicht einfach. ,,Es war die schwerste Zeit meines Lebens"", sagt die 68-Jährige. 
Zunächst lebte die junge Familie in einer Unterkunft in Kreuzberg, erzählt Merker. Sie machte einen Sprachkurs 
und eine Berufsausbildung als Altenpflegerin. Ihre Kinder kamen in die Schule, hatten aber große Probleme mit der 
Sprache. 
Nach einiger Zeit zog die Familie nach Wittenau. Hier fühlten sie sich wohler als in der Unterkunft, trotzdem blieb 
der Alltag beschwerlich, erzählt die 68-Jährige. Sie arbeiteten viel und hart. ,,Wir lebten nicht, wir existierten nur, 
wie Arbeitspferde"", sagt Merker. Zudem fühlten sie sich nirgends zugehörig und kämpften mit Ausgrenzung und 
Diskriminierung. Sie waren ,,da die Faschisten, hier die Russen"", sagt Merker.
 Vor 18 Jahren gründete sie die Selbsthilfegruppe 
Über eine Bekannte erfuhr sie von einer Selbsthilfegruppe für Aussiedler und Spätaussiedler. Sie ging hin, doch es 
gefiel ihr nicht. Nachdem sie angemerkt hatte, dass die bisherige Gruppe nicht den Bedürfnissen der Betroffenen 
gerecht werde, wurde ihr angeboten, eine neue Gruppe zu starten, erzählt Merker. Sie willigte ein. Ihr Fokus: Ein 
Ort, an dem man sich austauschen und musizieren kann. Denn: ,,Musik macht gesünder als jedes Medikament"", 
sagt die 68-Jährige. 
Vor ziemlich genau achtzehn Jahren gründete sie die ,,Aussiedler-Gruppe"" im Selbsthilfezentrum im Märkischen 
Viertel. Es wird gemeinsam gesungen, geredet, getanzt, und jeder bringt traditionelles Essen mit. Seitdem trifft sich 
die Gruppe jeden ersten Samstag im Monat. Bisher ist noch kein Treffen ausgefallen, erzählt Merker stolz. Nicht 

Eine Stimme für die Spätaussiedler
mal, nachdem sie sich bei einem Fahrradunfall beide Arme gebrochen hatte. Aus der Selbsthilfegruppe entstanden 
wenig später auch ,,Selma's Rezepte Tauschgruppe"" und der Chor ,,Heimat"". 
Der Chor singt sowohl russische, ukrainische, weißrussische als auch deutsche Volkslieder. Die deutschen 
Volkslieder kennen viele Chormitglieder noch aus ihrer Vergangenheit aus Kasachstan und Russland. Dort wurden 
die deutschen Lieder von Generation zu Generation weitergegeben. 
 Auftritte in Altersheimen und auf Festen 
Die Sängerinnen und Sänger und die Spielerin des Knopfakkordeons treten regelmäßig in Altersheimen, Kirchen, 
Tagesstätten und auf Festen auf. Seit dem Krieg in der Ukraine sind die ,,russischen Lieder nicht mehr so beliebt"", 
erzählt Merker. Manchmal haben die Einrichtungen Sorge, es handele sich um russische Propaganda. Sie selbst 
wünscht sich ein Ende des Blutvergießens überall auf der Welt. ,,Ich will einfach Frieden"", sagt Merker.
Für ihr jahrelanges Engagement in dem Chor erhielt Selma Merker vergangene Woche den Ehrenamtspreis des 
Bezirks in der Kategorie ,,Nachbarschaften"". 
Selma Merker ist seit Jahren CDU-Mitglied. Regelmäßig nehmen auch mehrere CDU-Mitglieder an der 
Selbsthilfegruppe teil. Durch einen Spendenaufruf des Abgeordneten Björn Wohlert (CDU) konnte vor einigen 
Jahren das Knopfakkordeon finanziert werden. Auch die Gesobau-Stiftung unterstützt die Gruppe seit Jahren 
finanziell. Anlässlich der Auszeichnung von Merker kamen am vergangenen Samstag auch Sebastian Pieper, 
Bezirksbürgermeisterkandidat der CDU, und Matea Krolo, Kandidatin für das Abgeordnetenhaus. 
In einer kurzen Ansprache bedankte sich Pieper bei Selma Merker und betonte, dass der gesellschaftliche 
Zusammenhalt inzwischen nicht mehr selbstverständlich sei und am Ehrenamt nicht gespart werden dürfe. 
Selma Merker möchte ihre Arbeit in den Gruppen und dem Chor weiterführen, solange sie und ihr Mann es 
gesundheitlich durchhalten. Die 68-Jährige fürchtet allerdings, dass es nach ihr wohl keine Nachfolgerin oder 
Nachfolger geben wird. Wenn es so kommt, wäre das für sie ein bedauerliches Ende.
***
 Selma Merker, Leiterin einer ,,Aussiedler-Gruppe"" im Märkischen Viertel. 
 Zitat 
Musik macht gesünder als jedes Medikament.
Selma Merker, Spätaussiedlerin aus Kasachstan"
2025-12,Main Corpus,2025-12(113).ZIP,Empörung über Einreiseverbote Die US-Regierung in Washington hat unter anderem die beiden Geschäftsf(2).PDF,C:\PythonProjects\AfD-project\Corpora\Main Corpus\2025-12\raw_unarchive\Empörung über Einreiseverbote Die US-Regierung in Washington hat unter anderem die beiden Geschäftsf(2).PDF,Empörung über Einreiseverbote Die US-Regierung in Washington hat unter anderem die beiden,empörung über einreiseverbote die usregierung in washington hat unter anderem die beiden,Rheinische Post,rheinische post,Samstag 27. Dezember 2025,,S. 6,688,5047,0d4dca4b5871bc4afade67aa91eb19f96d8e475e,exact_008,duplicate_exact,review,,no,,no,,,7561,no,,exact_008,,,"Jonas Grimm
Berlin (epd) Das US-Einreiseverbot für die HateAid-Geschäftsführerinnen Josephine Ballon und Anna-Lena von 
Hodenberg wegen angeblicher Zensur hat in Deutschland breite Empörung ausgelöst. Außenminister Johann 
Wadephul (CDU) und Bundesjustizministerin Stefanie Hubig (SPD) erklärten das Vorgehen der Trump-Regierung 
für inakzeptabel. Der ebenfalls von Sanktionen betroffene Brite Imran Ahmed erzielte derweil vor einem Gericht in 
New York einen juristischen Erfolg.
Das Gericht habe seine geplante Abschiebung zunächst gestoppt, sagte der Geschäftsführer des Center for 
Countering Digital Hate (CCDH) in einem am Donnerstagabend bei Linkedin geposteten Video. Ahmed, der nach 
eigenen Worten im Besitz einer dauerhaften US-Aufenthaltsgenehmigung ist, hatte gegen die Sanktionen geklagt. 
Der Brite lebt mit seiner amerikanischen Frau und seinem Kind in den USA. Er vertraue auf den Rechtsstaat, 
erklärte Ahmed in seinem Beitrag.
Das von dem Republikaner Marco Rubio geführte US-Außenministerium hatte am Dienstag auch Einreiseverbote 
gegen die Geschäftsführerinnen der Berliner Organisation HateAid, von Hodenberg und Ballon, verhängt. Die 
Beratungsstelle setzt sich gegen Hass im Internet ein. Die verfügte Einreisesperre sei umgehend umgesetzt 
worden, erklärte Ballon. Ihr sei noch am Mittwochabend von der US-Verwaltung mitgeteilt worden, dass sich der 
Status ihres noch bis April gültigen US-Visums geändert habe und damit keine Einreise mehr möglich sei. Ihre Mit-
Geschäftsführerin Anna-Lena von Hodenberg verfüge aktuell über kein Visum für die USA.
Der Brite Ahmed erklärte: „Elon Musk, der reichste Mensch der Welt, kann seine Lakaien auf uns loshetzen, uns 
verklagen, und seine Freunde in der Regierung dazu bringen, seine Feinde zu bestrafen“, aber jedes Mal stünden 
ihm Gerichte im Weg. Musks Plattform X hat das CCDH 2023 verklagt, nachdem diese einen Anstieg von 
Hassreden auf der Plattform angeprangert hatten. Die Klage wurde abgewiesen, X legte Rechtsmittel ein. Die 

Empörung über Einreiseverbote Die US-Regierung in Washington hat unter anderem die beiden 
Geschäftsführerinnen der Berliner Organisation HateAid mit Sanktionen ....
Berliner Organisation HateAid hatte sich ebenfalls deutlich gegen Musks Plattform gestellt. Anfang Dezember 
forderten sie gemeinsam mit weiteren Organisationen die Bundesregierung auf, X zu verlassen. HateAid ist eine 
2018 gegründete Organisation, die Betroffenen hilft, sich gegen digitale Gewalt zur Wehr zu setzen.
Justizministerin Hubig und Außenminister Wadephul erklärten das Vorgehen des US-Außenministeriums für 
inakzeptabel. Die HateAid-Geschäftsführerinnen von Hodenberg und Ballon betonten laut einer Pressemitteilung 
ihrer Organisation, sie wollten sich nicht einschüchtern lassen. „HateAid bewertet diese Maßnahme als Akt der 
Repression einer Administration, die zunehmend Rechtsstaatlichkeit missachtet und versucht, ihre Kritiker mit aller 
Härte zum Schweigen zu bringen“, hieß es. Dies sei „Teil einer Einschüchterungstaktik gegen alle, die sich in 
Europa für die Umsetzung von geltenden Gesetzen auf sozialen Netzwerken einsetzten“und nicht hinnehmbar.
Justizministerin Stefanie Hubig erklärte am Mittwoch, die Organisation leiste einen „wichtigen Beitrag dazu, dass 
Persönlichkeitsrechte auch im digitalen Raum geschützt werden“. Wenn Betroffene von Hassrede schutzlos 
blieben, „dann ist der demokratische Diskurs nicht frei“. Ballon und von Hodenberg „haben unsere Unterstützung 
und Solidarität“, sagte die SPD-Politikerin. Von Hodenberg hatte erst im Oktober das Bundesverdienstkreuz 
erhalten.
HateAid vermutet, dass das Eintreten für Rechte von Internetnutzern und die Umsetzung von EU-Digitalgesetzen 
wie dem „Digital Services Act“ Grund für die Sanktionen sei. Ballon sagte dem „Spiegel“: „Unsere Arbeit hat nichts 
mit Zensur zu tun.“ Inhalte würden nur die Plattformen entfernen: „Strafverfolgung machen Polizei und 
Staatsanwaltschaft.“
Als Konsequenz der Sanktionen dürften nicht nur sie, sondern wahrscheinlich auch ihre Familien nicht mehr in die 
USA einreisen, schrieb von Hodenberg am Mittwoch auf Linkedin. Zudem müsse HateAid befürchten, von US-
Diensteanbietern gesperrt und blockiert zu werden.
Betroffen von den Sanktionen sind auch der ehemalige EU-Kommissar Thierry Breton sowie die Geschäftsführerin 
des britischen „Global Disinformation Index“, Clare Melford. (mit dpa)
Trump attackiert US-Show-Moderator
Angriff Donald Trump hat Late-Night-Show-Moderator Stephen Colbert massiv angegriffen. Der Sender CBS, der 
die Show ausstrahlte, solle ihn „einschläfern“, schrieb Trump auf Truth Social.
Format Die Shows gelten seit der Wahl Trumps als mächtiges Format, um dem Rechtspopulismus des Präsidenten 
zu begegnen.
Empörung über Einreiseverbote Die US-Regierung in Washington hat unter anderem die beiden 
Geschäftsführerinnen der Berliner Organisation HateAid mit Sanktionen ....
Link to PDF
Graphic
 
Josephine Ballon (l.) und Anna-Lena von Hodenberg sind die Geschäftsführerinnen von HateAid. Foto: Sven 
Serkis/dpa"
2025-12,Main Corpus,2025-12(113).ZIP,Empörung über Einreiseverbote Die US-Regierung in Washington hat unter anderem die beiden Geschäftsf.PDF,C:\PythonProjects\AfD-project\Corpora\Main Corpus\2025-12\raw_unarchive\Empörung über Einreiseverbote Die US-Regierung in Washington hat unter anderem die beiden Geschäftsf.PDF,Empörung über Einreiseverbote Die US-Regierung in Washington hat unter anderem die beiden,empörung über einreiseverbote die usregierung in washington hat unter anderem die beiden,Rheinische Post,rheinische post,Samstag 27. Dezember 2025,,S. 6,688,5047,0d4dca4b5871bc4afade67aa91eb19f96d8e475e,exact_008,duplicate_exact,review,,no,,no,,,7576,no,,exact_008,,,"Jonas Grimm
Berlin (epd) Das US-Einreiseverbot für die HateAid-Geschäftsführerinnen Josephine Ballon und Anna-Lena von 
Hodenberg wegen angeblicher Zensur hat in Deutschland breite Empörung ausgelöst. Außenminister Johann 
Wadephul (CDU) und Bundesjustizministerin Stefanie Hubig (SPD) erklärten das Vorgehen der Trump-Regierung 
für inakzeptabel. Der ebenfalls von Sanktionen betroffene Brite Imran Ahmed erzielte derweil vor einem Gericht in 
New York einen juristischen Erfolg.
Das Gericht habe seine geplante Abschiebung zunächst gestoppt, sagte der Geschäftsführer des Center for 
Countering Digital Hate (CCDH) in einem am Donnerstagabend bei Linkedin geposteten Video. Ahmed, der nach 
eigenen Worten im Besitz einer dauerhaften US-Aufenthaltsgenehmigung ist, hatte gegen die Sanktionen geklagt. 
Der Brite lebt mit seiner amerikanischen Frau und seinem Kind in den USA. Er vertraue auf den Rechtsstaat, 
erklärte Ahmed in seinem Beitrag.
Das von dem Republikaner Marco Rubio geführte US-Außenministerium hatte am Dienstag auch Einreiseverbote 
gegen die Geschäftsführerinnen der Berliner Organisation HateAid, von Hodenberg und Ballon, verhängt. Die 
Beratungsstelle setzt sich gegen Hass im Internet ein. Die verfügte Einreisesperre sei umgehend umgesetzt 
worden, erklärte Ballon. Ihr sei noch am Mittwochabend von der US-Verwaltung mitgeteilt worden, dass sich der 
Status ihres noch bis April gültigen US-Visums geändert habe und damit keine Einreise mehr möglich sei. Ihre Mit-
Geschäftsführerin Anna-Lena von Hodenberg verfüge aktuell über kein Visum für die USA.
Der Brite Ahmed erklärte: „Elon Musk, der reichste Mensch der Welt, kann seine Lakaien auf uns loshetzen, uns 
verklagen, und seine Freunde in der Regierung dazu bringen, seine Feinde zu bestrafen“, aber jedes Mal stünden 
ihm Gerichte im Weg. Musks Plattform X hat das CCDH 2023 verklagt, nachdem diese einen Anstieg von 
Hassreden auf der Plattform angeprangert hatten. Die Klage wurde abgewiesen, X legte Rechtsmittel ein. Die 

Empörung über Einreiseverbote Die US-Regierung in Washington hat unter anderem die beiden 
Geschäftsführerinnen der Berliner Organisation HateAid mit Sanktionen ....
Berliner Organisation HateAid hatte sich ebenfalls deutlich gegen Musks Plattform gestellt. Anfang Dezember 
forderten sie gemeinsam mit weiteren Organisationen die Bundesregierung auf, X zu verlassen. HateAid ist eine 
2018 gegründete Organisation, die Betroffenen hilft, sich gegen digitale Gewalt zur Wehr zu setzen.
Justizministerin Hubig und Außenminister Wadephul erklärten das Vorgehen des US-Außenministeriums für 
inakzeptabel. Die HateAid-Geschäftsführerinnen von Hodenberg und Ballon betonten laut einer Pressemitteilung 
ihrer Organisation, sie wollten sich nicht einschüchtern lassen. „HateAid bewertet diese Maßnahme als Akt der 
Repression einer Administration, die zunehmend Rechtsstaatlichkeit missachtet und versucht, ihre Kritiker mit aller 
Härte zum Schweigen zu bringen“, hieß es. Dies sei „Teil einer Einschüchterungstaktik gegen alle, die sich in 
Europa für die Umsetzung von geltenden Gesetzen auf sozialen Netzwerken einsetzten“und nicht hinnehmbar.
Justizministerin Stefanie Hubig erklärte am Mittwoch, die Organisation leiste einen „wichtigen Beitrag dazu, dass 
Persönlichkeitsrechte auch im digitalen Raum geschützt werden“. Wenn Betroffene von Hassrede schutzlos 
blieben, „dann ist der demokratische Diskurs nicht frei“. Ballon und von Hodenberg „haben unsere Unterstützung 
und Solidarität“, sagte die SPD-Politikerin. Von Hodenberg hatte erst im Oktober das Bundesverdienstkreuz 
erhalten.
HateAid vermutet, dass das Eintreten für Rechte von Internetnutzern und die Umsetzung von EU-Digitalgesetzen 
wie dem „Digital Services Act“ Grund für die Sanktionen sei. Ballon sagte dem „Spiegel“: „Unsere Arbeit hat nichts 
mit Zensur zu tun.“ Inhalte würden nur die Plattformen entfernen: „Strafverfolgung machen Polizei und 
Staatsanwaltschaft.“
Als Konsequenz der Sanktionen dürften nicht nur sie, sondern wahrscheinlich auch ihre Familien nicht mehr in die 
USA einreisen, schrieb von Hodenberg am Mittwoch auf Linkedin. Zudem müsse HateAid befürchten, von US-
Diensteanbietern gesperrt und blockiert zu werden.
Betroffen von den Sanktionen sind auch der ehemalige EU-Kommissar Thierry Breton sowie die Geschäftsführerin 
des britischen „Global Disinformation Index“, Clare Melford. (mit dpa)
Trump attackiert US-Show-Moderator
Angriff Donald Trump hat Late-Night-Show-Moderator Stephen Colbert massiv angegriffen. Der Sender CBS, der 
die Show ausstrahlte, solle ihn „einschläfern“, schrieb Trump auf Truth Social.
Format Die Shows gelten seit der Wahl Trumps als mächtiges Format, um dem Rechtspopulismus des Präsidenten 
zu begegnen.
Empörung über Einreiseverbote Die US-Regierung in Washington hat unter anderem die beiden 
Geschäftsführerinnen der Berliner Organisation HateAid mit Sanktionen ....
Link to PDF
Graphic
 
Josephine Ballon (l.) und Anna-Lena von Hodenberg sind die Geschäftsführerinnen von HateAid. Foto: Sven 
Serkis/dpa"
2025-12,Main Corpus,2025-12(113).ZIP,Engagiert in neuer Heimat Integration Refugees Welcome in Sports half Javed Rahimy   jetzt unterstüt.PDF,C:\PythonProjects\AfD-project\Corpora\Main Corpus\2025-12\raw_unarchive\Engagiert in neuer Heimat Integration Refugees Welcome in Sports half Javed Rahimy   jetzt unterstüt.PDF,Engagiert in neuer Heimat; Integration Refugees Welcome in Sports half Javed Rahimy jetzt unterstützt er,engagiert in neuer heimat integration refugees welcome in sports half javed rahimy jetzt unterstützt er,Nordwest-Zeitung,nordwestzeitung,20. Dezember 2025,,MENSCHEN; S. 37,683,4605,c681eb750b2ba02f1d960f5d2167d1ebc2d0db5f,,unique,keep,,no,,no,,,6276,no,,,,,"Oldenburg/HSC - Der Sport war eine kleine Pause vom alltäglichen Stress , sagt Javed Rahimy über Refugees 
Welcome in Sports (ReWiS) in Oldenburg. Seit 2015 ist er dort aktiv. Ein Jahr zuvor kam er mit 17 Jahren allein 
nach Deutschland. Geboren wurde er in Afghanistan. Aufgewachsen ist er in Pakistan. Von dort aus war er etwa 
zwei Jahre über den Iran und die Türkei unterwegs nach Europa. In Oldenburg angekommen musste er sich mit der 
Bürokratie herumschlagen, ohne die Sprache zu beherrschen, ohne Freunde da tun 90 Minuten abschalten beim 
Sport gut.
 Der Sport braucht keine Sprache. Man kann sich mit Händen und Füßen verständigen , sagt der 28-Jährige heute. 
Das Projekt ReWiS wurde zu Anfang von einigen Studierenden an der Uni Oldenburg angeboten. Einmal pro 
Woche trafen sich Flüchtlinge und Deutsche jeden Alters zum Fußball spielen. Javed Rahimy ist immer dabei. 
Deshalb fragten die Studierenden ihn nach einiger Zeit, ob er das Angebot nicht einmal übernehmen könnte. Aus 
einmal wurden zweimal, dreimal, ... und Javed Rahimy wurde teil des Organisationsteams.
Im Vorstand engagiert
Es kamen immer mehr Teilnehmer. Einige fragten nach anderen Sportarten. Im engen Austausch wurde das 
Angebot erweitert. Javed Rahimy übernimmt die Volleyball-Gruppe und hilft beim Basketball aus. Den 
Organisatoren fiel auf, dass fast nur Männer zum Sport kamen. Sie fragten nach und erfuhren, dass viele Frauen 
lieber unter sich wären. Seitdem gibt es Fitness für Frauen.

Engagiert in neuer Heimat; Integration Refugees Welcome in Sports half Javed Rahimy jetzt unterstützt er
Wie wichtig ReWiS für viele ist, zeigt eine kleine Begegnung, von der Javed Rahimy erzählt: Ein Teilnehmer, der 
lange Zeit regelmäßig Basketball gespielt hatte, war länger nicht gekommen. Javed Rahimy traf ihn zufällig in der 
Stadt und fragte, wie es ihm gehe. Niedergeschlagen erzählte dieser von den Krebserkrankungen seiner Eltern und 
den Problemen des Bruders. Plötzlich fragte er hoffnungsvoll: Gibt es ReWiS noch? Ich muss unbedingt wieder 
kommen! 90 Minuten Pause vom Alltagsstress.
Seit 2016 ist ReWiS ein eingetragener Verein. Javed Rahimy engagierte sich auch als stellvertretender 
Vorsitzender im Vorstand solange es seine Ausbildung und Arbeit zuließ. Denn mit Glück und der Unterstützung 
mehrere Menschen konnte er bereits 2015 in einer Maßnahme des Jobcenters halbtags arbeiten und die andere 
Hälfte des Tages zur Schule gehen. 2016 machte er den Hauptschulabschluss, 2017 den erweiterten 
Realschulabschluss.
Während der Zeit und bis heute hilft er anderen Flüchtlingen als Übersetzer und bei Behördengängen, erwirbt die 
Jugendleitercard (Juleica) und ist unter anderem beim Ferienpass als Betreuer aktiv. Da liegt eine soziale Arbeit mit 
Kindern nahe. Javed Rahimy absolviert die Ausbildung zum Sozialpädagogischen Assistenten und überlegt 
Erzieher zu werden. Doch dann erfährt er, dass die renommierte Kinderklinik in Hannover mehr Patienten 
behandeln könnte, wenn es mehr Pflegekräfte gäbe. Kranke Kinder brauchen ihn dringender, findet Javed Rahimy 
und will Kinderkrankenpfleger werden.
Zweite oder erste Heimat
Am ersten Ausbildungstag stellt er jedoch fest, dass er fälschlicherweise in die Ausbildung zum Gesundheits- und 
Krankenpfleger geraten ist. Seine Optionen: Abbrechen und ein Jahr warten oder die Ausbildung in der 
Erwachsenenkrankenpflege abschließen und dann umschulen. Auch weil Javes Rahimy als Asylsuchender mehr 
als genug warten musste, entscheidet er sich für die zweite Variante. Als er auf Wunsch während der Ausbildung in 
der Intensivstation arbeiten darf, beschließt er in der Erwachsenenpflege zu bleiben. Nach der Ausbildung und zwei 
Jahren im Pflegeberuf hängt er die Fachweiterbildung in Intensiv- und Anästhesiepflege an. Ich bereue das nicht , 
sagt der 28-Jährige.
Für ihn ist Oldenburg inzwischen zur zweiten Heimat geworden. Oder vielleicht sogar zur ersten? , überlegt er. Im 
Herbst war er für sechs Wochen in Pakistan bei seiner Familie. Es war schön meine Eltern und Geschwister 
wiederzusehen. Aber nach drei Wochen habe ich mich gefragt, was mache ich eigentlich hier? Ich muss zurück 
nach Oldenburg. Obwohl meine Oldenburger Freunde sagten: Bleib da. Dort hast du 30 Grad und Sonnenschein, 
hier ist es nass, kalt und grau. Aber eben auch eine Heimat.
Infos zu Refugees Welcome in Sports: rewis-oldenburg.de 
PDF-Datei dieses Dokuments
Engagiert in neuer Heimat; Integration Refugees Welcome in Sports half Javed Rahimy jetzt unterstützt er

Engagiert in neuer Heimat; Integration Refugees Welcome in Sports half Javed Rahimy jetzt unterstützt er"
2025-12,Main Corpus,2025-12(113).ZIP,Entscheidung zur Buschstraße vertagt Die Stadt Nettetal will die Unterkunft in Kaldenkirchen umbauen.PDF,C:\PythonProjects\AfD-project\Corpora\Main Corpus\2025-12\raw_unarchive\Entscheidung zur Buschstraße vertagt Die Stadt Nettetal will die Unterkunft in Kaldenkirchen umbauen.PDF,Entscheidung zur Buschstraße vertagt Die Stadt Nettetal will die Unterkunft in Kaldenkirchen umbauen und in,entscheidung zur buschstrasse vertagt die stadt nettetal will die unterkunft in kaldenkirchen umbauen und in,Rheinische Post,rheinische post,Dienstag 16. Dezember 2025,Uli Rentzsch,S. 19,716,5278,d314b17bbd8afae6047ef768a5543b4dcbf4340b,,unique,keep,,no,,no,,,6412,no,,,,,"Uli Rentzsch
Nettetal Wie gut das partnerschaftliche Zusammenleben von zugewanderten und ortsansässigen Menschen in 
Nettetal, explizit in den Unterkünften an der Kaldenkirchener Buschstraße und im Leuther Hampoel, funktionieren 
kann, das skizzierte der Erste Beigeordnete der Stadt Nettetal jüngst in einer Mitteilung der Stadt. „Beide Standorte 
haben sich in den vergangenen Monaten als erfolgreiche Beispiele für gelungene Unterbringung und Integration 
von Geflüchteten erwiesen“, sagte Andreas Rudolph. Insbesondere die Entwicklung an der Buschstraße in 
Kaldenkirchen sei positiv hervorzuheben, hieß es. Die geäußerten Befürchtungen, die im Vorfeld des Bezugs zu 
Unruhe geführt hatten, seien nicht eingetreten, teilte die Stadt mit.
Im Ausschuss für Soziales, Gesundheit und Inklusion wurde die Politik nun gebeten, Kenntnis zu nehmen, dass die 
Lage zur Unterbringung von Asylbewerbern, vollziehbar Ausreisepflichtigen, Flüchtlingen und Spätaussiedlern 
weiterhin als dynamisch angespannt zu bezeichnen sei, wie Rudolph betonte. Die Dynamik liege gerade in der 
Unvorhersehbarkeit der Lage. So sei die Stadt Nettetal verpflichtet, geflüchtete Menschen aufzunehmen. 
Gleichzeitig ziehen Personen aus den Unterkünften in Nettetal aus, sind aber wegen einer Wohnsitzauflage an den 
Standort gebunden, verblieben aufgrund der Wohnungssituation in Nettetal in den Unterkünften.
Zwar stünden derzeit freie Plätze grundsätzlich zur Verfügung, doch nicht alle können wegen Baumaßnahmen oder 
laufender Genehmigungsverfahren nicht belegt werden. Zum 31. Oktober waren in 26 Unterkünften insgesamt 536 
Personen untergebracht. „Wir haben bei Neuankömmlingen eine Vorlaufszeit von 14 Tagen“, ergänzte Christina 
Maske, Leiterin des Bereichs „Soziale Betreuung, Asyl und Wohnungslose“. Laut Prognose werde man im 

Entscheidung zur Buschstraße vertagt Die Stadt Nettetal will die Unterkunft in Kaldenkirchen umbauen und in 
eine dauerhafte Unterbringung umwidmen, CDU und FDP ....
kommenden Jahr die Handlungsfähigkeit der Stadt aufrechterhalten können, dafür müsse man freie Plätze 
vorhalten.
Ziel sei es, so Maske, Kosten zu senken, weil diese freien Plätze nicht refinanziert werden, schon wegen fehlender 
Fördermittel von Land und Bund. Für den Betrieb der Unterkunft an der Buschstraße als, und das ist wichtig, 
Notunterkunft müsse man für das kommende Jahr mit Kosten in Höhe von etwa einer Million Euro rechnen 
(beispielsweise für Catering und Sicherheitsdienst), bei eventueller Vollbelegung sogar mit etwa 1,2 Millionen Euro. 
Würde man die Notunterkunft in eine dauerhafte Unterkunft umwidmen, entfielen diese Kosten.
Dafür müsste jedoch umgebaut werden, um eine Umstellung auf Selbstversorgung zu garantieren. Für den Umbau 
rechne man mit knapp zwei Millionen Euro. Maske betonte ausdrücklich, dass die Handlungsfähigkeit der Stadt 
gesichert sein müsse, um für die Unterbringung geflüchteter Personen nicht in die Infrastruktur eingreifen zu 
müssen, beispielsweise durch Schließung einer Sporthalle. Durch die Umwidmung könne die Stadt jährlich etwa 
800.000 Euro einsparen, erklärte Christina Maske.
Dieser zweite Teil des Beschlusses wurde auf Initiative der CDU- und der FDP-Fraktion wegen weiteren 
Beratungsbedarfes vertagt. Der Sozialausschuss hatte im November des vergangenen Jahres die Verwaltung 
beauftragt, eine Umwidmung zu prüfen. „Wir erkennen die Argumente der Wirtschaftlichkeit und einer 
angemessenen Unterkunft an“, sagte Philipp Heks (CDU), „dem entgegen stehen deutliche Investitionskosten, die 
noch nicht klar sind.“ Als Notunterkunft könne die Buschstraße noch eine ganz Zeit weiterlaufen, hier ergebe sich 
kein zeitlicher Druck. Im Rahmen der Haushaltsberatungen im ersten Quartal 2026 könne man alle Argumente 
abwägen.
„Dem Beratungsbedarf würden wir uns gerne aus den gleichen Gründen anschließen“, sagte Johannes Peters 
(FDP), „auch wir wollen keine Schnellschüsse.“ Für Stefan Russmann (Grüne) standen die schon bald möglichen 
Einsparung im Fokus, würde man warten, verliere man Geld. Zustimmung hatte auch Karin Banck (SPD) 
signalisiert, dem Beratungsbedarf widerspreche man jedoch nicht.
CDU und FDP: Klarstellung sei überflüssig
Ablehnung Im dritten Teil des Beschlusses wurde eine einheitliche Auslegung eines Ratsbeschlusses vom 17. 
Dezember 2024 formuliert: Über die Umsetzung von Unterkünften mit bis zu 69 Personen solle die 
Entscheidungsbefugnis bei der Stadt liegen, bei einer Kapazität in einer Unterkunft ab 70 Personen soll zunächst 
der Ausschuss für Soziales, Gesundheit und Inklusion beraten, die Entscheidung dann im Rat fallen. Mit den 
Stimmen der CDU, FDP, WIN und der AfD wurde diese Klarstellung mehrheitlich abgelehnt. Der Tenor: Dies sei 
bereits eindeutig in der besagten Ratssitzung beschlossen worden.
Termin Die nächste Sitzung des Rates findet am Mittwoch, 17. Dezember, ab 18 Uhr im Nettetaler Rathaus am 
Lobbericher Doerkesplatz statt. Gäste sind willkommen.
Entscheidung zur Buschstraße vertagt Die Stadt Nettetal will die Unterkunft in Kaldenkirchen umbauen und in 
eine dauerhafte Unterbringung umwidmen, CDU und FDP ....
Link to PDF
Graphic
 
Die Stadt Nettetal will die ehemalige Hauptschule an der Kaldenkirchener Buschstraße in eine dauerhafte 
Unterkunft umwidmen. Foto: Stadt Nettetal"
2025-12,Main Corpus,2025-12(113).ZIP,"Erneut mehr als 100.000 neue Asylbewerber 2025 ist das 13. Jahr in Folge , in dem Deutschland diese.PDF","C:\PythonProjects\AfD-project\Corpora\Main Corpus\2025-12\raw_unarchive\Erneut mehr als 100.000 neue Asylbewerber 2025 ist das 13. Jahr in Folge , in dem Deutschland diese.PDF","Erneut mehr als 100.000 neue Asylbewerber 2025 ist das 13. Jahr in Folge , in dem Deutschland diese Marke",erneut mehr als 100000 neue asylbewerber 2025 ist das 13 jahr in folge  in dem deutschland diese marke,Die Welt,die welt,Donnerstag 4. Dezember 2025,Marcel Leubecher,Titel; S. 1; Ausg. 235,781,5512,1a122d450bfa74cdf20a7e7e1336df63a95bd415,,unique,keep,,no,,no,,,7675,no,,,,,"Vor allem wegen des strengeren Grenzschutzes und des Sturzes des Assad-Regimes in Syrien sind im laufenden 
Jahr bis Ende November nur halb so viele Asylbewerber nach Deutschland gekommen wie im Vorjahreszeitraum. 
Dies zeigen die am Mittwoch vorgelegten Daten des Bundesamtes für Migration und Flüchtlinge (BAMF). Dennoch 
wurden 2025 schon 106.298 Asylerstanträge gestellt.
Im November waren es 8311, schon seit dem Frühling verharren die monatlichen Anträge auf diesem Niveau mal 
sind es rund 1000 mehr, mal 1000 weniger. Um in die Nähe der von Friedrich Merz (CDU) im 
Bundestagswahlkampf formulierten Ziele zu gelangen, ist es noch ein weiter Weg: Im Januar hatte der heutige 
Kanzler angekündigt, im Falle eines Wahlsieges würden ausnahmslos alle Versuche der illegalen Einreise an den 
Grenzen verhindert. Neben diesem faktischen Einreiseverbot in die Bundesrepublik Deutschland für alle Personen 
ohne gültige Einreisedokumente versprach Merz damals, die Zahl der täglichen Abschiebungen solle künftig 
deutlich höher werden als die Zahl der täglich illegal Einreisenden .
Bis Ende Oktober wurden 2025 allerdings nur rund 20.000 Menschen abgeschoben, einige mehr als in den 
Vorjahren. Asylbewerber reisen mehrheitlich illegal aus den sicheren Nachbarländern Deutschlands ein. Inzwischen 
werden sie meistens zurückgewiesen, falls sie beim Grenzübertritt von Bundespolizisten erwischt werden. Diese 
zentrale Verschärfung des Grenzschutzes setzt Schwarz-Rot seit Mai um. Mit den nun vorgelegten November-
Zahlen des BAMF steht fest: 2025 ist das 13. Jahr infolge, in dem Deutschland mehr als 100.000 Asylbewerber 
verzeichnet. Zwischen 1998 als die Flucht aus dem zerfallenen Jugoslawien abebbte und 2012 lagen die 
Zugänge immer unter dieser Marke. Teils sogar sehr deutlich, in acht Jahren waren es weniger als 50.000 
Erstanträge, den Tiefstand markiert das Jahr 2007 mit rund 19.100.
Während in Deutschland inzwischen das aktuelle Niveau von etwas mehr als 100.000 Anträgen vor dem 
Hintergrund der Extremphase seit Mitte des vorigen Jahrzehnts von vielen Beobachtern als relativ gering 
wahrgenommen wird, sorgen solche Größenordnungen in anderen Staaten für Alarmstimmung: So treibt gerade die 

Erneut mehr als 100.000 neue Asylbewerber 2025 ist das 13. Jahr in Folge , in dem Deutschland diese Marke 
überschreitet. Trotz geringer Anerkennungsquote bleibe....
britische Labour-Regierung eine scharfe Asylreform voran, weil dort im vergangenen Jahr erstmals in der britischen 
Geschichte mehr als 100.000 Asylbewerber ankamen, 2025 schon mehr als 110.000 verzeichnet worden sind und 
die rechte Reform-Partei von Nigel Farage die Umfragen inzwischen mit rund 30 Prozent mit großem Abstand 
anführt.
In Deutschland waren laut BAMF im laufenden Jahr die Hauptherkunftsländer der Asylbewerber in dieser 
Reihenfolge: Syrien, Afghanistan, Türkei, Somalia und Irak. Die Anerkennungsquote der Asylentscheidungen lag 
insgesamt bei 27 Prozent. Sie ist vor allem deshalb deutlich gesunken, weil in den vergangenen Jahren die Syrer 
fast immer anerkannt wurden und seit dem Sturz des Assad-Regimes nur noch selten einen Schutztitel erhalten. 
Abgeschoben wurde bisher allerdings trotz aller Bemühungen noch kein Syrer, auch in die übrigen Staaten Afrikas 
und Asiens gelingt dies nur in wenigen Fällen.
Allerdings darf Deutschland laut dem seit Jahren geltenden EU-Asylsystem viele der hier ankommenden 
Asylzuwanderer seien sie aus Syrien oder der Türkei, seien sie tatsächlich geflohen oder nur angeblich wieder in 
jenen europäischen Staat zurückbringen, in dem sie erstmals in der EU registriert wurden. Dieser für Deutschland 
entscheidende Pfeiler des EU-Asylsystems wird aber nur schwach umgesetzt: Obwohl die mehr als 100.000 
Asylantragsteller 2025 überwiegend unerlaubt aus sicheren EU-Staaten nach Deutschland weiterzogen, gab es laut 
BAMF bis Ende November nur 5112 solcher sogenannter Dublin-Rücküberstellungen. Für deutlich mehr, nämlich 
33.845 Migranten, hatte Deutschland ein Übernahmeersuchen gestellt, 22.245 Mal stimmte der betreffende Staat 
zu.
Wichtige Gründe für den geringen Erfolg sind hohe Menschenrechtsstandards, nach denen deutsche Gerichte 
Abschiebungen etwa nach Griechenland oder Bulgarien untersagen. Auch nutzen viele Betroffene das Kirchenasyl, 
bis die Überstellungsfrist abgelaufen ist, oder tauchen am Tag der geplanten Abschiebung unter. Wie schwer das 
geltende Recht die Rückführungspraxis macht, zeigte erst kürzlich das Bundesverfassungsgericht. In einem vor 
zwei Wochen veröffentlichten Beschluss stellt das Gericht klar, dass Polizisten vor der Abholung eines 
Abzuschiebenden, der sich in seinem Zimmer einschließt, auch dann immer vorher einen 
Hausdurchsuchungsbeschluss beim Amtsgericht beantragen müssen, wenn sie der Auffassung sind, ihn in seinem 
Zimmer gehört zu haben.
Der Verfassungsgerichtsbeschluss bezieht sich auf den Fall eines Guineers, der 2019 nach Italien überstellt 
werden sollte. Als die Polizisten ihn in seinem Berliner Asylheim abholen wollten, schloss er seine Tür ab. Die 
Polizisten meinten, ihn durch die abgeschlossene Zimmertür gehört zu haben, und brachen ohne 
Durchsuchungsbeschluss seine Tür auf, weil sie ihrer Auffassung nach nichts suchen mussten. Und tatsächlich 
trafen sie ihn auch im Zimmer an. Der Afrikaner klagte sich durch die Instanzen, das Verwaltungsgericht gab ihm 
recht, das Oberverwaltungsgericht hob das Urteil wieder auf und schließlich sprach nun Karlsruhe das letzte Wort.
Original Gesamtseiten-PDF"
2025-12,Main Corpus,2025-12(113).ZIP,Erste Abschiebung nach Syrien seit 2011.PDF,C:\PythonProjects\AfD-project\Corpora\Main Corpus\2025-12\raw_unarchive\Erste Abschiebung nach Syrien seit 2011.PDF,Erste Abschiebung nach Syrien seit 2011,erste abschiebung nach syrien seit 2011,"taz, die tageszeitung",taz die tageszeitung,Mittwoch 24. Dezember 2025,Frederik Eikmanns,INLAND; S. 6,517,3810,53f979d5ced92b6db03761c99c854646115451d0,,unique,keep,,no,,no,,,6020,no,,,,,"Von Frederik Eikmanns
Zum ersten Mal seit Ausbruch des Syrienkriegs 2011 hat Deutschland eine Person in das verwüstete Land 
abgeschoben. Wie das Bundesinnenministerium mitteilte, wurde ein vorbestrafter 37-jähriger Mann am 
Dienstagvormittag den Behörden in Damaskus übergeben. Bundesinnenminister Alexander Dobrindt (CSU) 
erklärte: Unsere Gesellschaft hat ein berechtigtes Interesse daran, dass Straftäter unser Land verlassen. Es gehe 
um Kontrolle, Konsequenz und klare Kante. 
Fast zeitgleich mit dem Flug nach Syrien wurde laut Bundesinnenministerium eine weitere Person nach 
Afghanistan abgeschoben. In einer Pressemeldung hieß es, mit den Behörden in Afghanistan und Syrien gebe es 
nun Vereinbarungen darüber, dass Abschiebungen von Straftätern und Gefährdern künftig regelhaft stattfinden 
können . Wie genau diese aussehen, ist bislang unklar. Kontakte zu den islamistischen Taliban, die Afghanistan 
brutal beherrschen, sind hochumstritten.
Abschiebungen nach Syrien und Afghanistan waren schon länger erklärtes Ziel von Innenminister Dobrindt. 
Während die ersten Flüge nach Afghanistan bereits im Sommer stattfanden, ging es im Falle Syriens langsamer 
voran. Die demokratische Opposition im Bundestag sowie Hilfsorganisationen kritisierten die Pläne von Anfang an 
als menschenrechtswidrig und grausam.
Die politische Lage in Syrien bleibt unübersichtlich, seit Rebellen vor etwa einem Jahr den Langzeitdiktator Baschar 
al-Assad stürzten. Der neue Machthaber, Rebellenführer Ahmed al-Scharaa, gibt sich liberal. Doch in der 
Vergangenheit galt er als Anführer der dschihadistischen Al-Nusra-Front und stand auf Terrorlisten westlicher 
Regierungen.
Mit al-Scharaas Machtübernahme endete zwar der offene Krieg, und die systematische Folter- und Mordpolitik des 
Assad-Regimes fand ein Ende. Doch weiterhin erschüttern Kämpfe, Anschläge und Massaker das Land. So 
ermordeten islamistische Milizen im März 2025 hunderte alawitische Zivilist*innen in Küstenregionen. Die 
Regierungstruppen griffen nicht ein und waren teils selbst beteiligt.

Erste Abschiebung nach Syrien seit 2011
Ähnliches geschah im Sommer in Suweida, wo sunnitische Milizen mit Unterstützung der Regierung ein Massaker 
an Hunderten Drusen verübten. Auch der sogenannte Islamische Staat (IS) bleibt aktiv. Zuletzt verübte er einen 
Anschlag auf US-Truppen in Syrien, bei dem zwei Soldaten und ein Übersetzer starben.
Zudem ist die Zerstörung nach über 10 Jahren Krieg in Syrien enorm. Der deutsche Außenminister Johann 
Wadephul hatte sich bei einem Staatsbesuch im Herbst erschüttert über die Trümmerlandschaften in einem Ortsteil 
von Damaskus gezeigt und gesagt: Hier können wirklich kaum Menschen richtig würdig leben. 
Das Innenministerium rechtfertigt die Abschiebung nun mit dem Hinweis, es handle sich um Straftäter. Der am 
Dienstag abgeschobene Mann war in Nordrhein-Westfalen wegen schweren Raubes, Körperverletzung und 
Erpressung verurteilt worden. Auch die bisherigen Abschiebungen nach Afghanistan betrafen ausschließlich 
Straftäter.
Doch der Koalitionsvertrag von Union und SPD deutet an, dass es nicht dabei bleiben wird. Dort heißt es, man 
wolle beginnend mit Gefährdern und Straftätern wieder nach Syrien und Afghanistan abschieben. Langfristig 
könnten also auch unbescholtene Syrer und Afghanen betroffen sein.
Äußerungen von Bundeskanzler Friedrich Merz (CDU) lösten im Herbst große Ängste in der syrischen Community 
in Deutschland aus: Es gibt jetzt keinerlei Gründe mehr für Asyl in Deutschland und deswegen können wir auch mit 
Rückführungen beginnen . Spätestens seitdem gibt es Befürchtungen, dass Schutzzusagen für Syrer*innen bald in 
großem Umfang zurückgenommen werden könnten.
meinung+diskussion
Der Koalitionsvertrag von Union und SPD deutet an, dass es nicht bei einer Abschiebung bleibt"
2025-12,Main Corpus,2025-12(113).ZIP,Erste Flüchtlinge sind eingezogen Ältere Menschen aus der Ukraine sind in das Erdgeschoss des früher(2).PDF,C:\PythonProjects\AfD-project\Corpora\Main Corpus\2025-12\raw_unarchive\Erste Flüchtlinge sind eingezogen Ältere Menschen aus der Ukraine sind in das Erdgeschoss des früher(2).PDF,Erste Flüchtlinge sind eingezogen; Ältere Menschen aus der Ukraine sind in das Erdgeschoss des früheren,erste flüchtlinge sind eingezogen ältere menschen aus der ukraine sind in das erdgeschoss des früheren,Rheinische Post,rheinische post,Donnerstag 11. Dezember 2025,Funke Foto Services GmbH,S. 25,900,6274,8707da9ea9a9418faf0380ea527975b26a4ed00d,exact_009,duplicate_exact,review,,no,,no,,,7591,no,,exact_009,,,"Voerde (P.K.) Es ist still auf dem langen Flur im Erdgeschoss des früheren Seniorenzentrums „Altes Rathaus“ in 
Voerde. Fast ein Jahr ist es nun schon her, dass die Pflegeeinrichtung ein Haus weitergezogen ist – in den 
benachbarten Neubau, der ob der räumlichen Nähe zum Haus Voerde den Namenszusatz „Am Wasserschloss“ 
trägt. Vor Kurzem nun ist in das alte Gebäude wieder Leben eingekehrt. Offenbar unbemerkt. Magnus Winkler und 
sein Kollege Kai Thiemrodt von der Flüchtlingshilfe des Caritasverbandes Dinslaken-Wesel berichten von 
Nachbarn, die dort in den vergangenen Tagen vorbeigeschaut haben. Sie hätten sich erkundigt, ob denn schon 
Menschen in dem Gebäude wohnen.
Die Caritas betreut in Voerde die Flüchtlinge, die in den städtischen Unterkünften leben. Dazu gehört seit dem 24. 
November nunmehr auch das Awo-Seniorenzentrum „Altes Rathaus“. Eigentümerin ist die Wohnbau Dinslaken. 
Das Unternehmen hat das Gebäude an die Stadt vermietet. Für die Dauer von drei Jahren kann die Kommune das 
frühere Seniorenheim nutzen. Sechs ältere Flüchtlinge aus der Ukraine sind dort Ende November eingezogen. Als 
Nächstes folgen vier weitere, die aus ihrer Heimat vor dem Angriffskrieg Russlands geflohen sind. Sobald ihr 
Krankenhaus- beziehungsweise Reha-Aufenthalt beendet ist, ziehen sie in eines der noch freien Zimmer im 
Erdgeschoss der ehemaligen Pflegeeinrichtung ein.
Gerade öffnet ein älterer Herr die Haupteingangstür. Ein kurzer Gruß beim Vorbeigehen, dann klopft er an eine der 
Zimmertüren. Auf allen klebt nun ein Zettel mit einer Nummer darauf. Der Bewohner war einkaufen und hat seiner 
Nachbarin etwas mitgebracht. Vorher hat der Mann in einer von der Stadt angemieteten Wohnung gelebt – als Teil 
einer Fünfer-WG. Bis auf einen von ihnen ist nun die komplette Wohngemeinschaft in die neue Unterkunft an der 
Frankfurter Straße umgezogen – darunter ein Paar, wie Kai Thiemrodt berichtet.

Erste Flüchtlinge sind eingezogen; Ältere Menschen aus der Ukraine sind in das Erdgeschoss des früheren 
Seniorenzentrums „Altes Rathaus“ in Voerde gezogen. Ihre....
In einem ersten Schritt werden die Zimmer im Erdgeschoss des früheren Seniorenzentrums „Altes Rathaus“ belegt. 
Weil die Zimmer ohne Hürden erreichbar und die Bäder auf dem Flur – zwei Zimmer teilen sich einen 
Sanitärbereich – barrierefrei sind, ist die Nutzung dieser Etage für mobilitätseingeschränkte Menschen wie 
geschaffen. Die Räumlichkeiten dort seien gerade für diese Personengruppe geeignet, hatte Michael van Meerbeck 
kurz vor der Inbetriebnahme des Gebäudes als neue Flüchtlingsunterkunft erklärt.
Wenige Tage später gewähren der Caritasdirektor und seine beiden Mitarbeiter der Redaktion einen Blick in ein 
nicht belegtes Zimmer im Erd- und im Obergeschoss, in den großzügigen Speisesaal und in die einstige Küche des 
früheren Seniorenheims. Die Menschen, die in der Unterkunft leben, versorgen sich selbst. „Sie sind völlig 
selbstständig“, erklärt Michael van Meerbeck. Die riesigen Gerätschaften der ausgedienten Altenheim-Großküche 
sind längst außer Betrieb gesetzt. Die Flüchtlinge können in der Gemeinschaftsküche einen der Einzelherde 
benutzen, von denen mehrere aufgestellt wurden. Darüber hinaus stehen Waschmaschinen und Trockner zur 
Verfügung.
Im Speisesaal können die Menschen gemeinsam ihre Mahlzeiten einnehmen, sich treffen, miteinander reden. Von 
dort und von den Zimmern im Erdgeschoss aus gelangen sie in den Garten, der durch einen neu gesetzten Zaun 
vom benachbarten Außenbereich der Altenwohnungen abgetrennt ist. Direkt davor wurden Hecken gepflanzt, die 
später, wenn sie höher und dichter gewachsen sind, einen Sichtschutz bieten sollen.
Genutzt werden für die Flüchtlingsunterkunft die 47 Doppelzimmer des ehemaligen Awo-Seniorenzentrums „Altes 
Rathaus“. Bis zu 94 Menschen können bei der Nutzung der Räume durch je zwei Geflüchtete in den Wohnräumen 
untergebracht werden. „Bei der Belegung haben wir Zeit. Es gibt keinen Druck“, sagt der Caritasdirektor mit 
Hinweis auf die aktuelle Flüchtlingssituation. Im Moment sind die Zuweisungszahlen nicht hoch.
Sind die Zimmer im Erdgeschoss belegt und besteht der Bedarf, gehen die Räume in der ersten Etage mit in die 
Nutzung. „Wenn mehr Menschen kommen, machen wir oben auf“, sagt Michael van Meerbeck. Über Treppen geht 
es in das erste Obergeschoss. Kai Thiemrodt schließt die Tür zu einem Zimmer auf, das sich aufgrund einer 
Verbindungstür zum Nebenraum dafür eignen würde, dort eine Familie mit Kindern unterzubringen. In einem 
Vorraum, von dem aus man auch die Tür zum Bad öffnet, befindet sich eine Kochmöglichkeit.
Ob in das frühere Seniorenzentrum auch Menschen mit anderer Staatsangehörigkeit als der ukrainischen einziehen 
werden, entscheide sich „situativ“, sagt Kai Thiemrodt. Caritasdirektor Michael van Meerbeck fügt hinzu, dass es 
zurzeit aber nicht danach aussehe. In der ersten Zeit wird Magnus Winkler jeden Tag in der Unterkunft 
vorbeischauen.
Für den Standort gibt es viel Lob: „Direkt nebenan befindet sich eine Apotheke“, erklärt Winkler. Und ebenfalls nur 
wenige Meter vom Gebäude entfernt liegt die Bushaltestelle. Nicht zu vergessen sind die öffentliche Grünanlage 
hinter dem Neubau des Awo-Seniorenzentrums und der Park am Wasserschloss Haus Voerde.
Demnächst sollen die Fensterfronten im Erdgeschoss der Flüchtlingsunterkunft „Altes Rathaus“ bis zu einer 
gewissen Höhe abgeklebt werden, um so ein wenig mehr Privatsphäre zu schaffen. Die Menschen, die nun hier 
leben, seien sehr dankbar. Für sie ist der Umzug mit einer Verbesserung verbunden, sagt Kai Thiemrodt. „Sie 
haben hier genügend Platz für sich.“
Erste Flüchtlinge sind eingezogen; Ältere Menschen aus der Ukraine sind in das Erdgeschoss des früheren 
Seniorenzentrums „Altes Rathaus“ in Voerde gezogen. Ihre....

Erste Flüchtlinge sind eingezogen; Ältere Menschen aus der Ukraine sind in das Erdgeschoss des früheren 
Seniorenzentrums „Altes Rathaus“ in Voerde gezogen. Ihre....
Link to PDF
Graphic
 
Caritasdirektor Michael van Meerbeck, Magnus Winkler und Kai Thiemrodt (v.r.) in einem der Doppelzimmer im 
Erdgeschoss. Foto: Petra Kessler
Ein Blick von oben auf den langgezogenen Gebäudeteil im früheren Awo-Seniorenzentrum, in dem jetzt die ersten 
Flüchtlinge untergebracht sind. Foto: Petra Kessler"
2025-12,Main Corpus,2025-12(113).ZIP,Erste Flüchtlinge sind eingezogen Ältere Menschen aus der Ukraine sind in das Erdgeschoss des früher.PDF,C:\PythonProjects\AfD-project\Corpora\Main Corpus\2025-12\raw_unarchive\Erste Flüchtlinge sind eingezogen Ältere Menschen aus der Ukraine sind in das Erdgeschoss des früher.PDF,Erste Flüchtlinge sind eingezogen; Ältere Menschen aus der Ukraine sind in das Erdgeschoss des früheren,erste flüchtlinge sind eingezogen ältere menschen aus der ukraine sind in das erdgeschoss des früheren,Rheinische Post,rheinische post,Donnerstag 11. Dezember 2025,Funke Foto Services GmbH,S. 24,900,6274,8707da9ea9a9418faf0380ea527975b26a4ed00d,exact_009,duplicate_exact,review,,no,,no,,,7594,no,,exact_009,,,"Voerde (P.K.) Es ist still auf dem langen Flur im Erdgeschoss des früheren Seniorenzentrums „Altes Rathaus“ in 
Voerde. Fast ein Jahr ist es nun schon her, dass die Pflegeeinrichtung ein Haus weitergezogen ist – in den 
benachbarten Neubau, der ob der räumlichen Nähe zum Haus Voerde den Namenszusatz „Am Wasserschloss“ 
trägt. Vor Kurzem nun ist in das alte Gebäude wieder Leben eingekehrt. Offenbar unbemerkt. Magnus Winkler und 
sein Kollege Kai Thiemrodt von der Flüchtlingshilfe des Caritasverbandes Dinslaken-Wesel berichten von 
Nachbarn, die dort in den vergangenen Tagen vorbeigeschaut haben. Sie hätten sich erkundigt, ob denn schon 
Menschen in dem Gebäude wohnen.
Die Caritas betreut in Voerde die Flüchtlinge, die in den städtischen Unterkünften leben. Dazu gehört seit dem 24. 
November nunmehr auch das Awo-Seniorenzentrum „Altes Rathaus“. Eigentümerin ist die Wohnbau Dinslaken. 
Das Unternehmen hat das Gebäude an die Stadt vermietet. Für die Dauer von drei Jahren kann die Kommune das 
frühere Seniorenheim nutzen. Sechs ältere Flüchtlinge aus der Ukraine sind dort Ende November eingezogen. Als 
Nächstes folgen vier weitere, die aus ihrer Heimat vor dem Angriffskrieg Russlands geflohen sind. Sobald ihr 
Krankenhaus- beziehungsweise Reha-Aufenthalt beendet ist, ziehen sie in eines der noch freien Zimmer im 
Erdgeschoss der ehemaligen Pflegeeinrichtung ein.
Gerade öffnet ein älterer Herr die Haupteingangstür. Ein kurzer Gruß beim Vorbeigehen, dann klopft er an eine der 
Zimmertüren. Auf allen klebt nun ein Zettel mit einer Nummer darauf. Der Bewohner war einkaufen und hat seiner 
Nachbarin etwas mitgebracht. Vorher hat der Mann in einer von der Stadt angemieteten Wohnung gelebt – als Teil 
einer Fünfer-WG. Bis auf einen von ihnen ist nun die komplette Wohngemeinschaft in die neue Unterkunft an der 
Frankfurter Straße umgezogen – darunter ein Paar, wie Kai Thiemrodt berichtet.

Erste Flüchtlinge sind eingezogen; Ältere Menschen aus der Ukraine sind in das Erdgeschoss des früheren 
Seniorenzentrums „Altes Rathaus“ in Voerde gezogen. Ihre....
In einem ersten Schritt werden die Zimmer im Erdgeschoss des früheren Seniorenzentrums „Altes Rathaus“ belegt. 
Weil die Zimmer ohne Hürden erreichbar und die Bäder auf dem Flur – zwei Zimmer teilen sich einen 
Sanitärbereich – barrierefrei sind, ist die Nutzung dieser Etage für mobilitätseingeschränkte Menschen wie 
geschaffen. Die Räumlichkeiten dort seien gerade für diese Personengruppe geeignet, hatte Michael van Meerbeck 
kurz vor der Inbetriebnahme des Gebäudes als neue Flüchtlingsunterkunft erklärt.
Wenige Tage später gewähren der Caritasdirektor und seine beiden Mitarbeiter der Redaktion einen Blick in ein 
nicht belegtes Zimmer im Erd- und im Obergeschoss, in den großzügigen Speisesaal und in die einstige Küche des 
früheren Seniorenheims. Die Menschen, die in der Unterkunft leben, versorgen sich selbst. „Sie sind völlig 
selbstständig“, erklärt Michael van Meerbeck. Die riesigen Gerätschaften der ausgedienten Altenheim-Großküche 
sind längst außer Betrieb gesetzt. Die Flüchtlinge können in der Gemeinschaftsküche einen der Einzelherde 
benutzen, von denen mehrere aufgestellt wurden. Darüber hinaus stehen Waschmaschinen und Trockner zur 
Verfügung.
Im Speisesaal können die Menschen gemeinsam ihre Mahlzeiten einnehmen, sich treffen, miteinander reden. Von 
dort und von den Zimmern im Erdgeschoss aus gelangen sie in den Garten, der durch einen neu gesetzten Zaun 
vom benachbarten Außenbereich der Altenwohnungen abgetrennt ist. Direkt davor wurden Hecken gepflanzt, die 
später, wenn sie höher und dichter gewachsen sind, einen Sichtschutz bieten sollen.
Genutzt werden für die Flüchtlingsunterkunft die 47 Doppelzimmer des ehemaligen Awo-Seniorenzentrums „Altes 
Rathaus“. Bis zu 94 Menschen können bei der Nutzung der Räume durch je zwei Geflüchtete in den Wohnräumen 
untergebracht werden. „Bei der Belegung haben wir Zeit. Es gibt keinen Druck“, sagt der Caritasdirektor mit 
Hinweis auf die aktuelle Flüchtlingssituation. Im Moment sind die Zuweisungszahlen nicht hoch.
Sind die Zimmer im Erdgeschoss belegt und besteht der Bedarf, gehen die Räume in der ersten Etage mit in die 
Nutzung. „Wenn mehr Menschen kommen, machen wir oben auf“, sagt Michael van Meerbeck. Über Treppen geht 
es in das erste Obergeschoss. Kai Thiemrodt schließt die Tür zu einem Zimmer auf, das sich aufgrund einer 
Verbindungstür zum Nebenraum dafür eignen würde, dort eine Familie mit Kindern unterzubringen. In einem 
Vorraum, von dem aus man auch die Tür zum Bad öffnet, befindet sich eine Kochmöglichkeit.
Ob in das frühere Seniorenzentrum auch Menschen mit anderer Staatsangehörigkeit als der ukrainischen einziehen 
werden, entscheide sich „situativ“, sagt Kai Thiemrodt. Caritasdirektor Michael van Meerbeck fügt hinzu, dass es 
zurzeit aber nicht danach aussehe. In der ersten Zeit wird Magnus Winkler jeden Tag in der Unterkunft 
vorbeischauen.
Für den Standort gibt es viel Lob: „Direkt nebenan befindet sich eine Apotheke“, erklärt Winkler. Und ebenfalls nur 
wenige Meter vom Gebäude entfernt liegt die Bushaltestelle. Nicht zu vergessen sind die öffentliche Grünanlage 
hinter dem Neubau des Awo-Seniorenzentrums und der Park am Wasserschloss Haus Voerde.
Demnächst sollen die Fensterfronten im Erdgeschoss der Flüchtlingsunterkunft „Altes Rathaus“ bis zu einer 
gewissen Höhe abgeklebt werden, um so ein wenig mehr Privatsphäre zu schaffen. Die Menschen, die nun hier 
leben, seien sehr dankbar. Für sie ist der Umzug mit einer Verbesserung verbunden, sagt Kai Thiemrodt. „Sie 
haben hier genügend Platz für sich.“
Erste Flüchtlinge sind eingezogen; Ältere Menschen aus der Ukraine sind in das Erdgeschoss des früheren 
Seniorenzentrums „Altes Rathaus“ in Voerde gezogen. Ihre....

Erste Flüchtlinge sind eingezogen; Ältere Menschen aus der Ukraine sind in das Erdgeschoss des früheren 
Seniorenzentrums „Altes Rathaus“ in Voerde gezogen. Ihre....
Link to PDF
Graphic
 
Caritasdirektor Michael van Meerbeck, Magnus Winkler und Kai Thiemrodt (v.r.) in einem der Doppelzimmer im 
Erdgeschoss. Foto: Petra Kessler
Ein Blick von oben auf den langgezogenen Gebäudeteil im früheren Awo-Seniorenzentrum, in dem jetzt die ersten 
Flüchtlinge untergebracht sind. Foto: Petra Kessler"
2025-12,Main Corpus,2025-12(113).ZIP,Faesers Flüchtlingsfiasko und die Folgen.PDF,C:\PythonProjects\AfD-project\Corpora\Main Corpus\2025-12\raw_unarchive\Faesers Flüchtlingsfiasko und die Folgen.PDF,Faesers Flüchtlingsfiasko und die Folgen,faesers flüchtlingsfiasko und die folgen,Berliner Zeitung,berliner zeitung,23. Dezember 2025,Boban Dukic,MEINUNG; Afghanistan; S. 18,638,4916,7cc4326ec35fafa0eddb2856e57c5440874f9aa3,,unique,drop,commentary_noncore,no,,no,,,6630,yes,commentary_noncore,,,,"Es ist ein spätes, fast erzwungenes Einlenken in einer Angelegenheit, die längst zu einer schandhaften Belastung 
für die deutsche Außen- und Innenpolitik geworden ist. Noch vor Jahresende will die Bundesregierung 535 
Afghanen aus Pakistan nach Deutschland holen. Es sind Menschen, denen schon vor Jahren Schutz zugesagt 
wurde, Menschen, die in der Schwebe eines Wartens gefangen waren, das ihre Existenzen aufzehrte.
Bundesinnenminister Alexander Dobrindt (CSU) sprach gegenüber dem Redaktionsnetzwerk Deutschland davon, 
die Aufnahme so weit wie möglich im Dezember abschließen zu wollen. Ein Ultimatum der pakistanischen 
Regierung, die mit weiteren Abschiebungen in das von den Taliban beherrschte Afghanistan droht, hat den Druck 
auf Berlin entscheidend erhöht.
Was auf den ersten Blick wie ein humanitärer Akt kurz vor den Feiertagen erscheint, ist bei genauerer Betrachtung 
das unrühmliche Finale eines politischen Dramas, das vor allem die schweren Versäumnisse der 
Vorgängerregierung unter Kanzler Olaf Scholz (SPD) und die widersprüchliche Haltung der neuen Koalition 
offenlegt. Es geht um die Altlasten einer Flüchtlingspolitik, die Versprechen in einer Zeit machte, als die 
innenpolitische Stimmung längst gekippt war, und deren Umsetzung zunehmend unrealistisch erschien.
Nach der Machtübernahme der Taliban in Kabul im August 2021 hatte Deutschland besondere Aufnahmeverfahren 
für gefährdete Afghanen aufgelegt. Neben den Ortskräften, die Bundeswehr und deutsche Organisationen 
unterstützt hatten, sollten auch Menschenrechtler, Journalisten, Richter und Frauenrechtsaktivisten Schutz finden. 
Tausende verließen sich auf diese Zusagen. Sie verkauften ihr Hab und Gut, tauchten unter und flohen ins 
benachbarte Pakistan, um von dort die Weiterreise nach Deutschland zu organisieren.
Viele von ihnen erhielten ihre Aufnahmezusage nach langen Prüfverfahren über das Flüchtlingshilfswerk der 
Vereinten Nationen (UNHCR). Interviews wurden geführt, biometrische Daten erfasst und medizinische 
Untersuchungen abgeschlossen, doch die versprochene Ausreise nach Deutschland blieb aus. Das System 
basierte maßgeblich auf Zusagen der damaligen Ampel-Regierung und der Innenministerin Nancy Faeser (SPD), 
die dem UNHCR im Rahmen des Resettlement-Programms 13.100 Plätze für die Jahre 2024 und 2025 zugesagt 
hatte. Doch im April 2025 zog die neue Bundesregierung die Notbremse und setzte das Programm vorübergehend 
aus.

Faesers Flüchtlingsfiasko und die Folgen
Diese Diskrepanz zwischen öffentlichem Versprechen und administrativem Stillstand verschärfte das Leid der 
Betroffenen und untergrub die internationale Glaubwürdigkeit Deutschlands.
Die neue Bundesregierung unter Kanzler Friedrich Merz (CDU) hat dieses Erbe nun anzutreten. Ihr Umgang damit 
ist jedoch von Ambivalenz geprägt. Während Minister Dobrindt die Einreise der verbleibenden 460 Personen aus 
dem Bundesaufnahmeprogramm sowie von 75 Ortskräften forciert, wurde erst vergangene Woche, wie das 
Bundesinnenministerium bestätigte, rund 640 anderen Afghanen eine endgültige Absage erteilt. Die Begründung 
des Ministeriums lautete: Es liege kein politisches Interesse zur Aufnahme mehr vor .
Die Debatte um diese vergleichsweise kleine Gruppe von Flüchtlingen wirkt dabei besonders zynisch, wenn man 
sie in den Gesamtkontext der deutschen Migrationslage stellt. Laut aktuellen Zahlen des Bundesinnenministeriums 
sind rund 225.500 Menschen in Deutschland ausreisepflichtig. Davon besitzen zwar mehr als 180.000 eine 
Duldung, weil ihre Abschiebung aus rechtlichen oder tatsächlichen Gründen schwierig ist. Es verbleiben jedoch, so 
die Statistik, etwa 41.500 Personen, die das Land umgehend verlassen müssten. Hinzu kommen Hunderte 
bekannte islamistische Gefährder, deren Anwesenheit von den Sicherheitsbehörden registriert ist.
Vor diesem Hintergrund erscheint die Abwägung, geprüfte und als schutzbedürftig eingestufte 
Menschenrechtsaktivisten abzuweisen, geradezu absurd. Hier handelt es sich nicht um unbekannte Migranten, 
sondern um Personen, deren Identität geklärt ist, die für westliche Werte eingetreten sind und deren Integration als 
realistisch eingeschätzt werden kann. Ihnen den Schutz zu verwehren, während ausreisepflichtige Straftäter und 
Gefährder im Land bleiben, offenbart eine fundamentale Schieflage in der Steuerung der deutschen 
Migrationspolitik.
Die Aufnahme von einigen hundert verbliebenen Afghanen, die sich auf deutsche Zusagen verlassen haben, würde 
die Migrationsprobleme der Bundesrepublik nicht verschärfen. Es wäre vielmehr die Einlösung einer moralischen 
und politisch-rechtlichen Verpflichtung, auf die sich eine unverantwortliche Vorgängerregierung eingelassen hat. 
Die Bundesregierung steht daher vor der Aufgabe, die Fehler der Vergangenheit zu korrigieren. Nancy Faesers 
Innenministerium hätte diese Zusagen nicht treffen dürfen. Ebenso wenig darf Alexander Dobrindt sie stoppen."
2025-12,Main Corpus,2025-12(113).ZIP,Feuer in der Flüchtlingsunterkunft an der Seibelstraße in Mettmann.PDF,C:\PythonProjects\AfD-project\Corpora\Main Corpus\2025-12\raw_unarchive\Feuer in der Flüchtlingsunterkunft an der Seibelstraße in Mettmann.PDF,Feuer in der Flüchtlingsunterkunft an der Seibelstraße in Mettmann,feuer in der flüchtlingsunterkunft an der seibelstrasse in mettmann,Rheinische Post,rheinische post,Donnerstag 11. Dezember 2025,Dirk Neubauer,S. 28,426,3114,8285df500ab09056218b9e14641c36d4644d09d0,variant_001,regional_variant,review,,no,,no,,,4092,no,,,near_001,variant_001,"Mettmann (dne) Feuer in der Flüchtlingsunterkunft an der Seibelstraße in Mettmann: Am Mittwochmorgen gegen 1 
Uhr schlug die Brandmeldeanlage an. Kein Fehlalarm dieses Mal: Aus dem Waschkeller wallte starker Rauch durch 
das gesamte Gebäude. Während draußen Feuerwehr und Polizei vorfuhren, mussten rund 100 Bewohner, teils in 
Schlafanzug und Badeschlappen hastig das Gebäude verlassen. Die Rheinbahn stellte vom benachbarten Depot 
Busse zur Verfügung, in denen die Menschen erst einmal Schutz suchen konnten.
Den Brand selbst hatte die Feuerwehr rasch unter Kontrolle – schreibt die Polizei in ihrer Einsatzmeldung. 
Allerdings habe das Feuer die Brandmeldeanlage des Gebäudes beschädigt. Deshalb konnten die Bewohner nicht 
nach Ende der Löscharbeiten in ihre Zimmer zurückkehren. Nach Auskunft des Bürgermeisters André Bär wurden 
sie in der städtischen Unterkunft am Heimsang untergebracht. „Bei allem Übel und all dem Geschehen in der Nacht 
hat die Mettmanner Verwaltung sehr rasch reagiert, um die Bewohner der Seibelstraße anderswo unterzubringen“, 
resümierte Bär.
Zur Brandursache ermittelte der Kriminaltechnische Dienst. Die Flüchtlingsunterkunft selbst ist versiegelt. Die 
Polizei geht nach ersten Ermittlungen davon aus, dass der Brand im Wäschekeller vorsätzlich gelegt wurde. 
Hinweise auf eine politisch motivierte Straftat oder gar auf einen Täter hätten sich bei den bisherigen Ermittlungen 
jedoch nicht ergeben – heißt es in einer Mitteilung. Intern wird die Wahrscheinlichkeit als hoch eingeschätzt, dass 
der oder die Brandstifter aus dem Haus selbst kommen, ist zu hören.
Aber natürlich muss auch extern nach Zeugen gesucht werden, trotz der nächtlichen Stunde und der abgelegenen 
Lage der Unterkunft. Deshalb fragt die Polizei: Wer hat am frühen Mittwochmorgen am genannten Ort Verdächtiges 
beobachtet oder kann sonstige Angaben zu dem Brand machen? Zeugenhinweise nimmt die Polizei Mettmann 
unter 02104 9826250 jederzeit entgegen.
Unklar war am Mittwochmorgen, wie rasch die Unterkunft an der Seibelstraße wieder von der Stadt genutzt werden 
kann. Das Gebäude ist angemietet. Reparaturarbeiten müssen zwischen Vermieter und Stadt miteinander 
besprochen werden. Außerdem muss der tatsächliche Schaden an der Brandmeldeanlage genau analysiert und 

Feuer in der Flüchtlingsunterkunft an der Seibelstraße in Mettmann
repariert werden. Und auch die von den Flammen unmittelbar betroffenen Areale müssen wieder hergerichtet 
werden.
Zuletzt im Oktober hatte die Verwaltung in einer schriftlichen Stellungnahme für den Rat zugegeben, dass die 
Unterkunft an der Seibelstraße überbelegt ist. Dort sind junge Männer aus verschiedenen Nationen untergebracht. 
In Verbindung mit Drogen ergäbe das eine „komplizierte Gemengelage“ Verstärkt werde das mitunter schwierige 
Miteinander durch die Enge, die von der Verwaltung „Stressbelegung“ genannt wird. Drei bis vier Männer müssten 
sich einen engen Raum miteinander teilen und miteinander klarkommen.
Link to PDF
Graphic
 
Nach dem Brand in der Flüchtlingsunterkunft Seibelstraße sind äußerlich keine Spuren erkennbar. Foto: Stephan 
Köhlen"
2025-12,Main Corpus,2025-12(113).ZIP,Feuer in der Flüchtlingsunterkunft Seibelstraße Teilweise standen sie in Badeschlappen auf der Straß.PDF,C:\PythonProjects\AfD-project\Corpora\Main Corpus\2025-12\raw_unarchive\Feuer in der Flüchtlingsunterkunft Seibelstraße Teilweise standen sie in Badeschlappen auf der Straß.PDF,Feuer in der Flüchtlingsunterkunft Seibelstraße Teilweise standen sie in Badeschlappen auf der Straße und,feuer in der flüchtlingsunterkunft seibelstrasse teilweise standen sie in badeschlappen auf der strasse und,Rheinische Post,rheinische post,Donnerstag 11. Dezember 2025,Dirk Neubauer,S. 25,448,3248,e2ca962771bc83d2de9a1a8aca501b1ad0763755,variant_001,regional_variant,review,,no,,no,,,4649,no,,,near_001,variant_001,"Mettmann (dne) Feuer in der Flüchtlingsunterkunft an der Seibelstraße in Mettmann: Am Mittwochmorgen gegen 1 
Uhr schlug die Brandmeldeanlage an. Kein Fehlalarm dieses Mal: Aus dem Waschkeller wallte starker Rauch durch 
das gesamte Gebäude. Während draußen Feuerwehr und Polizei vorfuhren, mussten die Bewohner, teils in 
Schlafanzug und Badeschlappen hastig das Gebäude verlassen. Noch im Oktober hatte die Stadt ihre Zahl mit 96 
angegeben, gestern wurde von 56 Bewohnern gesprochen. Die Rheinbahn stellte vom benachbarten Depot Busse 
zur Verfügung, in denen die Menschen Zuflucht fanden.
Den Brand selbst hatte die Feuerwehr rasch unter Kontrolle – schreibt die Polizei in ihrer Einsatzmeldung. 
Allerdings habe das Feuer die Brandmeldeanlage des Gebäudes beschädigt. Deshalb konnten die Bewohner nicht 
nach Ende der Löscharbeiten in ihre Zimmer zurückkehren. Nach Auskunft des Bürgermeisters André Bär wurden 
sie in der städtischen Unterkunft am Heimsang untergebracht. „Bei allem Übel und all dem Geschehen in der Nacht 
hat die Mettmanner Verwaltung sehr rasch reagiert, um die Bewohner der Seibelstraße anderswo unterzubringen“, 
resümierte Bär.
Zur Brandursache ermittelte der Kriminaltechnische Dienst. Die Flüchtlingsunterkunft selbst ist versiegelt. Die 
Polizei geht nach ersten Ermittlungen davon aus, dass der Brand im Wäschekeller vorsätzlich gelegt wurde. 
Hinweise auf eine politisch motivierte Straftat oder gar auf einen Täter hätten sich bei den bisherigen Ermittlungen 
jedoch nicht ergeben – heißt es in einer Mitteilung. Intern wird die Wahrscheinlichkeit als hoch eingeschätzt, dass 
der oder die Brandstifter aus dem Haus selbst kommen, ist zu hören.

Feuer in der Flüchtlingsunterkunft Seibelstraße Teilweise standen sie in Badeschlappen auf der Straße und 
sahen zu, wie die Feuerwehr den Brand im Wäschekeller ....
Aber natürlich muss auch extern nach Zeugen gesucht werden, trotz der nächtlichen Stunde und der abgelegenen 
Lage der Unterkunft. Deshalb fragt die Polizei: Wer hat am frühen Mittwochmorgen am genannten Ort Verdächtiges 
beobachtet oder kann sonstige Angaben zu dem Brand machen? Zeugenhinweise nimmt die Polizei Mettmann 
unter 02104 9826250 jederzeit entgegen.
Unklar war am Mittwochmorgen, wie rasch die Unterkunft an der Seibelstraße wieder von der Stadt genutzt werden 
kann. Das Gebäude ist angemietet. Reparaturarbeiten müssen zwischen Vermieter und Stadt miteinander 
besprochen werden. Außerdem muss der tatsächliche Schaden an der Brandmeldeanlage genau analysiert und 
repariert werden. Und auch die von den Flammen unmittelbar betroffenen Areale müssen wieder hergerichtet 
werden.
Zuletzt im Oktober hatte die Verwaltung in einer schriftlichen Stellungnahme für den Rat zugegeben, dass die 
Unterkunft an der Seibelstraße überbelegt ist. Dort sind junge Männer aus verschiedenen Nationen untergebracht. 
In Verbindung mit Drogen ergäbe das eine „komplizierte Gemengelage“ Verstärkt werde das mitunter schwierige 
Miteinander durch die Enge, die von der Verwaltung „Stressbelegung“ genannt wird. Drei bis vier Männer müssten 
sich einen engen Raum miteinander teilen und miteinander klarkommen.
Link to PDF
Graphic
 
Äußerlich sind keine Spuren des Brandes erkennbar. Foto: Stephan Köhlen"
2025-12,Main Corpus,2025-12(113).ZIP,Fünf Mobilheime als Reserve Flüchtlinge Wardenburg schafft zusätzliche Unterkünfte an(2).PDF,C:\PythonProjects\AfD-project\Corpora\Main Corpus\2025-12\raw_unarchive\Fünf Mobilheime als Reserve Flüchtlinge Wardenburg schafft zusätzliche Unterkünfte an(2).PDF,Fünf Mobilheime als Reserve Flüchtlinge Wardenburg schafft zusätzliche Unterkünfte an,fünf mobilheime als reserve flüchtlinge wardenburg schafft zusätzliche unterkünfte an,Nordwest-Zeitung,nordwestzeitung,29. Dezember 2025,,AMMERLAND UMBAU; S. 15,348,2641,8013389e7d2e2f80057d62c9ec9102fb16df2788,variant_002,regional_variant,review,,no,,no,,,3761,no,,,near_002,variant_002,"Wardenburg/MAB - Für den Kauf von fünf Mobilheimen zur Unterbringung von Flüchtlingen hat der Wardenburger 
Gemeinderat außerplanmäßige Mittel bereitgestellt. Der Beschluss fiel in der Dezember-Sitzung. Erst im November 
war der Ausschuss für Jugend und Soziales von der Verwaltung über die angespannte Situation bei der 
Flüchtlingsunterbringung unterrichtet worden.
Wie berichtet, wird der Landkreis Oldenburg die Notunterkunft in Hude schließen und die Gemeinden zur Abnahme 
der dort untergebrachten Flüchtlinge verpflichten. Zudem verteilt das Land Niedersachsen aufgrund einer 
Unterquote bei der Aufnahme von ukrainischen Flüchtlingen verstärkt in den Landkreis Oldenburg und somit auch 
in die Gemeinde Wardenburg.
Kosten: 70.000 Euro
In der Sitzung des Verwaltungsausschusses am 26. November informierte die Verwaltung über die kurzfristig 
aufgetretene Möglichkeit, dem Landkreis Vechta fünf Mobilheime abzukaufen. In weiteren Gesprächen mit dem 
Kreis Vechta stellte sich dann aber heraus, dass die Abnahme der Mobilheime und die Zahlung des Kaufpreises 
verpflichtend im Jahr 2025 erfolgen muss. Die Kosten inklusive Transport- und Anschlusskosten sowie eines 
Waschmaschinen-Containers: 70.000 Euro, die nun noch mit Mitteln aus dem Haushalt 2025 gedeckt werden 
können.
Um zu vermeiden, dass gemeindeeigene Liegenschaften wie Dorfgemeinschaftshäuser oder Turnhallen als 
Flüchtlingsunterkünfte genutzt werden müssen, hat der Gemeinderat den Ankauf von Mobilheimen bewilligt. Nach 

Fünf Mobilheime als Reserve Flüchtlinge Wardenburg schafft zusätzliche Unterkünfte an
Auskunft von Bürgermeister Christoph Reents dienen die Mobilheime als Pufferkapazität , falls auf dem freien 
Wohnungsmarkt nicht ausreichend Unterkünfte gefunden werden. Ausgeliefert werden die Wohncontainer 
voraussichtlich im ersten Quartal 2026. Reents: Abgestellt werden sie auf dem Feuerwehr-Übungsplatz an der 
Weserstraße in Wardenburg. 
Dezentral bleibt das Ziel
Nach wie vor, so Reents, sei es das Ziel der Gemeinde, Flüchtlinge dezentral unterzubringen. Mieter, die 
Wohnungen oder Häuser zur Verfügung stellen wollen, könnten sich gerne an das Sozialamt der 
Gemeindeverwaltung wenden.
Die Gemeinde Wardenburg hat bislang insgesamt 38 Unterkünfte angemietet. Hierbei handelt es sich um fünf 
Sammelunterkünfte zur Unterbringung von insgesamt 86 Einzelpersonen sowie 33 Wohnungen für Familien. 
Zusätzlich stellt die Gemeinde Wardenburg eine eigene Liegenschaft mit drei Wohneinheiten für Familien zur 
Verfügung. Bis zum 31. März 2026 muss die Gemeinde 84 weitere Flüchtlinge aufnehmen. Sechs wurden bereits 
zugewiesen.
PDF-Datei dieses Dokuments"
2025-12,Main Corpus,2025-12(113).ZIP,Fünf Mobilheime als Reserve Flüchtlinge Wardenburg schafft zusätzliche Unterkünfte an(3).PDF,C:\PythonProjects\AfD-project\Corpora\Main Corpus\2025-12\raw_unarchive\Fünf Mobilheime als Reserve Flüchtlinge Wardenburg schafft zusätzliche Unterkünfte an(3).PDF,Fünf Mobilheime als Reserve; Flüchtlinge Wardenburg schafft zusätzliche Unterkünfte an,fünf mobilheime als reserve flüchtlinge wardenburg schafft zusätzliche unterkünfte an,Nordwest-Zeitung,nordwestzeitung,27. Dezember 2025,,WILDESHAUSEN; S. 13,348,2642,ec02bc3c12209a0f8d4c17d1bb4a945483740646,exact_010,duplicate_exact,review,,no,,no,,,3761,no,,exact_010,,,"Wardenburg/MAB - Für den Kauf von fünf Mobilheimen zur Unterbringung von Flüchtlingen hat der Wardenburger 
Gemeinderat außerplanmäßige Mittel bereitgestellt. Der Beschluss fiel in der Dezember-Sitzung. Erst im November 
war der Ausschuss für Jugend und Soziales von der Verwaltung über die angespannte Situation bei der 
Flüchtlingsunterbringung unterrichtet worden. Wie berichtet, wird der Landkreis Oldenburg die Notunterkunft in 
Hude schließen und die Gemeinden zur Abnahme der dort untergebrachten Flüchtlinge verpflichten. Zudem verteilt 
das Land Niedersachsen aufgrund einer Unterquote bei der Aufnahme von ukrainischen Flüchtlingen verstärkt in 
den Landkreis Oldenburg und somit auch in die Gemeinde Wardenburg.
Kosten: 70.000 Euro
In der Sitzung des Verwaltungsausschusses am 26. November informierte die Verwaltung über die kurzfristig 
aufgetretene Möglichkeit, dem Landkreis Vechta fünf Mobilheime abzukaufen. In weiteren Gesprächen mit dem 
Kreis Vechta stellte sich dann aber heraus, dass die Abnahme der Mobilheime und die Zahlung des Kaufpreises 
verpflichtend im Jahr 2025 erfolgen muss. Die Kosten inklusive Transport- und Anschlusskosten sowie eines 
Waschmaschinen-Containers: 70.000 Euro, die nun noch mit Mitteln aus dem Haushalt 2025 gedeckt werden 
können.
Um zu vermeiden, dass gemeindeeigene Liegenschaften wie Dorfgemeinschaftshäuser oder Turnhallen als 
Flüchtlingsunterkünfte genutzt werden müssen, hat der Gemeinderat den Ankauf von Mobilheimen bewilligt. Nach 
Auskunft von Bürgermeister Christoph Reents dienen die Mobilheime als Pufferkapazität , falls auf dem freien 

Fünf Mobilheime als Reserve; Flüchtlinge Wardenburg schafft zusätzliche Unterkünfte an
Wohnungsmarkt nicht ausreichend Unterkünfte gefunden werden. Ausgeliefert werden die Wohncontainer 
voraussichtlich im ersten Quartal 2026. Reents: Abgestellt werden sie auf dem Feuerwehr-Übungsplatz an der 
Weserstraße in Wardenburg. 
Dezentral bleibt das Ziel
Nach wie vor, so Reents, sei es das Ziel der Gemeinde, Flüchtlinge dezentral unterzubringen. Mieter, die 
Wohnungen oder Häuser zur Verfügung stellen wollen, könnten sich gerne an das Sozialamt der 
Gemeindeverwaltung wenden.
Die Gemeinde Wardenburg hat bislang insgesamt 38 Unterkünfte angemietet. Hierbei handelt es sich um fünf 
Sammelunterkünfte zur Unterbringung von insgesamt 86 Einzelpersonen sowie 33 Wohnungen für Familien. 
Zusätzlich stellt die Gemeinde Wardenburg eine eigene Liegenschaft mit drei Wohneinheiten für Familien zur 
Verfügung. Bis zum 31. März 2026 muss die Gemeinde 84 weitere Flüchtlinge aufnehmen. Sechs wurden bereits 
zugewiesen.
PDF-Datei dieses Dokuments"
2025-12,Main Corpus,2025-12(113).ZIP,Fünf Mobilheime als Reserve Flüchtlinge Wardenburg schafft zusätzliche Unterkünfte an.PDF,C:\PythonProjects\AfD-project\Corpora\Main Corpus\2025-12\raw_unarchive\Fünf Mobilheime als Reserve Flüchtlinge Wardenburg schafft zusätzliche Unterkünfte an.PDF,Fünf Mobilheime als Reserve Flüchtlinge Wardenburg schafft zusätzliche Unterkünfte an,fünf mobilheime als reserve flüchtlinge wardenburg schafft zusätzliche unterkünfte an,Nordwest-Zeitung,nordwestzeitung,29. Dezember 2025,,WESERMARSCH PLUS; S. 17,348,2641,ec02bc3c12209a0f8d4c17d1bb4a945483740646,exact_010,duplicate_exact,review,,no,,no,,,3762,no,,exact_010,near_002,variant_002,"Wardenburg/MAB - Für den Kauf von fünf Mobilheimen zur Unterbringung von Flüchtlingen hat der Wardenburger 
Gemeinderat außerplanmäßige Mittel bereitgestellt. Der Beschluss fiel in der Dezember-Sitzung. Erst im November 
war der Ausschuss für Jugend und Soziales von der Verwaltung über die angespannte Situation bei der 
Flüchtlingsunterbringung unterrichtet worden. Wie berichtet, wird der Landkreis Oldenburg die Notunterkunft in 
Hude schließen und die Gemeinden zur Abnahme der dort untergebrachten Flüchtlinge verpflichten. Zudem verteilt 
das Land Niedersachsen aufgrund einer Unterquote bei der Aufnahme von ukrainischen Flüchtlingen verstärkt in 
den Landkreis Oldenburg und somit auch in die Gemeinde Wardenburg.
Kosten: 70.000 Euro
In der Sitzung des Verwaltungsausschusses am 26. November informierte die Verwaltung über die kurzfristig 
aufgetretene Möglichkeit, dem Landkreis Vechta fünf Mobilheime abzukaufen. In weiteren Gesprächen mit dem 
Kreis Vechta stellte sich dann aber heraus, dass die Abnahme der Mobilheime und die Zahlung des Kaufpreises 
verpflichtend im Jahr 2025 erfolgen muss. Die Kosten inklusive Transport- und Anschlusskosten sowie eines 
Waschmaschinen-Containers: 70.000 Euro, die nun noch mit Mitteln aus dem Haushalt 2025 gedeckt werden 
können.
Um zu vermeiden, dass gemeindeeigene Liegenschaften wie Dorfgemeinschaftshäuser oder Turnhallen als 
Flüchtlingsunterkünfte genutzt werden müssen, hat der Gemeinderat den Ankauf von Mobilheimen bewilligt. Nach 
Auskunft von Bürgermeister Christoph Reents dienen die Mobilheime als Pufferkapazität , falls auf dem freien 

Fünf Mobilheime als Reserve Flüchtlinge Wardenburg schafft zusätzliche Unterkünfte an
Wohnungsmarkt nicht ausreichend Unterkünfte gefunden werden. Ausgeliefert werden die Wohncontainer 
voraussichtlich im ersten Quartal 2026. Reents: Abgestellt werden sie auf dem Feuerwehr-Übungsplatz an der 
Weserstraße in Wardenburg. 
Dezentral bleibt das Ziel
Nach wie vor, so Reents, sei es das Ziel der Gemeinde, Flüchtlinge dezentral unterzubringen. Mieter, die 
Wohnungen oder Häuser zur Verfügung stellen wollen, könnten sich gerne an das Sozialamt der 
Gemeindeverwaltung wenden.
Die Gemeinde Wardenburg hat bislang insgesamt 38 Unterkünfte angemietet. Hierbei handelt es sich um fünf 
Sammelunterkünfte zur Unterbringung von insgesamt 86 Einzelpersonen sowie 33 Wohnungen für Familien. 
Zusätzlich stellt die Gemeinde Wardenburg eine eigene Liegenschaft mit drei Wohneinheiten für Familien zur 
Verfügung. Bis zum 31. März 2026 muss die Gemeinde 84 weitere Flüchtlinge aufnehmen. Sechs wurden bereits 
zugewiesen.
PDF-Datei dieses Dokuments"
2025-12,Main Corpus,2025-12(113).ZIP,Geheimhaltung von Abschiebeflügen „so gut wie unmöglich“ Akteure veröffentlichen die Termine von Abs(2).PDF,C:\PythonProjects\AfD-project\Corpora\Main Corpus\2025-12\raw_unarchive\Geheimhaltung von Abschiebeflügen „so gut wie unmöglich“ Akteure veröffentlichen die Termine von Abs(2).PDF,Geheimhaltung von Abschiebeflügen „so gut wie unmöglich“ Akteure veröffentlichen die Termine von,geheimhaltung von abschiebeflügen so gut wie unmöglich akteure veröffentlichen die termine von,Rheinische Post,rheinische post,Donnerstag 4. Dezember 2025,Sina Zehrfeld,S. 8,481,3612,b38b708ebc0cc307b13e523b43a4f15de2c81b65,exact_011,duplicate_exact,review,,no,,no,,,5556,no,,exact_011,,,"Sina Zehrfeld
Düsseldorf In der nächsten Zukunft sollen den Angaben auf einem Internetportal zufolge aus verschiedenen 
Städten in ganz Deutschland Abschiebeflieger abheben – in ein afrikanisches Land, in den Nahen Osten, nach 
Südosteuropa. Jeweils mit Uhrzeit, Start- und Zielort sind die Verbindungen gelistet: Die Flugdaten, die eigentlich 
nicht publik werden sollten, sind online öffentlich einzusehen.
Das ist ein Problem für die Behörden, weil mögliche Betroffene dadurch gezielt untertauchen könnten. Und es ist 
ein Problem, das man im nordrhein-westfälischen Fluchtministerium gut kennt. „Es handelt sich dabei in der Regel 
um Termine von Sammelchartermaßnahmen“, erklärte eine Sprecherin: Flüge, die entweder für Dublin-
Überstellungen in andere europäische Länder oder auch für Abschiebungen in die Herkunftsländer der Geflohenen 
eigens angefordert werden.
Die Sache betreffe alle Bundesländer, und man wisse nicht, durch wen an welchen Stellen Informationen 
weitergegeben würden. „Am Prozess der Rückführungen ist eine Vielzahl an Akteuren beteiligt“, hielt die 
Ministeriumssprecherin vor Augen. Der Broker, der Charterflüge organisiert, der Flughafen, „das Personal für das 
Einchecken der rückzuführenden Personen sowie des dazugehörigen Gepäcks, die Abschiebungsbeobachtungen 
et cetera“.
Das Land NRW habe schon verschiedene Maßnahmen ergriffen, um die Veröffentlichung von Rückführungsflügen 
zu unterbinden. Vor allem habe man den Kreis derjenigen eingegrenzt, die überhaupt davon wissen. So würden 

Geheimhaltung von Abschiebeflügen „so gut wie unmöglich“ Akteure veröffentlichen die Termine von 
Abschiebeflügen in ganz Deutschland im Internet. Ein Problem, s....
Sammelchartertermine als „Verschlusssache“ eingestuft, maximal zwei Personen pro Ausländerbehörde würden in 
Kenntnis gesetzt.
Aus Behördenkreisen hieß es jedoch, es sei „so gut wie unmöglich“, einen Charter-Abschiebeflug geheim zu halten. 
Auch gebe es beispielsweise in mehreren Bundesländern Akteure der Flüchtlingshilfe, die zumindest inoffiziell gar 
keinen Hehl daraus machten, dass sie zu Bekanntmachungen beitrügen.
„Wir beteiligen uns nicht an so etwas“, hieß es dazu vom Flüchtlingsrat NRW. Ohnehin erfahre man selbst in der 
Regel nicht vorab, sondern erst nachträglich von Abschiebemaßnahmen, erklärte die Geschäftsführerin Birgit 
Naujoks. Wenn aber Unterstützer von Geflohenen tatsächlich solche Daten weitergäben, dann verstießen sie damit 
auch gegen kein Gesetz, so Naujoks. Und es sei Unsinn zu glauben, dass deswegen reihenweise Rückführungen 
scheiterten. „Es ist eine Mär, dass jemand wirklich so einfach untertaucht, wenn er von einem Abschiebetermin 
erfährt. So ein Leben kommt für die allerwenigsten Menschen infrage“, sagte sie. Vielmehr wollten Betroffene die 
Chance haben, sich auf eine Ausreise vorzubereiten und von ihrem Umfeld zu verabschieden.
Tatsächlich misslingen Rückführungen von Menschen aus Flüchtlingsunterkünften allerdings regelmäßig, weil die 
Personen einfach nicht in ihren Zimmern sind, wenn sie abgeholt werden sollen. Vor dem Parlamentarischen 
Untersuchungsausschuss zu dem Messer-Attentat von Solingen hatte eine Zeugin, eine Referatsleiterin aus dem 
Fluchtministerium, dies als generelles Problem geschildert. Ihrer Einschätzung nach dürfte das Phänomen auch mit 
den Online-Veröffentlichungen der Flugdaten in Verbindung stehen.
Aus NRW wurden nach Angaben des Landes in diesem Jahr bis Ende Oktober 4087 Menschen abgeschoben oder 
im Rahmen von Dublin-Verfahren in andere europäische Länder gebracht. Im gesamten Vorjahr seien es 4440 
Menschen gewesen.
Link to PDF"
2025-12,Main Corpus,2025-12(113).ZIP,Geheimhaltung von Abschiebeflügen „so gut wie unmöglich“ Akteure veröffentlichen die Termine von Abs.PDF,C:\PythonProjects\AfD-project\Corpora\Main Corpus\2025-12\raw_unarchive\Geheimhaltung von Abschiebeflügen „so gut wie unmöglich“ Akteure veröffentlichen die Termine von Abs.PDF,Geheimhaltung von Abschiebeflügen „so gut wie unmöglich“ Akteure veröffentlichen die Termine von,geheimhaltung von abschiebeflügen so gut wie unmöglich akteure veröffentlichen die termine von,Rheinische Post,rheinische post,Donnerstag 4. Dezember 2025,Sina Zehrfeld,S. 8,481,3612,b38b708ebc0cc307b13e523b43a4f15de2c81b65,exact_011,duplicate_exact,review,,no,,no,,,5541,no,,exact_011,,,"Sina Zehrfeld
Düsseldorf In der nächsten Zukunft sollen den Angaben auf einem Internetportal zufolge aus verschiedenen 
Städten in ganz Deutschland Abschiebeflieger abheben – in ein afrikanisches Land, in den Nahen Osten, nach 
Südosteuropa. Jeweils mit Uhrzeit, Start- und Zielort sind die Verbindungen gelistet: Die Flugdaten, die eigentlich 
nicht publik werden sollten, sind online öffentlich einzusehen.
Das ist ein Problem für die Behörden, weil mögliche Betroffene dadurch gezielt untertauchen könnten. Und es ist 
ein Problem, das man im nordrhein-westfälischen Fluchtministerium gut kennt. „Es handelt sich dabei in der Regel 
um Termine von Sammelchartermaßnahmen“, erklärte eine Sprecherin: Flüge, die entweder für Dublin-
Überstellungen in andere europäische Länder oder auch für Abschiebungen in die Herkunftsländer der Geflohenen 
eigens angefordert werden.
Die Sache betreffe alle Bundesländer, und man wisse nicht, durch wen an welchen Stellen Informationen 
weitergegeben würden. „Am Prozess der Rückführungen ist eine Vielzahl an Akteuren beteiligt“, hielt die 
Ministeriumssprecherin vor Augen. Der Broker, der Charterflüge organisiert, der Flughafen, „das Personal für das 
Einchecken der rückzuführenden Personen sowie des dazugehörigen Gepäcks, die Abschiebungsbeobachtungen 
et cetera“.
Das Land NRW habe schon verschiedene Maßnahmen ergriffen, um die Veröffentlichung von Rückführungsflügen 
zu unterbinden. Vor allem habe man den Kreis derjenigen eingegrenzt, die überhaupt davon wissen. So würden 

Geheimhaltung von Abschiebeflügen „so gut wie unmöglich“ Akteure veröffentlichen die Termine von 
Abschiebeflügen in ganz Deutschland im Internet. Ein Problem, s....
Sammelchartertermine als „Verschlusssache“ eingestuft, maximal zwei Personen pro Ausländerbehörde würden in 
Kenntnis gesetzt.
Aus Behördenkreisen hieß es jedoch, es sei „so gut wie unmöglich“, einen Charter-Abschiebeflug geheim zu halten. 
Auch gebe es beispielsweise in mehreren Bundesländern Akteure der Flüchtlingshilfe, die zumindest inoffiziell gar 
keinen Hehl daraus machten, dass sie zu Bekanntmachungen beitrügen.
„Wir beteiligen uns nicht an so etwas“, hieß es dazu vom Flüchtlingsrat NRW. Ohnehin erfahre man selbst in der 
Regel nicht vorab, sondern erst nachträglich von Abschiebemaßnahmen, erklärte die Geschäftsführerin Birgit 
Naujoks. Wenn aber Unterstützer von Geflohenen tatsächlich solche Daten weitergäben, dann verstießen sie damit 
auch gegen kein Gesetz, so Naujoks. Und es sei Unsinn zu glauben, dass deswegen reihenweise Rückführungen 
scheiterten. „Es ist eine Mär, dass jemand wirklich so einfach untertaucht, wenn er von einem Abschiebetermin 
erfährt. So ein Leben kommt für die allerwenigsten Menschen infrage“, sagte sie. Vielmehr wollten Betroffene die 
Chance haben, sich auf eine Ausreise vorzubereiten und von ihrem Umfeld zu verabschieden.
Tatsächlich misslingen Rückführungen von Menschen aus Flüchtlingsunterkünften allerdings regelmäßig, weil die 
Personen einfach nicht in ihren Zimmern sind, wenn sie abgeholt werden sollen. Vor dem Parlamentarischen 
Untersuchungsausschuss zu dem Messer-Attentat von Solingen hatte eine Zeugin, eine Referatsleiterin aus dem 
Fluchtministerium, dies als generelles Problem geschildert. Ihrer Einschätzung nach dürfte das Phänomen auch mit 
den Online-Veröffentlichungen der Flugdaten in Verbindung stehen.
Aus NRW wurden nach Angaben des Landes in diesem Jahr bis Ende Oktober 4087 Menschen abgeschoben oder 
im Rahmen von Dublin-Verfahren in andere europäische Länder gebracht. Im gesamten Vorjahr seien es 4440 
Menschen gewesen.
Link to PDF"
2025-12,Main Corpus,2025-12(113).ZIP,Geschäftsmodell mit minderjährigen Flüchtlingen.PDF,C:\PythonProjects\AfD-project\Corpora\Main Corpus\2025-12\raw_unarchive\Geschäftsmodell mit minderjährigen Flüchtlingen.PDF,Geschäftsmodell mit minderjährigen Flüchtlingen,geschäftsmodell mit minderjährigen flüchtlingen,Die Welt,die welt,Freitag 19. Dezember 2025,Fatina Keilani,"POLITIK; MEINE WELT, MEINE MEINUNG; S. 2; Ausg. 246",526,3539,2cd0d9d63920d224a31d4bec3342103cf491d1b5,,unique,drop,commentary_noncore,no,,no,,,4709,yes,commentary_noncore,,,,"Einer muss es nach Deutschland schaffen, dann kann die ganze Familie nachziehen: So lautete lange Zeit ein 
Geschäftsmodell krimineller Banden, und ganz besonders einfach gestaltete sich der Nachzug, wenn der eine, der 
es nach Deutschland schaffte, minderjährig war. Dieses Geschäftsmodell hat die Regierung Merz unter 
Innenminister Alexander Dobrindt (CSU) im Sommer mit den Stimmen von CDU/CSU, SPD und AfD vorerst 
abgestellt. Der Familiennachzug auch für subsidiär schutzberechtigte Jugendliche wurde bis Juli 2027 ausgesetzt. 
Gut so.
Nun gilt es, denen, die schon hier sind, gerecht zu werden. Es ist nicht leicht, sich hineinzudenken in Eltern, die ihr 
minderjähriges Kind aus Syrien, Afghanistan oder auch Somalia auf die weite und gefährliche Reise nach 
Deutschland schicken, und doch haben es seit 2015 Zehntausende getan. Stand Juni 2025 leben laut 
Bundesregierung rund 22.000 unbegleitete minderjährige Geflüchtete in Deutschland und knapp 20.000 junge 
Volljährige. Mal steigen die Zahlen und mal fallen sie, es ist eine Wellenbewegung. Der höchste Wert wurde Ende 
Februar 2016 erreicht. Zu diesem Zeitpunkt waren 69.004 unbegleitete Minderjährige und junge Volljährige in der 
Zuständigkeit der Kinder- und Jugendhilfe. Etwa die Hälfte von ihnen hat unterwegs Gewalt oder Ausbeutung 
erlebt. Zugleich wurden fast 10.000 vermisst, die womöglich untertauchten. Die jungen Menschen kommen voller 
Motivation und mit Hoffnung auf eine bessere Zukunft. Sie wollen einen Beruf lernen, sich in die Gesellschaft 
integrieren und ihre Eltern stolz machen. So geben es nicht nur die Berichte der Bundesregierung wieder, so 
schildern es auch Helfer. Doch das System, in das sie hier geraten, ist dermaßen schwerfällig, ineffizient und dazu 
noch teuer, dass es im Ergebnis zu vergebenen Chancen führt.
Hat der junge Migrant Deutschland betreten, wird er zunächst vom Jugendamt in Obhut genommen, erst vorläufig, 
bis geklärt ist, wohin er verteilt wird, dann endgültig. Zwischen Ersterem und Letzterem können Monate liegen, das 
heißt, kaum hat er sich eingewöhnt, muss er woanders hin. Er hängt also Monate in der Luft, kann nicht zur Schule, 
hockt passiv und depressiv in seiner Unterkunft. Er darf nicht einmal das undichte Dach der Unterkunft reparieren, 
auch wenn er es kann und will. Das kostet zudem unfassbar viel Geld. Pro Person sind es mindestens 60.000 Euro 
im Jahr, manche Schätzungen gehen von bis zu 100.000 Euro aus. In Bremen sind es etwa 85.000 Euro pro Jahr. 
Laut Bundesverwaltungsamt betragen die Kosten für einen unbegleiteten Flüchtling monatlich 5250 Euro und damit 
ein Vielfaches der Kosten für einen erwachsenen Flüchtling. Und doch ist es nie genug. Den Jugendämtern fehlt 

Geschäftsmodell mit minderjährigen Flüchtlingen
das Personal, die starre Bürokratie behindert Initiative und treibt die jungen Männer über 90 Prozent der 
unbegleiteten Flüchtlinge sind männlich in die falsche Richtung. Für Summen, für die man eine erstklassige 
Ausbildung an Eliteinternaten bekäme, erhalten viele junge Geflüchtete Stillstand. Eine ganze Branche profitiert 
davon, so dass der Ehrgeiz begrenzt ist, hier die Kosten zu senken etwa die Träger der Heime mit den betreuten 
Wohngruppen. Knapp 2400 Euro kostet ein Platz in einer Wohngruppe der Diakonie Waiblingen.
Wenn ausnahmsweise mal die Chancen genutzt würden, dann könnten alle davon profitieren. Der junge Mensch 
könnte sich entfalten und einbringen, Deutschland könnte seine Nachwuchsprobleme mildern, es wäre gut für alle.
Original Gesamtseiten-PDF"
2025-12,Main Corpus,2025-12(113).ZIP,Grundlage für das Modell Ruanda EU Deutschland und andere Länder wollen verstärkt Migranten abschieb.PDF,C:\PythonProjects\AfD-project\Corpora\Main Corpus\2025-12\raw_unarchive\Grundlage für das Modell Ruanda EU Deutschland und andere Länder wollen verstärkt Migranten abschieb.PDF,Grundlage für das Modell Ruanda EU Deutschland und andere Länder wollen verstärkt Migranten abschieben.,grundlage für das modell ruanda eu deutschland und andere länder wollen verstärkt migranten abschieben,Südwest Presse,südwest presse,Freitag 19. Dezember 2025,,POLITIK; S. 4; Band 81; Ausg. 293,322,2398,fe51723af719ece13eafbd367e9eb5b71ffb33cd,,unique,keep,,no,,no,,,4316,no,,,,,"Brüssel. Die Mitteilung des Europäischen Rates hat es in sich. „Die dänische Ratspräsidentschaft der EU und die 
Verhandlungsführer des Europäischen Parlaments“ hätten „eine vorläufige Einigung über eine EU-Gesetzgebung 
erzielt“, bei der es um dasÂ Konzept der sicheren Drittstaaten geht. Rasmus Stoklund, dänischer Minister für 
Einwanderung und Integration, freut sich, dass es gelungen sei, das Konzept zu überarbeiten, „sodass die 
Mitgliedstaaten nun Abkommen mit sicheren Drittstaaten über die Bearbeitung von Asylanträgen außerhalb 
Europas schließen können“.Letzteres bedeutet, dass die EU die rechtliche Grundlage für das „Ruanda-Modell“ 
schafft. Die ursprünglich von Großbritannien ausgeklügelte Idee besteht darin, Migranten in ein Drittland zu bringen, 
wo sie das Asylverfahren durchlaufen sollen. Bei Erfolg würden sie in dem Land bleiben. Die bisherigen Versuche, 
dies in Ruanda auszuprobieren, sind allerdings an Gerichten gescheitert. „Das â€šRuanda-Modell‘ verstößt gegen 
die Genfer Flüchtlingskonvention und missachtet fundamentale Menschenrechte“, sagt Clara Bünger, 
innenpolitische Sprecherin der Linken im Bundestag.
Element entfällt
Da das deutsche Innenministerium zu dem Schluss gekommen ist, dass eine praktische Umsetzung des „Ruanda-
Modells“ mit erheblichen Problemen verbunden und für eine große Anzahl von Asylverfahren ungeeignet wäre, 
dürfte ein anderer Aspekt der Asylrechtsverschärfung wesentlich größere Bedeutung bekommen.
Bislang galt das „Verbindungselement“. Bei Abschiebungen war es die Regel, dass Asylsuchende eine Beziehung 
zu dem Land hatten, in das sie gebracht wurden, etwa durch dort lebende Verwandte. „Diese Verbindung ist kein 
zwingendes Kriterium mehr für die Anwendung des Konzepts des sicheren Drittstaats“, heißt es in der Erklärung 
des Europäischen Rates. Nun soll ein Abkommen zwischen einem EU-Mitgliedsstaat und dem Drittstaat 
ausreichen. Dass Schutzsuchende in Länder abgeschoben werden können, in denen sie noch nie waren, soll nicht 
für unbegleitete Minderjährige gelten.
Das EU-Parlament und der Europäische Rat müssen über die neuen Asylregeln noch abstimmen. ⇥André Bochow

Grundlage für das Modell Ruanda EU Deutschland und andere Länder wollen verstärkt Migranten abschieben. 
Nun werden weitere Hürden abgebaut.
Link zum PDF-Dokument
Link zum PDF-Dokument
Graphic
 
Migranten in einer deutschen Erstaufnahmeeinrichtung."
2025-12,Main Corpus,2025-12(113).ZIP,Größere Furcht vor Rechtsradikalen Studie der Konrad-Adenauer-Stiftung_ Deutsche beunruhigt Rechtsex.PDF,C:\PythonProjects\AfD-project\Corpora\Main Corpus\2025-12\raw_unarchive\Größere Furcht vor Rechtsradikalen Studie der Konrad-Adenauer-Stiftung_ Deutsche beunruhigt Rechtsex.PDF,Größere Furcht vor Rechtsradikalen Studie der Konrad-Adenauer-Stiftung: Deutsche beunruhigt,grössere furcht vor rechtsradikalen studie der konradadenauerstiftung deutsche beunruhigt,Die Welt,die welt,Montag 8. Dezember 2025,Dpa,Politik; S. 5; Ausg. 237,447,3264,219d42a8aa934cac963f8ec0ac1aebdfa4f56365,,unique,keep,,no,,no,,,4507,no,,,,,"Der Rechtsextremismus in Deutschland beunruhigt Menschen ohne Migrationshintergrund noch stärker als 
Zuwanderer und ihre direkten Nachkommen. Das zeigen die Ergebnisse einer aktuellen Untersuchung der CDU-
nahen Konrad-Adenauer-Stiftung (KAS) zum Zusammenleben in der Einwanderungsgesellschaft. Unterschiede 
zwischen Deutschen mit und ohne ausländische Wurzeln gibt es demnach auch, was die Sicht auf den russischen 
Angriffskrieg in der Ukraine und antisemitische Vorurteile angeht.
Für die repräsentative Untersuchung waren von Anfang Oktober 2024 bis Ende Januar bundesweit rund 3000 
Menschen befragt worden, unter ihnen 1007 Ausländer sowie 1003 Menschen mit Migrationshintergrund, die selbst 
im Ausland geboren wurden oder mindestens einen Elternteil haben, auf den das zutrifft. Laut Studie stimmen 
knapp drei Viertel (74 Prozent) der Deutschen ohne familiäre Einwanderungsgeschichte der Aussage Der 
Rechtsextremismus in Deutschland macht mir Angst zu, wobei 46 Prozent völlig und 28 Prozent eher zustimmen. 
Auch knapp zwei Drittel (66 Prozent) der Deutschen mit Migrationshintergrund treibt diese Angst um. Unter den 
hierzulande lebenden Ausländern sind es 55 Prozent.
Am häufigsten äußern sich in der Untersuchung Menschen mit Wurzeln in der Türkei und in Russland besorgt über 
den Rechtsextremismus in Deutschland. Deutlich geringer ist der Anteil demnach unter Menschen polnischer 
Herkunft. Dass Russland alleine schuld am Krieg in der Ukraine ist, glauben laut Studie lediglich 38 Prozent der 
Ausländer, die in Deutschland leben. Unter den Deutschen mit Migrationshintergrund ist der Anteil derjenigen, die 
diese Auffassung teilen, ähnlich (39 Prozent). Dagegen sieht eine Mehrheit von 58 Prozent der Deutschen ohne 
ausländische Wurzeln die Schuld für den seit Februar 2022 andauernden Krieg alleine bei Russland.
Um antisemitische Einstellungen zu messen, waren die Teilnehmer der Umfrage aufgefordert, sich zu der Aussage 
Juden kann man nicht trauen zu positionieren. Jeder zehnte befragte Ausländer und neun Prozent der Deutschen 

Größere Furcht vor Rechtsradikalen Studie der Konrad-Adenauer-Stiftung: Deutsche beunruhigt 
Rechtsextremismus mehr als die Zugewanderten
mit Migrationshintergrund stimmte hier den Angaben zufolge zu. Unter den Deutschen ohne 
Einwanderungsgeschichte war der Anteil derjenigen, die diese Aussage teilen, mit vier Prozent niedriger. 
Unterschiede gibt es laut Studie auch, wenn man einzelne Herkunftsregionen betrachtet. Demnach misstraute zum 
Zeitpunkt der Befragung rund ein Viertel (26 Prozent) der Türkeistämmigen jüdischen Menschen. Bei einer 
entsprechenden Befragung im Jahr 2015 waren es 18 Prozent gewesen.
Die Frage Leben Sie alles in allem gerne in Deutschland? beantworten zwar über alle untersuchten Gruppen 
hinweg jeweils mehr als 90 Prozent der Befragten mit Ja . Allerdings ist der Anteil im Vergleich zur Erhebung von 
2015 jeweils leicht gesunken. Von den Deutschen ohne Migrationsgeschichte fühlen sich 37 Prozent immer mit 
Respekt behandelt. Von den Menschen mit Migrationshintergrund antworteten 39 Prozent auf die Frage: Fühlen 
Sie sich in Deutschland mit Respekt behandelt? mit Ja, immer . Ausländer in Deutschland stimmen der Aussage 
mehrheitlich zu.
Original Gesamtseiten-PDF"
2025-12,Main Corpus,2025-12(113).ZIP,Hafthaus soll über Moers hinaus strahlen Mario Reschke und Denis Oware haben das alte Hafthaus Moers.PDF,C:\PythonProjects\AfD-project\Corpora\Main Corpus\2025-12\raw_unarchive\Hafthaus soll über Moers hinaus strahlen Mario Reschke und Denis Oware haben das alte Hafthaus Moers.PDF,"Hafthaus soll über Moers hinaus strahlen Mario Reschke und Denis Oware haben das alte Hafthaus Moers,",hafthaus soll über moers hinaus strahlen mario reschke und denis oware haben das alte hafthaus moers,Rheinische Post,rheinische post,Mittwoch 24. Dezember 2025,Josef Pogorzalek,S. 19,916,6320,125a3a857ac079eb198dd00709c068f97e6d45c1,,unique,keep,,no,,no,,,7872,no,,,,,"Josef Pogorzalek
Moers Vor 20 Jahren verließen die letzten Häftlinge das alte Hafthaus an der Haagstraße in Moers. Seither gab es 
immer wieder mal Ideen, das Gefängnis „neu zu beleben“. Gesprochen wurde über ein Hotel, über Räume für die 
Moerser Tafel, über ein Flüchtlingsheim. Auch die erneute Unterbringung von Häftlingen war im Gespräch. Passiert 
ist aber wenig. Das wollen Mario Reschke und Denis Oware ändern. Vor drei Jahren haben sie das unter 
Denkmalschutz stehende Hafthaus vom Bau- und Liegenschaftsbetrieb des Landes erworben. Jetzt treten sie mit 
ihren Plänen an die Öffentlichkeit.
„Das ist der letzte Rohdiamant der Moerser Innenstadt“, sagt Reschke über das Hafthaus. Gemeinsam mit Oware 
will er das Juwel zum Funkeln bringen. Die beiden Investoren kennen sich seit ihrer Jugend in Duisburg. Reschke, 
heute 43 Jahre alt, war in der Autoverwertungsbranche tätig. Oware (41) ist nach eigenen Angaben Ökonom. 
„Diplom-Ökonom“, wie Reschke betont. „Er achtet auf die Zahlen, Daten, Fakten. Bei mir kommen die Ideen aus 
dem Bauch heraus.“
Wie sie darauf kamen, einen über 100 Jahre alten Knast zu erwerben? Nun ja, man sei sich einig gewesen, eine 
interessante, „spannende“ Immobilie zu entwickeln. „Das hier war der Knaller für uns“, sagt Reschke. Und wie bei 
der Autoverwertung gehe es auch beim Hafthaus irgendwie darum, aus einem scheinbar ausgedienten Objekt 
neuen Wert zu schöpfen.
Das Duo griff nicht nur beim Hafthaus zu. Es kaufte ebenso das benachbarte Tersteegen-Haus der evangelischen 
Gemeinde, das ehemalige CVJM-Gebäude, die ehemalige evangelische Kita um die Ecke an der Kleinen Allee 

Hafthaus soll über Moers hinaus strahlen Mario Reschke und Denis Oware haben das alte Hafthaus Moers, 
das Tersteegen-Haus und weitere Gebäude in der Innenstadt ....
sowie das Gebäude, das dem Improviser in Residence des Moers Festivals als „Residenz“ gedient hatte. Damit 
besitzen Oware und Reschke ein großes Stück Innenstadt – ein Areal, das für die Stadtentwicklung von großer 
Bedeutung ist. Im Jahr 2018 hatte die Stadt ein aufwendiges Werkstattverfahren für das sogenannte Quartier 
Haagstraße durchgeführt. Architekturbüros unterbreiteten dabei Vorschläge, wie das Viertel künftig gut und sinnvoll 
entwickelt werden könnte.
Egal, was damals ausgetüftelt wurde, jetzt sind Oware und Reschke am Zug. Inzwischen liege eine Genehmigung 
für den Bau von Wohnungen und einer Gewerbeeinheit (Büros) im denkmalgeschützten Tersteegen-Haus vor, 
sagen sie. 2026 werden dort nach ihren Angaben die Bauarbeiten beginnen. Auch für die ehemalige Kita haben sie 
einen Plan: Aus dem Gebäude werde ein „Hostel“, wo Gäste preisgünstig übernachten können. Das CVJM-Haus – 
abwarten. Und das Hafthaus? Das wollen Oware und Reschke in mehreren Bauabschnitten entwickeln. Für den 
Ersten wollen sie im ersten Quartal 2026 die Genehmigung beantragen.
Reschke und Oware haben viele Ideen. Dazu gehört eine Weinbar, in der Afterwork-Partys und private Events 
gefeiert werden, und ein Raum, in dem Paare im besonderen Ambiente standesamtlich heiraten können. Sie 
sprechen von Konzerten, Ausstellungen, von einem Kampfsport-Event. Die Gestaltung der Außenanlagen 
übernehme der TV-bekannte Gartenbauer Davit Arican (ZDF-„Gartenprofi“). Als besonderer Veranstaltungsraum 
bietet sich der ehemalige „Betsaal“ der Haftanstalt an. In der Kapelle fand bereits im Juni 2025 eine 
Gedenkveranstaltung statt, bei der es um die Gewaltherrschaft der Nazis und den Widerstand im Dritten Reich 
ging.
Ein zentrales Element in den Plänen von Reschke und Oware bildet ein „Hafthaus-Verein“, dessen Mitglieder 
künftig über die Nutzung und Ausstattung von Räumen beschließen sollen. Denkbar sei es, ehemalige Zellen als 
„Coworking Spaces“ zum Arbeiten zu nutzen, als Ateliers für Künstler, als Proberäume für Musiker. Auch 
Übernachtungsmöglichen soll es in den ehemaligen Zellen geben. Ein regelrechtes „Hotel im Hafthaus“ sei aber 
aus denkmalrechtlichen und finanziellen Gründen nicht machbar. Dazu müssten die nur acht Quadratmeter großen 
Zellen zusammengelegt und die hoch eingelassenen Fenster so vergrößert werden, dass Hotelgäste 
hinausschauen können. Das würde die Kosten hochtreiben.
„Wir sind Visionäre, keine Träumer“, betont Reschke. Ohnehin müssen er und Oware viel Geld aufbringen, um 
Brandschutz- und Denkmalschutzauflagen zu erfüllen und ihre Pläne umzusetzen. Neue Elektroinstallationen 
müssen her, neue Sanitäranlagen, zwei zusätzliche Fluchttreppenhäuser. Für manche Dinge fehle noch die 
passende bauliche Lösung, weil Denkmalschutz und Brandschutz sich in die Quere gerieten. „Sie befruchten sich 
destruktiv“, sagt Denis Oware ironisch. Grundsätzlich sei die Zusammenarbeit mit der Stadt aber hervorragend.
Das Hafthaus sei ein Ort der Strafe und des Leids gewesen, sagt Mario Reschke. „Wir wollen daraus etwas 
Schönes machen, etwas, das Spaß macht.“ Und zwar über die Grenzen von Moers hinaus. Bei Instagram werben 
die Investoren kräftig mit ihren Plänen. Zu ihren zahlreiche Followern zählt der ehemalige Regierende 
Bürgermeister von Berlin, Michael Müller. „Berlin, Köln, Hamburg schauen auf Moers“, freut sich das Hafthaus-Duo. 
„Es wäre schön, wenn jemand künftig .Moers‘ hört und sagt: Hey, da steht ja das Hafthaus.“
Kulisse für Film mit einem Weltstar
Gefängnis Das Moerser Hafthaus wurde 1913 gebaut. Es diente als Gefängnis vornehmlich für 
Untersuchungshäftlinge des Amtsgerichts Moers und umliegender Amtsgerichte bis Ende Juli 1993. Es gab Platz 
für 144 Insassen.
Abschiebungshafthaus Seit 1986 wurden auch Abschiebungshäftlinge in die Anstalt gebracht. Ab August 1993 
wurde das Gebäude zum ausschließlichen Abschiebungshafthaus.
Dreharbeiten Nach Stilllegung des Hafthauses 2005 diente das Gebäude ab und zu als Filmkulisse. „Tatort“-
Szenen wurde dort ebenso gedreht wie 2015 Szenen für den Kinofilm „Jeder stirbt für sich allein“ mit Weltstar 
Emma Thompson.
Hafthaus soll über Moers hinaus strahlen Mario Reschke und Denis Oware haben das alte Hafthaus Moers, 
das Tersteegen-Haus und weitere Gebäude in der Innenstadt ....
Link to PDF

Hafthaus soll über Moers hinaus strahlen Mario Reschke und Denis Oware haben das alte Hafthaus Moers, 
das Tersteegen-Haus und weitere Gebäude in der Innenstadt ....
Graphic
 
Denis Oware (links) und Mario Reschke im Hafthaus. Foto: pogo"
2025-12,Main Corpus,2025-12(113).ZIP,"Halle für Flüchtlinge muss saniert werden Die ehemalige Tennishalle, in der Flüchtlinge untergebrach.PDF","C:\PythonProjects\AfD-project\Corpora\Main Corpus\2025-12\raw_unarchive\Halle für Flüchtlinge muss saniert werden Die ehemalige Tennishalle, in der Flüchtlinge untergebrach.PDF","Halle für Flüchtlinge muss saniert werden Die ehemalige Tennishalle, in der Flüchtlinge untergebracht sind,",halle für flüchtlinge muss saniert werden die ehemalige tennishalle in der flüchtlinge untergebracht sind,Rheinische Post,rheinische post,Donnerstag 18. Dezember 2025,Anja Settnik,S. 17,726,5296,48034e80d6700717e8d8acc7f450573b69140e2f,,unique,keep,,no,,no,,,6681,no,,,,,"Anja Settnik
Goch Viele Kommunen bringen in diesen Tagen den Haushalt für das Jahr 2016 ein. Goch nicht, dieser Schritt ist 
für die Januar-Sitzung des Rates vorgesehen. Stattdessen bot Kämmerin Bettina Gansen den Entwurf für den 
Jahresabschluss 2024 – es war ein gutes Haushaltsjahr, in dem dank hoher Gewerbesteuereinnahmen noch 
einmal ein positives Jahresergebnis zu verzeichnen war und das Eigenkapital aufgestockt werden konnte. 
Hingegen geht die Planung für das Haushaltsjahr 2025, die noch nicht abgeschlossen ist, von einem hohen 
Fehlbetrag aus: 6,6 Millionen Euro nach Abzug des globalen Mineraufwands. Und die kommenden Jahre dürften 
kaum besser aussehen. Genaueres dazu gibt es in der nächsten Ratssitzung zu hören.
Trotz der angespannten Finanzlage kam die Politik nicht umhin, einem überplanmäßigen Aufwand im zu Ende 
gehenden Haushaltsjahr zuzustimmen: Die ehemalige STG-Tennishalle an der Marienwasserstraße hat 
„dringenden Sanierungsbedarf“, wie Bettina Gansen erklärte. 180.000 Euro werden benötigt, um den Bodenbelag 
auszutauschen. Damit einher geht die Notwendigkeit, die dort untergebrachten Menschen für die Dauer der 
Sanierung in anderen Liegenschaften unterzubringen.
In der Unterlage zur Sitzung ist beschrieben, was in der Tennishalle, die seit 2022 für geflüchtete Menschen 
genutzt wird, im Argen liegt: „Um eine sichere, hygienische und weiterhin nutzbare Unterkunft bereitstellen zu 
können, sind dringend bauliche Instandsetzungsmaßnahmen erforderlich“, heißt es da. Sowohl der Bereich der 
früheren Tennisfelder, als auch der einstige Badmintonbereich wurde 2022 mit OSB-Platten ausgelegt. „Durch die 

Halle für Flüchtlinge muss saniert werden Die ehemalige Tennishalle, in der Flüchtlinge untergebracht sind, 
braucht einen neuen Boden – auch wenn viele Gocher d....
intensive Nutzung ist der Boden stark abgenutzt und erfüllt nicht mehr die hygienischen und funktionalen 
Anforderungen für eine Gemeinschaftsunterkunft. Im Rahmen einer infektionshygienischen Überwachung des Kreis 
Kleve wurde dieser Punkt ebenfalls bemängelt.“
Auf Nachfrage unserer Redaktion hatte Bürgermeister Stephan Luyven vor einigen Tagen bestätigt, dass man es 
auch mit hartnäckigem Schädlingsbefall zu tun habe. Der Zwischenraum zwischen Beton und Platten stellt eine 
ideale Rückzugsmöglichkeit für Ungeziefer dar – ein großes Problem.
„Um hygienische Mindeststandards und auch die Gesundheit der untergebrachten Menschen sicherzustellen“, 
müssten nun sowohl die OSB-Platten als auch der Tennisplatzbelag entfernt und durch einen neuen, robusteren 
und pflegeleichten Kunststoffbelag ersetzt werden. In der Badmintonhalle könne künftig der vorhandene 
Kunststoffboden als Oberfläche genutzt werden. Zeitweise müssen die derzeit rund 100 dort untergebrachten 
Flüchtlinge umziehen.
Warum sie überhaupt zurückkehren müssten, wo es doch inzwischen andere Unterkünfte gebe, wollte BFG-
Fraktionschef Jerome Vermaten wissen. „Ohne diese Halle kommen wir in absehbarer Zeit nicht aus“, versicherte 
die Kämmerin. Eine Aussage, die auch die CDU-Fraktion nicht gerne hörte. Katharina Pleines etwa (1. 
stellvertretende Bürgermeisterin) befand, in der Tennishalle herrschten „keine guten Zustände“. Dort müsse unter 
anderem ein drei Wochen alter Säugling leben, und im Januar stehe eine weitere Entbindung an. „Für die 
Menschen wäre eine Containerlösung viel, viel besser.“ Noch vor einem Jahr hatte die CDU-Fraktion, wenn auch 
aus wirtschaftlichen Gründen, gegen das Aufstellen von Containern votiert. Man hätte lieber in feste Unterkünfte 
investiert. Die 180.000 Euro für die Sanierung gab der Rat aber frei – die fünf AfD-Mitglieder enthielten sich. Mit der 
Umsetzung der Maßnahme soll kurzfristig begonnen werden. Auch ein Anstrich, eine neue Küchenzeile und die 
Herstellung eines Integrationsraums sind vorgesehen.
Ein Antrag des Bürgerforums BFG bezog sich auf ein Naherholungsgebiet Kessel-Asperden, das in der Sitzung 
konkretisiert wurde: Es geht um den Bereich zwischen Seeweg und dem östlichen Ufer des Baggersees. Das BFG 
möchte, dass die Verwaltung prüft, ob ein solches Gebiet eingerichtet werden könnte, um Goch touristisch 
attraktiver zu machen. Sowohl Bürger, als auch Besucher würden profitieren, zudem könnten sich attraktive 
Investitionsmöglichkeiten für Gastronomie, Ferienparks und Freizeitbetriebe ergeben. Ganz neu ist das Thema 
nicht: Die Verwaltung und die Stadtwerke kümmern sich schon länger um die Möglichkeiten, es liefen auch 
Grundstücksverhandlungen, und man spreche mit potenziellen Investoren, war in der Sitzung zu erfahren. In Kürze 
soll es nähere Auskünfte geben, in welchem Ausschuss, steht noch nicht fest. Bauen und Planen, Verkehr, 
Tourismus – da kommt manches in frage. Wie überhaupt noch über die Zuständigkeitsordnung einiger Themen 
nachgedacht werden müsse. Die Ausschüsse sind teils neu zugescnitten, da muss man erstmal schauen, was wo 
optimal untergebracht ist.
Halle für Flüchtlinge muss saniert werden Die ehemalige Tennishalle, in der Flüchtlinge untergebracht sind, 
braucht einen neuen Boden – auch wenn viele Gocher d....
Link to PDF
Graphic
 
Früher wurden an der Marienwasserstraße Tennis und Badminton gespielt. 2017 hatte die Stadt die Halle gekauft, 
um dort Flüchtlinge unterzubringen. Foto: Gottfried Evers"
2025-12,Main Corpus,2025-12(113).ZIP,Hoffen auf Karlsruhe(2).PDF,C:\PythonProjects\AfD-project\Corpora\Main Corpus\2025-12\raw_unarchive\Hoffen auf Karlsruhe(2).PDF,Hoffen auf Karlsruhe,hoffen auf karlsruhe,Frankfurter Rundschau,frankfurter rundschau,Donnerstag 4. Dezember 2025,,POLITIK; S. 3,205,1545,a92aecd483790bab23165b5db57dace34e77d618,exact_012,duplicate_exact,review,,no,,no,,,2799,no,,exact_012,,,"Die gut 1700 gefährdeten Afghaninnen und Afghanen, denen die Bundesregierung trotz deutscher 
Aufnahmezusagen Einreisevisa verweigert, bekommen prominenten Beistand: Die Evangelische Kirche in 
Deutschland (EKD) will Klageverfahren der Betroffenen mit 100000 Euro unterstützen. Die EKD fordere die 
Bundesregierung auf, die in Pakistan festsitzenden Menschen endlich einreisen zu lassen, sagte der 
Flüchtlingsbeauftragte der Kirche, Bischof Christian Stäblein. 
Derweil wird erwartet, dass das Bundesverfassungsgericht noch vor Weihnachten über eine 
Verfassungsbeschwerde eines betroffenen Afghanen entscheidet, der auf ein Visum dringt. Hat der frühere Richter 
Erfolg, könnte das möglicherweise positive Folgen auch für zahlreiche weitere Gefährdete haben, die Zusagen 
nicht nach dem Bundesaufnahmeprogramm (BAP), sondern nach älteren Programmen haben. Die 
Bundesregierung stellt bisher nur Visa für Menschen aus, die unter das BAP fallen. 
Dass beim BAP der schwarz-rote Widerstand bröckelt, dafür spricht, dass die Regierung erstmals eine ganze 
Maschine charterte, die jetzt mit 190 Afghaninnen und Afghanen in Erfurt landete. Eva Beyer von der Initiative 
Kabul Luftbrücke: „Wir freuen uns, dass die Bundesregierung nach über 80 gewonnenen Klageverfahren für 350 
Menschen einsieht, dass die Aufnahmezusagen rechtsverbindlich sind.“ 
Weiter bangen aber gut 1500 Menschen in Islamabad, ob sie noch rechtzeitig ausreisen dürfen. Denn Pakistan will 
sie 2026 abschieben – wie es mit 200 Betroffenen schon geschah. RÜ
Link zum PDF-Dokument"
2025-12,Main Corpus,2025-12(113).ZIP,Hoffen auf Karlsruhe.PDF,C:\PythonProjects\AfD-project\Corpora\Main Corpus\2025-12\raw_unarchive\Hoffen auf Karlsruhe.PDF,Hoffen auf Karlsruhe,hoffen auf karlsruhe,Frankfurter Rundschau,frankfurter rundschau,Donnerstag 4. Dezember 2025,,POLITIK; S. 3,205,1545,a92aecd483790bab23165b5db57dace34e77d618,exact_012,duplicate_exact,review,,no,,no,,,2798,no,,exact_012,,,"Die gut 1700 gefährdeten Afghaninnen und Afghanen, denen die Bundesregierung trotz deutscher 
Aufnahmezusagen Einreisevisa verweigert, bekommen prominenten Beistand: Die Evangelische Kirche in 
Deutschland (EKD) will Klageverfahren der Betroffenen mit 100000 Euro unterstützen. Die EKD fordere die 
Bundesregierung auf, die in Pakistan festsitzenden Menschen endlich einreisen zu lassen, sagte der 
Flüchtlingsbeauftragte der Kirche, Bischof Christian Stäblein. 
Derweil wird erwartet, dass das Bundesverfassungsgericht noch vor Weihnachten über eine 
Verfassungsbeschwerde eines betroffenen Afghanen entscheidet, der auf ein Visum dringt. Hat der frühere Richter 
Erfolg, könnte das möglicherweise positive Folgen auch für zahlreiche weitere Gefährdete haben, die Zusagen 
nicht nach dem Bundesaufnahmeprogramm (BAP), sondern nach älteren Programmen haben. Die 
Bundesregierung stellt bisher nur Visa für Menschen aus, die unter das BAP fallen. 
Dass beim BAP der schwarz-rote Widerstand bröckelt, dafür spricht, dass die Regierung erstmals eine ganze 
Maschine charterte, die jetzt mit 190 Afghaninnen und Afghanen in Erfurt landete. Eva Beyer von der Initiative 
Kabul Luftbrücke: „Wir freuen uns, dass die Bundesregierung nach über 80 gewonnenen Klageverfahren für 350 
Menschen einsieht, dass die Aufnahmezusagen rechtsverbindlich sind.“ 
Weiter bangen aber gut 1500 Menschen in Islamabad, ob sie noch rechtzeitig ausreisen dürfen. Denn Pakistan will 
sie 2026 abschieben – wie es mit 200 Betroffenen schon geschah. RÜ
Link zum PDF-Dokument"
2025-12,Main Corpus,2025-12(113).ZIP,In zehn Jahren ist jede vierte Person im Rentenalter.PDF,C:\PythonProjects\AfD-project\Corpora\Main Corpus\2025-12\raw_unarchive\In zehn Jahren ist jede vierte Person im Rentenalter.PDF,In zehn Jahren ist jede vierte Person im Rentenalter,in zehn jahren ist jede vierte person im rentenalter,"taz, die tageszeitung",taz die tageszeitung,Freitag 12. Dezember 2025,Jasmin Kalarickal,INLAND; S. 7,703,4918,65af44ec3ccf4e6a5be609776d7d5b85673879a2,,unique,keep,,no,,no,,,7114,no,,,,,"Von Jasmin Kalarickal
Wer brav für ältere Menschen in der U-Bahn aufsteht, darf das künftig häufiger tun. Deutschland altert weiter und 
stärker als bisher prognostiziert. Schon in 10 Jahren wird mindestens jede vierte Person 67 oder älter sein. Das ist 
das Ergebnis der neuesten Bevölkerungsvorausberechnung vom Statistischen Bundesamt, die am Donnerstag in 
Berlin vorgestellt wurde. Zum Vergleich: 2024 war es nur jede fünfte Person.
Gewagt wurde ein Blick in die Zukunft bis ins Jahr 2070. Wie viele alte und junge Menschen dann im Land leben, 
ist wichtig für die Rentendiskussion. Wir blicken 45 Jahre nach vorne , sagte Karsten Lummer, Leiter der Abteilung 
Bevölkerung, zu Beginn der Pressekonferenz. Entworfen wurden unterschiedliche Szenarien, je nachdem, wie sich 
Geburtenrate, Lebenserwartung und Zuwanderung entwickeln könnten.
 Die politsche und wirtschaftliche Unsicherheit hat zugenommen , sagt Lummer. 2023 und 2024 befand sich die 
deutsche Volkswirtschaft in einer Rezession. Unter diesen Rahmenbedingungen fänden nun gravierende 
demografische Veränderungen statt. Der Trend ist klar. Die Generation der Babyboomer scheidet langsam aus 
dem Arbeitsleben aus. Auf sie folgen deutlich kleinere Jahrgänge , erklärt Lummer. Damit schreite die Alterung der 
Gesellschaft fort und zwar langfristig stärker als bei der letzten Vorausberechnung angenommen .
Das hat vor allem zwei Gründe: weniger Geburten und weniger Zuwanderung. 2024 lag die Geburtenrate bei 1,35 
Kindern je Frau. Zwischen 2016 und 2021 waren es 1,6 Kinder. Mögliche Gründe für den Rückgang sieht 
Referentin Olga Pötsch in einer allgemeinen Verunsicherung durch Inflation und Rezession, Knappheit an 
bezahlbarem Wohnraum und die politische Unsicherheit .
Ebenso abgenommen hat die Zuwanderung. Wer also noch die Migrationsbegrenzungswünsche von 
Politiker:innen im Ohr hat, darf sich wundern. Die Zuwanderung hat seit 2022 deutlich abgenommen , erklärt 
Lummer. Infolge des russischen Angriffskriegs waren mehr als 1,5 Millionen Menschen aus der Ukraine nach 
Deutschland geflüchtet. Das war der Höchstwert seit 1950. Im Jahr darauf sank die Nettozuwanderung dann auf 

In zehn Jahren ist jede vierte Person im Rentenalter
663.000 Personen, 2024 auf 430.000 Personen. Dabei ging nicht nur die Zahl der Asylsuchenden ging zurück. 
Auch aus der EU kamen weniger Menschen, vor allem aus Polen, Rumänien und Bulgarien.
Bis 2038 wird die Zahl der Menschen im Rentenalter je nach Szenario um 3,8 Millionen bis 4,5 Millionen Menschen 
steigen. Der Anteil an der Gesamtbevölkerung wächst dann auf 25 bis 27 Prozent momentan sind es etwa 20 
Prozent. Schon jetzt kommen auf 100 Personen im Erwerbsalter 33 Personen im Rentenalter. Dieser Altenquotient 
wird sich verschlechtern, wie sehr, kommt auf das Szenario an.
 Im Jahr 2070 werden es im günstigsten Fall 43 Personen im Rentenalter sein , erklärt Karsten Lummer. Im 
ungünstigsten Fall könnte der Altenquotient sogar auf 61 steigen. Das wäre fast eine Verdopplung. Dann kämen 
auf eine Leistungsempfängerin oder einen Leistungsempfänger aus den Alterssicherungssystemen weniger als 
zwei Einzahlende , so Lummer.
Diese Lücke zwischen Erwerbstätigen und Rentner:innen kann laut Prognosen auch nicht durch stärkere 
Einwanderung geschlossen werden. Selbst bei hoher Zuwanderung und moderater Geburtenentwicklung werde die 
Zahl der Menschen im Erwerbsalter voraussichtlich sinken: Von heute 51,2 Millionen auf 45,3 Millionen im Jahr 
2070. Bei wenig Zuwanderung sogar auf 37,1 Millionen. Insgesamt werden 2070 voraussichtlich aber auch weniger 
Menschen im Land leben als heute. Zum Jahresende 2024 lebten rund 83,6 Millionen Menschen in Deutschland. 
Bei einer moderaten Entwicklung von Geburtenrate, Lebenserwartung und Einwanderung liegt die Prognose bei 
74,7 Millionen Menschen im Jahr 2070. Nur bei zwei von 27 Berechnungsvarianten mit sehr hoher Zuwanderung 
und stark steigender Geburtenrate würde die Bevölkerung leicht wachsen.
Regional wurden große Unterschiede prognostiziert. Während die westdeutschen Flächenländer vielleicht stabil 
bleiben, wird die Bevölkerung in den ostdeutschen Flächenländern bis 2070 um 14 bis 30 Prozent schrumpfen. Nur 
die Stadtstaaten Berlin, Hamburg und Bremen könnten bei hoher oder mittlerer Zuwanderung wachsen.
Für Karsten Lummer steht damit fest: Der Druck auf die Sozialsysteme steigt. Was die Politik daraus mache, sei 
aber eine andere Frage. Derzeit wird im Land heiß über eine Rentenreform diskutiert. So ziemlich jede mögliche 
Stellschraube der Gesetzlichen Rentenversicherung wird gedanklich bewegt: Beamte und Abgeordnete sollen mit 
einzahlen. Oder: Die Beitragsjahre sollen zählen statt einer starren Altersgrenze das war nur der jüngste Vorstoß, 
der für Aufregung sorgte. Um all diese Fragen soll sich ab nächster Woche eine von der Bundesregierung 
eingesetzte Rentenkommission kümmern.
 Der Druck auf die Sozialsysteme steigt"
2025-12,Main Corpus,2025-12(113).ZIP,In zehn Jahren Merkel dankbar sein _ Was ein Migrationsforscher heute über das Zitat sagt Der österr.PDF,C:\PythonProjects\AfD-project\Corpora\Main Corpus\2025-12\raw_unarchive\In zehn Jahren Merkel dankbar sein _ Was ein Migrationsforscher heute über das Zitat sagt Der österr.PDF,In zehn Jahren Merkel dankbar sein : Was ein Migrationsforscher heute über das Zitat sagt Der österreichische,in zehn jahren merkel dankbar sein  was ein migrationsforscher heute über das zitat sagt der österreichische,Die Welt,die welt,Dienstag 9. Dezember 2025,Friedrich Steffes-lay,Politik; S. 2; Ausg. 238,1653,12039,63c4cb907c1e4383702f4636127e2fecf6af92c5,,unique,keep,,no,,no,,,14503,no,,,,,"Rainer Bauböck ist österreichischer Soziologe und Migrationsforscher. Zuletzt war er Professor für soziale und 
politische Theorie am Europäischen Hochschulinstitut in Florenz. Seine Schwerpunkte liegen bei den Themen 
Staatsbürgerschaft, Integration und Demokratie.
WELT:
Herr Bauböck, 2015 gaben Sie dem österreichischen Standard ein Interview über die Flüchtlingskrise, das bis 
heute in den sozialen Medien für Aufregung sorgt. In zehn Jahren wird man Kanzlerin Merkel dankbar sein , lautete 
ihr Zitat in der Überschrift. Wie haben Sie das gemeint?
Rainer Bauböck:
Zuerst einmal habe ich viel differenzierter formuliert. Im Interview habe ich gesagt, und das war 
zugegebenermaßen unvorsichtig, in zehn Jahren werde man wahrscheinlich einer Kanzlerin Merkel dankbar sein. 
Die Überschrift wird bekanntlich nicht vom Interviewten gebastelt, sondern vom Journalisten. Seitdem grassieren 
auf X und anderen sozialen Medien kontextlose Screenshots dieses Zitats. Dabei habe ich im Interview darauf 
hingewiesen, dass es natürlich kurzfristig Probleme bei massiver unkontrollierter Zuwanderung gibt, langfristig aber 
Vorteile für den Wirtschaftsstandort Deutschland und für die demografische Entwicklung zu erwarten sind. All das 
ist eingetreten.
WELT:
Woran machen Sie das fest?

In zehn Jahren Merkel dankbar sein : Was ein Migrationsforscher heute über das Zitat sagt Der österreichische 
Soziologe Rainer Bauböck erwartete 2015 einen wirt....
Bauböck:
Vergleichen Sie Deutschland doch mit Staaten, die tatsächlich 2015 und 2016 zugemacht haben. Die schlechtere 
Wirtschaftsleistung und demografische Entwicklung Ungarns hängt auch damit zusammen, dass das Land nicht 
aufnahme- und integrationsfähig ist. Die Integration der syrischen Flüchtlinge in Deutschland hat laut 
Arbeitsmarktökonomen besser funktioniert als bei früheren Wellen von Geflüchteten. Die Beschäftigungsquote der 
2015 Geflüchteten beträgt schon 64 Prozent, für die gesamte deutsche Bevölkerung liegt der Wert bei 70 Prozent.
WELT:
Der Anteil von Frauen in Arbeit liegt in dieser Gruppe allerdings nur bei 35 Prozent und der Medianlohn ist weit 
unter dem, was deutsche Arbeitnehmer verdienen. Und man könnte auch sagen: Immer noch mehr als ein Drittel 
bezieht seit über zehn Jahren Sozialleistungen.
Bauböck:
Dieses Drittel lässt sich auch durch die Aufnahmesituation erklären: lange Unterbringungen in 
Gemeinschaftsunterkünften und ein hoher Anteil von Familien mit Kindern, die auf Sozialleistungen angewiesen 
sind. Auch in dieser Gruppe gibt es aber einen allmählichen Rückgang. Das größere Problem bei der 
Beschäftigung von Frauen ist tatsächlich kulturell geprägt. Sie finden das bei Herkunftsgruppen aus dem 
arabischen Raum durchwegs. Aus der Migrationsforschung weiß man jedoch, dass sich das mit der Zeit an die 
Durchschnittsbevölkerung angleicht. In der nächsten und übernächsten Generation wird das Bild anders aussehen, 
vorausgesetzt, die Integration wird gefördert und ermöglicht.
WELT:
Dennoch sind die Hälfte aller Bürgergeldempfänger in Deutschland Ausländer, die acht häufigsten 
Asylherkunftsländer stellen den größten Teil davon.
Bauböck:
Wie sollte es anders sein? Stellen Sie sich vor, da kommt eine Gruppe von Geflüchteten in ein anderes Land, muss 
die Sprache lernen, muss am Arbeitsmarkt ganz unten einsteigen, muss Qualifizierungen erwerben und hat 
Familien zu versorgen. Zu denken, dass Geflüchtete in dieser Situation nicht über mehrere Jahre auf 
Sozialleistungen angewiesen sind, ist naiv. Richtig ist, dass verhindert werden muss, dass sozialstaatliche 
Leistungen zum Fernbleiben vom Arbeitsmarkt führen. Bei Familien mit vielen Kindern ist plausibel, dass die 
kinderbezogenen Sozialleistungen degressiv gestaltet werden. In europäischen Ländern ist der Sozialstaat 
üblicherweise gut ausgebaut und es ist aus rechtsstaatlichen Gründen schwierig, Asylwerber einfach davon 
auszuschließen. Auch wahr ist: Für einen Sozialstaat, in dem relativ viel umverteilt wird, ist es schwieriger, in einem 
kurzen Zeitraum eine große Zahl von unkontrolliert Zugewanderten aufzunehmen.
WELT:
Erschwert ein gut ausgebauter Sozialstaat die Integration in den Arbeitsmarkt?
Bauböck:
Wenn eine große Zahl von Menschen in einen Sozialstaat mit starken Umverteilungsmechanismen hineinkommt, 
erzeugt das erstmal Stress und schnell eine Neiddebatte. Dieses Problem stellt sich nicht in gleicher Weise für die 
allergrößte Zahl der Geflüchteten aus Syrien, die in der Türkei, im Libanon und in Jordanien aufgenommen worden 
sind. Das sind ja mehrere Millionen Menschen mehr, als nach Europa gekommen sind. Da das keine ausgebauten 
Sozialstaaten sind, funktioniert die Integration dort anders. Die Leute müssen sich genauso wie die Bevölkerung 
durchschlagen und selbst ihre Jobs im informellen Sektor aufbauen. Deswegen erscheint dort eine größere Zahl 
von Menschen integrierbar, als das in europäischen Sozialstaaten der Fall ist.
In zehn Jahren Merkel dankbar sein : Was ein Migrationsforscher heute über das Zitat sagt Der österreichische 
Soziologe Rainer Bauböck erwartete 2015 einen wirt....
WELT:
Das würde so mancher als Argumentationsgrundlage dafür sehen, die Leistungen herunterzufahren. Gesetze 
lassen sich ändern.
Bauböck:
In Österreich ist es so: Asylwerber sind im Sozialrecht deutlich schlechter gestellt als andere Gruppen. Erst wenn 
sie anerkannte Flüchtlinge werden, haben sie Anspruch in gleicher Weise auf die soziale Grundsicherung. Für 
Asylwerber und subsidiär Schutzberechtigte gibt es tatsächlich nur eine Grundversorgung, von der man nicht leben 
kann. Nun kommt das Paradoxe: Während die Leistungen gesenkt wurden, sind diesen Flüchtlingen gleichzeitig 
Arbeitsverbote auferlegt. Das stellt Politiker vor ein Dilemma: Mache ich den Arbeitsmarkt auf, dann hilft das der 
Integration und erspart Leistungen im Sozialstaat und die Neiddebatte. Gleichzeitig gibt es Menschen Anreize, den 
Asylweg zu suchen, um in dieses Beschäftigungssystem zu kommen.
WELT:
Sind großzügige Sozialleistungen nicht ein noch größerer Pull-Faktor als ein schneller Zugang in den Arbeitsmarkt?
Bauböck:
Es gibt wenig Evidenz dafür, dass das Sozialsystem ein Pull-Faktor ist. Plausibler ist, dass Menschen mit den 
finanziellen Mitteln für den schwierigen Weg nach Deutschland vor allem auf eine bessere Zukunft durch 
Beschäftigung hoffen. Das ist eine sinnvollere ökonomische Strategie, als in Deutschland in der Armutsfalle stecken 
zu bleiben. Wenn man verhindern will, dass es zu dieser gemischten Migration aus Asyl- und wirtschaftlicher 
Migration kommt, muss man legale Kanäle für ökonomische Migration schaffen. Aber die Frage nach dem 
Fluchtgrund stellte sich im Fall Syrien ja nicht, da war schließlich Bürgerkrieg.
WELT:
Die Fluchtgründe der Syrer sind evident. Trotzdem ist auffällig, dass ein sehr großer Teil nach Deutschland 
gekommen ist. Es lagen ja viele Länder auf dem Weg, in denen man sich auch hätte niederlassen können.
Bauböck:
Deutschland ist nun einmal das größte Land Europas und wenn man nicht die absoluten Zahlen vergleicht, dann 
relativiert sich das Bild. Pro Kopf haben Österreich und Schweden beispielsweise mehr Flüchtlinge aufgenommen.
WELT:
Wenn die Entwicklung ihrer Forschung nach so positiv ist, warum wird ihre Einschätzung aus dem Standard -
Interview noch immer so wütend und hämisch kommentiert?
Bauböck:
Im historischen Rückblick hat sich die Stimmung durchgesetzt, dass Merkels Offenhalten der Grenzen ein Fehler 
war. Dieses Meinungsbild ist unbestreitbar. Es macht Schlagzeilen, wenn Migration zum Sicherheitsthema wird, 
etwa bei Anschlägen oder wenn die Nachbarschaft den Bach hinuntergeht. Das trübt das Gesamtbild. Aber 
Empörung wirkt wie ein mentaler Filter man blendet alle Argumente und Fakten aus, die gegen die eigene 
Meinung sprechen. Ich fürchte, ich bin selbst in eine Empörungsmaschine geraten. Erstaunlicherweise werde ich 
nach zehn Jahren noch immer mit E-Mails bombardiert. Dabei haben die wenigsten von denen, die das Zitat 
aufgreifen, das Interview wirklich gelesen, denn ich habe damals durchaus auf Probleme hingewiesen. Doch ohne 
die Migration nach 2015 und 2022 hätten wir laut ziemlich einhelliger Meinung von Ökonomen schlechtere 
Ausgangsbedingungen für die Herausforderungen, die auf Deutschland und auf ganz Europa zukommen.
In zehn Jahren Merkel dankbar sein : Was ein Migrationsforscher heute über das Zitat sagt Der österreichische 
Soziologe Rainer Bauböck erwartete 2015 einen wirt....
WELT:
Im deutschsprachigen Raum werden Interviews üblicherweise vor der Veröffentlichung noch einmal zur 
Autorisierung vorgelegt. Haben Sie den Standard gebeten, die Überschrift richtigzustellen?
Bauböck:
Meiner Erinnerung nach habe ich es im Text ausgebessert, aber die Überschrift geschluckt. Für die meisten Leute 
klingt es ohnehin mit oder ohne das Wort wahrscheinlich wie eine Prognose. Aber Sozialwissenschaftler sind 
keine Prognostiker. Sie können die Zukunft nicht vorhersagen, sondern nur mit Wahrscheinlichkeiten operieren. 
Dabei sind demografische und ökonomische Trends leichter zu schätzen als politische, und die haben sich seit 
2015 dramatisch verändert.
WELT:
Sie forschen schwerpunktmäßig zu Staatsbürgerschaft und Integration. Eine Ihrer Thesen ist, dass der Zugang zum 
Wahlrecht nicht der Integration nachgereiht sein sollte. Was meinen Sie damit?
Bauböck:
Meine These ist, dass politische Rechte und der Zugang zur Staatsbürgerschaft Katalysatoren für die Integration 
sind und nicht der krönende Abschluss. Auf kommunaler Ebene halte ich es für sinnvoll, das Wahlrecht von der 
Staatsbürgerschaft zu entkoppeln. EU-Bürger sind ja auch bei Kommunalwahlen wahlberechtigt, warum sollte das 
bei Drittstaatsangehörigen anders sein? Auf nationaler Ebene ist es meines Erachtens sinnvoll, das Wahlrecht mit 
der Staatsbürgerschaft zu verknüpfen, aber Einbürgerung dann auch zu fördern.
WELT:
Welche Kriterien sollten für eine Einbürgerung erfüllt sein?
Bauböck:
Grundvoraussetzung sollte sein, dass man etwa fünf Jahre in einer Gesellschaft gelebt hat und sich keines 
kriminellen Vergehens schuldig gemacht hat. Dazu sollten Einkommenskriterien und Sprachkriterien auf einem 
vernünftigen Niveau angesetzt werden, das nicht schwächere soziale Schichten ausschließt. In Österreich ist 
derzeit ein Fünftel der Bevölkerung im wahlfähigen Alter nicht wahlberechtigt, weil sie nicht die Staatsbürgerschaft 
haben und meist auch die strengen Kriterien für Einbürgerung nicht erfüllen können. In Wien sind das bereits 36 %. 
Die Demokratie wird durch den blockierten Zugang zur Staatsbürgerschaft immer weniger repräsentativ, was ich für 
untragbar halte. In Deutschland sind die Hürden für die Einbürgerung allerdings deutlich niedriger als in Österreich. 
Außerdem erhalten in Deutschland geborene Kinder automatisch die Staatsbürgerschaft, wenn ein Elternteil 5 
Jahre rechtmäßigen Aufenthalt hat. In Österreich wachsen diese Kinder als Ausländer in ihrer Heimat auf.
WELT:
Ihr Interview ist nun zehn Jahre her. Glauben Sie, wir werden 2035 Merkel dankbar sein?
Bauböck:
Dazu mache ich keine Prognose, weil wir nicht einmal wissen können, wie die demografische Entwicklung bis dahin 
weiterlaufen wird, die in Europa primär von der Öffnung für Migration abhängt. Der unvorsichtige Teil meines Zitats 
bestand darin, nicht gleich dazu zu sagen, dass die Dankbarkeit gegenüber Angela Merkel auch von der politischen 
Entwicklung abhängig sein würde. In vielen Staaten Europas gibt es die Gefahr, dass extreme rechte Parteien an 
die Macht kommen und ihre Länder ähnlich wie Trump und Orban gegenüber Einwanderung abschotten, mit sehr 
negativen demografischen und ökonomischen Auswirkungen. Europa würde dann noch weiter in 
Bedeutungslosigkeit auf globaler Ebene versinken.
In zehn Jahren Merkel dankbar sein : Was ein Migrationsforscher heute über das Zitat sagt Der österreichische 
Soziologe Rainer Bauböck erwartete 2015 einen wirt....
Original Gesamtseiten-PDF
Original Gesamtseiten-PDF
Graphic
 
Flüchtlinge auf der Balkanroute im Jahr 2015"
2025-12,Main Corpus,2025-12(113).ZIP,Ist die Herkunft schuld - oder das Geschlecht_ Ein Bericht des Bundeskriminalamtes zeichnet ein komp.PDF,C:\PythonProjects\AfD-project\Corpora\Main Corpus\2025-12\raw_unarchive\Ist die Herkunft schuld - oder das Geschlecht_ Ein Bericht des Bundeskriminalamtes zeichnet ein komp.PDF,Ist die Herkunft schuld - oder das Geschlecht? Ein Bericht des Bundeskriminalamtes zeichnet ein komplexes,ist die herkunft schuld  oder das geschlecht ein bericht des bundeskriminalamtes zeichnet ein komplexes,Die ZEIT (inklusive ZEIT Magazin),die zeit inklusive zeit magazin,11. Dezember 2025,Hauke Friederichs und Julian Piepkorn,POLITIK;Ist die Herkunft schuld - oder das Geschlecht?; S. 5; Ausg. 53,827,6129,73a9acd5c6d3f473da1571faf6b55ce44e7eca41,,unique,keep,,no,,no,,,8479,no,,,,,"Das Kürzel »tvZ« sieht harmlos aus - dahinter verbirgt sich aber eines der brisantesten Details der deutschen 
Kriminalitätsstatistik. Das Kürzel steht für »tatverdächtige Zuwanderinnen/Zuwanderer« - also Menschen, die in 
Deutschland Asyl beantragt, einen Aufenthaltsstatus erhalten haben oder ausreisepflichtig sind. 331.308 
aufgeklärte Straftaten mit Beteiligung von tvZ hat das Bundeskriminalamt (BKA) für 2024 erfasst und am 
Wochenbeginn in einem Lagebild veröffentlicht.
Zum aktuellen Lagebild des BKA heißt es auf verschiedenen Social-Media-Kanälen, die Kriminalität von Migranten 
sei erschreckend hoch. Tatsächlich, und darauf weist das BKA dezidiert hin, geht es in dem Bericht nicht generell 
um Ausländerkriminalität, sondern um Straftaten, die Zugewanderten angelastet werden. Diese sind im Vergleich 
zum Vorjahr um vier Prozent gesunken. Unter den Tatverdächtigen, die von der Polizei ermittelt werden konnten, 
machten Zuwanderer neun Prozent aus, das entspricht dem Vorjahresniveau. 91 Prozent der von der Polizei 
ermittelten Täter waren also Deutsche oder Ausländer, die nicht als Zugewanderte gelten, etwa Touristen oder EU-
Bürger.
Gesunken sind laut BKA die Zahlen von Diebstahl, Rauschgiftdelikten und auch Vermögens- und 
Fälschungsdelikten sowie Sexualstraftaten durch Zugewanderte. Besonders häufig waren Fälle von 
»Beförderungserschleichung«, wie im Behördendeutsch das Fahren mit öffentlichen Verkehrsmitteln ohne Ticket 
genannt wird. Der Deutsche Anwaltverein und weitere Fachorganisationen fordern seit Langem eine 
Entkriminalisierung dieses Delikts, da es vor allem sozial benachteiligte Menschen betrifft und die Justiz belastet.
Zugenommen haben allerdings von Zugewanderten begangene schwere Straftaten wie Totschlag, Mord und 
Körperverletzung. Auch in der organisierten Kriminalität spielen Zugewanderte eine bedeutende Rolle: Bei einem 
Drittel aller Verfahren der Polizeibehörden von Bund und Ländern in diesem Bereich waren unter den 
Tatverdächtigen Zugewanderte. 912 »tvZ« nennt das BKA im Bereich organisierte Kriminalität, neun Prozent mehr 
als noch 2023. 130 dieser Gruppen werden von Zugewanderten dominiert.

Ist die Herkunft schuld - oder das Geschlecht? Ein Bericht des Bundeskriminalamtes zeichnet ein komplexes 
Kriminalitätsbild von Zuwanderern
Die größten Gruppen unter den tatverdächtigen Zuwanderern stammen aus Syrien, der Ukraine und Afghanistan. 
Diese Herkunftsländer stellen auch den größten Anteil der in Deutschland lebenden Geflüchteten insgesamt. Unter 
den »tvZ« fällt laut BKA vor allem eine Gruppe auf: junge Männer. Mehr als die Hälfte der tatverdächtigen 
Zuwandererinnen und Zuwanderer war unter 30 Jahre alt, und mehr als drei Viertel waren männlich. Täter aus den 
MaghrebStaaten, aus Georgien und Libyen beschäftigten die Behörden besonders häufig; unter ihnen ist der Anteil 
an Mehrfachtatverdächtigen hoch.
»Wen wundert es, dass Syrer und Afghanen stark unter den Tatverdächtigen vertreten sind«, sagt der Kriminologe 
Nils Zurawski, der an der Universität Mainz forscht. »Junge Männer aus Kriegs- und Krisengebieten, die allein in 
einem fremden Land leben, wenige Möglichkeiten haben, legal Geld zu verdienen, vielleicht noch traumatisiert sind 
von Flucht und Gewalterfahrungen, sind überall auf der Welt ein Problem.« Und er fügt hinzu: »Aus dem Maghreb 
kommen eher viele junge Männer, die zu Hause wenig Chancen, Möglichkeiten oder Hoffnungen haben. Junge 
Männer, die sich durchkämpfen müssen, die Gewalt erlebt, die eingesteckt und ausgeteilt haben.«
Generell gehe von jungen Männern ein höheres Kriminalitätsrisiko aus, sie begingen mehr Delikte wie Diebstahl, 
leichten Raub oder Drogenbesitz. Das gelte aber auch für junge Männer mit deutscher Staatszugehörigkeit, hält 
Zurawski fest, der für seine Forschung unter anderem Polizisten in Bahnhofsvierteln begleitet hat. Den jungen 
Männern werde kaum geholfen. Sie säßen allein gelassen in Flüchtlingsunterkünften, langweilten sich, sähen keine 
Perspektive, bekämen keine Sprachkurse, keine Arbeitsmöglichkeiten. Sie müssten schneller und besser integriert 
werden.
Ein Systemversagen ganz anderer Art diagnostiziert hingegen der Bremer Politikwissenschaftler Stefan Luft, der 
seit Jahrzehnten zur Migration forscht. Dass Syrer und Afghanen bei Gewaltdelikten so häufig als Tatverdächtige 
gelten, liege an der Gesellschaftsordnung in den Herkunftsländern. »Syrer und Afghanen sind in einer Gesellschaft 
aufgewachsen, in der Gewalt seit Jahrzehnten den Alltag prägt«, sagt Luft. »In Afghanistan, Syrien oder dem 
Maghreb gibt es Gesellschaftssysteme, in denen Gewalt als legitimes Mittel angesehen wird. Die Menschen lernen, 
dass der Stärkere mit Gewalt seine Interessen durchsetzen kann.«
Deutschland sei mit den vielen Migranten schlichtweg überfordert. Die ungesteuerte Zuwanderung habe in den 
letzten Jahren dazu geführt, dass Integration nicht mehr leistbar sei. So viele Lehrer und Sozialpädagogen könne 
man gar nicht einsetzen, um das zu bewältigen.
Dabei zeigen die ukrainischen Flüchtlinge, dass es auch anders geht. Ihr Anteil an den tatverdächtigen 
Zuwanderern beträgt 13 Prozent und liegt damit wesentlich niedriger als ihr Anteil an den Geflüchteten mit 36 
Prozent. In dieser Gruppe allerdings sind junge Männer auch deutlich unterrepräsentiert, weil ukrainische Männer 
im wehrfähigen Alter bis vor wenigen Monaten nicht ausreisen durften.
Junge Männer sind aber nicht nur als Täter in der Statistik stark vertreten. Sie leiden auch besonders unter 
Verbrechen aller Art. »Sie gehören zu der Gruppe, die am meisten Straftaten erlebt - ganz anders als Senioren, die 
sich viel stärker vor Überfällen fürchten«, sagt Zurawski. Betroffen von Kriminalität sind tatsächlich zunehmend 
Zuwanderer. Sie tauchen im aktuellen Lagebild des BKA nicht nur als Täter auf, sondern auch als Opfer von 
Kriminalität. 70.051 von ihnen waren im vergangenen Jahr von Straftaten betroffen - fünf Prozent mehr als 2024.
Mitarbeit: Selina Rudolph
 Straftaten von Zugewanderten. Anteil an der Gesamtzahl der Zugewanderten, in Prozent. Anteil an zugewanderten 
Tatverdächtigen, in Prozent."
2025-12,Main Corpus,2025-12(113).ZIP,"Jung, migrantisch, konform.PDF","C:\PythonProjects\AfD-project\Corpora\Main Corpus\2025-12\raw_unarchive\Jung, migrantisch, konform.PDF","Jung, migrantisch, konform",jung migrantisch konform,"taz, die tageszeitung",taz die tageszeitung,Samstag 06. Dezember 2025,Jonathan Guggenberger,POLITISCHES BUCH; S. 13,506,3644,e55ef7c0e267cfe636bd7ed222705e1adba2e3c6,,unique,keep,,no,,no,,,5069,no,,,,,"Von Jonathan Guggenberger
Canberk Köktürk, Gag-Autor bei Jan Böhmermann, Sohn türkischer Einwanderer, will etwas Provokantes über 
Deutschland schreiben. Aber so sehr er sich in seinem Essaybuch Fascholand auch anstrengt, er schafft es nicht. 
Dabei ließe sich über seine These streiten: Köktürk sieht das Deutschland von heute kurz davor, in den Abgrund 
seiner nationalsozialistischen Vergangenheit zu stürzen und wieder zum Fascholand zu werden.
Eine Warnung soll sein Buch sein ein Sachbuchkrimi , wie es auf dessen schreiend roten Rücken heißt. Wie ein 
Detektiv will Köktürk darin dem geheimen faschistischen Deutschland auf die Schliche kommen und so den 
Etikettenschwindel unserer Nachkriegsdemokratie aufdecken. Kapitel für Kapitel legt er deshalb als 
Ermittlungsakte an. Er trifft Zeugen des schleichenden Sittenverfalls, etwa Betroffene rassistischer Gewalt oder 
seine diskriminierungskritischen Verbündeten in den Medien, von denen es nach Einschätzung des Autors kaum 
mehr welche gibt. Und er interviewt Faschismusexperten wie den britischen Historiker Roger Griffin oder den 
deutschen Politologen Marcel Lewandowsky, die ihm und uns erklären, dass Rechtspopulisten die liberale 
Demokratie von innen heraus zerstören, was keine falsche, aber auch keine neue Erkenntnis ist.
Alle Gesprächspartner befragt Köktürk zu seiner These und bekommt dabei fast immer, wonach er sucht: 
Bestätigung. Bleibt die einmal aus, weil einer der Befragten mit seiner Meinung von der des Autors abweicht, so 
kommt es nicht etwa zum offenen Dissens, sondern zu einem monologischen Lamento: Ich war enttäuscht, dass er 
mir widersprach. Provokation und Streit klingen anders. Kann es sein, dass es Köktürk weniger um Kritik an 
autoritärer Ideologie und mehr um seinen Wunsch nach Einigkeit geht?
Gleiches gilt für die Signalfloskeln, die dem Leser alle drei Absätze fett markiert entgegenrufen und offensichtlich 
dabei helfen sollen, die Lernmantras des Buches einzuüben. Zum Beispiel: weiß-christlich-heteronormativ-
patriarchale Gesellschaft , Köktürks Lieblingsbegriff, mit dem er seine These der Refaschisierung der Deutschen zu 
erklären versucht. Und es stimmt ja auch: Das Problem, dass die Mitte immer rechter wird, ist real. Nur konnten 
flache Feindbildmalereien wie diese dem Machtspiel wütender Rechtspopulisten bisher nichts entgegensetzen. 
Linke Mäßigungsversuche scheitern weiter und auch Köktürk bietet keine bessere Lösung an.

Jung, migrantisch, konform
All das ist schade. Denn junge und migrantische Stimmen, die der Konsensversessenheit deutscher Debatten mit 
Dissidenz begegnen, fehlen. Warum also sucht ein Autor mit Migrationshintergrund, dessen deutsche Paranoia 
begründet ist, nur Bestätigung? Köktürk gibt die Antwort selbst: Er schreibt, dass es ihm als deutschem Autor mit 
türkischem Namen nicht möglich sei, sich anders also klar, gefühlvoll und provokativ zu äußern, denn sonst 
glauben dir die Deutschen kein Wort! 
Man möchte ihm zurufen: Vergessen Sie die Deutschen mal für einen Moment. Es gibt doch Passagen in Ihrem 
Buch, die erzählerische Nähe, unkonventionelle Takes und damit auch neue Erkenntnisse zulassen. Etwa, wenn 
Sie tatsächlich mal gnadenlos subjektiv über Ihre widersprüchliche Ruhrpott-Liebe oder Ihre gut begründete 
Verachtung gegenüber dem Klassendünkel deutscher Akademiker schreiben. Warum nicht mehr davon? Warum 
nicht mal was richtig Provokantes schreiben? Mit koketter Konformität zumindest hat man den Faschismus noch nie 
aufgehalten besonders nicht in Deutschland.
Canberk Köktürk: Fascholand. Wir sind hier immer noch in Deutschland . Ullstein, Berlin 2025, 320 S., 9,99 Euro"
2025-12,Main Corpus,2025-12(113).ZIP,Kreis_ Mit Kommunen über Sozialhilfe sprechen Verwaltung Zweifel an struktureller und personeller Le.PDF,C:\PythonProjects\AfD-project\Corpora\Main Corpus\2025-12\raw_unarchive\Kreis_ Mit Kommunen über Sozialhilfe sprechen Verwaltung Zweifel an struktureller und personeller Le.PDF,Kreis: Mit Kommunen über Sozialhilfe sprechen Verwaltung Zweifel an struktureller und personeller,kreis mit kommunen über sozialhilfe sprechen verwaltung zweifel an struktureller und personeller,Nordwest-Zeitung,nordwestzeitung,10. Dezember 2025,,BRAKE; S. 15,417,3087,872154c86ecdcef7f21786e5e685ccc6747d6b39,,unique,keep,,no,,no,,,4056,no,,,,,"Wesermarsch/QUA - Die Auseinandersetzung darüber, ob künftig Städte und Gemeinden oder Landkreis für die 
Aufgaben der Sozialhilfe in der Wesermarsch zuständig sein soll, geht in die nächste Runde. Zunächst hatte der 
Landkreis vorgeschlagen, diese Aufgaben zentral in Brake und Nordenham anzusiedeln. Diese Ankündigung hatte 
bereits für einigen Unmut gesorgt, der Landkreis musste Formulierungen klarstellen, die als Kritik an der Leistung 
der Mitarbeiterinnen und Mitarbeiter in den Kommunen verstanden worden waren. Auch die Vorstellung, dass 
Bürgerinnen und Bürger für alle Fragen rund um Sozialhilfe, Wohngeld und Leistungen für Asylbewerber nur noch 
Anlaufstellen in Brake und Nordenham hätten, sorgten für Kritik.
Bürgermeister wollen Aufgabe behalten
Am vergangenen Freitag meldeten sich dann die Bürgermeisterinnen und Bürgermeister gemeinsam mit einer 
Pressemitteilung zu Wort. Ihr Vorschlag: Die Kommunen behalten die Aufgabe, die Städte können sie aber für 
kleinere Gemeinden mit anbieten, wenn diese die komplexen Anforderungen nicht mehr erfüllen können oder ihnen 
die Fachkräfte fehlen. Der Landkreis solle sich um den Ausgleich der Personalkosten kümmern.
Kreis zweifelt an Leistungsfähigkeit
Am Montag reagierte wiederum der Landkreis Wesermarsch auf diesen Vorschlag. Auf Nachfrage unserer 
Redaktion ließ Kreisrätin Sindy Nestler mitteilen: Ich freue mich über die Positionierung der Bürgermeisterinnen 
und Bürgermeister in einer wichtigen strukturellen Frage. Nestler erklärt aber auch, dass ursprünglich nicht der 

Kreis: Mit Kommunen über Sozialhilfe sprechen Verwaltung Zweifel an struktureller und personeller 
Leistungsfähigkeit bleiben
Landkreis den Anlass für Veränderungen gesehen habe: Mit unseren bisherigen Überlegungen haben wir den 
Darlegungen der Kommunen Rechnung getragen, die strukturell und personell künftig die Herausforderungen zur 
Erledigung der übertragenen Aufgaben nicht mehr werden leisten können. 
Nestler weiter: Der nun eingebrachte Vorschlag biete eine gute Grundlage für weitere Beratungen, die der 
Landkreis im Jahr 2026 mit den Kommunen fortsetzen werden. Unser Ziel bleibt, eine gute Lösung für alle 
Beteiligten zu finden. Ich bin zuversichtlich, dass wir dieses Ziel gemeinsam mit den Städten und Gemeinden 
erreichen werden. 
Plan für 2029
Zum Hintergrund: Der Vorschlag des Landkreises sah vor, ab 2029 Leistungen nach dem Sozialgesetzbuch XII, 
dem Asylbewerberleistungsgesetz und dem Wohngeldgesetz zentral in Brake und Nordenham zu bearbeiten. Der 
Landkreis hatte bei seinem Plan für die Zentralisierung unter seinem Dach auch mit einer Erhöhung der 
Fachkompetenz argumentiert was in den Rathäusern zum Teil als abwertend und Affront gegenüber den 
Mitarbeiterinnen und Mitarbeitern empfunden wurde. Aktuell werden die betreffenden Leistungen in den 
Rathäusern der drei Städte und sechs Gemeinden der Wesermarsch beantragt und bearbeitet. Träger dieser 
Aufgaben ist der Landkreis Wesermarsch, die Wahrnehmung hat er aber bereits im Jahr 1962 auf die Städte und 
Gemeinden übertragen.
PDF-Datei dieses Dokuments"
2025-12,Main Corpus,2025-12(113).ZIP,Kritik an geplanter Arbeitspflicht(2).PDF,C:\PythonProjects\AfD-project\Corpora\Main Corpus\2025-12\raw_unarchive\Kritik an geplanter Arbeitspflicht(2).PDF,Kritik an geplanter Arbeitspflicht,kritik an geplanter arbeitspflicht,Frankfurter Rundschau,frankfurter rundschau,Mittwoch 17. Dezember 2025,,POLITIK; S. 5,624,4857,beea6d257ebed24687b7c550fcaf9be8eb37fb98,exact_013,duplicate_exact,review,,no,,no,,,6314,no,,exact_013,,,"Die Überlegungen der Stadt Salzgitter, eine Arbeitspflicht für Asylbewerber:innen einzuführen, stoßen beim 
Flüchtlingsrat Niedersachsen auf deutliche Kritik. Eine solche Pflicht sei „nicht zielführend“, sagte Muzaffer 
Öztürkyilmaz vom Verein. Sie eröffne Geflüchteten keinen Zugang zu regulärer Arbeit. Dabei moniert Öztürkyilmaz 
einen grundsätzlichen Widerspruch: Einerseits solle Geflüchteten signalisiert werden, sie sollten Deutschland 
fernbleiben, andererseits würden sie „als billige Arbeitskräfte“ eingesetzt. Das dahinterstehende Menschenbild sei 
problematisch – zumal Arbeits- und Fachkräfte fehlten.
Der Stadtrat in Salzgitter hatte am Mittwoch vergangener Woche mehrheitlich beschlossen, eine Arbeitspflicht für 
Asylbewerber:innen prüfen zu lassen – auf Antrag der SPD. Grundlage ist das Asylbewerberleistungsgesetz, das 
für solche Tätigkeiten in kommunalen oder gemeinnützigen Einrichtungen eine Aufwandsentschädigung von 80 
Cent pro Stunde vorsieht. Wer ohne Begründung ablehnt, erhält weniger staatliche Unterstützung.
Der Flüchtlingsrat hält den Ansatz für kontraproduktiv. Ankommende sollten zunächst Deutsch lernen und sich 
qualifizieren können, so Öztürkyilmaz. Die 80-Cent-Jobs erfüllten diese Voraussetzungen nicht; er sprach von 
einem „Drehtüreffekt“. Viele Geflüchtete wollten arbeiten, die Sprache lernen oder sich engagieren, wüssten aber 
oft nicht, wo sie ansetzen sollten. „Die muss man nicht zwingen, denen muss man nur das Angebot machen“, sagte 
er. Eine Pflicht habe zudem einen „schlechten Beigeschmack“ und vermittle, dass die Menschen nicht erwünscht 
seien.
Im niedersächsischen Landtag stößt das Thema auf geteilte Reaktionen. Nach Angaben der CDU prüfen mehrere 
Kommunen ähnliche Modelle. Das halte man für richtig, sagte Sebastian Lechner, Fraktions- und Landesparteichef 
der CDU: „Weil es fair ist, dass alle einen Beitrag für die Gemeinschaft leisten.“ SPD-Fraktionschef Stefan Politze 
sagte, die Diskussion sei nötig, weil das Thema viele Menschen im Hinblick auf ihr Gerechtigkeitsempfinden 
beschäftige. „Ich finde richtig, dass man darüber diskutiert, weil das ein Punkt ist, der die Menschen da draußen 
umtreibt.“ Er wolle die SPD in Salzgitter dafür weder kritisieren noch loben. Eine gründliche Diskussion auf 
Bundesebene sei nötig – auch über die Frage, ob 80 Cent angemessen seien.
Der SPD-Landesverband sieht in solchen Angeboten grundsätzlich Chancen. Sie könnten Menschen „eine Tätigkeit 
näherbringen, beziehungsweise ihnen überhaupt wieder etwas zu tun geben“ und seien daher „im Grunde zu 
begrüßen“.

Kritik an geplanter Arbeitspflicht
DGB für reguläre Jobs
Der Koalitionspartner lehnt den Vorstoß dagegen deutlich ab: Die Entwicklung in Salzgitter sei problematisch, sagte 
Grünen-Fraktionschefin Anne Kura. Die Arbeitspflicht sei „ein völlig verkehrtes Instrument“. Vorrangig müsse sein, 
Geflüchteten frühzeitig Zugang zum regulären Arbeitsmarkt zu ermöglichen. Grünen-Politiker Volker Bajus verwies 
zudem auf den erheblichen bürokratischen Aufwand solcher Arbeitsgelegenheiten – und darauf, dass nur wenige 
Asylbewerber überhaupt betroffen wären.
Der DGB-Landesvorsitzende Ernesto Harder lehnte eine Arbeitspflicht kategorisch ab und forderte dagegen 
schnellere Arbeitsgenehmigungen und dann fair bezahlte und sozialversicherungspflichtige Jobs. Die 
Menschenrechtsorganisation Pro Asyl moniert in der Debatte schon länger, dass auf der einen Seite von manchen 
Akteuren eine Arbeitspflicht gefordert wird – während gleichzeitig für viele Geflüchtete in Deutschland 
Arbeitsverbote gelten. Diese gelte es abzuschaffen.
Tatsächlich fangen Geflüchtete in Deutschland laut dem Mediendienst Integration im europaweiten Vergleich eher 
später an zu arbeiten. Dies liege aber in erster Linie daran, dass „Deutschland ein Integrationsmodell anwendet, 
das sich zunächst auf den Spracherwerb konzentriert“, zitiert der Dienst die Arbeitsmarktforscherin Yuliya 
Kosyakova vom Institut für Arbeitsmarkt- und Berufsforschung.
Auch andere Kommunen in Niedersachsen beschäftigt das Thema. Der Landkreis Peine hat eine ähnliche 
Regelung bereits beschlossen. In der Stadt Braunschweig wurde ein ähnlicher Antrag abgelehnt und im Landkreis 
Helmstedt gab es einen vergleichbaren Antrag.
Jenseits von Gemeinschaftsunterkünften, wo Geflüchtete schon länger in geringerem Umfang zu gemeinnützigen 
Tätigkeiten verpflichtet werden können, ist eine Arbeitspflicht, wie sie Salzgitter nun anstrebt, in einigen 
ostdeutschen Landkreisen bereits Realität – etwa im thüringischen Landkreis Greiz. Der dortige Landrat Ulli 
Schäfer (CDU) legte ein Jahr nach dem Start der umstrittenen Regelung kürzlich nach: Er fordert jetzt auch eine 
Arbeitspflicht für Bürgergeldempfängerinnen und -empfänger, wie der Mitteldeutsche Rundfunk berichtete – genau 
das fordert die AfD auch. DPA/FAB
Link zum PDF-Dokument"
2025-12,Main Corpus,2025-12(113).ZIP,Kritik an geplanter Arbeitspflicht.PDF,C:\PythonProjects\AfD-project\Corpora\Main Corpus\2025-12\raw_unarchive\Kritik an geplanter Arbeitspflicht.PDF,Kritik an geplanter Arbeitspflicht,kritik an geplanter arbeitspflicht,Frankfurter Rundschau,frankfurter rundschau,Mittwoch 17. Dezember 2025,,POLITIK; S. 5,624,4857,beea6d257ebed24687b7c550fcaf9be8eb37fb98,exact_013,duplicate_exact,review,,no,,no,,,6312,no,,exact_013,,,"Die Überlegungen der Stadt Salzgitter, eine Arbeitspflicht für Asylbewerber:innen einzuführen, stoßen beim 
Flüchtlingsrat Niedersachsen auf deutliche Kritik. Eine solche Pflicht sei „nicht zielführend“, sagte Muzaffer 
Öztürkyilmaz vom Verein. Sie eröffne Geflüchteten keinen Zugang zu regulärer Arbeit. Dabei moniert Öztürkyilmaz 
einen grundsätzlichen Widerspruch: Einerseits solle Geflüchteten signalisiert werden, sie sollten Deutschland 
fernbleiben, andererseits würden sie „als billige Arbeitskräfte“ eingesetzt. Das dahinterstehende Menschenbild sei 
problematisch – zumal Arbeits- und Fachkräfte fehlten.
Der Stadtrat in Salzgitter hatte am Mittwoch vergangener Woche mehrheitlich beschlossen, eine Arbeitspflicht für 
Asylbewerber:innen prüfen zu lassen – auf Antrag der SPD. Grundlage ist das Asylbewerberleistungsgesetz, das 
für solche Tätigkeiten in kommunalen oder gemeinnützigen Einrichtungen eine Aufwandsentschädigung von 80 
Cent pro Stunde vorsieht. Wer ohne Begründung ablehnt, erhält weniger staatliche Unterstützung.
Der Flüchtlingsrat hält den Ansatz für kontraproduktiv. Ankommende sollten zunächst Deutsch lernen und sich 
qualifizieren können, so Öztürkyilmaz. Die 80-Cent-Jobs erfüllten diese Voraussetzungen nicht; er sprach von 
einem „Drehtüreffekt“. Viele Geflüchtete wollten arbeiten, die Sprache lernen oder sich engagieren, wüssten aber 
oft nicht, wo sie ansetzen sollten. „Die muss man nicht zwingen, denen muss man nur das Angebot machen“, sagte 
er. Eine Pflicht habe zudem einen „schlechten Beigeschmack“ und vermittle, dass die Menschen nicht erwünscht 
seien.
Im niedersächsischen Landtag stößt das Thema auf geteilte Reaktionen. Nach Angaben der CDU prüfen mehrere 
Kommunen ähnliche Modelle. Das halte man für richtig, sagte Sebastian Lechner, Fraktions- und Landesparteichef 
der CDU: „Weil es fair ist, dass alle einen Beitrag für die Gemeinschaft leisten.“ SPD-Fraktionschef Stefan Politze 
sagte, die Diskussion sei nötig, weil das Thema viele Menschen im Hinblick auf ihr Gerechtigkeitsempfinden 
beschäftige. „Ich finde richtig, dass man darüber diskutiert, weil das ein Punkt ist, der die Menschen da draußen 
umtreibt.“ Er wolle die SPD in Salzgitter dafür weder kritisieren noch loben. Eine gründliche Diskussion auf 
Bundesebene sei nötig – auch über die Frage, ob 80 Cent angemessen seien.
Der SPD-Landesverband sieht in solchen Angeboten grundsätzlich Chancen. Sie könnten Menschen „eine Tätigkeit 
näherbringen, beziehungsweise ihnen überhaupt wieder etwas zu tun geben“ und seien daher „im Grunde zu 
begrüßen“.

Kritik an geplanter Arbeitspflicht
DGB für reguläre Jobs
Der Koalitionspartner lehnt den Vorstoß dagegen deutlich ab: Die Entwicklung in Salzgitter sei problematisch, sagte 
Grünen-Fraktionschefin Anne Kura. Die Arbeitspflicht sei „ein völlig verkehrtes Instrument“. Vorrangig müsse sein, 
Geflüchteten frühzeitig Zugang zum regulären Arbeitsmarkt zu ermöglichen. Grünen-Politiker Volker Bajus verwies 
zudem auf den erheblichen bürokratischen Aufwand solcher Arbeitsgelegenheiten – und darauf, dass nur wenige 
Asylbewerber überhaupt betroffen wären.
Der DGB-Landesvorsitzende Ernesto Harder lehnte eine Arbeitspflicht kategorisch ab und forderte dagegen 
schnellere Arbeitsgenehmigungen und dann fair bezahlte und sozialversicherungspflichtige Jobs. Die 
Menschenrechtsorganisation Pro Asyl moniert in der Debatte schon länger, dass auf der einen Seite von manchen 
Akteuren eine Arbeitspflicht gefordert wird – während gleichzeitig für viele Geflüchtete in Deutschland 
Arbeitsverbote gelten. Diese gelte es abzuschaffen.
Tatsächlich fangen Geflüchtete in Deutschland laut dem Mediendienst Integration im europaweiten Vergleich eher 
später an zu arbeiten. Dies liege aber in erster Linie daran, dass „Deutschland ein Integrationsmodell anwendet, 
das sich zunächst auf den Spracherwerb konzentriert“, zitiert der Dienst die Arbeitsmarktforscherin Yuliya 
Kosyakova vom Institut für Arbeitsmarkt- und Berufsforschung.
Auch andere Kommunen in Niedersachsen beschäftigt das Thema. Der Landkreis Peine hat eine ähnliche 
Regelung bereits beschlossen. In der Stadt Braunschweig wurde ein ähnlicher Antrag abgelehnt und im Landkreis 
Helmstedt gab es einen vergleichbaren Antrag.
Jenseits von Gemeinschaftsunterkünften, wo Geflüchtete schon länger in geringerem Umfang zu gemeinnützigen 
Tätigkeiten verpflichtet werden können, ist eine Arbeitspflicht, wie sie Salzgitter nun anstrebt, in einigen 
ostdeutschen Landkreisen bereits Realität – etwa im thüringischen Landkreis Greiz. Der dortige Landrat Ulli 
Schäfer (CDU) legte ein Jahr nach dem Start der umstrittenen Regelung kürzlich nach: Er fordert jetzt auch eine 
Arbeitspflicht für Bürgergeldempfängerinnen und -empfänger, wie der Mitteldeutsche Rundfunk berichtete – genau 
das fordert die AfD auch. DPA/FAB
Link zum PDF-Dokument"
2025-12,Main Corpus,2025-12(113).ZIP,Leiche ohne Kopf und Hände entdeckt Kriminalität Lebensgefährte von Flüchtlingsfrau aus Eritrea unte.PDF,C:\PythonProjects\AfD-project\Corpora\Main Corpus\2025-12\raw_unarchive\Leiche ohne Kopf und Hände entdeckt Kriminalität Lebensgefährte von Flüchtlingsfrau aus Eritrea unte.PDF,Leiche ohne Kopf und Hände entdeckt Kriminalität Lebensgefährte von Flüchtlingsfrau aus Eritrea unter,leiche ohne kopf und hände entdeckt kriminalität lebensgefährte von flüchtlingsfrau aus eritrea unter,Nordwest-Zeitung,nordwestzeitung,02. Dezember 2025,,PANORAMA; S. 15,325,2130,83c806c6cec1bd9a768a68a335bd8e8de4eaef72,,unique,keep,,no,,no,,,3839,no,,,,,"Olpe/Koblenz/(dpa) - Nach dem Fund von zwei Händen auf der A 45 bei Olpe (NRW) in der Nacht vom 16. auf den 
17. November hat ein Spaziergänger in Rheinland-Pfalz nun eine Frauenleiche ohne Hände und Kopf entdeckt, die 
zu den abgetrennten Körperteilen gehören könnte. Eine Identifizierung sei aber nur über einen DNA-Abgleich 
möglich, teilte die Polizei Koblenz am Montag mit. Das Ergebnis werde im Laufe der nächsten Tage erwartet.
Auch die Polizei Hagen teilte mit, es werde geprüft, ob es sich um den Körper der 32 Jahre alten Eritreerin 
handele, deren Hände auf der A 45 gefunden worden waren. Die Hände hatten durch Fingerabdrücke der 
Flüchtlingsfrau zugeordnet werden können. Die Untersuchungen der Rechtsmedizin in Bonn ergaben, dass die 
Hände nach dem Tod der Frau abgetrennt wurden. 
Mann in Verwahrung
 Im Zuge der umfangreichen Ermittlungen der Mordkommission der Polizei Hagen wird geprüft, ob der 
Lebensgefährte der Eritreerin mit der Tat in Verbindung steht , schrieben die Polizei Hagen und die 
Staatsanwaltschaft Siegen: Der 41-Jährige befindet sich derzeit im außereuropäischen Ausland. Er konnte mit 
Unterstützung der dortigen Polizei vernommen werden. Er befindet sich auf eigene Veranlassung der örtlichen 
Polizei in amtlicher Verwahrung. Laut WDR hält er sich in Äthiopien auf.

Leiche ohne Kopf und Hände entdeckt Kriminalität Lebensgefährte von Flüchtlingsfrau aus Eritrea unter 
Verdacht
Die Frauenleiche wurde bereits am Freitag gegen 15.15 Uhr von einem Spaziergänger in einem Waldstück bei 
Monreal im Kreis Mayen-Koblenz gefunden. Es fehlten beide Hände und der Kopf. Am Fundort wurden 
umfangreich Spuren gesichert. Der Kopf konnte bislang nicht gefunden werden , teilte die Polizei Koblenz mit.
Baby ausgesetzt
Die 32-Jährige war mit ihrem drei Monate alten Baby zuletzt in einer Unterkunft für Asylbewerber in Bonn gemeldet. 
Das Kind war am 16. November vor einem Kloster im hessischen Waldsolms ausgesetzt worden. Es war unverletzt. 
Der Fundort der Hände, der Leiche und des Babys liegen in drei verschiedenen Bundesländern und nicht in der 
Nähe voneinander. 
PDF-Datei dieses Dokuments"
2025-12,Main Corpus,2025-12(113).ZIP,Macht es doch selbst! Deutschlands politische Lager verharren in Stillstand und Blockade. Reformen_.PDF,C:\PythonProjects\AfD-project\Corpora\Main Corpus\2025-12\raw_unarchive\Macht es doch selbst! Deutschlands politische Lager verharren in Stillstand und Blockade. Reformen_.PDF,Macht es doch selbst! Deutschlands politische Lager verharren in Stillstand und Blockade. Reformen?,macht es doch selbst deutschlands politische lager verharren in stillstand und blockade reformen,Berliner Zeitung,berliner zeitung,13. Dezember 2025,Thomas Fasbender,STADTGESPRÄCH; S. 4,2279,15674,a274a4e539e73e25e3d24a002f83e62c63db72b0,,unique,keep,,no,,no,,,17530,no,,,,,"Notstand Deutschland. 100.000 Industriearbeitsplätze weniger in einem einzigen Jahr, dafür mehr als 100.000 
zusätzliche Asylbewerber. Die wenigsten werden anerkannt, die allermeisten bleiben. Zuwanderung, Renten und 
Sozialkassen, Infrastruktur, Energiekosten, Bildung, Gesundheit Deutschland, ein Sanierungsfall.
Mehr und mehr werden wir gewahr, wie sehr die Kraft fehlt, uns am eigenen Schopf aus dem Sumpf zu ziehen. 
Nicht mit der derzeitigen Aufstellung, auch wenn sie sich als politische Mitte verkauft. Wie ausgeglühte Schlacke 
glimmt ihr mattes Licht. Diese Mitte hat fertig.
Jeder weiß es, sämtliche Missstände wurden beklagt, alle Klagen sind ergebnislos verklungen. Wer Augen hat zu 
sehen, erkennt: Wir schaffen es nicht. Trotz einer konservativ geführten Regierung, trotz eines scheinbar 
wirtschaftsfreundlichen, scheinbar migrationskritischen Kanzlers.
Irgendwann im Leben kommt der Tag, an dem man erkennt: Das Beste liegt hinter uns. Und wenn man noch so 
strampelt, die alten Höhen sind nur noch Erinnerung. Es geht dem Herbst entgegen. Zuversicht war einmal, die 
Nostalgie übernimmt.
Tragisch ist, wenn dieses Gefühl eine ganze Gesellschaft erfasst, ein ganzes Land. Wenn es auf den Nachwuchs 
überspringt und alle Altersgruppen in die Depression reißt. Schon ist die Rede von der Generation Therapie , einer 
Jugend zwischen Couch und Verzweiflung, getrieben von medial befeuerten Ängsten, Selbstisolation und 
vermeintlicher Perspektivlosigkeit.
Wie erdrückt wirken die jüngeren Jahrgänge vom Übergewicht der demografischen Zwiebel , die in Deutschland 
auf dem Kopf zu stehen scheint das bauchige Boomer-Kontingent an der Spitze, darunter der Nachwuchs, den 
man fast mit der Lupe sucht. Der Bevölkerungsteil, aus dem sich immer noch die Entscheider rekrutieren die 
sogenannten Biodeutschen sind inzwischen zur Hälfte älter als 48 Jahre. Da wachsen keine Reformer mehr, 
geschweige denn Revolutionäre. Ihre Landsleute mit Migrationshintergrund sind zwar im Median zwölf Jahre 
jünger, haben aber (noch) deutlich weniger Teilhabe an der Macht.

Macht es doch selbst! Deutschlands politische Lager verharren in Stillstand und Blockade. Reformen? 
Fehlanzeige. Die Zukunft liegt in den Händen der Mutigen, de....
Und das Medianalter der Biodeutschen wird weiter steigen. Seit 40 Jahren bewegt sich die Geburtenrate in einem 
Kanal zwischen 1,2 und 1,4 für den Bestandserhalt wären 2,1 Kinder je Frau erforderlich. Noch mindestens zwei 
weitere Jahrzehnte, bis das allmähliche Boomersterben einsetzt, gewinnt das Wählerreservoir der Alten an Gewicht 
schlechte Aussichten für junge Veränderer. Am Beharrungsvermögen der Alten werden sie so scheitern wie jüngst 
die Rentenrebellen in der Unionsfraktion.
Was tun? Das Fenster für Reformen scheint geschlossen. Nicht nur sind die politischen Lager verhakt und 
zubetoniert. Auch fehlen die Handlungsspielräume. Der letzte Reformkanzler, der Sozialdemokrat Gerhard 
Schröder, operierte vor gut 20 Jahren unter gänzlich anderen Bedingungen. Billige Energie aus Russland sprudelte, 
China bot riesige, neue Absatzmärkte, die europäische Technologieführerschaft galt als gegeben, der globale 
Freihandel hatte Konjunktur.
Zudem lag die Wachstumsrate der Arbeitsproduktivität in Deutschland in den Nullerjahren bei gut einem Prozent 
weniger als in den Jahrzehnten zuvor, aber fast doppelt so hoch wie in den zehn Jahren seit 2015. Ohne 
Produktivitätszuwachs stagniert jedoch der Wohlstand; Umverteilung wird zum Nullsummenspiel.
In den Zwanzigerjahren kommen jetzt die geopolitischen Veränderungen hinzu. Der Freihandel weicht dem 
Protektionismus. Lieferketten werden von kostenoptimal auf risikoarm umgekrempelt. Die neue Blockbildung führt 
zu steil steigenden Militärausgaben. Über allem schwebt die Jahrhundertrivalität zwischen China und den USA; 
beide Seiten bewegen sich in Richtung eines dauerhaften Technologie- und Handelskriegs. Und Europa? Europa 
muss erleben, dass sich der Rest der Welt für seine Werte nur sehr bedingt interessiert. Russland und China 
gewiss nicht und unter Donald Trump nicht einmal mehr die USA.
Gut ein halbes Jahr nach Antritt der neuen Bundesregierung besteht kein Zweifel, dass auch von diesem Kanzler 
kein Ruck ausgehen wird. Wie gelähmt starrt die besagte Mitte auf den Erfolg der Populisten links und rechts 
offensichtlich unfähig zu begreifen, was dahinter steckt. Stattdessen glaubt man den eigenen Parolen, lautes 
Pfeifen im dunklen Wald. Das Personal lässt ohnehin zu wünschen übrig; offensichtlich hatten Quoten und Proporz 
die Hand im Spiel. Da ist von allem zu wenig: Fantasie, Mut, Ehrlichkeit, Führung. Kein Bismarck, kein Churchill, 
kein Alter Fritz weit und breit.
Von dieser Mitte kommt nichts mehr. Vielleicht noch Kompromisse, die den Anschein von Tun und Tat vermitteln 
sollen und die doch jeder durchschaut. Das Scheitern hat drei Gründe: die staatstragende Generation ist 
ideologisch ausgelaugt; die Boomer- Rentner wirken als ungeheurer Bremsklotz; Deutschland und Europa haben 
ihre globale Gestaltungskraft eingebüßt.
Wenn das Versagen komplett ist, hilft auch kein Klagen mehr. Das ist insofern tröstlich, als es den Einzelnen auf 
sich selbst verweist. Die Zeiten, als man vom Staat erwarten konnte, dass er die Welt und das Leben besser oder 
gerechter macht, sind vorbei. Die deutsche Misere bestätigt eine alte Weisheit: Hilf dir selbst, dann hilft dir Gott.
Die Zukunft gehört den Widerständigen, den Mutigen, den wirklichen Optimisten. All jenen, deren Schlussfolgerung 
lautet: Do it yourself. Und überhaupt gehört der Blick in die Welt hinaus; wer in deutschen Dimensionen denkt, dem 
steigt der Trübsinn zu Kopf. Dort draußen, im globalen Durchschnitt, wächst die Wirtschaft nämlich mit 3 bis 4 
Prozent im Jahr, und das absehbar auf Jahrzehnte. Bis in der zweiten Jahrhunderthälfte die Weltbevölkerung mit 
knapp zehn Milliarden Menschen ihren Höchststand erreicht.
 Exportartikel German Angst 
In dieser zweiten Jahrhunderthälfte, zu deren Beginn dann die Gen-Z an den Schalthebeln sitzt, werden auch die 
Folgen der Erderwärmung richtig spürbar. Die neue Weltmacht China, von Ingenieuren beherrscht, sieht darin eine 
technische Herausforderung. Und das Volk der Dichter und Denker (ein deutscher Ehrentitel aus dem 19. 
Jahrhundert)? Es reagiert mit Angst. Die ist sogar ein Exportartikel und hat es bis in die englische Sprache 
geschafft: German Angst . 
Macht es doch selbst! Deutschlands politische Lager verharren in Stillstand und Blockade. Reformen? 
Fehlanzeige. Die Zukunft liegt in den Händen der Mutigen, de....
Was sind wir für Helden. Weltuntergang, Inferno, Klimakrise, Katastrophe, Apokalypse in Deutschland saufen wir 
die Angst aus Eimern. Von Zukunftsgram verzehrte Zwanzigjährige kleben sich an den Straßen fest; bald ziehen 
sie im härenen Büßerhemd durch die Straßen und peitschen sich blutig.
Die deutsche Volksseele auch so ein Tabubegriff wurzelt tief im 19. Jahrhundert, im Biedermeier: die blaue 
Blume der Romantik. Sie hält uns im Schwitzkasten; die westliche Nachkriegsläuterung wirkte nur temporär. 
Unseren Idealen ist die kalte, durchtechnisierte Zukunft zuwider die Humboldtsche Tradition, das deutsche 
Gymnasium, Bildung um ihrer selbst willen, soziale Gerechtigkeit, Chancengleichheit. Im Herzen hassen wir die KI, 
die Totengräberin unserer heilen Welt.
Doch was tun, wenn es irgendwann um die eigenen Kinder geht? Die deutsche Schule erinnert inzwischen an das 
Gesundheitswesen im Realsozialismus: für alle umsonst und für jeden gleich wenig. Die große Reform, die das 
deutsche Schulwesen erneut zur Weltspitze aufschließen lässt, wird nicht kommen. Auch die anderen Reformen 
nicht. Also gilt auch hier: Do it yourself.
Wo steht geschrieben, dass man für die Ausbildung seiner Kinder keinen Kredit aufnehmen oder das ererbte 
Häuschen nicht verkaufen darf? In anderen Ländern ist das gang und gäbe. Für Hochbegabte gibt es Stipendien, 
auch im Ausland. Man muss wollen und wieder wollen, suchen und wieder suchen, dann findet man oft genug.
Es ist dieser unbedingte Wille, getragen von einem eisernen Optimismus, der den Staatsgläubigen abgeht. Doch 
was tun in einem Land, das sich Richtung Niedergang bewegt? Eigene Nachkommen gewinnen an Bedeutung. Von 
der staatlichen Rente wird die heutige Jugend dereinst nicht satt. Wer aber in 50 Jahren gut ausgebildete Kinder 
hat, darf zumindest hoffen. Viele Zuwandererfamilien, nicht zuletzt die berüchtigten Clans (die auch nicht allesamt 
kriminell sind), gehen mit gutem Beispiel voran.
Deutsche mit Migrationshintergrund haben Do it yourself bereits verinnerlicht. Rund 15 Prozent dieser 
Bevölkerungsgruppe sind selbstständig; bei den Deutschen ohne Migrationshintergrund ist es nicht einmal jeder 
Zehnte. Die höhere Quote unter den Zuwanderern spricht für Vertrauen, Selbstvertrauen. Man setzt nicht auf den 
Staat und die Gesellschaft, man setzt auf sich und die Familie. Eine Tugend, die Deutschland im Rausch des 
Hedonismus und Individualismus verlernt hat.
Laut Schätzungen steht in den nächsten fünf bis zehn Jahren in bis zu 200.000 deutschen Familienunternehmen 
ein Generationswechsel an. In 30 bis 40 Prozent ist keine innerfamiliäre Nachfolge zu erwarten; manche Quellen 
sprechen von bis zu 50 Prozent. Die Kinder haben andere Pläne oder sind schlicht nicht interessiert. Das betrifft 
nicht alle, aber doch sehr viele der jährlich mehreren tausend Familien-GmbHs, deren Weiterführung an der 
Nachfolge scheitert.
Ist es denkbar, dass solch ein Trend sich in einer Zeit wachsender Unsicherheit dreht? Auch das gehört zum Do it 
yourself : gegen den Strom denken und handeln. Viele tun es, indem sie die Koffer packen und ins Ausland gehen. 
Die Auswanderer. Laut offiziellen Zahlen verlassen jährlich bis zu 250.000 Deutsche die Bundesrepublik, bevorzugt 
in die deutschsprachigen Länder Schweiz und Österreich, in EU-Staaten und klassische Einwanderungsländer wie 
die USA oder Kanada.
Fünf Millionen Deutsche sind im 19. Jahrhundert in die Neue Welt gezogen. Darunter Gauner und Halsabschneider, 
aber in Summe nicht die Schlechtesten. Ein klassischer Fall von Do it yourself wenn die Heimat außer Jammer 
und Aussichtslosigkeit nichts zu bieten hat, kehrt man ihr den Rücken.
So weit wie im 19. Jahrhundert sind wir noch nicht. Heute gehen die meisten für einige Jahre, viele für den 
Lebensabend, nicht wenige kehren zurück. Der typische Auswanderer ist jung und mobil, hinzu kommen die 
Rentner, die ihren Ruhestand im sonnigen Süden verbringen.
Manche zieht es sogar nach Dubai in die Vereinigten Arabischen Emirate. Für Gründer ist Ausland inzwischen 
alternativlos wer unterwirft sich freiwillig deutscher Bürokratie und Kontrolle? Auch das gehört zum Do it yourself ; 
wenn man sich selbstständig macht, dann nicht mehr hierzulande.
Macht es doch selbst! Deutschlands politische Lager verharren in Stillstand und Blockade. Reformen? 
Fehlanzeige. Die Zukunft liegt in den Händen der Mutigen, de....
Für die wirklich Ehrgeizigen, die wirklich Willensstarken ist dieses Land verloren. Was bedeutet das für die Politik? 
Die Erosion der Mitte wurde erwähnt. Der Laden dümpelt vor sich hin, das war s dann auch. Schicht im Schacht.
Bleiben die Ränder, links und rechts, verfemt, verhasst, gefürchtet. Wie lange wird der Souverän, das Volk, die 
Mitte stützen, wenn alles den Bach hinuntergeht? Ob Linke, AfD oder BSW irgendwann, irgendwo winkt ihnen die 
Macht. Sollten wir nicht neugierig sein, mehr von ihnen zu erfahren?
Alles bekannt, sagen die einen. Faschismus, Hitler, Franco, Mussolini. Alles bekannt, sagen die anderen. 
Kommunismus, Stalin, Ulbricht, Honecker. Was bleibt, ist die Frage: Wenn die bisherige Politik versagt, welche 
neue Politik wird sie ersetzen? Es ist allein die Impotenz der politischen Mitte, die zu dieser Frage Anlass gibt. 
Gäbe es mitreißende Reformer in der Union oder unter Sozialdemokraten, Frauen und Männer, die das Ruder 
herumreißen und das Schiff auf Zukunftskurs bringen, würden wir über diese Defizite nicht diskutieren.
Doch dem ist nicht so. Und weil es nicht so ist, verteidigt das Ancien regime den Status Quo mit Zähnen und 
Klauen, mit Parteiverboten und was nicht noch. Doch das wird nichts helfen. Am Ende übernehmen die Ränder, 
AfD, Linke, BSW oder wer noch. Und viele werden aufatmen. Besser ein Ende mit Schrecken als ein Schrecken 
ohne Ende.
Denn was kommt auf uns zu? 100.000 verlorene Industriearbeitsplätze in diesem Jahr wie viele werden es 2030 
sein? Und was ist mit der Integration? Schon tragen die Hamas-Sympathisanten ihren Hass auf deutsche 
Weihnachtsmärkte glaubt jemand, da kehrt Frieden ein?
 Hat irgendeine Partei das im Blick? 
Unser Land steht vor Umbrüchen, wie es sie seit 1990 nicht gab. Und damals ging es um innerdeutsche 
Angelegenheiten, biodeutsche gewissermaßen. Das wird nie wieder so sein. Mit fast 40 Prozent 
Migrationshintergrund bei den Unter-18-Jährigen gehen wir ganz anderen Konflikten entgegen.
Hat irgendjemand, hat irgendeine Partei oder politische Richtung die Dimensionen dieser Zukunft im Blick? Fakt ist, 
dass alle aufgerufen sind, sich daran abzuarbeiten. Es wird nicht nur Mitte-Antworten geben. An allen historischen 
Weichenstellungen hatten die Radikalen ihren Anteil, die Radikalen von links und die Radikalen von rechts.
In einer Gegenwart, deren Establishment sich verzweifelt um ihr untergehendes Schiff schart, kommt es erst recht 
darauf an, die Fenster aufzureißen. Was bieten sie denn, die Ränder, die Linken, die AfD? Vielleicht muss man 
nicht alles von vornherein kaputtschreiben. Vielleicht ist manches der Mühe wert, wer weiß.
Im Kern geht es um das Zulassen von Vielfalt und Diversität. Das westdeutsche Meinungsmonopol, der Anspruch 
auf Deutungshoheit der Begriffe, wird an der Krise der Gegenwart zerbrechen. Ausgeschlossen ist nichts, kein 
Rückfall in tumben Nationalismus, auch kein Faschismus im spätmodernen Gewand. Ausgeschlossen ist nur das 
Weiter so . Wer darauf setzt, hat verloren.
Was also wird kommen? Und wie reagieren wir darauf? Müssen wir überhaupt Angst vor einer Zukunft haben, die 
anders sein wird als die Gegenwart?
Den Do it yourself -Menschen quälen solche Ängste nicht. Das Weiter so ist sein genaues Gegenteil, doch er 
missachtet es. Wenn er an den Staat denkt (was nicht unbedingt seine Aufgabe ist), spürt er vielleicht den Wunsch, 
aus Deutschland wieder etwas zu machen. Nicht unbedingt Make Germany Great Again, aber vielleicht pünktliche 
Züge, Wiederherstellung staatlicher Autorität, zukunftsfähige Sozialsysteme oder eine Identität für das 21. 
Jahrhundert.
Denn darum geht es doch. Der Do it yourself -Mensch mag primär an sich selbst denken, aber ich und wir, der 
Einzelne und die Gemeinschaft, sind untrennbar. Nur haben die Apparatschicks unserer Demokratie fast das 
Gegenteil bewirkt ein Großteil der Bevölkerung weiß sich nicht mehr repräsentiert in diesem Staat. Die 
Macht es doch selbst! Deutschlands politische Lager verharren in Stillstand und Blockade. Reformen? 
Fehlanzeige. Die Zukunft liegt in den Händen der Mutigen, de....
sogenannte Mitte hat diese Menschen nicht mehr auf dem Schirm, allenfalls als Staffage eines ewigen ZDF-
Fernsehgartens.
Und doch vielleicht geht es eben darum: Make Germany Great Again! Ohne Ziel und Botschaft kommen wir aus 
der Depression nicht heraus. Auch nicht ohne einen kollektiven Willensakt. Wenn unser Land eine Zukunft haben 
soll, muss es sich auf sich selbst besinnen. Sich seiner Stärken bewusst werden und seine Chancen umsetzen 
wollen. Vor allem wollen! Die Aufgabe nimmt uns auch niemand ab, keine EU und keine Staatengemeinschaft. Do it 
yourself, jeder für sich und alle für ihr Land."
2025-12,Main Corpus,2025-12(113).ZIP,"Mehr als 500 Sozialleistungen allein auf Ebene des Bundes Für den Präsidenten des Landkreistages, Ac.PDF","C:\PythonProjects\AfD-project\Corpora\Main Corpus\2025-12\raw_unarchive\Mehr als 500 Sozialleistungen allein auf Ebene des Bundes Für den Präsidenten des Landkreistages, Ac.PDF","Mehr als 500 Sozialleistungen allein auf Ebene des Bundes Für den Präsidenten des Landkreistages, Achim",mehr als 500 sozialleistungen allein auf ebene des bundes für den präsidenten des landkreistages achim,Die Welt,die welt,Freitag 19. Dezember 2025,Ulrich Exner,Politik; S. 4; Ausg. 246,1048,7636,9a2c4289d4b79e5786a5d08580fd92fcb77a3a5e,,unique,keep,,no,,no,,,9044,no,,,,,"Achim Brötel, 62, ist seit 2005 Landrat des Neckar-Odenwald-Kreises und seit 2024 Präsident des Deutschen 
Landkreistages. Der promovierte Jurist ist Vater von zwei Kindern und gehört der baden-württembergischen CDU 
an. Im Gespräch mit WELT fordert er eine Verdreifachung des Anteils der Kommunen an der Umsatzsteuer und 
eine Übernahme der Kosten für Unterkunft und Heizen von Flüchtlingen durch den Bund. Zudem erläutert er, wie er 
sich eine sinnvolle Ausgestaltung der Sozialleistungen vorstellt.
WELT: 
Bundeskanzler Friedrich Merz (CDU) hat für das erste Quartal des neuen Jahres Verhandlungen mit Bund, Ländern 
und Kommunen angekündigt, in denen es darum gehen soll, die Finanznot der deutschen Kommunen zu lindern. 
Mit welchen Erwartungen gehen Sie in diese Gespräche, Herr Brötel?
Achim Brötel: 
Eines steht unzweifelhaft fest: Angesichts eines kommunalen Defizits von inzwischen deutlich mehr als 30 
Milliarden Euro pro Jahr muss dringend etwas passieren. Wer die Lebenswirklichkeit weiter ignoriert, spielt mit dem 
Feuer. Wir erwarten insofern von Bund und Ländern jetzt endlich strukturelle Maßnahmen, die unser Defizit 
substanziell und dauerhaft auflösen. Schöne Worte allein machen nicht satt.
WELT: 
Welche Maßnahmen sollten das sein?
Brötel: 

Mehr als 500 Sozialleistungen allein auf Ebene des Bundes Für den Präsidenten des Landkreistages, Achim 
Brötel, steht fest: Wenn die Sozialstaatsausgaben nicht ....
Nach vorne gerichtet bedeutet das, dass sich die Länder nicht länger wegducken dürfen. Dort und nur dort liegt die 
verfassungsrechtliche Verpflichtung, eine aufgabengerechte Finanzausstattung der Kommunen sicherzustellen und 
vor allem auch bei neuen Aufgaben unsere entstehenden Mehrbelastungen vollständig und rechtzeitig 
auszugleichen. Und: Diese Verpflichtung besteht nicht etwa nach Lust und Laune oder eigener Kassenlage, 
sondern ohne Wenn und Aber und ohne irgendwelche zeitlichen Verzögerungen. Wir erwarten deshalb endlich eine 
belastbare Selbstverpflichtung der Länder, dieses in allen Landesverfassungen verankerte Prinzip auch tatsächlich 
in sämtlichen Konstellationen anzuwenden, anstatt dauernd nach neuen Ausflüchten zu suchen.
WELT: 
Die Länder ihrerseits verweisen allerdings auf die aus ihrer Sicht viel zu hohen Ansprüche, die insbesondere durch 
die Sozialgesetzgebung auf sie und damit eben auch auf die Kommunen zukommen. Welcher Maßnahmen 
bedürfte es also, um dieses Schwarzer-Peter-Spiel zwischen den unterschiedlichen staatlichen Ebenen zu 
beenden?
Brötel: 
Wer meint, sich einen Sozialstaat in seiner jetzigen Ausprägung noch leisten zu können, muss auch die 
notwendigen finanziellen Mittel dafür zur Verfügung stellen. Dass der eine die Rechtsansprüche munter ausweitet, 
während andere sie bezahlen sollen, funktioniert nicht. Wenn wir uns diesen Sozialstaat nicht mehr leisten können, 
müssen wir ehrlicherweise drangehen, ihn wieder auf ein bezahlbares Maß zurückzuführen.
WELT: 
Das heißt?
Brötel:
Es kann nicht sein, dass uns die Kosten weiter davonlaufen. Diese Ausgabendynamik muss deshalb als Erstes 
gebrochen und auf Sicht wieder umgekehrt werden. Aktuelle Zuwachsraten von mehr als zehn Prozent pro Jahr 
hält kein kommunaler Haushalt aus. Deshalb wird kein Weg daran vorbeiführen, den Sozialstaat wieder vom Kopf 
auf die Füße zu stellen. Mehr als 500 einzelne Sozialleistungen allein auf der Ebene des Bundes so etwas geht 
einfach nicht mehr, nicht in guten Zeiten, erst recht aber nicht in wirtschaftlich schlechteren. Es darf deshalb weder 
Denkverbote noch Tabus geben, wenn es um Kosteneinsparungen und Strukturkorrekturen geht.
WELT:
Welche Kosten, welche Strukturen?
Brötel: 
Das Verhältnis von Ausgabebelastung und eigenen Einnahmen muss wieder ins Lot gebracht werden. Wer wie die 
Kommunen nur ein Siebtel der Steuereinnahmen erhält, damit inzwischen aber knapp ein Drittel der Ausgaben 
bestreiten soll, stößt schnell an seine Grenzen. Ob es die Politik wahrhaben will oder nicht: Die Grundregeln der 
Mathematik lassen sich auch durch Beschlüsse politischer Gremien nicht aus den Angeln heben. Also müssen die 
sozialen Leistungen zwingend wieder auf wirklich Bedürftige konzentriert werden. Deshalb brauchen wir 
beispielsweise in der Sozialhilfe wieder den Rückgriff auf die Unterhaltspflichtigen oder beim Bürgergeld die 
Streichung der Karenzzeiten, die uns momentan selbst zur Übernahme unangemessen hoher Mieten verpflichten. 
Gerade die Schwachen brauchen ein starkes soziales Netz. Wer aber nicht schwach ist, muss einfach wieder 
vermehrt für sich selbst sorgen. Nur mit diesem Zweiklang können wir die uns obliegenden kommunalen Aufgaben 
überhaupt noch erfüllen.
WELT: 
Mehr als 500 Sozialleistungen allein auf Ebene des Bundes Für den Präsidenten des Landkreistages, Achim 
Brötel, steht fest: Wenn die Sozialstaatsausgaben nicht ....
Welche kurzfristigen Maßnahmen des Bundes und der Länder könnten die akute Finanznot vieler Kommunen 
lindern?
Brötel: 
Ein erster zentraler und direkt wirksamer Schritt wäre es, den kommunalen Anteil an der Umsatzsteuer mindestens 
zu verdreifachen, was der kommunalen Ebene pro Jahr insgesamt rund zwölf Milliarden Euro zusätzlich einbringen 
würde. Leicht umsetzbar wäre zudem ein Wiederaufgreifen der Übernahme der flüchtlingsbedingten Unterkunfts- 
und Heizkosten durch den Bund. Zwischen 2015 und 2021 hatte es eine solche Regelung bereits gegeben. Die 
Ampel hat sie dann aber kurzerhand gestrichen. Seither sind in den kommunalen Kassen Mehrbelastungen von 
insgesamt rund elf Milliarden Euro aufgelaufen, die wir nach der alten Rechtslage vom Bund erstattet bekommen 
hätten. Allein für das Jahr 2024 haben die Landkreise und Städte 3,4 Milliarden Euro nur für diesen einen Bereich 
aufgebracht. Der Bund hat bislang leider noch nicht einmal ansatzweise den Eindruck vermittelt, als ob er die 
Dramatik auf der kommunalen Seite überhaupt nur verstanden hätte.
WELT: 
Der Bundeskanzler hat angekündigt, im Rahmen der Gespräche über die Finanznot der Kommunen auch zu 
prüfen, auf welche Leistungen, die unter anderem aus den kommunalen Haushalten finanziert werden, künftig 
verzichtet werden kann. Oder ob diese Leistungen zumindest intelligenter beziehungsweise gezielter erbracht 
werden könnten. Welche Leistungen könnten das aus Ihrer Sicht sein?
Brötel: 
Die entscheidende Frage lautet: Wie kann ein leistungsfähiger Sozialstaat der Zukunft aussehen, der auf der einen 
Seite den Menschen verlässlich hilft, auf der anderen aber auch die Kommunen nicht länger strukturell überfordert. 
Deshalb müssen wir ganz sicher über eine deutliche Rechtsvereinfachung und wesentlich mehr Digitalisierung, 
genauso aber auch über Leistungsstandards und deren Finanzierung diskutieren. Wenn wir nicht alles aufs Spiel 
setzen, sondern den Sozialstaat zukunfts- und demografiefest machen wollen, gilt es deshalb, genau dort 
anzusetzen. Da hat der Bundeskanzler absolut recht. Gleichwohl kann man sich des Eindrucks nicht erwehren, als 
ob die drängenden Fragen unserer Zeit eher in eine Vielzahl unterschiedlichster Kommissionen und Arbeitsgruppen 
verschoben als tatsächlich gelöst werden sollen. Da gibt es zum einen die Sozialstaatskommission, die aber die 
großen beitragsfinanzierten Systeme wie Rente, Gesundheit und Pflege überhaupt nicht auf ihrer Agenda hat. 
Kostenmäßige Großposten wie Jugendhilfe oder Eingliederungshilfe für Menschen mit Behinderungen werden 
zudem in jeweils eigenen Kommissionen behandelt. Am Ende zählt aber nicht die Zahl der Gesprächsformate, 
sondern allein das Ergebnis.
Original Gesamtseiten-PDF
Graphic
 
Präsident des Deutschen Landkreistages: Achim Brötel"
2025-12,Main Corpus,2025-12(113).ZIP,Mehr amore per favore!.PDF,C:\PythonProjects\AfD-project\Corpora\Main Corpus\2025-12\raw_unarchive\Mehr amore per favore!.PDF,Mehr amore per favore!,mehr amore per favore,"taz, die tageszeitung",taz die tageszeitung,Freitag 19. Dezember 2025,Giorgia Grimaldi,GESELLSCHAFT; S. 13,617,4343,3241332569967957fdace81bf760f491f9ecb9f6,,unique,keep,,no,,no,,,5403,no,,,,,"talkshow
Von Giorgia Grimaldi
1955 brauchte Deutschland arbeitswillige Hände, Italien eine Perspektive. Nach dem Anwerbeabkommen, das es 
deutschen Unternehmen erstmals ermöglichte, Arbeitskräfte aus Italien legal anzustellen, machten sich Millionen 
Menschen auf den Weg, um das unbekannte, vom Krieg gebeutelte Germania wieder aufzubauen. Damit wurde 
Deutschlands Zukunft als Einwanderungsland besiegelt lange bevor man dieses Wort überhaupt kannte.
In den folgenden Jahrzehnten kamen rund 4 Millionen Menschen aus Italien zum Arbeiten nach Deutschland, 
Hunderttausende blieben. 70 Jahre sind seitdem vergangen, und bis heute ist Deutschland das EU-Land mit dem 
höchsten Anteil italienischer Zuwanderung. Der Anfang dieser Liebesgeschichte war allerdings alles andere als 
dolce, sondern voller Skepsis und Rassismus. Der Blick zurück zeigt aber: Diese Migration wurde zur 
Erfolgsgeschichte. Und davon brauchen wir aktuell mehr denn je. Wenn es Deutschland geschafft hat, Italien so ins 
Herz zu schließen, dann geht das auch mit anderen Nationen.
Deswegen: Mehr amore per favore!
Was für ein fader Anblick wäre Deutschlands Stadtbild ohne italienische Eisdielen, Vinotheken und Restaurants? 
Kaum vorstellbar. Die Gastronomie ist fest in italienischer Hand, die einstigen Gäste sind längst Gastgeber 
geworden. Auch die deutsche Sprache trägt italienische Spuren in sich: Spesen, Skonto, Ghetto, Quarantäne. 
Selbst das aufdonnern , wenn Frau sich richtig in Schale wirft, geht auf die italienische Dame donna zurück.
Mit den Jahren stellte sich in Deutschland eine unerfüllte Sehnsucht nach Bella Italia ein. Und die bedient natürlich 
die Werbebranche. Wer erinnert sich nicht an die Ferrero-Werbung Caffè? Solo con Giotto! ? Ein Haps, und Italien 
liegt auf der Zunge. Zumindest das Italien, das sich Deutschland über Jahrzehnte erschmeckt hat. Dabei kennt man 
in Italien die Praline kaum. Sie ist ein Produkt, das allein für den deutschen Markt entwickelt wurde.

Mehr amore per favore!
Für Italien verkörpert Deutschland dagegen Ordnung und eine funktionierende Verwaltung jenseits der Alpen. 
Rechnungen, die bezahlt werden. Steuern, die eingezogen werden. Der Deutsche gilt als korrekt, pflichtbewusst 
etwas ruppig, aber zuverlässig. Einer, der pünktlich ist und pünktlich isst. Um 18 Uhr Abendbrot. Gut für die 
Verdauung. Von Deutschland kann man sich eine Scheibe abschneiden, da macht nicht jeder, was er will. 
Außerdem, neugierig und reisefreudig, überall sind sie, diese tedeschi!
Alles Klischees natürlich, zugespitzt und liebevoll überzeichnet. Denn hierzulande funktioniert längst nicht mehr 
alles so reibungslos, wie der Ruf es besagt. Und in Italien ist es nicht so toll, wie es immer heißt. Oder warum sonst 
müssen noch immer viele junge Menschen das Land verlassen, um Arbeit zu finden? Anders als damals sind es 
aber nicht mehr die, die vor allem körperliche Arbeit im Bau und in Fabriken verrichten, sondern die klügsten Köpfe 
des Landes. Braindrain statt Dolce Vita.
Und trotzdem oder vielleicht gerade deshalb scheinen Deutschland und Italien heute wie füreinander gemacht. 
Eros Ramazzotti ist eine feste Größe des deutschen Pops, Wurstel und Crauti sind längst Teil der italienischen 
Grundversorgung. Eine perfekte Symbiose also? Ja, zumindest heute.
Doch das deutsch-italienische Verhältnis war nicht immer so harmonisch. Anfangs gab es wenig Zuneigung, als die 
ersten sogenannten Gastarbeiter hier Fuß fassten. Die Unterkünfte hießen nicht ohne Grund Baracken . Und 
Spaghettifresser war noch eine der milderen Beleidigungen. Aus Zeitzeugenberichten geht hervor, dass auch von 
Messerstechern und ausländischen Männern die Rede war, die deutsche Frauen belästigen würden. Rassismus 
aus der Vergangenheit, der erschreckend vertraut klingt. Nur richtet er sich heute gegen andere.
Was also hat Italien mit Deutschland gemacht? Sehr viel. Das Abkommen von 1955 hat bewiesen, dass 
Deutschland kann, wenn es will, diese Sache mit Toleranz, Offenheit und Integration. 70 Jahre später blicken wir 
auf etwas, das gelungen ist. Aus einem arbeitsmarktpolitischen Instrument ist eine kulturelle Verbindung geworden. 
Geteiltes Arbeiten wurde zu geteiltem Leben und geteilter Liebe.
Das Abkommen von 1955 hat bewiesen, dass Deutschland kann, wenn es will, diese Sache mit Toleranz, Offenheit 
und Integration"
2025-12,Main Corpus,2025-12(113).ZIP,Mit 41 In unserer Kolumne nehmen wir uns jede Woche ein Lebensalter vor. In diesem wurde Thomas Mann.PDF,C:\PythonProjects\AfD-project\Corpora\Main Corpus\2025-12\raw_unarchive\Mit 41 In unserer Kolumne nehmen wir uns jede Woche ein Lebensalter vor. In diesem wurde Thomas Mann.PDF,Mit 41 In unserer Kolumne nehmen wir uns jede Woche ein Lebensalter vor. In diesem wurde Thomas Mann,mit 41 in unserer kolumne nehmen wir uns jede woche ein lebensalter vor in diesem wurde thomas mann,Die ZEIT (inklusive ZEIT Magazin),die zeit inklusive zeit magazin,30. Dezember 2025,Stefanie Witterauf,ENTDECKEN;Mit 41; S. 51; Ausg. 1,810,5420,e4fd30d0805f94eec036d7666e0fcd317e303883,,unique,keep,,no,,no,,,7197,yes,commentary_noncore,,,,"Mit 41 wurde die US-amerikanische Astronautin Eileen Collins zur ersten Kommandantin einer Shuttle-Mission 
ernannt. Das gab die damalige First Lady Hillary Clinton im März 1998 im Roosevelt-Raum des Weißen Hauses 
bekannt. Das Medieninteresse war riesig. Der Moment sollte eine neue Ära für die Rolle der Frau in der Raumfahrt 
einläuten. Zu Ehren von Eileen Collins wurde sogar ein Lied komponiert: Beyond the Sky, geschrieben und 
gesungen von der Singer-Songwriterin Judy Collins.
Mit 41 erklärte Andreas Scheuer, seinerzeit CSU-Generalsekretär, im Regensburger Presseclub: »Das Schlimmste 
ist ein fußballspielender, ministrierender Senegalese, der über drei Jahre da ist. Weil, den wirst du nie wieder 
abschieben. Aber für den ist das Asylrecht nicht gemacht, sondern der ist Wirtschaftsflüchtling.« Das war im 
September 2016. Der Münchner Kardinal Reinhard Marx reagierte erschrocken und verärgert auf Scheuers 
Äußerung. Auch der Ratsvorsitzende der Evangelischen Kirche in Deutschland, Heinrich Bedford-Strohm, sagte: 
»So redet man nicht über Menschen.«
Mit 41, am 14. Oktober 1988, paddelte Alfred Kostbade mit seiner Frau Renate und den beiden gemeinsamen 
Kindern nachts in einem orangefarbenen Gummiboot von Kühlungsborn über die Ostsee bis nach Fehmarn. Sie 
waren vier von 913 Menschen, die erfolgreich über das Wasser aus der DDR fliehen konnten.
Mit 41 erreichen Wissenschaftlerinnen und Wissenschaftler in Deutschland im Durchschnitt erstmals eine 
ordentliche Professur.
Mit 41 wurde Thomas Mann wegen Magenschwäche und Nervosität ausgemustert und damit im November 1916 
endgültig vom Militärdienst freigestellt.
Wer heute 41 Jahre alt ist, gehört der Generation Y an. Die zwischen 1980 und 1995 Geborenen, auch Millennials 
genannt, sind für ihre digitale Affinität bekannt, Werte wie Selbstverwirklichung und Work-Life-Balance stehen bei 
ihnen hoch im Kurs. Mit fast 16,5 Millionen Menschen sind die Millennials nach der Gen X die zweitgrößte 
Bevölkerungsgruppe in Deutschland.

Mit 41 In unserer Kolumne nehmen wir uns jede Woche ein Lebensalter vor. In diesem wurde Thomas Mann 
ausgemustert
Mit 41 verlobte sich der britische Sänger Seal Ende 2004 auf einem Gletscher im kanadischen Whistler mit dem 
Model Heidi Klum. Im Anschluss flogen sie nach Mexiko, wo sie dann auch heirateten. Für Seal war es die erste 
Ehe, für Klum die zweite. Seit 2019 ist sie mit ihrem dritten Ehemann Tom Kaulitz verheiratet.
Mit 41 beendete Bibiana Steinhaus im September 2020 ihre Karriere im Profifußball. Ihr Debüt als erste 
Schiedsrichterin in der Geschichte der Fußball-Bundesliga hatte sie drei Jahre zuvor auf dem Rasen des Berliners 
Olympiastadions gegeben. Sie ist bis heute die einzige Frau, die jemals ein Bundesligaspiel im Männerfußball 
geleitet hat. Bei ihrem letzten Einsatz pfiff sie in München das Supercup-Finale zwischen dem FC Bayern und 
Borussia Dortmund. Mittlerweile ist sie Funktionärin bei der Fifa.
Mit 41 wurde der Trainer des bulgarischen Fußballklubs Hebar Pasardschik, Iwan Rantschew, am 30. August 
2021 bei einem Freundschaftsspiel vom Blitz getroffen. Er starb noch im Stadion.
Mit 41 gewann Leonardo DiCaprio 2016 seinen ersten Oscar für die Hauptrolle in The Revenant - Der Rückkehrer. 
Zuvor war er bereits fünf Mal nominiert gewesen.
Mit 41 befand sich Mileva Maric in einer Ehekrise. Ihr Mann, den sie an der Universität in Zürich kennengelernt 
hatte, wollte sich von ihr scheiden lassen. Das hatte Albert Einstein ihr 1916 in einem Brief mitgeteilt. Maric 
verlangte in der Scheidungsvereinbarung das Preisgeld des Nobelpreises, sollte er ihn jemals bekommen. Sie 
erhielt die Summe, als er 1922 tatsächlich mit dem Nobelpreis für Physik ausgezeichnet wurde.
Mit 41 führte die Unternehmerin Melitta Bentz ihre Firma allein, nachdem ihr Mann Hugo zu Beginn des Ersten 
Weltkriegs als Soldat eingezogen worden war. Die Kaffeefilter-Erfinderin hatte ihren Melitta-Filter 1908 zum Patent 
angemeldet. Die Geschäfte liefen bald so gut, dass das Unternehmen 1914 in eine ausgediente Schlosserei in der 
Dresdner Wilder-Mann-Straße mit größeren Maschinen umzog. Als der Kaffee-Import zu Beginn des Krieges 
blockiert wurde, musste Bentz die Produktion auf die Herstellung von Kartons umstellen, um ihre Firma zu retten.
Ab dem Alter von 41 Jahren haben rund die Hälfte aller Erwachsenen ein erhöhtes Herzinfarktrisiko durch verengte 
Arterien. Wenige wissen davon, weil Betroffene oft keine Symptome zeigen. Das hat eine dänische Studie 2023 
ergeben.
Mit 41 lehrte Marni Nixon Gesang am California Institute of Arts. Als sogenannte Ghostsängerin hatte sie lange 
Zeit ihre Stimme für Filmaufnahmen an Natalie Wood, Margaret O'Brien und Audrey Hepburn verliehen. Auch für 
Marilyn Monroe sprang sie bei Diamonds Are a Girl's Best Friend in den hohen Lagen ein.
Mit 41 sagt der Noise-Künstler Daniel Door aus München der ZEIT: »Früher bin ich nie ohne Kopfhörer 
rausgegangen. Bei mir lief immer Musik: Björk, Massive Attack, The Chemical Brothers. Mittlerweile ist es still, 
nebenbei höre ich nichts mehr. Inzwischen sind urbane Geräusche für mich interessanter: Lkw-Gepolter, 
festklemmende Türsummer und piepsende Signaltöne. Nur wenn ich koche, höre ich Musik. Adriano Celentano 
beim Karottenschneiden oder beim Lauchschnippeln, weil es dann gleich italienischer schmeckt.«
Zusammengestellt von Stefanie Witterauf
 Der Noise-Künstler Daniel Door, 41, lebt in München"
2025-12,Main Corpus,2025-12(113).ZIP,Nach Abschiebung_ Elif hofft weiter auf eine Rückkehr.PDF,C:\PythonProjects\AfD-project\Corpora\Main Corpus\2025-12\raw_unarchive\Nach Abschiebung_ Elif hofft weiter auf eine Rückkehr.PDF,Nach Abschiebung: Elif hofft weiter auf eine Rückkehr,nach abschiebung elif hofft weiter auf eine rückkehr,Rheinische Post,rheinische post,Samstag 27. Dezember 2025,,S. 27,455,3071,c3e7debf4c56ec95f9c1e8880051ee99eefdb00c,,unique,keep,,no,,no,,,4818,no,,,,,"Axel Richter
Remscheid Der siebenjährige Berat ist zurück bei der Mutter. Heiligabend flog der Junge zu ihr in die Türkei. Das 
Land dürfte ihm fremd sein, denn Berat ist in Deutschland aufgewachsen.
Auch die große Schwester Elif (19) und der Bruder Azad (17) hoffen noch auf eine Rückkehr nach Remscheid. Elif 
hatte bei der Stiftung Tannenhof eine Ausbildung zur Pflegerin begonnen, Azad bei Beckmann in Lüttringhausen 
eine Lehre zum Bäcker. Dennoch mussten die Geschwister Remscheid verlassen.
Die Trennung von Mutter und Kind und die Ausweisung von jungen Menschen, die in Mangelberufen arbeiten, ist 
das Ergebnis einer Abschiebeaktion im März 2025. Den Behörden lief sie aus dem Ruder. Am Ende wirft sie ein 
Schlaglicht auf die deutsche Abschiebepraxis. Vor allem aber wirft sie die Frage auf, ob der Staat am Ende nicht 
die Falschen abschiebt. Hintergrund: Die achtköpfige Familie Dogan lebt seit 2018 in Deutschland. Es sind Kurden. 
Vater Mehmet (55) hat einen Antrag auf Asyl gestellt. Das Bundesamt für Migration und Flüchtlinge lehnt den 
Antrag ab. Die Entscheidung ist rechtskräftig. Dennoch bleiben die Dogans.
Deshalb steht am 13. März gegen 7 Uhr das Rückführungsteam der Remscheider Ausländerbehörde vor der Tür. 
Die Mitarbeiter müssen ausführen, was das Bundesamt entschieden hat. Vater Mehmet und drei Kinder sollen 
Deutschland an diesem Morgen verlassen, weitere Familienmitglieder später nachfolgen.
Doch die geplante Rückführung läuft nicht glatt. Vater Mehmet springt vom Balkon der Wohnung in der Nordstraße 
rund zehn Meter in die Tiefe. Eine Kurzschlussreaktion, heißt es später. Der Mann überlebt und kommt mit 
Knochenbrüchen ins Krankenhaus. Die Abschiebeaktion läuft weiter. Statt des Vaters wird nun die Mutter 
rückgeführt. Ohne den siebenjährigen Berat, dafür mit der 19-jährigen Elif.
Elif hat die Alexander-von-Humboldt-Realschule besucht, dann am Berufskolleg Käthe Kollwitz ihr Fachabi gebaut. 
Nun will sie Pflegerin werden, wie schon ihre beiden großen Schwestern Mizgin und Nazdar. Vorgesetzte und 
Kollegen im Tannenhof mögen die fleißige junge Frau. Auch der 17-jährige Bruder Azad soll an jenem Morgen 

Nach Abschiebung: Elif hofft weiter auf eine Rückkehr
eigentlich das Flugzeug nach Istanbul besteigen. Doch als die Männer und Frauen der Ausländerbehörde bei den 
Dogans klingeln, ist er schon außer Haus. Bäcker müssen früh aufstehen.
Mittlerweile ist der Lehrling freiwillig in die Türkei ausgereist. Er hofft auf ein Arbeitsvisum. Damit könnte er nach 
Remscheid zurückkehren. Auch Elif hofft auf die Erlaubnis, um ihre Ausbildung im Tannenhof wieder aufzunehmen. 
Doch bislang warten beide vergebens darauf.
Im gleichen Jahr, in dem die beiden Geschwister Remscheid verlassen mussten, warb das Sana-Klinikum übrigens 
Pflegekräfte aus Tunesien, Jordanien, Algerien, Ägypten, Marokko und den Vereinigten Arabischen Emiraten an. 
Ohne diese Einwanderer geht in der Krankenpflege längst nichts mehr.
Link to PDF
Graphic
 
In diesem Haus in der Nähe des Remscheider Hauptbahnhofs wohnte die Familie. Foto: Röser/Archiv"
2025-12,Main Corpus,2025-12(113).ZIP,Nach Afghanistan.PDF,C:\PythonProjects\AfD-project\Corpora\Main Corpus\2025-12\raw_unarchive\Nach Afghanistan.PDF,Nach Afghanistan,nach afghanistan,Der Tagesspiegel,der tagesspiegel,Mittwoch 24. Dezember 2025,,POLITIK; Politik; S. 7,158,1181,95125d9c483a8d66903dba6e21fdd76991ca6d61,,unique,keep,,no,,no,,,2037,no,,,,,"Erneut ist ein mehrfach verurteilter Straftäter aus Bayern nach Afghanistan abgeschoben worden. Der Mann sei in 
Kabul ,,heute früh den Behörden übergeben worden"", teilte ein Sprecher des Bundesinnenministeriums mit. Zuvor 
hatte der ,,Focus"" über den Fall berichtet. Der Afghane sei auf dem Abschiebeflug von Bundespolizisten begleitet 
worden. Er habe zuvor in Bayern unter anderem wegen vorsätzlicher Körperverletzung im Gefängnis gesessen. Es 
ist bereits die zweite Abschiebung eines afghanischen Straftäters in sein Herkunftsland innerhalb einer Woche. Am 
17. Dezember war ein 28-Jähriger nach Kabul abgeschoben worden. Weshalb der Mann in Deutschland verurteilt 
worden war, blieb zunächst aber offen. Im Juli war eine weitere Abschiebung erfolgt.
Die frühere Bundesregierung von SPD, FDP und Grünen hatte Abschiebungen nach Afghanistan infolge der 
Machtübernahme der Taliban zunächst ausgesetzt. Erst unter dem neuen Bundesinnenminister Alexander Dobrindt 
(CSU) wurden nun direkte Abschiebungen in das Land wieder aufgenommen. Das Bundesinnenministerium hatte 
sich darüber mit ,,Vertretern der afghanischen de facto Regierung"" verständigt, sagte ein Sprecher. (dpa)
***"
2025-12,Main Corpus,2025-12(113).ZIP,Nach der Abschiebung.PDF,C:\PythonProjects\AfD-project\Corpora\Main Corpus\2025-12\raw_unarchive\Nach der Abschiebung.PDF,Nach der Abschiebung,nach der abschiebung,"taz, die tageszeitung",taz die tageszeitung,Samstag 20. Dezember 2025,Franziska Schindler,POLITIK; S. 7,1633,11379,0228161065a6d4499eee45c1ad6b2f5e1a458516,,unique,keep,,no,,no,,,12593,no,,,,,"Von Franziska Schindler
Seine Mutter und seine beiden Schwestern waren zu Hause, als Richies Idemudia zum ersten Mal nach sieben 
Jahren in Benin City ankam. Sie weinten, aber nicht vor Freude oder Rührung. Er, der Haupternährer der Familie, 
war zurück. Anstatt weiter Gabelstapler in Gaisbach, Baden-Württemberg zu fahren, und alles, was von seinem 
Lohn übrig blieb für die Medikamente seiner Mutter, die Bustickets seiner Schwestern, endlich ein eigenes Haus für 
die Familie nach Hause zu schicken, war er nun selbst wieder in Nigeria. Abgeschoben und mit leeren Händen. Es 
ist eine Katastrophe , sagt Idemudia.
Das alles war im September 2022, sagt Idemudia im WhatsApp-Call aus Benin City. Er erzählt auch, dass er direkt 
bei der Arbeit in der Logistikfirma festgenommen worden sei, an einem Donnerstagnachmittag, dann unter 
Polizeibegleitung zum Packen nach Hause und anschließend in den Abschiebeknast nach Pforzheim gebracht 
worden sei. Sie haben nicht viel erklärt , sagt er. Wenige Tage später, in der Morgendämmerung, sitzt er in einem 
Charter-Abschiebeflug nach Nigeria, sein Leben in Deutschland in einem 20-Kilo-Koffer.
Allein von Januar bis Oktober 2025 wurden 19.538 Menschen aus Deutschland abgeschoben, das sind 
durchschnittlich rund 65 pro Tag. So umstritten eine Abschiebung gewesen sein mag wenn das Flugzeug 
abgehoben hat, schwindet in Deutschland meist die Aufmerksamkeit. Aber wie geht es weiter für die, die in den 
Flugzeugen sitzen?
Das Trauma der Abschiebung
Im Abschiebeknast traf Idemudia einen Bekannten, der schrieb ihm eine Handynummer auf einen Zettel: von Rex 
Osa, Mitgründer und Koordinator bei Deportees Emergency Reception and Support. Das erste Mal, dass ich 
Abgeschobene am Flughafen von Lagos in Empfang genommen habe, war ein Schock , erinnert sich Rex Osa. Die 
Leute sind völlig verstört. Osa und sein Team stellen Handys zur Verfügung, damit die Abgeschobenen ihre 
Familien anrufen können. Wer nicht in der Lage sei, zur Familie weiterzureisen, könne in der Schutzwohnung der 
Organisation unterkommen. Dort essen und trinken wir zusammen, alle können ihre Geschichte erzählen , sagt 

Nach der Abschiebung
Osa. Einen Raum zu schaffen, in dem den Betroffenen zugehört wird und sie verstanden werden, sei wichtig, damit 
aus dem Trauma der Abschiebung möglichst keine langfristige psychische Erkrankung werde. Das können am 
besten Leute, die dieselbe Erfahrung gemacht haben , sagt Osa. Also kümmern sich bei Deportees Emergency and 
Support einst abgeschobene Menschen um die Ankommenden.
Der Vollzeitaktivist Osa pendelt zwischen Stuttgart und Lagos hin und her. Er selbst kam 2006 als Asylsuchender 
nach Deutschland und begann wenig später, sich in antirassistischen Gruppen zu engagieren. 2016 beschloss er, 
nicht nur in Deutschland, sondern auch in seinem Heimatland Nigeria für die Rechte von Geflüchteten zu arbeiten. 
Die Debatte dort drehte sich damals nur um Schlepperbekämpfung ein europäisches Narrativ , sagt Osa. Ich 
wollte, dass die Abgeschobenen selbst zu Akteuren des Migrationsdiskurses werden. 
Denn dass die Menschen und oft auch ihre Familien mit der Abschiebung ihre Existenzgrundlage verloren haben, 
getrennt sind von Freund*innen und Liebesbeziehungen, sich oft nicht einmal verabschieden konnten, das alles 
ist nur der eine Teil. Der andere ist die Stigmatisierung in dem Land, das früher mal Zuhause war. Viele werden 
von ihren Familien zurückgewiesen , sagt Osa. Abgeschobene werden in Nigeria schlecht angesehen, so als ob 
sie Kriminelle sind. Immer wieder telefoniere er mit den Familien, um sie nach der Abschiebung auf die Ankunft 
ihrer Kinder vorzubereiten. Ich erkläre dann, dass sie nichts falsch gemacht und sich wirklich bemüht haben, in 
Deutschland zu bleiben. 
Diese Art von Telefongespräch kennt Razakou Aboubakari gut. Aboubakari, Lehrer in der Region Tchaoudjo in 
Togo, hat 2008 die togoische Vereinigung der Abgeschobenen gegründet. Gerade eben hat Aboubakari in der 
zweiten Klasse Französisch unterrichtet, jetzt ist Mittagspause, Aboubakaris Erzählungen mischen sich mit 
Pausenhofgeräuschen. Es wird hier als Schande angesehen, abgeschoben zu werden , sagt er, die meisten 
schämen sich gegenüber der Familie, den Freunden, dem Dorf, dem Viertel. 2017 etwa schickten Togoer 
umgerechnet etwa 507 Millionen US-Dollar nach Hause und erwirtschafteten damit knapp 10 Prozent des BIP. 
2023 waren es mehr als 7 Prozent des BIP. Der, der die Familie ernährt hat, muss jetzt selbst mit durchgefüttert 
werden, das ist ein riesiges Problem für die Familien , sagt Aboubakari.
Aboubakari und die anderen Ehrenamtlichen begleiteten Rückkehrer*innen zu ihren Familien. Aber von den 
einst 40 Mitgliedern der Vereinigung sind nur noch wenige aktiv, und für kaum eine Aufgabe reicht das Geld. 
Kürzlich hätten sie zum Beispiel eine Frau beherbergt, die auf dem Weg zum Mittelmeer mehrfach vergewaltigt 
worden sei. Die sichtbaren Wunden konnten wir behandeln, das Krankenhaus bezahlen, aber sie braucht dringend 
psychologische Unterstützung und dazu haben wir einfach nicht die Mittel. Viele der Zurückkehrenden stürzten in 
Depressionen.
 Ich versuche, klarzukommen, aber innerlich geht es mir nicht gut , sagt Idemudia. Meist sei er zu Hause, genau 
genommen in dem halb fertig gebauten Haus, das er für die Familie mit seinem Lohn finanziert hatte, bis die 
Abschiebung ihm zuvor kam. Alte Freunde aus Nigeria hätten sich nach der Abschiebung von ihm abgewandt, viele 
aus Deutschland antworteten nicht mehr auf seine Nachrichten. Es ist schwierig, wieder Menschen zu vertrauen, 
wenn du all das erlebt hast , sagt Idemudia. Einen Job habe er bislang nicht gefunden. Im Januar 2024 habe er 
versucht, ein zweites Mal nach Europa zu kommen, erzählt er. Ich habe keinen anderen Weg gesehen, um meiner 
Depression zu entkommen. Er scheitert.
Wie schwierig es für die Zurückgekehrten ist, wieder anzukommen, berichtet auch Ousmane Diarra aus Bamako. 
Nach seiner eigenen Abschiebung aus Angola hat er 1996 hat er die Malische Vereinigung der Abgeschobenen 
gegründet. Dass die Kredite für die Flucht zum Teil noch nicht abbezahlt sind, macht die Rückkehr noch 
komplizierter , sagt Diarra. Angefangen haben die Aktivist*innen in Bamako mit Sprechstunden am Flughafen, 
wo viele der Abgeschobenen ankommen. Inzwischen betreibt die Organisation eine Unterkunft, in der die 
Menschen bis zu 72 Stunden bleiben können, bevor sie zu ihren Familien weiterreise, erzählt Diarra.
 Dort bekommen sie Kleidung, Verpflegung und medizinische Versorgung. Zugleich prüften die Anwält*innen der 
Organisation die Rechtmäßigkeit der Abschiebung. Zum Teil mit Erfolg: Manchmal schaffen wir es gemeinsam mit 
den Anwält*innen im früheren Aufnahmeland dafür zu sorgen, dass die Abschiebung rückgängig gemacht wird .
Nach der Abschiebung
An einem solchen Fall arbeitet Gwendolin Buddeberg. Die Rechtsanwältin aus München erfuhr von der 
Abschiebung ihres Mandanten erst, als Bright Obasuyi schon in Nigeria angekommen war. Es war total 
überraschend , sagt Buddeberg. Obasuyis Asylantrag war trotz seiner schweren psychischen Erkrankung 
abgelehnt worden. Ein umfangreiches Gutachten seiner Psychiaterin über seine Reiseunfähigkeit lag der 
Ausländerbehörde Oberbayern vor , sagt Buddeberg. Besteht die Gefahr, dass sich der Gesundheitszustand einer 
Person wesentlich oder gar lebensbedrohlich verschlechtert, darf nicht abgeschoben werden. Diese Gefahr sah die 
Psychiaterin bei Obasuyi.
Die Ausländerbehörde habe ein Gegengutachten beantragt, erzählt Buddeberg. Während der Untersuchung durch 
den Amtsarzt hatte Obasuyi einen Wahnanfall, der Termin musste abgebrochen werden. Obasuyi selbst berichtet, 
dass er es zum zweiten Termin nicht schaffte, auf dem Weg erlitt er einen epileptischen Anfall und musste ins 
Krankenhaus. Wir konnten mit einem Arztbrief aus dem Krankenhaus glaubhaft machen, dass er nicht erscheinen 
konnte, und haben auf die Festsetzung eines neuen Termins gewartet , sagt Buddeberg.
Gewaltvolle Abschiebung
 Aber dann wurde er ohne neuen Termin einfach abgeschoben. Aus den E-Mails zwischen Ausländerbehörde und 
Amtsarzt wisse sie, dass der Amtsarzt nach der ersten Untersuchung davon ausgegangen ist, dass Obasuyi nicht 
reisefähig und für die Entscheidung über die Reiseunfähigkeit eine weitere Untersuchung erforderlich sei.
Doch auf Anfrage bei der Ausländerbehörde heißt es, dass ein fachärztliches Gutachten Obasuyis Reisefähigkeit 
im Rahmen einer medizinisch und sicherheitsbegleiteten Abschiebung bestätigt habe. Wie das möglich ist, ohne 
zweiten Termin? Vieles deutet darauf hin, dass diese Abschiebung nicht rechtmäßig war , sagt Anwältin 
Buddeberg. Beim Verwaltungsgericht München hat Buddeberg gegen die Abschiebung geklagt und per 
Eilverfahren beantragt, dass das Gericht die Rückführung von Obasuyi nach Deutschland anordnet.
 Mein ganzes Leben ist kaputt , sagt Obasuyi, der trotz allem Deutschprüfungen abgelegt, einen Integrationskurs 
besucht hat und im September eine Ausbildung zum Lagerlogistiker beginnen wollte. Er wirkt von der Abschiebung 
total traumatisiert , sagt Buddeberg. Obasuyi berichtet von massiver Gewalt. Sämtliche Körperteile und auch sein 
Kopf seien im Flugzeug fixiert worden. Selbst als er vor Schmerzen schrie, habe man seinen Kopf weiterhin fixiert. 
Gegen seinen Willen seien ihm Medikamente eingeflößt worden. Ein Video zeigt, wie Obasuyi reglos auf einem Sitz 
im Flughafen hängt, Speichel tropft aus seinem Mund.
 Er wurde mit aller Gewalt abgeschoben, aber wenn die Abschiebung rechtmäßig gewesen wäre, wäre 
möglicherweise auch die Gewaltanwendung rechtens gewesen , sagt Anwältin Buddeberg. Das deutsche Recht 
erlaubt, dass festgebunden und sediert wird, wer sich wehrt . Die Bundespolizei will sich nicht zu Obasuyis 
Abschiebung äußern. Über den Eilantrag hat das Verwaltungsgericht München noch immer nicht entschieden auf 
taz-Anfrage mit der Begründung, dass es sich um einen sehr komplexen Sachverhalt handele. Seine Medikamente 
und das Zimmer in Benin City zahlen momentan Obasuyis Unterstützer*innen in Deutschland. Bis Februar 
habe ich noch Medikamente , sagt Obasuyi. Ich habe sehr große Angst, was danach passiert .
 Wenn wir transnational zusammenarbeiten, können wir viel mehr schaffen , sagt Ousmane Diarra und bezieht das 
nicht nur auf die Unterstützung von Abgeschobenen. Druck auf die Herkunftsstaaten aufbauen, um der 
Externalisierung der EU-Grenzen Einhalt zu gebieten, das ist die Strategie von Aktivist*innen in Nord- und 
Westafrika. Die Aktivist*innen arbeiten auch daran, das vielerorts noch immer vorherrschende Bild der Europas 
als Kontinent der Menschenrechte zu entkräften. Die Abschottung Europas hat uns diese ganzen Dramen 
gebracht: die Zurückweisungen, die Abschiebungen, das Sterben im Mittelmeer , sagt Diarra.
Richies Idemudia hofft, bald genug Geld für sein eigenes Gewerbe zusammen zu haben. Vielleicht ein gebrauchtes 
Auto kaufen, Taxi fahren. Dann könnten auch seine Freundin und sein einjähriger Sohn zu ihm ziehen, sie sind 
noch in Lagos, bei den Schwiegereltern. Gerade geht das noch nicht, weil ich sie nicht versorgen kann , sagt 
Idemudia. Ich wünsche mir so sehr, dass sie bei mir sein könnten, gerade jetzt, wo Weihnachten kommt . Und, 
dass seine Eltern endlich seinen Sohn kennenlernen.
 Viele werden von ihren Familien zurückgewiesen 
Nach der Abschiebung"
2025-12,Main Corpus,2025-12(113).ZIP,NACHRICHTEN(2).PDF,C:\PythonProjects\AfD-project\Corpora\Main Corpus\2025-12\raw_unarchive\NACHRICHTEN(2).PDF,NACHRICHTEN,nachrichten,Frankfurter Rundschau,frankfurter rundschau,Mittwoch 24. Dezember 2025,,POLITIK; S. 7,319,2256,e1411813b2da33d234682d75e870f9c4f2234bdc,exact_014,duplicate_exact,review,,no,,no,,,4515,no,,exact_014,,,"Erstmals seit 2011 wieder Abschiebung nach Syrien
Deutschland hat einen verurteilten Straftäter nach Syrien abgeschoben – zum ersten Mal seit Ausbruch des 
Krieges in dem Land. Der Mann sei Behörden in Damaskus übergeben worden, so das Bundesinnenministerium 
am Dienstag. Er habe in NRW eine Haftstrafe wegen besonders schweren Raubes, Körperverletzung und 
Erpressung verbüßt. Auch nach Afghanistan wurde ein verurteilter Straftäter abgeschoben. DPA
SPD-Mitgliederbegehren zu Bürgergeld auf dem Weg
Gegner von schärferen Sanktionen und Einschränkungen gegen Bürgergeld-Empfangende in der SPD starten ein 
Mitgliederbegehren, das für die Führung der Regierungspartei aber nicht bindend ist. Erfolgreich ist es, wenn sich 
binnen drei Monaten ein Fünftel der SPD-Mitglieder den Forderungen anschließt. DPA
Tote bei russischen Angriffen auf Ukraine
Bei russischen Luftangriffen sind in der Ukraine nach Angaben von Präsident Selenskyj in der Nacht auf Dienstag 
mindestens drei Menschen getötet worden. Darunter ist demnach auch ein vier Jahre altes Kind. Insgesamt habe 
Russland bei seinen jüngsten Attacken 650 Drohnen und mehr als drei Dutzend Raketen und Marschflugkörper 
eingesetzt. DPA
Gefangenenaustausch im Jemen vereinbart
Die Regierung des Jemen und die Huthi-Miliz haben sich auf den Austausch von fast 3000 Gefangenen geeinigt. 
Demnach soll unter anderem der bekannte Politiker Mohammed Kahtan freigelassen, so ein Unterhändler der 
Regierung. Ein Vertreter der Huthi bestätigte die Einigung. Vorausgegangen waren zwölf Tage dauernde 
Gespräche in Muskat im Oman. DPA
Trump ruft diplomatisches Personal zurück
Die US-Regierung ruft laut Medien Dutzende diplomatische Angestellte zurück, die noch von Joe Biden berufen 
wurden. Der Schritt geht weiter als übliche Personalwechsel neuer US-Administrationen. DPA

NACHRICHTEN
Gewalt in Myanmar nimmt laut UN vor Wahlen zu
Vor den für kommenden Sonntag geplanten Wahlen in Myanmar kommt es nach Angaben des UN-
Hochkommissars für Menschenrechte, Volker Türk, vermehrt zu Gewalt. Zivilist:innen würden sowohl vom Militär 
als auch von bewaffneten Gruppen, die das Militär bekämpfen, drangsaliert: Die einen wollten sie zur Stimmabgabe 
zwingen, die anderen davon abhalten.DPA
Link zum PDF-Dokument"
2025-12,Main Corpus,2025-12(113).ZIP,NACHRICHTEN(3).PDF,C:\PythonProjects\AfD-project\Corpora\Main Corpus\2025-12\raw_unarchive\NACHRICHTEN(3).PDF,NACHRICHTEN,nachrichten,Frankfurter Rundschau,frankfurter rundschau,Mittwoch 24. Dezember 2025,,POLITIK; S. 7,319,2256,e1411813b2da33d234682d75e870f9c4f2234bdc,exact_014,duplicate_exact,review,,no,,no,,,4513,no,,exact_014,,,"Erstmals seit 2011 wieder Abschiebung nach Syrien
Deutschland hat einen verurteilten Straftäter nach Syrien abgeschoben – zum ersten Mal seit Ausbruch des 
Krieges in dem Land. Der Mann sei Behörden in Damaskus übergeben worden, so das Bundesinnenministerium 
am Dienstag. Er habe in NRW eine Haftstrafe wegen besonders schweren Raubes, Körperverletzung und 
Erpressung verbüßt. Auch nach Afghanistan wurde ein verurteilter Straftäter abgeschoben. DPA
SPD-Mitgliederbegehren zu Bürgergeld auf dem Weg
Gegner von schärferen Sanktionen und Einschränkungen gegen Bürgergeld-Empfangende in der SPD starten ein 
Mitgliederbegehren, das für die Führung der Regierungspartei aber nicht bindend ist. Erfolgreich ist es, wenn sich 
binnen drei Monaten ein Fünftel der SPD-Mitglieder den Forderungen anschließt. DPA
Tote bei russischen Angriffen auf Ukraine
Bei russischen Luftangriffen sind in der Ukraine nach Angaben von Präsident Selenskyj in der Nacht auf Dienstag 
mindestens drei Menschen getötet worden. Darunter ist demnach auch ein vier Jahre altes Kind. Insgesamt habe 
Russland bei seinen jüngsten Attacken 650 Drohnen und mehr als drei Dutzend Raketen und Marschflugkörper 
eingesetzt. DPA
Gefangenenaustausch im Jemen vereinbart
Die Regierung des Jemen und die Huthi-Miliz haben sich auf den Austausch von fast 3000 Gefangenen geeinigt. 
Demnach soll unter anderem der bekannte Politiker Mohammed Kahtan freigelassen, so ein Unterhändler der 
Regierung. Ein Vertreter der Huthi bestätigte die Einigung. Vorausgegangen waren zwölf Tage dauernde 
Gespräche in Muskat im Oman. DPA
Trump ruft diplomatisches Personal zurück
Die US-Regierung ruft laut Medien Dutzende diplomatische Angestellte zurück, die noch von Joe Biden berufen 
wurden. Der Schritt geht weiter als übliche Personalwechsel neuer US-Administrationen. DPA

NACHRICHTEN
Gewalt in Myanmar nimmt laut UN vor Wahlen zu
Vor den für kommenden Sonntag geplanten Wahlen in Myanmar kommt es nach Angaben des UN-
Hochkommissars für Menschenrechte, Volker Türk, vermehrt zu Gewalt. Zivilist:innen würden sowohl vom Militär 
als auch von bewaffneten Gruppen, die das Militär bekämpfen, drangsaliert: Die einen wollten sie zur Stimmabgabe 
zwingen, die anderen davon abhalten.DPA
Link zum PDF-Dokument"
2025-12,Main Corpus,2025-12(113).ZIP,NACHRICHTEN.PDF,C:\PythonProjects\AfD-project\Corpora\Main Corpus\2025-12\raw_unarchive\NACHRICHTEN.PDF,NACHRICHTEN,nachrichten,Frankfurter Rundschau,frankfurter rundschau,Montag 8. Dezember 2025,,REGION; S. 44,220,1583,68222affe3009bb8856f5748c44e0d9707f7ce3e,,unique,keep,,no,,no,,,2539,no,,,,,"„Sichere Häfen“-Initiative kritisiert Umsetzung
Frankfurt – Indem sie freiwillig mehr Flüchtlinge als vorgeschrieben aufnehmen, wollen Städte und Gemeinden seit 
2018 das Sterben auf dem Mittelmeer verhindern. In Hessen schlossen sich laut dem Bündnis Seebrücke seitdem 
26 Kommunen der internationalen Initiative „Sichere Häfen“ an. Diese kritisiert nun allerdings die beteiligten Städte. 
Die Erklärung sei zum Teil „zu einem Lippenbekenntnis verkümmert“, teilte Nadine Henkel von der Seebrücke 
Frankfurt auf dpa-Anfrage mit. Viele Kommunen beschränkten sich lediglich auf öffentliche Erklärungen, sagt 
Henkel. „So führt beispielsweise Kassel weiterhin den Titel, ist aber als Stadt weitestgehend inaktiv.“DPA
Autodieb schläft auf der Rückbank
Niedernhausen – Polizisten haben in Niedernhausen einen mutmaßlichen Autodieb schlafend auf der Rückbank 
eines gestohlenen Wagens gefunden. Wie die Polizei mitteilte, stand der 19-Jährige bei seiner Festnahme am 
Samstagmorgen unter Drogeneinfluss. Zwei unbekannte Mittäter befinden sich mit einem weiteren gestohlenen 
Auto auf der Flucht. Das Trio soll in der Nacht zum Samstag in Wiesbaden-Bierstadt ein Auto aufgebrochen und 
dort den Zweitschlüssel entwendet haben. Sie fanden außerdem den Schlüssel für ein weiteres Auto. Eines der 
Autos stahlen sie. Als der Besitzer am Samstagabend nach Hause kam, überraschte er zwei Männer, 
möglicherweise die Komplizen, wie sie versuchten, das andere Auto zu stehlen. Bei ihrer Flucht rammten sie den 
Wagen des Besitzers. Nach dem fehlenden Auto wird gefahndet. DPA
Link zum PDF-Dokument"
2025-12,Main Corpus,2025-12(113).ZIP,NGO erklagt Resettlement(2).PDF,C:\PythonProjects\AfD-project\Corpora\Main Corpus\2025-12\raw_unarchive\NGO erklagt Resettlement(2).PDF,NGO erklagt Resettlement,ngo erklagt resettlement,Frankfurter Rundschau,frankfurter rundschau,Donnerstag 18. Dezember 2025,,POLITIK; S. 6,186,1409,9ae5c9b0f7ec248dbb49ab04417dff491bb434ae,exact_015,duplicate_exact,review,,no,,no,,,2853,no,,exact_015,,,"Zwei Familien aus dem Südsudan haben sich mit Unterstützung von Pro Asyl das Recht erklagt, nach Deutschland 
einzureisen. Wie die Menschenrechtsorganisation am Mittwoch mitteilte, hatte sich die Bundesregierung 
verpflichtet, den Betroffenen im Mai die Einreise zu ermöglichen – ihnen und anderen dann aber doch abgesagt. 
Das Oberverwaltungsgericht Berlin-Brandenburg entschied am 29. Oktober, dass Deutschland die Klagenden, die 
sich zu diesem Zeitpunkt in Kenia befanden, aufnehmen müsse. Am Mittwoch hat nun eine Maschine von Nairobi 
aus rund 150 Geflüchtete unter anderem aus dem Südsudan, aus Somalia und der Demokratischen Republik 
Kongo nach Leipzig gebracht.
Über das Resettlement-Programm der Vereinten Nationen bieten Länder wie Deutschland in unregelmäßigen 
Abständen einer – überschaubaren – Zahl besonders vulnerabler Geflüchteter sichere Fluchtwege und nehmen sie 
dann auf. Die Bundesregierung hatte zu ihrem Amtsantritt diese Aufnahmen ausgesetzt.
„Die kurzfristige Absage des Resettlement-Flugs durch das Bundesinnenministerium war nicht nur kaltherzig, 
sondern auch rechtswidrig“, sagt nun Helen Rezene, Co-Geschäftsführerin von Pro Asyl. Vom Rechtsanwalt einer 
der Familien, Matthias Lehnert, heißt es: „Es ist bedenklich, wie häufig bereits im ersten halben Regierungsjahr die 
Justiz gegenüber der rechtswidrigen Abschottungspolitik intervenieren musste.“FAB
Link zum PDF-Dokument"
2025-12,Main Corpus,2025-12(113).ZIP,NGO erklagt Resettlement.PDF,C:\PythonProjects\AfD-project\Corpora\Main Corpus\2025-12\raw_unarchive\NGO erklagt Resettlement.PDF,NGO erklagt Resettlement,ngo erklagt resettlement,Frankfurter Rundschau,frankfurter rundschau,Donnerstag 18. Dezember 2025,,POLITIK; S. 6,186,1409,9ae5c9b0f7ec248dbb49ab04417dff491bb434ae,exact_015,duplicate_exact,review,,no,,no,,,2854,no,,exact_015,,,"Zwei Familien aus dem Südsudan haben sich mit Unterstützung von Pro Asyl das Recht erklagt, nach Deutschland 
einzureisen. Wie die Menschenrechtsorganisation am Mittwoch mitteilte, hatte sich die Bundesregierung 
verpflichtet, den Betroffenen im Mai die Einreise zu ermöglichen – ihnen und anderen dann aber doch abgesagt. 
Das Oberverwaltungsgericht Berlin-Brandenburg entschied am 29. Oktober, dass Deutschland die Klagenden, die 
sich zu diesem Zeitpunkt in Kenia befanden, aufnehmen müsse. Am Mittwoch hat nun eine Maschine von Nairobi 
aus rund 150 Geflüchtete unter anderem aus dem Südsudan, aus Somalia und der Demokratischen Republik 
Kongo nach Leipzig gebracht.
Über das Resettlement-Programm der Vereinten Nationen bieten Länder wie Deutschland in unregelmäßigen 
Abständen einer – überschaubaren – Zahl besonders vulnerabler Geflüchteter sichere Fluchtwege und nehmen sie 
dann auf. Die Bundesregierung hatte zu ihrem Amtsantritt diese Aufnahmen ausgesetzt.
„Die kurzfristige Absage des Resettlement-Flugs durch das Bundesinnenministerium war nicht nur kaltherzig, 
sondern auch rechtswidrig“, sagt nun Helen Rezene, Co-Geschäftsführerin von Pro Asyl. Vom Rechtsanwalt einer 
der Familien, Matthias Lehnert, heißt es: „Es ist bedenklich, wie häufig bereits im ersten halben Regierungsjahr die 
Justiz gegenüber der rechtswidrigen Abschottungspolitik intervenieren musste.“FAB
Link zum PDF-Dokument"
2025-12,Main Corpus,2025-12(113).ZIP,No Headline In Original(2).PDF,C:\PythonProjects\AfD-project\Corpora\Main Corpus\2025-12\raw_unarchive\No Headline In Original(2).PDF,No Headline In Original,no headline in original,Rheinische Post,rheinische post,Montag 15. Dezember 2025,,S. 18,127,951,15cc04b53a81a50574093c6dc7441aee831565c1,exact_016,duplicate_exact,drop,malformed,no,,yes,placeholder_title,,1671,no,,exact_016,,,"Feuer in Wohncontainern
in Kaiserswerth
Düsseldorf (RP) Am späten Freitagnachmittag hat es in einer Flüchtlingsunterkunft in Kaiserswerth gebrannt. Wie 
die Feuerwehr mitteilte, brach der Kleinbrand im Erdgeschoss eines Wohncontainers aus. Verletzt wurde niemand. 
Zunächst war gegen 17.35 Uhr gemeldet worden, dass sich eventuell noch Personen in dem Container befänden. 
Deshalb rückten zwei Löschzüge sowie mehrere Rettungsdienst- und Sonderfahrzeuge aus. Bei deren Eintreffen 
sei eine leichte Verrauchung im Erdgeschoss sichtbar gewesen, so die Feuerwehr. Die Bewohner hätten sich da 
bereits selbst ins Freie begeben. Die Löscharbeiten beanspruchten laut Feuerwehr nur „sehr kurze Zeit“. Nachdem 
die Containeranlage mit Speziallüftern vom Rauch befreit wurde, seien die Wohneinheiten wieder nutzbar. Die 
Polizei geht von fahrlässiger Brandstiftung aus. Gebrannt habe eine Matratze, am Brandort habe man 
Zigarettenstummel gefunden.
Link to PDF"
2025-12,Main Corpus,2025-12(113).ZIP,No Headline In Original.PDF,C:\PythonProjects\AfD-project\Corpora\Main Corpus\2025-12\raw_unarchive\No Headline In Original.PDF,No Headline In Original,no headline in original,Rheinische Post,rheinische post,Montag 15. Dezember 2025,,S. 18,127,951,15cc04b53a81a50574093c6dc7441aee831565c1,exact_016,duplicate_exact,drop,malformed,no,,yes,placeholder_title,,1684,no,,exact_016,,,"Feuer in Wohncontainern
in Kaiserswerth
Düsseldorf (RP) Am späten Freitagnachmittag hat es in einer Flüchtlingsunterkunft in Kaiserswerth gebrannt. Wie 
die Feuerwehr mitteilte, brach der Kleinbrand im Erdgeschoss eines Wohncontainers aus. Verletzt wurde niemand. 
Zunächst war gegen 17.35 Uhr gemeldet worden, dass sich eventuell noch Personen in dem Container befänden. 
Deshalb rückten zwei Löschzüge sowie mehrere Rettungsdienst- und Sonderfahrzeuge aus. Bei deren Eintreffen 
sei eine leichte Verrauchung im Erdgeschoss sichtbar gewesen, so die Feuerwehr. Die Bewohner hätten sich da 
bereits selbst ins Freie begeben. Die Löscharbeiten beanspruchten laut Feuerwehr nur „sehr kurze Zeit“. Nachdem 
die Containeranlage mit Speziallüftern vom Rauch befreit wurde, seien die Wohneinheiten wieder nutzbar. Die 
Polizei geht von fahrlässiger Brandstiftung aus. Gebrannt habe eine Matratze, am Brandort habe man 
Zigarettenstummel gefunden.
Link to PDF"
2025-12,Main Corpus,2025-12(113).ZIP,PANORAMA.PDF,C:\PythonProjects\AfD-project\Corpora\Main Corpus\2025-12\raw_unarchive\PANORAMA.PDF,PANORAMA,panorama,Berliner Zeitung,berliner zeitung,16. Dezember 2025,,PANORAMA; S. 24,355,2585,b61e2bdb9c8810800a81aeb4388e5bb68314d099,,unique,keep,,no,,no,,,4452,no,,,,,"Haftbefehl nach Fund abgetrennter Hände 
 Nach den Funden von abgetrennten Händen auf der A45 bei Olpe und der Leiche einer 32-jährigen Frau nahe 
Koblenz hat die Staatsanwaltschaft Haftbefehl gegen den 41-jährigen Lebensgefährten erlassen. Das teilten Polizei 
und Staatsanwaltschaft am Montag mit. Der Mann war bereits im Ausland von den Behörden auf eigene 
Veranlassung festgenommen worden, nach dpa-Informationen in Äthiopien. Seine Partnerin stammte aus Eritrea 
und lebte in einem Flüchtlingsheim in Bonn. In der Stadt soll auch der Lebensgefährte gemeldet sein. Aufgrund der 
bisherigen Ermittlungsergebnisse habe sich ein dringender Tatverdacht gegen den 41-Jährigen ergeben, so die 
Ermittlungsbehörden. Weitere Angaben machten sie zunächst nicht. (dpa)
 Freilassung nach Schüssen an US-Universität 
Nach tödlichen Schüssen an der Brown University im US-Bundesstaat Rhode Island soll die kürzlich 
festgenommene Person wieder aus dem Gewahrsam entlassen werden. Die Beweise deuteten nach weiteren 
Ermittlungen in eine andere Richtung, sagte Generalstaatsanwalt Peter F. Neronha. Wir wissen, dass dies 
wahrscheinlich neue Ängste in unserer Gemeinschaft hervorrufen wird , sagte der Bürgermeister der Stadt 
Providence, Brett Smiley. Man gehe aber weiterhin davon aus, dass keine Gefahr für die Menschen in Providence 
bestehe. Es bleibe dennoch bei einer verstärkten Polizeipräsenz. Ein bewaffneter Täter hatte am Samstag an der 
Brown University zwei Studenten getötet und mehrere verletzt. Sein Motiv ist bislang ungeklärt. Am Sonntagmorgen 
hatten die Ermittler bekanntgegeben, dass eine Person in Gewahrsam genommen worden sei. (dpa)
 Steigende Zahl an Kindeswohlgefährdungen 
 Die Zahl der Kindeswohlgefährdungen in Deutschland hat das dritte Mal in Folge einen neuen Höchststand 
erreicht. Im Jahr 2024 stellten die Jugendämter bei rund 72.800 Kindern oder Jugendlichen eine Gefahr durch 
Vernachlässigung, psychische, körperliche oder sexuelle Gewalt fest. Laut Statistischem Bundesamt stieg diese 
Zahl damit binnen fünf Jahren um fast ein Drittel (plus 31 Prozent). Etwa jedes zweite betroffene Kind war jünger 
als neun Jahre, jedes dritte sogar jünger als sechs Jahre. Die meisten betroffenen Minderjährigen wuchsen bei 
beiden Eltern gemeinsam (38 Prozent) oder einem alleinerziehenden Elternteil (37 Prozent) auf. Am häufigsten 
wurden Anzeichen von Vernachlässigung festgestellt. Danach folgten Hinweise auf psychische Misshandlungen. 
Bei gut einem Viertel gab es Indizien für körperliche Misshandlungen, bei sechs Prozent für sexuelle Gewalt. (dpa)

PANORAMA"
2025-12,Main Corpus,2025-12(113).ZIP,Pass zeigt Identität.PDF,C:\PythonProjects\AfD-project\Corpora\Main Corpus\2025-12\raw_unarchive\Pass zeigt Identität.PDF,Pass zeigt Identität,pass zeigt identität,Frankfurter Rundschau,frankfurter rundschau,Freitag 19. Dezember 2025,,POLITIK; S. 5,140,983,da347295410cb26c04ad3fe0205c65de4d3919b7,,unique,keep,,no,,no,,,1967,no,,,,,"Wer in Deutschland eingebürgert werden will, muss seine Identität in der Regel durch die Vorlage eines Passes 
nachweisen. Nur wenn er keinen Pass hat und auch keinen bekommen kann, kann andere Optionen dafür 
anführen. Das hat das Bundesverwaltungsgericht in Leipzig am Donnerstag entschieden. In diesen Fällen kann ein 
Passersatz oder ein anderes Identitätsdokument mit Foto wie ein Personalausweis oder eine Identitätskarte 
ausreichen. Das Gericht präzisierte damit sein Stufenmodell für das Einbürgerungsverfahren. Bislang standen Pass 
und andere amtliche Dokumente mit Foto auf derselben Stufe. Anlass für das Urteil war der Fall eines Syrers, der 
Deutscher werden will. Der 1994 geborene Mann lebt seit 2014 in Deutschland und wurde als Flüchtling anerkannt. 
Sein Antrag auf Einbürgerung wurde vom nordrhein-westfälischen Kreis Mettmann allerdings abgelehnt, weil der 
Mann keinen syrischen Pass beantragen wollte, um seine Identität zu beweisen. AFP
Link zum PDF-Dokument"
2025-12,Main Corpus,2025-12(113).ZIP,Politik Kompakt Wirtschaftsweise Grimm_ Finanzpolitik  auf Kosten kleiner Leute  ++ Ukraine _ Friede.PDF,C:\PythonProjects\AfD-project\Corpora\Main Corpus\2025-12\raw_unarchive\Politik Kompakt Wirtschaftsweise Grimm_ Finanzpolitik  auf Kosten kleiner Leute  ++ Ukraine _ Friede.PDF,Politik Kompakt; Wirtschaftsweise Grimm: Finanzpolitik auf Kosten kleiner Leute ++ Ukraine: Friedensplan,politik kompakt wirtschaftsweise grimm finanzpolitik auf kosten kleiner leute  ukraine friedensplan,Die Welt,die welt,Mittwoch 10. Dezember 2025,,POLITIK; NACHRICHTEN; S. 4; Ausg. 239,659,4938,42648c31945d2fa7c081ee469393a143c9d18f6d,,unique,keep,,no,,no,,,8935,no,,,,,"Wirtschaftsweise Grimm
Finanzpolitik auf Kosten kleiner Leute 
Die Wirtschaftsweise Veronika Grimm kritisiert die Renten- und Finanzpolitik der Bundesregierung als sozial 
ungerecht. Die Bundesregierung treibt eine Politik auf Kosten der kleinen Leute voran, die das Land an den 
Abgrund manövriert , sagte die Ökonomin der Augsburger Allgemeinen . Schon 2029 sind wir in einer Situation, in 
der allein die Sozialausgaben, Zinslasten und die Verteidigungsausgaben die gesamten prognostizierten 
Einnahmen des Staates aufbrauchen , warnte Grimm. Der Wirtschaft sei klar, dass deutliche Steuererhöhungen in 
Deutschland drohten, weshalb viele Unternehmen Standortverlagerungen ins Ausland prüften. Ich befürchte 
deshalb, dass wir zunehmend eine Abwanderung von Unternehmen sehen. Das wiederum senkt die 
Wachstumschancen , sagte Grimm. Junge, gut ausgebildete Menschen seien international mobil und gingen bei zu 
hohen Steuern und Abgaben in andere Länder. Treffen wird es daher die Normalverdiener, die nicht so mobil sind , 
sagte Grimm.
Ukraine
Friedensplan überarbeitet
Die Ukraine wollte den USA am Dienstag einen überarbeiteten Friedensplan zur Beendigung des Krieges mit 
Russland vorlegen. Dieser Plan umfasse 20 Punkte, sagte Präsident Wolodymyr Selenskyj nach einem Treffen mit 
den Staats- und Regierungschefs von Deutschland, Frankreich und Großbritannien in London. Bei der strittigen 
Frage der Gebietsabtretungen, die die Ukraine ablehnt, gebe es keine Einigung. Laut ukrainischem Recht, der 
Verfassung und dem Völkerrecht habe seine Regierung kein Recht, dem zuzustimmen.

Politik Kompakt; Wirtschaftsweise Grimm: Finanzpolitik auf Kosten kleiner Leute ++ Ukraine: Friedensplan 
überarbeitet ++ Tschechien: Babis als Premier vereidi....
Tschechien
Babis als Premier vereidigt
Tschechien hat mit dem Milliardär Andrej Babis einen neuen rechtspopulistischen Regierungschef. Präsident Petr 
Pavel vereidigte den 71-Jährigen auf der Prager Burg. Babis hat eine Koalition mit zwei Parteien am äußersten 
rechten Rand gebildet, der Autofahrerpartei Motoristen und der migrationsfeindlichen Freiheit und direkte 
Demokratie (SPD). Vorangegangen war ein Machtkampf zwischen Babis und dem Präsidenten. Pavel forderte, 
dass der Milliardär seinen Interessenkonflikt beilegen müssen, der sich aus seiner Rolle als Unternehmer und EU-
Subventionsempfänger einerseits und Politiker andererseits ergibt. Babis lenkte ein, indem er versprach, seine 
Unternehmensholding Agrofert an einen Trust zu übergeben.
Datennutzung für KI
EU-Kommission geht gegen Google vor
Die EU-Kommission geht wegen der Nutzung anderer Websites für mit Künstlicher Intelligenz (KI) erstellte 
Suchergebnisse gegen Google vor. Die Wettbewerbshüter vermuten, dass der Internetkonzern seine Quellen für 
die KI-Übersicht in der Google-Suche nicht angemessen bezahlt und seine KI mit Youtube-Videos trainiert. 
Bestätigen sich die Vorwürfe, droht Google ein hohes Bußgeld. In dem Verfahren geht es um die mithilfe von KI 
erstellte Übersicht, die seit einigen Monaten ganz oben in den Ergebnissen fast jeder Google-Suche auftaucht. 
Diese Übersicht basiert auf Inhalten, die im Internet frei verfügbar sind etwa über das Online-Lexikon Wikipedia 
oder Nachrichtenseiten. Die EU-Kommission vermutet, Google nutze diese Daten, ohne Inhabern der Websites 
eine angemessene Vergütung zu zahlen oder die Nutzung ihrer Inhalte abzulehnen.
Er hatte 28 Identitäten
Polizei nimmt Asylbewerber fest
In einem Regionalzug aus Belgien haben Beamte der Bundespolizei einen Libanesen angetroffen, der mit 28 
verschiedenen Namen im polizeilichen Fahndungssystem registriert ist. Einer Pressemitteilung zufolge besteht 
gegen den Mann ein Einreise- und Aufenthaltsverbot für das Gebiet der Bundesrepublik Deutschland. Der 37-
Jährige wies sich am Samstag am Aachener Hauptbahnhof mit einem libanesischen Reisepass und einem 
italienischen Aufenthaltstitel aus. Letzterer sei allerdings nicht für den Schengen-Raum wirksam gewesen. Der 
Mann sei in der Vergangenheit wiederholt mit Verstößen gegen das Betäubungsmittelgesetz aufgefallen, heißt es 
in der Mitteilung weiter. Im April sei sein Asylverfahren unanfechtbar abgelehnt worden.
Jimmy Kimmel
Talkmaster verlängert seinen Vertrag
Nach einer rund einwöchigen Zwangspause seiner US-Late-Night-Sendung im Herbst wegen umstrittener 
Äußerungen zum ermordeten Aktivisten Charlie Kirk hat Moderator Jimmy Kimmel seinen TV-Vertrag um ein 
weiteres Jahr verlängert. Nach Informationen der Deutschen Presse Agentur wird die Show Jimmy Kimmel Live! 
somit bis mindestens Mai 2027 fortgesetzt. Kimmel selbst postete auf der Plattform Instagram einen 
entsprechenden US-Medienbericht und schrieb darunter, wohl augenzwinkernd: Ich freue mich, ein weiteres Jahr 
ohne Talent anzukündigen. US-Präsident Donald Trump hat Kimmel, der ihn häufig auf die Schippe nimmt, immer 
wieder als untalentiert verunglimpft.
Original Gesamtseiten-PDF"
2025-12,Main Corpus,2025-12(113).ZIP,Pressestimmen.PDF,C:\PythonProjects\AfD-project\Corpora\Main Corpus\2025-12\raw_unarchive\Pressestimmen.PDF,Pressestimmen,pressestimmen,Nordwest-Zeitung,nordwestzeitung,09. Dezember 2025,,MEINUNG; S. 10,248,1837,9ec0c8542a6163525546552eea0003a4512334a5,,unique,drop,commentary_noncore,no,,no,,,3182,yes,commentary_noncore,,,,"Zur Einigung der EU-Staaten auf eine strengere Migrationspolitik schreibt die
( ) Warum erst jetzt Entscheidungen getroffen werden, die überfällig sind, hat mit dem Stimmungswechsel in der EU 
zu tun. Die dänische Ratspräsidentschaft treibt eine Flüchtlingspolitik voran, die Rechtspopulisten in Dänemark das 
Leben schwer gemacht hat und ihnen überall in der EU den Wind aus den Segeln nehmen soll. ( ) Wie 
sehr sich die EU verändert hat unter dem Eindruck einer zügellosen Migrationspolitik, sieht man daran, dass der 
Innenminister Dänemarks, ein Sozialdemokrat, mit den migrationspolitischen Positionen der Sozialdemokraten in 
Deutschland nicht viel gemein hat. ( ) Wer unterstellt, damit solle jedwede Einwanderung abgeschottet werden, 
verkennt den Zweck dieser Politik. Reguläre Einwanderung ist umso einfacher zu rechtfertigen und zu integrieren, 
je geringer die irreguläre ist.
Über die neue nationale Sicherheitsstrategie der USA und die europäischen Beratungen in London zum 
Ukraine-Krieg meint der
Die Vance-Rede auf der Münchner Sicherheitskonferenz jagte noch Schockwellen durch Europa. Gemessen daran 
fallen die Reaktionen auf Trumps neue nationale Sicherheitsstrategie erstaunlich gelassen aus: Wie sich ein 
kräftiger Tritt in den Hintern anfühlt, wissen die Europäer inzwischen. Es ist gut, dass der lange zerstrittene 
Kontinent in der Stunde der Bedrohung enger zusammenrückt. Das Treffen der Regierungschefs von Deutschland, 
Frankreich, Großbritannien und der Ukraine in London war auch ein Signal an Trump, dass das angeblich so 
schwächliche Europa nicht bereit ist, seine Sicherheit russischen Eroberungsfantasien oder amerikanischen 
Geschäftsinteressen zu opfern. Wenn es stimmt, dass Trump Stärke liebt, dann braucht es mehr solche Signale der 
Entschlossenheit.

Pressestimmen
PDF-Datei dieses Dokuments"
2025-12,Main Corpus,2025-12(113).ZIP,Putins Russland oder Trumps USA.PDF,C:\PythonProjects\AfD-project\Corpora\Main Corpus\2025-12\raw_unarchive\Putins Russland oder Trumps USA.PDF,Putins Russland oder Trumps USA,putins russland oder trumps usa,Der Tagesspiegel,der tagesspiegel,Dienstag 30. Dezember 2025,,POLITIK; Politik; S. 7,1183,8494,b6028450903b2239fac73c7f879cef3c35c52fd3,,unique,keep,,no,,no,,,10589,no,,,,,"Freitagmittag, kurz vor Weihnachten: AfD-Fraktionsvize Markus Frohnmaier tritt ans Bundestagspult und macht sich 
darüber lustig, dass Außenminister Johann Wadephul gesagt hatte: ,,Ich sehe in jedem Flüchtling ein Geschöpf 
Gottes."" Das sei, sagt Frohnmaier, eine ,,wertegeleitete Gefühlspolitik"", das seien ,,Kirchentagssprüchlein"" und ein 
auffälliger Gegensatz zur US-amerikanischen, interessengeleiteten Realpolitik. Der Bundesregierung wirft 
Frohnmaier vor, sie habe das Land in ein ,,wokes Freiluftgefängnis"" verwandelt, sie wolle einen ,,autoritären, 
islamisierten, bündnisunfähigen Moloch"". In den Reihen der Union: versteinerte Gesichter.
Gerade erst waren Frohnmaier und andere in den USA, geben sich staatsmännisch. Kritiker werfen der Partei 
,,Vaterlandsverrat"" vor. Wohin steuert die AfD? Osten oder Westen? Und was bedeutet das für die 
Bundesrepublik?
In erster Linie: Selbstinszenierung. Häufig auf Kosten der Wahrheit. Wadephul etwa hatte im Interview mit 
evangelisch.de den Satz zwar gesagt. Hinzugefügt hatte er aber, er wisse ,,um die Begrenztheit unserer 
Möglichkeiten und die negativen Effekte einer sehr starken Zuwanderung, die wir gerade auch nach Deutschland 
hatten"".
Mit Teil-Stücken der Realität waren AfD-Politiker auch in die USA gereist - bis zu Fake News. Und so ging der 
außenpolitische Sprecher der Union, Jürgen Hardt, in seiner Rede nach der Frohnmaiers auf die Russland- und 
Chinaverflechtungen der AfD ein: ,,Unangenehm für Deutschland wird es, wenn in Amerika AfD-Politiker rumziehen 
und Schlechtes über Deutschland erzählen.""
 Der Angriffskrieg gegen die Ukraine? Kein Thema 
Fest steht: Sowohl mit Trump als auch mit Putin verbindet die AfD einiges. Alle drei setzen auf Nationalismus. 
Während Putin das imperialistisch auslegt und Trump bilaterale Deals machen will, möchte die AfD die EU 
verlassen. Und so steht auch Russland oben auf der Interessenliste vieler AfD-Funktionäre. In der Partei 
transportieren Russlandfreunde - vor allem aus Ostdeutschland - Putins Narrative. Sie sprechen weniger über den 
Angriffskrieg gegen die Ukraine als darüber, dass der Westen Russland angeblich in die Enge getrieben habe.
So scheint es folgerichtig, dass im November drei AfD-Vertreter zu einem Treffen der Brics-Staaten ins russische 
Sotschi reisten, während sich Politiker anderer Parteien fernhielten. Die Brics-Runde umfasste ursprünglich 

Putins Russland oder Trumps USA
Brasilien, Russland, Indien, China und Südafrika. Mittlerweile gehören weitere Länder dazu. Aus Deutschland 
nahmen Sachsens AfD-Landeschef Jörg Urban, der Europaabgeordnete Hans Neuhoff und der 
Bundestagsabgeordnete Steffen Kotré teil. Auflage der Partei, insbesondere von Co-Chefin Alice Weidel: kein 
großes Aufsehen.
Die Reisenden nutzten dennoch ihre Bühne. So sagte etwa Urban dem rechtsextremen ,,Compact""-Magazin, man 
wolle vernünftige wirtschaftliche Beziehungen zu Russland. In Sachsen gebe es viele, die mit der ,,antirussischen 
Politik"" der Bundesregierung unzufrieden seien. Kotré kritisierte in einem Video, Deutschland zerstöre den eigenen 
Wohlstand, indem es auf russisches Öl und Gas verzichte.
Was hat Russland von solchen Kontakten? Marcel Lewandowsky ist Politologe, beschäftigt sich mit Populismus. Im 
Gespräch mit dem Tagesspiegel sagte er: ,,Russland führt hybride Angriffe gegen Europa aus. Dazu gehört die 
Destabilisierung der politischen Systeme."" Ein Mittel sei es, Rechtsaußenparteien zu unterstützen oder sogar 
Akteure zu finanzieren. ,,Aber in der Regel geht es um Networking und Absprachen.""
Anlässlich der Sotschi-Reise brach offener Streit in der Parteispitze aus. Mitte November trat Co-Chefin Alice 
Weidel vor die Kameras und sagte, die Entscheidung für die Russlandreise sei ,,recht unglücklich"" gewesen. ,,Ich 
selbst würde dort nicht hinreisen. Ich würde es auch niemandem empfehlen, weil ich nicht weiß, was letztendlich 
das Ergebnis sein soll."" Nur wenige Stunden später sagte AfD-Co-Chef Chrupalla bei Markus Lanz über Putin: ,,Mir 
hat er ja nichts getan."" Und: ,,Ich sehe keine Gefahr für Deutschland aktuell durch Russland.""
Das beurteilen Nachrichtendienste und Bundesregierung anders. Mitte Dezember bestellte das Auswärtige Amt den 
russischen Botschafter ein. Hintergrund: eine ussische Desinformationskampagnen gegen Deutschland, vor allem 
gegen führende Politiker und rund um die Bundestagswahl. Die Aktionen hatten zum Ziel, zu spalten und das 
Vertrauen in demokratische Prozesse zu schwächen, heißt es. Ein Beispiel: Fake News dazu, dass die AfD auf 
Briefwahl-Stimmzetteln in Leipzig gefehlt hätte oder Unterlagen in Hamburg weggeworfen worden wären, wenn die 
AfD angekreuzt war.
Ortswechsel. Seit langem fliegen Drohnen über die kritischer Infrastruktur in Deutschland, spionieren mutmaßlich 
Schwachstellen aus, legen Flughäfen lahm. Mindestens ein Teil der Flüge wird Russland zugeschrieben. Hybrider 
Krieg in Deutschland, Russlands Angriffskrieg gegen die Ukraine, Putins Großmachtstreben - all das hält die AfD 
nicht davon ab, russische Kontakte zu suchen.
,,Die AfD ist größtenteils eine russlandfreundliche Partei. Der ausgeprägte Antiamerikanismus unter den Rechten 
ist nicht weg"", sagte Lewandowsky, ,,aber man sieht jetzt, dass sich die Lager verstärkt verbünden - wie sie es 
formulieren gegen ein korruptes Establishment und gegen Linke.""
Parallel bauen Vertreter der Rechten Kontakte zu Trumps Maga-Lager aus. Auf Einladung der New York Young 
Republicans reiste eine AfD-Delegation Mitte Dezember in die USA. AfD-Fraktionsvize Markus Frohnmaier 
überreichten die jungen Republikaner einen Preis - für dessen angeblichen Kampf gegen einen ,,neuen Marxismus"" 
in Berlin und Brüssel. Nebenbei versichert man den amerikanischen Freunden, so beschreibt es etwa ,,Politico"", 
dass die Meinungsfreiheit in Deutschland unterdrückt würde, ebenso wie die Opposition und dass die AfD dennoch 
die Regierungspartei der Zukunft wäre.
,,Die Amerikaner haben ebenfalls ein Interesse daran, die liberale Ordnung in Europa zu destabilisieren und 
illiberale Kräfte zu stärken, ,patriotische Regierungen' zu etablieren und die Europäische Union noch weiter zu 
schwächen"", sagte Lewandowsky. 
Ideologisch dürften sich die AfDler wie zu Hause gefühlt haben: populistische ,,Wir gegen die""-Rhetorik. Ein 
Unterschied: Während das Trump-Lager vielfach evangelikal geprägt ist, spielt Religion in der AfD wenn überhaupt 
eine untergeordnete Rolle. Da käme die Bewegung eher mit Friedrich Merz ins Gespräch - der hatte seinen 
Amtseid mit dem Zusatz ,,So wahr mir Gott helfe"" abgelegt. So mutete es bizarr an, als im November Alex 
Brusewitz, einer von Trumps Social-Media-Beratern, im Bundestag vor der AfD-Fraktion und Gästen auftrat. Sein 
Thema: eine globale, heilige Schlacht um Familie und Nation.
Putins Russland oder Trumps USA
 Die Reise der AfDler kostete 100.000 Euro Steuergeld 
Man dürfe diese Netzwerke nicht unterschätzen, sagte Lewandowsky. ,,Ideologisch sind sie sich in vielem einig - 
etwa beim angeblichen Untergang der Meinungsfreiheit. In Einzelfällen, etwa bei Landtags- oder 
Bundestagswahlen, unterstützt man sich."" Kurz vor der Bundestagswahl dieses Jahr traf etwa US-Vizepräsident J. 
D. Vance am Rande der Münchener Sicherheitskonferenz Alice Weidel. ,,Der AfD geht es in erster Linie um 
Symbolik. Sie demonstriert, dass sie international gefragt sei und gibt sich als Wahrer deutscher Interessen"", sagte 
Lewandowsky. ,,Das gilt auch bei den Republikanern unter Donald Trump.""
AfD-Fraktionsvize Markus Frohnmaier, der 2026 als Spitzenkandidat bei der Landtagswahl in Baden-Württemberg 
antritt, will nun Republikaner nach Berlin einladen und erklärte, er plane einen Kongress für Februar. Dabei sein 
sollen Vertreter des US-Außenministeriums, Kongressabgeordnete und Lobbyisten. Auch Alex Bruesewitz, Trumps 
Social-Media-Berater, kündigte an, er wolle bald wieder nach Berlin kommen.
Die USA-Reise der AfDler soll die deutschen Steuerzahler indes mehr als 100.000 Euro gekostet haben.
***
 Jeder schaut durch seine Brille. Während AfD-Chefin Alice Weidel nicht wüsste, warum sie nach Russland reisen 
sollte, blickt ihr Kompagnon an der Parteispitze Tino Chrupalla ganz subjektiv auf Putin: ,,Mir hat er ja nichts getan."" 
 Zitat 
Ich sehe keine Gefahr für Deutschland aktuell durch Russland.
Tino Chrupalla, AfD-Co-Chef, über die internationale Lage
 Expertenprofil 
Marcel Lewandowsky ist Politologe und Autor. Er forscht und publiziert zu Demokratie, Populismus und Parteien."
2025-12,Main Corpus,2025-12(113).ZIP,"Rechtes Werk, Deutschlands Beitrag.PDF","C:\PythonProjects\AfD-project\Corpora\Main Corpus\2025-12\raw_unarchive\Rechtes Werk, Deutschlands Beitrag.PDF","Rechtes Werk, Deutschlands Beitrag",rechtes werk deutschlands beitrag,"taz, die tageszeitung",taz die tageszeitung,Dienstag 09. Dezember 2025,Eric Bonse,AKTUELLES; S. 2,422,3213,41d38d5c027328c8469d01509493c1cac67d8b1a,,unique,keep,,no,,no,,,5200,no,,,,,"Von Eric Bonse, Brüssel
Dafür brauchte es keine Ermahnung aus Washington: Die EU will ihren Kurs in der Asylpolitik deutlich verschärfen. 
So sollen künftig außerhalb Europas etwa in Albanien, aber auch in Ländern Afrikas sogenannte 
Rückführungszentren für abgelehnte Asylbewerber eingerichtet werden. Abschiebungen werden so erleichtert und 
beschleunigt. Bundesinnenminister Alexander Dobrindt (CSU) sprach von einer Wende.
 Wir erleben heute ein europäisches Momentum , sagte Dobrindt am Rande eines Treffens der EU-Innenminister in 
Brüssel. Es gehe um Kontrollkurs und klare Kante, auch in Europa . Künftig sollten Asylverfahren, wenn möglich, 
direkt an den EU-Außengrenzen durchgeführt werden. Außerdem werde man die sogenannte Sekundärmigration 
eindämmen. Deutschland könnte so weniger Migranten aufnehmen.
Die Verschärfung kommt nicht überraschend. Viele der nun beschlossenen Maßnahmen waren bereits im Asyl- und 
Migrationspakt enthalten, den die EU vor der Europawahl im Juni 2024 beschlossen hat. Der Regierungswechsel in 
Berlin Anfang 2025 verlieh den Hardlinern neuen Auftrieb. Zuletzt hatten die USA in ihrer neuen Sicherheitsdoktrin 
einen härteren Kurs gegen Einwanderer in Europa gefordert.
Doch da hatten die EU-Innenminister längst die Weichen gestellt. Umstritten war zuletzt eigentlich nur noch die 
gegenseitige Anerkennung von Entscheidungen zur Rückführung von abgelehnten Asylbewerbern. Gerungen 
wurde auch um einen neuartigen Solidaritätsmechanismus, der Staaten mit besonders viel Flüchtlingen entlasten 
und die Menschen gerechter auf die EU-Staaten verteilen soll.
Die Minister einigten sich darauf, dass Entscheidungen eines EU-Staates zur Rückkehr von Asylbewerbern 
grundsätzlich auch von anderen Ländern anerkannt werden, zunächst aber nur freiwillig. Ergänzt wurde der 
Beschluss durch die Option, zu einem späteren Zeitpunkt eine Anerkennungspflicht einzuführen. Gegen eine Pflicht 
hatte sich auch Dobrindt ausgesprochen aus Angst vor Klagen.

Rechtes Werk, Deutschlands Beitrag
Bei der Solidarität macht die EU vergleichsweise kleine Schritte. Wie der Ministerrat mitteilte, sollen im kommenden 
Jahr 21.000 Personen aus solchen EU-Staaten umverteilt werden, die unter besonders hohem Migrationsdruck 
stehen. Staaten, die keine Schutzbedürftigen aufnehmen wollen, können finanzielle Hilfe leisten sich also 
freikaufen. Ungarn und Polen wollen sich der Solidarität indes komplett verweigern.
Die geplanten neuen Regeln müssen noch vom Europaparlament gebilligt werden. Doch sie stoßen schon jetzt auf 
harsche Kritik: Europäische Kirchen, Hilfswerke und Amnesty International warnen Deutschland und die EU vor 
einem repressiven Kurs. Von einem Gruselkabinett sprach Wiebke Judith, rechtspolitische Sprecherin von Pro 
Asyl: Auch Menschen, die ausreisepflichtig sind, haben Grundrechte. 
Die Beschlüsse der Innenminister folgten einem rechten und rechtsextremen Narrativ, kritisierte die grüne 
Europaabgeordnete Mélissa Camara. Mit den geplanten Rückführungszentren lege die EU die Axt an Grundwerte 
und Menschenrechte. Sie kündigte eine Schlacht im Europaparlament an, um die EU-Prinzipien zu verteidigen.
Auch Menschen, die ausreisepflichtig sind, haben Grundrechte"
2025-12,Main Corpus,2025-12(113).ZIP,Rechtsextremismus ängstigt Deutsche mehr als Ausländer.PDF,C:\PythonProjects\AfD-project\Corpora\Main Corpus\2025-12\raw_unarchive\Rechtsextremismus ängstigt Deutsche mehr als Ausländer.PDF,Rechtsextremismus ängstigt Deutsche mehr als Ausländer,rechtsextremismus ängstigt deutsche mehr als ausländer,Rheinische Post,rheinische post,Montag 8. Dezember 2025,unbekannt,S. 1,183,1339,b3db8c7f795cdd067cc145e198f3013495254772,,unique,keep,,no,,no,,,2322,no,,,,,"Berlin (dpa) Der Rechtsextremismus in Deutschland beunruhigt Menschen ohne Migrationshintergrund noch stärker 
als Zuwanderer und ihre direkten Nachkommen. Das zeigen die Ergebnisse einer aktuellen Untersuchung der 
CDU-nahen Konrad-Adenauer-Stiftung (KAS) zum Zusammenleben in der Einwanderungsgesellschaft.
Unterschiede zwischen Deutschen mit und ohne ausländische Wurzeln gibt es demnach auch, was die Sicht auf 
den russischen Angriffskrieg in der Ukraine angeht.
Für die repräsentative Untersuchung waren von Anfang Oktober 2024 bis Ende Januar bundesweit rund 3000 
Menschen befragt worden, unter ihnen 1007 Ausländerinnen und Ausländer sowie 1003 Menschen mit 
Migrationshintergrund. Der Studie zufolge stimmen knapp drei Viertel (74 Prozent) der Deutschen ohne familiäre 
Einwanderungsgeschichte der Aussage „Der Rechtsextremismus in Deutschland macht mir Angst“ zu. Deutsche 
mit Migrationshintergrund sehen das nur zu 66 Prozent so. Unter den hierzulande lebenden Ausländern sind es 55 
Prozent.
Dass Russland alleine schuld am Krieg in der Ukraine ist, glauben laut Studie lediglich 38 Prozent der 
Ausländerinnen und Ausländer, die in Deutschland leben. Dagegen sieht eine Mehrheit von 58 Prozent der 
Deutschen ohne ausländische Wurzeln die Schuld für den seit Februar 2022 andauernden Krieg alleine bei 
Russland.
Link to PDF"
2025-12,Main Corpus,2025-12(113).ZIP,Schnelle Abschiebung nach Anschlagsplänen_ Terror 21-Jähriger glorifiziert islamische Attentate und.PDF,C:\PythonProjects\AfD-project\Corpora\Main Corpus\2025-12\raw_unarchive\Schnelle Abschiebung nach Anschlagsplänen_ Terror 21-Jähriger glorifiziert islamische Attentate und.PDF,Schnelle Abschiebung nach Anschlagsplänen? Terror 21-Jähriger glorifiziert islamische Attentate und zeigt in,schnelle abschiebung nach anschlagsplänen terror 21jähriger glorifiziert islamische attentate und zeigt in,Nordwest-Zeitung,nordwestzeitung,17. Dezember 2025,,HINTERGRUND; S. 12,452,3397,1620c53f4c7d497a0e129185935497219097a763,,unique,keep,,no,,no,,,5521,no,,,,,"Magdeburg - Der wegen möglicher Anschlagspläne festgesetzte 21-Jährige in Magdeburg soll möglichst schnell 
abgeschoben werden. Die Abschiebungsanordnung werde derzeit vorbereitet, auf dieser Grundlage solle die 
Abschiebung schnellstmöglich durchgeführt werden, sagte der Referatsleiter für Erstaufnahme, Unterbringung und 
Rückführung im Innenministerium, Volker Harms, am Dienstag bei einer Pressekonferenz in Magdeburg.
Der Mann war am Freitag zunächst in polizeilichen Gewahrsam genommen worden. Nach Angaben des 
Innenministeriums von Sachsen-Anhalt sollte dadurch ein möglicher Anschlag auf größere Menschenmengen 
verhindert werden. Den Plänen könnte eine islamistische Motivation zugrunde liegen. Der 21-Jährige sitzt jetzt in 
Vorbereitungshaft.
Ausbildung begonnen
Der Ort für einen Anschlag sei nicht näher konkretisiert worden, sagte die Direktorin des Landeskriminalamts (LKA), 
Birgit Specht. Um den Magdeburger Weihnachtsmarkt sei es nicht gegangen. Wie die Anschlagspläne geäußert 
wurden, wollte sie nicht sagen.
Der 21-Jährige sei im Juni 2024 mit einem Visum für einen Au-pair-Aufenthalt eingereist, sagte Sachsen-Anhalts 
Innenministerin Tamara Zieschang (CDU). Er habe im März mit einer Ausbildung zum Pflegefachmann begonnen. 
Und aufgrund dieser Ausbildung verfügt er gegenwärtig über eine Aufenthaltserlaubnis. Der 21-Jährige stammt aus 

Schnelle Abschiebung nach Anschlagsplänen? Terror 21-Jähriger glorifiziert islamische Attentate und zeigt in 
Magdeburg Interesse an Waffen
Zentralasien, die Nationalität wurde nicht genannt. Wir möchten eine Abschiebung nicht erschweren, indem der 
Herkunftsstaat genannt wird , sagte Zieschang.
Am Donnerstag hatte das Bundeskriminalamt das LKA darüber informiert, dass eine Person einen Anschlag auf 
eine größere Menschenmenge plant. Am Freitagmorgen wurde der Mann durch Spezialeinheiten des LKA in 
Gewahrsam genommen. Bei einer Durchsuchung wurden persönliche Gegenstände sichergestellt, die nun 
ausgewertet werden.
Zieschang betonte, die Erkenntnisse verdichteten sich, dass er zu Anschlägen bereit gewesen und eine 
Radikalisierung erfolgt sei. Und er glorifizierte auch bestimmte Anschläge. Außerdem habe der Mann Interesse für 
Waffen und Schießtraining gezeigt. Anfang Dezember habe er ein Waffengeschäft in Magdeburg aufgesucht, 
jedoch keine Waffe erworben.
Nicht aufgefallen
Bisher war der Mann laut Specht nicht polizeilich in Erscheinung getreten. Es gebe aber Erkenntnisse, dass bei 
dem 21-Jährigen eine militärische Ausbildung vorhanden sei. Zu weiteren Details wollte sich sie mit Verweis auf die 
Ermittlungen nicht äußern. Der Generalbundesanwalt ist eingeschaltet, wir sind da in Abstimmungen. 
Der Mann sitzt jetzt in einer Justizvollzugsanstalt. Eine Vorbereitungshaft sei am Montagabend gerichtlich bestätigt 
worden, sagte Zieschang. Beteiligt an den Nachforschungen zu den Absichten und möglichen Planungen des 
jungen Mannes war nach dpa-Informationen auch der Verfassungsschutz.
Der Fall wurde knapp ein Jahr nach dem Anschlag auf dem Magdeburger Weihnachtsmarkt bekannt. Ein Mann aus 
Saudi-Arabien war damals mit einem Mietwagen durch die Menschenmenge auf dem Weihnachtsmarkt gefahren. 
Ein neunjähriger Junge sowie fünf Frauen im Alter von 45 bis 75 Jahren kamen ums Leben. Mehr als 300 weitere 
Menschen wurden verletzt. Der Mann steht derzeit in Magdeburg vor Gericht.
PDF-Datei dieses Dokuments"
2025-12,Main Corpus,2025-12(113).ZIP,Schulden steigen massiv an Etat Die Verschuldung von Nerenstetten könnte bald beim Dreifachen des La.PDF,C:\PythonProjects\AfD-project\Corpora\Main Corpus\2025-12\raw_unarchive\Schulden steigen massiv an Etat Die Verschuldung von Nerenstetten könnte bald beim Dreifachen des La.PDF,Schulden steigen massiv an Etat Die Verschuldung von Nerenstetten könnte bald beim Dreifachen des,schulden steigen massiv an etat die verschuldung von nerenstetten könnte bald beim dreifachen des,Südwest Presse,südwest presse,Samstag 27. Dezember 2025,,ALB^-DONAU^-KREIS und REGION; S. 26; Band 81; Ausg. 298,356,2464,54c29f4592ed48e13f66108d6fd5b5c645458c0d,,unique,keep,,no,,no,,,3428,no,,,,,"Nerenstetten. Die etwa 380 Einwohner zählende Gemeinde muss sich weiter massiv verschulden: Nach dem 
Beschluss des Gemeinderates vor zwei Monaten, neben dem bestehenden Altdarlehen von rund 106.000 Euro ein 
Darlehen über 200.000 Euro aufzunehmen, erfolgte jetzt ein weiterer Beschluss über 500.000 Euro. „Wir müssen 
damit Pflichtaufgaben wie die Unterbringung von 16 Flüchtlingen erledigen und haben keine andere Wahl“, sagte 
Bürgermeisterin Anja Hiller.
Das Darlehen wird die Sparkasse Ulm in Kooperation mit der Landesbank Baden-Württemberg mit einer 
Abzahlungsdauer von 20 Jahren zur Verfügung stellen, nach zehn Jahren ist eine Kündigung möglich, wenn der 
Festzinssatz abläuft. Damit wird die Verschuldung des kleinen Ortes im Norden des Alb-Donau-Kreises auf rund 
800.000 Euro oder umgerechnet 2.100 Euro je Einwohner ansteigen. Der Landesdurchschnitt vergleichbarer 
Gemeinden liegt bei 760 Euro.
Falls der Container am geplanten Standort in Wettingen aufgestellt werden darf, dann kostet die Unterbringung von 
fünf Personen schon 120.000 Euro, rechnete Hiller vor. Und da nochmals elf Flüchtlinge kämen, bräuchte man 
dann wiederum zwei, aber an verschiedenen Standorten. Noch hofft die Bürgermeisterin auf die Realisierung einer 
anderen Variante, doch das wird sich erst bis spätestens 31. Januar entscheiden. Container aufzustellen, könne 
nur eine Übergangslösung sein, ist Hiller überzeugt: „Eine Lösung mit einer Immobilie wäre ökologisch und 
ökonomisch die viel bessere Alternative“.
Die weiteren Investitionen: Wenn alle drei defekten Brücken im Lonetal saniert werden, dann kostet das bis zu 
170.000 Euro, für Kanalsanierungen sind nochmals bis zu 40.000 Euro im Gespräch. Auf jeden Fall hat die 
Gemeinde eine Sondergenehmigung für den Haushalt 2026 durch die Rechtsaufsicht des Landkreises benötigt, um 
diese große Schuldenlast schultern zu können. Doch eines ist klar: Sie wird die Handlungsmöglichkeiten in der 
Gemeinde wegen der Darlehensrückzahlungen noch mehr einengen, denn allein 40.000 Euro sind jedes Jahr als 
Tilgung für die Darlehen aufzubringen. Und für das notwendige Retensionsfilterbecken im Zusammenhang mit dem 
Anschluss an die Kläranlage Langenau wird von Kosten von etwa 600.000 Euro gesprochen, die auf die Gemeinde 
demnächst zukommen. ⇥rs
Link zum PDF-Dokument

Schulden steigen massiv an Etat Die Verschuldung von Nerenstetten könnte bald beim Dreifachen des 
Landesdurchschnitts liegen.
Link zum PDF-Dokument"
2025-12,Main Corpus,2025-12(113).ZIP,Schwieriger Start in Deutschland(2).PDF,C:\PythonProjects\AfD-project\Corpora\Main Corpus\2025-12\raw_unarchive\Schwieriger Start in Deutschland(2).PDF,Schwieriger Start in Deutschland,schwieriger start in deutschland,Frankfurter Rundschau,frankfurter rundschau,Dienstag 9. Dezember 2025,,BLICKPUNKT; S. 3,529,3860,cb98f60492ed5b4d13e2733ae492de8ae07fce0f,exact_017,duplicate_exact,review,,no,,no,,,5077,no,,exact_017,,,"Vor über einem Jahr kamen Alci und Alaa nach Deutschland. Die Syrer waren damals 17 Jahre alt. Ihre Eltern 
schickten sie ins Ausland, weil ihnen der Militärdienst drohte. Seither wohnen sie in einer Erstaufnahme-Einrichtung 
und Unterkunft für unbegleitete minderjährige Flüchtlinge des Arbeiter-Samariter-Bundes (ASB) in Bielefeld. 
Obwohl das syrische Regime mittlerweile gestürzt ist, trauen sie der Lage in Syrien nicht. „Dort ist vieles zerstört“, 
sagt einer. „Es gibt kaum Möglichkeiten für uns.“ Zur Rückkehr von Flüchtlingen sagte kürzlich auch 
Bundesaußenminister Johann Wadephul (CDU): „Kurzfristig können sie nicht zurückkehren.“ Ein derartiges 
Ausmaß an Zerstörungen habe er „persönlich noch nicht gesehen“, erklärte er bei einem Besuch in Syrien.
„Ich will Abitur und eine Ausbildung machen“, sagt Alci, dem kürzlich sein syrisches Abitur als deutscher 
Realschulabschluss anerkannt wurde. Bisher habe sich aber nichts getan, weil er noch mehr Deutsch lernen 
müsse. Bei Alaa ist die Lage noch schwieriger. Er ist nur fünf Jahre zur Schule gegangen, spricht kaum Deutsch.
■ Viele seien frustriert
Eine Zeit lang besuchten beide eine Berufsförderungseinrichtung für Jugendliche. „Doch dort lernen sie kaum was“, 
beklagt ASB-Einrichtungsleiterin Sherin Seydo. „Das ist eine Beschäftigungstherapie.“ Viele seien nach einem Jahr 
frustriert. So würden die Perspektiven für sie immer schlechter. Von den jungen Flüchtlingen, die Sherin Seydo 
bisher betreut hat, hätten nur rund 20 Prozent eine Ausbildung.
Auch die Wohnsituation sei miserabel, wenn die Jugendlichen die Einrichtungen mit 21 Jahren verlassen müssen, 
berichtet Seydo: „Wir haben große Probleme, weil der Wohnungsmarkt nichts bietet.“ Nicht wenige würden bis zum 
letzten Tag vor ihrem 21. Lebensjahr in der Einrichtung bleiben. Das Problem kennt auch der Bielefelder 
Sozialdezernent Ingo Nürnberger. Es sei so, „dass die Weitervermittlung in Anschlusshilfen wie einzelbetreutes 
Wohnen oder in Wohnungen auf dem freien Wohnungsmarkt sich aufgrund des knappen Angebotes nicht einfach 
gestaltet“.
Mehr Unterstützung wünscht sich auch die Evangelische Jugendhilfe Schweicheln im Kreis Herford, die seit langem 
minderjährige unbegleitete Geflüchtete betreut. Ein großes Problem: „Sprachbarrieren erschweren zum Beispiel 
medizinische und therapeutische Begleitung, insbesondere bei Jugendlichen mit traumatischen Erfahrungen.“ Da 
sei der Übergang in Schule und Ausbildung sehr schwer.

Schwieriger Start in Deutschland
■ Weniger Einreisen
Solche Klagen hört Birgit Naujoks vom Flüchtlingsrat NRW aus vielen Einrichtungen und Kommunen: „Die 
Versorgungslage hat sich einfach nicht verbessert.“ Gleiches erfährt auch der Bundesfachverband Minderjährigkeit 
und Flucht bundesweit von vielen Trägern. Was die Wohnsituation angeht, sagt Sprecher Lennart Scholz, „landen 
immer mehr junge Geflüchtete rechtswidrig in Großunterkünften, ohne dass ihr jugendhilferechtlicher Bedarf geprüft 
wird“.
Die Einreise von minderjährigen unbegleiteten Geflüchteten nimmt ab. Während 2023 nach Angaben des Bundes 
rund 15.000 nach Deutschland kamen, waren es 2024 nur noch rund 13.000 - die überwiegende Mehrheit davon 
männlich. Bis Anfang September waren es in diesem Jahr rund 6.500. Der Bund kennt die Lage. In einem Bericht 
der Bundesregierung vom 24. Juli 2025 heißt es: „Bezüglich der Zugänge zu Angeboten schulischer Bildung sahen 
viele Jugendämter Verschlechterungen.“ Es gebe in diesem Zusammenhang lange Wartezeiten bei Integrations- 
und Sprachkursen. Die Motivation der jungen Leute dagegen sei „nach wie vor hoch“.
Verschärft wird die Lage auch durch den Fachkräftemangel im Sozialbereich. Hier müsse die Attraktivität gestärkt 
werden, heißt es in dem Papier. Auch würden verstärkt ehrenamtliche Kräfte eingesetzt, „die von Fachkräften 
angeleitet werden“.EPD
Link zum PDF-Dokument"
2025-12,Main Corpus,2025-12(113).ZIP,Schwieriger Start in Deutschland.PDF,C:\PythonProjects\AfD-project\Corpora\Main Corpus\2025-12\raw_unarchive\Schwieriger Start in Deutschland.PDF,Schwieriger Start in Deutschland,schwieriger start in deutschland,Frankfurter Rundschau,frankfurter rundschau,Dienstag 9. Dezember 2025,,BLICKPUNKT; S. 3,529,3860,cb98f60492ed5b4d13e2733ae492de8ae07fce0f,exact_017,duplicate_exact,review,,no,,no,,,5077,no,,exact_017,,,"Vor über einem Jahr kamen Alci und Alaa nach Deutschland. Die Syrer waren damals 17 Jahre alt. Ihre Eltern 
schickten sie ins Ausland, weil ihnen der Militärdienst drohte. Seither wohnen sie in einer Erstaufnahme-Einrichtung 
und Unterkunft für unbegleitete minderjährige Flüchtlinge des Arbeiter-Samariter-Bundes (ASB) in Bielefeld. 
Obwohl das syrische Regime mittlerweile gestürzt ist, trauen sie der Lage in Syrien nicht. „Dort ist vieles zerstört“, 
sagt einer. „Es gibt kaum Möglichkeiten für uns.“ Zur Rückkehr von Flüchtlingen sagte kürzlich auch 
Bundesaußenminister Johann Wadephul (CDU): „Kurzfristig können sie nicht zurückkehren.“ Ein derartiges 
Ausmaß an Zerstörungen habe er „persönlich noch nicht gesehen“, erklärte er bei einem Besuch in Syrien.
„Ich will Abitur und eine Ausbildung machen“, sagt Alci, dem kürzlich sein syrisches Abitur als deutscher 
Realschulabschluss anerkannt wurde. Bisher habe sich aber nichts getan, weil er noch mehr Deutsch lernen 
müsse. Bei Alaa ist die Lage noch schwieriger. Er ist nur fünf Jahre zur Schule gegangen, spricht kaum Deutsch.
■ Viele seien frustriert
Eine Zeit lang besuchten beide eine Berufsförderungseinrichtung für Jugendliche. „Doch dort lernen sie kaum was“, 
beklagt ASB-Einrichtungsleiterin Sherin Seydo. „Das ist eine Beschäftigungstherapie.“ Viele seien nach einem Jahr 
frustriert. So würden die Perspektiven für sie immer schlechter. Von den jungen Flüchtlingen, die Sherin Seydo 
bisher betreut hat, hätten nur rund 20 Prozent eine Ausbildung.
Auch die Wohnsituation sei miserabel, wenn die Jugendlichen die Einrichtungen mit 21 Jahren verlassen müssen, 
berichtet Seydo: „Wir haben große Probleme, weil der Wohnungsmarkt nichts bietet.“ Nicht wenige würden bis zum 
letzten Tag vor ihrem 21. Lebensjahr in der Einrichtung bleiben. Das Problem kennt auch der Bielefelder 
Sozialdezernent Ingo Nürnberger. Es sei so, „dass die Weitervermittlung in Anschlusshilfen wie einzelbetreutes 
Wohnen oder in Wohnungen auf dem freien Wohnungsmarkt sich aufgrund des knappen Angebotes nicht einfach 
gestaltet“.
Mehr Unterstützung wünscht sich auch die Evangelische Jugendhilfe Schweicheln im Kreis Herford, die seit langem 
minderjährige unbegleitete Geflüchtete betreut. Ein großes Problem: „Sprachbarrieren erschweren zum Beispiel 
medizinische und therapeutische Begleitung, insbesondere bei Jugendlichen mit traumatischen Erfahrungen.“ Da 
sei der Übergang in Schule und Ausbildung sehr schwer.

Schwieriger Start in Deutschland
■ Weniger Einreisen
Solche Klagen hört Birgit Naujoks vom Flüchtlingsrat NRW aus vielen Einrichtungen und Kommunen: „Die 
Versorgungslage hat sich einfach nicht verbessert.“ Gleiches erfährt auch der Bundesfachverband Minderjährigkeit 
und Flucht bundesweit von vielen Trägern. Was die Wohnsituation angeht, sagt Sprecher Lennart Scholz, „landen 
immer mehr junge Geflüchtete rechtswidrig in Großunterkünften, ohne dass ihr jugendhilferechtlicher Bedarf geprüft 
wird“.
Die Einreise von minderjährigen unbegleiteten Geflüchteten nimmt ab. Während 2023 nach Angaben des Bundes 
rund 15.000 nach Deutschland kamen, waren es 2024 nur noch rund 13.000 - die überwiegende Mehrheit davon 
männlich. Bis Anfang September waren es in diesem Jahr rund 6.500. Der Bund kennt die Lage. In einem Bericht 
der Bundesregierung vom 24. Juli 2025 heißt es: „Bezüglich der Zugänge zu Angeboten schulischer Bildung sahen 
viele Jugendämter Verschlechterungen.“ Es gebe in diesem Zusammenhang lange Wartezeiten bei Integrations- 
und Sprachkursen. Die Motivation der jungen Leute dagegen sei „nach wie vor hoch“.
Verschärft wird die Lage auch durch den Fachkräftemangel im Sozialbereich. Hier müsse die Attraktivität gestärkt 
werden, heißt es in dem Papier. Auch würden verstärkt ehrenamtliche Kräfte eingesetzt, „die von Fachkräften 
angeleitet werden“.EPD
Link zum PDF-Dokument"
2025-12,Main Corpus,2025-12(113).ZIP,So stark schrumpft die Einwohnerzahl Laut Statistikamt sinkt die Bevölkerung bis 2070 unter die Mark.PDF,C:\PythonProjects\AfD-project\Corpora\Main Corpus\2025-12\raw_unarchive\So stark schrumpft die Einwohnerzahl Laut Statistikamt sinkt die Bevölkerung bis 2070 unter die Mark.PDF,So stark schrumpft die Einwohnerzahl Laut Statistikamt sinkt die Bevölkerung bis 2070 unter die Marke von 75,so stark schrumpft die einwohnerzahl laut statistikamt sinkt die bevölkerung bis 2070 unter die marke von 75,Die Welt,die welt,Freitag 12. Dezember 2025,Rtr,Wirtschaft; S. 12; Ausg. 241,261,1894,bfa3840a0480502218ab6882cd4c345afcf3d90b,,unique,keep,,no,,no,,,3682,no,,,,,"Wegen des demografischen Wandels wird es in Deutschland bald weniger Menschen und vor allem mehr Ältere 
geben. In zehn Jahren bereits dürfte jeder vierte Einwohner 67 Jahre oder älter sein, wie aus der 16. koordinierten 
Bevölkerungsvorausberechnung hervorgeht, die das Statistische Bundesamt vorstellte. Grund ist vor allem, dass 
die geburtenstarke Generation der Babyboomer in den Ruhestand wechselt und kleinere Jahrgänge nachfolgen. 
Die Bevölkerung wird bis 2070 wohl schrumpfen. Bei einer moderaten Entwicklung von Geburtenrate, 
Lebenserwartung und Zuwanderung würde die Einwohnerzahl den Berechnungen zufolge dann bei 74,7 Millionen 
liegen. Zum Vergleich: Mitte 2025 hatte die Bundesrepublik rund 83,5 Millionen Einwohner.
Die Zahl der Menschen im Rentenalter wird demnach bis 2038 um mindestens 3,8 Millionen auf dann mehr als 20,5 
Millionen steigen. Ihr Anteil an der Gesamtbevölkerung wächst auf 25 bis 27 Prozent. Gegenwärtig beträgt dieser 
20 Prozent. Gleichzeitig sinkt die Zahl der Menschen im Erwerbsalter, was die Sozialsysteme vor große 
Herausforderungen stellt. Bereits jetzt kommen auf 100 Personen im Erwerbsalter 33 Personen im Rentenalter , 
sagte Karsten Lummer, Leiter der Abteilung Bevölkerung beim Statistischen Bundesamt. Im ungünstigsten Fall 
könne dieser sogenannte Altenquotient bis 2070 auf 61 steigen. Dann kämen auf eine Leistungsempfängerin oder 
einen Leistungsempfänger aus den Alterssicherungssystemen weniger als zwei Einzahlende. Selbst eine hohe 
Zuwanderung kann den Rückgang der Erwerbsbevölkerung nicht aufhalten, die bis 2070 um mindestens vier 
Millionen Menschen schrumpfen dürfte. Der Druck auf die Sozialsysteme steigt , sagte Lummer. Darauf müsse die 
Politik reagieren. Die jüngste Debatte in der Regierungskoalition von Union und SPD zum Rentenpaket hat gezeigt, 
dass das Thema immer wichtiger werden dürfte.
Original Gesamtseiten-PDF"
2025-12,Main Corpus,2025-12(113).ZIP,Sollen die Christen Feiertage abgeben_ Deutschland sollte mindestens einen muslimischen und einen jü.PDF,C:\PythonProjects\AfD-project\Corpora\Main Corpus\2025-12\raw_unarchive\Sollen die Christen Feiertage abgeben_ Deutschland sollte mindestens einen muslimischen und einen jü.PDF,Sollen die Christen Feiertage abgeben? Deutschland sollte mindestens einen muslimischen und einen,sollen die christen feiertage abgeben deutschland sollte mindestens einen muslimischen und einen,Die ZEIT (inklusive ZEIT Magazin),die zeit inklusive zeit magazin,17. Dezember 2025,Hannes Leitlein und Dagny Lüdemann,STREIT;Sollen die Christen Feiertage abgeben?; S. 9; Ausg. 54,1860,12901,485e7a084ccf177e0fe8e07a5825532715dbad78,,unique,keep,,no,,no,,,14422,no,,,,,"DIE ZEIT: Herr Lütz, was ist für Sie der heiligste Feiertag?
Manfred Lütz: Für mich als Christ natürlich Ostern, die Auferstehung Christi. Aber emotional ist Weihnachten mein 
Höhepunkt. Da kommt die Großfamilie zusammen, aber wir laden seit einigen Jahren auch immer Flüchtlinge und 
Menschen ein, die sonst alleine wären, das macht es christlicher.
Mithu Sanyal: Die Familie meiner Mutter kommt aus Polen, sie hat mich knallkatholisch geprägt. Auch für mich war 
also Ostern immer der höchste aller Feiertage. Auch wenn ich heute nicht mehr in der Kirche bin, hätte ich diese 
Tradition gerne an meine Kinder weitergegeben. Fehlanzeige! Denn es braucht eine Gemeinschaft, die das trägt. 
Deshalb macht es mir Sorgen, wenn unsere Regierung jetzt anfangen will, Feiertage abzuschaffen. Denn dann 
hätten wir keine Zäsuren mehr, keine Auszeiten, an denen alles andere einmal stillsteht.
ZEIT: Herr Lütz, brauchen wir überhaupt staatliche christliche Feiertage?
Lütz: Wir Christen brauchen sie im Grunde nicht. In vielen Ländern der Erde gibt es die auch nicht. Im christlichen 
Abendland gibt es aber diese Tradition, und wenn man mit solchen Traditionen allzu freihändig umgeht, kann es 
sein, dass man Teile der Gesellschaft verliert - in diesem Fall durchaus auch Atheisten, die Weihnachten aus 
nostalgischen Gründen in die Kirche gehen, und gebildete Menschen, die darum wissen, dass »religiös 
unmusikalische« Menschen wie Jürgen Habermas das Christentum zur »Genealogie der Menschenrechte« 
rechnen. Und ein bekennender Atheist wie Gregor Gysi sagt, er habe Angst vor einer gottlosen Gesellschaft, weil 
der die Solidarität abhandenkommen könne. Sozialismus sei schließlich nichts anderes als säkularisiertes 
Christentum.
ZEIT: Frau Sanyal, wie wichtig ist Ihnen die religiöse Dimension von Feiertagen?
Sanyal: Da mein Vater aus Indien kommt, bin ich nicht nur katholisch, sondern auch hinduistisch geprägt worden. 
Aber in meiner Familie herrschte der Gedanke vor, niemanden beleidigen zu wollen. Also wurden fast alle 

Sollen die Christen Feiertage abgeben? Deutschland sollte mindestens einen muslimischen und einen 
jüdischen Feiertag für alle einführen, sagt die Autorin Mithu ....
Feiertage vorsichtshalber ignoriert. Die hinduistischen, die katholischen und auch alle anderen bis auf den Tag der 
Arbeit. Aber Weihnachten war überall zu präsent, um es auszublenden. Also holten meine Eltern an Heiligabend 
einen Plastikweihnachtsbaum aus dem Keller, den man wie einen Schirm aufspannen konnte. Der wurde dann am 
nächsten Morgen gleich wieder abgebaut. Ich fand das immer schade: Wir hätten einfach alles feiern sollen.
ZEIT: Ein gutes Viertel der Bevölkerung ist noch katholisch, unwesentlich weniger sind evangelisch, knapp sieben 
Prozent sind Muslime. Fast die Hälfte der Deutschen sind heute konfessionslos, aber der Großteil der Feiertage ist 
weiterhin christlich geprägt. Zwingt das der Mehrheit im Land nicht etwas auf, das längst nicht mehr der hiesigen 
Lebensrealität entspricht?
Sanyal: Nein, etwas mitfeiern zu dürfen, ist kein Zwang. Das Problem ist, dass das nur in eine Richtung geht, 
deshalb wäre ich dafür, mindestens einen muslimischen und einen jüdischen Feiertag ebenfalls zum gesetzlichen 
Feiertag zu erheben. Das muslimische Opferfest oder das Zuckerfest könnten durch einen festen Tag im Kalender 
zu etwas werden, auf das sich alle beziehen. Gleiches sollte für jüdische Feste gelten, die von den Nazis auf 
schreckliche Weise aus dem öffentlichen Raum und auch dem Bewusstsein der Deutschen verdrängt wurden. Wer 
weiß hierzulande noch, was an Jom Kippur oder Sukkoth gefeiert wird?
Lütz: Es wäre eine positivistische Naivität, die christliche Prägung einer Gesellschaft mit der Kirchensteuer-Statistik 
zu verwechseln. In einer Gesellschaft, in der viele Menschen sich ohnehin aus unterschiedlichen Gründen nicht 
mehr zu Hause fühlen und nach rechts abwandern, in der die außenpolitische und innenpolitische Situation für uns 
in Deutschland wirklich dramatisch ist, wäre jetzt eine Debatte über muslimische oder andere staatliche Feiertage 
völlig abwegig. Es wäre eine Elfenbeinturmdebatte zur Unzeit und letztlich kostenlose Wahlkampfhilfe für die AfD.
Sanyal: Wir sollen also lieber weniger Demokratie leben, aus Angst, sie zu schwächen? Indem wir aus Sorge vor 
der AfD nicht mehr für Vielfalt, Freiheit und die plurale Gesellschaft einstehen, setzen wir doch vorauseilend genau 
das um, was die extrem Rechten wollen! Dagegen würde ein Feiertag für Juden und einer für Muslime 
symbolisieren: Ihr gehört zu uns. Wir, das sind wir alle. Der Islam und das Judentum hätten damit endlich einen 
festen Platz im Kalender aller Deutschen. Dann käme es hoffentlich auch nicht mehr vor, dass muslimische 
Delegationen von Landesregierungen ausgerechnet an einem bedeutenden Feiertag zu Arbeitsterminen 
eingeladen werden oder zum Fastenbrechen Schweinefleisch serviert bekommen ... Peinlich!
ZEIT: Herr Lütz, denken Sie denn wie Frau Sanyal, dass andere Glaubensrichtungen nicht sichtbar genug sind?
Lütz: Ich finde, dass der Islam in Deutschland durchaus sichtbar ist, in Kleidung, Haartracht, Moscheen und der 
öffentlichen Aufmerksamkeit für islamische Feste wie das Zuckerfest. Über den Ramadan wird in den deutschen 
Nachrichten nach meinem Eindruck mehr berichtet als über die christliche Fastenzeit. Vielleicht auch, weil der 
Ramadan von Muslimen konsequenter eingehalten wird als die christliche Fastenzeit von Christen, einschließlich 
mir selbst.
Sanyal: Studien sprechen da eine andere Sprache. Muslime werden in den Medien vor allem als Bedrohung 
beschrieben - der Islam als Vorstufe des Islamismus. Dabei ist er eigentlich die Religion des Friedens. Warum 
wissen wir das nicht? Gemeinsame Feiertage wären eine Chance, mehr über unsere Gemeinsamkeiten zu 
erfahren. Zum Beispiel ist Jesus auch im Islam ein wichtiger Prophet. Und weil Jesus Jude war, liegen viele der 
jüdischen Feste automatisch auf arbeitsfreien Tagen.
ZEIT: Wie haben Sie selbst als Kind die Weihnachtszeit erlebt, Frau Sanyal?
Sanyal: Wenn bei uns das Krippenspiel aufgeführt wurde, war ich als Kind wegen meiner Hautfarbe meistens für 
die Rolle des Melchior besetzt, bekam eine schlimme Lockenperücke und wurde zum Blackfacing genötigt. Dabei 
hätte ich doch jede Rolle spielen können! Ein Anfang wäre deshalb, die Rituale und Bräuche durchlässiger und 
offener zu gestalten. Damit die oft sogenannten Mitbürger nicht nur zum Mitfeiern eingeladen sind, sondern 
tatsächlich auch selbst einen Grund haben, zu feiern.
Sollen die Christen Feiertage abgeben? Deutschland sollte mindestens einen muslimischen und einen 
jüdischen Feiertag für alle einführen, sagt die Autorin Mithu ....
ZEIT: Für einen extra Feiertag für Muslime und Juden müssten die Christen vermutlich zwei Tage abgeben. Im 
Übrigen fordern Ökonomen derzeit generell weniger Feiertage, damit wir wieder mehr arbeiten und produktiver 
werden. Können Sie sich diesen Verzicht vorstellen, Herr Lütz?
Lütz: Es geht hier nicht um Verzicht. Ökonomen müssen sagen, ob ein Feiertag weniger in Deutschland sinnvoll 
wäre. Aus theologischer Sicht könnte man auf den Pfingstmontag verzichten. Der ist sogar im Vatikan kein 
Feiertag.
ZEIT: Was ist mit all den Menschen, die sich nicht in den christlichen Feiertagen zu Hause fühlen, die begründet 
konfessionslos sind? Eine Gruppe, die nicht weniger groß, die vielleicht sogar größer ist als die von Ihnen 
angesprochene der AfD-Wähler. Stünde denen nicht zu, dass sie weniger mit dem Christentum behelligt werden?
Lütz: Es ist wohl eher die Verdunkelung des Christentums auch durch Tun und Unterlassen seiner führenden 
Vertreter als die Behelligung mit ihm, die heute ein Problem ist. Dass man durch christliche Feiertage »behelligt« 
wird, ist die öffentlichkeitswirksame Propaganda kleiner aktivistischer Atheistengruppen. In Wirklichkeit besuchen 
viele Atheisten den Weihnachtsgottesdienst, vielleicht aus dem nostalgischen Gefühl heraus, das der Atheist Ernst 
Bloch am Ende seines Prinzip Hoffnung anklingen lässt, wo er von etwas spricht, »das allen in die Kindheit scheint 
und worin noch niemand war: Heimat«. Ich jedenfalls fühle mich als Ruheständler auch nicht vom Tag der Arbeit 
am 1. Mai »behelligt«.
ZEIT: Dabei ist die Mehrheit der Gesellschaft gar nicht gläubig. Mal eine radikale Idee: Wäre es nicht denkbar, 
einfach alle staatlichen religiösen Feiertage abzuschaffen? Man könnte ja sagen, jede Bürgerin, jeder Bürger 
bekommt zusätzlich zum Urlaub zwölf freie Tage im Jahr und kann frei wählen, wann die genommen werden.
Sanyal: Das wäre aus meiner Sicht eine Katastrophe! Und ginge am Sinn von Feiertagen vorbei. Sie leisten so viel 
mehr für die Gemeinschaft als ihre religiöse Bedeutung und sind »zur seelischen Erhebung« in Artikel 140 des 
Grundgesetzes geschützt. Und das Tolle ist, dass diese »seelische Erhebung« nicht weiter definiert wird. Da steht 
nichts von Kirchenbesuch. Das hat für mich viel mit der ursprünglichen Bedeutung von Glück zu tun. In dem Wort 
Glück steckt von seinem mittelhochdeutschen Ursprung her die »Lücke«, die das Schicksal lässt. Es geht darum, 
eine Unterbrechung vom Alltag zu haben.
Lütz: Da bin ich durchaus bei Ihnen, Frau Sanyal! Feiertage geben Gelegenheit zur Muße - aus Sicht der alten 
Philosophen eine völlig zwecklose, aber höchst sinnvolle Zeit.
Sanyal: Zumal das Bruttosozialprodukt nicht unbedingt in dem Maße steigt, wie manche Ökonomen sich das 
schönrechnen, wenn man einen Feiertag streicht. Der Buß- und Bettag hat das gezeigt. Dessen Streichung hat sich 
nicht rentiert. Im Gegenteil: Die Menschen brauchen Erholung von der Arbeit und Freiräume. Das macht am Ende 
wahrscheinlich sogar produktiver.
Lütz: Aber Frau Sanyal, jetzt argumentieren Sie selbst mit der Produktivität. Dass in Deutschland sogar der Urlaub 
dazu da sein soll, dass die Arbeitsfähigkeit wiederhergestellt wird, finde ich im Grunde eine Frechheit. Freiheitlich-
demokratisch wäre es, die Arbeit so zu organisieren, dass man seine freie Zeit lustvoll verleben kann. Früher 
achtete man darauf, dass man an Feiertagen nicht Klavier übte, sondern nur Klavier spielte.
Sanyal: Damit haben Sie mich überzeugt! Kann ich Sie jetzt noch davon überzeugen, zwei nichtchristliche 
Feiertage einzuführen?
Lütz: Nein, natürlich nicht, ich bin ja gegen eine Änderung. Auf einen solch pädagogischen Umgang mit der 
Gesellschaft, den wir seit einiger Zeit erleben, reagieren ohnehin viele Menschen ärgerlich.
Sanyal: Das kommt ja darauf an, wie es umgesetzt wird, ob das pädagogisch wahrgenommen wird oder nicht. Wir 
könnten auch zwei zusätzliche Feiertage einführen. Die Muslime und Juden, die zu uns gehören, würden also allen 
zwei weitere freie Tage bescheren. Ich glaube nicht, dass sich darüber jemand beschweren würde. Und eine 
Gesellschaft, die sich nicht verändert, stirbt!
Sollen die Christen Feiertage abgeben? Deutschland sollte mindestens einen muslimischen und einen 
jüdischen Feiertag für alle einführen, sagt die Autorin Mithu ....
ZEIT: Nun verändert sich diese Gesellschaft weniger in Richtung Islam oder Judentum, sondern vielmehr in 
Richtung Atheismus. Eltern, die ihre Kinder weltlich erziehen möchten, berichten, dass sie es gerade an 
Weihnachten schwer haben, wenn selbst in nichtkonfessionellen Kitas und Schulen das Christkindl kommt und 
Krippenspiele aufgeführt werden.
Sanyal: Weihnachten ist in der Tat ein Problem, aber weniger wegen des Krippenspiels, sondern eher, weil das 
inzwischen zu einem solchen Familienfest geworden ist, dass Menschen, die alleine sind, an Weihnachten sehr, 
sehr alleine sind. Deshalb müssten wir als Gesellschaft Alternativen zur Weihnachtsgans mit Kleinfamilie und 
Konsumterror anbieten. Eine Gemeinschaft braucht verbindende Rituale. Wenn die Mehrheit der nicht christlich 
Gläubigen den Feiertagen neue Inhalte verleiht, wäre das doch wunderbar!
ZEIT: Herr Lütz, leisten die Feiertage denn noch, wozu sie da sind?
Lütz: Das ist eine typisch deutsche Frage. Feiertage müssen gar nichts leisten. Auch der Feiertagsgottesdienst ist 
völlig zwecklos, aber höchst sinnvoll. Und wir dürfen an Feiertagen unsere Seele baumeln lassen. Aber nicht mal 
das müssen wir. Im Übrigen sollten wir uns das Weihnachtsfest nicht von Konsumterror und einem Heile-Familie-
Stress kaputtmachen lassen.
ZEIT: Und was ist dieses Jahr Ihr Weihnachtswunsch?
Sanyal: Weltfrieden.
Lütz: Jetzt hat es Frau Sanyal zuerst gesagt.
Sanyal: Wenigstens da sind wir uns einig.
Das Gespräch moderierten Hannes Leitlein und Dagny Lüdemann
 Bundesweit gibt es sechs christliche gesetzliche Feiertage, in Bayern sogar mindestens neun
Manfred Lütz, 71, ist katholischer Theologe, Psychiater und Autor. Sein neuestes Buch trägt den Titel »Der Sinn 
des Lebens«
Mithu Sanyal, 54, deutsch-indische Autorin, schreibt vor allem über Feminismus und Integration. Zuletzt erschien 
ihr Roman »Antichristie«"
2025-12,Main Corpus,2025-12(113).ZIP,"Stadt plant neue Flüchtlingsunterkünfte Der neue Plan, wie Hamminkeln künftig Flüchtlinge unterbring(2).PDF","C:\PythonProjects\AfD-project\Corpora\Main Corpus\2025-12\raw_unarchive\Stadt plant neue Flüchtlingsunterkünfte Der neue Plan, wie Hamminkeln künftig Flüchtlinge unterbring(2).PDF","Stadt plant neue Flüchtlingsunterkünfte Der neue Plan, wie Hamminkeln künftig Flüchtlinge unterbringen",stadt plant neue flüchtlingsunterkünfte der neue plan wie hamminkeln künftig flüchtlinge unterbringen,Rheinische Post,rheinische post,Dienstag 16. Dezember 2025,Funke Foto Services GmbH,S. 17,908,6665,679f06e9ec07f0b76ce71beed97c620bb41c196f,,unique,keep,,no,,no,,,8004,no,,,,,"Hamminkeln (auf) Nachdem Hamminkeln bei den Überlegungen, eine Zentrale Unterbringungseinrichtung in 
Dingden zu errichten, krachend gescheitert ist, hat bei Politik und Verwaltung ein Umdenken bei der Unterbringung 
von Asylbewerbern eingesetzt. Flüchtlinge in der Stadt sollen möglichst gleichmäßig über alle Ortsteile hinweg in 
kleineren Unterkünften auf städtischen Flächen untergebracht werden. Das ist der neue Konsens. An den einzelnen 
Standorten sollen nicht mehr als 80 Personen leben. Der Bauausschuss hatte nun über Neu- und Ersatzbauten in 
Dingden und Ringenberg zu entscheiden. Außerdem sollte für Dingden eine Prioritätenliste für weitere 
Unterkunftsflächen erstellt werden, falls sie denn benötigt werden. Denn, so berichtete Robert Graaf im Ausschuss, 
die Flüchtlingszahl habe sich bei etwa 1200 Menschen eingependelt. Den ungefähr 20 Personen, die Hamminkeln 
zurzeit im Monat aufnimmt, stehen circa 20 Flüchtlinge gegenüber, die die Stadt verlassen. Graaf: „Ob noch weitere 
Einrichtungen nötig sind, werden wir im nächsten Jahr sehen.“
Mit dem sachkundigen Bürger Harald Tizziani meldete sich erstmals die neu in den Stadtrat eingezogene AfD 
inhaltlich in einem Fachausschuss zu Wort. Der schlug vor, die 89 Flüchtlinge, die kein Aufenthaltsrecht mehr 
haben, einfach „freizusetzen“. So könne man sich doch einen Standort sparen. Bürgermeister Robert Graaf 
antwortete: „Diese Anfrage stellen Sie bitte an den Kreis.“ Dort sitze die zuständige Ausländerbehörde.
In Dingden tut sich einiges in Sachen Flüchtlingsunterkünfte, nachdem die ehemalige Hauptschule an der 
Krechtinger Straße wegen Brandschutzmängeln freigezogen werden musste. Drei mögliche Standorte hat die Stadt 
ins Auge gefasst: „Am Schwanenschlatt“ in der Nachbarschaft zu Blau-Weiß Dingden, an der Krechtinger Straße 
auf einer ehemaligen Spielplatzfläche in der Nähe des Kindergartens und an der Nikolaus-Groß-Straße auf einer 
Brachfläche an den Bahngleisen.

Stadt plant neue Flüchtlingsunterkünfte Der neue Plan, wie Hamminkeln künftig Flüchtlinge unterbringen 
möchte, nimmt langsam Gestalt an. Diese Standorte sollen ....
Noch mit Mitteln aus 2025 will die Stadt 2026 im Gewerbegebiet „Am Schwanenschlatt“ eine neue Einrichtung 
bauen. Hier wäre es auch möglich, eine zweite Einrichtung in den Folgejahren zu errichten. Allerdings will die Stadt 
nicht mehr als 80 Personen dort unterbringen. Deshalb gilt eine zweite Unterkunft auf diesem Gelände als 
unwahrscheinlich, wie Bürgermeister Robert Graaf am Donnerstagabend im Bauausschuss noch mal betonte. Die 
Bauarbeiten sollen noch in diesem Winter beginnen.
Der Vereinsvorsitzende von Blau-Weiß Dingden, Jockel Buers, hatte sich bereits im Sozialausschuss nicht erfreut 
von den Plänen in unmittelbarer Nachbarschaft gezeigt. Er wolle in keiner Weise jemandem etwas unterstellen und 
hinterfrage auch nicht die Notwendigkeit von Unterkünften in Dingden. Doch direkt am Sportplatz, wo zig Kinder- 
und Jugendmannschaften trainieren und im Winter in der Dunkelheit zum Vereinsgelände direkt an der Unterkunft 
vorbei gelangen müssen, sei nicht optimal. Sein Vorschlag: Nehmt das Gelände an der Nikolaus-Groß-Straße.
Das war schon mehrfach im Gespräch für eine Flüchtlingsunterkunft, obwohl dort eigentlich eine Retentionsfläche 
geplant ist. Aber die Stadt wird dort wahrscheinlich nicht längerfristig eine Baugenehmigung bekommen, weil in der 
Nachbarschaft ein Betrieb ist, der Emissionen freisetzt. Deshalb ist der Standort aus Sicht der Stadt eher ein 
Notnagel.
Im Bauausschuss meldete sich kein Vertreter von Blau-Weiß Dingden mehr zu Wort. Hier waren es einige Anlieger, 
die sich sowohl von den Plänen „Am Schwanenschlatt“ als auch vom Standort Krechtinger Straße überfahren 
fühlten und sich eine frühzeitige Anwohnerinformation gewünscht hätten. Auch Themen wie „Kahlschlag“ auf dem 
Gelände „Am Schwanenschlatt“ als auch Parkplatzsorgen an der Krechtinger Straße kamen zur Sprache.
den beiden Dingdener Ratsmitgliedern Dieter Stiller (USD) und Ute Kleta (Grüne) kam schließlich der Wunsch, aus 
dem Standort Krechtinger Straße einfach ein „Gelände in Dingden“ zu machen. So solle es in die Prioritätenliste für 
eventuelle weitere Flüchtlingsunterkünfte im Ortsteil aufgenommen werden, falls sie denn benötigt werden.
Die Verwaltung erklärte am Donnerstagabend noch einmal, warum sie in der Prioritätenliste den Standort 
Krechtinger Straße an zweiter Stelle nach dem „Schwanenschlatt“ sieht. Dort gibt es die Möglichkeit, auch 
längerfristig Baurecht zu erhalten. Dazu müsste für das Erbpachtgrundstück eine Genehmigung eingeholt und 
gegebenenfalls der Pachtzins angepasst werden. Ein längerfristiges Baurecht sei an der Nikolaus-Groß-Straße 
nicht möglich.
In Ringenberg geht es um den Standort Belenhorst. Die alte Containeranlage entspricht schon länger nicht mehr 
den Ansprüchen. Ersatzbauten müssen her. Die Stadt setzt auf das sogenannte „Rheder Modell“, eine langlebige 
Modulbauweise aus Holz, in der theoretisch 60 Menschen leben können. Praktisch wird es wohl auf 50 Personen 
hinauslaufen, weil eine maximale Belegung eher selten ist. Dabei handelt es sich jeweils um einen Wohnraum mit 
Schlafgelegenheiten für drei Personen, mit kleinem Bad und Kochgelegenheit. Dazu kommen Haustechnik, 
Aufenthaltsraum und Trockenraum für die Gemeinschaftsunterkunft.
Aus den vier jetzigen Unterkünften am Belenhorst sollen langfristig zwei werden, von denen eine noch in diesem 
Jahr gebaut werden soll. Die Zweite, die dann die anderen alten Containeranlagen ersetzt, soll später folgen. 
Ringenberg nimmt damit überproportional viele Menschen im Dorfvergleich auf. Graaf: „Ringenberg hat einen 
Schnaps mehr, aber den Standort wollen wir halten. Der hat sich bewährt.“
Der Bauausschuss stimmte gegen die Stimmen der AfD dafür, in Dingden „Am Schwanenschlatt“ und in 
Ringenberg Belenhorst jeweils eine neue Flüchtlingsunterkunft zu bauen. Bei der Prioritätenliste für Dingden 
enthielten sich die beiden Ausschussmitglieder AfD dann, während alle anderen Fraktionen zustimmten.
Stadt plant neue Flüchtlingsunterkünfte Der neue Plan, wie Hamminkeln künftig Flüchtlinge unterbringen 
möchte, nimmt langsam Gestalt an. Diese Standorte sollen ....
Link to PDF

Stadt plant neue Flüchtlingsunterkünfte Der neue Plan, wie Hamminkeln künftig Flüchtlinge unterbringen 
möchte, nimmt langsam Gestalt an. Diese Standorte sollen ....
Graphic
 
In dem kleinen Waldstück „Am Schwanenschlatt“ (unten rechts) soll eine neue Flüchtlingsunterkunft in Dingden 
entstehen. Foto: Hans Blossey
So wie hier im Rhede sollen künftig auch die Flüchtlingsunterkünfte in Hamminkeln aussehen. Foto: Stadt 
Rhede/Sabine Morgenbrod"
2025-12,Main Corpus,2025-12(113).ZIP,"Stadt plant neue Flüchtlingsunterkünfte Der neue Plan, wie Hamminkeln künftig Flüchtlinge unterbring.PDF","C:\PythonProjects\AfD-project\Corpora\Main Corpus\2025-12\raw_unarchive\Stadt plant neue Flüchtlingsunterkünfte Der neue Plan, wie Hamminkeln künftig Flüchtlinge unterbring.PDF","Stadt plant neue Flüchtlingsunterkünfte; Der neue Plan, wie Hamminkeln künftig Flüchtlinge unterbringen",stadt plant neue flüchtlingsunterkünfte der neue plan wie hamminkeln künftig flüchtlinge unterbringen,Rheinische Post,rheinische post,Mittwoch 17. Dezember 2025,Funke Foto Services GmbH,S. 30,693,5096,e60fbc84dc96a68705237e145ac233dc35c9c222,,unique,keep,,no,,no,,,6202,no,,,,,"Hamminkeln (auf) Nachdem Hamminkeln bei den Überlegungen, eine Zentrale Unterbringungseinrichtung in 
Dingden zu errichten, krachend gescheitert ist, hat bei Politik und Verwaltung ein Umdenken bei der Unterbringung 
von Asylbewerbern eingesetzt. Flüchtlinge in der Stadt sollen möglichst gleichmäßig über alle Ortsteile hinweg in 
kleineren Unterkünften auf städtischen Flächen untergebracht werden. Das ist der neue Konsens. An den einzelnen 
Standorten sollen nicht mehr als 80 Personen leben. Der Bauausschuss hatte nun über Neu- und Ersatzbauten in 
Dingden und Ringenberg zu entscheiden. Außerdem sollte für Dingden eine Prioritätenliste für weitere 
Unterkunftsflächen erstellt werden, falls sie denn benötigt werden. Denn, so berichtete Robert Graaf im Ausschuss, 
die Flüchtlingszahl habe sich bei etwa 1200 Menschen eingependelt. Den ungefähr 20 Personen, die Hamminkeln 
zurzeit im Monat aufnimmt, stehen circa 20 Flüchtlinge gegenüber, die die Stadt verlassen. Graaf: „Ob noch weitere 
Einrichtungen nötig sind, werden wir im nächsten Jahr sehen.“
Mit dem sachkundigen Bürger Harald Tizziani meldete sich erstmals die neu in den Stadtrat eingezogene AfD 
inhaltlich in einem Fachausschuss zu Wort. Der schlug vor, die 89 Flüchtlinge, die kein Aufenthaltsrecht mehr 
haben, einfach „freizusetzen“. So könne man sich doch einen Standort sparen. Bürgermeister Robert Graaf 
antwortete: „Diese Anfrage stellen Sie bitte an den Kreis.“ Dort sitze die zuständige Ausländerbehörde.
In Dingden tut sich einiges in Sachen Flüchtlingsunterkünfte, nachdem die ehemalige Hauptschule an der 
Krechtinger Straße wegen Brandschutzmängeln freigezogen werden musste. Drei mögliche Standorte hat die Stadt 
ins Auge gefasst: „Am Schwanenschlatt“ in der Nachbarschaft zu Blau-Weiß Dingden, an der Krechtinger Straße 
auf einer ehemaligen Spielplatzfläche in der Nähe des Kindergartens und an der Nikolaus-Groß-Straße auf einer 
Brachfläche an den Bahngleisen.

Stadt plant neue Flüchtlingsunterkünfte; Der neue Plan, wie Hamminkeln künftig Flüchtlinge unterbringen 
möchte, nimmt langsam Gestalt an. Diese Standorte sollen....
Noch mit Mitteln aus 2025 will die Stadt 2026 im Gewerbegebiet „Am Schwanenschlatt“ eine neue Einrichtung 
bauen. Hier wäre es auch möglich, eine zweite Einrichtung in den Folgejahren zu errichten. Allerdings will die Stadt 
nicht mehr als 80 Personen dort unterbringen. Deshalb gilt eine zweite Unterkunft auf diesem Gelände als 
unwahrscheinlich.
Im Bauausschuss meldeten einige Anlieger zu Wort, die sich sowohl von den Plänen „Am Schwanenschlatt“ als 
auch vom Standort Krechtinger Straße überfahren fühlten und sich eine frühzeitige Anwohnerinformation 
gewünscht hätten. Auch Themen wie „Kahlschlag“ auf dem Gelände „Am Schwanenschlatt“ als auch 
Parkplatzsorgen kamen zur Sprache.
den beiden Dingdener Ratsmitgliedern Dieter Stiller (USD) und Ute Kleta (Grüne) kam schließlich der Wunsch, aus 
dem Standort Krechtinger Straße einfach ein „Gelände in Dingden“ zu machen. So solle es in die Prioritätenliste für 
eventuelle weitere Flüchtlingsunterkünfte im Ortsteil aufgenommen werden, falls sie denn benötigt werden.
Die Verwaltung erklärte am Donnerstagabend noch einmal, warum sie in der Prioritätenliste den Standort 
Krechtinger Straße an zweiter Stelle nach dem „Schwanenschlatt“ sieht. Dort gibt es die Möglichkeit, auch 
längerfristig Baurecht zu erhalten. Dazu müsste für das Erbpachtgrundstück eine Genehmigung eingeholt und 
gegebenenfalls der Pachtzins angepasst werden. Ein längerfristiges Baurecht sei an der Nikolaus-Groß-Straße 
nicht möglich.
In Ringenberg geht es um den Standort Belenhorst. Die alte Containeranlage entspricht schon länger nicht mehr 
den Ansprüchen. Ersatzbauten müssen her. Die Stadt setzt auf das sogenannte „Rheder Modell“, eine langlebige 
Modulbauweise aus Holz, in der theoretisch 60 Menschen leben können. Praktisch wird es wohl auf 50 Personen 
hinauslaufen, weil eine maximale Belegung eher selten ist. Dabei handelt es sich jeweils um einen Wohnraum mit 
Schlafgelegenheiten für drei Personen, mit kleinem Bad und Kochgelegenheit. Dazu kommen Haustechnik, 
Aufenthaltsraum und Trockenraum für die Gemeinschaftsunterkunft.
Aus den vier jetzigen Unterkünften am Belenhorst sollen langfristig zwei werden, von denen eine noch in diesem 
Jahr gebaut werden soll. Die Zweite, die dann die anderen alten Containeranlagen ersetzt, soll später folgen. 
Ringenberg nimmt damit überproportional viele Menschen im Dorfvergleich auf. Graaf: „Ringenberg hat einen 
Schnaps mehr, aber den Standort wollen wir halten. Der hat sich bewährt.“
Der Bauausschuss stimmte gegen die Stimmen der AfD dafür, in Dingden „Am Schwanenschlatt“ und in 
Ringenberg Belenhorst jeweils eine neue Flüchtlingsunterkunft zu bauen.
Stadt plant neue Flüchtlingsunterkünfte; Der neue Plan, wie Hamminkeln künftig Flüchtlinge unterbringen 
möchte, nimmt langsam Gestalt an. Diese Standorte sollen....
Link to PDF
Graphic
 
In dem kleinen Waldstück „Am Schwanenschlatt“ (unten rechts) soll eine neue Flüchtlingsunterkunft in Dingden 
entstehen. Foto: Hans Blossey"
2025-12,Main Corpus,2025-12(113).ZIP,Stadtrat – von Sporthallen-Ausfall bis Bahn -Ärger In der letzten Sitzung des Stadtrats vor Weihnach.PDF,C:\PythonProjects\AfD-project\Corpora\Main Corpus\2025-12\raw_unarchive\Stadtrat – von Sporthallen-Ausfall bis Bahn -Ärger In der letzten Sitzung des Stadtrats vor Weihnach.PDF,Stadtrat – von Sporthallen-Ausfall bis Bahn -Ärger In der letzten Sitzung des Stadtrats vor Weihnachten geht es,stadtrat  von sporthallenausfall bis bahn ärger in der letzten sitzung des stadtrats vor weihnachten geht es,Rheinische Post,rheinische post,Dienstag 16. Dezember 2025,Peter Clement,S. 27,750,5449,af09e0e3c96a193dcb2068ef9b391e1a447c2610,,unique,keep,,no,,no,,,7132,no,,,,,"Peter Clement
Haan Nach Auffassung des Antragstellers ist Eile geboten: In der letzten Sitzung des Haaner Stadtrats vor den 
Winterferien wird es am Dienstag, 16. Dezember, in der Aula des städtischen Gymnasiums Haan (Adlerstraße 3) 
um die drohende Aufgabe eines Gebäudes gehen. Die WLH möchte per Dringlichkeitsantrag erreichen, dass 
möglichst schnell über eine mögliche Weiternutzung der Turnhalle Bachstraße für den Schul- und Vereinssport 
entschieden wird. Seit 2012 habe die Stadtverwaltung dem Rat mehrfach erklärt, dass die Halle „abgängig“ sei und 
nicht mehr von Vereinen genutzt werden dürfe, weil es Gefahrstellen gebe.
„Tatsächlich wurde diese Turnhalle dann aber bereits zwei Mal mit rund einer halben Million Euro für die 
Unterbringung von Flüchtlingen hergerichtet, so 2015 und dann 2024“, berichtet WLH-Fraktionschefin Meike Lukat. 
Das Ansinnen der Wählergemeinschaft, dass die Vereine die Halle wieder nutzen dürfen, sei indes von der 
Verwaltung zuletzt zurückgewiesen worden, weil die Turnhalle Bachstraße als Notunterkunft erhalten bleiben solle. 
„Aufgrund der geänderten Lage der Zuweisungen an Flüchtlingen und der geänderten Landespolitik hinsichtlich der 
Bevorratung von Unterkünften im ,Stand by’ ist diese ,Notunterkunft‘ in Haan nicht länger in der Bevorratung zu 
halten“, betont Lukat. Dies sei im Rahmen der WLH-Haushaltsklausurtagung am 22. November auf Nachfrage auch 
von der städtischen Ersten Beigeordneten Annette Herz bestätigt worden.
Die WLH hatte daraufhin „eine zeitnahe Ortsbesichtigung“ der Halle bis zum 16. Dezember beantragt. Am 1. 
Dezember habe Annette Herz jedoch mitgeteilt, dass die Verwaltungsführung dafür keine Dringlichkeit sehe und 

Stadtrat – von Sporthallen-Ausfall bis Bahn -Ärger In der letzten Sitzung des Stadtrats vor Weihnachten geht es 
um die Zukunft der Sporthalle Bachstraße, aber a....
stattdessen auf dem 3. Februar kommenden Jahres als Termin beharre. „Angesichts der Tatsache, dass einige 
Vereine jetzt schon überlegen, Lagerhallen anzumieten, um ihren Mitgliedern in den Wintermonaten wenigstens auf 
diese Weise Indoor-Sportmöglichkeiten bieten zu können, ist das Verhalten der Stadt nicht nachvollziehbar“, ärgert 
sich Lukat. Ihre Sorge ist, dass die Stadt die Halle an der Bachstraße aufgibt, um dort Container für die 
Grundschule Steinkulle während der Arbeiten am dortigen Schul-Neubau aufstellen zu können. Ob der 
Dringlichkeitsantrag tatsächlich zugelassen wird, darüber muss zu Beginn der Sitzung des Stadtrats am Dienstag 
um 17 Uhr allerdings noch abgestimmt werden.
Die 25 Punkte umfassende Tagesordnung der öffentlichen Sitzung umfasst auch das städtische Vorhaben, künftig 
einen neuen, modernen Service auf dem Waldfriedhof anzubieten: die gemeinsame Beisetzung von Mensch und 
Tier. Eine entsprechende Änderung der Friedhofssatzung wurde am Dienstag vergangener Woche bereits vom 
Haupt- und Finanzausschuss einstimmig befürwortet.
Die Beisetzung von Tierurnen soll aber nur zulässig sein, wenn das verstorbene Tier zum Zeitpunkt seines Todes 
Eigentum der oder des Verstorbenen war, eine persönliche Bindung zwischen Mensch und Tier bestand oder eine 
Urnenbestattung der verstorbenen Person an diesem Ort erfolgt oder bereits erfolgt ist. Zugelassen sind 
ausschließlich Kleintiere bis zur Größe eines Hundes, also beispielsweise auch Katzen, Kaninchen oder 
Meerschweinchen. Die Beisetzung von Großtieren wie Pferden wird nicht gestattet. Pro Reihengrab können bis zu 
drei Tierurnen zusätzlich zur menschlichen Urne beigesetzt werden.
Außerdem befasst sich der Rat noch mit einer CDU-Anfrage, in der es um „unzumutbare Zustände für Pendlerinnen 
und Pendler der S-Bahnlinie S8“ geht. Die Christdemokraten wollen unter anderem wissen, worauf es 
zurückzuführen ist, „dass die Bahnen der Linie S8 der Deutschen Bahn AG vermehrt mit einfacher Traktion 
verkehren“. Seit November führen dort verstärkt Züge mit nur einem Wagenteil. Insbesondere in der Rushhour 
führe dies zu teils gefährlichen Situationen, da die an den Bahnsteigen wartenden Pendlerinnen und Pendler 
versuchten, irgendwie noch in den Zug zu gelangen. „Auch unter Freigabe der ersten Klasse, können die vielen 
Menschen nicht zumutbar in den Zügen untergebracht werden“, heißt es in der Anfrage. „Gerangel, 
Kreislaufprobleme aufgrund der Enge und verzweifelte Personen, die keinen Platz mehr finden, gehören 
mittlerweile zum Alltag.“
Kirche gibt das „CVJM-Haus“ auf
Beschluss Die Evangelische Kirchengemeinde Haan hat im Rahmen ihrer strategischen Gebäudeplanung 
beschlossen, das als „CVJM-Haus“ bekannte Gebäude an der Alleestraße 10 langfristig aufzugeben. Grundlage 
dieser Entscheidung sei die aktuelle Gebäudebedarfsanalyse, die zeige, dass die Kirchengemeinde bereits heute 
mehr Gebäude- und Nutzfläche vorhalte, als langfristig verantwortbar sei.
Mitgliederzahlen Vor dem Hintergrund sinkender Mitgliederzahlen und veränderter finanzieller 
Rahmenbedingungen sei „eine Anpassung der Gebäudestruktur“ notwendig. Der Beschluss sieht einen Zeithorizont 
bis Ende des Jahrzehnts vor. Die Zusammenarbeit mit dem CVJM Haan und die wichtige Bedeutung der 
Jugendarbeit sollen von der Entscheidung unberührt bleiben.
Stadtrat – von Sporthallen-Ausfall bis Bahn -Ärger In der letzten Sitzung des Stadtrats vor Weihnachten geht es 
um die Zukunft der Sporthalle Bachstraße, aber a....
Link to PDF
Graphic
 
Landauf, landab kämpfen Sportvereine momentan um Hallenzeiten. Foto: dpa"
2025-12,Main Corpus,2025-12(113).ZIP,Straßburg für ausgelagerte Asylverfahren(2).PDF,C:\PythonProjects\AfD-project\Corpora\Main Corpus\2025-12\raw_unarchive\Straßburg für ausgelagerte Asylverfahren(2).PDF,Straßburg für ausgelagerte Asylverfahren,strassburg für ausgelagerte asylverfahren,Frankfurter Rundschau,frankfurter rundschau,Donnerstag 18. Dezember 2025,,POLITIK; S. 6,366,2621,7977c38305c8f5c03a8186c647b9037a056dfecf,exact_018,duplicate_exact,review,,no,,no,,,4479,no,,exact_018,,,"Das Europaparlament hat mit einer rechten Mehrheit dafür gestimmt, die Verantwortung für Asylbewerber:innen 
einfacher an Nicht-EU-Staaten abgeben zu können. Deutschland und andere EU-Länder sollen Schutzsuchende 
demnach auch in Länder abschieben dürfen, zu denen sie keine Verbindung haben. Die Asylbewerber:innen sollen 
dann dort Schutz beantragen, und nicht in Europa. 
Für das Vorhaben stimmten überwiegend Abgeordnete der Fraktionen rechts der Mitte, darunter auch Abgeordnete 
der AfD. Dagegen stimmten vor allem Linke, Grüne und Sozialdemokraten. 
Das Parlament spricht sich damit für einen Vorschlag der Europäischen Kommission aus. Auch die Mitgliedsländer 
hatten der Gesetzesänderung zuvor größtenteils zugestimmt. Um letzte Streitpunkte zwischen den EU-Staaten und 
dem Europaparlament zu klären, sollte es noch im Laufe des Mittwochs Verhandlungen zu dem Vorhaben geben.
Noch zu klären ist unter anderem der Umgang mit Kindern und Jugendlichen bei den Asylverfahren. Im 
ursprünglichen Vorschlag der EU-Kommission gab es eine Ausnahme für Minderjährige. Sie sollten demnach nicht 
nur aufgrund eines bestehenden Abkommens in einen Drittstaat abgeschoben werden können, zu dem sie keine 
Verbindung haben. Im Fall von Minderjährigen müsse eine solche Verbindung bestehen. Der Haltung waren auch 
die EU-Staaten gefolgt. 
In der Position des Europaparlaments gibt es für diese Ausnahme nun eine Einschränkung. Kinder und Jugendliche 
seien ausgenommen, „es sei denn, es gibt berechtigte Gründe zu der Annahme, dass sie eine Gefahr für die 
nationale Sicherheit oder die öffentliche Ordnung darstellen“, heißt es in einer Mitteilung des zuständigen 
Ausschusses im Parlament.
Kritik an der Abstimmung gab es bereits im Vorfeld. Die Grünen hatten von Bundeskanzler Friedrich Merz (CDU) 
ein Machtwort gegen EU-Migrationsentscheidungen mit rechter Mehrheit verlangt. „Ich erwarte vom Bundeskanzler 
und CDU-Chef, dass er zu seinem Wort steht und es unter ihm auch auf europäischer Ebene keine 
Zusammenarbeit mit rechtsextremen Parteien gibt“, sagte der Chef der Grünen im EU-Parlament, Erik Marquardt. 
Die EVP-Fraktion argumentiert, sie arbeite bei Gesetzesvorhaben nicht aktiv mit Rechtsextremen zusammen. 

Straßburg für ausgelagerte Asylverfahren
Neben der „Drittstaatenlösung“ hat das EU-Parlament auch für eine EU-weit geltende Liste „sicherer 
Herkunftsstaaten“ abgestimmt. Dem Vorschlag nach sollen Menschen dadurch etwa schneller nach Marokko, 
Tunesien oder Ägypten abgeschoben werden können. Auch Kosovo, Kolumbien, Indien, Bangladesch sollen zur 
Liste hinzugefügt werden. DPA
Link zum PDF-Dokument"
2025-12,Main Corpus,2025-12(113).ZIP,Straßburg für ausgelagerte Asylverfahren.PDF,C:\PythonProjects\AfD-project\Corpora\Main Corpus\2025-12\raw_unarchive\Straßburg für ausgelagerte Asylverfahren.PDF,Straßburg für ausgelagerte Asylverfahren,strassburg für ausgelagerte asylverfahren,Frankfurter Rundschau,frankfurter rundschau,Donnerstag 18. Dezember 2025,,POLITIK; S. 6,366,2621,7977c38305c8f5c03a8186c647b9037a056dfecf,exact_018,duplicate_exact,review,,no,,no,,,4480,no,,exact_018,,,"Das Europaparlament hat mit einer rechten Mehrheit dafür gestimmt, die Verantwortung für Asylbewerber:innen 
einfacher an Nicht-EU-Staaten abgeben zu können. Deutschland und andere EU-Länder sollen Schutzsuchende 
demnach auch in Länder abschieben dürfen, zu denen sie keine Verbindung haben. Die Asylbewerber:innen sollen 
dann dort Schutz beantragen, und nicht in Europa. 
Für das Vorhaben stimmten überwiegend Abgeordnete der Fraktionen rechts der Mitte, darunter auch Abgeordnete 
der AfD. Dagegen stimmten vor allem Linke, Grüne und Sozialdemokraten. 
Das Parlament spricht sich damit für einen Vorschlag der Europäischen Kommission aus. Auch die Mitgliedsländer 
hatten der Gesetzesänderung zuvor größtenteils zugestimmt. Um letzte Streitpunkte zwischen den EU-Staaten und 
dem Europaparlament zu klären, sollte es noch im Laufe des Mittwochs Verhandlungen zu dem Vorhaben geben.
Noch zu klären ist unter anderem der Umgang mit Kindern und Jugendlichen bei den Asylverfahren. Im 
ursprünglichen Vorschlag der EU-Kommission gab es eine Ausnahme für Minderjährige. Sie sollten demnach nicht 
nur aufgrund eines bestehenden Abkommens in einen Drittstaat abgeschoben werden können, zu dem sie keine 
Verbindung haben. Im Fall von Minderjährigen müsse eine solche Verbindung bestehen. Der Haltung waren auch 
die EU-Staaten gefolgt. 
In der Position des Europaparlaments gibt es für diese Ausnahme nun eine Einschränkung. Kinder und Jugendliche 
seien ausgenommen, „es sei denn, es gibt berechtigte Gründe zu der Annahme, dass sie eine Gefahr für die 
nationale Sicherheit oder die öffentliche Ordnung darstellen“, heißt es in einer Mitteilung des zuständigen 
Ausschusses im Parlament.
Kritik an der Abstimmung gab es bereits im Vorfeld. Die Grünen hatten von Bundeskanzler Friedrich Merz (CDU) 
ein Machtwort gegen EU-Migrationsentscheidungen mit rechter Mehrheit verlangt. „Ich erwarte vom Bundeskanzler 
und CDU-Chef, dass er zu seinem Wort steht und es unter ihm auch auf europäischer Ebene keine 
Zusammenarbeit mit rechtsextremen Parteien gibt“, sagte der Chef der Grünen im EU-Parlament, Erik Marquardt. 
Die EVP-Fraktion argumentiert, sie arbeite bei Gesetzesvorhaben nicht aktiv mit Rechtsextremen zusammen. 

Straßburg für ausgelagerte Asylverfahren
Neben der „Drittstaatenlösung“ hat das EU-Parlament auch für eine EU-weit geltende Liste „sicherer 
Herkunftsstaaten“ abgestimmt. Dem Vorschlag nach sollen Menschen dadurch etwa schneller nach Marokko, 
Tunesien oder Ägypten abgeschoben werden können. Auch Kosovo, Kolumbien, Indien, Bangladesch sollen zur 
Liste hinzugefügt werden. DPA
Link zum PDF-Dokument"
2025-12,Main Corpus,2025-12(113).ZIP,Trump 2.0(2).PDF,C:\PythonProjects\AfD-project\Corpora\Main Corpus\2025-12\raw_unarchive\Trump 2.0(2).PDF,Trump 2.0,trump 20,Rheinische Post,rheinische post,Dienstag 30. Dezember 2025,,S. 4,174,1192,1ac519b2bede144d7a0f151cfc8872d8b02e75d9,exact_019,duplicate_exact,review,,no,,no,,,2542,no,,exact_019,,,"Der Mann, der dem Jahr wie kein anderer seinen Stempel aufgedrückt hat, wird am 20. Januar in Washington zum 
47. Präsidenten der USA vereidigt. Anders als bei seinem ersten Amtsantritt acht Jahre zuvor ist Trump diesmal 
bestens vorbereitet. Der Republikaner verspricht seinem Land ein „goldenes Zeitalter“. Er kündigt den Rückzug der 
USA aus dem Pariser Klimaabkommen und der Weltgesundheitsorganisation an. Auch stellt er eine harte Gangart 
in der Wirtschafts- und Migrationspolitik in Aussicht. In den folgenden Monaten vergeht so gut wie kein Tag, ohne 
dass der neue Chef im Weißen Haus Schlagzeilen macht: Trump verhängt harte Zölle, ordnet Abschiebungen an, 
schickt die Nationalgarde in mehrere Städte, lässt Elon Musk gegen die Bürokratie vorgehen und tauft den Golf von 
Mexiko in „Golf von Amerika“ um. International geriert er sich als „Dealmaker“ und Friedensbringer. Gleichzeitig 
verhalten sich die USA unter Trump zunehmend aggressiv gegenüber Ländern wie Venezuela – und kritisieren in 
ihrer nationalen Sicherheitsstrategie nicht China oder Russland, sondern die EU. Das transatlantische Bündnis, wie 
in Deutschland lange gepflegt, ist Geschichte.

Trump 2.0
Link to PDF"
2025-12,Main Corpus,2025-12(113).ZIP,Trump 2.0.PDF,C:\PythonProjects\AfD-project\Corpora\Main Corpus\2025-12\raw_unarchive\Trump 2.0.PDF,Trump 2.0,trump 20,Rheinische Post,rheinische post,Dienstag 30. Dezember 2025,,S. 4,174,1192,1ac519b2bede144d7a0f151cfc8872d8b02e75d9,exact_019,duplicate_exact,review,,no,,no,,,2557,no,,exact_019,,,"Der Mann, der dem Jahr wie kein anderer seinen Stempel aufgedrückt hat, wird am 20. Januar in Washington zum 
47. Präsidenten der USA vereidigt. Anders als bei seinem ersten Amtsantritt acht Jahre zuvor ist Trump diesmal 
bestens vorbereitet. Der Republikaner verspricht seinem Land ein „goldenes Zeitalter“. Er kündigt den Rückzug der 
USA aus dem Pariser Klimaabkommen und der Weltgesundheitsorganisation an. Auch stellt er eine harte Gangart 
in der Wirtschafts- und Migrationspolitik in Aussicht. In den folgenden Monaten vergeht so gut wie kein Tag, ohne 
dass der neue Chef im Weißen Haus Schlagzeilen macht: Trump verhängt harte Zölle, ordnet Abschiebungen an, 
schickt die Nationalgarde in mehrere Städte, lässt Elon Musk gegen die Bürokratie vorgehen und tauft den Golf von 
Mexiko in „Golf von Amerika“ um. International geriert er sich als „Dealmaker“ und Friedensbringer. Gleichzeitig 
verhalten sich die USA unter Trump zunehmend aggressiv gegenüber Ländern wie Venezuela – und kritisieren in 
ihrer nationalen Sicherheitsstrategie nicht China oder Russland, sondern die EU. Das transatlantische Bündnis, wie 
in Deutschland lange gepflegt, ist Geschichte.

Trump 2.0
Link to PDF"
2025-12,Main Corpus,2025-12(113).ZIP,Unqualifizierte als Erste zurück Dürfen letztlich alle syrischen Flüchtlinge in Deutschland bleiben_.PDF,C:\PythonProjects\AfD-project\Corpora\Main Corpus\2025-12\raw_unarchive\Unqualifizierte als Erste zurück Dürfen letztlich alle syrischen Flüchtlinge in Deutschland bleiben_.PDF,Unqualifizierte als Erste zurück Dürfen letztlich alle syrischen Flüchtlinge in Deutschland bleiben? Diesen,unqualifizierte als erste zurück dürfen letztlich alle syrischen flüchtlinge in deutschland bleiben diesen,Die Welt,die welt,Mittwoch 3. Dezember 2025,Daniel Thym,FORUM; ESSAY; S. 7; Ausg. 234,1080,7995,da228434806c40bbe2d6ef107b1009df268545f5,,unique,keep,,no,,no,,,9521,yes,commentary_noncore,,,,"In der Asylpolitik prallen wieder einmal zwei Sichtweisen aufeinander. Während Linke die Syrer in Deutschland als 
Ärzte oder wertvolle Arbeitskräfte präsentieren, sprechen Konservative vor allem über Straftäter und nähren die 
Erwartung umfassender Abschiebungen oder freiwilliger Ausreisen. Anstelle solch abstrakter Debatten braucht die 
Bundesregierung einen pragmatischen Plan mit vier Komponenten, wie eine Rückkehr von Syrern gelingen kann, 
deren Integration schlecht verläuft.
Ein solcher Plan setzt am besten beim Einreisezeitpunkt an. Von den 1,2 Millionen syrienstämmigen Menschen in 
Deutschland stellten nämlich 320.000 ihren Asylantrag erst in den letzten fünf Jahren. Allein 2023 gab es 100.000 
Asylerstanträge von Syrern, in den beiden Jahren zuvor und danach jeweils 70.000 Personen. Die 
Zusammensetzung dieser Gruppe zeigt, warum sich die Politik auf diese konzentrieren sollte. Dagegen könnten 
Syrer, die seit mindestens fünf Jahren hier leben, ein dauerhaftes Bleiberecht erhalten, wenn sie bestimmte 
Kriterien erfüllen.
In den Jahren 2022 und 2023 kamen besonders viele junge Männer mit wenig Bildung nach Deutschland. Damals 
waren unter den volljährigen Syrern über 80 Prozent männlich und mehr als die Hälfte zwischen 18 und 29 Jahre 
alt. Etwas mehr als 40 Prozent der Erwachsenen hatten keinen Schulabschluss und zehn Prozent sogar nur vier 
Jahre eine Schule besucht. Fachkräfte waren in der Minderheit: 15 Prozent hatten einen ausländischen Berufs- 
oder Uniabschluss, ganz unabhängig davon, ob dieser deutschen Standards entspricht. Ebenso viele gaben an, im 
Ausland einen Beruf ohne Prüfung erlernt zu haben. Mithin waren 70 Prozent der Erwachsenen gering- oder 
unqualifiziert. Im Jahr 2021 waren die Ergebnisse noch etwas besser.
Nachlesen lassen sich all diese Zahlen in den SoKo-Analysen , die das Bundesamt für Migration und Flüchtlinge 
(BAMF) bis Ende 2023 erstellte. Sie beruhen auf einer Selbstauskunft. Vor zwei Jahren wurde die Befragung 

Unqualifizierte als Erste zurück Dürfen letztlich alle syrischen Flüchtlinge in Deutschland bleiben? Diesen 
Eindruck muss die Bundesregierung beenden auch dur....
eingestellt, um etwas Zeit während des Asylverfahrens einzusparen. Allerdings umfasst die genannte Gesamtzahl 
von 320.000 Asylanträgen seit dem Jahr 2021 auch hier geborene Kinder sowie Ehefrauen und Kinder, die über 
den Familiennachzug einreisten. Doch selbst wenn man für diese Gruppen rund ein Drittel aller Asylanträge 
reserviert, verbleiben etwas mehr als 200.000 Syrer mit dem dargestellten Profil.
Ein Fokus auf diese Gruppe reagiert auf das geringe Qualifikationsniveau und entspricht der Erfahrung, dass 
Abschiebungen und freiwillige Rückkehr immer unwahrscheinlicher werden, je länger der Aufenthalt dauert. 
Puristen werden darauf bestehen, der Staat solle gefälligst seiner Rechtspflicht nachkommen und den Schutzstatus 
aller Syrer überprüfen. Erste Gerichtsurteile bestätigen, dass dies abhängig vom Einzelfall vor allem bei jungen, 
alleinreisenden und arbeitsfähigen Männern erfolgreich sein kann. Allein solch umfassende Widerrufsprüfungen 
wären kontraproduktiv. Schon jetzt stauen sich bei den Gerichten über 180.000 Asylklageverfahren. Wenn dieser 
Berg deutlich anwachsen würde, könnten die Gerichtsverfahren bald wieder zwei Jahre oder länger dauern, 
nachdem es gerade erst gelang, die Verfahrensdauer auf 15 Monate abzusenken.
Doch selbst wenn die Gerichte ihre Zustimmung erteilen, zeigt die Erfahrung der letzten Jahre, dass Bund und 
Länder deutlich mehr als 20.000 Abschiebungen pro Jahr nicht schaffen. Die Regeln sind zu kompliziert, die 
Verfahren zu langwierig und zu viele Behörden beteiligt. Es machte auch keinen Sinn, in den nächsten Jahren 
vorrangig nach Syrien und Afghanistan abzuschieben. Schließlich leben in Deutschland auch viele 
Ausreisepflichtige aus dem Irak, der Türkei, Nigeria und Serbien. Ihre knappen Ressourcen müssen Bund und 
Länder daher möglichst intelligent einsetzen.
Mein pragmatischer Vorschlag besteht aus vier Komponenten. Erstens werden zuerst die Asylanträge der 50.000 
Syrer bearbeitet, die derzeit auf eine Entscheidung warten. Parallel starten die Widerrufsprüfungen für Personen, 
die seit 2021 einreisten und einen Schutzstatus besitzen. Dabei konzentriert sich das BAMF auf diejenigen, bei 
denen die Wahrscheinlichkeit hoch ist, dass der positive Asylbescheid aufgehoben werden kann: junge, 
alleinreisende und arbeitsfähige Männer, die keiner Minderheit angehören, für die Syrien noch unsicher ist. 
Dasselbe gilt für alleinreisende Frauen mit demselben Profil, von denen es freilich wenige gibt.
Zweitens setzt die Bundesregierung ihre Bemühungen fort, um alsbald die ersten Abschiebungsflüge nach Syrien 
durchzuführen. Vorerst dürften diese zwar nur wenige Personen betreffen. Doch auch geringe Zahlen sind wichtig, 
denn sie beenden den Eindruck, dass alle Syrer letztlich in Deutschland bleiben dürfen. Regelmäßige 
Abschiebungsflüge können dazu beitragen, dass weniger Syrer einreisen, um Asyl zu beantragen. Sie erhöhen 
auch den Druck, freiwillig nach Syrien zurückzukehren. Drittens werden alle erwachsenen Syrer, deren 
Schutzstatus das BAMF überprüfen möchte, zu einem obligatorischen Beratungstermin geladen. An diesem 
werden sie über die Folgen eines möglichen Verlusts des Schutzstatus aufgeklärt, also über die drohende 
Abschiebung und die verschlechterte Rechtsstellung. Sozialleistungen gäbe es nach dem 
Asylbewerberleistungsgesetz, und auch ins Ausland könnte man nicht länger fahren, ohne das Rückkehrrecht zu 
verlieren. Die Drohung mit Abschiebungen wird glaubhaft sein, wenn die ersten Flüge gestartet sind.
Diese Druckmittel ergänzte die Bundesregierung um ein attraktives Anreizpaket frei nach dem Motto: Zuckerbrot 
und Peitsche . Wer freiwillig ausreist, könnte mehr erhalten als die bisherigen 1200 Euro sowie das Flugticket. 
Dänemark zahlt bei einer freiwilligen Rückkehr gestaffelt bis zu 5000 Euro, wenn jemand vor Gericht nicht gegen 
den negativen Behördenbescheid klagt oder während eines laufenden Prüfverfahrens ausreist. Das ist viel Geld, 
entlastet jedoch die Gerichte und ist günstiger als eine Abschiebung. Wer einen glaubwürdigen Businessplan 
vorlegt, könnte nach der Rückkehr in Syrien eine Anschubfinanzierung erhalten. So kombinierte die 
Bundesregierung die Rückkehrförderung mit der Wiederaufbauhilfe.
Viertens und letztens könnten alle Syrer, die bereits seit fünf Jahren hier leben, ein dauerhaftes Bleiberecht 
erhalten, wenn sie keine schweren Straftaten begangen haben, einen Job ausüben, ordentlich Deutsch sprechen 
und überwiegend ohne Sozialleistungen leben. Für Kinder und Jugendliche sollte unabhängig vom 
Einreisezeitpunkt ein erfolgreicher Schulbesuch ausreichen. Vergleichbare Bleiberechte gibt es bereits für 
ausreisepflichtige Personen. Dagegen könnten Syrer diese erhalten, noch bevor das BAMF den Schutzstatus 
überprüft. So spart man knappe Ressourcen.
Unqualifizierte als Erste zurück Dürfen letztlich alle syrischen Flüchtlinge in Deutschland bleiben? Diesen 
Eindruck muss die Bundesregierung beenden auch dur....
Juristisch ohnehin auf der sicheren Seite sind alle Syrer, die inzwischen Deutsche wurden oder als Fachkräfte 
einen Vollzeitjob ausüben. Das gilt auch für die Minderheit, die seit dem Jahr 2021 einreiste, schon damals über 
eine Berufsausbildung verfügte oder diese nach der Einreise nachholte und keine Sozialleistungen bezieht. Diese 
Minderheit kann schon heute eine Aufenthaltserlaubnis als Fachkraft erhalten. Es ist dies freilich die Ausnahme von 
der Regel, dass gerade unter den Syrern, die in den letzten fünf Jahren kamen, viele geringqualifizierte junge 
Männer sind. Auf diese Gruppe sollte die Bundesregierung sich bei der Rückkehr konzentrieren.
""Ihre knappen Ressourcen müssen Bund und Länder möglichst intelligent einsetzen""
 Daniel Thym ist Professor für Öffentliches Recht, Europarecht und Völkerrecht an der Universität Konstanz. 
Original Gesamtseiten-PDF"
2025-12,Main Corpus,2025-12(113).ZIP,Unterkünfte für Flüchtlinge sind teuer Kosten haben sich seit 2020 fast verdreifacht.PDF,C:\PythonProjects\AfD-project\Corpora\Main Corpus\2025-12\raw_unarchive\Unterkünfte für Flüchtlinge sind teuer Kosten haben sich seit 2020 fast verdreifacht.PDF,Unterkünfte für Flüchtlinge sind teuer; Kosten haben sich seit 2020 fast verdreifacht,unterkünfte für flüchtlinge sind teuer kosten haben sich seit 2020 fast verdreifacht,Berliner Zeitung,berliner zeitung,11. Dezember 2025,,BERLIN; S. 6,277,1994,7bad34853cdfbbe75da347a5065320fe510c7f07,,unique,keep,,no,,no,,,2838,no,,,,,"Die Kosten für die Unterbringung von Flüchtlingen sind in den vergangenen Jahren in Berlin stark angestiegen. 
2020 zahlte das Land 312 Millionen Euro für die Bereitstellung der Unterkünfte. 2024 waren es 883 Millionen Euro, 
also fast dreimal so viel. Das geht aus internen Berechnungen des Senats hervor, über die zuerst der Tagesspiegel 
berichtete. Sie wurden der Deutschen Presse-Agentur aus Senatskreisen bestätigt. Besonders kostenintensiv sind 
demnach Großunterkünfte wie Tegel oder Tempelhof. Allein auf Tegel entfielen 2024 etwa 260 Millionen Euro. 
Die Zahlen illustrieren eine Entwicklung, die schon länger bekannt ist. So haben sich die jährlichen 
Gesamtausgaben für Unterbringung, Versorgung und Integration von Geflüchteten in Berlin zwischen 2022 und 
2025 auf 2,24 Milliarden Euro fast verdoppelt. In der Koalition gab es deshalb Überlegungen, eine Notlage 
auszurufen, um sogenannte Notlagenkredite zur Finanzierung aufnehmen zu können. 
Das ist aber mittlerweile vom Tisch. Nach Einschätzung der schwarz-roten Koalition können die Kosten auch so 
aus dem Landeshaushalt gestemmt werden. Für mögliche zusätzliche Finanzbedarfe sind im Doppelhaushalt 
2026/2027 bis zu 870 Millionen Euro pro Jahr als eine Art Reserve eingeplant. 
Nach jahrelangem Anstieg war die Zahl der in Berlin angekommenen Geflüchteten 2024 erstmals wieder gesunken. 
Im Vorjahr waren gut 21.000 Geflüchtete aufgenommen worden, rund ein Drittel weniger als 2023. 2025 setzte sich 
der rückläufige Trend fort. Die Behörden zählten bis einschließlich Oktober gut 11.700 geflüchtete Menschen. 
In den Unterkünften des Landesamtes für Flüchtlingsangelegenheiten (LAF) wohnten mit Stand Mitte November 
36.851 Menschen. Sie leben in größeren und kleineren Notunterkünften teils in Containern, in Wohnheimen, in 
angemieteten Hotels, Hostels oder früheren Bürogebäuden. Vor kurzem hatte sich die Koalition darauf verständigt, 
vorerst keine weiteren zusätzlichen Standorte zur Unterbringung aufzubauen. (dpa)"
2025-12,Main Corpus,2025-12(113).ZIP,Vaterschaftsanerkennung auf leibliche Väter beschränken Männer verhelfen zugewanderten Müttern und i.PDF,C:\PythonProjects\AfD-project\Corpora\Main Corpus\2025-12\raw_unarchive\Vaterschaftsanerkennung auf leibliche Väter beschränken Männer verhelfen zugewanderten Müttern und i.PDF,Vaterschaftsanerkennung auf leibliche Väter beschränken Männer verhelfen zugewanderten Müttern und ihren,vaterschaftsanerkennung auf leibliche väter beschränken männer verhelfen zugewanderten müttern und ihren,Die Welt,die welt,Mittwoch 24. Dezember 2025,Marcel Leubecher,Politik; S. 4; Ausg. 249,1037,8141,08462186c5534d21c6d59e17edb2c394bad0120a,,unique,keep,,no,,no,,,9998,no,,,,,"Seitdem Männer in der Bundesrepublik die Vaterschaft für Kinder anerkennen dürfen, die nicht ihre eigenen sind, 
wird dies von einigen Migranten ausgenutzt. Vor allem auf die Tour, dass frisch eingereiste Frauen ohne 
Aufenthaltsrecht eine Partnerschaft mit einem hier rechtmäßig lebenden oder schon eingebürgerten Zuwanderer 
vortäuschen und dieser ihr Neugeborenes als sein nicht-leibliches Kind anerkennt.
Damit erhält das Kind ein Aufenthaltsrecht oder sogar die Staatsbürgerschaft und daraus abgeleitet bekommt 
dann auch die Mutter diese Vorteile. Der Vater wiederum erhält dafür eine geldwerte Aufmerksamkeit der Mutter 
oder der hinter ihr stehenden Vermittlungsorganisation. Weil die Väter in der Regel zu wenig verdienen, um ihren 
Unterhaltspflichten nachzukommen, übernimmt diese dann der Staat. Ein bekanntes Beispiel dieser Masche lieferte 
Mr. Cash Money , ein eingebürgerter Nigerianer: Er erkannte für 24 Kinder verschiedener Migrantinnen die 
Vaterschaft an.
Die Folgekosten für die Sozialversorgung der ausländischen Mütter und ihrer Kinder, die durch den 
Vaterschaftsmissbrauch ein Aufenthaltsrecht erhielten, schätzen Ermittler auf ungefähr 1,5 Millionen Euro jährlich. 
Die für den Fall zuständige Bezirksregierung Arnsberg teilt WELT mit: Die genauen Kosten kann man nicht 
ermitteln die geschätzte Größenordnung dürfte aber korrekt sein . Nun erfuhr WELT aus Sicherheitskreisen, dass 
in Hannover ein Betrüger lebt, der mit seinen Scheinvaterschaften selbst Mr. Cash Money in den Schatten stellt: 
Einem aus dem Kongo stammenden und 2007 eingebürgerten Mann gelang es, für 47 nicht-leibliche Kinder die 
Vaterschaft anzuerkennen. Die Stadt Hannover bestätigt auf WELT-Anfrage, es sei ein aus einem afrikanischen 
Land stammender Deutscher in Hannover gemeldet, von dem uns aktuell genau 47 erfolgreiche (plus eine 
versuchte) Vaterschaftsanerkennungen bekannt sind . Davon sei allerdings nur ein geringer Teil sechs Fälle der 
Anerkennungen vom Standesamt der Landeshauptstadt Hannover beurkundet worden. 

Vaterschaftsanerkennung auf leibliche Väter beschränken Männer verhelfen zugewanderten Müttern und ihren 
Babys zum deutschen Pass so wie ein eingebürgerter Ko....
Die sechs Vaterschaften in Hannover seien alle vor 2018 eingetragen worden. Damals war rechtlich ein 
strengeres Verfahren bei konkreten Anhaltspunkten einer missbräuchlichen Anerkennung der Vaterschaft 
eingeführt worden. Um die Betrugsmasche einzudämmen, unternimmt die schwarz-rote Regierung nun einen 
neuen Anlauf. Einen Gesetzentwurf hat das Bundeskabinett in der vergangenen Woche beschlossen. Vor allem 
sollen künftig immer die Ausländerbehörden mitentscheiden, sobald bei einer Vaterschaftsanerkennung nicht-
leiblicher Kinder einer der Beteiligten kein Bleiberecht hat. Doch der Experte auf diesem Gebiet, 
Rechtswissenschaftler Harald Dörig, sieht derart erhebliche Schwächen in dem Gesetzentwurf, dass er in einer 
Stellungnahme eindringlich davor warnt, ihn in dieser Form im Bundestag zu verabschieden.
Der Jura-Professor urteilt darin: Treten die (unten beschriebenen) Normen in Kraft, kann der mit dem 
Gesetzentwurf verfolgte Zweck, missbräuchliche Vaterschaftsanerkennungen zurückzudrängen, nicht erreicht 
werden. Bei derart laxen Missbrauchstatbeständen solle man die Ausländerbehörden nicht mit umfangreichen 
Prüfungen belasten, sondern die Vaterschaftsanerkennung auf leibliche Väter beschränken . Nicht-leibliche Väter 
könnten Kinder im Wege der Adoption in ihre Familiengemeinschaft eingliedern. Das Adoptionsverfahren 
gewährleiste eine deutlich höhere Kontrolldichte als das hier vorgelegte Gesetzesvorhaben.
Dörigs hartes Urteil bezieht sich vor allem auf drei Kritikpunkte. Obwohl richtigerweise künftig die 
Ausländerbehörden zustimmen müssen, enthalte der Gesetzentwurf missbrauchsanfällige Kriterien, die zu einer 
Zustimmung führen sollen. Erstens: So soll künftig vermutet werden, dass die Anerkennung der Vaterschaft nicht 
missbräuchlich ist, wenn der Anerkennende zum Zeitpunkt des Antrags auf Zustimmung über mindestens sechs 
Monate regelmäßig Umgang mit dem Kind oder der werdenden Mutter hatte und nach den Umständen des 
Einzelfalls zu erwarten ist, dass der Umgang auch in Zukunft beabsichtigt ist. Dies geht aus Paragraf 85b 
Aufenthaltsgesetz im Entwurf hervor.
Dörig kritisiert, dass laut der Gesetzesbegründung der Umgang in unterschiedlicher Weise, etwa durch persönliche 
Begegnungen, Videoanrufe, Telefonate, Briefwechsel und andere Kontakte über soziale Medien, stattfinden dürfe. 
Der ehemalige Bundesverwaltungsrichter fordert: Dieser Vermutungstatbestand sollte gestrichen werden, 
hilfsweise sollte die Mindestdauer des Umgangs auf zwei Jahre verlängert werden. Ob ein solcher Umgang 
regelmäßig über den genannten Zeitraum stattgefunden hat, ist für die ohnehin stark belasteten 
Ausländerbehörden mit vertretbarem Aufwand nicht zu klären. 
Diese seien vor allem auf die Angaben der an einer Anerkennung interessierten Mutter und des anerkennenden 
Mannes angewiesen. Dessen ungeachtet erscheine es fragwürdig, ob eine enge sozial-familiäre Beziehung mit 
einem Kleinkind über Videoanrufe, Telefonate oder soziale Medien aufgebaut werden könne. Dörigs zweite 
Hauptkritik zielt darauf, dass die Ausländerbehörden laut dem Kabinettsentwurf eine Vaterschaftsanerkennung 
schon dann als nicht missbräuchlich einstufen sollen, wenn Mutter und Vater belegen können, dass sie zum 
Zeitpunkt des Antrags auf Zustimmung seit mindestens sechs Monaten in einem gemeinsamen Haushalt wohnen 
(Paragraf 85b im Entwurf). Der Professor warnt: Dieser Vermutungstatbestand konterkariert das gesamte 
Bemühen um eine Verbesserung der Missbrauchsabwehr. 
Missbräuchliche Vaterschaftsanerkennungen würden typischerweise von Organisationen vermittelt. Die Schlepper 
hätten das Erfordernis eines gemeinsamen sechsmonatigen Wohnsitzes , wie aus Kreisen von Ausländerbehörden 
zu vernehmen ist, bereits in ihre Vermittlungspakete eingepreist . Laut dem schwarz-roten Gesetzentwurf genüge 
bereits eine bloße Begegnungsgemeinschaft im Sinne einer Trennung von Tisch und Bett, um die Vermutung 
fehlenden Missbrauchs zu begründen . Dieser Vermutungstatbestand solle gestrichen werden, fordert der Jurist. 
Hilfsweise solle die Mindestdauer des Bestands eines gemeinsamen Haushalts auf zwei Jahre verlängert werden.
Drittens kritisiert Dörig, dass laut dem Regierungsentwurf die Zustimmung zur Anerkennung einer Vaterschaft als 
erteilt gelten solle, wenn die Ausländerbehörde nicht binnen vier Monaten nach Eingang des Antrags entschieden 
hat . Angesichts der von der Ausländerbehörde vorzunehmenden vielfach aufwendigen Ermittlungen erscheint ihm 
der Eintritt der Zustimmungsfiktion zu knapp bemessen. Ein anderes zentrales Problem wird mit dem 
Gesetzentwurf aber behoben: Denn was ist eigentlich mit den vielen Fällen, in denen nachträglich herauskommt, 
dass die Vaterschaftsanerkennung nur ein Betrug war? Künftig kann eine missbräuchliche 
Vaterschaftsanerkennung auf leibliche Väter beschränken Männer verhelfen zugewanderten Müttern und ihren 
Babys zum deutschen Pass so wie ein eingebürgerter Ko....
Vaterschaftsanerkennung fünf Jahre lang zurückgenommen werden, wenn die Zustimmung der Ausländerbehörde 
durch arglistige Täuschung, durch Drohung oder Bestechung oder durch vorsätzlich unrichtige oder unvollständige 
Angaben erwirkt worden ist (Paragraf 85d im Entwurf). Die Frist läuft ab der Eintragung der Vaterschaft ins 
Personenstandsregister.
Kritikwürdig an dieser Neuregelung ist aus Dörigs Sicht lediglich, dass die Frist auf zwei Jahre für solche Kinder 
verkürzt werden soll, die zum Zeitpunkt der Eintragung der Vaterschaft das fünfte Lebensjahr vollendet und die 
deutsche Staatsangehörigkeit vom anerkennenden Vater erworben haben. Wenn Anfang kommenden Jahres der 
Bundestag über den Regierungsentwurf berät, wird sich zeigen, ob der eine oder andere Schwachpunkt noch 
behoben wird.
Original Gesamtseiten-PDF
Graphic
 
Die Anerkennung nicht-leiblicher Kinder bietet diesen und ihren Müttern einen Weg zur Staatsbürgerschaft und 
dem Vater eine finanzielle Gegenleistung (Symbolfoto)"
2025-12,Main Corpus,2025-12(113).ZIP,Verantwortung darf nicht ausgelagert werden.PDF,C:\PythonProjects\AfD-project\Corpora\Main Corpus\2025-12\raw_unarchive\Verantwortung darf nicht ausgelagert werden.PDF,Verantwortung darf nicht ausgelagert werden,verantwortung darf nicht ausgelagert werden,"taz, die tageszeitung",taz die tageszeitung,Montag 15. Dezember 2025,Fabian Schroer,AUSLAND; S. 11,894,6480,1937f28f2c6266aa11e14ec1598ca9494864fb8f,,unique,keep,,no,,no,,,8282,no,,,,,"Interview Fabian Schroer
taz: Frau Thote, Sie haben das Amt der UNHCR-Vertreterin für Deutschland im Februar in turbulenten Zeiten 
übernommen. Die USA und Deutschland haben ihre Beiträge an UNHCR massiv gekürzt, Sie mussten bereits 
Personal entlassen, Millionen Menschen wird vermutlich bald nicht mehr geholfen werden können. Wie tief steckt 
UNHCR tatsächlich in der Krise?
Katharina Thote: Finanziell ist das die schwierigste Situation in der 75-jährigen Geschichte des UNHCR. Unser 
jährliches Bedarfsbudget war historisch meist zu etwa 50 bis 60 Prozent finanziert. Für 2026 gehen wir von 33 
Prozent aus. Wir haben ausgerechnet, dass wir schon in diesem Jahr rund 11 Millionen Flüchtlingen und 
Vertriebenen weltweit weniger Unterstützung geben können, als eigentlich geplant war.
taz: Was bedeutet das konkret?
Thote: Das kommt auf das Land an. In Afghanistan etwa haben wir Rückkehrer bislang mit 2.000 Dollar pro Familie 
unterstützt, jetzt sind es nur noch 20 Dollar pro Person. Im Sudan mussten Schutzzentren für Frauen und 
Überlebende sexualisierter Gewalt schließen. Teilweise werden Zentren für von Unterernährung bedrohte Kinder 
geschlossen. Auch bei der Gesundheitsversorgung von Flüchtlingen wurde extrem gekürzt. Ich war vor Kurzem in 
einem Camp im Tschad: Dort gibt es teilweise einen Arzt für 50.000 Patientinnen und Patienten. Die hatten vor 
Kurzem einen Choleraausbruch, was man dort bislang eigentlich gar nicht kannte. Das liegt an zu wenig Wasser, 
Medikamenten und Latrinen. Dabei sind weit über 100 Menschen gestorben so etwas ist komplett vermeidbar.
taz: Müssten Sie dann nicht an anderer Stelle, etwa bei Bildungsmaßnahmen, sparen, um wenigstens 
lebensrettende Hilfen zu sichern?
Thote: Ja, das ist ja auch schon viel passiert. Bildungs- und Zukunftsprogramme wurden stark zurückgefahren. 
Aber wenn man sich ausschließlich auf kurzfristige Nothilfe beschränkt, zerstört man den Übergang zu langfristigen 
Lösungen. Dieses Abwägen zwischen akuter Hilfe und nachhaltigem Aufbau ist eines der größten Dilemmata 

Verantwortung darf nicht ausgelagert werden
unserer Arbeit. Wir versuchen jetzt, andere Finanzierungsquellen zu erschließen und setzen verstärkt auf private 
Spender. Der Anteil der USA, lange der größte Geber, der nun auf etwa ein Drittel gekürzt wurde, lässt sich nicht 
einfach durch Einsparungen ausgleichen.
taz: In welchen Weltregionen sind Menschen derzeit besonders auf UNHCR-Hilfe angewiesen?
Thote: Die größten Vertreibungskrisen betreffen fünf Länder: Sudan, Syrien, die Ukraine, Afghanistan und 
Venezuela. Im Sudan sehen wir derzeit die dramatischste Situation: extrem eingeschränkten humanitären Zugang, 
massive Unterfinanzierung und wenig internationale Aufmerksamkeit. In Syrien gibt es trotz aller Fragilität erstmals 
wieder Chancen auf freiwillige Rückkehr.
taz: Sind darunter auch Menschen, die vor Hunger, Armut oder der Klimakrise fliehen?
Thote: Nein. Die Flüchtlingsdefinition umfasst Menschen, die vor Krieg, schweren Menschenrechtsverletzungen 
oder Verfolgung fliehen. Armut und Klimawandel verschärfen Fluchtsituationen zwar und erschweren Rückkehr, 
gelten aber nicht als eigenständige Fluchtgründe. Menschen, die aus diesen Gründen fliehen, werden nicht bei den 
derzeit 117 Millionen Flüchtlingen mitgezählt.
taz: UNHCR wird am Sonntag 75 Jahre alt, zugleich ist die Zahl der Geflüchteten im Vergleich zum historischen 
Höchststand von 122 Millionen im Vorjahr leicht gesunken. Ist das auch ein bisschen ein Grund zum Feiern?
Thote: Es ist natürlich immer ein Grund zur Hoffnung, wenn Flüchtlinge oder Binnenvertriebene wieder 
Perspektiven sehen, zurückzukehren und das sicher und freiwillig tun können. Momente, in denen etwa 
Friedensabkommen geschlossen werden, sind immer Höhepunkte unserer Geschichte. Aber Rückkehr ist nur dann 
nachhaltig, wenn die Bedingungen vor Ort stimmen, damit die Menschen sich wieder eine Existenz aufbauen 
können sonst folgt die nächste Flucht.
taz: Weltweit scheint derzeit aber eher wenig Interesse zu bestehen, solche Bedingungen zu schaffen. Die EU setzt 
auf Abschiebungen und Externalisierung. Verkennen die Geberländer ihre Verantwortung?
Thote: Wir verstehen die Schwierigkeiten, mit denen die Europäische Union und andere Staaten konfrontiert sind. 
Wenn Asylsysteme überlastet sind, müssen Maßnahmen ergriffen werden, damit sie funktionsfähig bleiben. 
Gleichzeitig müssen diese Maßnahmen sicherstellen, dass Menschen mit einem Schutzanspruch diesen auch 
geltend machen können. Wer ein Land als sicheres Herkunftsland einstuft, muss sich bewusst sein, dass es nicht 
unbedingt für alle Menschen sicher ist. Es kann individuelle Gründe für Verfolgung geben. Das Recht auf Asyl ist 
daher nach wie vor unentbehrlich und häufig lebensrettend.
taz: Aber wenn wir konkret über Abschiebungen schafft man damit nicht das nächste Problem vor Ort? in 
überlastete Drittstaaten sprechen
Thote: Eigentlich ja. Externalisierung darf nicht dazu führen, dass Drittstaaten allein gelassen werden. Die meisten 
Flüchtlinge bleiben in Nachbarländern, oft in Staaten mit deutlich geringerem Wohlstand. Deshalb braucht es einen 
routenbasierten Ansatz, der Schutz- und Aufnahmekapazitäten entlang der gesamten Fluchtroute stärkt in 
Herkunfts-, Transit- und Aufnahmeländern , statt nur am Ende abzuschotten. Ergänzend können sichere 
Zugangswege wie Resettlement, Arbeitsmigration oder Bildungsprogramme dazu beitragen, dass sich weniger 
Menschen auf gefährliche Fluchtwege begeben. Das kann jedoch Asyl an der Grenze nicht ersetzen.
taz: Wie wird sich die Lage für Geflüchtete in nächster Zeit entwickeln? Was braucht es, um eine weitere Eskalation 
zu vermeiden?
Thote: Deutschland und Europa müssen verstehen, dass humanitäre Hilfe ein zentraler Stabilitäts- und 
Sicherheitsfaktor ist. Es geht nicht immer nur um Verteidigung und Waffen. Wer von Konfliktregionen umgeben ist, 
handelt strategisch unklug, wenn er humanitäre Hilfe massiv zurückfährt. Es ist eine spektakulär unsichere Zeit für 
Gesellschaften und für jeden Einzelnen. Doch es gibt viele positive Entwicklungen, etwa in Syrien, und die müssen 
wir wieder ins Rampenlicht stellen. Das Allerwichtigste ist, Konflikte zu beenden.
Verantwortung darf nicht ausgelagert werden
taz: Und wenn das nicht passiert?
Thote: Dann werden wir noch viel drastischere Bilder sehen als die, die wir dieses Jahr schon gesehen haben. 
Fabian Schroer
Katharina Thote ist seit Februar 2025 Repräsentantin des UNHCR in Berlin."
2025-12,Main Corpus,2025-12(113).ZIP,Verzögerung bei Bezahlkarte für Geflüchtete ausgeräumt.PDF,C:\PythonProjects\AfD-project\Corpora\Main Corpus\2025-12\raw_unarchive\Verzögerung bei Bezahlkarte für Geflüchtete ausgeräumt.PDF,Verzögerung bei Bezahlkarte für Geflüchtete ausgeräumt,verzögerung bei bezahlkarte für geflüchtete ausgeräumt,Frankfurter Rundschau,frankfurter rundschau,Freitag 19. Dezember 2025,,REGION; S. 43,241,1705,f3cb1245089fa80ac76296764bb8084ff3632cc3,,unique,keep,,no,,no,,,2669,no,,,,,"Die Bezahlkarte für Asylbewerber:innen wird nach Angaben des hessischen Sozialministeriums Ende Januar 2026 
flächendeckend eingeführt. Eine dafür nötige Software-Schnittstelle für die Kommunen sei programmiert, teilt 
Ministerin Heike Hofmann (SPD) mit. Die hessenweite Einführung der Karte hätte den Plänen zufolge eigentlich 
schon Ende März 2025 abgeschlossen sein sollen. 
Hanau sei zunächst ausgenommen, da die Stadt ab Januar eine kreisfreie Stadt sein wird und dafür die Verwaltung 
neu strukturiert werden muss, teilt das Ministerium mit. Für Frankfurt müsse eine eigene Schnittstelle programmiert 
werden, dies werde bald geschehen. Zuständig für die Bezahlkarten sind die kreisfreien Städte und Landkreise, mit 
Hanau sind dies 27 sogenannte Leistungsbehörden. Bisher ist die Karte den Angaben zufolge in 17 davon im 
Einsatz. 
Technische Probleme
Auch in der Erstaufnahmeeinrichtung des Landes wird die Bezahlkarte bereits ausgegeben – seit einem Jahr. 
Ursprünglich sollte der Einsatz dann auch in den Kommunen beginnen, es fehlte jedoch die Schnittstelle zu deren 
Systemen. Auf den Bezahlkarten wird ein Teil der staatlichen Leistungen als Guthaben bereitgestellt und damit 
nicht mehr als Bargeld ausgezahlt. So soll unter anderem verhindert werden, dass Geflüchtete Geld ins Ausland 
überweisen, etwa an ihre Familie oder an Schleuser. Zudem soll das Verfahren Kommunen bei der Verwaltung 
entlasten. 
Kritiker:innen des Verfahrens sagen unter anderem, Geflüchtete könnten fortan nur noch eingeschränkt auf 
Flohmärkten oder in Second-Hand-Läden einkaufen, da die Karten dort nicht akzeptiert würden. Geld für Schlepper 
werde zudem oft im Voraus und bar gezahlt.DPA
Link zum PDF-Dokument"
2025-12,Main Corpus,2025-12(113).ZIP,Vom Flüchtling zum Restaurant-Besitzer Mit gerade mal 19 Jahren hat Hasan Fael eine bemerkenswerte L.PDF,C:\PythonProjects\AfD-project\Corpora\Main Corpus\2025-12\raw_unarchive\Vom Flüchtling zum Restaurant-Besitzer Mit gerade mal 19 Jahren hat Hasan Fael eine bemerkenswerte L.PDF,Vom Flüchtling zum Restaurant-Besitzer Mit gerade mal 19 Jahren hat Hasan Fael eine bemerkenswerte,vom flüchtling zum restaurantbesitzer mit gerade mal 19 jahren hat hasan fael eine bemerkenswerte,Rheinische Post,rheinische post,Mittwoch 31. Dezember 2025,Simon Janßen,S. 28,654,4280,5024ecc134677e5659f2ebbca403152a159d6804,,unique,keep,,no,,no,,,6710,no,,,,,"Simon Janßen
Neuss Die Bilder schießen ihm wieder ins Gedächtnis, als Hasan Fael die Route nachskizziert. „Es war einfach 
schrecklich“, sagt der heute 19-Jährige. Dreht der junge Mann die Zeit bis ins Jahr 2016 zurück, dann erinnert er 
sich an Dinge, die ein Zehnjähriger nicht erleben sollte.
Vor rund neun Jahren fasst seine Familie den Entschluss, aus dem vom Bürgerkrieg geplagten Syrien zu fliehen. 
Das Ziel: Deutschland. „Es war der Kindheitstraum meines Vaters, hier zu leben und zu arbeiten“, sagt Hasan Fael. 
Die gefährliche – und zu weiten Teilen illegale – Reise startet zu Fuß und per Auto durch die Berge bis in die 
Türkei. In Izmir begibt sich Familie Fael mit rund 50 weiteren Menschen in ein viel zu enges Schlauchboot, das sie 
zunächst auf eine griechische Insel bringt. Von Athen aus geht es mit Schleppern über die bulgarische Grenze, 
dann durch den Wald nach Serbien. „Dort wurden wir von der Polizei in Empfang genommen und kamen erstmal 
zwei Tage ins Gefängnis“, erinnert sich der Neusser. Wenig später kann die Familie ihre Reise fortsetzen. Über 
Ungarn geht es – erneut mit Schleppern – nach Österreich und von dort aus nach Deutschland in ein 
Flüchtlingslager in Thüringen.
Dezember 2025 an der Oberstraße in Neuss: Hasan Fael, ein eloquenter junger Mann, sitzt vor dem Tresen des 
Schnell-Restaurants „Prime Burger“ und berichtet über die nächsten Schritte, die in seinem Leben anstehen: Abitur 
an der Comenius-Gesamtschule, dann soll ein Studium folgen. Im Mai dieses Jahres, da war er gerade mal 18 

Vom Flüchtling zum Restaurant-Besitzer Mit gerade mal 19 Jahren hat Hasan Fael eine bemerkenswerte 
Lebensgeschichte hinter sich. Als Zehnjähriger flüchtet er mi....
Jahre alt, eröffnete der Neusser zusammen mit seinem Bruder Mustafa (20) den Burgerladen am Rande der 
Innenstadt.
Seine Lebensgeschichte, so ist im Gespräch mit ihm zu spüren, erfüllt ihn mit Stolz. Doch sein Weg vom Flüchtling 
zum angehenden Abiturienten mit eigenem Restaurant sei nur eine von zahlreichen Erfolgsbeispielen von 
Menschen, die sich in Deutschland unter erschwerten Bedingungen und gegen alle Widerstände eine eigene 
Identität aufgebaut haben.
Umso betroffener habe Hasan Fael zuletzt die „Stadtbild“-Debatte gemacht. Zur Erinnerung: In einer 
Pressekonferenz hatte Bundeskanzler Friedrich Merz im Herbst dieses Jahres „Probleme im Stadtbild“ mit 
Abschiebungen und Migrationsfragen in Zusammenhang gesetzt. Auf Nachfrage, was er genau damit gemeint 
habe, entgegnete er: „Fragen Sie mal Ihre Töchter…“ – was die Debatte weiter anheizte. Es kam sogar zu 
Massendemonstrationen unter dem Motto „Wir sind die Töchter/Das Stadtbild gehört uns“, bei denen eine breite 
politische Mitte vertreten war, die sich gegen spaltende Rhetorik aussprach.
„Mit der Aussage wurden alle Menschen, die aus einem fremden Land kommen, in eine Schublade gesteckt“, sagt 
auch Hasan Fael. Ausgrenzung sei ihm in seinem Leben immer wieder begegnet. Zum Beispiel in seiner 
Anfangszeit in Thüringen, als er in der Grundschule „der einzige Ausländer“ war, wie er sagt.
Dass er es zu einem perfekt Deutsch sprechenden Jung-Unternehmer gebracht hat, ist auch der Arbeitsmoral und 
dem Kampfgeist seiner Familie zu verdanken. Um finanzielle Entlastung zu schaffen – mittlerweile sind die Faels 
vom Flüchtlingsheim in eine eigene Wohnung gezogen – macht sich der Vater auf den Weg in den Rhein-Kreis 
Neuss, wo er in der Lebensmittelfirma eines früheren Chefs arbeitet. Später holt er die Familie nach Neuss – wo sie 
bis heute lebt.
Für andere Essen zuzubereiten, so sagt Hasan Fael, habe ihn immer fasziniert. Deshalb werde er auch nach 
seinem Studium seinen Gastro-Traum weiterleben. In jenem Restaurant, das es nun führt, war übrigens zuvor 
bereits ein Burgerladen. „Ich habe lange nach einem passenden Objekt gesucht und dann auch gefunden“, sagt er. 
Durch die Übernahme hat der junge Mann somit einen weiteren Leerstand in der City verhindert – und auch so 
etwas Gutes fürs Stadtbild getan.
Vom Flüchtling zum Restaurant-Besitzer Mit gerade mal 19 Jahren hat Hasan Fael eine bemerkenswerte 
Lebensgeschichte hinter sich. Als Zehnjähriger flüchtet er mi....
Link to PDF
Graphic
 
Hasan Fael steht vor seinem Restaurant „Prime Burger“ an der Oberstraße in Neuss. Foto: jasi"
2025-12,Main Corpus,2025-12(113).ZIP,Von Söder ausgezeichnet und des Landes verwiesen.PDF,C:\PythonProjects\AfD-project\Corpora\Main Corpus\2025-12\raw_unarchive\Von Söder ausgezeichnet und des Landes verwiesen.PDF,Von Söder ausgezeichnet und des Landes verwiesen,von söder ausgezeichnet und des landes verwiesen,"taz, die tageszeitung",taz die tageszeitung,Freitag 12. Dezember 2025,Dominik Baur,INLAND; S. 6,799,5672,f0e7c6fb4dafa25e272afd8fbf741ac10237e5f3,,unique,keep,,no,,no,,,6880,no,,,,,"Von Dominik Baur
Der Fall des Helden von Aschaffenburg macht die Diskussion um Abschiebungen um ein paar spezielle, aber 
grundsätzliche Fragen reicher. Gemeint ist Ahmed Mohamed Odowaa, der am 22. Januar zum leuchtenden Vorbild 
in Sachen Zivilcourage wurde: Der 30-jährige Flüchtling aus Somalia war an diesem Tag einer der Ersten, die am 
Tatort im Aschaffenburger Park Schöntal waren. Dort hatte gerade ein 28-Jähriger einen Anschlag auf eine 
Kindergartengruppe verübt.
Der Afghane war mit einem Messer auf die Gruppe losgegangen. Dabei tötete er einen zweijährigen Jungen aus 
Marokko und einen 41-jährigen Deutschen, der sich ihm in den Weg stellte. Ein weiteres Kind und zwei 
Erwachsene wurden verletzt. Der Täter war offensichtlich psychisch krank, in einem Sicherungsverfahren ordnete 
das Landgericht Aschaffenburg mittlerweile seine dauerhafte Unterbringung in einer geschlossenen Anstalt an.
Odowaa hatte den Fliehenden gemeinsam mit einem anderen Mann verfolgt. Während der andere die Polizei per 
Handy lotste, blieb Odowaa dem Täter auf den Fersen. An einer nahegelegenen Bahnstrecke schließlich konnte die 
Polizei diesen auf den Gleisen festnehmen. Von Markus Söder bekam Odowaa für sein engagiertes Eingreifen 
zunächst einen Dankesbrief, etwas später auch noch die Christopherus-Medaille. Vonseiten des bayerischen 
Innenministeriums hieß es, Odowaa habe in herausragender Weise Entschlossenheit und Mut bewiesen und sich 
um Aschaffenburg und Bayern verdient gemacht und ein Beispiel für Zivilcourage gegeben, das Anerkennung und 
höchsten Respekt verdient .
Als es dann hieß, ausgerechnet Odowaa müsse das Land verlassen, könnte gar abgeschoben werden, war die 
Empörung groß. Innerhalb weniger Tage unterzeichneten zigtausende Menschen Petitionen, die forderten, der 
Somalier müsse hierbleiben dürfen. Odowaa war über Italien eingereist, wo er bereits registriert worden war. Laut 
Dublin-Abkommen ist daher auch Italien für die Bearbeitung seines Asylantrags zuständig, die Bundesrepublik kann 
ihn demnach dorthin abschieben. Zunächst konnten die Wogen allerdings geglättet werden: Das Innenministerium 
wies darauf hin, der Mann habe eine Duldung, er müsse also zunächst nicht das Land verlassen zumal er auch 
ein wichtiger Zeuge im Verfahren gegen den Täter sei.

Von Söder ausgezeichnet und des Landes verwiesen
Nachdem das Verfahren gegen den Täter mittlerweile abgeschlossen ist, soll Odowaa nun aber doch wieder das 
Land verlassen. Nicht in erster Linie, weil er als Zeuge nicht mehr gebraucht werde, sondern vielmehr, weil er laut 
der Regierung von Unterfranken die ihm eröffnete Chance, aus eigener Kraft die Voraussetzungen für ein 
dauerhaftes Bleiberecht zu schaffen und sich insbesondere eine Arbeitsstelle zu suchen, nicht genutzt habe. Eine 
genehmigte Beschäftigung habe er nicht angetreten und auch keinen neuen Antrag auf Genehmigung einer 
Erwerbsfähigkeit gestellt, teilte die Behörde mit. Ohne Arbeit aber gebe es keine dauerhafte Bleibeperspektive. Es 
sei die wichtigste Voraussetzung für einen Aufenthaltstitel, dass jemand seinen Lebensunterhalt selbst bestreite. 
Das Innenministerium unterstrich diese Haltung ebenfalls: Odowaa zeige keine Bereitschaft zur Arbeitsaufnahme 
und sei bis heute vollumfänglich auf Sozialleistungen angewiesen.
Die Behörden führen noch einen anderen Punkt an, der sie offenbar davon abhält, gegenüber Odowaa trotz seiner 
Zivilcourage in besonderem Maße Kulanz walten zulassen: Der Somalier habe zuletzt ein zunehmend 
problematisches Verhalten an den Tag gelegt. So sei er im Umgang mit Mitarbeitern des Landratsamtes und seiner 
Unterkunft sehr aggressiv geworden. Einmal habe er nach einem Wutausbruch im Landratsamt, bei dem es zu 
Gewalt gegen Mobiliar gekommen sei, vom Sicherheitsdienst aus dem Gebäude gebracht werden müssen. Er 
habe dort nun Hausverbot. Auch auf zwei Delikte, wegen derer Odowaa jeweils zu einer Geldstrafe verurteilt 
worden war, verweist das Innenministerium. Die Konsequenz heißt in den Augen der Behörden also: Zurück nach 
Italien!
Ist Deutschland also bald um einen Helden ärmer? Ist es sieht man einmal gänzlich von der Frage ab, was von 
der Sinnhaftigkeit und Effektivität des Dublin-Abkommens im Speziellen und Abschiebungen im Allgemeinen zu 
halten ist moralisch vertretbar, jemanden, der sich solchermaßen des Landes verdient gemacht hat wie Ahmed 
Mohamed Odowaa, eben dieses Landes zu verweisen? Und lassen sich Zivilcourage und Gewalttätigkeit im 
Umgang mit Möbelstücken gegeneinander aufrechnen?
Es sei doch ganz einfach, meint beispielsweise die Zeit: Heldentum eigne sich nicht als Kriterium in der 
Migrationsdebatte. Denn wo Wohlverhalten hier in seiner glänzendsten Form zum Kriterium wird, geschieht 
Abwertung ganz automatisch. Die einen, auch hier Geborene, müssen sich permanent und zuletzt wieder verstärkt 
beweisen. Die anderen heben und senken den Daumen. Migration teile sich nicht in pflegeleicht oder irre, in 
hochwillkommene Arbeitskräfte auf der einen oder Gefährder auf der anderen Seite .
Odowaa selbst sieht sich zunächst einmal ungerechterweise kritisiert. Einem Bericht des örtlichen Main-Echos 
zufolge streitet er ab, sich nicht um einen Job bemüht zu haben. Die Behörden lügen , sagt er und gibt sich 
überzeugt: Sie suchen eine Ausrede, um mich loszuwerden. 
Die Regierung von Unterfranken will die Tür offenbar nicht gänzlich schließen und empfahl Odowaa jetzt, das Land 
freiwillig Richtung Italien zu verlassen. Auf diese Weise könne er einer Abschiebung entgehen und später eventuell 
über ein Fachkräftevisum wieder nach Deutschland kommen, falls er in Italien eine entsprechende Qualifizierung 
erlangt habe."
2025-12,Main Corpus,2025-12(113).ZIP,Warum Syrer mit der Heimkehr zögern Viele helfen beim Wiederaufbau ihrer Heimat   wollen aber noch n.PDF,C:\PythonProjects\AfD-project\Corpora\Main Corpus\2025-12\raw_unarchive\Warum Syrer mit der Heimkehr zögern Viele helfen beim Wiederaufbau ihrer Heimat   wollen aber noch n.PDF,Warum Syrer mit der Heimkehr zögern Viele helfen beim Wiederaufbau ihrer Heimat wollen aber noch nicht,warum syrer mit der heimkehr zögern viele helfen beim wiederaufbau ihrer heimat wollen aber noch nicht,Die Welt,die welt,Montag 29. Dezember 2025,Philipp Woldin,Politik; S. 2; Ausg. 250,899,6496,7f55d491dc3e2a9e092aa2c5f460e1d63fa87a81,,unique,keep,,no,,no,,,8949,no,,,,,"Als Syriens Machthaber Baschar al-Assad im Dezember 2024 nach Moskau floh, war Firas Alassil im fernen 
Dortmund elektrisiert. Ich sah für mein Land endlich wieder eine Perspektive , erzählt der Orthopäde, der 2005 für 
seine Facharztausbildung nach Deutschland kam. Sechs Jahre später brach der syrische Bürgerkrieg aus. Eine 
Reise in seine Heimat schien ihm aussichtslos, viel zu gefährlich.
Der Mediziner ließ sich im Ruhrgebiet nieder, eröffnete 2020 in Dortmund eine Praxis. Seitdem flickt er 
Kreuzbänder und behandelt ausgekugelte Schultern. Er wurde heimisch, erhielt den deutschen Pass, seine Kinder 
wuchsen hier auf. Mehr als zwölf Jahre lang verfolgte der 52-Jährige die Nachrichten aus seiner zerrütteten Heimat 
nur aus der Ferne. Dann zerbrach das Regime und nun ist alles anders. WELT erreicht Alassil telefonisch am 
Flughafen im türkischen Izmir. Gemeinsam mit seiner Frau, einer Deutschen mit türkischer 
Einwanderungsgeschichte, und seinen drei Kindern ist er gerade auf der Reise nach Damaskus. Der Nachwuchs 
soll seine familiären Wurzeln kennenlernen, er möchte auch syrische Pässe für die Kinder beantragen.
Wenn Syrer in diesem Jahr in der öffentlichen Debatte in Deutschland eine Rolle spielten, ging es meist um eine 
härtere Migrationspolitik. Bund und Länder bereiten Abschiebeflüge von Straftätern nach Damaskus vor, das 
Bundesinnenministerium spricht dafür sogar mit der Interimsregierung von Präsident Ahmed al-Scharaa, dem 
langjährigen Anführer der islamistischen Rebellengruppe Hai at Tahrir al-Sham (HTS). Am Dienstag wurde das 
erste Mal seit Ausbruchs des Bürgerkriegs 2011 ein syrischer Straftäter in sein Heimatland abgeschoben. Seit 
Ende September prüft das Bundesamt für Migration und Flüchtlinge im Auftrag des Innenministeriums Tausende 
Schutztitel bei Syrern in Deutschland. Bisher kam es zu Widerrufen im mittleren dreistelligen Bereich.
 Wer soll Syrien aufbauen, wenn nicht die Syrer so formulierte Bundesinnenminister Alexander Dobrindt (CSU) 
die grundsätzliche Marschroute der Bundesregierung. Doch sehen Syrer in Deutschland das genauso? Rund 
950.000 Menschen mit syrischer Staatsbürgerschaft leben heute in Deutschland und ihre Bereitschaft scheint 
gering, in die kriegsversehrte Heimat zurückzukehren: Bis Ende Oktober sind nur knapp 3000 Menschen mit 
finanzieller Unterstützung freiwillig ausgereist. Viele scheinen abzuwarten, ob sich die Sicherheitslage im Land 

Warum Syrer mit der Heimkehr zögern Viele helfen beim Wiederaufbau ihrer Heimat wollen aber noch nicht 
dauerhaft ins Heimatland zurück
stabilisiert. Dazu kommt: Wer in seinen Heimatort reist, etwa um zu klären, ob das Elternhaus noch steht, riskiert 
seinen Aufenthalt in Deutschland.
Sein erster Eindruck: Das Gesundheitssystem liegt am Boden, es herrschen mittelalterliche Zustände. Den 
Menschen fehle das Nötigste. Besonders Operationen für Herzpatienten werden gebraucht, etwa Katheter. Ein 
Stockwerk des Krankenhauses hätten sie bisher ausstatten können, acht Ärzte arbeiteten dort. Sie würden aus 
Spenden bezahlt. Reguläre Löhne zahlt die Interimsregierung bisher nicht. Alassil reiste im Tross des aktuellen 
syrischen Gesundheitsministers mit, beide kennen sich aus Deutschland. Der Minister, Musaab Alali, arbeitete 
jahrelang als Neurochirurg in Hessen, besitzt den deutschen Pass und gehört nun dem syrischen Kabinett an.
Die Lage in seinem Geburtsort habe sich etwas stabilisiert, sagt der Dortmunder Orthopäde Alassil über seinen 
ersten Besuch. Nur nachts sei er lieber zu Hause geblieben, die Lage sei zu gefährlich gewesen. Dies lässt sich 
über viele Gegenden im Land sagen. Das fragile Post-Bürgerkriegs-Syrien gleiche weiter einem Pulverfass , zu 
diesem Ergebnis kam ein Gutachten der Wissenschaftlichen Dienste des Bundestages von Ende August. Immer 
wieder gab es demnach in diesem Jahr Massaker an Minderheiten wie Alawiten, Drusen und Kurden. Eine 
Involvierung von Soldaten der derzeitigen syrischen Armee, von Kämpfern mit der Regierung affiliierter Milizen 
sowie der syrischen Sicherheitskräfte in Massaker und Menschenrechtsverletzungen ist regelmäßig gegeben , 
heißt es im Gutachten.
Auch wegen solcher Berichte ist es für Mohamed Said ausgeschlossen, nach Syrien zu reisen. Zurzeit ist das Land 
ein Gottesstaat. Es gibt keine Gesetzlichkeit , sagt der Kinderarzt aus Hamburg-Blankenese, der der religiösen 
Minderheit der Drusen angehört. Moderate, kritisch denkende Menschen können nicht zurück. Der 76-Jährige 
spielt damit auf die radikalen Wurzeln der Interimsregierung an. Der syrische Präsident Ahmed al-Scharaa ist der 
frühere Anführer der HTS, die ursprünglich der mit al-Qaida verbundenen Terrororganisation al-Nusra entstammt. 
Heute hat der Interimspräsident seinen Kampfnamen Abu Mohammed al-Jolani abgelegt und gibt sich als 
geläuterter Staatsmann.
Said lebt schon seit 1967 in Deutschland, in den Hamburger Elbvororten ist der längst eingebürgerte Mediziner eine 
Institution. Während der Regentschaft von Assad sei er zweimal pro Jahr ins Land damals ein Spitzel- und 
Überwachungsstaat gereist, versorgte und behandelte arme Menschen . 1949 wurde Said in Suweida geboren, 
einer 60.000-Einwohner-Stadt etwa 100 Kilometer südlich der Hauptstadt Damaskus und einer der Hochburgen 
der Drusen. Sunnitisch-beduinische Stämme massakrierten hier im vergangenen Sommer Tausende Menschen, 
teilweise unterstützt von der syrischen Armee und regierungsnahen Milizen. Die oft islamistischen Kämpfer 
plünderten und zerstörten in der Provinz viele Dörfer.
Der Hamburger Kinderarzt hat viel Geld in Immobilien in seiner Heimatregion investiert diese Investition sei nun 
unwiederbringlich verloren, sagt Said. Es ist eine Katastrophe, was in Syrien passiert. Der Dortmunder Orthopäde 
Alassil gehört keiner Minderheit an, er ist sunnitischer Muslim wie viele Mitglieder der syrischen Interimsregierung. 
Er sieht die Lage des Landes etwas anders: Es stimmt, die Situation ist weiter kompliziert. Die verschiedenen 
Ethnien haben sich die letzten 50 Jahre gegenseitig bekriegt. Es braucht Zeit, um das Gegenüber zu verstehen. Er 
wünsche sich einen demokratischen syrischen Staat, ein einheitliches Gebilde, und wolle daran mitarbeiten.
Original Gesamtseiten-PDF
Original Gesamtseiten-PDF
Graphic
 
In Deutschland eingebürgerte Syrer: Kinderarzt Mohamed Said (l.) und Orthopäde Firas Alassil
Warum Syrer mit der Heimkehr zögern Viele helfen beim Wiederaufbau ihrer Heimat wollen aber noch nicht 
dauerhaft ins Heimatland zurück"
2025-12,Main Corpus,2025-12(113).ZIP,Weniger Tatverdächtige Migration Das Bundeskriminalamt legt Zahlen über die Kriminalität von Mensche.PDF,C:\PythonProjects\AfD-project\Corpora\Main Corpus\2025-12\raw_unarchive\Weniger Tatverdächtige Migration Das Bundeskriminalamt legt Zahlen über die Kriminalität von Mensche.PDF,"Weniger Tatverdächtige Migration Das Bundeskriminalamt legt Zahlen über die Kriminalität von Menschen vor,",weniger tatverdächtige migration das bundeskriminalamt legt zahlen über die kriminalität von menschen vor,Südwest Presse,südwest presse,Dienstag 9. Dezember 2025,,THEMEN DES TAGES / POLITIK; S. 2; Band 81; Ausg. 284,433,3137,4a433dca2bf7d7b2e4a14c34fdbd8b34df9870fe,,unique,keep,,no,,no,,,4790,no,,,,,"Wiesbaden. Die Zahl von Tatverdächtigen mit einem Migrationshintergrund ist 2024 gesunken. Das geht aus dem 
Lagebild des Bundeskriminalamts (BKA) „Kriminalität im Kontext von Zuwanderung“ hervor. Jeder elfte 
Tatverdächtige ist demnach Zuwanderer, rund 10 Prozent der Opfer von Mord und Totschlag ebenso.
Um wen geht es im Lagebild?Â Um Asylbewerber, Schutzberechtigte, Asylberechtigte, Kontingentflüchtlinge, 
Geduldete und um Ausreisepflichtige.
Was sagt die Statistik aus?Â Etwa, dass die Zahl der tatverdächtigen Zuwanderer im Vergleich zu 2023 um 3,6 
Prozent abgenommen hat. Eine entscheidende Rolle spielte dabei die Teillegalisierung von Cannabis, da einige 
einstige Straftaten nicht mehr als solche gelten. „Die in diesem Lagebild genannten Vorjahresvergleiche für den 
Bereich der Allgemeinkriminalität sind daher nur beschränkt aussagekräftig“, steht in dem Bericht.
Sind die tatverdächtigen ZuwanÂderer wirklich alle kriminell?Â Nicht unbedingt. „Erfasst werden die der Polizei 
bekannt gewordenen und durch sie endbearbeiteten Straftaten bei Abgabe an die Staatsanwaltschaft“, heißt es in 
dem Papier des Bundeskriminalamts. Es gibt auch einige Faktoren, die das Bild beeinflussen. So werden Straftaten 
von Ausländern häufiger angezeigt als andere. Und es kommt zu Anzeigen in Asylbewerberunterkünften, weil die 
dortigen Bedingungen zu vielen Konflikten führen. Gleichzeitig ist von einer hohen Dunkelziffer in bestimmten 
Kriminalitätsfeldern auszugehen, etwa bei der Organisierten Kriminalität.
Was fällt ansonsten bei der Allgemeinkriminalität auf?Â Dass der Anteil der Tatverdächtigen aus den 
entscheidenden Herkunftsländern ungefähr ihrem prozentualen Anteil an den Geflüchteten insgesamt entspricht. 
Mit einer Ausnahme: Ukrainer machen knapp 36 Prozent der Geflüchteten aus, aber nur knapp 13 Prozent der 
tatverdächtigen Zuwanderer.
Wie sieht es beim Thema Gewalt aus?Â „Die Zahl der tatverdächtigen Zuwanderinnen/Zuwanderer im Bereich der 
Rohheitsdelikte und Straftaten gegen die persönliche Freiheit nahm auch im Jahr 2024 zu, jedoch mit 3,8 Prozent 
weitaus weniger stark als im Vorjahr, als ein Anstieg von 19,7 Prozent zu verzeichnen gewesen war“, schreibt das 
BKA. Ganz vorn bei Rohheitsdelikten liegen in der Statistik syrische Staatsbürger mit einem Zuwachs von über 10 
Prozent.

Weniger Tatverdächtige Migration Das Bundeskriminalamt legt Zahlen über die Kriminalität von Menschen vor, 
die in Deutschland Schutz gesucht haben.
Hat der Rückgang der AsylbewerÂberzahlen zu einem Rückgang der ÂKriminalität geführt?Â Nein, ein Âsolcher 
Zusammenhang lässt sich nicht herstellen. Insgesamt wuchs die Zahl der in Deutschland leÂbenden Flüchtlinge 
von 2023 bis 2024 noch einmal um 4,3 Prozent auf erstmals etwas mehr als drei Millionen.
⇥André Bochow
Link zum PDF-Dokument
Link zum PDF-Dokument
Graphic
 
Prozess nach Messerangriff: Der Angeklagte Wassim Al M. sitzt im Kriminalgericht Berlin-Moabit. Der syrische 
Flüchtling soll am 21. Februar aus islamistischen und antisemtischen Motiven auf einen Besucher des Holocaust-
Mahnmals in Berlin eingestochen haben. ⇥Foto: Sebastian Christoph Gollnow/dpa"
2025-12,Main Corpus,2025-12(113).ZIP,Wo derzeit Flüchtlinge untergebracht sind In Vorst wird derzeit eine Container-Anlage für Geflüchtet.PDF,C:\PythonProjects\AfD-project\Corpora\Main Corpus\2025-12\raw_unarchive\Wo derzeit Flüchtlinge untergebracht sind In Vorst wird derzeit eine Container-Anlage für Geflüchtet.PDF,Wo derzeit Flüchtlinge untergebracht sind In Vorst wird derzeit eine Container-Anlage für Geflüchtete gebaut.,wo derzeit flüchtlinge untergebracht sind in vorst wird derzeit eine containeranlage für geflüchtete gebaut,Rheinische Post,rheinische post,Samstag 20. Dezember 2025,Marc Schütz,S. 25,784,5548,bc8fb334b8bb278a2725ee44d2300064565b8cc7,,unique,keep,,no,,no,,,6726,no,,,,,"Marc Schütz
Tönisvorst Die Stadt Tönisvorst arbeitet daran, dass die beiden als Flüchtlingsunterkünfte genutzten Sporthallen 
wieder Vereinen und Schulen zur „normalen“ Nutzung zur Verfügung stehen. In der Hans-Hümsch-Halle in Vorst, 
die seit Ende 2023 als Unterkunft genutzt wurde, wohnen seit dem 10. Dezember keine Menschen mehr; sie wird 
jetzt für die Nutzung als Sporthalle vorbereitet. Bis die Rosental-Halle in St. Tönis, die seit Herbst 2022 eine 
Flüchtlingsunterkunft ist, wieder für den Sport genutzt werden kann, werden aber wohl noch einige weitere Monate 
vergehen.
„Als Kommune stehen wir in der Verantwortung, sowohl den Schutz und die Unterstützung der Geflüchteten zu 
gewährleisten als auch die berechtigten Bedürfnisse unserer Schülerinnen und Schüler sowie der Vereine zu 
berücksichtigen. Besonders die zügige Freigabe der Sporthallen ist dabei ein zentrales Anliegen, um den 
schulischen und vereinsbezogenen Aktivitäten wieder den nötigen Raum zu geben“, so Stadtsprecherin Catharina 
Perchthaler auf Nachfrage unserer Redaktion. Insgesamt seien derzeit 516 Menschen in den städtischen 
Flüchtlingsunterkünften untergebracht. Durchschnittlich erhalte die Stadt Tönisvorst unverändert zehn Zuweisungen 
im Monat, informierte der zuständige Fachbereichsleiter Sinan Aydin in der jüngsten Stadtratssitzung.
Die zuletzt 36 Bewohner, die in der Hans-Hümsch-Halle in Vorst untergebracht waren, wohnen inzwischen in der 
ehemaligen Kita am Grünen Weg in Vorst, informiert die Stadt. Damit die Halle wieder für den Sport zur Verfügung 

Wo derzeit Flüchtlinge untergebracht sind In Vorst wird derzeit eine Container-Anlage für Geflüchtete gebaut. 
Wenn sie fertig ist, sollen dort die Menschen aus ....
stehen kann, sind einige Arbeiten nötig. „Die Ausschreibungen für die Beauftragung von Handwerkern werden 
gerade erstellt. Sobald die Auftragsvergabe gelaufen ist, wissen wir mehr“, so die Stadt.
Am Ortseingang von Vorst, auf dem Parkplatz des Sportplatzes gelegen, wird derzeit eine neue, zweigeschossige 
Container-Anlage für die Unterbringung von rund 70 Geflüchteten errichtet. Diese sei notwendig, um später die 
Rosental-Halle in St. Tönis wieder für den Sport nutzen zu können, so die Stadt. Die Container-Anlage in Vorst soll 
voraussichtlich Anfang Februar 2026 bezugsfertig sein. Die Nutzungsdauer der gemieteten Anlage ist laut Stadt auf 
zwei Jahre ausgelegt. 350.000 Euro kostet der Aufbau, 331.000 Euro betragen die Mietkosten für 24 Monate, der 
Rückbau ist mit 52.000 Euro veranschlagt. Die Rosental-Halle in St. Tönis „kann erst freigezogen werden, wenn die 
Anlage am Sportplatz steht. Erst dann können entsprechend Aufträge sondiert und ausgeschrieben werden“, so 
Stadtsprecherin Catharina Perchthaler.
Die Stadt versuche nach Möglichkeit, den Wohnraum für Schutz suchende Menschen in Wohnhäusern 
bereitzustellen – mit meist je zehn Personen. Darüber hinaus gibt es eine große Unterkunft mit Platz für rund 150 
Personen am Stadtrand sowie aktuell eine Anlage mit Containern hinter der Rosental-Halle. „75 Bewohner leben in 
der Rosental-Halle, 100 in der Containeranlage“, so Perchthaler.
Mit der Unterbringung Geflüchteter, die viele Kommunen vor finanzielle und organisatorische Probleme stelle, sei 
es allerdings nicht getan, so Sinan Aydin. Er sieht eine „Bugwelle“, was den zusätzlichen Bedarf an sozialem 
Wohnraum betrifft. Und der sei jetzt schon „Mangelware“. Aydin rechnet vor: Von den 516 Menschen, die in den 
Tönisvorster Flüchtlingsunterkünften untergebracht sind, haben 178 bereits einen gültigen Aufenthaltstitel – und 
könnten sich somit nun eine eigene Wohnung suchen, was auch von der Stadt forciert werde.
Der Mangel an bezahlbarem Wohnraum betreffe nicht nur Flüchtlinge, betonte Aydin in der Ratssitzung. Das 
Problem: Allein in Tönisvorst gehe der geförderte Wohnraum um 45 Prozent zurück, „weil diese Wohnungen 
schlicht und ergreifend aus der Förderung fallen“. Die danach steigenden Mieten träfen auch Menschen, die jetzt in 
einer Wohnung leben, für die ein Wohnberechtigungsschein notwendig ist. Spätestens 2035 werde sich die 
Situation zuspitzen, prophezeite Aydin. Die Landesregierung wisse um die Problematik, treibe den sozialen 
Wohnungsbau aber nicht voran, so Aydin im Gespräch mit unserer Redaktion. Aussagen wir die von NRW-
Kommunalministerin Ina Scharrenbach (CDU), die Kommunen hätten in den guten Zeiten ein bisschen das Sparen 
verlernt, ärgerten ihn sehr, so Aydin. Viele Kommunen hätten sich „kaputt gespart“, so der Fachbereichsleiter.
Derzeit elf Unterkünfte in Tönisvorst
Unterkünfte Die Stadt Tönisvorst verfügt derzeit über insgesamt elf verschiedene Unterkünfte für geflüchtete 
Menschen. Fünf davon sind den Familien vorbehalten, drei davon alleinstehenden Männern, und in drei 
Einrichtungen sind die Flüchtlinge gemischt untergebracht, informiert die Stadt.
Familien Zwei Familien mit je drei Personen und zwei Familien mit je vier Personen sind jeweils in einzelnen 
Wohnungen untergebracht.
Wo derzeit Flüchtlinge untergebracht sind In Vorst wird derzeit eine Container-Anlage für Geflüchtete gebaut. 
Wenn sie fertig ist, sollen dort die Menschen aus ....

Wo derzeit Flüchtlinge untergebracht sind In Vorst wird derzeit eine Container-Anlage für Geflüchtete gebaut. 
Wenn sie fertig ist, sollen dort die Menschen aus ....
Link to PDF
Graphic
 
Derzeit wird am Sportplatz in Vorst eine Container-Anlage für 70 Menschen errichtet. Foto: Marc Schütz
Zwei Jahre lang diente die Hans-Hümsch-Halle in Vorst als Flüchtlingsunterkunft. Foto: Marc Schütz"
2025-12,Main Corpus,2025-12(113).ZIP,„Das Asylrecht ist das Herz unserer Verfassung“.PDF,C:\PythonProjects\AfD-project\Corpora\Main Corpus\2025-12\raw_unarchive\„Das Asylrecht ist das Herz unserer Verfassung“.PDF,„Das Asylrecht ist das Herz unserer Verfassung“,das asylrecht ist das herz unserer verfassung,Frankfurter Rundschau,frankfurter rundschau,Donnerstag 11. Dezember 2025,,FRANKFURT; S. 37,491,3637,2fb48a786c729f64a4480be0b95f116bbbf6adba,,unique,keep,,no,,no,,,4779,no,,,,,"Ich habe jeden Tag Angst“, sagt Radhwan Abdullah. Vor vier Jahren kam der Kurde aus dem Irak nach 
Deutschland. Am Dienstagabend, dem Vorabend des Tages der Menschenrechte, berichtet er im Welcome and 
Information Center darüber, wie er sich fühlt, seit er von seiner drohenden Abschiebung erfahren hat.
Verschiedene Fachleute diskutieren an dem Abend auf dem Podium über die Asylpolitik der Bundesregierung mit 
dem Fokus auf Abschiebungen. Organisiert hatte die Diskussion das Diversitätsdezernat von Bürgermeisterin 
Nargess Eskandari-Grünberg (Grüne). 
Abdullahs Familie lebt in Schweden, er selbst durfte dort nicht bleiben. Arbeit fand er in Frankfurt schließlich in der 
Pizzeria „Olbia“. Sein Chef dort, Fabrizio Sanna, unterstützt ihn mit einer Petition für ein Bleiberecht, die er im 
August auf openpetition.de startete. Bis gestern unterschrieben dort 6315 Menschen. 
Kommunen sollen gegensteuern
Einhellig kritisiert das Podium den zunehmenden politischen Druck, Menschen abzuschieben. „Es ist eine brutale 
Situation im Moment“, so die Rechtsanwältin Melisa Ergül-Puopolo von der Abschiebebeobachtung am Frankfurter 
Flughafen, wo die evangelische und die katholische Kirche zusammenarbeiten. So würden Migrantinnen und 
Migranten unter menschenunwürdigen Zuständen am Flughafen ankommen: ein Mann im Nachthemd, Kinder in 
Schlafanzügen. „Und das nur, damit sie den Abschiebeflug noch bekommen“, sagt die Anwältin. 
Die Kommunen müssten gegensteuern, sagt Eskandari-Grünberg. „Es ist in unserer Hand“, dass Menschen, die 
etwa wegen einer begonnenen Ausbildung eine Bleibeperspektive hätten, auch bleiben könnten. Solche 
Spielräume der Kommunen betont auch Maximilian Pichl, Professor für Recht der Sozialen Arbeit an der Frankfurt 
University of Applied Sciences. So könnten Kommunen etwa Beratungsangebote stärken, um Geflüchtete zu 
unterstützen.
Die Bürgermeisterin verweist auf das hiesige Welcome Center, das genau deshalb gegründet worden sei. Ebenso 
wie die neue Beratungsstelle für Geflüchtete zum Familiennachzug, die wie das Welcome Center im Amt für 
multikulturelle Angelegenheiten angesiedelt ist. Doch auch das zivilgesellschaftliche Engagement sei wichtig, etwa, 
wenn sich Mitschüler:innen für den Verbleib von Jugendlichen einsetzten.

„Das Asylrecht ist das Herz unserer Verfassung“
Jonathan Leuschner, Rechtsanwalt für Migrationsrecht, sagt: „Der Wind im Alltag ist deutlich rauer geworden.“ So 
wurden 2024 deutschlandweit 22 Prozent mehr Menschen als im Jahr zuvor abgeschoben. Leuschner lenkt den 
Blick auf die überlasteten Ausländerbehörden. In Frankfurt sei das Amt „nicht weit von ziemlich katastrophal 
aufgestellt“. Pichl fragt rhetorisch: „Warum ist die Ausländerbehörde nicht im Welcome Center angesiedelt?“ Im 
Ordnungsamt sei der falsche Platz, sie müsse dort sein, wo man „integrativ denkt“. 
Druck vom Bund schränke die Kommunen zwar ein, so Eskandari-Grünberg. Doch sie betont: „Wir müssen von der 
Ordnungsbehörde hin zur Willkommensbehörde werden. Das Asylrecht ist das Herz unserer Verfassung, kein 
Beiwerk.“
Aufruf
Bürgermeisterin Nargess Eskandari-Grünberg hat einen Aufruf an die Bundesregierung initiiert, dem sich 
Politiker:innen aus 23 Städten angeschlossen haben.
Forderungen darin sind unter anderem eine schnellere Integration in den Arbeitsmarkt, eine solide finanzielle 
Unterstützung für die Aufnahmen und Integration von Geflüchteten, faire Asylverfahren, ein Bleiberecht für 
Geduldete sowie eine personelle Stärkung der Ausländerbehörden.
Der komplette Aufruf istunter frankfurt.de abrufbar, und dort auf den Seiten des Diversitätsdezernats.PZ
Link zum PDF-Dokument"
2025-12,Main Corpus,2025-12(113).ZIP,"„Ein Spiel auf Zeit“ Asylpolitik Mehr als 1200 Afghanen stecken in Pakistan fest, obwohl Deutschland.PDF","C:\PythonProjects\AfD-project\Corpora\Main Corpus\2025-12\raw_unarchive\„Ein Spiel auf Zeit“ Asylpolitik Mehr als 1200 Afghanen stecken in Pakistan fest, obwohl Deutschland.PDF","„Ein Spiel auf Zeit“ Asylpolitik Mehr als 1200 Afghanen stecken in Pakistan fest, obwohl Deutschland ihnen",ein spiel auf zeit asylpolitik mehr als 1200 afghanen stecken in pakistan fest obwohl deutschland ihnen,Südwest Presse,südwest presse,Freitag 12. Dezember 2025,,SÜDWESTUMSCHAU; S. 6; Band 81; Ausg. 287,834,6101,b96262ad75fa5c117cbbddf114ff63329fc2dfdf,,unique,keep,,no,,no,,,8142,no,,,,,"Jetzt rast die Zeit. Die pakistanische Regierung will zum Jahresende wahllos Afghanen abschieben, die seit 
Monaten, ja Jahren, in Gästehäusern darauf warten, dass die Bundesregierung ihre Aufnahmezusagen auch 
wahrmacht. Verzögerten zunächst aufwändige Sicherheitsüberprüfungen, ist es seit dem Antritt der schwarz-roten 
Bundesregierung der schiere politische Wille.
„Die neue Bundesregierung lässt die Verfahren totlaufen“, sagt die Ulmer Anwältin Maria Kalin. Sie vertritt mehrere 
Familien, die in Islamabad auf die Einlösung der Zusage warten. Auch ihr Kollege Markus Niedworok, Rechtsanwalt 
in Tübingen, spricht von einem „Spiel auf Zeit“. Er hat erhebliche Zweifel daran, dass die ausstehenden Verfahren 
noch rechtzeitig abgeschlossen werden können. Deutschland und Pakistan haben in einer „Gemeinsamen 
Absichtserklärung“ festgehalten, dass alle noch offenen Verfahren bis zum 31. Dezember 2025 abgeschlossen 
sind.
Tübinger Verein unterstützt
Rund 1200 Menschen, die Zusagen im Rahmen des Bundesaufnahmeprogramms und des Ortskräfteverfahrens 
haben, harren derzeit in Islamabad und Peschawar aus. 14 davon unterstützt der Tübinger Menschenrechtsverein 
„move.on“. Fünf Familien gelang mit dieser Hilfe die Einreise, darunter auch der Familie der afghanischen 
Rechtsanwältin Khojasta Wasiq, die dieser Tage in Tübingen eingetroffen ist. „Als Verein waren wir da erfolgreich“, 
sagt Geschäftsführer Andreas Linder. Doch es ändert nichts daran, dass weitere Familien in Angst und 
Verzweiflung verharren. Wie die Angehörigen von Morssal Omari. Die 43-Jährige lebt seit 1999 in Baden-
Württemberg und hofft auf ein Wiedersehen mit ihren Eltern und der Familie ihres Bruders.
„Diese Familie könnte längst in Deutschland sein“, sagt Linder. Doch weil deutsche Behörden für die jüngste 
Tochter des Bruders einen DNA-Test verlangten, weil ihnen die vorgelegte Geburtsurkunde nicht ausreichend 
erschien, und die Familie anschließend bei Terminen für Sicherheitsinterviews von Monat zu Monat vertröstet 
wurde, zog und zog sich das Verfahren. Schließlich wurden – jetzt ganz frisch – auch noch Aussagen aus dem 
Sicherheitsgespräch missinterpretiert. Der Aufnahmeantrag wurde nach zwei Jahren Warten vor kurzem abgelehnt, 
Anwälte legten daraufhin Widerspruch ein.

„Ein Spiel auf Zeit“ Asylpolitik Mehr als 1200 Afghanen stecken in Pakistan fest, obwohl Deutschland ihnen 
eine Aufnahme zugesagt hat. Betroffene und ihre Famil....
„Da versucht jemand, ein Haar in der Suppe zu finden“, sagt Linder. Ihren Eltern habe sie die schlechte Nachricht 
noch nicht sagen können, sagt Morssal Omari. „Ich weiß nicht, ob sie das verkraften.“ Alle Zelte in Afghanistan hat 
die Familie nach der Aufnahmezusage abgebrochen, allen Besitz veräußert. Eine Rückkehr in das Land der Taliban 
sei für ihre Schwägerin, eine frühere Frauenaktivistin, undenkbar. Morssal Omari: „Das wäre die Übergabe an den 
Tod.“
Es ist nicht der einzig knifflige Fall. Anwalt Niedworok erzählt von Hamidulla Khan Qalandarzai, einem ehemaligen 
Gouverneur und Führungskraft der sozialdemokratischen Partei Afghan Mellat. Der Mann hat bereits mehrere 
Anschläge der Taliban überlebt. Deshalb wurde er in das Schutzprogramm aufgenommen. Doch auch diese 
Familie steckt fest in Pakistan. Der Grund: Korruptionsverdacht.
Ein US-Gratisblatt, „Washington Examiner“, hatte über den gleichnamigen Inhaber einer Baufirma berichtet, der in 
dunkle Geschäfte verwickelt gewesen sein soll. „Die Fakten hätten sich leicht überprüfen lassen“, sagt Anwalt 
Niedworok. Daran habe wohl kein Interesse bestanden. Vielleicht hänge das damit zusammen, dass man jetzt 
mehr Freund sei mit der Taliban, sodass man deren Gegner diffamieren könne, fügt er bitter hinzu.
Pakistan will rasch abschieben
Was es bedeutet, wenn, wie angekündigt, Menschen wie der Familie Omari jetzt die Unterbringung im Gästehaus 
aufgekündigt wird, und pakistanische Sicherheitskräfte auf die unwillkommen „Gäste“ zugreifen können, mag sich 
im Moment keiner vorstellen. Die pakistanische Regierung habe bereits angekündigt, alle Menschen mit deutscher 
Aufnahmezusage ab Januar 2026 nach Afghanistan abzuschieben. „Glück“ sei da im Moment, dass Islamabad 
gerade die Grenze zum Nachbarland von sich aus geschlossen habe, meint Peter Linder. Doch eine Sicherheit 
bietet das nicht. „Ich kann nicht akzeptieren, dass ein Rechtsstaat nicht hält, was er versprochen hat“, sagt Anwältin 
Kalin. Und: „Hier wird Politik auf dem Rücken von Menschen ausgetragen, die viel geleistet haben.“
Dass die Hinhaltetaktik der deutschen Politik untragbar ist, hat Anfang Dezember auch das 
Bundesverfassungsgericht beschieden. Von der Bundesregierung verlangte es, sofort über ausstehende Visa zu 
entscheiden. Ob die Wartenden damit wirklich nach Deutschland kommen dürfen, geht aus dem Beschluss nicht 
hervor. Vor allem für Personen, die über die sogenannte Menschenrechtsliste und das Überbrückungsprogramm 
auf eine Ausreise hoffen, sieht es schlecht aus.
„Kein Interesse an Aufnahme“
Die Bundesregierung will einem Teil der Afghaninnen und Afghanen, die in Pakistan noch auf eine Aufnahme nach 
Deutschland warten, eine Absage erteilen. Personen, die im Überbrückungsprogramm sind und auf der 
Menschenrechtsliste stehen, werde in den nächsten Tagen mitgeteilt, dass „kein politisches Interesse zur 
Aufnahme mehr vorliegt“, heißt es aus dem Innenministerium. Hoffnung machen können sich circa 90 ehemalige 
Ortskräfte deutscher Institutionen sowie rund 580 Menschen, die eine entsprechende Zusage über das sogenannte 
Bundesaufnahmeprogramm für besonders gefährdete Menschen erhalten haben. Aber auch dort werde Personen 
die Einreise nicht gestattet, falls sich bei der vorgeschalteten Überprüfung Sicherheitsbedenken ergeben haben.
„Ein Spiel auf Zeit“ Asylpolitik Mehr als 1200 Afghanen stecken in Pakistan fest, obwohl Deutschland ihnen 
eine Aufnahme zugesagt hat. Betroffene und ihre Famil....
Link zum PDF-Dokument
Link zum PDF-Dokument
Graphic
 
Vereinzelt sind Afghanen, die eine Aufnahmezusage haben, in den vergangenen Monaten in Deutschland 
angekommen. Viele warten noch."
