batch_id,corpus_name,source_archive,file_name,file_path,title_original,title_normalized,publication,publication_normalized,date,byline,section,word_count,body_char_count,body_hash_exact,duplicate_group_id,duplicate_category,keep_drop_review,drop_reason,kept_representative_of_group,representative_selection_reason,malformed_flag,malformed_reason,notes,raw_text_chars,low_value_flag,low_value_reason,exact_duplicate_group,near_duplicate_group,repeated_variant_group,body_text
2022-07,Main Corpus,2022-07(50).ZIP,2000 neue Plätze für Flüchtlinge Hamburg kommt bei der Unterbringung von Menschen aus der Ukraine an.PDF,C:\PythonProjects\AfD-project\Corpora\Main Corpus\2022-07\raw_unarchive\2000 neue Plätze für Flüchtlinge Hamburg kommt bei der Unterbringung von Menschen aus der Ukraine an.PDF,2000 neue Plätze für Flüchtlinge Hamburg kommt bei der Unterbringung von Menschen aus der Ukraine an,2000 neue plätze für flüchtlinge hamburg kommt bei der unterbringung von menschen aus der ukraine an,Die Welt,die welt,Freitag 29. Juli 2022,Lno,Hamburg; S. 16; Ausg. 146,596,4313,6fef2c27071e8fbeea08144b63d1457b077ced61,,unique,keep,,no,,no,,,5534,no,,,,,"Angesichts des anhaltenden Zuzugs von Schutzsuchenden aus der Ukraine wird Hamburg bis Jahresende 
mindestens weitere 2000 Plätze für Flüchtlinge in öffentlicher Unterbringung schaffen. Diese Zahl ergebe sich allein 
aus den aktuell schon entschiedenen oder bereits in Umsetzung befindlichen Maßnahmen zur Erweiterung der 
Unterbringungskapazität, sagte Martin Helfrich, Sprecher der Sozialbehörde. Allerdings sei dieser Aufwuchs 
""angesichts der kontinuierlichen Zugangszahlen nach wie vor nicht ausreichend"".
Deshalb arbeite die Stadt mit Hochdruck daran, weiteren Raum oder Flächen für die Unterbringung zu finden. 
Mehrere Dutzend Objekte würden derzeit näher geprüft. ""Im Verlauf der kommenden Monate sollen je nach Bedarf 
aufgrund der Zugangssituation mehrere Hundert weitere Plätze durch Verdichtung, Ausbau bestehender 
Unterkünfte, Aufbau neuer Unterkunftsstandorte sowie Anmietung und gegebenenfalls Umrüstung bestehender 
Gewerbeflächen und Immobilien geschaffen werden."" Unterdessen ist die erste von fünf Notunterkünften in 
Schulsporthallen bezugsbereit. Rund 150 Feldbetten, Decken, und Kissen wurden in der Sporthalle der Beruflichen 
Schule Fahrzeugtechnik in Hamm aufgebaut. Die anderen vier Hallen würden vorerst noch in Reserve gehalten. 
""Dort sind wir darauf vorbereitet, binnen weniger Stunden gemeinsam mit den Hilfsorganisationen im Bedarfsfall 
Betten aufzustellen"", sagte Helfrich. Insgesamt gehe es um eine Kapazität von 750 Betten. Wann die Ersten belegt 
werden, stehe noch nicht fest. ""Ich gehe davon aus, dass wir kurzfristig in der Situation sein werden, auch Hallen 
nutzen zu müssen.""
Die Hallen seien aber ""in jeder Hinsicht nur eine kurzfristige Lösung"", sagte er. ""Weil sie uns auch nur kurzfristig 
Luft verschaffen. Und sie sind nur eine kurzfristige Lösung, weil auch die Unterbringung der Menschen in diesen 

2000 neue Plätze für Flüchtlinge Hamburg kommt bei der Unterbringung von Menschen aus der Ukraine an 
ihre Grenzen - und sucht neue Standorte. Nicht immer geling....
Hallen bestenfalls nur kurzfristig erfolgen soll, bis wir bessere Optionen anzubieten haben."" Eine mehrmonatige 
Unterbringung sei nicht das, ""was wir uns vorstellen"".
Eine dieser besseren Optionen könnte zum Beispiel das Gebäude der früheren Postbank-Zentrale in der City Nord 
sein, über dessen Anmietung nach dpa-Informationen verhandelt wird und das eine ähnliche Kapazität bieten 
würde wie die Halle des früheren Fegro-Großmarktes in Harburg, in der rund 750 Menschen untergebracht werden 
können. Zu konkreten Verhandlungen wollte Helfrich sich nicht äußern. Nur so viel: ""Wir suchen gezielt nach 
Objekten, in denen man mehrere Hundert Menschen unterbringen kann.""
Mehr als 13.000 Unterbringungsplätze in öffentlichen Einrichtungen wurden seit Beginn des russischen 
Angriffskrieges in der Ukraine den Angaben zufolge schon geschaffen. Von den geschätzt 25.000 
Schutzsuchenden in der Stadt seien etwa 15.500 auf öffentliche Unterbringung angewiesen. Einige Hundert sind 
auch in den Einrichtungen des Winternotprogramms für Obdachlose untergekommen. Diese Betten würden aber ab 
Oktober wieder für ihre eigentliche Bestimmung benötigt, sagte Helfrich. 1000 Betten stünden in der aus Containern 
errichteten Unterkunft auf dem Parkplatz Braun am Volksparkstadion schon jetzt bereit, sagte Helfrich. Damit ist sie 
schon jetzt die größte der Stadt. Weitere 300 Plätze sollen dort noch hinzukommen.
Zelte, wie sie schon zu Beginn des Krieges als Notbehelf an der Schnackenburgsallee aufgebaut worden waren, 
soll es zumindest vorerst nicht wieder geben, sagte Helfrich. ""Das ist eine Form der Unterbringung, die wir nach 
Kräften vermeiden möchten.""
Zuletzt war die Stadt bei der Suche nach Standorten auch auf Widerstand gestoßen, etwa in Wandsbek. Im 
Hauptausschuss der Bezirksversammlung Wandsbek ging es in dieser Woche um geplante Unterkünfte in Farmsen 
und Duvenstedt, unter anderem auf der dortigen Festwiese. ""Ohne neue Unterkünfte sind spätestens im September 
alle Plätze belegt"", sagt Bezirksamtschef Thomas Ritzenhoff. Das gelte für ganz Hamburg. Doch viele der 
anwesenden Anwohnerinnen und Anwohner wollten dennoch kein Container-Dorf auf ihrem zentralen Platz. SPD 
und Grüne votierten schließlich für den Standort, FDP und Linke trugen das mit.
Original Gesamtseiten-PDF"
2022-07,Main Corpus,2022-07(50).ZIP,500 Euro für den guten Zweck.PDF,C:\PythonProjects\AfD-project\Corpora\Main Corpus\2022-07\raw_unarchive\500 Euro für den guten Zweck.PDF,500 Euro für den guten Zweck,500 euro für den guten zweck,Rheinische Post,rheinische post,Donnerstag 28. Juli 2022,,S. 25,180,1316,ebc7e1ca6065b72b08d6a9b735521147e189f415,,unique,keep,,no,,no,,,1837,no,,,,,"Schiefbahn (RP) Am Ende kamen 500 Euro zusammen, die je zur Hälfte an die Willicher Tafel (zur Unterstützung 
der Flüchtlinge aus der Ukraine) und an die Pink Ribbon Deutschland (eine Brustkrebs-Sensibilisierungskampagne) 
gespendet werden: Die Bogenschützen im TV Schiefbahn haben ihr „Schyffbahner Wiesenturnier“ in diesem Jahr 
einem guten Zweck gewidmet.
Nach dreijähriger Corona-Pause waren 40 Teilnehmer im Alter von 11 bis 65 Jahre aus NRW gekommen. Der 
weitest angereiste Teilnehmer kam aus Denkingen in Baden-Württemberg. Alle Sportlerinnen und Sportler waren 
froh, wieder einmal einen Wettkampf bestreiten zu können.
Die sportlichen Aspekte: Es gab Medaillen in drei Bogenklassen, die in Altersklassen unterteilt waren: Blank-
/Jagdbogen (vier Altersklassen), Recurve (sechs Altersklassen), Compound (vier Altersklassen).
Die Spende wurde in der selbst bestückten Cafeteria und in einem Spendenschwein gesammelt. „Die 
Teilnehmenden zeigten sich sehr großzügig. Sie kannten unsere Idee für die Spende und fanden es gut“, freut sich 
Monika Weyers, die stellvertretende Abteilungsleiterin Bogensport im TV Schiefbahn.
Die Bogenschützen hatten die Aktion Pink Ribbon schon früher unterstützt, Andreas Tinnefeld, Bogensportler beim 
TV Schiefbahn, ist Leiter des Teams Bowjob innerhalb der Awareness-Aktion."
2022-07,Main Corpus,2022-07(50).ZIP,_Verletzliche Frauen idealer Rekrutierungspool für Kriminelle_ Die EU-Koordinatorin für den Kampf ge.PDF,C:\PythonProjects\AfD-project\Corpora\Main Corpus\2022-07\raw_unarchive\_Verletzliche Frauen idealer Rekrutierungspool für Kriminelle_ Die EU-Koordinatorin für den Kampf ge.PDF,"""Verletzliche Frauen idealer Rekrutierungspool für Kriminelle""; Die EU-Koordinatorin für den Kampf gegen den",verletzliche frauen idealer rekrutierungspool für kriminelle die eukoordinatorin für den kampf gegen den,Die Welt,die welt,Montag 4. Juli 2022,Marcel Leubecher,Politik; S. 4; Ausg. 127,860,6175,0c79e8884589057197d4e2f183bd946063fababf,,unique,keep,,no,,no,,,7586,no,,,,,"Unter ""Menschenhandel"" versteht das Bundeskriminalamt (BKA) jede Form des Anwerbens, des Transports und 
des Beherbergens von Personen zum Zweck der Ausbeutung. Die Aufdeckung von Straftaten ist meist schwierig; 
das BKA geht von einem hohen Dunkelfeld aus. Die Mehrzahl der Opfer stammt aus Deutschland sowie aus Ost- 
und Südosteuropa.
WELT:
Frau Schmitt, Sie sind in der EU als Koordinatorin für den Kampf gegen Menschenhandel zuständig. Es gibt 
Hinweise, dass Kriminelle die Notsituation vieler Ukrainerinnen für ihre schmutzigen Geschäfte ausnutzen.
Diane Schmitt:
Als Russland die Ukraine angegriffen hat, haben auch bei uns alle Alarmglocken geschrillt. Denn Ukrainerinnen 
gehören seit vielen Jahren zu den Hauptopfern von Menschenhandel in der EU. Da geht es meist um sexuelle 
Ausbeutung, manchmal auch um Zwangsarbeit. In einer Situation, in der sowohl viele Frauen ohne ihre Männer, als 
auch Kinder nach Polen, Rumänien und andere EU-Länder fliehen, galt es rasch zu reagieren - 
Präventionsprogramme aufzusetzen, Informationskampagnen auszurollen, alle Sicherheitskräfte und die 
Öffentlichkeit für die Gefahren zu sensibilisieren.
Welche Erkenntnisse haben Sie über Menschenhandel mit Ukrainerinnen?
Die intensive Sensibilisierung seitens der EU, der Staaten und der Organisationen der Zivilgesellschaft hat offenbar 
sehr gut funktioniert. Die EU hat auch zum ersten Mal in der Geschichte die Richtlinie über vorübergehenden 
Schutz aktiviert, mit dem Flüchtlinge aus der Ukraine beispielsweise Zugang zum Arbeitsmarkt und medizinische 

""Verletzliche Frauen idealer Rekrutierungspool für Kriminelle""; Die EU-Koordinatorin für den Kampf gegen den 
Menschenhandel warnt vor sexueller Ausbeutung von u....
Unterstützung bekommen. Das verringert Vulnerabilitäten und das Risiko des Menschenhandels. Bisher haben wir 
zum Glück keine Erkenntnisse, dass wesentlich mehr Ukrainerinnen Opfer von Menschenhandel wurden als vor 
dem russischen Angriffskrieg. Europol, Frontex, die nationalen Behörden und Organisationen, aber auch das 
Bundeskriminalamt und das Landeskriminalamt Berlin haben eng mit uns zusammengearbeitet. Es wurde allen 
Hinweisen nachgegangen, und bis heute gibt es nicht sehr viele bestätigte Fälle, dass die Flüchtlinge auch noch 
zum Opfer von Menschenhändlern wurden. Aber wir dürfen uns auf gar keinen Fall zurücklehnen, denn diese 
riesige Gruppe von besonders verletzlichen Frauen und Kindern bietet einen idealen Rekrutierungspool für die 
Kriminellen. Besonders jetzt, wo in einigen Ländern die Unterstützungsbereitschaft abzunehmen droht, weil der 
Krieg sich in die Länge zieht.
Welche Länder meinen Sie?
In einigen Ländern ist die Unterbringung auch vom privaten Einsatz der Bürger abhängig. Wenn Familien, die 
Ukrainer bei sich aufnahmen, nach einigen Monaten merken, dass es länger dauert als gedacht und dass es auch 
herausfordernd ist, fremde Leute bei sich wohnen zu lassen, könnten viele Flüchtlinge bald in eine noch 
vulnerablere Lage geraten. Für einige ist es auch schwierig, einen Job zu finden, zum Beispiel wegen mangelnden 
Sprachkenntnissen. Dann könnten kriminelle Organisationen, die schon lange aktiv sind, ihre Anwerbungen von 
Ukrainerinnen forcieren. Die EU-Kommission bemüht sich, den Mitgliedstaaten zu helfen, zum Beispiel durch 
Unterstützung der Aufnahmekapazitäten mithilfe unserer Solidaritäts-Plattform.
Wie läuft eine solche Anwerbung im Menschenhandel ab?
Da werden vulnerablen Frauen Versprechungen gemacht, zu viel Geld zu gelangen. Oder es gibt die ""Loverboy""-
Methode, die vor allem in Rumänien verbreitet ist. Da entpuppt sich der Märchenprinz, der ein junges Mädchen für 
sich einnimmt, recht bald als Zuhälter. Männern werden Angebote für tolle Jobs gemacht, und dann schuften sie 
auf der Baustelle für wenig Geld und unter erbärmlichen Bedingungen. Die Anwerbung findet auch mehr und mehr 
übers Internet oder in den sozialen Medien statt.
Wie kommen die Opfer da wieder raus, wenn sie sich im Bordell in Hamburg oder auf der Baustelle in Kassel 
wiederfinden?
Sie müssen oft erst einmal erkennen, dass sie Opfer sind. Wenn ihnen das klar ist, müssen sie wissen, welche 
Hilfsorganisation ihnen helfen kann und was die Polizei für sie tun kann. Organisationen der Zivilgesellschaft 
spielen da eine sehr wichtige Rolle, mit Beratungsstellen und Notrufnummern. Und dann müssen die Opfer den Mut 
aufbringen, gegen die teils extremen Gewaltdrohungen der Menschenhändler aus der Ausbeutung auszusteigen. 
Das ist für viele dieser Menschen ein großer Schritt. Seitens der EU gibt es aber Richtlinien, nach denen die 
Mitgliedstaaten den ausländischen Opfern von Menschenhandel Schutz ermöglichen sollen. Insgesamt gilt es aber 
nicht zu vergessen, dass die meisten Opfer von Menschenhandel in der EU EU-Bürger sind, die im eigenen Land 
oder in einem anderen EU-Land ausgebeutet werden. Unter den Nicht-EU-Bürgern sind es Nigerianerinnen, aber 
auch Ukrainerinnen sind seit Langem unter den wichtigsten betroffenen Opfer-Nationalitäten.
Wo hört Ausbeutung auf, und wo beginnt Menschenhandel? Ein seit Langem untergetaucht in Deutschland 
lebender Afrikaner hat mir erzählt, er habe oft als Küchenhelfer oder in einer Hotelputzkolonne gearbeitet. Die 
Arbeitgeber hätten es ausgenutzt, dass die ""Illegalen"" gegen ausbleibende Löhne oder schlechte Behandlung keine 
rechtlichen Maßnahmen ergreifen können - weil sie ja offiziell gar nicht hier leben. Ist das schon Menschenhandel?
Die Grenzen sind fließend zwischen Ausbeutung und Menschenhandel. Entscheidend ist, ob der Täter bei der 
Ausbeutung Kontrolle über die Person hat. Das kann zum Beispiel durch die Anwendung von Gewalt, durch 
Machtmissbrauch oder Ausnutzung besonderer Schutzbedürftigkeit geschehen. Der illegal aufhältige Afrikaner 
hätte grundsätzlich die Möglichkeit, sich von spezialisierten Organisationen Rat und Hilfe zu holen. Das Vertrauen 
ist oft größer als zu offiziellen Behörden wie der Polizei zu gehen.
Original Gesamtseiten-PDF
""Verletzliche Frauen idealer Rekrutierungspool für Kriminelle""; Die EU-Koordinatorin für den Kampf gegen den 
Menschenhandel warnt vor sexueller Ausbeutung von u....
Graphic
 
Diane Schmitt"
2022-07,Main Corpus,2022-07(50).ZIP,Berlin kann Geflüchtete kaum noch unterbringen Senat aktiviert Notfallplan _ Katastrophenschutz-Zelt.PDF,C:\PythonProjects\AfD-project\Corpora\Main Corpus\2022-07\raw_unarchive\Berlin kann Geflüchtete kaum noch unterbringen Senat aktiviert Notfallplan _ Katastrophenschutz-Zelt.PDF,Berlin kann Geflüchtete kaum noch unterbringen Senat aktiviert Notfallplan / Katastrophenschutz-Zelt für 900,berlin kann geflüchtete kaum noch unterbringen senat aktiviert notfallplan  katastrophenschutzzelt für 900,Der Tagesspiegel,der tagesspiegel,Donnerstag 28. Juli 2022,Julius Betschka und Daniel Böldt,TITEL FQT:SPÄT; S. 001; Ausg. Der Tagesspiegel Nr. 24965 VOM 28.07.2022 SEITE 001,555,4120,c0e0be453cc1057b267661950aad8ced304d5e29,,unique,keep,,no,,no,,,5227,no,,,,,"Berlin - Die Unterbringung von Flüchtlingen in Berlin wird immer schwieriger. Weil weniger als 400 der insgesamt 
26 400 Plätze in Gemeinschaftsunterkünften und Aufnahmeeinrichtungen frei sind, soll nun ein Notfallplan in Kraft 
treten, wie es von der Senatsverwaltung hieß. In den vergangenen Tagen sei ""eine Verschärfung eingetreten, die 
für uns zu einem wirklichen Problem wird"", sagte Integrationssenatorin Katja Kipping (Linke) am Mittwoch. Geplant 
ist deshalb unter anderem, ein Katastrophenschutz-Zelt mit rund 900 Schlafplätzen zu öffnen, das auf dem Gelände 
des Ukraine-Ankunftszentrums in Tegel steht. Geprüft werde auch die Anmietung von Übernachtungsplätzen in 
Hostels oder die Aufstellung weiterer Zelte, sagte ein Sprecher.
Kipping führt die Lage darauf zurück, dass sich zwölf Bundesländer aus dem gemeinsamen Verteilungssystem für 
Asylsuchende namens ""Easy"" abgemeldet hätten. Zwei weitere Länder hätten dies beantragt. Das habe in den 
vergangenen zehn Werktagen dazu geführt, dass von 715 gestellten Asylanträgen über 70 Prozent in Berlin 
bearbeitet und nur 30 Prozent auf andere Länder verteilt worden sind. Nach dem sogenannten Königsteiner 
Schlüssel, der die Verteilung von Geflüchteten auf die Bundesländer regelt, ist Berlin eigentlich nur für rund fünf 
Prozent aller bundesweit gestellten Asylanträge verantwortlich. Es geht bei diesen Menschen um klassische 
Asylbewerber aus Syrien, Moldau oder der Türkei und nicht um Kriegsflüchtlinge aus der Ukraine.
""Der Austritt der meisten Länder aus dem Easy-System bedeutet praktisch einen Zuweisungsstopp"", sagte Kipping. 
Berlin müsse dadurch deutlich mehr Menschen unterbringen und gerate damit an seine Grenzen. Die 
Sozialsenatorin appelliert an die Länder, ""zum Solidarprinzip zurückzukehren"". Grund für die Abmeldung der 
Bundesländer aus dem Verteilungssystem soll auch die hohe Anzahl ukrainischer Geflüchteter sein.
Nach Informationen des Tagesspiegels aus Behördenkreisen nehmen zurzeit nur noch vier Bundesländer am Easy-
System teil: Baden-Württemberg, Bayern, Hamburg und Rheinland-Pfalz. Auch Berlin selbst hat sich inzwischen für 
die Verteilung sperren lassen. Allerdings hat das Land laut Ausländerzentralregister vom 24. Juli nur eine Person 
mehr aufgenommen, als es nach dem Königsteiner Schlüssel müsste. Rheinland-Pfalz liegt mit 200 Personen 
darüber und nimmt weiterhin Personen auf. Im sogenannten ""Free""- Verfahren für Ukraine-Flüchtlinge soll Berlin 

Berlin kann Geflüchtete kaum noch unterbringen Senat aktiviert Notfallplan / Katastrophenschutz-Zelt für 900 
Menschen in Tegel / Andere Bundesländer verweigern ....
sogar unter dem Soll von 5,2 Prozent aller Flüchtlinge liegen. Dies kann Sicherheitskreisen zufolge auch an 
Mängeln bei der Registrierung in Berlin liegen.
Das Bundesamt für Migration und Flüchtlinge (Bamf) in Bonn reagierte auf Anfrage des Tagesspiegels verhalten 
auf die Vorwürfe aus Berlin. Ein Sprecher erklärte, dass die länderübergreifende Verteilung in einige Bundesländer 
""aufgrund von Sonderlagen"" aktuell zeitweise eingeschränkt ist. Als Gründe nannte das Bamf 
Quarantänemaßnahmen und damit verbundene Kapazitätsengpässe oder IT-Ausfälle. Die Sperrungen kämen 
häufiger vor und könnten einige Stunden oder mehrere Wochen dauern. ""Resultierende Abweichungen von der 
Aufnahmequote gleichen sich erfahrungsgemäß mittelfristig wieder aus"", sagte der Sprecher. Aus den 
Migrationsbehörden zweier weiterer Länder hieß es am Mittwoch allerdings ebenfalls, dass Easy ""kurz vor dem 
Zusammenbruch"" stehe.
Seit dem Start der russischen Invasion in der Ukraine am 24. Februar wurden in Deutschland insgesamt mehr als 
915 000 Kriegsflüchtlinge im Ausländerzentralregister erfasst. Wie viele von ihnen sich derzeit noch in Deutschland 
aufhalten, ist unklar. Ukrainer können mit ihren Papieren auch nach Deutschland einreisen, ohne einen 
entsprechenden Antrag stellen zu müssen. Insbesondere jene, die in Deutschland bei Freunden oder Verwandten 
unterkommen und keinerlei staatliche Hilfen beantragen, tauchen zunächst in keiner offiziellen Statistik auf.
Seite 7 und Meinungsseite
Graphic
 
R"
2022-07,Main Corpus,2022-07(50).ZIP,Bloherfelder Grundschüler erlaufen 12 383 Euro Ukraine -Krieg Kinder spenden für  Aktion Deutschland.PDF,C:\PythonProjects\AfD-project\Corpora\Main Corpus\2022-07\raw_unarchive\Bloherfelder Grundschüler erlaufen 12 383 Euro Ukraine -Krieg Kinder spenden für  Aktion Deutschland.PDF,Bloherfelder Grundschüler erlaufen 12 383 Euro Ukraine -Krieg Kinder spenden für Aktion Deutschland hilft,bloherfelder grundschüler erlaufen 12 383 euro ukraine krieg kinder spenden für aktion deutschland hilft,Nordwest-Zeitung,nordwestzeitung,19. Juli 2022,,OLDENBURG; S. 17,313,2076,576f3147588eef491ad4f31857782079868bf07c,,unique,keep,,no,,no,,,2913,no,,,,,"Oldenburg/lr - In doppelter Hinsicht haben sich die Kinder der GS Bloherfelde für den Frieden in der Ukraine auf 
den Weg gemacht: Zuerst haben sie im März in der Zirkusprojektwoche tolle Kunststücke eingeübt, diese in einer 
großen Aufführung den Gästen präsentiert und alle Eintrittsgelder über Aktion Deutschland hilft für die 
Flüchtlingshilfe in der Ukraine gespendet. Wir spielen und laufen für den Frieden das war nun das Motto der 
Schule, denn die Kinder waren und sind nach wie vor tief betroffen von dem momentanen Weltgeschehen und 
wollen helfen. Deshalb beschlossen wir als Schule gemeinsam, dass sich dem Zirkusprojekt ein Spendenlauf 
anschließen sollte , berichtet Schulleiterin Alexandra Wohlert.
Also gingen die Kinder auf die Suche nach Sponsoren: in ihren Familien, in der Nachbarschaft, im Freundeskreis. 
Und dann gab es am 20. Mai für alle Kinder der Schule am Kennedyteich den Startschuss. Jedes Kind ist so lange 
gelaufen, wie es ging im Maximum 60 Minuten: Für jede gelaufene Minute gab es eine Spende. Die Kinder hatten 
Freude an der Aktion und zeigten großes Duchhaltevermögen in ihrem Lauf für den Frieden, umjubelt von allen 
Mitarbeitern und Eltern. Die Kinder liefen und liefen.
Nach dem Laufen sammelten sie in den nächsten Tagen ihre Spenden ein: 12 383,72 Euro konnten an Aktion 
Deutschland hilft für die Flüchtlingshilfe überwiesen werden. Den Eltern, Nachbarn, Freunden der Schulkinder, 
aber vor allem unseren Schulkindern gilt ein riesengroßer Dank dafür! So vieles ist gerade an so vielen Orten in 
unserer Welt aus den Fugen geraten , so Alexandra Wohlert. Die Kinder der Grundschule Bloherfelde wollen 
aufmerksam bleiben und weiterhin helfen, die Schulgemeinschaft und das Kollegium werden sie dabei 

Bloherfelder Grundschüler erlaufen 12 383 Euro Ukraine -Krieg Kinder spenden für Aktion Deutschland hilft 
Schulleiterin spricht Dank aus
unterstützen, das nächste Mal vielleicht für ein anderes Projekt. Aber auf jeden Fall für eine friedvollere Welt im 
Großen und im Kleinen , so die Schulleiterin.
PDF-Datei dieses Dokuments"
2022-07,Main Corpus,2022-07(50).ZIP,Das gilt bei der Aufnahme von Geflüchteten Der Krieg in der Ukraine hat die Zahl der Flüchtlinge in(2).PDF,C:\PythonProjects\AfD-project\Corpora\Main Corpus\2022-07\raw_unarchive\Das gilt bei der Aufnahme von Geflüchteten Der Krieg in der Ukraine hat die Zahl der Flüchtlinge in(2).PDF,Das gilt bei der Aufnahme von Geflüchteten Der Krieg in der Ukraine hat die Zahl der Flüchtlinge in,das gilt bei der aufnahme von geflüchteten der krieg in der ukraine hat die zahl der flüchtlinge in,Rheinische Post,rheinische post,Samstag 16. Juli 2022,Patrick Peters&#x200b;,S. 55,685,4841,f2296895e1144ca1ffc4dec6763abafe3ea1aebc,exact_001,duplicate_exact,review,,no,,no,,,6061,no,,exact_001,,,"Patrick Peters
Fast 90 Millionen Menschen auf der ganzen Welt waren Ende 2021 gezwungen, aus ihrer Heimat zu fliehen. 
Darunter sind mehr als 27 Millionen Flüchtlinge, von denen etwa die Hälfte unter 18 Jahren alt ist. Das meldet das 
UN-Flüchtlingskommissariat UNHCR. Und in Deutschland lebten 2020 rund 1,9 Millionen Flüchtlinge und 
Schutzsuchende, dazu kommen nun seit Ausbruch des Kriegs in der Ukraine mehr als 600 000 Geflüchtete, vor 
allem Frauen und Kinder. Das geht aus einer Auswertung des Bundesamtes für Migration und Flüchtlinge (BAMF) 
hervor.
Diese Menschen brauchen, genau wie der Rest der Bevölkerung, Wohnraum über Ankerzentren, Notunterkünfte 
und Wohnheime hinaus. Daher entscheiden sich immer mehr Vermieter, Wohnungen an Flüchtlinge zu vermieten. 
Dabei müssen sie, über den sozialen Gedanken hinaus, auf einige wichtige Punkte achten. Die Initiative Pro Asyl 
rät dazu, sich zunächst an die Kreis- oder Stadtverwaltung zu wenden, um die Rahmenbedingungen zu klären. 
Sollte das nicht zum gewünschten Ergebnis führen, gebe es inzwischen auch einige Vermittlungsportale und 
private Initiativen, die leicht im Internet zu finden seien. Ebenso könnten Vermieter Unterkünfte auch privat 
anbieten.
Wichtig für Pro Asyl vor allem mit Blick auf Geflüchtete aus der Ukraine: Niemand hoffe, dass der Krieg in der 
Ukraine noch Monate oder gar Jahre andaure. Trotzdem sei es wahrscheinlich, dass zumindest ein Teil der 
Geflüchteten langfristig bleiben werde. Viele Geflüchtete würden daher mittel- oder langfristig eine Perspektive 
benötigen. Es wäre unglücklich, wenn sich nach sechs Wochen herausstellte, dass die Leute wieder ausziehen 
müssten, und beispielsweise gerade eingeschulten Kinder mit dem Umzug erneut die Schule wechseln müssten. 
Deshalb sei es gut, wenn die Wohnmöglichkeit zeitlich nicht zu kurz befristet ist, sondern eine Unterbringung, zum 

Das gilt bei der Aufnahme von Geflüchteten Der Krieg in der Ukraine hat die Zahl der Flüchtlinge in 
Deutschland deutlich erhöht. Und diese Menschen brauchen Woh....
Beispiel von einem halben oder ganzen Jahr, möglich wäre. Ebenso betont Pro Asyl, Mindestanforderungen für die 
Unterbringung zu beachten. Die Unterkunft sollte den eigenen Ansprüchen genügen und Geflüchtete 
menschenwürdig beherbergen – egal ob es sich bei dem Angebot um eine komplette Wohnung oder einen Teil der 
Wohnung handelt. Vermieter, deren Wohnungsstandard für eine „normale“ Vermietung nicht mehr gut genug ist, 
sollten auch keine hilfebedürftigen Menschen aufnehmen, empfiehlt etwa die Menschenrechtsorganisation.
„Die Zurverfügungstellung einer Eigentumswohnung für Flüchtlinge kann entweder durch einen Mietvertrag direkt 
mit den Geflüchteten oder über einen Mietvertrag mit der Gemeinde oder einem sozialen Träger – die wiederum zur 
Untervermietung berechtigt sind – erfolgen“, informiert Haus & Grund Rheinland/Westfalen. Das habe den Vorteil, 
dass der Mietvertragspartner dann die öffentliche Hand sei, nicht die Geflüchteten selbst. Dafür muss die 
behördliche Erlaubnis vorliegen, an dem betreffenden Wohnort zu wohnen und eine private Unterkunft als Mieter zu 
beziehen. Wenn der Flüchtling kein ausreichendes eigenes Einkommen hat, kann das Sozialamt die Miete der 
Wohnung übernehmen.
Die Ämter haben feste Vorgaben, wie groß die Wohnung pro Person höchstens sein und wieviel sie kosten darf. In 
der Stadt Essen beispielsweise darf die Höhe der Miete bestimmte Grenzen nicht überschreiten, die von 416 Euro 
für einen Ein-Personen-Haushalt, 524,55 Euro für einen Zwei-Personen-Haushalt und 651,20 Euro für einen Drei-
Personen-Haushalt bis zu 1291,20 Euro für einen Zehn-Personen-Haushalt pro Monat reichen. Zudem rät Haus & 
Grund, dass auch Vermieter einer Eigentumswohnung unter Umständen eine Zustimmung der übrigen 
Wohnungseigentümer benötigen. Diese sei dann notwendig, wenn diesen ein Zustimmungsrecht eingeräumt 
worden ist. Julia Wagner, Leiterin Zivilrecht beim Zentralverband Haus & Grund Deutschland, sagt: „Die Vermietung 
an Geflüchtete ist möglich und eine gute Sache. Es ist jedoch notwendig, zunächst einen Blick in die 
Teilungserklärung zu werfen. Selbst wenn keine Zustimmungsregelungen vorhanden sind, empfiehlt es sich, die 
Miteigentümer mit ins Boot zu holen.“
Auch wer zur Miete wohnt, darf grundsätzlich auch Geflüchtete in seine Mietwohnung aufnehmen, sollte aber bei 
einer Dauer von mehr als acht Wochen seinen Vermieter informieren. Wer Menschen für längere Zeit oder 
dauerhaft aufnehmen will, braucht die Zustimmung des Vermieters. Dieser kann die Erlaubnis nur dann verweigern, 
wenn in der Person des Untermieters selbst ein wichtiger Grund dafür liegt, der Wohnraum dauerhaft überbelegt 
würde oder den Vermietern die Untervermietung aus bestimmten Gründen nicht zugemutet werden kann, berichtet 
das Immobilien-Fachportal Haufe."
2022-07,Main Corpus,2022-07(50).ZIP,Das gilt bei der Aufnahme von Geflüchteten Der Krieg in der Ukraine hat die Zahl der Flüchtlinge in.PDF,C:\PythonProjects\AfD-project\Corpora\Main Corpus\2022-07\raw_unarchive\Das gilt bei der Aufnahme von Geflüchteten Der Krieg in der Ukraine hat die Zahl der Flüchtlinge in.PDF,Das gilt bei der Aufnahme von Geflüchteten Der Krieg in der Ukraine hat die Zahl der Flüchtlinge in,das gilt bei der aufnahme von geflüchteten der krieg in der ukraine hat die zahl der flüchtlinge in,Rheinische Post,rheinische post,Samstag 16. Juli 2022,Patrick Peters&#x200b;,S. 47,685,4841,f2296895e1144ca1ffc4dec6763abafe3ea1aebc,exact_001,duplicate_exact,review,,no,,no,,,6046,no,,exact_001,,,"Patrick Peters
Fast 90 Millionen Menschen auf der ganzen Welt waren Ende 2021 gezwungen, aus ihrer Heimat zu fliehen. 
Darunter sind mehr als 27 Millionen Flüchtlinge, von denen etwa die Hälfte unter 18 Jahren alt ist. Das meldet das 
UN-Flüchtlingskommissariat UNHCR. Und in Deutschland lebten 2020 rund 1,9 Millionen Flüchtlinge und 
Schutzsuchende, dazu kommen nun seit Ausbruch des Kriegs in der Ukraine mehr als 600 000 Geflüchtete, vor 
allem Frauen und Kinder. Das geht aus einer Auswertung des Bundesamtes für Migration und Flüchtlinge (BAMF) 
hervor.
Diese Menschen brauchen, genau wie der Rest der Bevölkerung, Wohnraum über Ankerzentren, Notunterkünfte 
und Wohnheime hinaus. Daher entscheiden sich immer mehr Vermieter, Wohnungen an Flüchtlinge zu vermieten. 
Dabei müssen sie, über den sozialen Gedanken hinaus, auf einige wichtige Punkte achten. Die Initiative Pro Asyl 
rät dazu, sich zunächst an die Kreis- oder Stadtverwaltung zu wenden, um die Rahmenbedingungen zu klären. 
Sollte das nicht zum gewünschten Ergebnis führen, gebe es inzwischen auch einige Vermittlungsportale und 
private Initiativen, die leicht im Internet zu finden seien. Ebenso könnten Vermieter Unterkünfte auch privat 
anbieten.
Wichtig für Pro Asyl vor allem mit Blick auf Geflüchtete aus der Ukraine: Niemand hoffe, dass der Krieg in der 
Ukraine noch Monate oder gar Jahre andaure. Trotzdem sei es wahrscheinlich, dass zumindest ein Teil der 
Geflüchteten langfristig bleiben werde. Viele Geflüchtete würden daher mittel- oder langfristig eine Perspektive 
benötigen. Es wäre unglücklich, wenn sich nach sechs Wochen herausstellte, dass die Leute wieder ausziehen 
müssten, und beispielsweise gerade eingeschulten Kinder mit dem Umzug erneut die Schule wechseln müssten. 
Deshalb sei es gut, wenn die Wohnmöglichkeit zeitlich nicht zu kurz befristet ist, sondern eine Unterbringung, zum 

Das gilt bei der Aufnahme von Geflüchteten Der Krieg in der Ukraine hat die Zahl der Flüchtlinge in 
Deutschland deutlich erhöht. Und diese Menschen brauchen Woh....
Beispiel von einem halben oder ganzen Jahr, möglich wäre. Ebenso betont Pro Asyl, Mindestanforderungen für die 
Unterbringung zu beachten. Die Unterkunft sollte den eigenen Ansprüchen genügen und Geflüchtete 
menschenwürdig beherbergen – egal ob es sich bei dem Angebot um eine komplette Wohnung oder einen Teil der 
Wohnung handelt. Vermieter, deren Wohnungsstandard für eine „normale“ Vermietung nicht mehr gut genug ist, 
sollten auch keine hilfebedürftigen Menschen aufnehmen, empfiehlt etwa die Menschenrechtsorganisation.
„Die Zurverfügungstellung einer Eigentumswohnung für Flüchtlinge kann entweder durch einen Mietvertrag direkt 
mit den Geflüchteten oder über einen Mietvertrag mit der Gemeinde oder einem sozialen Träger – die wiederum zur 
Untervermietung berechtigt sind – erfolgen“, informiert Haus & Grund Rheinland/Westfalen. Das habe den Vorteil, 
dass der Mietvertragspartner dann die öffentliche Hand sei, nicht die Geflüchteten selbst. Dafür muss die 
behördliche Erlaubnis vorliegen, an dem betreffenden Wohnort zu wohnen und eine private Unterkunft als Mieter zu 
beziehen. Wenn der Flüchtling kein ausreichendes eigenes Einkommen hat, kann das Sozialamt die Miete der 
Wohnung übernehmen.
Die Ämter haben feste Vorgaben, wie groß die Wohnung pro Person höchstens sein und wieviel sie kosten darf. In 
der Stadt Essen beispielsweise darf die Höhe der Miete bestimmte Grenzen nicht überschreiten, die von 416 Euro 
für einen Ein-Personen-Haushalt, 524,55 Euro für einen Zwei-Personen-Haushalt und 651,20 Euro für einen Drei-
Personen-Haushalt bis zu 1291,20 Euro für einen Zehn-Personen-Haushalt pro Monat reichen. Zudem rät Haus & 
Grund, dass auch Vermieter einer Eigentumswohnung unter Umständen eine Zustimmung der übrigen 
Wohnungseigentümer benötigen. Diese sei dann notwendig, wenn diesen ein Zustimmungsrecht eingeräumt 
worden ist. Julia Wagner, Leiterin Zivilrecht beim Zentralverband Haus & Grund Deutschland, sagt: „Die Vermietung 
an Geflüchtete ist möglich und eine gute Sache. Es ist jedoch notwendig, zunächst einen Blick in die 
Teilungserklärung zu werfen. Selbst wenn keine Zustimmungsregelungen vorhanden sind, empfiehlt es sich, die 
Miteigentümer mit ins Boot zu holen.“
Auch wer zur Miete wohnt, darf grundsätzlich auch Geflüchtete in seine Mietwohnung aufnehmen, sollte aber bei 
einer Dauer von mehr als acht Wochen seinen Vermieter informieren. Wer Menschen für längere Zeit oder 
dauerhaft aufnehmen will, braucht die Zustimmung des Vermieters. Dieser kann die Erlaubnis nur dann verweigern, 
wenn in der Person des Untermieters selbst ein wichtiger Grund dafür liegt, der Wohnraum dauerhaft überbelegt 
würde oder den Vermietern die Untervermietung aus bestimmten Gründen nicht zugemutet werden kann, berichtet 
das Immobilien-Fachportal Haufe."
2022-07,Main Corpus,2022-07(50).ZIP,Der verfolgte Pastor und sein observierter Helfer Sechs Jahre kämpft ein von einer tödlichen Fatwa b.PDF,C:\PythonProjects\AfD-project\Corpora\Main Corpus\2022-07\raw_unarchive\Der verfolgte Pastor und sein observierter Helfer Sechs Jahre kämpft ein von einer tödlichen Fatwa b.PDF,Der verfolgte Pastor und sein observierter Helfer Sechs Jahre kämpft ein von einer tödlichen Fatwa bedrohter,der verfolgte pastor und sein observierter helfer sechs jahre kämpft ein von einer tödlichen fatwa bedrohter,"taz, die tageszeitung",taz die tageszeitung,Dienstag 26. Juli 2022,Michael Bartsch,INLAND; S. 7,825,5956,4a4909a4f24eda95bf8dd51097aeb6fac92b1cd1,,unique,keep,,no,,no,,,7527,no,,,,,"Aus Dresden Michael Bartsch
Bevor er 2019 für die SPD in den Sächsischen Landtag einzog, war der 62-jährige Frank Richter unter anderem 
katholischer Priester und später acht Jahre Direktor der Landeszentrale für Politische Bildung. In der Fraktion 
kümmert er sich um Kulturpolitik, ist aber auch für Religionsfragen zuständig. Zunehmend begleitet er deshalb auch 
geflüchtete christliche Glaubensgenossen. Als einen der Weichensteller für den friedlichen Verlauf der 
Herbstrevolution 1989 in der DDR schockiert es ihn nun, wie das Landratsamt Meißen seine 
Flüchtlingshilfeaktivitäten observiert.
Im Vorjahr konnte er mit Hilfe einer öffentlichen Kampagne und der des Bischofs des katholischen Bistums 
Dresden-Meißen einen Pakistani vor der Abschiebung retten. Nun versuchen das Bundesamt für Migration und 
Flüchtlinge (Bamf) und die sächsischen Ausländerbehörden jedoch, diesen vom Tode bedrohten pakistanischen 
Geistlichen um jeden Preis loszuwerden. Das lässt Richter an den vermeintlichen christlich-abendländischen 
Wurzeln der Bundesrepublik zweifeln.
 Dass eine solche Person ermordet werden sollte, egal wo er ist und wer er ist , heißt es in der beglaubigten 
Übersetzung der von einem pakistanischen Mullah gegen den Pastor K. verhängten Fatwa Nr. 76/16. Wer ihn findet 
und tötet, dem wird das Paradies versprochen. K. ließ Freunde und Familienangehörige zurück und floh im August 
2016 nach Deutschland. Nach seiner Einreise wurden ihm sämtliche Papiere abgenommen, auch die Nachweise 
seiner theologischen Ausbildung und ein Zeugnis der Church of Pakistan über seine Tätigkeit.
Das Bamf lehnte jedoch im Januar 2017 seinen Asylantrag ab und forderte ihn zur Ausreise binnen 30 Tagen auf. 
K. hatte in seiner Anhörung berichtet, dass er nach einer Predigt angegriffen und verletzt wurde und dass man auf 
ihn geschossen habe. In sein Haus wurde eingebrochen, er durfte es nicht mehr betreten. Für das Bamf sind das 

Der verfolgte Pastor und sein observierter Helfer Sechs Jahre kämpft ein von einer tödlichen Fatwa bedrohter 
anglikanischer Pastor um Asyl. Frank Richter, für d....
und die verhängte Fatwa Bagatellen. Ein Verfolgungsmerkmal ist nicht erkennbar , heißt es im Bescheid. Das 
Blasphemieverbot im pakistanischen Strafgesetzbuch lasse nicht den Schluss einer systematischen staatlichen 
Unterdrückung zu. Für die Annahme einer Gruppenverfolgung der Christen in Pakistan fehlt es jedoch an der 
erforderlichen Verfolgungsdichte , meint der Bearbeiter des Bamf.
Das Verwaltungsgericht Dresden und das Sächsische Oberverwaltungsgericht bestätigten 2018 die Ablehnung des 
Bamf. Die beschlagnahmten Dokumente K.s wurden offenbar nicht in die Entscheidungen einbezogen. Aus Fragen 
der Gerichte nach Martin Luther schließt Frank Richter, dass die Richter nicht wussten, dass die Church of Pakistan 
keine lutherische Kirche, sondern vielmehr der anglikanischen verwandt ist.
Seither kommt es zu einem Katz-und-Maus-Spiel zwischen K., der Ausländerbehörde des Kreises Meißen und der 
Landesdirektion als vollziehende Abschiebebehörde. Richter spricht von einer regelrechten Jagd. K. hielt sich 
zeitweise in der zugewiesenen Sammelunterkunft, meist aber in einem südbrandenburgischen Kirchenasyl auf. Die 
genannten Behörden tauschten Informationen darüber aus, wann man seiner möglicherweise außerhalb des 
Kirchenasyls habhaft werden könnte. Einmal entging er nur um einen Tag einer überfallartigen Abschiebung, weil er 
eher als geplant seinen in Deutschland lebenden Vater besuchte.
Die Härtefallkommission des Landtages folgte den Gerichten und lehnte ein Bleiberecht ab. Der Aktenstapel aber 
wuchs weiter, weil der Meißener Pfarrer Bernd Oehler den Petitionsausschuss anrief. K. ist der am meisten 
untersuchte Mensch im Landtag , meint Frank Richter mit Galgenhumor.
Worüber er aber überhaupt nicht scherzen kann, sind detaillierte Aufzeichnungen über seine Treffen mit K. Ab 
November 2021 wurden im Ausländeramt des Kreises Meißen nicht nur K.s Aufenthalte in der 
Gemeinschaftsunterkunft Großenhain protokolliert, sondern auch seine Kontakte mit Frank Richter. Der hat jetzt im 
Juli wegen seiner Observierung um ein klärendes Gespräch gebeten, aber noch keine Antwort erhalten. Offenbar 
wurden Informationen über seine Kontakte auch zwischen mehreren Stellen des Landratsamtes ausgetauscht.
Über die Petition des Pfarrers Oehler hat der Petitionsausschuss des Sächsischen Landtages noch nicht 
entschieden. Berichterstatterin in Dresden ist die Linken-Abgeordnete Antonia Mertsching. Sie verweist nicht nur 
auf die gravierenden Fehleinschätzungen der Behörden, sondern auch auf die Integrationsbereitschaft von K. und 
seine guten Arbeitszeugnisse. Pikanterweise habe im Dezember 2020 sogar die AfD-Bundestagsfraktion verlangt, 
den Druck auf Pakistan zu erhöhen, um die Christenverfolgung in dem südasiatischen Land zu stoppen . 
Mertsching empfiehlt, die Petition auch dem Bundestag zuzuleiten.
Seine persönliche kritische Erklärung zur Petition hatten einige Abgeordnete vor der jüngsten Sitzung des 
Ausschusses offenbar nicht einmal gelesen, wie Richter aus deren Überraschung schließt. Im Gespräch äußert der 
SPD-Abgeordnete den Verdacht, dass es einen Druck des Bundesinnenministeriums auf Ausländerbehörden, wenn 
nicht gar eine interne Quotierung gebe. Was ihr dem geringsten meiner Brüder getan habt, das habt ihr mir getan 
nach wie vor ist der Theologe von solchen Sätzen aus dem Matthäusevangelium überzeugt. Er verfügt darüber 
hinaus auch über einigen Witz, wenn er nun eine szenische Lesung mit Dokumenten aus der unsäglichen Akte K. 
plant.
Der sechsjährige Kampf um dessen Bleiberecht verspricht inzwischen Erfolg. Im Oktober des Vorjahres erhielt er 
seine persönlichen Dokumente zurück. In diesem Juli nun winkt wenigstens eine Arbeitserlaubnis, die seine 
tägliche Angst vor Abschiebung mildern kann.
K. erzählt, er wurde nach seiner Predigt angegriffen und verletzt, man habe auf ihn geschossen"
2022-07,Main Corpus,2022-07(50).ZIP,Der Verteilungskampf Der 17-Jährige Artem floh allein aus der Ukraine nach Berlin. Dort fand er Freu.PDF,C:\PythonProjects\AfD-project\Corpora\Main Corpus\2022-07\raw_unarchive\Der Verteilungskampf Der 17-Jährige Artem floh allein aus der Ukraine nach Berlin. Dort fand er Freu.PDF,Der Verteilungskampf Der 17-Jährige Artem floh allein aus der Ukraine nach Berlin. Dort fand er Freunde und,der verteilungskampf der 17jährige artem floh allein aus der ukraine nach berlin dort fand er freunde und,Der Tagesspiegel,der tagesspiegel,Dienstag 12. Juli 2022,Katja Demirci und Yulia Valova,DRITTE FQT:SPÄT; S. 003; Ausg. Der Tagesspiegel Nr. 24949 VOM 12.07.2022 SEITE 003,2008,14080,4298c1a896f5d3787c5848681b262be0dc9b3be6,,unique,keep,,no,,no,,,15548,no,,,,,"Sein Vater und der ältere Bruder zogen in den Krieg. Doch Artem sollte nicht kämpfen, er sollte sein Leben nicht 
riskieren müssen, beschloss seine Familie.
Kurz nach Beginn des Krieges in der Ukraine schickten sie den damals 16-Jährigen aus Kiew nach Berlin. Im April 
ist Artem, der anders heißt, dessen richtiger Name hier aber zu seinem Schutz nicht auftauchen soll, 17 geworden. 
Mit 17 werden Männer in seinem Heimatland vom Militär eingezogen.
""Ich habe Deutschland gewählt, weil es ein demokratisches Land ist, in dem ich sicher sein kann"", erzählt Artem am 
Telefon. Zusammen mit Hunderten anderen Menschen habe er die Grenze nach Polen zu Fuß überquert. In 
Warschau sei er in einen Bus gestiegen, der ihn kostenlos nach Berlin gebracht habe. Dort hätten bereits ein 
Freund und dessen Mutter auf ihn gewartet. Artem war in Sicherheit.
Kurz darauf geriet er jedoch mittten hinein in die deutsche Bürokratie. In ein Gestrüpp aus Paragrafen und 
Regelungen, die auch nach Jahren der Zuwanderung so wirken, als bestimmten sie die Versandwege und 
Lagerung einer Ware. Nicht das Schicksal eines Menschen.
Und so kämpft Artem nun doch. In der vergangenen Woche hat er eine Klage gegen das Land Berlin eingereicht. 
Er wehrt sich gegen seine Verteilung ins sächsische Plauen. Er will zurück in die Großstadt, zu seinen Freunden.
346 unbegleitete minderjährige Flüchtlinge (UMF) befanden sich am 4. Juli diesen Jahres in der Obhut der 
Senatsverwaltung für Jugend, Bildung und Familie, 183 davon haben eine ukrainische Staatsangehörigkeit. 
Insgesamt, so teilt die Verwaltung mit, lebten am gleichen Stichtag 710 UMF unter der Zuständigkeit der 
bezirklichen Jugendämter in Einrichtungen der stationären Jugendhilfe.

Der Verteilungskampf Der 17-Jährige Artem floh allein aus der Ukraine nach Berlin. Dort fand er Freunde und 
lernte Deutsch. Er wollte gerne bleiben, fühlte sich....
Nachdem er in Berlin angekommen war, wurde Artem am 20. März in der Erstaufnahmestelle Prinzregentenstraße 
als UMF registriert. Als solcher beginnt für ihn sofort eine ""vorläufige Inobhutnahme"" durch die Senatsverwaltung 
für Bildung, Jugend und Familie. Es folgt - idealerweise zeitnah, in der Praxis manchmal erst nach Wochen - ein 
""Clearing-Gespräch"". Innerhalb dessen soll geklärt werden, welche Hilfe ein jugendlicher Mensch genau benötigt. 
Artem führte dieses am 11. April.
Geflüchtete, auch die unbegleiteten Minderjährigen, werden nach einer Quote auf die Bundesländer verteilt. Hat 
Berlin seine Quote erfüllt, schickt es die Jugendlichen zum Beispiel ins nahe gelegene Sachsen. So passierte es 
Artem.
Laut Gesetz, Paragraf 42 im achten Sozialgesetzbuch, darf diese Verteilung nur innerhalb von vier Wochen nach 
Beginn der vorläufigen Inobhutnahme geschehen. Bei Artem waren mehr als fünf Wochen verstrichen, als er den 
offiziellen Bescheid bekam. Der Senat bezieht sich jedoch auf den 11. April und verweist auf ein Urteil des 
Bundesverwaltungsgerichts aus dem April 2018. Darin heißt es, die vierwöchige Frist beginne nicht mit der 
vorläufigen Inobhutnahme, sondern mit der Feststellung der Minderjährigkeit. Artem aber konnte im Gegensatz zu 
vielen anderen Geflüchteten, deren Alter oft umständlich nachgewiesen werden muss, von Beginn an einen 
gültigen Personalausweis vorlegen. Was nun?
Anfang Mai, so erzählt es Artem, brachte man ihn nach Plauen.
Auf eigene Faust fuhr er wieder zurück nach Berlin. ""Ich habe die Stiftung zur Förderung sozialer Dienste um Hilfe 
gebeten"", sagt Artem. Sie betreibt die Erstaufnahme. ""Sie schickten mich zurück und drohten mir mit der Polizei, 
wenn ich in der Stadt bliebe."" Dabei hatte er sich in den Wochen in Berlin eingelebt und Freunde gefunden, ein 
soziales Umfeld aufgebaut. Ein Umstand, der laut der Senatsverwaltung oft berücksichtigt wird. In Artems Fall aber 
offenbar nicht. Er sagt: ""Ich möchte unbedingt zurück nach Berlin, einen Freund besuchen.""
Auf der Suche nach Hilfe wandte Artem sich an eine Sozialarbeiterin, die ihn an Daniel Jasch verwies. Jasch, Mitte 
40, arbeitet im BBZ, dem Beratungs- und Betreuungszentrum für junge Geflüchtete und Migrant:innen. ""Der 
Jugendliche hat mir eine Mail geschrieben"", erzählt er am Telefon. ""Er wollte gegen seine Verteilung nach Sachsen 
etwas unternehmen.""
Als Artem seine Dokumente - die auch dem Tagesspiegel vorliegen - an Jasch mailte, sah dieser, dass die 
Verteilung nach Sachsen mehr als vier Wochen nach Vorlage von Artems Personalausweis bei der Erstaufnahme 
geschehen war. Wie der Senat bezieht auch Daniel Jasch sich auf das Urteil des Bundesverwaltungsgerichts aus 
2018 - nur folgern beide Seiten aus der Sachlage unterschiedliches. Jasch sah den 20. März, das Datum von 
Artems Registrierung als maßgeblich an. Er erläuterte dem Jugendlichen die rechtliche Situation und erklärte, dass 
er klagen könne. Artem entschied: das wolle er tun. Am vergangenen Dienstag reichte er seine Unterlagen bei 
Gericht ein.
Es passiere extrem selten, dass einer der jungen Menschen klage, sagt Daniel Jasch, der dutzende minderjährige 
Geflüchtete aus vielen unterschiedlichen Ländern berät. ""Viele wissen nicht, was ihre Rechte sind."" Er habe Artem 
erklärt, dass seine Klage möglicherweise nicht erfolgreich sein werde, weil die Klagefrist bereits abgelaufen sei, 
sagt Jasch. ""Er wollte es trotzdem machen.""
Am Telefon klingt Artem mutloser, als er ist, erschöpft und frustriert. Mittlerweile ist er seit mehr als zwei Monaten in 
Plauen und lebt in einer Herberge, in der laut seiner Aussage außer einigen ukrainischen Jugendlichen auch ""ganz 
normale Leute"" Zimmer gemietet hätten. Zwei Monate lang habe niemand von der Verwaltung mit ihm 
kommuniziert, sagt er. ""Niemand hört mir zu oder hilft mir. Es gibt noch drei weitere ukrainische Teenager wie mich. 
Es interessiert niemanden, wo wir sind und was wir tun."" In seiner Klage, die dem Tagesspiegel vorliegt, schreibt 
Artem, dass bis Anfang Juli nicht mal ein Erstgespräch mit dem Jugendamt in Plauen stattgefunden habe. Einen 
Vormund hat er noch nicht.
Seinen Alltag in Sachsen schildert er im ersten Gespräch so: ""Jede Woche erhalte ich 38 Euro für Lebensmittel, 
von denen ich mir selbst etwas kochen muss. Ich weiß nicht, wer das Geld schickt, denn die Person, die mir das 
Der Verteilungskampf Der 17-Jährige Artem floh allein aus der Ukraine nach Berlin. Dort fand er Freunde und 
lernte Deutsch. Er wollte gerne bleiben, fühlte sich....
Geld gibt, behält die Umschläge. Zweimal im Monat erhalte ich 15 Euro für sonstige Ausgaben. Ich koche Nudeln, 
kaufe manchmal Wurst und träume von Fleisch, für das ich nicht genug Geld habe.""
Das Sozialministerium Sachsen, zuständig für die Jugendämter im Land, teilt auf Anfrage mit, dass nicht bekannt 
sei, dass noch kein Vormund bestellt sei. ""Der geschilderte Fall stellt jedoch keinen Rechtsbruch dar, da es für die 
abschließende Bestellung eines Vormundes keine gesetzlichen Fristen gibt.""
Nur drei Tage nach dem Telefonat bekommt Artem Besuch von zwei Mitarbeitenden des Jugendamts und einem 
Dolmetscher. Sie versichern, dass er bald die Gelegenheit bekommen werde, wieder an Deutschkursen 
teilzunehmen, was Artems großer Wunsch ist, wie er sagt: ""Denn ohne Deutsch versteht mich niemand."" Auch eine 
Schule soll er ab Ende August besuchen dürfen - entweder in Sachsen oder in Berlin, je nachdem, wie das Gericht 
entscheidet.
Seit Beginn des Krieges hat die Ukraine mehr als 10 000 Kinder aus staatlichen Einrichtungen, darunter viele 
Waisen, evakuiert. 1760 davon lebten derzeit in Deutschland, teilt Wolodymyr Vovk mit, der stellvertretende 
Direktor der Abteilung für Kinderschutz im Sozialministerium der Ukraine. Sie seien in Heimen und Pflegefamilien 
untergebracht. Allein reisende Jugendliche mit eigentlich intakter Familie wie Artem zählen nicht dazu. Vovk erklärt, 
dass sie gerade erst mithilfe der ukrainischen Botschaften damit begonnen hätten, Informationen über Kinder zu 
sammeln, die ganz allein flüchten.
Die Umverteilung der unbegleiteten Jugendlichen nach einer Quote auf die Bundesländer wird seit Jahren von 
Fachleuten kritisiert. Der Bundesfachverband unbegleitete minderjährige Flüchtlinge (BumF) führt jährlich eine 
bundesweite Online-Befragung unter Fachkräften durch, die mit solchen Kindern und Jugendlichen arbeiten. 2020 
berichtete darin etwa eine teilnehmende Person aus Hessen auf die Frage ""Welche 
Besonderheiten/Schwierigkeiten gibt es bei Ihnen vor Ort im Zusammenhang mit der Umverteilung und der 
vorläufigen Inobhutnahme?"": ""Die Jugendlichen haben nicht die Möglichkeit, in Deutschland anzukommen. Die 
traumatischen Erfahrungen werden durch die erneute Verteilung unterstützt.""
Jugendliche aus der Ukraine müssen nicht wie viele andere Geflüchtete Asyl beantragen. Sie bekommen 
unproblematisch eine Aufenthaltsgenehmigung. Doch die Umstände ihrer Unterbringung sind dieselben wie bei 
allen anderen unbegleiteten Minderjährigen - und offenbar eine ähnlich große Herausforderung wie 2015, als 
zigtausende kamen. Deutschland, das für seinen Umgang mit den Geflüchteten aus der Ukraine so gelobt wird, 
macht es jenen, die ohne Eltern einreisen, nicht leicht.
In einer gemeinsamen Stellungnahme beklagten jüngst mehrere Organisationen, darunter der Flüchtlingsrat, der 
Bundesfachverband für unbegleitete minderjährige Flüchtlinge, das BBZ und das Kinderhilfswerk Terre des 
hommes die ""überlasteten Strukturen"" in Berlin. Unterkünfte hätten keine Betriebserlaubnis, eine Betreuung der 
Jugendlichen rund um die Uhr sei nicht gewährleistet, ihre Privatsphäre werde - beispielsweise durch 
Unterbringung in Mehrbettzimmern - nicht gewahrt. Ohnehin habe die Senatsverwaltung für Jugend ""die Aufnahme- 
und Unterbringungsstrukturen für unbegleitete minderjährige Geflüchtete massiv abgebaut, trotz zahlreicher 
Warnungen von NGOs und Fachpersonal, dass die Ankunftszahlen jederzeit wieder steigen könnten"".
Die Senatsverwaltung bestritt die Vorwürfe öffentlich.
Auf Anfrage teilt sie mit, dass sich die Zahl der verfügbaren Plätze zur Inobhutnahme und zum Clearing am 
aktuellen Bedarf orientiere und zum Stichtag 4. Juli bei 371 Plätzen liege. Anschließend stünden den Jugendämtern 
die Plätze des stationären Jugendhilfesystems zur längerfristigen Unterbringung zur Verfügung. Bald solle eine 
zweite Stelle zur Erstaufnahme der Kinder und Jugendlichen öffnen. ""Allerdings waren die Kapazitäten nicht darauf 
ausgelegt, vollständig die Folgen eines überraschenden Angriffskriegs in Europa mit einer entsprechend massiven 
Fluchtbewegung abzudecken.""
So schloss die Verwaltung beispielsweise im März einen Vertrag mit einem Schullandheim in Wannsee, um 
geflüchtete Minderjährige unterzubringen. Ein sozialer Träger erhielt einen eigenen Vertrag, um die Betreuung der 
Kinder und Jugendlichen zu sichern. Auch Artem war dort für einige Zeit untergebracht.
Der Verteilungskampf Der 17-Jährige Artem floh allein aus der Ukraine nach Berlin. Dort fand er Freunde und 
lernte Deutsch. Er wollte gerne bleiben, fühlte sich....
Am Telefon erzählt er, dass die Einrichtung wie ein Ferienlager für Kinder aussehe. ""Bei meiner Ankunft lebten dort 
etwa zehn Jugendliche im Alter von 14 bis 18 Jahren. Nach ein paar Tagen waren wir 30 Leute. Die meisten von 
ihnen waren Ukrainer."" Viele, die Mehrzahl aus der Ostukraine, hätten ihre Eltern im Krieg verloren. ""Es gab auch 
Jugendliche aus anderen Ländern, die mit uns in der Einrichtung lebten. Wir wurden nach Nationalität und 
Geschlecht eingeteilt.""
Zwei polnische Mitarbeiter, die Ukrainisch verstanden, hätten im Schullandheim für Ordnung gesorgt und die 
Jugendlichen in bürokratischen Angelegenheiten unterstützt. Dreimal am Tag habe es Essen gegeben, zweimal pro 
Woche Deutschunterricht, sagt Artem. Zusätzlich habe er Deutschkurse in einer Sprachschule besucht. ""Ich bin 
nicht auf eine normale Schule gegangen, da ich auf meine Anmeldung und meine Daueraufenthaltsgenehmigung 
wartete.""
In seiner Klage, deren zweiter Teil sich mit jener Unterbringung beschäftigt, schreibt Artem, dass nicht immer 
Betreuer vor Ort gewesen seien, insbesondere nachts. Er vermutet, dass die Einrichtung keine Betriebserlaubnis 
für Inobhutnahmen hatte und somit Standards unterschritten worden seien. Das Schullandheim teilt mit: ""Wir haben 
eine Rund-um-die-Uhr-Betreuung mit Nachtwachen bereitgestellt."" Im Schnitt seien mehr als vier pädagogische 
Kräfte eines Trägers vor Ort im Einsatz gewesen.
Auch hier ist es ein Streit um Paragrafen und deren Auslegung. Beruft sich der Senat darauf, die Jugendlichen an 
Paragraf 34 des achten Sozialgesetzbuchs orientiert - ""Heimerziehung, sonstige betreute Wohnform"" - 
unterzubringen, so bestehen die Organisationen, die jene Jugendlichen vertreten, darauf, dies müsse nach 
höheren Standards geschehen. Nach jenen, die für eine Inobhutnahme nach Paragraf 42a gelten. Es gehe ums 
Kindeswohl - und um Jugendliche, die besonders gefährdet seien.
Das Land Berlin ist schon einmal für die unzureichende Unterbringung von unbegleiteten Geflüchteten in die Kritik 
geraten. So stellte der Landesrechnungshof schon 2017 in einem Bericht ""erhebliche Regelverstöße bei der 
Unterbringung unbegleitet eingereister, minderjähriger Flüchtlinge"" fest.
In ihrer Mitteilung kritisieren BumF, Flüchtlingsrat und andere nun, dass sich seither nichts geändert habe.
Artem wechselte offenbar nach seinem Clearing-Gespräch in eine andere Unterkunft der Jugendhilfe. Dort gefiel es 
ihm so gut, dass er gern zurückkehren würde. Aus Unterlagen, die der Klage beigelegt sind, geht hervor, dass 
Artem auf die Mitarbeiter:innen einen aufgeschlossenen Eindruck gemacht habe. Er sei sehr selbstständig und 
orientiert, was seine Zukunft angeht. In einer größeren Stadt zu leben, sei sehr wichtig für ihn.
Am Telefon sagt Artem, er werde nun auf die Entscheidung des Gerichts warten. Er hoffe auf Gerechtigkeit.
Graphic
 
Allein in der Fremde. 346 unbegleitete minderjährige Flüchtlinge befanden sich am 4. Juli unter der Obhut der 
Berliner Senatsverwaltung. 183 von ihnen verfügten über eine ukrainische Staatsbürgerschaft. Foto: AP 
Photo/Visar Kryeziu R"
2022-07,Main Corpus,2022-07(50).ZIP,Deutsch lernen wird schwieriger(2).PDF,C:\PythonProjects\AfD-project\Corpora\Main Corpus\2022-07\raw_unarchive\Deutsch lernen wird schwieriger(2).PDF,Deutsch lernen wird schwieriger,deutsch lernen wird schwieriger,Frankfurter Rundschau,frankfurter rundschau,Samstag 16. Juli 2022,,"DARMSTADT, GROSS GERAU; S. F17",472,3644,a4801a0119f6dab687be5dcdabbe767dd7145a95,exact_002,duplicate_exact,review,,no,,no,,,4776,no,,exact_002,,,"VON ANNETTE SCHLEGL
Die Lehrer und Lehrerinnen von Intensivklassen an Schulen im Kreis Groß-Gerau schlagen Alarm. Zum einen 
wegen ihrer Überforderung, zum anderen wegen zu großer Klassen und zu weniger Schulstunden für die Kinder 
und Jugendlichen verschiedener Nationalitäten, die erst seit kurzem in Deutschland leben. Die Zuwanderung von 
ukrainischen Kriegsflüchtlingen habe das System der Beschulung von Seiteneinsteiger:innen ohne 
Deutschkenntnisse – und auch häufig ohne Alphabetisierung – an ihre Grenzen geführt, klagen die Lehrkräfte. 
Verschlechterte Rahmenbedingungen träfen die Ärmsten und Schwächsten.
Stefanie Margaritis vom Kreisverband Groß-Gerau der Gewerkschaft Erziehung und Wissenschaft (GEW) berichtet 
von 732 ukrainischen Schüler:innen, die dem Kreis Groß-Gerau binnen weniger Wochen zugewiesen worden 
seien. Weitere 155 junge ukrainische Kriegsflüchtlinge hätten noch keine Zuweisung. Außerdem gebe es eine hohe 
Dunkelziffer ukrainischer Kinder und Jugendlicher, die noch online am Unterricht in ihrer Heimat teilnähmen und 
noch nicht beim Schulamt angemeldet seien. Ein Programm zur Gewinnung von ausgebildeten Lehrkräften für 
Deutsch als Zweitsprache tue not. „Es herrscht Mangel“, so Margaritis. 
Klassen wieder verkleinern
Die Situation in den Intensivklassen sei kritisch, sagen die Lehrkräfte aus weiterführenden Schulen, die sich am 
Donnerstag zum Pressegespräch zusammengefunden haben, aber namentlich nicht genannt werden wollen. In den 
InteA-Klassen (Integration durch Anschluss) in den beruflichen Schulen des Kreises seien die Probleme ähnlich 
gelagert, berichtete eine Lehrerin.
Zusammen mit der GEW fordern die Lehrkräfte, dass an weiterführenden Schulen nicht 19, sondern maximal 16 
Schüler:innen verschiedener Jahrgangsstufen in den Intensivklassen unterrichtet würden. Das Kultusministerium 
hatte jüngst die Gruppengröße hochgesetzt. Der Teiler in InteA-Klassen liege sogar bei 20. Altersstufen von zehn 
bis 16 Jahren, verschiedene Herkunftsländer und Muttersprachen, verschiedene Religionen, zum Teil traumatisierte 
Kinder, unterjährige Zugänge – das alles führe zu sehr heterogenen Klassen. Bei einer Klassengröße von 19 
könnten die einzelnen Schüler und Schülerinnen weniger gefördert werden. Entsprechend schwierig sei es für sie, 

Deutsch lernen wird schwieriger
schnell Deutsch zu lernen und sich in den Regelunterricht zu integrieren. Die Anschlussperspektiven für die 
Seiteneinsteiger:innen ließen ebenfalls zu wünschen übrig, so die Lehrkräfte.
Dass die Beschulung in den Intensivklassen auf 22 Wochenstunden heruntergefahren wurde – bei der 
Flüchtlingswelle im Jahr 2015 waren es noch 28 Wochenstunden – erschwert das Deutschlernen zusätzlich. Dass 
einige Kinder generell nicht alphabetisiert oder der lateinischen Schrift nicht mächtig sind, macht es noch 
schwieriger. „Laut Kultusministerium sind die Intensivklassen reine Sprachkurse. Wir fordern daher 
Alphabetisierungsklassen“, sagt Margaritis. Es sei auch ratsam, integrationsfördernde Fächer wie Sport oder Musik 
in den Intensivklassen-Unterricht aufzunehmen.
Die GEW pocht auf die Anbindung des Beratungs- und Förderzentrums (BfZ). „Wir haben keine Fachkräfte für 
Kinder mit Lernbehinderungen oder Traumata“, sagen die Lehrkräfte. Die Schulen bräuchten vor allem für die 
vielen traumatisierten ukrainischen Kinder Sozialarbeiter:innen und Schulpsycholog:innen – aber die sind 
Mangelware. Nur die schlimmsten Fälle würden beim BfZ auftauchen. Es sei für die Intensivklassenlehrkräfte auch 
aufreibend, dass Kinder nichtdeutscher Herkunft ausgeklammert seien vom Besuch einer Förderschule. 
Link zum PDF-Dokument"
2022-07,Main Corpus,2022-07(50).ZIP,Deutsch lernen wird schwieriger.PDF,C:\PythonProjects\AfD-project\Corpora\Main Corpus\2022-07\raw_unarchive\Deutsch lernen wird schwieriger.PDF,Deutsch lernen wird schwieriger,deutsch lernen wird schwieriger,Frankfurter Rundschau,frankfurter rundschau,Samstag 16. Juli 2022,,"DARMSTADT, GROSS GERAU; S. F17",472,3644,a4801a0119f6dab687be5dcdabbe767dd7145a95,exact_002,duplicate_exact,review,,no,,no,,,4783,no,,exact_002,,,"VON ANNETTE SCHLEGL
Die Lehrer und Lehrerinnen von Intensivklassen an Schulen im Kreis Groß-Gerau schlagen Alarm. Zum einen 
wegen ihrer Überforderung, zum anderen wegen zu großer Klassen und zu weniger Schulstunden für die Kinder 
und Jugendlichen verschiedener Nationalitäten, die erst seit kurzem in Deutschland leben. Die Zuwanderung von 
ukrainischen Kriegsflüchtlingen habe das System der Beschulung von Seiteneinsteiger:innen ohne 
Deutschkenntnisse – und auch häufig ohne Alphabetisierung – an ihre Grenzen geführt, klagen die Lehrkräfte. 
Verschlechterte Rahmenbedingungen träfen die Ärmsten und Schwächsten.
Stefanie Margaritis vom Kreisverband Groß-Gerau der Gewerkschaft Erziehung und Wissenschaft (GEW) berichtet 
von 732 ukrainischen Schüler:innen, die dem Kreis Groß-Gerau binnen weniger Wochen zugewiesen worden 
seien. Weitere 155 junge ukrainische Kriegsflüchtlinge hätten noch keine Zuweisung. Außerdem gebe es eine hohe 
Dunkelziffer ukrainischer Kinder und Jugendlicher, die noch online am Unterricht in ihrer Heimat teilnähmen und 
noch nicht beim Schulamt angemeldet seien. Ein Programm zur Gewinnung von ausgebildeten Lehrkräften für 
Deutsch als Zweitsprache tue not. „Es herrscht Mangel“, so Margaritis. 
Klassen wieder verkleinern
Die Situation in den Intensivklassen sei kritisch, sagen die Lehrkräfte aus weiterführenden Schulen, die sich am 
Donnerstag zum Pressegespräch zusammengefunden haben, aber namentlich nicht genannt werden wollen. In den 
InteA-Klassen (Integration durch Anschluss) in den beruflichen Schulen des Kreises seien die Probleme ähnlich 
gelagert, berichtete eine Lehrerin.
Zusammen mit der GEW fordern die Lehrkräfte, dass an weiterführenden Schulen nicht 19, sondern maximal 16 
Schüler:innen verschiedener Jahrgangsstufen in den Intensivklassen unterrichtet würden. Das Kultusministerium 
hatte jüngst die Gruppengröße hochgesetzt. Der Teiler in InteA-Klassen liege sogar bei 20. Altersstufen von zehn 
bis 16 Jahren, verschiedene Herkunftsländer und Muttersprachen, verschiedene Religionen, zum Teil traumatisierte 
Kinder, unterjährige Zugänge – das alles führe zu sehr heterogenen Klassen. Bei einer Klassengröße von 19 
könnten die einzelnen Schüler und Schülerinnen weniger gefördert werden. Entsprechend schwierig sei es für sie, 

Deutsch lernen wird schwieriger
schnell Deutsch zu lernen und sich in den Regelunterricht zu integrieren. Die Anschlussperspektiven für die 
Seiteneinsteiger:innen ließen ebenfalls zu wünschen übrig, so die Lehrkräfte.
Dass die Beschulung in den Intensivklassen auf 22 Wochenstunden heruntergefahren wurde – bei der 
Flüchtlingswelle im Jahr 2015 waren es noch 28 Wochenstunden – erschwert das Deutschlernen zusätzlich. Dass 
einige Kinder generell nicht alphabetisiert oder der lateinischen Schrift nicht mächtig sind, macht es noch 
schwieriger. „Laut Kultusministerium sind die Intensivklassen reine Sprachkurse. Wir fordern daher 
Alphabetisierungsklassen“, sagt Margaritis. Es sei auch ratsam, integrationsfördernde Fächer wie Sport oder Musik 
in den Intensivklassen-Unterricht aufzunehmen.
Die GEW pocht auf die Anbindung des Beratungs- und Förderzentrums (BfZ). „Wir haben keine Fachkräfte für 
Kinder mit Lernbehinderungen oder Traumata“, sagen die Lehrkräfte. Die Schulen bräuchten vor allem für die 
vielen traumatisierten ukrainischen Kinder Sozialarbeiter:innen und Schulpsycholog:innen – aber die sind 
Mangelware. Nur die schlimmsten Fälle würden beim BfZ auftauchen. Es sei für die Intensivklassenlehrkräfte auch 
aufreibend, dass Kinder nichtdeutscher Herkunft ausgeklammert seien vom Besuch einer Förderschule. 
Link zum PDF-Dokument"
2022-07,Main Corpus,2022-07(50).ZIP,Drei Häuser für Geflüchtete Wohnungen Munk Immobilien stellt der Stadt Ulm die Gebäude bis zum Abris.PDF,C:\PythonProjects\AfD-project\Corpora\Main Corpus\2022-07\raw_unarchive\Drei Häuser für Geflüchtete Wohnungen Munk Immobilien stellt der Stadt Ulm die Gebäude bis zum Abris.PDF,Drei Häuser für Geflüchtete Wohnungen Munk Immobilien stellt der Stadt Ulm die Gebäude bis zum Abriss,drei häuser für geflüchtete wohnungen munk immobilien stellt der stadt ulm die gebäude bis zum abriss,Südwest Presse,südwest presse,Samstag 30. Juli 2022,,ULM und NEU-ULM; S. 19; Band 78; Ausg. 174,275,1921,83acd29489962b621202d5dbc6f77a7f3a638e7a,,unique,keep,,no,,no,,,2824,no,,,,,"Ulm. Als der Ukraine-Krieg begann und die ersten Flüchtlinge in Ulm eintrafen, war für die Familie Munk schnell 
klar: „Hier muss geholfen werden.“ So schildert es Volker Munk, und nun hat die Familie geholfen. Volker Munk, der 
mittlerweile gemeinsam mit seinen Kindern Nina und Steffen das Immobilienunternehmen Munk leitet, hat der Stadt 
Ulm unentgeltlich drei Gebäude im Sanierungsgebiet Wengenviertel für die Unterbringung von Geflüchteten zur 
Verfügung gestellt.
Die drei benachbarten Häuser im Heigeleshof und an der Ecke Wengengasse standen zuletzt leer. Das 
Unternehmen Munk Bauen & Wohnen, das dort einen Neubau plant, war gerade in Verhandlungen für eine 
Interimsvermietung bis zum Abbruch, berichtet Munk. Diese Verhandlungen wurden gestoppt, um die Gebäude der 
Stadt mietfrei als Flüchtlingsunterkünfte anzubieten, berichtet Munk. „Eine Nachricht an OB Gunter Czisch brachte 
das ganze Vorhaben dann ins Rollen.“ Die Stadt ließ demnach die notwendigen Einbauten vornehmen. Die ersten 
33 Bewohnerinnen und Bewohner seien eingezogen, weitere Familien werden in Kürze folgen. „Wir freuen uns 
sehr, mit dieser Aktion als Ulmer Unternehmen ein bürgerschaftliches Engagement leisten zu können.“ Die Häuser 
seien ideal gelegen mitten in der Stadt und haben Freiflächen in einem geschützten Innenhof.
Ursprünglich sollten die Gebäude bis zum Jahresende abgerissen werden. „So lange hätten wir auch vermietet.“ 
Jetzt soll der Abbruch erst im Frühjahr erfolgen, und bis dahin können die Familien aus der Ukraine wohnen 
bleiben. Im Herbst 2023 soll dann der Bau von Wohn- und Geschäftshäusern beginnen. Geplant sind rund 30 
Wohnungen und Gewerbeeinheiten im Erdgeschoss.
In den Gebäuden hatte zuletzt unter anderem die Fachbuchhandlung Lehmanns ihre Geschäftsräume. Der 
Sedelhöfe-Investor DC Developments belegte große Flächen mit Büros während der Bauphase. ⇥cik
Link zum PDF-Dokument
Link zum PDF-Dokument"
2022-07,Main Corpus,2022-07(50).ZIP,"Ein Jahr am Strand Hunderte Afghanen, vor den Taliban gerettet, harren seit vergangenem Sommer in ei.PDF","C:\PythonProjects\AfD-project\Corpora\Main Corpus\2022-07\raw_unarchive\Ein Jahr am Strand Hunderte Afghanen, vor den Taliban gerettet, harren seit vergangenem Sommer in ei.PDF","Ein Jahr am Strand Hunderte Afghanen, vor den Taliban gerettet, harren seit vergangenem Sommer in einem",ein jahr am strand hunderte afghanen vor den taliban gerettet harren seit vergangenem sommer in einem,Die ZEIT (inklusive ZEIT Magazin),die zeit inklusive zeit magazin,14. Juli 2022,Franziska Tschinderle,ZEITMAGAZIN;Ein Jahr am Strand; S. 12-23; Ausg. 29,5066,33305,8db23df295c0e908d0d81a6e128a1cd0dda65493,,unique,keep,,no,,no,,,34761,no,,,,,"In Zimmer 403 wohnt eine afghanische Studentin, 24 Jahre alt, die in Albanien zum ersten Mal das Meer sieht.
In Zimmer 404 durchlebt ein ehemaliger Professor den schlimmsten Moment seines Lebens noch einmal: die 
Minuten, in denen er glaubte, sein Kind in der Menge am Flughafen in Kabul verloren zu haben.
In Zimmer 609 fragt sich ein junger Mann, was gewesen wäre, wenn sein Flug eine Stunde später gestartet wäre. 
Kurz nachdem die Maschine abgehoben hatte, verübten Selbstmordattentäter auf dem Flughafen einen Anschlag.
Das Rafaelo Resort an der albanischen Adria-Küste wirkt mit seinen acht Stockwerken wie eine Mischung aus 
Kongresszentrum und Plattenbau. Es ist eines der größten Urlaubs-Resorts in Nordalbanien: 30.000 Quadratmeter, 
650 Zimmer, zwei Pools, Souvenirshop, ein paar Palmen und eine Kopie der New Yorker Freiheitsstatue aus Gips. 
In dem kleinen Hafenort Shëngjin machen vor allem Albaner aus dem benachbarten Kosovo oder der Schweizer 
Diaspora Urlaub. Doch in diesem Sommer sind im Rafaelo viele der Zimmer schon dauerhaft belegt - und das nicht 
mit Urlaubern, die auf die schönsten Wochen des Jahres hoffen. 1837 afghanische Flüchtlinge hat das Rafaelo 
aufgenommen seit jenen Tagen im August 2021, in denen der Westen in Schockstarre zusah, wie die Taliban die 
Macht an sich rissen. Möglich wurde das durch das Engagement vieler nichtstaatlicher Initiativen sowie durch die 
albanische Regierung, die sich bereit erklärte, die Menschen aufzunehmen, und die Unterbringung im Hotel 
Rafaelo arrangiert hat.
Vorigen Sommer schien das Hotel der Gegenpol zu Moria auf der griechischen Insel Lesbos zu sein, dem Lager, 
das wie kein anderes für eine gescheiterte Flüchtlingspolitik steht. Aber wie kommen Menschen nach all den 
Monaten im Hotel damit zurecht, wenn es nicht vorwärtsgeht? Wenn sich kein Drittstaat findet, der sie aufnimmt? 
Wenn der Krieg in der Ukraine das eigene Schicksal in den Hintergrund zu rücken scheint? Und das Mitleid 
Grenzen hat, weil man immerhin mit Meerblick leidet?

Ein Jahr am Strand Hunderte Afghanen, vor den Taliban gerettet, harren seit vergangenem Sommer in einem 
albanischen Urlaubshotel aus. Es sollte nur ein Zwischen....
August 2021 Als die ersten Flüchtlinge am Abend des 29. August ankommen, ist es bereits dunkel. Von Albanien 
haben viele noch nie gehört, das Land vor der Abreise nur hastig gegoogelt. Mit Chartermaschinen sind sie von 
US-amerikanischen Nichtregierungsorganisationen aus Afghanistan herausgeholt worden. Nicht einmal Koffer 
haben sie dabei, nur das Allernotwendigste konnten sie mitnehmen. Vor dem Umsturz gehörten sie zur Elite 
Afghanistans, waren Politiker, Militärs, Beamte, Sportlerinnen, TikTok-Influencer oder Moderatorinnen. Viele haben 
mit den USA oder anderen westlichen Regierungen zusammengearbeitet. Erst am nächsten Morgen sehen sie, wo 
sie gelandet sind: Von den Balkonen blicken sie auf eine Poollandschaft mit grünem Rasen hinunter, sauber 
gestutzt, wie auf einem Golfplatz, in der Mitte die Freiheitsstatue.
In der ersten Zeit nach ihrer Ankunft teilen sich die Flüchtlinge das Hotel noch mit den Urlaubern. Am Pool sitzen 
Frauen in Burka neben Sommergästen im Bikini. Die afghanischen Frauen baden, wenn überhaupt, nur in langen 
T-Shirts im Hallenbad, die Männer benutzen den Außenpool. Als einmal eine Europäerin aus dem Meer kommt, nur 
mit einer Bikinihose bekleidet, springen die afghanischen Familien schlagartig auf und eilen zurück ins Hotel.
Die Zimmer unterscheiden sich in Größe und Ausstattung, aber trotzdem kosten sie für jeden Geflüchteten, egal ob 
Baby oder Erwachsener, gleich viel: Eine Nacht inklusive drei Mahlzeiten macht 25 Dollar. Zeitweise werden so 
monatlich über 1,2 Millionen Dollar zusammenkommen. Die Kosten übernehmen »die Sponsoren«, wie man sie im 
Rafaelo nennt. Ihre Namen stehen auf Listen am Eingang zum Frühstücksbuffet.
Viele gemeinnützige Organisationen sind darunter, etwa die aus dem US-Haushalt geförderte Denkfabrik National 
Endowment for Democracy (NED) oder die von Hillary Clinton gegründete NGO Vital Voices. Auch der 
Sportverband Fifa ist dabei und Tech-Konzerne wie YouTube. Albanien hat den Afghanen »temporären Schutz« 
gewährt; hier sind zwar alle in Sicherheit, aber hier Asyl beantragen, in einem der ärmsten Länder Europas, will 
keiner. Die meisten wollen als Kontingentflüchtlinge nach Kanada oder in die USA. Die NGOs verhandeln nun mit 
den Regierungen. Ein Bewohner sagt: »Das Rafaelo ist wie ein Zug. Alle haben gepackt, aber niemand weiß, wann 
es weitergeht und wohin.«
September 2021 In den ersten Monaten steigt die Zahl der Ankömmlinge von Woche zu Woche. Im September sind 
es 785, im Oktober doppelt so viele. Langsam verwandelt sich das Rafaelo von einem Hotel zu einer Wohnanlage 
für Familien.
Die Flüchtlinge wischen den ausgepumpten Pool trocken, damit die Kinder dort Fußball spielen können. Das leere 
Becken ist eine Art improvisierte Kita: Die Eltern können von ihren Balkonen aus auf ihre Töchter und Söhne 
schauen, die immer im Schwarm unterwegs sind.
Ein Drittel der Geflüchteten ist unter 15 Jahren alt. In der Lobby knattert es, weil Kinder Shooter-Spiele auf 
Smartphones zocken. Am Morgen schmuggeln sie Plastikbecher mit Nutella aus dem Frühstückssaal und 
drängen sich vor dem Automaten, der Getränke in drei Geschmacksrichtungen anbietet: Kirsche, Apfel, Pfirsich.
In einem der Zimmer lebt eine junge Mutter mit ihrem Mann, einem ehemaligen Pressesprecher der afghanischen 
Regierung, und ihren Söhnen - zwei und fünf Jahre alt. »Mama, wann sind wir in Kanada?«, fragt der Fünfjährige.
»In Kanada gibt es viel Schnee. Wir müssen warten, bis er schmilzt. Im Frühling können wir gehen.«
»Kann ein Pilot unsere Spielsachen aus Afghanistan ins Hotel fliegen?«
»Wie stellst du dir das vor, wir konnten ja noch nicht mal einen Koffer mit Kleidern mitnehmen.«
»Mama, warum hört dieser Urlaub niemals auf?«
»Weil das jetzt unser Haus ist.«
Oktober 2021 Abdurahim Rahimsai* ist nun schon seit ein paar Wochen hier, zusammen mit seinen beiden 
Ehefrauen, seinen drei Kindern und weiteren Familienmitgliedern. Doch seine Armbanduhr tickt immer noch in der 
Zeit Afghanistans. Der 62-Jährige mit dem grauen Oberlippenbärtchen sitzt in einem kleinen, weiß gefliesten Laden 
Ein Jahr am Strand Hunderte Afghanen, vor den Taliban gerettet, harren seit vergangenem Sommer in einem 
albanischen Urlaubshotel aus. Es sollte nur ein Zwischen....
gegenüber dem Hotel Rafaelo. Die Regale sind vollgepackt mit Süßigkeiten, Müsli, Spülmittel, Klopapier, 
Sonnencreme und Bällen, mit allem eben, was Touristen so brauchen können.
Mit seinen Ledersandalen, den dunklen Brillengläsern und der Schirmmütze könnte Rahimsai auch ein Tourist 
sein. Gelangweilt knackt er Kürbiskerne, nimmt schließlich die Brille ab, scannt seine Iris mit dem Smartphone, um 
eine App zu öffnen, und überprüft die Lage in seinem Haus in Kabul, einer fünfstöckigen, lachsfarbenen Villa mit 
Lift, die kurzzeitig von Verwandten bewohnt war. Das Einzige, worauf Rahimsai noch Zugriff hat, ist eine 
Überwachungskamera. Vor Kurzem schlug die App Alarm, und er konnte live beobachten, wie Taliban mit 
Kalaschnikows in sein Haus eindrangen, alles durchsuchten und die Verwandten fesselten und abführten.
Rahimsai wird von manchen »der Pilot« genannt, weil er in den Achtzigerjahren Einsätze gegen die Mudschahedin 
geflogen ist. Seine Geschichte steht wie kaum eine andere im Hotel für den Bedeutungsverlust einer vom Ausland 
geschaffenen Elite.
Er stammt aus dem Pandschir-Tal, seit je eine Bastion des Widerstands gegen die Taliban. 2001 verbrachte er 
mehrere Monate in einem Foltergefängnis der Taliban. Ein ehemaliger deutscher Mitgefangener bestätigt diese 
Aussage.
Heute, so glaubt Rahimsai, suchten die Islamisten nach ihm, weil er für die US-amerikanische Logistikfirma Red 
Orange gearbeitet hat. Diese versorgte westliche Botschaften und die US-Streitkräfte mit Computern, 
Solaranlagen, Glasfaserkabeln, Beton, Toiletten, Feldküchen, Ventilatoren und vielem anderen mehr. »Ich habe 
alles geliefert, was sie wollten«, sagt Rahimsai. In 16 Jahren sei da viel Geld zusammengekommen. Wenn die 
Taliban nicht seine Konten gesperrt hätten, wäre er Millionär. Sein Kontostand lässt sich nicht überprüfen, wohl 
aber, dass er tatsächlich für die Logistikfirma tätig war.
»Wir hatten das beste Leben in Afghanistan«, sagt er wehmütig. Früher sei er ständig auf Geschäftsreisen 
gewesen: in Las Vegas, Australien, Istanbul, Dubai. Jetzt ist seine Welt auf 20 Quadratmeter geschrumpft, und 
damit ist er noch besser dran als viele andere im Hotel: Er verkauft Bananen, Schokoriegel und Erdnüsse im Laden 
von Xhovalin Koca, den im Hotel alle nur »Xhaxha« nennen, albanisch für Onkel.
Xhaxha ist Anfang 60, Atheist, mit einem alten Ford Fiesta vor der Tür und einer kleinen Enkelin, nach der er 
seinen Laden benannt hat: Marla. Als die ersten Familien im Hotel ankamen, schenkte der Albaner den Kindern 
Schokolade und Lollipops. »Aber dann wurden es so viele, dass ich aufhören musste. Ich wäre pleitegegangen«, 
sagt er.
Eines Tages gab die Sicherheitskamera in seinem Laden ihren Geist auf, und Rahimsai bot ihm an, sie zu 
reparieren. So ist eine ungewöhnliche Freundschaft zwischen dem Afghanen und dem Albaner entstanden. Seit 
jenem Tag führen sie den Laden praktisch gemeinsam.
Für Rahimsai ein guter Grund, morgens aufzustehen. Denn das Nichtstun zermürbt. Im Fitnessstudio stemmen 
ehemalige afghanische Regierungsberater Hanteln. Sie erzählen, dass sie früher 60 Stunden die Woche gearbeitet 
haben und sich nun zum ersten Mal in ihrem Leben nutzlos fühlen. Andere haben vorübergehend eine Arbeit 
gefunden: als Zahnärzte, Übersetzer oder Kindergärtnerinnen. Eine Gruppe Journalisten hat im Hotel eine 
Exilredaktion aufgebaut, zwei junge Frauen haben am Strand ein Restaurant eröffnet. Albanien gestattet das den 
Geflüchteten, obwohl die Arbeitslosigkeit im Land hoch ist. Ressentiments bekommt man kaum zu spüren. Fragt 
man die Einheimischen nach den Afghanen, hört man meist dasselbe: »Wir Albaner wissen, was Flucht bedeutet« - 
und dann erzählen sie von den Neunzigerjahren, als nach dem Zusammenbruch des Kommunismus verzweifelte 
Menschen wie Trauben an überfüllten Frachtern hingen, die nach Italien fuhren.
Hinter dem Hafen von Shëngjin verläuft eine holprige Straße die Küste entlang. Wenn man ihr folgt, landet man in 
den Dünen, in Rëra e Hedhur, was übersetzt »Geworfener Sand« bedeutet.
Ein Jahr am Strand Hunderte Afghanen, vor den Taliban gerettet, harren seit vergangenem Sommer in einem 
albanischen Urlaubshotel aus. Es sollte nur ein Zwischen....
Hier ist der Sonnenuntergang am schönsten. Mustafa Noorsi weiß das, denn er postet oft Fotos von 
Sonnenuntergängen. Auf Instagram unterlegt er die Bilder mit den Songtexten seiner Lieblingsballaden, wie etwa: 
»Tears stream down your face / When you love something you cannot replace«.
Mustafa ist 20 Jahre alt, aber seine Piepsstimme und sein helles Lachen klingen, als stecke er noch in der 
Pubertät. Er kommentiert das Aussehen der Frauen, die am Strand im Badeanzug an ihm vorbeigehen, 
beeindruckt und unsicher zugleich. Er macht sich viele Gedanken über das andere Geschlecht. In einer Sache ist 
er sich schon sicher: »Ich will eine starke Frau«.
Von dem Moment an, als seine Maschine Ende August in Tirana gelandet ist, hat er alles gefilmt, seinen Sommer 
im Hotel: Mustafa am Pool, Mustafas Turnschuhe, Mustafas Fäuste vor einem Boxautomaten. Seine Instagram-
Stories sind sein Tagebuch und seine Art, die Zeit totzuschlagen.
Dezember 2021 Mitte des Monats erreicht die Zahl der Flüchtlinge im Hotel ihren Höchststand: 1625. In der Küche 
werden pro Woche nun 17.500 Eier gebraten.
In der Kneipe im Erdgeschoss ist jetzt ein Kindergarten, im Konferenzsaal eine Art Bibliothek mit gespendeten 
Büchern und im ehemaligen Büro der Security-Männer ein Klassenzimmer. NGOs haben Lehrer aus Kanada und 
den USA engagiert.
Der Mann, bei dem alle Fäden zusammenlaufen, sitzt an einem Schreibtisch in der Bibliothek, die Freiheitsstatue 
im Rücken und ein Sandwich auf dem Schoß. Chris Lay, 37, Amerikaner, hat als Geschäftsmann in Afghanistan 
gearbeitet und spricht Paschtun. Die Organisation Afghan Future Fund hat ihn als externen Berater angeheuert, für 
die Flüchtlinge ist er der camp manager, wie sie ihn nennen. Eigentlich, erzählt Lay, sei er nur für Gesundheit und 
Bildung zuständig, aber mittlerweile landen auch andere Anliegen auf seinem Schreibtisch: Windeln müssen verteilt 
werden, der Reis am Buffet schmeckt fremd, das WLAN funktioniert in vielen Zimmern nicht. Er hilft auch beim 
Übersetzen von E-Mails, denn viele Geflüchtete wenden sich selbst an westliche Botschaften, oft mithilfe von 
Verwandten oder anderen Unterstützern.
An Silvester fährt Mustafa Noorsi in die Hauptstadt Tirana, auf das erste Live-Konzert seines Lebens. Obwohl er 
fast in eine Schlägerei verwickelt wird, sagt er hinterher: »Meine beste Nacht in Albanien.«
Der alte Mann aus Zimmer 503 geht jetzt manchmal am Strand spazieren. 85 sei er - damit wäre er der älteste 
Bewohner des Hotels. Er gräbt mit seinem Gehstock Muscheln aus dem nassen Sand. Er sei fast blind, und an 
seine Ankunft im Hotel könne er sich nicht mehr erinnern. »Meine Tochter hat mich gezwungen, mitzukommen«, 
klagt er.
Januar 2022 Oft pfeift der Wind kalt durch die Anlage, im leeren Pool sammeln sich Laub und Plastikmüll. Ein 
Albaner sucht mit einem piepsenden Metalldetektor am Strand nach Münzen. In den Zimmern kommt nun heiße 
Luft aus den Klimaanlagen. Die Stimmung im Rafaelo fängt langsam an zu kippen. Die Gespräche werden immer 
sorgenvoller.Der Professor aus Zimmer 404, ein Mittvierziger im grauen Pullover von der Kleiderspende, sagt: »Im 
Sommer haben wir allen Journalisten erzählt, wie schön es hier ist. Mittlerweile wollen wir einfach nur ein normales 
Leben.«
Mustafa Noorsi fällt auf, dass in Shëngjin die immergleichen Wohlfühlsongs laufen, egal, wohin man geht: in den 
Shisha-Bars am Strand, im Café in den Dünen und auch im Restaurant des Rafaelo. Nicht nur die Musik ist öde. 
»Manche hier schlafen bis elf Uhr am Vormittag«, sagt er. Das untätige Warten reibt alle auf. Und das WLAN 
funktioniert immer noch nicht.
Mustafa hat vor seiner Flucht allein in Kabul gelebt, er hat eine Ausbildung als Grafikdesigner gemacht und bei 4so 
gearbeitet, einer Social-Media-Redaktion, die Unterhaltungsvideos für ein junges Publikum gepostet hat - zum 
Beispiel über den besten Burger-Shop in Kabul. Seine Familie bezeichnet er als einflussreich, hält sich sonst aber 
bedeckt. Nur so viel will er sagen: Sie hatte ihr Haus an eine US-amerikanische Organisation vermietet, und er 
selbst habe in sozialen Netzwerken kritische Postings über die Taliban geteilt. Fragt man ihn, warum der Rest 
Ein Jahr am Strand Hunderte Afghanen, vor den Taliban gerettet, harren seit vergangenem Sommer in einem 
albanischen Urlaubshotel aus. Es sollte nur ein Zwischen....
seiner Familie zurückgeblieben ist, sagt er nur: »Weil ich der Einzige war, der nach Kabul gezogen ist.« Er vermisst 
seine Familie, seinen kleinen Bruder vor allem, aber immerhin hat er mittlerweile drei Freunde im Hotel gefunden, 
große, muskulöse Typen, älter als er, die mit ihm in der Shisha-Bar am Strand herumhängen. Mustafas großer 
Traum ist es, mit einem Motorrad von Kanada in die USA zu fahren. Er glaubt sogar, dafür schon die passende 
Begleitung gefunden zu haben. Sie ist 18 Jahre alt und lebt auch im Hotel. Die beiden schicken sich Herzchen-
Emojis hin und her. Aber wenn sie einander begegnen, grüßen sie sich nur, mehr nicht. Er findet es mutig, dass 
sie ihn angesprochen hat, weil er manchmal im Hotel als Übersetzer arbeitet. Warum bittet er sie nicht einfach um 
ein Date? »So läuft das hier nicht«, sagt Mustafa, »man muss so etwas im Hotel geheim halten.«
Im Rafaelo spricht sich alles schnell herum. Und das ist nicht immer vorteilhaft. Denn einiges läuft hier nicht so viel 
anders als in Afghanistan. In der Öffentlichkeit Alkohol zu trinken ist ein Tabu. Afghaninnen im Bikini sind es 
ebenso. Auch zu viel Kontakt zwischen Unverheirateten wird nicht gern gesehen. Wenn die Flüchtlinge zum Beten 
in die Schwimmhalle gehen, pünktlich um 17 Uhr, sind Männer und Frauen getrennt durch den leeren blau 
gekachelten Pool zwischen ihnen.
Der Professor aus Zimmer 404 sitzt in Winterjacke im Speisesaal, ein Hühnerbein zwischen den Fingern, einen 
Stapel Toastbrot auf seiner Serviette. Die albanischen Hotelmitarbeiter wischen die mit schwarzer Folie 
überzogenen Tische sauber und werfen Essensreste in den Mülleimer. »Ein Hotel kann niemals ein Zuhause sein«, 
sagt er.
Jeden Montag trifft sich die afghanische Nationalmannschaft der Basketballerinnen - oder zumindest das, was von 
ihr übrig geblieben ist. Die eine Hälfte versteckt sich immer noch in Afghanistan vor den Taliban, die andere wurde 
in letzter Sekunde vom Fußball-Weltverband Fifa evakuiert.
»Als unser Flugzeug abhob, habe ich geweint. Vor Glück, weil ich jetzt alles tun kann, was ich möchte. Vor Trauer, 
weil ich meine ganze Familie zurückgelassen habe«, erinnert sich Maryam Ehsani, eine der jungen Sportlerinnen. 
Die 28-Jährige ist groß, sie trägt bequeme Kleidung, geht aber nie ungeschminkt aus dem Zimmer, die Lippen 
hellrosa angemalt, die Augen schwarz umrandet, die Brauen nachgezeichnet. Wenn die Verwandten aus 
Afghanistan per Video anrufen, bindet sie sich ein Kopftuch um. Danach nimmt sie es wieder ab.
Gerade steht sie, die Kapuze ihres Adidas-Pullis über den Haaren, auf der Terrasse und dreht einen Basketball auf 
ihrem Zeigefinger. »Vor der Abreise in Kabul haben sie uns gesagt, dass wir in ein paar Wochen in Kanada sein 
werden«, sagt sie. Es kam anders: Bevor Ehsani im November im Rafaelo landete, saß sie einen Monat in Katar 
fest. Die kanadische Regierung hatte für die Sportlerinnen einen sogenannten Schutzbrief ausgestellt, damit diese 
Afghanistan überhaupt verlassen konnten. Seither hofft Ehsani, dass sie eines Tages dort leben kann. Um ihren 
Fall kümmert sich die Fifa, die auch Athleten anderer Sportarten betreut.
Ehsani wirkt oft geistesabwesend, wie betäubt. Während ihre Mannschaftskameradinnen im Zimmer zusammen 
Tee trinken, sitzt sie auf einem Stuhl vor der Tür, das Gesicht in den Händen vergraben, weil ihr Vater in 
Afghanistan krank geworden ist. Am Telefon sagt er: »Ich bin froh, dass du nicht mehr hier bist.« Er weiß: Für eine 
junge Sportlerin gibt es keine Zukunft im neuen Afghanistan. Eine der Spielerinnen erzählt, dass ihre Eltern ihre 
Pokale und Medaillen aus Angst vor den Taliban in einen Fluss geworfen haben.
Als die Basketballerinnen im Hotel ankamen, durften sie die schönsten Zimmer beziehen: Queen-Size-Betten, 
Terrassen mit Meerblick. Doch nun müssen sie umziehen, weil Bauarbeiter die Klimaanlage reparieren. Auf dem 
Flur laufen die Frauen durcheinander, ein Skateboard rollt über den Laminatboden, die Spielerinnen stopfen 
Trikots in schwarze Plastiksäcke und schieben ihre Sporttaschen in den Lift.
Ehsani zieht in den vierten Stock von Sektion G. Ein Downgrade: In den Häuserblocks mit der ockerfarbenen 
Fassade funktionieren weder WLAN noch Fernseher.
Februar 2022 Am Dienstag, dem 1. Februar, um 16.30 Uhr, kommt die E-Mail, auf die Mustafa Noorsi seit Monaten 
wartet. Er breitet die Arme aus, als hätte er eben ein Tor geschossen. Nur noch ein Gespräch mit den kanadischen 
Behörden, dann bekommt er endlich sein Flugticket. Doch bevor er das Rafaelo verlässt, will er unbedingt das 
Ein Jahr am Strand Hunderte Afghanen, vor den Taliban gerettet, harren seit vergangenem Sommer in einem 
albanischen Urlaubshotel aus. Es sollte nur ein Zwischen....
Mädchen, das ihn im Hotel immer anlächelt, kennenlernen. Für das erste Date hat er eine hellrosa gestrichene 
Konditorei in der nächstgrößeren Stadt ausgesucht, in Vitrinen stehen Kuchen in Herzform. »Vielleicht wird es wie 
in der Serie How I Met Your Mother sein«, sagt er, »und ich erzähle mal unseren Kindern, wie wir uns im Rafaelo 
kennengelernt haben.«
»Xhaxha, wach auf!«, ruft Abdurahim Rahimsai. Es ist 16 Uhr, und der Albaner liegt, eine grüne Wollmütze über die 
Augen gezogen, auf dem Feldbett hinter dem Verkaufstresen. Für einen Moment sieht er aus, als wisse er nicht, wo 
er ist. Mitten im Winter ist im Laden normalerweise nichts los. Doch die Flüchtlinge haben Xhaxhas Rhythmus 
durcheinandergebracht.
Das Baby im weißen Strampelanzug gluckst und strahlt, während Rahimsai es auf nur einer Hand balanciert, als 
wäre es ein Pokal. Er steht im Laden, wie jeden Tag. Das Baby ist der Sohn seines Cousins, der ebenfalls im Hotel 
lebt. Es war gerade mal drei Monate alt, als es laut schreiend in einem heißen und überfüllten Charterflieger 
evakuiert wurde. Und es hat keinen Pass, weil ihm während der Wirren des Umsturzes keiner ausgestellt worden 
ist. Aus diesem Grund geht es für die ganze Familie nicht weiter.
»Hajde të Gjyshi« - »Komm zu Opa«, sagt Xhaxha. In den letzten Monaten ist der Albaner Teil von Rahimsais 
Familie geworden. Er überlässt den Afghanen den Schlüssel für sein Auto und die Aufsicht über die Kasse. Als 
Dankeschön räumen sie die Regale ein. Wenn der Lieferwagen einen Karton Brandy bringt, scherzen sie: »In 
Afghanistan kommt man dafür ins Gefängnis.«
Der Albaner nennt den Afghanen »Kommandant« und der Afghane den Albaner »Big Boss«. Sie sprechen die 
Sprache des anderen nicht, aber irgendwie verstehen sie einander. Als die Schwiegermutter von Rahimsai in 
Afghanistan stirbt, kommt Xhaxha mit einer Packung Kaffee im Hotel vorbei, um sein Beileid auszusprechen. 
Einmal nimmt er seinen afghanischen Freund auf ein Begräbnis mit. Der wundert sich, dass Christen und Muslime 
in Albanien nebeneinander begraben liegen. »Ich wollte ihm zeigen, dass es keinen Sinn macht, Menschen zu 
trennen«, sagt Xhaxha.
Salat, Hühnerschnitzel, Bohneneintopf, zum Frühstück Spiegelei und Nutella-Brot: Weil das Buffet im Hotel den 
Afghanen über die Monate etwas eintönig wird, kochen die beiden Frauen von Rahimsai auf dem Balkon - 
gedämpften Reis mit Rosinen, Mandeln, Karotten und Rindfleisch.
Gelegentlich taucht auch Xhaxha im Hotel auf, manchmal mit seiner Frau und manchmal ohne. Man lacht und fällt 
sich in die Arme, das Baby im Strampelanzug wird von Schoß zu Schoß gereicht. Doch bei aller Freundschaft wird 
auch deutlicher, was den Afghanen und den Albaner trennt.
Xhaxha: »Entweder die Frauen sitzen mit am Tisch, oder ich gehe!«
Rahimsai: »Aber wir haben nicht genügend Stühle, schau doch!«
»Nicht nur eine Frau, alle!«
»Beruhige dich, Xhaxha!«
Am Ende des Streits darf der achtjährige Sohn von Rahimsai sitzen bleiben, während die Ehefrauen auf die Couch 
ausweichen. Immer wieder wandert der Blick von Xhaxha zu den Frauen hinüber. »Eine Familie ist man nur, wenn 
alle zusammensitzen«, murmelt er leise, aber sichtlich aufgebracht auf Albanisch.
März 2022 Die Frauen von Rahimsai sind beide Mitte vierzig, sie ziehen die drei Kinder zusammen groß und 
werden von allen Mama genannt. An einem Tag im März ist das Hotelzimmer der Familie mit Luftballons 
geschmückt. Der Jüngste feiert seinen neunten Geburtstag, auf dem Tisch steht eine große Sahnetorte. Rahimsai 
und die beiden Frauen halten zu dritt das Messer in der Hand und schneiden, den Sohn in ihrer Mitte, ein Stück 
Torte ab.
Ein Jahr am Strand Hunderte Afghanen, vor den Taliban gerettet, harren seit vergangenem Sommer in einem 
albanischen Urlaubshotel aus. Es sollte nur ein Zwischen....
Doch richtig ausgelassen wird die Party erst, als die Männer hinunter in den Laden gehen. Auf YouTube läuft eine 
Arab-Dance-Playlist, und die Ehefrauen tanzen miteinander. Sie wiegen sich zur Musik wie Schilf im Wind. Es 
sieht aus, als hätten sie das schon oft gemacht.
Maryam Ehsani sitzt an der Strandpromenade und erzählt von ihrem Leben als Sportlerin in Afghanistan. »Wenn 
wir ein Match hatten, stand das Militär um die Halle herum, um uns zu schützen«, sagt sie. In Shëngjin hat niemand 
etwas gegen Frauen, die Basketball spielen. Hier ist das Problem ein anderes: Es gibt keinen Sportplatz. Die 
Afghanen spielen deswegen Volleyball am Strand, Männer und Frauen zusammen, allerdings außer Sichtweite des 
Hotels, damit keiner der konservativen Afghanen sich daran stören kann.
Abends macht Ehsani mit ihrem Trainer manchmal ein Lagerfeuer am Strand. »Wir hören Musik und weinen«, sagt 
sie. Im Hotel lästern einige, warum sie, eine unverheiratete Frau, so lange mit einem »fremden« Mann am Strand 
sitze. Dabei ist ihr Trainer einer ihrer besten Freunde, sie kennen einander seit zehn Jahren.
Was Ehsani beruhigt, ist das Meer. »In Afghanistan gibt es ein Sprichwort: Sei wie das Meer.« Bei einem 
Spaziergang in den Dünen erklärt sie, was das heißt: Auch wenn man innerlich aufgewühlt ist, versucht man, nach 
außen hin Ruhe zu bewahren.
Gegen die lähmende Langeweile helfen ihr nur die Freundschaftsspiele. Am 8. März, dem Internationalen 
Frauentag, setzt sich Ehsani mit ihrem Team in einen Bus und postet auf Instagram ein Video der 
vorbeiziehenden Landschaft. In einer Stadt hundert Kilometer südlich von Shëngjin steigt sie aus, die Lippen wie 
immer rosa geschminkt, statt eines Kopftuchs trägt sie ein graues Stirnband. Das Spiel findet in einer unbeheizten 
Sporthalle aus der Zeit des Kommunismus statt. Bevor es losgeht, fassen sich die afghanischen und die 
albanischen Spielerinnen an den Händen und tanzen im Kreis, während aus den Boxen albanische Volkslieder 
schallen.
Am Ende steht es 50 : 52. Die afghanischen Profi-Spielerinnen haben gegen die Hobby-Lokalmannschaft verloren.
Auch Mustafas Date in der Konditorei war ein Reinfall. Doch falls er enttäuscht ist, lässt er es sich nicht anmerken. 
Mit seinem neuen, frisch vom Friseur ausrasierten Undercut sitzt er im weißen T-Shirt in einer Beachbar. »Es hat 
einfach nicht gefunkt zwischen uns«, sagt er achselzuckend. »Ich bin ohnehin zu jung, um zu heiraten.«
April 2022 Langsam wird es wärmer, und die Küste erwacht aus dem Winterschlaf. Vor dem Rafaelo ist ein 
Popcornwagen aufgetaucht, wie ein Vorbote der Touristen. Überall hört man Gehämmer und Bohrmaschinen, 
Bauarbeiter errichten neue Hotels und Apartmenthäuser. Alle hier wollen am Tourismus mitverdienen.
An einem dieser Frühlingstage steigt ein greiser Ingenieur aus dem Auto, unter den Arm eine gelbe Mappe 
geklemmt. Er ist gekommen, um in Rahimsais Auftrag die Bausubstanz eines leer stehenden Hotels in der Nähe zu 
prüfen. Zweite Reihe, vierstöckig, mit Dachterrasse und Bar im Erdgeschoss. In den Schlössern der Zimmertüren 
stecken noch die Schlüssel, auf der Espressomaschine liegt feiner Kaffeestaub.
Xhaxha trägt eine weiße Schirmmütze und eine kleine Umhängetasche vor der Brust, Rahimsai einen Hugo-Boss-
Jogginganzug und eine Schweizer Luxusuhr. Er will in Shëngjin investieren. Er glaubt, dass der Ort noch viel 
Potenzial hat, auch wenn ihm bewusst ist, dass ohne Korruption in Albanien nichts läuft - Rahimsai bleibt trotz 
allem Optimist. Er ist davon überzeugt, dass er und seine Familie früher oder später Asyl in den USA erhalten 
werden. Und in den Sommern will er zurückkehren nach Shëngjin und sein Hotel führen.
Der Ingenieur schätzt: 900.000 Dollar plus Renovierung. Rahimsai bekundet Interesse. Auf dem Flachdach des 
Gebäudes stehend betont er: »Ihr müsst wissen, dass wir keine Wirtschaftsflüchtlinge sind«, und lässt seinen Blick 
über das Meer schweifen.
Doch trotz des anvisierten Hotelkaufs ist seine Laune nicht die beste, was womöglich auch am Ramadan liegt. Mit 
dem Fasten breitet sich unter den Hotelgästen Trägheit aus. Xhaxha, der Atheist, bestellt in einem Restaurant an 
Ein Jahr am Strand Hunderte Afghanen, vor den Taliban gerettet, harren seit vergangenem Sommer in einem 
albanischen Urlaubshotel aus. Es sollte nur ein Zwischen....
der Hauptstraße gebratenen Fisch und als Nachspeise Zitronensorbet. Rahimsai sitzt daneben und schaut zu. 
»Ramadan ist gut für die Figur«, sagt er, mehr zu sich selbst als zu Xhaxha.
Nach und nach leert sich das Rafaelo, immer mehr Zimmer sind nun unbewohnt. Wenn man am Pool den Kopf in 
den Nacken legt, sieht man: Nur auf einigen Balkonen flattert noch Wäsche.
Der Professor aus Zimmer 404 ist abgeflogen, ebenso die Studentin, die in Albanien zum ersten Mal das Meer 
gesehen hat. Und nach insgesamt 218 Tagen im Hotel Rafaelo ist auch Mustafa an der Reihe. »Some dreams are 
meant to come true«, postet er auf Instagram nach seiner Abreise. In Calgary, der drittgrößten Stadt Kanadas, 
landet er erst mal wieder in einem Hotel voller Afghanen, einem Holiday Inn. »Das Rafaelo war viel schöner«, sagt 
er am Telefon.
Mai 2022 Mit der Ankunft der ersten Touristen entstehen neue Konflikte. Für einige Tage untersagt das Hotel den 
Flüchtlingen, im Pool zu schwimmen, weil so viele Urlauber da sind. Außerdem sind manche Zimmer seit einiger 
Zeit nicht bezahlt worden, sagt Chris Lay, der Hotel-Koordinator. Die Rezeption im Rafaelo hat deswegen die 
Pässe einiger Familien zeitweise konfisziert. Und die Flüchtlinge haben eine Demonstration organisiert. Videos 
zeigen, wie sie ein weißes Banner hochhalten: »Wir wollen in die USA evakuiert werden«. Auch Rahimsai ist dabei.
Chris Lay sagt, dass nun vor allem die komplizierten Fälle übrig geblieben sind: Menschen, die für eine Firma 
gearbeitet haben, die es nicht mehr gibt, oder die einfach Verwandte mitgebracht haben, obwohl diese nie für eine 
westliche NGO gearbeitet haben. »Es wird Menschen geben«, sagt er, »die keine andere Wahl haben werden, als 
hier in Albanien zu bleiben.«
Juni 2022 In Shëngjin wird am Strand getanzt, DJs bauen Mischpulte unter Kiefern auf, Tausende Festivalbesucher 
strömen in die Bucht. Die Souvenirläden verkaufen Strandtücher mit dem albanischen Doppeladler, die Fast-
Food-Buden Souflaki für zwei Euro. Elektrobeats schallen bis zum Rafaelo herüber, in dem immer noch 800 
Afghanen ausharren. Chris Lay erzählt, dass in den vergangenen zehn Monaten mehr als 20 afghanische Kinder 
geboren wurden.
Xhaxha hat die Tür ausgehängt, weil der Shop jetzt 24 Stunden geöffnet hat. Über dem Eingang prangt ein neues, 
knallrotes Coca-Cola-Schild. Davor macht das Baby im Strampelanzug seine ersten Schritte. Für Abdurahim 
Rahimsais große Familie ist immer noch keine Lösung in Sicht. Ihre Evakuierung organisierte ein Anwaltsbüro in 
Washington, dann übernahm ein »Afghan Rescue Project« und hielt wöchentliche Video-Calls mit den Geflüchteten 
ab. Seit einiger Zeit hat Rahimsai von den Leuten nichts mehr gehört. Im Hotel sagen sie, die NGO schulde dem 
Hotel bereits zwei Millionen Dollar Miete. Das Afghan Rescue Project antwortet auch nicht auf Anfragen des 
ZEITmagazins. Rahimsai ist bitter geworden. »Ich habe mein Leben für die USA aufs Spiel gesetzt«, sagt er, »und 
jetzt haben sie mich hier zurückgelassen.«
Mustafa Noorsi postet auf Instagram Bilder aus einer anderen Welt: im weißen Pullover mit Gucci-Emblem bei 
Starbucks, mit Dreitagebart vor Wolkenkratzern. »Kanada ist ein gutes Land«, sagt er am Telefon, »seit ich 
angekommen bin, hat mich noch nie jemand Flüchtling genannt. Stattdessen sagen die Menschen einfach nur 
]Willkommen[ zu mir.«
Auch die Basketballspielerin Maryam Ehsani fasst neue Hoffnung: Eine ehemalige Tennisspielerin, Gründerin der 
Organisation Equality League, die sich für Frauen im Sport einsetzt, ist in Shëngjin angekommen. Sie will so lange 
in Albanien bleiben, bis die Mannschaft weiterreisen darf. Mittlerweile zeichnet sich ab, dass die Basketballerinnen 
womöglich in Tennessee leben werden, also in den USA und nicht in Kanada. Ehsani will dort Basketballerinnen 
trainieren, die im Rollstuhl sitzen.
Nun, da sich endlich eine Zukunft abzeichnet, öffnet sie sich mehr und macht ihren Gefühlen Luft. »Das Rafaelo«, 
sagt sie, »ist wie ein kleines Afghanistan.« Hier hätten sich die Traditionen, vor denen sie geflohen sei, wie in einem 
Mikrokosmos konserviert. Monatelang hat sie an einem Strand gelebt, aber war nie in einem Bikini schwimmen. 
»Ich will endlich richtig frei sein«, sagt sie.
Ein Jahr am Strand Hunderte Afghanen, vor den Taliban gerettet, harren seit vergangenem Sommer in einem 
albanischen Urlaubshotel aus. Es sollte nur ein Zwischen....
***
Hinter der Geschichte: Von September 2021 bis Juni 2022 besuchten Franziska Tschinderle und der Fotograf Ilir 
Tsouko das Rafaelo mehrere Male. Insgesamt verbrachten sie dort drei Wochen. Tsouko stammt aus Albanien, 
Tschinderle ist Journalistin in Tirana. Über den gesamten Zeitraum verfolgte die Reporterin das Leben der 
Geflüchteten per Telefon, über Instagram und WhatsApp. Ergänzend sprach sie mit dem albanischen 
Premierminister Edi Rama, der EU-Vertretung und der deutschen Botschaft in Albanien
* Die Namen aller im Text erwähnten Afghanen wurden aus Sicherheitsgründen geändert
 Liegen und Sonnenschirme des Rafaelo Resort an der albanischen Adria-Küste
 Die Freiheitsstatue vor dem Hotel ist aus Gips. Abdurahim Rahimsai arbeitete für eine US-amerikanische 
Logistikfirma
 Ein Drittel der geflüchteten Afghanen im Hotel ist unter 15 Jahren alt
 Mustafa Noorsi flüchtete allein aus seiner Heimat. Vor der Eingangshalle gibt es WLAN
 Die Basketball-Nationalspielerin Maryam Ehsani stört es, dass das Hotel wie ein kleines Afghanistan ist"
2022-07,Main Corpus,2022-07(50).ZIP,Ein Jahr lang Pate für Flüchtlingsfamilie Der frühere AOK-Vorstandsvorsitzende Wilfried Jacobs begle.PDF,C:\PythonProjects\AfD-project\Corpora\Main Corpus\2022-07\raw_unarchive\Ein Jahr lang Pate für Flüchtlingsfamilie Der frühere AOK-Vorstandsvorsitzende Wilfried Jacobs begle.PDF,Ein Jahr lang Pate für Flüchtlingsfamilie; Der frühere AOK-Vorstandsvorsitzende Wilfried Jacobs begleitet,ein jahr lang pate für flüchtlingsfamilie der frühere aokvorstandsvorsitzende wilfried jacobs begleitet,Rheinische Post,rheinische post,Dienstag 19. Juli 2022,Bärbel Broer,S. 20,658,4620,f264ea1976d6e5a478eccedceb2ef4a48060d71d,,unique,keep,,no,,no,,,6018,no,,,,,"Bärbel Broer
Korschenbroich „Mama, müssen wir jetzt hier sterben?“ Als ihr Sohn Arsen im Keller des Wohnhauses in Kiew zu 
Beginn des Krieges diese Frage stellte, war Maryna Hanzha sofort klar, dass sie die Stadt verlassen muss. 
Unmittelbar nach Kriegsbeginn war sie mit ihrem zehn Jahre alten Sohn sowie einer Freundin und deren zwei 
Kindern zunächst aufs Land geflüchtet. Als Anfang März auch dort Bomben in unmittelbarer Nähe ihrer neuen 
Zuflucht einschlugen, flüchteten die fünf nach Deutschland.
Seit Mitte März sind sie in Korschenbroich untergebracht. Zunächst lebten sie in Glehn. Ein Ehepaar hatte sie privat 
aufgenommen. Doch die 28 Quadratmeter waren für die fünf Personen bald zu eng. Die Freundin konnte eine neue 
Unterkunft in Mönchengladbach finden, Maryna Hanzha und ihr Sohn in Kleinenbroich. Dass sie dort sogar eine 60-
Quadratmeter-Wohnung beziehen durften, haben sie vor allem Wilfried Jacobs zu verdanken.
Der frühere Vorstandsvorsitzende der AOK Rheinland/Hamburg hatte bereits vor Monaten mit dem Sozialamt 
Kontakt aufgenommen und signalisiert, dass er eine kleine Familie im Rahmen eines Paten-Projekts ein Jahr lang 
unterstützen will. Er hatte auch die möblierte Wohnung in Kleinenbroich gefunden und zahlt den Differenzbetrag 
zwischen dem üblichen Unterstützungssatz und der tatsächlichen Miete.
Er sei von Kind auf zum Helfen erzogen worden, erklärt er seine Motivation. „Wenn es einem selbst gut geht, dann 
sollte man anderen helfen.“ Dass Maryna Hanzha und ihr Sohn diese Unterstützung erhalten, ist eher dem Zufall 
geschuldet. „Mir geht es nicht darum, diese Familie zu bevorzugen. Auch soll sich Maryna nicht beobachtet fühlen“, 
erklärt Jacobs. „Ich möchte vielmehr erfahrbar machen, wie man Integration sinnhaft fördern kann.“

Ein Jahr lang Pate für Flüchtlingsfamilie; Der frühere AOK-Vorstandsvorsitzende Wilfried Jacobs begleitet 
gemeinsam mit Freunden eine ukrainische Mutter und der....
Gemeinsam mit drei befreundeten Familien übernimmt Jacobs die Begleitung. Dafür haben sie ein Spendenkonto 
eingerichtet. Zudem organisiert er mit Freunden Fahrräder, Bekleidung, Bettbezüge, Kochgeschirr, aber auch 
Spielzeug. Ziel sei es, so Jacobs, der kleinen Familie darüber hinaus zu helfen – beispielsweise bei der 
Kinderbetreuung oder der Arbeitsplatzsuche für Maryna Hanzha, die in der Gastronomie tätig war. Damit die 
Verständigung mit Hanzha, die etwas Englisch spricht, klappt, hat er Anna Garkavenko als Übersetzerin im 
Rahmen eines Minijobs angestellt. Die gebürtige Ukrainerin spricht russisch, ukrainisch, englisch und deutsch. 
Denn Jacobs sieht „sein“ Vorhaben als Projekt an, um auch mögliche Probleme im Alltag feststellen und im besten 
Fall lösen zu können.
Gerade die deutsche Bürokratie sei eine Herausforderung für die Flüchtlinge, habe er festgestellt. „Bis zu sechs 
verschiedene Behörden sind beteiligt: das Sozialamt, die Erfassungsstelle, das Ausländeramt, die 
Integrationsstelle, das Schulamt, das Jobcenter und eben auch die Krankenkassen“, sagt Jacobs. „Teilweise für 
mich als Mann der Verwaltung zum Verzweifeln.“ Seit auch er manche Behördengänge begleitet hat, weiß er: „Ich 
habe bis zu zehn Stunden damit schon verbracht. Das Problem sind aber die Vorschriften, nicht die Mitarbeiter.“
Derartige Schwierigkeiten dokumentiert er ebenso wie mögliche Lösungsansätze. Es wäre ideal, wenn es eine 
einzige gut besetzte, zentrale Anlauf- und Verteilungsstelle, in der auch Mitarbeiter mit verschiedenen 
Sprachkenntnissen tätig sind, im Rhein-Kreis Neuss gebe, meint er. Auch ein Call-Center zur Terminkoordinierung 
sei sinnvoll.
Ganz besonders wichtig sind seiner Ansicht nach Sprachkurse. „Maryna und ihr Sohn erhalten erst ab September 
Kurse. Das ist eigentlich viel zu spät. Denn der Junge geht ja nach den Ferien in die Schule“, so Jacobs. „Dann 
sollte er zumindest die Buchstaben können.“
Unsere Redaktion begleitet das Projekt
Idee Eigentlich hatte Wilfried Jacobs sein Vorhaben bereits vor Monaten bei einem privaten Operndinner vorstellen 
wollen. Doch gleich zweimal musste er Corona-bedingt den Opernabend absagen. Dabei wäre das Event wohl 
nicht nur ein musikalischer Leckerbissen gewesen, es hätte wohl auch weitere Spenden akquiriert.
Unterstützung Begleitung für ein Jahr – das sieht das Paten-Modell von Wilfried Jacobs für die Ukrainerin Maryna 
Hanzha und ihren Sohn Arsen vor. Aktuell sucht er Sprachlehrer, die den beiden einmal pro Woche zwei Stunden 
lang Deutschunterricht erteilen könnten.
Begleitung Unsere Redaktion wird über das Projekt in unregelmäßigen Abständen berichten. Maryna Hanzha ist 
damit einverstanden."
2022-07,Main Corpus,2022-07(50).ZIP,Es ist kurz vor Zeltstadt Integrationssenatorin Kipping verweist bei der Unterbringung von Flüchtlin.PDF,C:\PythonProjects\AfD-project\Corpora\Main Corpus\2022-07\raw_unarchive\Es ist kurz vor Zeltstadt Integrationssenatorin Kipping verweist bei der Unterbringung von Flüchtlin.PDF,Es ist kurz vor Zeltstadt Integrationssenatorin Kipping verweist bei der Unterbringung von Flüchtlingen auf,es ist kurz vor zeltstadt integrationssenatorin kipping verweist bei der unterbringung von flüchtlingen auf,Der Tagesspiegel,der tagesspiegel,Donnerstag 28. Juli 2022,Julius Betschka und Daniel Böldt,BERLIN FQT:SPÄT; S. 007; Ausg. Der Tagesspiegel Nr. 24965 VOM 28.07.2022 SEITE 007,672,4902,7655da0eb3945a7c20ee826d348ab6c8a45718e5,,unique,keep,,no,,no,,,6138,no,,,,,"Berlins Integrationssenatorin Katja Kipping (Linke) war bemüht, ihren Ärger über die anderen Bundesländer in 
Grenzen zu halten. Sie belasse es bei dem Appell an die Länder, in das Solidarsystem bei der Verteilung von 
Asylsuchenden zurückzukehren, sagte sie am Mittwoch. Auf die ""Ebene der Beschimpfung"" wolle sie sich nicht 
einlassen, erklärte die Linke Politikerin bei einer Pressekonferenz.
Hintergrund für Kippings diplomatischen Balanceakt ist die Aussetzung des Verteilungsmechanismus für 
Asylsuchende namens ""EASY"" durch insgesamt zwölf Bundesländer. Damit könne Berlin kaum noch Geflüchtete, 
die in der Stadt einen Asylantrag stellen, auf andere Bundesländer verteilen, wie dies eigentlich vorgesehen ist. 70 
Prozent aller in Berlin angekommenen Asylsuchenden seien in den vergangenen zehn Tagen auch in der Stadt 
untergebracht worden - weil die Verteilung nicht mehr funktioniert. Da auch die Zahl der ukrainischen Geflüchteten 
wieder steige - aktuell bis zu 600 am Tag - sowie viele Ukrainer, die zuvor privat untergekommen seien, nun eine 
Unterkunft brauchten, werden in Berlin die Plätze knapp.
Aktuell stünden nur 1,4 Prozent der 26 500 Plätze zur Verfügung, 199 in Gemeinschaftsunterkünften sowie 167 in 
Aufnahmeeinrichtungen. Die erste Stufe des Notfallplans, die Kipping am Mittwoch ausrief, führt dazu, dass ein 
Notfallzelt des Deutschen Roten Kreuzes (DRK) instand gesetzt wird. In diesem sollen im Laufe des Donnerstags 
900 zusätzliche Plätze bereitstehen. Das sogenannte ""Labor 5000"" am Flughafen Tegel wird vom Bund bezahlt und 
unter anderem vom DRK betrieben.
""Wir kaufen als Land Berlin der ganzen Bundesrepublik Zeit"", sagte Kipping. Es brauche aber eine politische 
Lösung des Problems. ""Die beginnt damit, dass sich wieder alle Länder am Solidarsystem beteiligen."" Berlin, auch 
das gehört zur Wahrheit, hat sich inzwischen aber auch selbst vom Flüchtlingsverteilsystem EASY abgemeldet - mit 
den gleichen Begründungen wie die anderen Bundesländer auch: keine Unterbringungskapazitäten.

Es ist kurz vor Zeltstadt Integrationssenatorin Kipping verweist bei der Unterbringung von Flüchtlingen auf 
andere Bundesländer. Aber das Problem liegt auch in ....
Sollte sich die Situation weiter verschärfen, könnte bald die zweite Stufe des Notfallplans ausgerufen werden. Dies 
würde dem Senat eine schnellere Anmietung von Hostels und Hotels ermöglichen, um zusätzliche Plätze zu 
schaffen, sagte Kipping. Die Berliner FDP-Fraktion kritisierte am Mittwoch die aus ihrer Sicht fehlende Vorbereitung 
des Senats. ""Senatorin Kipping weiß seit Amtsübernahme von den fehlenden Unterbringungsplätzen. Das fehlende 
Handeln des Senats in Sachen Wohnungsbau, Genehmigung und Planung entwickelt sich zunehmend zu sozialem 
Brennstoff"", sagte FDP-Sozialexperte Tobias Bauschke. Er monierte außerdem, dass seit einem Tiefstand bei den 
Unterbringungsplätzen im Januar kaum etwas passiert sei. ""Eine Sozialsenatorin, die nur durch Ankündigungen 
auffällt, nicht aber durch Handlungen, können wir uns in dieser angespannten Zeit nicht leisten"", sagte Bauschke.
Die Senatsverwaltung verwies auf Tagesspiegel-Anfrage darauf, dass seit Januar insgesamt 2400 neue Plätze 
geschaffen wurden. In den vergangenen Tagen waren noch einmal 500 Plätze hinzugekommen. Allerdings reicht 
der Zuwachs hinten und vorne nicht. Kipping hatte deshalb bereits angekündigt, dass das Akquise-Team des 
Landesamtes für Flüchtlingsangelegenheiten personell verstärken zu wollen. Außerdem werden künftig auch 
kleinere Unterkünfte unter 100 Personen in Betrieb genommen. Auch muss wohl die Belegung viele Unterkünfte 
verdichtet werden - es wird unbequemer für Flüchtlinge in Berlin.
Schon Mitte Juli hatte Kipping im Interview mit dem Tagesspiegel davor gewarnt, dass nicht alle Flüchtlinge in 
Berlin gut versorgt werden könnten. ""Man muss aber mit offenen Karten spielen: In Flächenländern ist es für 
Flüchtlinge wahrscheinlich leichter eine Wohnung, einen Schulplatz oder Pflegeplatz zu finden als in Berlin"", sagte 
Kipping. Besonders problematisch ist für die Integrationsverwaltung, dass inzwischen ein Drittel der Flüchtlinge in 
den Unterkünften gar nicht mehr dort sein sollte. Sie haben den Asylprozess schon erfolgreich durchlaufen, finden 
aber keine Wohnung in Berlin. Auch die Berliner Bezirke, eigentlich zuständig für deren Unterbringung, haben kaum 
anständige Unterkünfte.
""Wir werden diese Menschen nicht auf die Straße setzen und wollen sie auch nicht aus ihren Kiez-Strukturen 
reißen"", sagte Kipping mit Blick auf sogenannte ""Statusgewandelte"". Anders als ihre Amtsvorgängerin Elke 
Breitenbach (Linke) setzt sie bisher auf einen kooperativen Kurs im Umgang mit den Bezirken. Wird die Platznot 
größer, dürfte sich allerdings auch die Dringlichkeit verändern, mit der in den Bezirken nach Schlafplätzen gesucht 
wird. Denn Turnhallen wie 2015 will niemand wieder belegen.
Graphic
 
R"
2022-07,Main Corpus,2022-07(50).ZIP,"Fast 50.000 Flüchtlinge aus Griechenland Immer mehr Menschen, die einen Schutzstatus in einem andere.PDF","C:\PythonProjects\AfD-project\Corpora\Main Corpus\2022-07\raw_unarchive\Fast 50.000 Flüchtlinge aus Griechenland Immer mehr Menschen, die einen Schutzstatus in einem andere.PDF","Fast 50.000 Flüchtlinge aus Griechenland Immer mehr Menschen, die einen Schutzstatus in einem anderen",fast 50000 flüchtlinge aus griechenland immer mehr menschen die einen schutzstatus in einem anderen,Welt am Sonntag,welt am sonntag,31. Juli 2022,Carolina Drüten,Politik; S. 4; Ausg. 31,745,5518,5d572fff9c7b0fd6fb6a74511ff4133700e49d4b,,unique,keep,,no,,no,,,6713,no,,,,,"Athen und Berlin
Nach Deutschland"", diese Antwort geben Migranten in Griechenland immer wieder auf die Frage nach ihrem Ziel. 
Zehntausende von ihnen haben einen Weg gefunden, ihre Pläne in die Tat umzusetzen. Einmal als Flüchtlinge in 
Griechenland anerkannt, können sie drei Monate lang frei in die meisten Staaten der EU reisen. Sie steigen in ein 
Flugzeug nach Deutschland - und beantragen dort erneut Asyl.
Zurückschicken dürfen Behörden diese Menschen nicht. Deutsche Verwaltungsgerichte haben entschieden, dass 
dafür die Versorgung von Flüchtlingen in Griechenland zu schlecht sei. Lange lagen die Fälle auf Eis; die 
Vorgänger-Bundesregierung suchte nach einer politischen Lösung mit Athen. Ohne Erfolg. Mit der Ampel-Koalition 
kam der Paradigmenwechsel. Seit einigen Monaten werden die Anträge nach und nach abgearbeitet. Die meisten 
der Menschen erhalten einen Asylstatus in Deutschland.
""Die Entscheidungstätigkeit für diese Fälle wurde zum April 2022 wieder aufgenommen, seitdem befinden sich 
diese Verfahren alle in Bearbeitung"", teilte das Bundesinnenministerium auf Anfrage von WELT AM SONNTAG mit. 
Demnach hatten bis Ende Juni 49.841 anerkannte Schutzberechtigte aus Griechenland einen erneuten Asylantrag 
in Deutschland gestellt; im ersten Halbjahr dieses Jahres wurden rund 15.200 Verfahren entschieden. 88 Prozent 
der Fälle erhielten auch in Deutschland einen Schutzstatus. Die meisten von ihnen sind Syrer, Afghanen und Iraker.
Der Kurswechsel in der deutschen Asylpolitik ist auch ein Eingeständnis, dass die Einigung mit Griechenland 
gescheitert ist - zumindest über jene Menschen, die bereits nach Deutschland weitergereist sind. Athen lehnt bis 
heute kategorisch ab, sie zurückzunehmen. Berlin hatte sich mehrmals bemüht, Griechenland zu einer besseren 
Versorgung der Flüchtlinge zu bewegen. Die Begründung deutscher Verwaltungsgerichte, warum die Menschen 

Fast 50.000 Flüchtlinge aus Griechenland Immer mehr Menschen, die einen Schutzstatus in einem anderen 
EU-Staat haben, beantragen in Deutschland erneut Asyl. Die....
nicht zurückgeschickt werden können, wäre damit hinfällig. Angeliki Dimitriadi vom griechischen Thinktank Eliamep 
beschrieb die Bedingungen kürzlich so: ""In dem Moment, in dem jemand Asyl hier in Griechenland erhält, ist der 
Staat fertig mit ihm. Man ist auf sich allein gestellt"", sagte die Migrationsforscherin. Die finanzielle Unterstützung 
werde eingestellt, der Platz in der Unterkunft entzogen. Deshalb wollten viele weiter - vor allem nach Deutschland.
Im Frühjahr 2021 bot die Bundesregierung Griechenland die Übernahme von Flüchtlingskosten an, also eine 
""Unterbringung und Versorgung von aus Deutschland zurückzuführenden Schutzberechtigten mit eigenen 
Ressourcen"", wie das Bundesinnenministerium damals eine Recherche dieser Zeitung betätigte. Dafür wollte Berlin 
unter anderem Hotels in Griechenland anmieten. Dieses Angebot nahm die griechische Seite aber nicht an. 
Offiziell, weil man Flüchtlinge nicht besserstellen könne als griechische Staatsbürger, die Unterstützung benötigen.
Für den griechischen Migrationsminister Notis Mitarachi indes ist Sekundärmigration nicht per se ein Problem. 
""Wenn man in Europa Asyl erhält, warum wird man dann auf ein Land geografisch beschränkt?"", sagte Mitarachi 
dieser Zeitung. Für die ukrainischen Flüchtlinge habe man schließlich auch einen europäischen Schutzraum 
geschaffen. ""Wir brauchen ein Asylsystem, das für die gesamte EU gilt.""
Zur Wahrheit gehört aber auch: Dass anerkannte Flüchtlinge das Land verlassen, ist in Griechenland politisch 
gewollt. Athen fühlt sich als Außengrenzstaat in der Asylfrage von den europäischen Partnern alleingelassen. 
Sobald die Menschen also mit Flüchtlingspässen ausgestattet sind, ""lässt man sie weiterziehen"", so Expertin 
Dimitriadi. ""Die Strategie ist natürlich nicht offiziell, niemand wird sie zugeben. Aber es ist gängige Praxis.""
Um das Problem anzugehen, erarbeitete das Bundesministerium für Migration und Flüchtlinge das sogenannte 
Isbig-Projekt (""Integrationsförderung für Personen mit internationalem Schutzstatus in Griechenland""). Im Juli 2021 
bekräftigten Deutschland und Griechenland, Flüchtlinge in Griechenland ""im Hinblick auf ihre Unterbringung, 
medizinische Grundversorgung und die Bereitstellung aller notwendigen Artikel"" unterstützen zu wollen. Finanziert 
wird das Ganze von Deutschland und einem EU-Fördertopf. Um eine Rückführung der nach Deutschland 
weitergezogenen Flüchtlinge geht es offiziell explizit nicht. Im März traf Migrationsminister Mitarachi die deutsche 
Innenministerin Nancy Faeser (SPD) in Berlin; sie vereinbarten, das Programm ""in den kommenden Wochen"" 
umzusetzen.
Doch auch dieser Plan führte bis heute nicht zum Ziel. Wie WELT AM SONNTAG von damit betrauten Beamten 
erfuhr, ist das Programm ""immer noch nicht richtig angelaufen"". Zwar sei das Projekt formal in Kraft, es laufe aber 
unterhalb der Wirksamkeitsschwelle ""so nebenbei unter dem Radar"".
Mitarachi sagte auf Nachfrage, das Problem liege auf europäischer Ebene, denn die Budgets im Bereich Migration 
für die Jahre 2021 bis 2027 seien bisher nicht bewilligt. ""Die Gelder, die Deutschland Griechenland für die 
Integration von anerkannten Flüchtlingen bereitwillig zur Verfügung stellt, sind technisch noch nicht verfügbar. Wir 
haben uns mit Nancy Faeser im Prinzip geeinigt"", sagte er. Die Fragen auf EU-Level würden sich hoffentlich im 
Laufe des Jahres klären. ""Dann sollte das Programm Anfang 2023 anlaufen.""
Original Gesamtseiten-PDF"
2022-07,Main Corpus,2022-07(50).ZIP,Fehlende Asylunterkünfte Unsolidarisch.PDF,C:\PythonProjects\AfD-project\Corpora\Main Corpus\2022-07\raw_unarchive\Fehlende Asylunterkünfte Unsolidarisch.PDF,Fehlende Asylunterkünfte Unsolidarisch,fehlende asylunterkünfte unsolidarisch,Der Tagesspiegel,der tagesspiegel,Donnerstag 28. Juli 2022,,MEINUNG FQT:SPÄT; S. 006; Ausg. Der Tagesspiegel Nr. 24965 VOM 28.07.2022 SEITE 006,185,1309,bfa4f318344d5ac2092144168e85050b78c32cef,,unique,drop,commentary_noncore,no,,no,,,1954,yes,commentary_noncore,,,,"Das Wort ""unsolidarisch"" wollte Sozialsenatorin Katja Kipping (Die Linke) nicht in den Mund nehmen. Sie beließ es 
bei einem Appell an die Bundesländer, sich wieder an der bundesweiten Verteilung von Asylsuchenden zu 
beteiligen. Das mag politisch klug sein, aber es ist auch ein bisschen feige. Denn was die Mehrheit der 
Bundesländer derzeit macht, ist genau das, wovor viele seit Beginn des Ukraine-Kriegs gewarnt haben: eine 
Unterscheidung in gute und schlechte Geflüchtete. Dass sich einzelne Bundesländer oder auch mehrere wegen 
Überlastung aus dem Verteilungsmechanismus abmelden, ist noch kein Skandal und kommt, wie das Bundesamt 
für Migration und Flüchtlinge betont, häufiger vor. Auch die Mitleidsbekundungen für das Land Berlin können sich in 
Grenzen halten, schließlich war absehbar, dass man etwa für jene Ukrainer, die zunächst privat untergekommen 
sind, irgendwann Alternativen braucht. Skandalös ist jedoch, dass die Überlastung der Bundesländer die 
Schutzsuchenden nun unterschiedlich trifft. Ukrainer werden weiter bundesweit verteilt, Geflüchtete aus anderen 
Ländern kaum noch. Viele von ihnen müssen in Berlin bleiben, wo es vielleicht bald nicht mehr ausreichend Plätze 
gibt. Das ist unsolidarisch - nicht gegenüber Berlin, sondern gegenüber den Menschen. dbö
Seite 1
Graphic
 
R"
2022-07,Main Corpus,2022-07(50).ZIP,Flüchtlinge sollen in Zelten schlafen Berlin aktiviert den Notfallplan. Schuld seien die anderen Bun.PDF,C:\PythonProjects\AfD-project\Corpora\Main Corpus\2022-07\raw_unarchive\Flüchtlinge sollen in Zelten schlafen Berlin aktiviert den Notfallplan. Schuld seien die anderen Bun.PDF,Flüchtlinge sollen in Zelten schlafen Berlin aktiviert den Notfallplan. Schuld seien die anderen Bundesländer.,flüchtlinge sollen in zelten schlafen berlin aktiviert den notfallplan schuld seien die anderen bundesländer,"taz, die tageszeitung",taz die tageszeitung,Freitag 29. Juli 2022,Marie Frank,BERLIN AKTUELL; S. 22,505,3784,ac3d43ad6a0791a776e53a9b9b46fd1a0a3ab467,,unique,keep,,no,,no,,,4791,no,,,,,"Von Marie Frank
Flüchtlinge, die in Zelten und Turnhallen schlafen müssen, überforderte Ämter, ausgebrannte Helfer*innen 
eigentlich sollten sich diese Bilder aus dem Jahr 2015 nicht wiederholen. Dennoch steht Berlin sieben Jahre später 
vor einem ähnlichen Szenario: Am Mittwoch rief Sozialsenatorin Katja Kipping (Linke) die erste Stufe des 
Notfallplans bei der Unterbringung von Geflüchteten aus. Auf dem Gelände des ehemaligen Flughafens Tegel soll 
nun ein Zelt mit rund 900 Schlafplätzen aktiviert werden, auch die beschleunigte Anmietung von Hostels wird 
geprüft.
Für Diana Henniges ein Horrorszenario: Das ist ein Desaster , sagt die Gründerin von Moabit Hilft zur taz. Schon 
jetzt würden Geflüchtete teils unter katastrophalen, menschenunwürdigen Bedingungen untergebracht. Die 
Ausrufung des Notfallplans ist für Henniges ein Offenbarungseid , der fatale Konsequenzen haben könnte: Wir 
werden hier früher oder später Obdachlose haben. Berlin hätte auch in Zeiten sinkender Zugangszahlen 
Kapazitäten frei halten müssen, um vorbereitet zu sein, stattdessen seien sie heruntergefahren worden. Ein Fehler, 
wie sich nun herausstellt. Auch der Berliner Flüchtlingsrat kritisiert das Vorgehen der Sozialsenatorin: Dass dem 
Senat jetzt wieder nichts Besseres einfällt, als Menschen auf ehemaligen Flughäfen und in Zelten unterzubringen, 
ist mehr als enttäuschend , so Sprecherin Almaz Haile. Stattdessen müssten Ferienwohnungen und 
Businessappartements angemietet und freie Wohnungen von städtischen Wohnungsgesellschaften an Geflüchtete 
vergeben werden.
Die Sozialsenatorin begründet ihr Vorgehen mit steigenden Flüchtlingszahlen. Laut dem Landesamt für 
Flüchtlingsangelegenheiten (LAF) wurden in Berlin zuletzt rund 1.000 Schutzsuchende pro Monat registriert. In 
Gemeinschaftsunterkünften und Aufnahmeeinrichtungen gebe es derzeit aber nur noch 326 freie Plätze. Die 
Situation habe sich zugespitzt, weil die meisten Bundesländer aus dem Easy-Verteilsystem ausgestiegen seien. 
Easy regelt die Verteilung von Geflüchteten nach dem Königsteiner Schlüssel entsprechend der Bevölkerungszahl 
der Länder. Berlins Anteil liegt bei rund 5,2 Prozent. Da sich mittlerweile 12 von 16 Bundesländern für die 

Flüchtlinge sollen in Zelten schlafen Berlin aktiviert den Notfallplan. Schuld seien die anderen Bundesländer. 
Doch stimmt das?
Verteilung haben sperren lassen, müssen in Berlin mehr Schutzsuchende untergebracht werden. Für Juli rechnet 
Kipping mit 450 zusätzlichen, Tendenz steigend. Die Senatorin appellierte an die Länder, in das Verteilsystem 
zurückzukehren.
Allerdings gehört Berlin selbst zu den Easy-Verweigerern und hat sich, wie die anderen Stadtstaaten auch, 
dauerhaft sperren lassen. Andere tun es ihm nun nach. Laut taz-Informationen nehmen zurzeit nur noch Hamburg, 
Bayern, Rheinland-Pfalz und Baden-Württenberg an dem solidarischen Verteilsystem teil.
Ist Berlin also selbst unsolidarisch? Sozialsenatorin Kipping bezeichnet die Sperrung gegenüber der taz als rein 
technische Angelegenheit : In Berlin kommen so viele Antragsstellende an, dass wir ständig über der Quote liegen. 
Das trifft allerdings auch auf Hamburg zu, das die Easy-Sperrung trotzdem aufgehoben hat. Mit der Aktivierung des 
Notfallplans will die Senatsverwaltung nun Zeit kaufen um weitere Unterkünfte zu schaffen und eine politische 
Lösung in anderen Bundesländern zu finden .
Für die Flüchtlingsorganisation Pro Asyl ist das Problem hausgemacht: Asylsuchende können nicht frei 
entscheiden, wo sie unterkommen , kritisiert die rechtspolitische Referentin Wiebke Judith gegenüber der taz. 
Dürften sie sich privat eine Unterkunft suchen, würde sich das Problem so nicht stellen, ist Judith überzeugt. Auch 
wenn viele Geflüchtete selbst, wenn sie dürfen, keine Wohnung finden."
2022-07,Main Corpus,2022-07(50).ZIP,Flüchtlingsrat begrüßt neues Bleiberecht(2).PDF,C:\PythonProjects\AfD-project\Corpora\Main Corpus\2022-07\raw_unarchive\Flüchtlingsrat begrüßt neues Bleiberecht(2).PDF,Flüchtlingsrat begrüßt neues Bleiberecht,flüchtlingsrat begrüsst neues bleiberecht,Frankfurter Rundschau,frankfurter rundschau,Mittwoch 20. Juli 2022,,HESSEN; S. D1,189,1446,86e2c184d9b04ee759910ce7c187253e7e7a5ef9,exact_003,duplicate_exact,review,,no,,no,,,2173,no,,exact_003,near_001,variant_001,"Noch bevor der Bundestag ein von der Ampelkoalition geplantes neues Bleiberecht beschlossen hat, kommt die 
Regelung in Hessen bereits zur Anwendung. Wie die Fraktion der Grünen im Hessischen Landtag mitteilte, hat das 
Innenministerium eine ab sofort geltende Vorgriffsregelung auf das in Berlin geplante „Chancenaufenthaltsrecht“ 
beschlossen. Damit sollen Ausländer:innen, die bereits fünf Jahre in Deutschland leben und sich zur 
demokratischen Grundordnung bekennen, ein Bleiberecht erhalten können. Ausgenommen sind Menschen, die 
straffällig geworden sind oder falsche Angaben zu ihrer Identität gemacht haben.
„Das Chancenaufenthaltsrecht gibt gut integrierten Menschen ohne gesicherten Aufenthaltsstatus endlich eine 
Perspektive und die Möglichkeit zu einem gesicherten Aufenthalt“, sagte Mathias Wagner, der Fraktionsvorsitzende 
der Grünen. „Es wäre falsch, Menschen abzuschieben, die wenige Wochen später hierbleiben dürften.“ In Hessen 
könnten den Angaben zufolge rund 7800 Menschen ab Herbst von der Neuregelung durch die Bundesebene 
profitieren. 
Der Hessische Flüchtlingsrat begrüßte die Reform. „Es ist ein wichtiges Signal an die langjährig Geduldeten in 
Hessen, dass sie ab sofort nicht mehr befürchten müssen, noch kurz vor Inkrafttreten der neuen Regelung 
abgeschoben zu werden“, sagte Geschäftsführer Timmo Scherenberg. Man erwarte, dass behördliche Spielräume 
jetzt großzügig genutzt würden. han
Link zum PDF-Dokument"
2022-07,Main Corpus,2022-07(50).ZIP,Flüchtlingsrat begrüßt neues Bleiberecht(3).PDF,C:\PythonProjects\AfD-project\Corpora\Main Corpus\2022-07\raw_unarchive\Flüchtlingsrat begrüßt neues Bleiberecht(3).PDF,Flüchtlingsrat begrüßt neues Bleiberecht,flüchtlingsrat begrüsst neues bleiberecht,Frankfurter Rundschau,frankfurter rundschau,Mittwoch 20. Juli 2022,,HESSEN; S. F20,193,1473,a7791527b26ae24631d573e54f3228bac268e494,exact_004,duplicate_exact,review,,no,,no,,,2195,no,,exact_004,near_001,variant_001,"Noch bevor der Bundestag ein von der Ampelkoalition geplantes neues Bleiberecht beschlossen hat, kommt die 
Regelung in Hessen bereits zur Anwendung. Wie die Fraktion der Grünen im Hessischen Landtag mitteilte, hat das 
Innenministerium eine ab sofort geltende Vorgriffsregelung auf das in Berlin geplante „Chancenaufenthaltsrecht“ 
beschlossen. Damit sollen Ausländer:innen, die bereits fünf Jahre in Deutschland leben und sich zur 
demokratischen Grundordnung bekennen, ein Bleiberecht erhalten können. Ausgenommen sind Menschen, die 
erheblich straffällig geworden sind oder falsche Angaben zu ihrer Identität gemacht haben.
„Das Chancenaufenthaltsrecht gibt gut integrierten Menschen ohne gesicherten Aufenthaltsstatus endlich eine 
Perspektive und die Möglichkeit zu einem gesicherten Aufenthalt“, sagte Mathias Wagner, der Fraktionsvorsitzende 
der Grünen. „Denn es wäre falsch, Menschen abzuschieben, die wenige Wochen später hierbleiben dürften.“ In 
Hessen könnten den Angaben zufolge rund 7800 Menschen ab Herbst von der Neuregelung durch die 
Bundesebene profitieren. 
Der Hessische Flüchtlingsrat begrüßte die Reform am Dienstag. „Es ist ein wichtiges Signal an die langjährig 
Geduldeten in Hessen, dass sie ab sofort nicht mehr befürchten müssen, noch kurz vor Inkrafttreten der neuen 
Regelung abgeschoben zu werden“, sagte Geschäftsführer Timmo Scherenberg. Man erwarte, dass behördliche 
Spielräume jetzt großzügig genutzt würden. han
Link zum PDF-Dokument"
2022-07,Main Corpus,2022-07(50).ZIP,Flüchtlingsrat begrüßt neues Bleiberecht(4).PDF,C:\PythonProjects\AfD-project\Corpora\Main Corpus\2022-07\raw_unarchive\Flüchtlingsrat begrüßt neues Bleiberecht(4).PDF,Flüchtlingsrat begrüßt neues Bleiberecht,flüchtlingsrat begrüsst neues bleiberecht,Frankfurter Rundschau,frankfurter rundschau,Mittwoch 20. Juli 2022,,HESSEN; S. D1,189,1446,86e2c184d9b04ee759910ce7c187253e7e7a5ef9,exact_003,duplicate_exact,review,,no,,no,,,2167,no,,exact_003,near_001,variant_001,"Noch bevor der Bundestag ein von der Ampelkoalition geplantes neues Bleiberecht beschlossen hat, kommt die 
Regelung in Hessen bereits zur Anwendung. Wie die Fraktion der Grünen im Hessischen Landtag mitteilte, hat das 
Innenministerium eine ab sofort geltende Vorgriffsregelung auf das in Berlin geplante „Chancenaufenthaltsrecht“ 
beschlossen. Damit sollen Ausländer:innen, die bereits fünf Jahre in Deutschland leben und sich zur 
demokratischen Grundordnung bekennen, ein Bleiberecht erhalten können. Ausgenommen sind Menschen, die 
straffällig geworden sind oder falsche Angaben zu ihrer Identität gemacht haben.
„Das Chancenaufenthaltsrecht gibt gut integrierten Menschen ohne gesicherten Aufenthaltsstatus endlich eine 
Perspektive und die Möglichkeit zu einem gesicherten Aufenthalt“, sagte Mathias Wagner, der Fraktionsvorsitzende 
der Grünen. „Es wäre falsch, Menschen abzuschieben, die wenige Wochen später hierbleiben dürften.“ In Hessen 
könnten den Angaben zufolge rund 7800 Menschen ab Herbst von der Neuregelung durch die Bundesebene 
profitieren. 
Der Hessische Flüchtlingsrat begrüßte die Reform. „Es ist ein wichtiges Signal an die langjährig Geduldeten in 
Hessen, dass sie ab sofort nicht mehr befürchten müssen, noch kurz vor Inkrafttreten der neuen Regelung 
abgeschoben zu werden“, sagte Geschäftsführer Timmo Scherenberg. Man erwarte, dass behördliche Spielräume 
jetzt großzügig genutzt würden. han
Link zum PDF-Dokument"
2022-07,Main Corpus,2022-07(50).ZIP,Flüchtlingsrat begrüßt neues Bleiberecht.PDF,C:\PythonProjects\AfD-project\Corpora\Main Corpus\2022-07\raw_unarchive\Flüchtlingsrat begrüßt neues Bleiberecht.PDF,Flüchtlingsrat begrüßt neues Bleiberecht,flüchtlingsrat begrüsst neues bleiberecht,Frankfurter Rundschau,frankfurter rundschau,Mittwoch 20. Juli 2022,,HESSEN; S. F20,193,1473,a7791527b26ae24631d573e54f3228bac268e494,exact_004,duplicate_exact,review,,no,,no,,,2202,no,,exact_004,near_001,variant_001,"Noch bevor der Bundestag ein von der Ampelkoalition geplantes neues Bleiberecht beschlossen hat, kommt die 
Regelung in Hessen bereits zur Anwendung. Wie die Fraktion der Grünen im Hessischen Landtag mitteilte, hat das 
Innenministerium eine ab sofort geltende Vorgriffsregelung auf das in Berlin geplante „Chancenaufenthaltsrecht“ 
beschlossen. Damit sollen Ausländer:innen, die bereits fünf Jahre in Deutschland leben und sich zur 
demokratischen Grundordnung bekennen, ein Bleiberecht erhalten können. Ausgenommen sind Menschen, die 
erheblich straffällig geworden sind oder falsche Angaben zu ihrer Identität gemacht haben.
„Das Chancenaufenthaltsrecht gibt gut integrierten Menschen ohne gesicherten Aufenthaltsstatus endlich eine 
Perspektive und die Möglichkeit zu einem gesicherten Aufenthalt“, sagte Mathias Wagner, der Fraktionsvorsitzende 
der Grünen. „Denn es wäre falsch, Menschen abzuschieben, die wenige Wochen später hierbleiben dürften.“ In 
Hessen könnten den Angaben zufolge rund 7800 Menschen ab Herbst von der Neuregelung durch die 
Bundesebene profitieren. 
Der Hessische Flüchtlingsrat begrüßte die Reform am Dienstag. „Es ist ein wichtiges Signal an die langjährig 
Geduldeten in Hessen, dass sie ab sofort nicht mehr befürchten müssen, noch kurz vor Inkrafttreten der neuen 
Regelung abgeschoben zu werden“, sagte Geschäftsführer Timmo Scherenberg. Man erwarte, dass behördliche 
Spielräume jetzt großzügig genutzt würden. han
Link zum PDF-Dokument"
2022-07,Main Corpus,2022-07(50).ZIP,Flüchtlingsrat enttäuscht von Senat Organisation kritisiert Kippings Vorschlag zur Unterbringung in.PDF,C:\PythonProjects\AfD-project\Corpora\Main Corpus\2022-07\raw_unarchive\Flüchtlingsrat enttäuscht von Senat Organisation kritisiert Kippings Vorschlag zur Unterbringung in.PDF,Flüchtlingsrat enttäuscht von Senat Organisation kritisiert Kippings Vorschlag zur Unterbringung in Zelten,flüchtlingsrat enttäuscht von senat organisation kritisiert kippings vorschlag zur unterbringung in zelten,Berliner Zeitung,berliner zeitung,29. Juli 2022,,BERLIN; S. 8,411,3122,eb0320086efb4f6d0e15d36cc2e5678cf4242e8e,,unique,keep,,no,,no,,,3840,no,,,,,"Der Berliner Flüchtlingsrat hat den von Integrationssenatorin Katja Kipping (Linke) in Kraft gesetzten Notfallplan zur 
Unterbringung Geflüchteter kritisiert. Kern des Plans ist, einen großen Zeltkomplex mit rund 900 Schlafplätzen zu 
öffnen, der bislang als Reserve auf dem Gelände des Ukraine-Ankunftszentrums am früheren Flughafen Tegel 
steht.
Zelte seien für die Beherbergung schutzsuchender Menschen ungeeignet, erklärte die Sprecherin des 
Flüchtlingsrat, Almaz Haile, am Donnerstag. Sie forderte, stattdessen Ferienwohnungen und 
Businessappartements für Geflüchtete anzumieten. Zudem müsse der Senat alle freien und freiwerdenden 
Wohnungen der städtischen Gesellschaften an Menschen aus Sammelunterkünften vergeben. Geflüchtete müssten 
einen Wohnberechtigungsschein (WBS) erhalten.
 Einen Tiefpunkt bei der Aufnahme Asylsuchender erreichte Berlin mit der Nutzung der Hangars des stillgelegten 
Flughafen Tempelhof als Unterkunft für neu ankommende Geflüchtete in den Jahren 2016 bis 2018 , erklärte Haile 
weiter. Dass dem Senat jetzt wieder nichts Besseres einfällt, als Menschen auf ehemaligen Flughäfen und in 
Zelten unterzubringen, ist mehr als enttäuschend. 
Kipping hatte am Mittwoch die erste Stufe eines Notfallplanes in Kraft gesetzt, weil von den vorhandenen etwa 24 
500 Unterkunftsplätzen für Flüchtlinge nur noch wenige zur Verfügung stehen. Zur Begründung für die Entwicklung 
führte sie an, dass die meisten Bundesländer zuletzt keine Asylbewerber mehr aufgenommen hätten. Deshalb 
funktioniere die Verteilung der Neuankömmlinge auf die Länder nach dem sogenannten Königsteiner Schlüssel 
nicht mehr richtig. Da aber weiter neue Asylbewerber in Deutschland ankämen, viele davon in der Hauptstadt, 
müsse nun Berlin mehr unterbringen. Das verschärfe die ohnehin angespannte Situation hier.
Kipping appellierte an andere Länder, bei der Aufnahme geflüchteter Menschen an einem Strang zu ziehen und 
zum Solidarprinzip zurückzukehren. Als möglichen nächsten Schritt für den Fall, dass sich die Situation nicht 
bessert, stellte sie als Stufe 2 die Feststellung einer Gefahrenlage in Aussicht. Dann könne die Akquise 
bezugsfertiger Unterkünfte schneller gehen, auch werde dann die Anmietung von Hostels oder Hotels geprüft.
Der Sprecher für Migration der AfD-Fraktion, Gunnar Lindemann, erklärte dazu: Die Stadt kann nicht die 
Migrationslast für ganz Deutschland tragen. Das Problem sei aber auch hausgemacht. Derzeit seien rund 15.000 
Menschen vollziehbar ausreisepflichtig. Würde Berlin endlich nach Recht und Gesetz handeln und diese Personen 

Flüchtlingsrat enttäuscht von Senat Organisation kritisiert Kippings Vorschlag zur Unterbringung in Zelten
abschieben, hätte die Stadt auch kein Unterbringungsproblem. Lindemann forderte zudem, das Berlin auf eigene 
Aufnahmeprogramme etwa für Menschen aus Afghanistan verzichtet.
Als ausreisepflichtig gelten Ausländer, die keinen Aufenthaltstitel haben etwa weil ihr Asylantrag abgelehnt wurde. 
Aus humanitären oder anderen Gründen, zum Beispiel fehlende Dokumente oder Krankheit, dürfen sie dennoch 
vorerst bleiben. Das nennt man Duldung.(dpa)"
2022-07,Main Corpus,2022-07(50).ZIP,Flüchtlingsunterkunft als eiserne Reserve Seit April steht die Karl-Justen-Halle für die Unterbringu.PDF,C:\PythonProjects\AfD-project\Corpora\Main Corpus\2022-07\raw_unarchive\Flüchtlingsunterkunft als eiserne Reserve Seit April steht die Karl-Justen-Halle für die Unterbringu.PDF,Flüchtlingsunterkunft als eiserne Reserve Seit April steht die Karl-Justen-Halle für die Unterbringung von 25,flüchtlingsunterkunft als eiserne reserve seit april steht die karljustenhalle für die unterbringung von 25,Rheinische Post,rheinische post,Dienstag 5. Juli 2022,Carsten Sommerfeld,S. 20,654,4598,3ab39951ca9c2aa8600e16c82a098b6a93692ec8,,unique,keep,,no,,no,,,5602,no,,,,,"Carsten Sommerfeld
Jüchen Etagenbetten und Spinde sind auf vier Räume verteilt – es gibt Flüchtlingsunterkünfte, die deutlich weniger 
Komfort und Privatatmosphäre bieten. Mit Blick auf die wegen des Krieges steigenden Zahlen von Flüchtlingen aus 
der Ukraine hatte die Stadt das Obergeschoss der Karl-Justen-Halle in Bedburdyck für 25 Flüchtlinge herrichten 
lassen, unter anderem eine Brandmeldeanlage und zusätzliche Steckdosen installiert. Kostenpunkt: rund 40.000 
Euro. Die katholische Bücherei zog aus dem Obergeschoss in den Martinustreff um. Die Etagenbetten standen 
noch von 2016 zur Verfügung, als die Flüchtlingszahlen hochgeschnellt waren. Im Erdgeschoss der Karl-Justen-
Halle sollen die Bewohner essen, die Kinder spielen.
Im April war die Unterkunft fertig – doch seitdem ist es im Obergeschoss ruhig geblieben. Eingezogen ist bislang 
niemand. „Mittlerweile haben wir das Erdgeschoss der Karl-Justen-Halle wieder freigegeben – aber unter 
Vorbehalt, falls wir das Gebäude doch schnell benötigen“, sagt Dezernentin Annette Gratz. Mittlerweile ist die Zahl 
der wöchentlich nach Jüchen kommenden ukrainischen Flüchtlingen gesunken – nach Kriegsbeginn kamen pro 
Woche rund zehn bis 15 Menschen, überwiegend Frauen und Kinder, in die Stadt.
„Umsonst“ ist die Halle aus Sicht der Stadt aber keineswegs hergerichtet worden. „Die Kosten hat die Stadt 
investiert, um auf Unterbringungen vorbereitet zu sein. Es handelt sich um eine vorübergehende Notunterkunft zur 
Abwendung einer Gefahr der Obdachlosigkeit“, sagt Stadtsprecher Norbert Wolf. „Wir wollen die Halle als Reserve 
bereit halten für den Fall, das die Flüchtlingszahlen wieder steigen“. Insgesamt leben zurzeit 202 Flüchtlinge aus 
der Ukraine in der Stadt. 176 von ihnen sind privat untergebracht. „Es ist einfach toll, dass sich so viele Jüchener 
bereit erklärt haben, die Menschen in ihrem Umfeld aufzunehmen. Die dezentrale und private Unterbringung trägt 

Flüchtlingsunterkunft als eiserne Reserve Seit April steht die Karl-Justen-Halle für die Unterbringung von 25 
Flüchtlingen bereit – eingezogen ist bislang niema....
sehr dazu bei, dass die Integration gelingt. Das ist die beste Lösung“, betont Gratz. 26 Ukrainer seien in anderen 
Gebäuden untergebracht. Die Stadt hat ein Haus an der Odenkirchener Straße angemietet, die Katholische Kirche 
hat die obere Etage des Pfarrhauses in Gierath zur Verfügung gestellt.
Einschließlich der Ukrainer leben rund 600 Flüchtlinge in Jüchen. Laut Verwaltung gibt es in den Unterkünften an 
der Bahnhofsstraße, Jülicher und Wanloer Straße derzeit noch freie Kapazitäten. Doch die Stadt rechnet mit 
weiteren Zuweisungen nicht nur aus dem vom Krieg betroffenen Land in Osteuropa. „Wir haben die Mitteilung 
erhalten, dass jetzt vermehrt afghanische Ortskräfte zugewiesen werden“, sagt Gratz. Dabei handelt es sich um 
Menschen und ihre Familien, die bis 2021 etwa für die Bundeswehr in Afghanistan gearbeitet haben und nach 
deren Abzug in der Heimat mit Konsequenzen rechnen müssen. Sechs von ihnen leben bereits in Jüchen. Annette 
Gratz hofft nun darauf, dass Jüchener weitere Wohnungen bereitstellen. „Wir brauchen weiteren – und vor allem 
abgeschlossenen – Wohnraum. Viele Menschen haben ukrainische Flüchtlinge in ihrem direkten Umfeld 
untergebracht. Doch bei längerem Aufenthalt ermöglichen eigene Wohnungen mehr Privatatmosphäre.“ Annette 
Gratz wünscht sich zudem, „dass die Jüchener für die afghanischen Ortskräfte, die sich sofort eine Wohnung 
suchen können, die gleiche Solidarität beweisen, wie sie bei den Ukrainern gezeigt haben.“ Wer eine Wohnung zur 
Verfügung hat, kann sich bei Ute Schwieren bei der Stadt melden (Telefon 02165 9155501, E-Mail: 
integrationsstelle@jüchen.de).
Und für alle Fälle steht die Karl-Justen-Halle bereit. Beate Schmid vom Bücherei-Team hätte sich aber den Verbleib 
der Bücherei dort gewünscht. Nach dem Umzug mit 4500 Büchern sagte sie: „Wir alle haben Verständnis für die 
Flüchtlinge, doch warum konnten wir nicht in der Karl-Justen-Halle bleiben?“ Dort wäre bei einer Belegung die 
Integration der Flüchtlinge „bestimmt gelungen“.
Viele unterstützen Ukrainer in Jüchen
Deutsch-Kurse und weitere Hilfen Ein Dach über dem Kopf ist nicht das einzige, was Flüchtlinge aus der Ukraine 
benötigen: Laut Annette Gratz gibt es viele Deutschkurse, die etwa vom Café Welcome, der evangelische 
Kirchengemeinde Kelzenberg und vom Tennisclub Jüchen angeboten würden. In Kürze wolle das Jugendamt mit 
einem Deutschkursus mit Kinderbetreuung starten. Hilfen für Ukrainer organisieren auch die Jüchenerin Christiane 
Skirde und andere."
2022-07,Main Corpus,2022-07(50).ZIP,Frisch erforscht Fördern Sprachkurse die Integration von Flüchtlingen_.PDF,C:\PythonProjects\AfD-project\Corpora\Main Corpus\2022-07\raw_unarchive\Frisch erforscht Fördern Sprachkurse die Integration von Flüchtlingen_.PDF,Frisch erforscht Fördern Sprachkurse die Integration von Flüchtlingen?,frisch erforscht fördern sprachkurse die integration von flüchtlingen,Die ZEIT (inklusive ZEIT Magazin),die zeit inklusive zeit magazin,28. Juli 2022,Anant Agarwala,WISSEN;Frisch erforscht Fördern Sprachkurse die Integration von Flüchtlingen?; S. 30; Ausg. 31,552,3948,80a56361d5cd7be1d57623fd8e314df54dd0df06,,unique,keep,,no,,no,,,4812,no,,,,,"Es ist eine Frage, die in Deutschland immer dann hochkocht, wenn die Weltlage es erfordert. Doch dann 
verschwindet sie wieder, ohne beantwortet zu sein: Wie werden Geflüchtete Teil der Gesellschaft? Oder genauer: 
der steuerzahlenden Gesellschaft?
Der Schlüssel zur Integration sei die Sprache, heißt es dann häufig.
Eine umfassende Studie aus Dänemark hat nun genau untersucht, welche Rolle der Spracherwerb von 
Flüchtlingen spielt. Die Wissenschaftler und Wissenschaftlerinnen, unter anderem von der Universität Kopenhagen, 
konnten dabei auf einen wahren Datenschatz zurückgreifen. Zum 1. Januar 1999 setzte das Land eine Reform um, 
mit der Sprachkurse auf insgesamt 1800 Stunden ausgeweitet wurden, 430 Extrastunden kamen hinzu. Bis zu drei 
Jahre lang konnten die Geflüchteten in den Kursen Dänisch lernen. Wer keinen Abschluss machte, konnte sich 
nicht um ein dauerhaftes Bleiberecht bewerben.
Da die Reform für alle neuen Flüchtlinge galt, nicht aber für jene, die bereits im Land waren, konnten die 
Forscherinnen ermitteln, welche Effekte die neuen Maßnahmen mit sich brachten. Dafür verfolgten sie die 
Biografien von mehr als 8500 anerkannten Flüchtlingen, die in den Jahren vor und nach der Reform nach 
Dänemark kamen, und auch die ihrer Kinder. Bis ins Jahr 2016 hinein verglichen sie Einkünfte, Berufe, 
Schulabschlüsse und Straftaten.
Die Erkenntnisse geben all jenen recht, die seit Langem hohe Investitionen in die sprachliche Bildung von 
Migranten fordern. Wörtlich heißt es in der Studie: »Flüchtlinge, die von den neuen Regelungen betroffen waren, 
verdienten mehr, arbeiteten mehr und übten in den 18 Jahren nach der Reform komplexere Beschäftigungen aus.« 
In Zahlen: Die Beschäftigungsquote stieg um gut vier Prozentpunkte, das Einkommen - durch im Schnitt bessere 
Jobs - sogar um 34 Prozent. Wer länger Dänisch lernte, arbeitete zum Beispiel eher als Krankenpfleger denn als 
Küchenhilfe. Die Jüngeren unter den Flüchtlingen wiederum nahmen häufiger ein Studium auf.
Die Sprachprogramme auszubauen lohnte sich also für die Flüchtlinge und auch für den Staat: Denn die Ausgaben 
amortisierten sich schon nach wenigen Jahren durch höhere Steuereinnahmen und eingesparte 
Sozialzuwendungen. Und das setzt sich Jahr für Jahr fort, zumal da eine bessere Integration der Geflüchteten laut 
der Studie auch langfristig positive Folgen hat: Die Kinder derjenigen, die von der Reform profitierten, erreichten 

Frisch erforscht Fördern Sprachkurse die Integration von Flüchtlingen?
häufiger einen Schulabschluss und begingen weniger Straftaten. Zumindest die Söhne. Für Töchter machte es 
keinen signifikanten Unterschied, ob die Eltern einen Sprachkurs besucht hatten.
Allerdings: Nicht auf alle Herausforderungen der Integration ist bessere Sprachbildung eine Antwort (ZEITNr. 2/22). 
Die Kriminalität unter den erwachsenen Flüchtlingen - die deutlich höher liegt als unter Einheimischen - nahm durch 
die Sprachkurse nicht ab. Die Studienautoren interpretieren das so: Die Motivierten profitieren von den 
Sprachkursen, aber jene, die ohnehin kriminell geworden wären, ließen sich von ein paar Monaten mehr 
Dänischunterricht nicht dazu bekehren, gesetzestreu zu sein.
Und noch einen interessanten Aspekt streift die Studie: Probehalber kürzte Dänemark Flüchtlingen im Alter von 
mehr als 25 Jahren für 13 Monate die Sozialhilfe. Eine politische Maßnahme, die im Untersuchungszeitraum lag 
und so von den Wissenschaftlern auf ihre Wirksamkeit überprüft werden konnte. Sollte das Ziel gewesen sein, dass 
die Flüchtlinge mittels dieses Drucks schneller eine Arbeit aufnahmen, so war der Effekt desaströs: Beschäftigung 
und Verdienst stiegen nicht, stattdessen schoss, mutmaßlich aus Geldnot, die Zahl der Ladendiebstähle in die 
Höhe.
Die Botschaft der Studie, die im Juni im Fachjournal Review of Economics and Statistics veröffentlicht wurde, ist 
eindeutig: In Sprachbildung zu investieren lohnt sich. ANANT AGARWALA
***"
2022-07,Main Corpus,2022-07(50).ZIP,Geduldete dürfen bleiben Die Bundesregierung beschließt ein neues Aufenthaltsrecht. Straftäter sind.PDF,C:\PythonProjects\AfD-project\Corpora\Main Corpus\2022-07\raw_unarchive\Geduldete dürfen bleiben Die Bundesregierung beschließt ein neues Aufenthaltsrecht. Straftäter sind.PDF,Geduldete dürfen bleiben Die Bundesregierung beschließt ein neues Aufenthaltsrecht. Straftäter sind,geduldete dürfen bleiben die bundesregierung beschliesst ein neues aufenthaltsrecht straftäter sind,Berliner Zeitung,berliner zeitung,07. Juli 2022,,POLITIK; S. 13,457,3656,03a747b3f7369ef157737f83bfd8ac64e582355c,,unique,keep,,no,,no,,,4784,no,,,,,"Gut integrierte Ausländer, die in Deutschland lediglich geduldet sind, sollen Aussicht auf ein dauerhaftes 
Bleiberecht bekommen. Das Bundeskabinett beschloss am Mittwoch ein Migrationspaket, das für solche Fälle ein 
sogenanntes Chancen-Aufenthaltsrecht vorsieht. Zugleich sollen sowohl die Fachkräfteeinwanderung als auch die 
Abschiebung von ausländischen Straftätern erleichtert werden.
 Das Paket sei ein erster wichtiger Schritt hin zu einem Einwanderungs- und Integrationsland , sagte 
Bundesinnenministerin Nancy Faeser (SPD). Von der Novelle sollen Menschen profitieren, die bis zum Stichtag 1. 
Januar 2022 mindestens fünf Jahre in Deutschland gelebt haben die aber kein dauerhaftes Aufenthaltsrecht 
haben, sondern nur geduldet sind. Sie sollen für ein Jahr ein Chancen-Aufenthaltsrecht bekommen, um die 
nötigen Voraussetzungen für ein dauerhaftes Bleiberecht zu erfüllen. Insbesondere müssen sie nachweisen, dass 
sie für ihren Lebensunterhalt aufkommen können und ausreichend Deutsch sprechen. 
Straftäter bleiben dabei ausgeschlossen. Gut integrierte Jugendliche und junge Erwachsene unter 27 Jahren 
wiederum sollen bereits nach drei Jahren eine Aufenthaltserlaubnis bekommen können.
 Schneller abschieben 
Weitere Regelungen des Gesetzentwurfs beziehen sich auf die Fachkräftezuwanderung. Ausländische Fachkräfte 
sollen künftig Ehepartnerinnen und -partner sowie minderjährige Kinder nach Deutschland holen können, ohne 
dass diese zuvor Deutsch-Kenntnisse nachweisen müssen. Asylsuchende sollen von Anfang an Zugang zu 
Integrationskursen und beruflichen Sprachkursen bekommen bisher ist dies abhängig davon, ob sie gute Chancen 
auf einen positiven Asylbescheid haben. 
Bei der Abschiebung von ausländischen Straftätern sieht der Gesetzentwurf Verschärfungen vor: Es soll leichter 
werden, ihnen das Aufenthaltsrecht zu entziehen, und sie können maximal sechs statt drei Monate in 
Abschiebehaft genommen werden. 
Die Bundesregierung wolle die Zuwanderung aktiv gestalten , anstatt sie, wie es während der Amtszeit von 
Kanzlerin Angela Merkel (CDU) gewesen sei, nur widerwillig zu verwalten , sagte Faeser. Das Chancen-
Aufenthaltsrecht beende die unsägliche Praxis der Ketten-Duldung , welche die Betroffenen sehr belaste. 

Geduldete dürfen bleiben Die Bundesregierung beschließt ein neues Aufenthaltsrecht. Straftäter sind 
ausgeschlossen
Die Menschenrechtsorganisation Po Asyl forderte Nachbesserungen. So solle der Stichtag 1. Januar 2022 fallen 
denn bei Inkrafttreten des Gesetzes würden bereits weitere Geduldete mindestens fünf Jahre lang in Deutschland 
leben. Der innenpolitische Sprecher der Unionsfraktion, Alexander Throm (CDU), kritisierte, mit der neuen 
Regelung würde die Bundesregierung Menschen belohnen, die nicht verfolgt oder schutzbedürftig sind, ausreisen 
müssten und sich trotzdem beharrlich weigern . Damit schaffe die Koalition massive Anreize für illegale Migration 
nach Deutschland , sagte Throm dem Handelsblatt.
 Mehr Arbeitskräfte aus Ausland 
Faeser bezeichnete diesen Vorwurf als Unsinn . Grünen-Fraktionschefin Britta Haßelmann und die Grünen-
Innenpolitikerin Filiz Polat erklärten, es gehe um Perspektiven für Menschen, die bereits Teil unserer Gesellschaft 
sind . Das neue Aufenthaltsrecht sei auch eine Maßnahme gegen den Arbeitskräftemangel . Der parlamentarische 
Geschäftsführer der FDP-Fraktion, Stephan Thomae, betonte, die Regelungen zur Fachkräfteeinwanderung 
reichten nicht aus Deutschland müsse die Einwanderung von Arbeitskräften aus dem Ausland deutlich 
vereinfachen . Faeser kündigte an, nach der Sommerpause ein weiteres Migrationspaket zu genau diesem Thema 
vorzulegen. (AFP)"
2022-07,Main Corpus,2022-07(50).ZIP,Gewalt zwischen Deutschen und Zuwanderern geht meist von Letzteren aus Das ergibt eine Auswertung de.PDF,C:\PythonProjects\AfD-project\Corpora\Main Corpus\2022-07\raw_unarchive\Gewalt zwischen Deutschen und Zuwanderern geht meist von Letzteren aus Das ergibt eine Auswertung de.PDF,Gewalt zwischen Deutschen und Zuwanderern geht meist von Letzteren aus Das ergibt eine Auswertung der,gewalt zwischen deutschen und zuwanderern geht meist von letzteren aus das ergibt eine auswertung der,Die Welt,die welt,Donnerstag 21. Juli 2022,Marcel Leubecher,Politik; S. 4; Ausg. 140,673,4994,63ddb97f6e1f24d3306d85dd31f7aa3e764540ae,,unique,keep,,no,,no,,,6470,no,,,,,"Wenn in der Bundesrepublik Gewalttaten zwischen Deutschen und Zuwanderern stattfinden, ist in den meisten 
Fällen der Zuwanderer der Täter und der Deutsche das Opfer. Dies geht aus einem kürzlich erstellten Lagebericht 
des Bundeskriminalamtes (BKA) zur ""Kriminalität im Kontext der Zuwanderung"" hervor. Als ""Zuwanderer"" definiert 
das BKA alle Personen mit Aufenthaltsstatus Asylbewerber, Schutzberechtigter, unerlaubt aufhältig und geduldet.
In dem Lagebild wird auf Grundlage der Polizeilichen Kriminalstatistik (PKS) unter anderem eine Auswertung von 
Täter-Opfer-Fallkonstellationen vorgenommen. Und zwar nur für den Bereich schwerer Straftaten, zu denen ein 
Tatverdächtiger ermittelt werden konnte - also solche Fälle, die polizeilich aufgeklärt und an die Staatsanwaltschaft 
übergeben wurden. Demnach gab es 2021 im untersuchten Bereich der ""Straftaten gegen das Leben, Straftaten 
gegen die sexuelle Selbstbestimmung, Rohheitsdelikte und Straftaten gegen die persönliche Freiheit"" 40.593 
deutsche Opfer von Taten, zu denen ein Zuwanderer als tatverdächtig ermittelt wurde. Demgegenüber wurden 
11.107 Zuwanderer Opfer einer solchen Straftat durch einen deutschen Tatverdächtigen. Dem Lagebild zufolge 
fielen 2021 in der schwersten Deliktgruppe Mord und Totschlag ""140 Deutsche einer Straftat zum Opfer, an der 
mindestens ein tatverdächtiger Zuwanderer beteiligt war. Davon wurden 18 Personen Opfer einer vollendeten Tat."" 
Bei den übrigen Fällen überlebte das Opfer also. Andersherum wurden ""42 Zuwanderer Opfer von Taten, an denen 
mindestens ein Deutscher beteiligt war. Davon wurden drei Personen Opfer einer vollendeten Tat."" Im Bereich der 
""Straftaten gegen die sexuelle Selbstbestimmung"" wurden 2496 Deutsche Opfer einer Straftat eines 
tatverdächtigen Zuwanderers. Umgekehrt wurden 120 Zuwanderer Opfer eines Deutschen.
Bei diesen Daten gilt es, einiges zu beachten: Zum einen definiert das BKA wie gesagt als ""Zuwanderer"" nur 
Personen mit Aufenthaltsstatus Asylbewerber, Schutzberechtigter, unerlaubt aufhältig und geduldet. Das entspricht 
also jenem Teil der in Deutschland lebenden Ausländer, der von den meisten Politikern und Journalisten als 
Flüchtlinge oder Geflüchtete und gelegentlich etwas treffender als Asylzuwanderer bezeichnet wird. Als Deutsche 
gelten in der PKS alle Personen, die ausschließlich oder auch über die deutsche Staatsangehörigkeit verfügen. 

Gewalt zwischen Deutschen und Zuwanderern geht meist von Letzteren aus Das ergibt eine Auswertung der 
Polizeilichen Kriminalstatistik zu Täter-Opfer-Konstellati....
Beispielsweise haben laut dem Berliner Innensenator Andreas Geisel (SPD) drei Viertel der Mitglieder sogenannter 
Clans in der Hauptstadt schon eine deutsche Staatsbürgerschaft erhalten. Dahinter stehen nicht nur über die Jahre 
vereinfachte Einbürgerungen, sondern auch ein Element des im Jahr 2000 unter Rot-Grün geänderten 
Staatsangehörigkeitsrechts. Seither erhalten hier geborene Kinder von zwei Ausländern den deutschen Pass ab 
Geburt, falls ein Elternteil legal seit acht Jahren im Land lebt. Weil beispielsweise in kriminellen ""Clans"" die Mütter 
sehr selten straffällig werden und deswegen meist eine Aufenthaltserlaubnis haben, werden die Kinder dann 
automatisch zu deutschen Staatsbürgern, egal ob sie sich mit Deutschland und als Deutsche identifizieren oder 
nicht.
Seit Jahren sind Nichtdeutsche insgesamt und insbesondere Asylzuwanderer in der Kriminalstatistik deutlich 
überrepräsentiert. Die Lage bessert sich aber offenbar etwas: Insgesamt gingen im Jahr 2021 die Straftaten in 
Deutschland, zu denen ein Tatverdächtiger ermittelt werden konnte, um 4,6 Prozent im Vergleich zum Vorjahr 
zurück, die Delikte mit tatverdächtigen Zuwanderern sogar um 4,7 Prozent. Insgesamt wurden 2021 fast eine 
Million Opfer von Gewaltkriminalität registriert, etwas weniger als im Jahr zuvor. Auch in der schwersten 
Deliktgruppe Straftaten gegen das Leben zeigt sich eine Verbesserung: Verzeichnete das BKA 2017 noch 447 
solcher Taten durch tatverdächtige Zuwanderer, waren es 2021 noch 366. Damit entfielen aber auch im vorigen 
Jahr 13,9 Prozent aller ermittelten Fälle auf Zuwanderer, also Asylbewerber, Schutzberechtigte, unerlaubt 
Aufhältige und Geduldete, die ungefähr zwei Prozent der Bevölkerung ausmachen.
In den vergangenen Tagen sorgten vor allem zwei Kriminalfälle für Bestürzung: Die Tötung einer 17-Jährigen in 
Ludwigsburg, bei der ein 35-jähriger Syrer tatverdächtig ist. Zudem wurde am Dienstag ein 16-Jähriger Afghane 
verurteilt, der eine Elfjährige in Neustrelitz vergewaltigt hatte. Die Richter setzten die Strafe zur Bewährung aus. 
Günter Krings, der Justizexperte der CDU/CSU-Fraktion, sagte: ""Diese abscheuliche Tat wird das Opfer und seine 
Familie ein Leben lang begleiten. Auch deshalb muss das Urteil auf sie im höchsten Maße verstörend wirken."" Er 
""erwarte vom Innenminister in Mecklenburg-Vorpommern daher, dass er die Abschiebung des Täters zur 
Chefsache macht"".
Original Gesamtseiten-PDF"
2022-07,Main Corpus,2022-07(50).ZIP,In eigener Sache.PDF,C:\PythonProjects\AfD-project\Corpora\Main Corpus\2022-07\raw_unarchive\In eigener Sache.PDF,In eigener Sache,in eigener sache,Berliner Zeitung,berliner zeitung,28. Juli 2022,Elmar Schütze,MEINUNG; Katja Kipping; S. 18,250,1770,e1cff8501c444f864a06b53f7a3001e96deb0011,,unique,drop,commentary_noncore,no,,no,,,2551,yes,commentary_noncore,,,,"Katja Kipping schlägt Alarm. Viele Bundesländer weigerten sich, Asylbewerber aufzunehmen, weil sie mit der 
Unterbringung ukrainischer Flüchtlinge ausgelastet seien. So laste auf Berlin als Anlaufpunkt von Menschen aus 
aller Welt ein zu großer Teil der Verantwortung für eine menschenwürdige Unterbringung. Nun, so Kipping, seien 
fast alle Kapazitäten erschöpft. Alle müssten mitmachen.
Genauer müsste es heißen: Berlins Integrations- und Sozialsenatorin schlägt mal wieder Alarm. Denn der Hilferuf 
ist zwar inhaltlich richtig, er ist aber auch PR in eigener Sache. Nicht umsonst war Katja Kipping als 
Bundesvorsitzende der Linkspartei lange in der Bundespolitik zu Hause und zwar stets in der Rolle einer 
Oppositionsführerin. Das merkt man ihr bis heute oft an. Tatsächlich vergeht kaum ein Tag ohne Appell, Forderung, 
Kritik von Kipping. Ansprechpartner ist stets der Bund. Genauer: die Ampelpartei FDP.
Eine kleine Auswahl der Schlagzeilen der jüngsten Zeit: Kipping kritisiert die Bundes-FDP wegen der 
Schuldenbremse. Sie sieht die Stimmung recht schnell kippen , wenn die FDP nicht begreift, dass sie Kriegsfolgen 
sozial abfedern muss. Finanzminister Lindners Haushaltsentwurf offenbare: Statt Bürgergeld kommt noch mehr 
Armut und Not. 
Nun gehört Bund-Bashing in den Instrumentenkasten jedes Landespolitikers, das ist Föderalismus-Folklore. Doch 
im politischen Berlin hält sich das Gerücht, dass die 44-Jährige eine Bundespolitikerin in Wartestellung sei, die nur 
kurz auf Landesebene geparkt wurde. Das wäre schon schade, denn in den Wochen der Ukraine-Flüchtlingskrise 
war sie neben Franziska Giffey das Gesicht eines solidarischen Berlin. Nur gelöst hat Kipping die Probleme auch 
eher selten. Es bleibt dabei: Berlin hat zu wenig Unterkunftsplätze."
2022-07,Main Corpus,2022-07(50).ZIP,"Kartoffeln fertig Azizul Sohag (25) ist als minderjähriger, unbegleiteter Flüchtling 2015 nach Deuts(2).PDF","C:\PythonProjects\AfD-project\Corpora\Main Corpus\2022-07\raw_unarchive\Kartoffeln fertig Azizul Sohag (25) ist als minderjähriger, unbegleiteter Flüchtling 2015 nach Deuts(2).PDF","Kartoffeln fertig Azizul Sohag (25) ist als minderjähriger, unbegleiteter Flüchtling 2015 nach Deutschland",kartoffeln fertig azizul sohag 25 ist als minderjähriger unbegleiteter flüchtling 2015 nach deutschland,Rheinische Post,rheinische post,Dienstag 19. Juli 2022,,S. 18,755,4913,e5d11cb00f103f642d3d7dce46a6df1c5369a1d4,exact_005,duplicate_exact,review,,no,,no,,,6378,no,,exact_005,,,"Kleve (RP) Wenn Azizul Sohag keine Zeit für seinen Käsekuchen hat, dann gehen die Kunden des Klever 
Biomarktes schon einmal auf die Barrikaden. Azizuls Käsekuchen ist fest und cremig zugleich. Er ist weniger süß, 
schmeckt ein bisschen nach Zitrone und hat – wie mancher Kunde findet – einen guten und weichen Boden. Doch 
Konsistenz und Geschmack sind es nicht, die den Kuchen so besonders machen. Es ist wohl vor allem Azizul 
selbst, der die Menschen fasziniert. Er und seine Geschichte. Wer ihn trifft, der weiß wenig später: Es ist nicht nur 
alles schlecht in dieser doch so unruhigen und ungewissen Welt.
Rückblick: Es ist Flüchtlingskrise in Deutschland. Tag für Tag strömen Tausende Menschen ins Land. Sie kommen 
zu Fuß. Sie kommen mit dem Boot. Mit dem Bus. Mit der Bahn. Es sind viele. Sehr viele. Später wird man 
schreiben, dass in den Jahren 2015 und 2016 mehr als zwei Millionen Menschen in die Europäische Union 
geflüchtet sind. Diese Massen, diese vielen Bilder, sie machen was mit den Deutschen. Angst. Als Antwort darauf 
entgegnet Angela Merkel, damals CDU-Bundeskanzlerin, folgenden Satz: „Wir schaffen das.“ Ausgesprochen am 
31. August 2015 auf einer Bundespressekonferenz. Unvergessen bis heute.
Azizul Sohag hat es geschafft. Als 17-Jähriger floh er von Myanmar, das frühere Burma, nach Bangladesch. Von 
dort aus führte ihn seine Schicksalsreise über sechs, sieben weitere Flüchtlingscamps nach Deutschland. „Ich hatte 
nichts“, sagt Azizul, der in seinem Heimatland zu einer ethnischen Minderheit gehört. Er berichtet von Plastikhütten, 
in denen er schlief. Von Fleisch, das er höchstens ein bis zweimal im Monat aß. Er konnte nicht lesen, nicht 
schreiben. Wenn er all das mit dem Hier und Jetzt vergleicht, kann er sein Glück kaum in Worte fassen. „Ich bin 
unglaublich dankbar. Ich liebe es, hier zu sein.“
Hier zu sein, das begann im August 2015. Als unbegleiteter, minderjähriger Flüchtling kam er in der Sporthalle des 
Berufskollegs des Kreises Kleve an. Dort traf er auch zum ersten Mal auf Karla Heisterkamp. Die Mitarbeiterin des 
Caritasverbandes Kleve war zu dieser Zeit für die Integrationsarbeit in der Stadt zuständig. „Ich leitete unter 

Kartoffeln fertig Azizul Sohag (25) ist als minderjähriger, unbegleiteter Flüchtling 2015 nach Deutschland 
gekommen. Heute begeistert er als Koch die Menschen. ....
anderem eine Kochgruppe mit 33 jugendlichen Flüchtlingen im Kontaktcafé. Azizul stach schon damals sofort 
heraus“, sagt sie.
Er habe schnell Deutsch gelernt, perfekt gekocht. Auch sein späterer Ausbilder, Franz Vierboom vom Caféhaus 
Niederrhein, denkt noch gerne an die Zeit mit Azizul zurück: „Er ist ein leidenschaftlicher Handwerker. Und es ist 
wirklich erstaunlich, wie er sich über die Jahre entwickelt hat.“ Franz Vierboom spricht von deutschen Tugenden. 
Von Fleiß, von vorbildlicher Arbeit. „Und er wusste um seine Probleme, die Sprache, hat Unterstützung 
eingefordert.“ Noch heute denke sein Team oft an die gemeinsame Zeit zurück. „Kartoffeln fertig“ bedeutet seitdem 
im Caféhaus Niederrhein: Es sind keine mehr vorrätig.
der Sporthalle des Berufskollegs zog Azizul Sohag drei Monate später in eine Wohngruppe vom SOS-Kinderdorf 
Niederrhein. Und er ging zur Schule. „Meine Lehrerin hatte es schwer mit mir“, sagt Azizul. Er konnte kein Englisch, 
nicht lesen und schreiben. Aber er gab nicht auf, lernte das ABC, die deutsche Sprache. 2017 folgte die Ausbildung 
zum Koch. Ein Jahr später zog er in seine erste eigene Wohnung. Seit April 2021 – nach einem „kurzen Hickhack“ 
mit der Ausländerbehörde – arbeitet er als festangestellter Koch für den Biomarkt im Bistro und BioBuddy in der 
Klever Ober- und Unterstadt. Dort ist er der Chef, kann sich ausprobieren, verwirklichen. Dort gibt er all seine Liebe 
und Dankbarkeit an die Menschen der Stadt zurück.
„Wir wollen, dass er für immer bei uns bleibt“, sagt Lara Jacobs, Inhaberin des Biomarktes in Kleve. Sie schwärmt: 
Azizul sei ein Schmuckstück, ein herzensguter Mensch, fleißig, lieb und dankbar. Und er sei dazu auch noch ein 
hervorragender Koch, bei den Kunden wie Mitarbeitern gleichermaßen beliebt. „Man möchte einfach mit ihm 
befreundet sein“, sagt Lara Jacobs.
„Azizul ist das beste Beispiel für eine erfolgreiche Integration“, meint auch Karla Heisterkamp, die in all den Jahren 
den Kontakt zu dem jungen Mann gehalten hat. „Vier Jahre lang habe ich mit ihm bei der Caritas gekocht. 
Anschließend habe ihn während seiner Ausbildung besucht und nun freue ich mich, wenn er im Food-Truck vor 
dem Biomarkt steht.“
Azizul – körperlich keine 1,60 Meter groß, menschlich aber ein Riese – hat sich an jenem Tag herausgeputzt. 
Weiße Kochmütze, dunkelrotes Halstuch, weißes Kochhemd und Hose. Immer ordentlich auszusehen – so hat er 
es von seinem damaligen Chef Franz Vierboom gelernt. Zurück in seine Heimat möchte Azizul nicht. „Mein Herz 
hängt an Kleve.“ Und die Menschen an ihm."
2022-07,Main Corpus,2022-07(50).ZIP,"Kartoffeln fertig Azizul Sohag (25) ist als minderjähriger, unbegleiteter Flüchtling 2015 nach Deuts.PDF","C:\PythonProjects\AfD-project\Corpora\Main Corpus\2022-07\raw_unarchive\Kartoffeln fertig Azizul Sohag (25) ist als minderjähriger, unbegleiteter Flüchtling 2015 nach Deuts.PDF","Kartoffeln fertig Azizul Sohag (25) ist als minderjähriger, unbegleiteter Flüchtling 2015 nach Deutschland",kartoffeln fertig azizul sohag 25 ist als minderjähriger unbegleiteter flüchtling 2015 nach deutschland,Rheinische Post,rheinische post,Montag 25. Juli 2022,,S. 20,755,4913,e5d11cb00f103f642d3d7dce46a6df1c5369a1d4,exact_005,duplicate_exact,review,,no,,no,,,6379,no,,exact_005,,,"Kleve (RP) Wenn Azizul Sohag keine Zeit für seinen Käsekuchen hat, dann gehen die Kunden des Klever 
Biomarktes schon einmal auf die Barrikaden. Azizuls Käsekuchen ist fest und cremig zugleich. Er ist weniger süß, 
schmeckt ein bisschen nach Zitrone und hat – wie mancher Kunde findet – einen guten und weichen Boden. Doch 
Konsistenz und Geschmack sind es nicht, die den Kuchen so besonders machen. Es ist wohl vor allem Azizul 
selbst, der die Menschen fasziniert. Er und seine Geschichte. Wer ihn trifft, der weiß wenig später: Es ist nicht nur 
alles schlecht in dieser doch so unruhigen und ungewissen Welt.
Rückblick: Es ist Flüchtlingskrise in Deutschland. Tag für Tag strömen Tausende Menschen ins Land. Sie kommen 
zu Fuß. Sie kommen mit dem Boot. Mit dem Bus. Mit der Bahn. Es sind viele. Sehr viele. Später wird man 
schreiben, dass in den Jahren 2015 und 2016 mehr als zwei Millionen Menschen in die Europäische Union 
geflüchtet sind. Diese Massen, diese vielen Bilder, sie machen was mit den Deutschen. Angst. Als Antwort darauf 
entgegnet Angela Merkel, damals CDU-Bundeskanzlerin, folgenden Satz: „Wir schaffen das.“ Ausgesprochen am 
31. August 2015 auf einer Bundespressekonferenz. Unvergessen bis heute.
Azizul Sohag hat es geschafft. Als 17-Jähriger floh er von Myanmar, das frühere Burma, nach Bangladesch. Von 
dort aus führte ihn seine Schicksalsreise über sechs, sieben weitere Flüchtlingscamps nach Deutschland. „Ich hatte 
nichts“, sagt Azizul, der in seinem Heimatland zu einer ethnischen Minderheit gehört. Er berichtet von Plastikhütten, 
in denen er schlief. Von Fleisch, das er höchstens ein bis zweimal im Monat aß. Er konnte nicht lesen, nicht 
schreiben. Wenn er all das mit dem Hier und Jetzt vergleicht, kann er sein Glück kaum in Worte fassen. „Ich bin 
unglaublich dankbar. Ich liebe es, hier zu sein.“
Hier zu sein, das begann im August 2015. Als unbegleiteter, minderjähriger Flüchtling kam er in der Sporthalle des 
Berufskollegs des Kreises Kleve an. Dort traf er auch zum ersten Mal auf Karla Heisterkamp. Die Mitarbeiterin des 
Caritasverbandes Kleve war zu dieser Zeit für die Integrationsarbeit in der Stadt zuständig. „Ich leitete unter 

Kartoffeln fertig Azizul Sohag (25) ist als minderjähriger, unbegleiteter Flüchtling 2015 nach Deutschland 
gekommen. Heute begeistert er als Koch die Menschen. ....
anderem eine Kochgruppe mit 33 jugendlichen Flüchtlingen im Kontaktcafé. Azizul stach schon damals sofort 
heraus“, sagt sie.
Er habe schnell Deutsch gelernt, perfekt gekocht. Auch sein späterer Ausbilder, Franz Vierboom vom Caféhaus 
Niederrhein, denkt noch gerne an die Zeit mit Azizul zurück: „Er ist ein leidenschaftlicher Handwerker. Und es ist 
wirklich erstaunlich, wie er sich über die Jahre entwickelt hat.“ Franz Vierboom spricht von deutschen Tugenden. 
Von Fleiß, von vorbildlicher Arbeit. „Und er wusste um seine Probleme, die Sprache, hat Unterstützung 
eingefordert.“ Noch heute denke sein Team oft an die gemeinsame Zeit zurück. „Kartoffeln fertig“ bedeutet seitdem 
im Caféhaus Niederrhein: Es sind keine mehr vorrätig.
der Sporthalle des Berufskollegs zog Azizul Sohag drei Monate später in eine Wohngruppe vom SOS-Kinderdorf 
Niederrhein. Und er ging zur Schule. „Meine Lehrerin hatte es schwer mit mir“, sagt Azizul. Er konnte kein Englisch, 
nicht lesen und schreiben. Aber er gab nicht auf, lernte das ABC, die deutsche Sprache. 2017 folgte die Ausbildung 
zum Koch. Ein Jahr später zog er in seine erste eigene Wohnung. Seit April 2021 – nach einem „kurzen Hickhack“ 
mit der Ausländerbehörde – arbeitet er als festangestellter Koch für den Biomarkt im Bistro und BioBuddy in der 
Klever Ober- und Unterstadt. Dort ist er der Chef, kann sich ausprobieren, verwirklichen. Dort gibt er all seine Liebe 
und Dankbarkeit an die Menschen der Stadt zurück.
„Wir wollen, dass er für immer bei uns bleibt“, sagt Lara Jacobs, Inhaberin des Biomarktes in Kleve. Sie schwärmt: 
Azizul sei ein Schmuckstück, ein herzensguter Mensch, fleißig, lieb und dankbar. Und er sei dazu auch noch ein 
hervorragender Koch, bei den Kunden wie Mitarbeitern gleichermaßen beliebt. „Man möchte einfach mit ihm 
befreundet sein“, sagt Lara Jacobs.
„Azizul ist das beste Beispiel für eine erfolgreiche Integration“, meint auch Karla Heisterkamp, die in all den Jahren 
den Kontakt zu dem jungen Mann gehalten hat. „Vier Jahre lang habe ich mit ihm bei der Caritas gekocht. 
Anschließend habe ihn während seiner Ausbildung besucht und nun freue ich mich, wenn er im Food-Truck vor 
dem Biomarkt steht.“
Azizul – körperlich keine 1,60 Meter groß, menschlich aber ein Riese – hat sich an jenem Tag herausgeputzt. 
Weiße Kochmütze, dunkelrotes Halstuch, weißes Kochhemd und Hose. Immer ordentlich auszusehen – so hat er 
es von seinem damaligen Chef Franz Vierboom gelernt. Zurück in seine Heimat möchte Azizul nicht. „Mein Herz 
hängt an Kleve.“ Und die Menschen an ihm."
2022-07,Main Corpus,2022-07(50).ZIP,"Kipping will Entlastung für Berlin Sozialsenatorin fordert, dass auch andere Bundesländer wieder Asy.PDF","C:\PythonProjects\AfD-project\Corpora\Main Corpus\2022-07\raw_unarchive\Kipping will Entlastung für Berlin Sozialsenatorin fordert, dass auch andere Bundesländer wieder Asy.PDF","Kipping will Entlastung für Berlin Sozialsenatorin fordert, dass auch andere Bundesländer wieder Asylbewerber",kipping will entlastung für berlin sozialsenatorin fordert dass auch andere bundesländer wieder asylbewerber,Berliner Zeitung,berliner zeitung,28. Juli 2022,Elmar Schütze,TITEL; S. 1,747,5509,9a8853cf169961556c46f34d52f1d0e1f7ae13e5,,unique,keep,,no,,no,,,6677,no,,,,,"Die Zahl ist gewaltig: Seit dem Start der russischen Invasion in der Ukraine wurden Stichtag 19. Juli in 
Deutschland mehr als 915.000 Kriegsflüchtlinge erfasst. Hunderttausende kamen auf ihrer Flucht durch Berlin, 
mehr als 60.000 von ihnen wurden in der Stadt untergebracht. Vielfach müssen sich die Ukrainer die Unterkünfte 
mit den übrigen Flüchtlingen aus aller Welt teilen die meisten davon Asylbewerber. Ergebnis: Die Unterkünfte sind 
voll. Bald müssen die ersten wieder in Zelten übernachten. Jetzt schlägt Sozial- und Integrationssenatorin Katja 
Kipping Alarm. Die Linke-Politikerin fordert, dass sich wieder alle Bundesländer an der Aufnahme von 
Asylbewerbern beteiligen.
Am Mittwoch sandte Senatorin Kipping einen deutlichen Appell: Meine ausdrückliche Bitte an alle Bundesländer 
ist, zurückzukehren zum Solidarprinzip und sich an der Erstaufnahme von Asylantragstellenden zu beteiligen. 
Zuletzt hätten sich nur Brandenburg, Baden-Württemberg und Rheinland-Pfalz zu einer weiteren Unterbringung 
bereit erklärt.
Besonders betroffen sei das Land Berlin, das aufgrund seiner großen internationalen Attraktivität ohnehin einen 
überproportional großen Anteil Menschen unterbringe, so Kipping. Rund 24.500 Plätze gebe es derzeit in Berlin, 
doch diese dürften in Kürze belegt sein. Deshalb habe sie jetzt die erste Stufe eines Notfallplans in Kraft gesetzt, 
sagte Kipping.
Als erstes werde jetzt ein großes Zelt mit rund 900 Schlafplätzen reaktiviert, das bislang als ungenutzte Reserve 
auf dem Gelände des Ukraine-Ankunftszentrums auf dem ehemaligen Flughafen Tegel steht. In Stufe 2 des 
Notfalls werde die Gefahrenlage ausgerufen, so Kipping. Dann könnten schneller Verträge mit Betreibern leer 
stehender Hotels und Hostels unterschrieben werden, um mehr Plätze zu schaffen.
Im März und April dem Höhepunkt der Flüchtlingswelle aus der Ukraine wurden auf diese Weise kurzfristig fast 
6000 Schlafplätze geschaffen. Seit weniger Neuankömmlinge versorgt werden müssen, ließ man die Verträge nach 
und nach auslaufen. Doch jetzt, so die Senatorin, werde es wieder knapp. Das liege auch daran, dass inzwischen 
viele Ukrainer, die bei Privatleuten unterkamen, jetzt Plätze in Gemeinschaftsunterkünften bräuchten. Dort 
konkurrierten sie mit Asylbewerbern. Dennoch lässt Kipping keinen Zweifel daran, dass ihr eigener Notfallplan 

Kipping will Entlastung für Berlin Sozialsenatorin fordert, dass auch andere Bundesländer wieder Asylbewerber 
aufnehmen
keine langfristige Basis biete. Wir kaufen der Bundesrepublik Zeit. Eigentlich brauchen wir eine politische Lösung , 
sagte die Linke-Politikerin.
Asylbewerber werden unter den Ländern üblicherweise auf Basis ihrer Einwohnerzahl nach dem sogenannten 
Königsteiner Schlüssel aufgeteilt. Demnach muss Berlin 5,2 Prozent der zu verteilenden Asylbewerber 
unterbringen. Tatsächlich ist der Anteil deutlich größer. 
Das dazugehörige elektronische Verteilsystem heißt EASY . Senatorin Kipping zufolge haben sich in den 
vergangenen Tagen die meisten Bundesländer davon abgemeldet. Sie hätten dies damit begründet, dass sie durch 
die Aufnahme von Ukrainern stark belastet seien. In diesen Ländern gebe es faktisch einen Aufnahmestopp für 
Menschen, die Erstanträge auf Asyl stellen, so Kipping.
Bereits Anfang Juli hatte die Senatorin im Hinblick auf die Unterbringung Geflüchteter Alarm geschlagen und auf 
die angespannte Situation hingewiesen. Damals war aber noch von rund 850 freien Plätzen die Rede.
Und es ist ja auch nicht so, dass der Senat gar nichts getan habe, so Kipping. Zum Beispiel wurde mittlerweile ein 
Containerdorf auf dem Gelände des ehemaligen Flughafen Tempelhof reaktiviert. Erste Teile werden als 
Notunterkunft genutzt. Rund 330 Plätze sind dort momentan belegt.
Dieses sogenannte Tempohome wurde in der großen Flüchtlingswelle 2015/16 aufgestellt. Zwischenzeitlich gab es 
dort Platz für tausend Menschen. Nachdem die Flüchtlingswelle abflaute, standen die Container lange leer und 
verrotteten.
Schon Kippings Vorgängerin als Integrationssenatorin, Elke Breitenbach (Linke), versuchte, die Anlage wieder ans 
Netz zu bringen. Doch das Gesundheitsamt des Bezirksamtes Tempelhof-Schöneberg stellte sich quer: Die 
oberirdisch verlegten Wasserleitungen seien nicht zuletzt wegen der dauerhaften Sonneneinstrahlung so marode, 
dass von ihnen eine Gesundheitsgefahr ausgehe. Deswegen dürften insbesondere Kinder dort nicht untergebracht 
werden. Nach einem langen Streit zwischen den Verwaltungen inklusiver mehrerer Gutachten gab es zuletzt eine 
Lösung: Die Leitungen konnten unterirdisch verlegt werden. Einer Unterbringung wurde stattgegeben. Eine weitere 
Alternative kann bald genutzt werden. Am Montag eröffnet in Lichtenberg eine neue modulare Unterkunft mit 385 
Plätzen. 
Bei aller Raumnot schloss Katja Kipping eine Lösung am Mittwoch kategorisch aus. Wir wollen keine Sporthallen 
als Unterkunft nutzen. Aus gutem Grund. Der Einsatz von Sporthallen zur Unterbringung von Menschen gilt aus 
mehreren Gründen als problematisch. Erstens sind die Bedingungen mit Hunderten Menschen in einem Saal 
prekär. Zweitens wird damit der Unmut des Rests der Bevölkerung geschürt, die die Hallen in dieser Zeit nicht 
nutzen können. 
Kritik an Kippings Flüchtlingspolitik kommt von der FDP. Senatorin Kipping weiß seit ihrer Amtsübernahme von den 
fehlenden Unterbringungsplätzen , sagte Tobias Bauschke, sozialpolitischer Sprecher der FDP-Fraktion im 
Abgeordnetenhaus. Doch seitdem sei kaum etwas passiert. Kommentar Seite 18"
2022-07,Main Corpus,2022-07(50).ZIP,Krisenstab will weitere sechs Kasernengebäude für Flüchtlinge Ukraine -Krieg Kreisrat Dr. Frank Puch.PDF,C:\PythonProjects\AfD-project\Corpora\Main Corpus\2022-07\raw_unarchive\Krisenstab will weitere sechs Kasernengebäude für Flüchtlinge Ukraine -Krieg Kreisrat Dr. Frank Puch.PDF,Krisenstab will weitere sechs Kasernengebäude für Flüchtlinge Ukraine -Krieg Kreisrat Dr. Frank Puchert gibt,krisenstab will weitere sechs kasernengebäude für flüchtlinge ukraine krieg kreisrat dr frank puchert gibt,Nordwest-Zeitung,nordwestzeitung,19. Juli 2022,,OSTFRIESLAND; S. 1,603,4273,65a148d020d3ff4aaa4acfc3046a25a1c5678145,,unique,keep,,no,,no,,,5073,no,,,,,"Kreis Aurich/as - Er hat die Lage falsch eingeschätzt. Dies wurde dem ersten Kreisrat Dr. Frank Puchert am 
Montagmittag beim Pressegespräch zur weiteren Nutzung des Geländes der Blücher Kaserne zur Aufnahme von 
Geflüchteten klar. Der Auricher Krisenstab für außergewöhnliche Ereignisse hat am Freitagvormittag bei der 
Bundesanstalt für Immobilienaufgaben (BImA) einen Antrag auf die Nutzung von sechs weiteren Gebäude und 
damit insgesamt neun Kasernengebäuden für die Unterbringung von Flüchtlingen an der Skagerrakstraße gestellt. 
Der Antrag umfasst auch die Übernahme der Kosten für die Herrichtung der Gebäude durch die BImA. Wir können 
die Menschen nicht mehr dezentral unterbringen. Wir schaffen das einfach nicht mehr. Es geht jetzt nur noch 
darum, so viele große Sammelunterkünfte wie möglich instandsetzen zu lassen. Es geht jetzt nicht mehr darum, die 
Menschen für einen kurzen Zeitraum zur Not unterzubringen. Ab jetzt stellen wir uns darauf ein, die Geflüchteten 
auf unbestimmte Zeit bei uns unterzubringen , sagt Puchert.
An Kapazitätsgrenze
Dem voraus gegangen war bereits die Instandsetzung eines Offiziersheims auf dem Kasernengelände für 
alleinreisende Männer. Dort schuf der Kreis innerhalb von zehn Wochen Platz für 74 Menschen. Zwei Gebäude 
befinden sich noch in der Herrichtung und könnten laut Angaben von Ordnungsamtsleiter Marcel Schäfer nicht vor 
2023 genutzt werden. Da der Kreis Aurich nach Angaben von Kreisrat Puchert aber schon doppelt so viele 
Flüchtlinge aus der Ukraine und Drittstaaten aufgenommen hat, wie ursprünglich vom Land zugewiesen, sind die 

Krisenstab will weitere sechs Kasernengebäude für Flüchtlinge Ukraine -Krieg Kreisrat Dr. Frank Puchert gibt 
zu, Lage falsch eingeschätzt zu haben
bereitgestellten Großunterkünftestark ausgelastet. Es müssen neue her. Aus diesem Grund stellte der Krisenstab 
jetzt diesen Antrag.
Nicht jeder darf bleiben
Aktuell bietet der Kreis Aurich mit seinen Integrationsstützpunkt in Norden und Aurich, der Registrierungsstelle und 
Unterkunft in Utlandshörn sowie dem Offiziersheim Platz für 470 Menschen.
Offiziell im Kreisgebiet registriert sind bereits 2025 Geflüchtete unterschiedlicher Herkunft. Längst nicht für jeden ist 
noch Wohnraum da. Wir können hier jeden Menschen registrieren, aber nicht jeden aufnehmen , so Puchert. Dass 
viel mehr Flüchtlinge kommen als vom Land ursprünglich zugewiesen, macht der Fall dieser Woche deutlich. Am 
Dienstag sollen sechs weitere hinzu kommen. Damit steigt die Zahl der Aufnahmen in einer Woche auf 103. Vom 
Land zugewiesen waren dem Landkreis für die Woche aber nur sechs Personen. Durchschnittlich kommen pro 
Woche aber etwa 75 Flüchtlinge.
Mehr Menschen als Platz
Insgesamt soll der Kreis Aurich laut Land Niedersachsen aktuell 3155 Geflüchtete aufnehmen. Diese Zahl wurde 
bereits im April von ursprünglich 566 Geflüchteten nach oben hin erweitert. Puchert und Schäfer vermuten, dass 
dies auch nochmal passieren wird.
Also muss der Kreis noch 1130 Menschen aufnehmen und ihnen bestenfalls eine Unterbringung ermöglichen. 
Genehmigt die BImA die Nutzung der weiteren sechs Kasernengebäude würden zu den bereits auf dem Gelände 
bestehenden 74 Plätzen noch 1200 hinzukommen. Zusätzlich sollen Container aufgestellt werden.
Kaum Abwägungen
 Wir sind jetzt nicht mehr in einer Situation, ob wir abwägen können bestimmte Gebäude zu nutzen. Wir bereiten 
uns jetzt nur noch auf den Worst Case vor. Ich schätze die Situation heute negativ und katastrophal ein.
Vor drei Monaten noch sah das etwas anders aus , sagt Puchert, der inzwischen feststellen musste, das die 
Flüchtlingskrise aus 2015 im Vergleich zur jetzigen Situation keine so dramatische Herausforderung war. Bleibt der 
wöchentliche Zustrom an Flüchtlingen gleich, werden auch die weiteren Kasernengebäude kurz- bis mittelfristig 
belegt sein, wie die Kreisverwaltung vermutet. Marcel Schäfer und Dr. Frank Puchert gehen davon aus, dass der 
Flüchtlingsstrom durch die Getreideknappheit und einer eventuellen Dürre in afrikanischen Ländern und Teilen des 
Nahen Ostens sogar weiter zunehmen wird.
PDF-Datei dieses Dokuments
Krisenstab will weitere sechs Kasernengebäude für Flüchtlinge Ukraine -Krieg Kreisrat Dr. Frank Puchert gibt 
zu, Lage falsch eingeschätzt zu haben"
2022-07,Main Corpus,2022-07(50).ZIP,Landkreis Leer muss fürs Land Millionen vorstrecken Ukraine -Krieg Kostenübernahme für Unterbringung(2).PDF,C:\PythonProjects\AfD-project\Corpora\Main Corpus\2022-07\raw_unarchive\Landkreis Leer muss fürs Land Millionen vorstrecken Ukraine -Krieg Kostenübernahme für Unterbringung(2).PDF,Landkreis Leer muss fürs Land Millionen vorstrecken Ukraine -Krieg Kostenübernahme für Unterbringung und,landkreis leer muss fürs land millionen vorstrecken ukraine krieg kostenübernahme für unterbringung und,Nordwest-Zeitung,nordwestzeitung,26. Juli 2022,,EZ_REGIONALES; S. 11,450,3136,ff6d87ddf91b379d9f23d176a4bbc99326cbc515,variant_002,regional_variant,review,,no,,no,,,4167,no,,,near_002,variant_002,"Landkreis Leer/ank - Der Krieg in der Ukraine hält an und die Menschen suchen Schutz, fliehen vor den Angriffen 
Russlands. Einige von ihnen finden im Landkreis Leer Schutz und werden hier gut aufgenommen und versorgt. Die 
Menschen hier stehen zusammen, helfen, kümmern sich und das gern und mit viel Engagement. Dennoch stellt 
sich eine Frage: Kommen Land oder Bund für die Kosten der Flüchtlingsunterbringung auf oder bleiben die 
Ausgaben alle am Landkreis Leer hängen? Die Antwort auf diese Frage ist einfach: Es ist kompliziert.
Der Landkreis Leer hat zu Beginn der Ukraine-Krise überplanmäßige Ausgaben in Höhe von 6,84 Millionen Euro 
durch den Kreistag genehmigen lassen, um handlungsfähig zu sein, davon 2,78 Millionen Euro für den Betrieb der 
Aufnahmeeinrichtungen (BBS und weitere Unterkünfte, so etwa das Hotel Up t Fehn). Das teilte die Pressestelle 
des Landreises auf Nachfrage mit. Der Rest dient der Finanzierung der Unterbringung in den Gemeinden 
(Regelsatz, Kosten der Unterkunft und ähnliches) im Rahmen des Asylbewerberleistungsgesetzes. Eine Regelung, 
die bis zum 31. Mai galt. Doch dazu später mehr.
Miete wird erstattet
Die Gemeinden selbst erbringen keine Kosten, sondern zahlen Mittel des Landkreises Leer aus. Die Kosten für die 
Mieten usw. in den Gemeinden werden über eine Pauschale rückwirkend in 2023 erstattet, was ein übliches 
Verfahren ist, wie die Pressestelle weiter mitteilte.

Landkreis Leer muss fürs Land Millionen vorstrecken Ukraine -Krieg Kostenübernahme für Unterbringung und 
Versorgung der Flüchtlinge nur teilweise geklärt
Parallel verhandelt das Land gerade mit den Verbänden Niedersächsischer Landkreistag und Niedersächsischer 
Städtetag unter anderem über die Erstattung anteiliger Kosten der Unterbringung in Aufnahmeeinrichtungen wie 
der BBS-Turnhalle oder dem Moormerländer Hotel. Ein Ergebnis liegt allerdings noch nicht vor somit gab es 
bisher keine Erstattungen durch das Land.
Und: Seit dem 1. Juni erhalten erwerbsfähige Geflüchtete aus der Ukraine und ihre Familien notwendige 
Sozialleistungen nicht mehr nach dem Asylbewerberleistungsgesetz vom Sozialamt, sondern vom örtlichen 
Jobcenter. Grund: Hier gab es eine gesetzliche Änderung aufgrund der Flüchtlingssituation.
Refinanzierung unklar
Das macht die Sache aber nun noch komplizierter: Ein Teil der Kosten wird schlussendlich durch Behörden 
erstattet, aber nicht alles, so dass auch hier wieder der Landkreis Geld vorstrecken muss. Die Refinanzierung ist 
wie beschrieben jedoch noch ungeklärt. Der Landkreis Leer geht davon aus, dass nicht alle entstehenden Kosten 
durch das Land oder den Bund refinanziert werde, sondern aus kommunalen Mitteln zu tragen sind , so die 
Pressestelle abschließend. Wie viel das am Ende sein wird, bleibt abzuwarten.
Bleibt noch ein Blick auf die Zahl der Geflüchteten aus der Ukraine: Die liegt aktuell bei 1507, wobei dies Ukrainer 
als auch Geflüchtete betrifft, die aus Drittstaaten kommen.
PDF-Datei dieses Dokuments
Landkreis Leer muss fürs Land Millionen vorstrecken Ukraine -Krieg Kostenübernahme für Unterbringung und 
Versorgung der Flüchtlinge nur teilweise geklärt"
2022-07,Main Corpus,2022-07(50).ZIP,Landkreis Leer muss fürs Land Millionen vorstrecken Ukraine -Krieg Kostenübernahme für Unterbringung.PDF,C:\PythonProjects\AfD-project\Corpora\Main Corpus\2022-07\raw_unarchive\Landkreis Leer muss fürs Land Millionen vorstrecken Ukraine -Krieg Kostenübernahme für Unterbringung.PDF,Landkreis Leer muss fürs Land Millionen vorstrecken Ukraine -Krieg Kostenübernahme für Unterbringung und,landkreis leer muss fürs land millionen vorstrecken ukraine krieg kostenübernahme für unterbringung und,Nordwest-Zeitung,nordwestzeitung,26. Juli 2022,,OSTFRIESLAND; S. 5,450,3136,3e3f2bf141eacc388aa3b0fcc17cf0dc793775bb,variant_002,regional_variant,review,,no,,no,,,4165,no,,,near_002,variant_002,"Landkreis Leer/ank - Der Krieg in der Ukraine hält an und die Menschen suchen Schutz, fliehen vor den Angriffen 
Russlands. Einige von ihnen finden im Landkreis Leer Schutz und werden hier gut aufgenommen und versorgt. Die 
Menschen hier stehen zusammen, helfen, kümmern sich und das gern und mit viel Engagement. Dennoch stellt 
sich eine Frage: Kommen Land oder Bund für die Kosten der Flüchtlingsunterbringung auf oder bleiben die 
Ausgaben alle am Landkreis Leer hängen? Die Antwort auf diese Frage ist einfach: Es ist kompliziert.
Der Landkreis Leer hat zu Beginn der Ukraine-Krise überplanmäßige Ausgaben in Höhe von 6,84 Millionen Euro 
durch den Kreistag genehmigen lassen, um handlungsfähig zu sein, davon 2,78 Millionen Euro für den Betrieb der 
Aufnahmeeinrichtungen (BBS und weitere Unterkünfte, so etwa das Hotel Up t Fehn). Das teilte die Pressestelle 
des Landreises auf Nachfrage mit. Der Rest dient der Finanzierung der Unterbringung in den Gemeinden 
(Regelsatz, Kosten der Unterkunft und ähnliches) im Rahmen des Asylbewerberleistungsgesetzes. Eine Regelung, 
die bis zum 31. Mai galt. Doch dazu später mehr.
Miete wird erstattet
Die Gemeinden selbst erbringen keine Kosten, sondern zahlen Mittel des Landkreises Leer aus. Die Kosten für die 
Mieten usw. in den Gemeinden werden über eine Pauschale rückwirkend in 2023 erstattet, was ein übliches 
Verfahren ist, wie die Pressestelle weiter mitteilte.

Landkreis Leer muss fürs Land Millionen vorstrecken Ukraine -Krieg Kostenübernahme für Unterbringung und 
Versorgung der Flüchtlinge nur teilweise geklärt
Parallel verhandelt das Land gerade mit den Verbänden Niedersächsischer Landkreistag und Niedersächsischer 
Städtetag unter anderem über die Erstattung anteiliger Kosten der Unterbringung in Aufnahmeeinrichtungen wie 
der BBS-Turnhalle oder dem Moormerländer Hotel. Ein Ergebnis liegt allerdings noch nicht vor somit gab es 
bisher keine Erstattungen durch das Land.
Und: Seit dem 1. Juni erhalten erwerbsfähige Geflüchtete aus der Ukraine und ihre Familien notwendige 
Sozialleistungen nicht mehr nach dem Asylbewerberleistungsgesetz vom Sozialamt, sondern vom örtlichen 
Jobcenter. Grund: Hier gab es eine gesetzliche Änderung aufgrund der Flüchtlingssituation.
Refinanzierung unklar
Das macht die Sache aber nun noch komplizierter: Ein Teil der Kosten wird schlussenlich durch Behörden erstattet, 
aber nicht alles, so dass auch hier wieder der Landkreis Geld vorstrecken muss. Die Refinanzierungt ist wie 
beschrieben jedoch noch ungeklärt. Der Landkreis Leer geht davon aus, dass nicht alle entstehenden Kosten 
durch das Land oder den Bund refinanziert werde, sondern aus kommunalen Mitteln zu tragen sind , so die 
Pressestelle abschließend. Wie viel das am Ende sein wird, bleibt abzuwarten.
Bleibt noch ein Blick auf die Zahl der Geflüchteten aus der Ukraine: Die liegt aktuell bei 1507, wobei dies Ukrainer 
als auch Geflüchtete betrifft, die aus Drittstaaten kommen.
PDF-Datei dieses Dokuments
Landkreis Leer muss fürs Land Millionen vorstrecken Ukraine -Krieg Kostenübernahme für Unterbringung und 
Versorgung der Flüchtlinge nur teilweise geklärt"
2022-07,Main Corpus,2022-07(50).ZIP,NACHRICHTEN(2).PDF,C:\PythonProjects\AfD-project\Corpora\Main Corpus\2022-07\raw_unarchive\NACHRICHTEN(2).PDF,NACHRICHTEN,nachrichten,Frankfurter Rundschau,frankfurter rundschau,Samstag 30. Juli 2022,,POLITIK; S. 7,383,2823,b1b96877e005dec6dbc6591840cc53e45fac93e5,exact_006,duplicate_exact,review,,no,,no,,,4285,no,,exact_006,,,"Kritik an Abschiebung von queeren Flüchtlingen
Das Bundesamt für Migration und Flüchtlinge (Bamf) in Nürnberg hat laut Menschenrechtlern entgegen einem Urteil 
des Europäischen Gerichtshofs (EuGH) mehrfach Menschen die Anerkennung als Flüchtling verweigert, weil diese 
ihre Homosexualität in ihren Heimatländern verbergen würden. Der Lesben- und Schwulenverband Deutschland 
(LSVD) hat nach eigenen Angaben Dutzende solcher Fälle recherchiert. Geht die Behörde davon aus, dass ein 
Geflüchteter seine sexuelle Identität versteckt, kann sie den Schutzstatus verweigern. Der EuGH hatte das 2013 in 
einem Urteil kritisiert. Das Bamf wies die neuerliche Kritik zurück. epd
Österreich: Ex-FPÖ-Chef Strache freigesprochen
In einem zweiten Korruptions-Prozess ist der Ex-Vorsitzende der FPÖ in Österreich, Heinz-Christian Strache, 
freigesprochen worden. Der 53-Jährige war verdächtigt worden, während der Regierungszeit von ÖVP und FPÖ als 
Vizekanzler für Spenden an einen FPÖ-nahen Verein einem Unternehmer zu einem Aufsichtsratsposten verholfen 
zu haben. Den Vorwurf sah das Landgericht Wien am Freitag als nicht zweifelsfrei erwiesen an. dpa
Senegal wählt Parlament: Oppositionelle gestrichen
Die Parlamentswahl in Senegal am Sonntag gilt als wichtiger Test für die Präsidentschaftswahl in zwei Jahren. Die 
Opposition hofft mit einem starken Ergebnis die Ambitionen von Präsident Macky Sall auf eine dritte Amtszeit 
dämpfen zu können. Im Vorfeld wurden jedoch mehrere Oppositionspolitiker aus formellen Gründen von den 
Wahllisten gestrichen. Sall regiert das westafrikanische Land seit 2012. Kritiker:innen werfen ihm vor, entgegen der 
Verfassung für eine dritte Amtszeit kandidieren zu wollen. afp
Hongkong: Protestierenden droht lange Haftstrafe
In Hongkong haben sich am Freitag vier Demokratie-Aktivisten der Anstiftung zum „Umsturz“ schuldig bekannt. Die 
Staatsanwaltschaft hatte den Angeklagten vorgeworfen, andere zum Sturz der Peking-freundlichen Regierung 
angestiftet zu haben. Den jungen Leuten im Alter zwischen 19 und 21 Jahren drohen nun lange Haftstrafen nach 
dem von China in Hongkong durchgesetzten sogenannten Sicherheitsgesetz. Als Beweis für die angeblichen 
Umsturzpläne brachte die Staatsanwaltschaft unter anderem den Aufruf eines der Angeklagten vor, eine 
Kontaktverfolgungs-App zur Bekämpfung der Corona-Pandemie nicht zu verwenden. afp

NACHRICHTEN
Sri Lanka: Opposition warnt vor Machtmissbrauch
Nach der Niederschlagung von Massenprotesten in Sri Lanka geht der neue Präsident Ranil Wickremesinghe 
weiter mit Härte gegen Regierungsgegner:innen vor. Mindestens ein Dutzend Protestanführer seien festgenommen 
worden, sagte ein Vertreter der Polizei am Freitag der Deutschen Presse-Agentur in Colombo. Die Opposition wirft 
der neuen Führung Machtmissbrauch vor. dpa
Link zum PDF-Dokument"
2022-07,Main Corpus,2022-07(50).ZIP,NACHRICHTEN.PDF,C:\PythonProjects\AfD-project\Corpora\Main Corpus\2022-07\raw_unarchive\NACHRICHTEN.PDF,NACHRICHTEN,nachrichten,Frankfurter Rundschau,frankfurter rundschau,Samstag 30. Juli 2022,,POLITIK; S. 7,383,2823,b1b96877e005dec6dbc6591840cc53e45fac93e5,exact_006,duplicate_exact,review,,no,,no,,,4292,no,,exact_006,,,"Kritik an Abschiebung von queeren Flüchtlingen
Das Bundesamt für Migration und Flüchtlinge (Bamf) in Nürnberg hat laut Menschenrechtlern entgegen einem Urteil 
des Europäischen Gerichtshofs (EuGH) mehrfach Menschen die Anerkennung als Flüchtling verweigert, weil diese 
ihre Homosexualität in ihren Heimatländern verbergen würden. Der Lesben- und Schwulenverband Deutschland 
(LSVD) hat nach eigenen Angaben Dutzende solcher Fälle recherchiert. Geht die Behörde davon aus, dass ein 
Geflüchteter seine sexuelle Identität versteckt, kann sie den Schutzstatus verweigern. Der EuGH hatte das 2013 in 
einem Urteil kritisiert. Das Bamf wies die neuerliche Kritik zurück. epd
Österreich: Ex-FPÖ-Chef Strache freigesprochen
In einem zweiten Korruptions-Prozess ist der Ex-Vorsitzende der FPÖ in Österreich, Heinz-Christian Strache, 
freigesprochen worden. Der 53-Jährige war verdächtigt worden, während der Regierungszeit von ÖVP und FPÖ als 
Vizekanzler für Spenden an einen FPÖ-nahen Verein einem Unternehmer zu einem Aufsichtsratsposten verholfen 
zu haben. Den Vorwurf sah das Landgericht Wien am Freitag als nicht zweifelsfrei erwiesen an. dpa
Senegal wählt Parlament: Oppositionelle gestrichen
Die Parlamentswahl in Senegal am Sonntag gilt als wichtiger Test für die Präsidentschaftswahl in zwei Jahren. Die 
Opposition hofft mit einem starken Ergebnis die Ambitionen von Präsident Macky Sall auf eine dritte Amtszeit 
dämpfen zu können. Im Vorfeld wurden jedoch mehrere Oppositionspolitiker aus formellen Gründen von den 
Wahllisten gestrichen. Sall regiert das westafrikanische Land seit 2012. Kritiker:innen werfen ihm vor, entgegen der 
Verfassung für eine dritte Amtszeit kandidieren zu wollen. afp
Hongkong: Protestierenden droht lange Haftstrafe
In Hongkong haben sich am Freitag vier Demokratie-Aktivisten der Anstiftung zum „Umsturz“ schuldig bekannt. Die 
Staatsanwaltschaft hatte den Angeklagten vorgeworfen, andere zum Sturz der Peking-freundlichen Regierung 
angestiftet zu haben. Den jungen Leuten im Alter zwischen 19 und 21 Jahren drohen nun lange Haftstrafen nach 
dem von China in Hongkong durchgesetzten sogenannten Sicherheitsgesetz. Als Beweis für die angeblichen 
Umsturzpläne brachte die Staatsanwaltschaft unter anderem den Aufruf eines der Angeklagten vor, eine 
Kontaktverfolgungs-App zur Bekämpfung der Corona-Pandemie nicht zu verwenden. afp

NACHRICHTEN
Sri Lanka: Opposition warnt vor Machtmissbrauch
Nach der Niederschlagung von Massenprotesten in Sri Lanka geht der neue Präsident Ranil Wickremesinghe 
weiter mit Härte gegen Regierungsgegner:innen vor. Mindestens ein Dutzend Protestanführer seien festgenommen 
worden, sagte ein Vertreter der Polizei am Freitag der Deutschen Presse-Agentur in Colombo. Die Opposition wirft 
der neuen Führung Machtmissbrauch vor. dpa
Link zum PDF-Dokument"
2022-07,Main Corpus,2022-07(50).ZIP,Pläne der Stadt Aurich vom Landkreis vorerst zunichte gemacht Wohnungsbau Bürgermeister Feddermann m(2).PDF,C:\PythonProjects\AfD-project\Corpora\Main Corpus\2022-07\raw_unarchive\Pläne der Stadt Aurich vom Landkreis vorerst zunichte gemacht Wohnungsbau Bürgermeister Feddermann m(2).PDF,Pläne der Stadt Aurich vom Landkreis vorerst zunichte gemacht; Wohnungsbau Bürgermeister Feddermann,pläne der stadt aurich vom landkreis vorerst zunichte gemacht wohnungsbau bürgermeister feddermann,Nordwest-Zeitung,nordwestzeitung,20. Juli 2022,,OSTFRIESLAND; S. 4,324,2333,826eb11675450342d11c0d88d3c6684094101191,variant_003,regional_variant,review,,no,,no,,,3285,no,,,near_003,variant_003,"Aurich/mir/as - Zu viele Menschen und zu wenig Platz das ist die Essenz des Pressegesprächs vom 
Montagmittag, bei dem der Erste Kreisrat Dr. Frank Puchert die Flüchtlingssituation im Kreis Aurich deutlich 
dargestellt hat. Aktuell befinden sich im Kreis Aurich 2032 geflüchtete Menschen. Die Anzahl der Plätze, die der 
Kreis zur Unterbringung bereitstellen kann, liegt jedoch nur bei 470.
Antrag gestellt
Um weitere Plätze für eine längerfristige Unterbringung zu schaffen, stellte der Stab für außergewöhnliche 
Ereignisse einen Antrag bei der Bundesanstalt für Immobilien (Bima) für die Nutzung sechs weiterer 
Kasernengebäude auf dem Gelände der ehemaligen Blücher Kaserne.
Dieses Vorhaben stößt jedoch bei der Stadtverwaltung in Aurich auf wenig Begeisterung, hatte sie doch bereits zu 
Beginn des Jahres eigene Pläne für die Kasernengebäude gemacht. So sollten beispielsweise zwei der H-
Gebäude, Unteroffiziersheime, abgerissen werden und auch zusätzliche Regenrückhaltebecken gebaut werden 
ein neuer Stadtteil sollte entstehen. Mit zwei Investoren waren bereits Pläne für 350 Wohnungen gemacht worden . 
Fördermittel für dieses Vorhaben kann die Stadt nur noch bis 2023 abrufen.

Pläne der Stadt Aurich vom Landkreis vorerst zunichte gemacht; Wohnungsbau Bürgermeister Feddermann 
möchte Belange der Kommune nicht unter den Tisch fallen lass....
Doch jetzt kommt erstmal alles anders, denn beinahe das gesamte Gelände wird zur Unterbringung benötigt. Es ist 
eine Aufgabe, die der Landkreis stemmen muss, und da werden wir natürlich unterstützen. Aber wir haben auch 
unsere eigenen städtischen Belange, die wir bedenken müssen , machte Bürgermeister Horst Feddermann auf die 
Problematik gegenüber der Redaktion aufmerksam. Näher darauf eingehen will der Bürgermeister aktuell noch 
nicht. Aber wir werden mit dem Landkreis kommende Woche alles besprechen, um alle Aspekte und Belange unter 
einen Hut zu gekommen. 
Begrenzte Alternativen
Wie die Bima entscheidet, ist noch offen allerdings seien anderweitige Möglichkeiten zur Unterbringung von 
Menschen begrenzt, wie Puchert bereits am Montag deutlich machte. Anstelle der Kasernengebäude müssten 
demnach sonst Gebäude wie Turnhallen dienen. Die Bevölkerung in Aurich würde die Folgen des Flüchtlingsstroms 
dann sehr viel deutlicher spüren.
PDF-Datei dieses Dokuments"
2022-07,Main Corpus,2022-07(50).ZIP,Pläne der Stadt Aurich vom Landkreis vorerst zunichte gemacht Wohnungsbau Bürgermeister Feddermann m.PDF,C:\PythonProjects\AfD-project\Corpora\Main Corpus\2022-07\raw_unarchive\Pläne der Stadt Aurich vom Landkreis vorerst zunichte gemacht Wohnungsbau Bürgermeister Feddermann m.PDF,Pläne der Stadt Aurich vom Landkreis vorerst zunichte gemacht Wohnungsbau Bürgermeister Feddermann,pläne der stadt aurich vom landkreis vorerst zunichte gemacht wohnungsbau bürgermeister feddermann,Nordwest-Zeitung,nordwestzeitung,20. Juli 2022,,EZ_REGIONALES; S. 11,324,2333,1a9d92978660fffa20f7884191a2aa3ab3f86216,variant_003,regional_variant,review,,no,,no,,,3287,no,,,near_003,variant_003,"Aurich/mir/as - Zu viele Menschen und zu wenig Platz das ist die Essenz des Pressegesprächs vom 
Montagmittag, bei dem der Erste Kreisrat Dr. Frank Puchert die Flüchtlingssituation im Kreis Aurich deutlich 
dargestellt hat. Aktuell befinden sich im Kreis Aurich 2032 geflüchtete Menschen. Die Anzahl der Plätze, die der 
Kreis zur Unterbringung bereitstellen kann, liegt jedoch nur bei 470.
Antrag gestellt
Um weitere Plätze für eine längerfristige Unterbringung zu schaffen, stellte der Stab für außergewöhnliche 
Ereignisse einen Antrag bei der Bundesanstalt für Immobilien (Bima) für die Nutzung sechs weiterer 
Kasernengebäude auf dem Gelände der ehemaligen Blücher Kaserne.
Dieses Vorhaben stößt jedoch bei der Stadtverwaltung in Aurich auf wenig Begeisterung, hatte sie doch bereits zu 
Beginn des Jahres eigene Pläne für die Kasernengebäude gemacht. So sollten beispielsweise zwei der H-
Gebäude, Unteroffiziersheime, abgerissen werden und auch zusätzliche Regenrückhaltebecken gebaut werden 
ein neuer Stadtteil sollte entstehen. Mit zwei Investoren waren bereits Pläne für 350 Wohnungen gemacht worden . 
Fördermittel für dieses Vorhaben kann die Stadt nur noch bis 2023 abrufen.

Pläne der Stadt Aurich vom Landkreis vorerst zunichte gemacht Wohnungsbau Bürgermeister Feddermann 
möchte Belange der Kommune nicht unter den Tisch fallen lasse....
Doch jetzt kommt erstmal alles anders, denn beinahe das gesamte Gelände wird zur Unterbringung benötigt. Es ist 
eine Aufgabe, die der Landkreis stemmen muss, und da werden wir natürlich unterstützen. Aber wir haben auch 
unsere eigenen städtischen Belange, die wir bedenken müssen , machte Bürgermeister Horst Feddermann auf die 
Problematik gegenüber der Redaktion aufmerksam. Näher darauf eingehen will der Bürgermeister aktuell noch 
nicht. Aber wir werden mit dem Landkreis kommende Woche alles besprechen, um alle Aspekte und Belange unter 
einen Hut zu gekommen. 
Begrenzte Alternativen
Wie die Bima entscheidet, ist noch offen allerdings seien anderweitige Möglichkeiten zur Unterbringung von 
Menschen begrenzt, wie Puchert bereits am Montag deutlich machte. Anstelle der Kasernengebäude müssten 
demnach sonst Gebäude wie Turnhallen dienen. Die Bevölkerung in Aurich würde die Folgen des Flüchtlingsstroms 
dann sehr viel deutlicher spüren.
PDF-Datei dieses Dokuments"
2022-07,Main Corpus,2022-07(50).ZIP,Premiere für mobilen Küchenwagen DRK Spontaner Einsatz für Versorgung der Flüchtlinge in der Turnhal.PDF,C:\PythonProjects\AfD-project\Corpora\Main Corpus\2022-07\raw_unarchive\Premiere für mobilen Küchenwagen DRK Spontaner Einsatz für Versorgung der Flüchtlinge in der Turnhal.PDF,Premiere für mobilen Küchenwagen DRK Spontaner Einsatz für Versorgung der Flüchtlinge in der Turnhalle,premiere für mobilen küchenwagen drk spontaner einsatz für versorgung der flüchtlinge in der turnhalle,Nordwest-Zeitung,nordwestzeitung,22. Juli 2022,,VAREL; S. 9,374,2518,9629f3e80c1a678cbe3cda495ea568a5bcd6da28,,unique,keep,,no,,no,,,3272,no,,,,,"Varel/tb - Eine Premiere gab es in diesen Tagen bei der Bewegungshalle der Oberschule Varel: Erstmals kam der 
neue Küchenwagen der DRK-Bereitschaft Varel zum Einsatz. Der Landkreis hatte das DRK damit beauftragt, die 
Unterbringung der 23 Flüchtlinge zu koordinieren, die in der kurzfristig eingerichteten Notunterkunft leben. Dafür, 
dass die Flüchtlinge gut verpflegt wurden, sorgte unter anderem Renate Hinrichs.
Sie ist stellvertretende Leiterin der neuen Fachgruppe Beratung und Verpflegung des DRK und mit Leib und Seele 
dabei. Sie opfert ihren Urlaub, um die Flüchtlinge zu versorgen. Morgens wird eingekauft und nachmittags geht es 
ans Kochen, damit die Flüchtlinge zusätzlich zum Lunchpaket täglich eine warme Mahlzeit bekommen. Neben 
Schnitzel mit Pommes gab es Kartoffelpuffer und Fleischbällchen mit Tomatensauce. Der Renner waren 
Teigtaschen , berichtet Renate Hinrichs.
Schnell vor Ort
Sie freut sich, in der neuen mobilen Küche kochen zu können. Wir haben jetzt eine Küche, mit der wir schnell 
handeln und vor Ort sein können , sagt Renate Hinrichs. Erst vor sechs Wochen hatte das DRK die mobile Küche 
von einem durch die Corona-Krise gebeutelten Imbiss-Betreiber gekauft und wollte ihn eigentlich erstmal in Ruhe 
aufrüsten, als die Anfrage vom Landkreis kam.
Spontan beschloss die Fachgruppe, die mobile Küche auch ohne den letzten Schliff wie die DRK-typische 
Beklebung schon einzusetzen und fuhr rasch zum Großmarkt, um sich mit Kochutensilien einzudecken.

Premiere für mobilen Küchenwagen DRK Spontaner Einsatz für Versorgung der Flüchtlinge in der Turnhalle
Testphase
Auch die Fachgruppe Beratung und Verpflegung befindet sich zur Zeit noch im Aufbau. Renate Hinrichs hat dort 
eine ehrenamtliche Aufgabe gefunden, die ihr viel Freude bereitet und für die sie in diesem Jahr ihren kompletten 
Urlaub opfert. Zum DRK gekommen ist sie durch die Corona-Pandemie: Sie arbeitet als Versorgungsassistentin im 
Vareler Krankenhaus und kümmerte sich am Wochenende privat um die Verpflegung der Mitarbeiter der Corona-
Teststation vor dem Vareler Krankenhaus. Und ist auch gleich dem DRK beigetreten, um sich dort zu engagieren.
Ziel ist es, mit dem neuen mobilen Küchenwagen künftig gleichzeitig 100 bis 150 Menschen versorgen zu können. 
Der Einsatz hier bei der Bewegungshalle ist eine Testphase, jetzt werden wir erstmal ein Resumee ziehen , sagt 
Renate Hinrichs.
Für sie steht schon der nächste Einsatz für das DRK bevor: Sanitätsdienst beim Watt-en-Schlick-Fest.
PDF-Datei dieses Dokuments"
2022-07,Main Corpus,2022-07(50).ZIP,Sonsbeck sucht Wohnraum für Flüchtlinge.PDF,C:\PythonProjects\AfD-project\Corpora\Main Corpus\2022-07\raw_unarchive\Sonsbeck sucht Wohnraum für Flüchtlinge.PDF,Sonsbeck sucht Wohnraum für Flüchtlinge,sonsbeck sucht wohnraum für flüchtlinge,Rheinische Post,rheinische post,Mittwoch 6. Juli 2022,,S. 23,191,1406,2cff678382c078f6dd5ca59876b63ee4a28353bd,,unique,keep,,no,,no,,,1894,no,,,,,"Sonsbeck (RP) Aufgrund der großen Hilfsbereitschaft der Sonsbecker Bevölkerung konnten in den vergangenen 
Wochen und Monaten viele geflüchtete Menschen aus der Ukraine in privaten Wohnungen untergebracht werden. 
Obwohl weiter schwer vorherzusagen ist, wie viele Ukrainerinnen und Ukrainer in nächster Zeit noch Schutz und 
Sicherheit in Sonsbeck suchen werden, geht man im Rathaus davon aus, dass die Zahl der Vertriebenen weiter 
deutlich steigen wird. Noch meldet die Gemeinde freie Unterkunftskapazitäten. Aber mit Blick auf die zu erwartende 
Entwicklung würden zusätzliche Wohnungen benötigt. Die Gemeinde sagt, dass sie hierbei nach wie vor auf 
konkrete Mithilfe der Bürgerschaft angewiesen sei. Gesucht würden Vermieter, die Wohnraum zur Unterbringung 
von Einzelpersonen, aber auch von Familien mit Kindern anbieten können. Es sollte sich um abgeschlossene 
Wohneinheiten zur längerfristigen Anmietung handeln. Wer entsprechenden Wohnraum für Menschen aus der 
Ukraine zur Verfügung stellen kann, sollte sich bei der Gemeindeverwaltung an Ira Sawatzki (Tel. 02838 36124, E-
Mail: 
ira.sawatzki@sonsbeck.de) oder Sina Büchner-Fockenberg (Tel. 02838 36158, E-Mail: sina.buechner-
fockenberg@sonsbeck.de) wenden. Die Angebote werden dort koordiniert. Interessierte Vermieter oder 
Vermieterinnen würden hier auch individuell über Gestaltung des Mietverhältnisses beraten, heißt es aus dem 
Rathaus."
2022-07,Main Corpus,2022-07(50).ZIP,Tochter kämpft gegen Abschiebung der Mutter Sie kam 1989 als Flüchtling aus dem Libanon nach Deutsch.PDF,C:\PythonProjects\AfD-project\Corpora\Main Corpus\2022-07\raw_unarchive\Tochter kämpft gegen Abschiebung der Mutter Sie kam 1989 als Flüchtling aus dem Libanon nach Deutsch.PDF,Tochter kämpft gegen Abschiebung der Mutter Sie kam 1989 als Flüchtling aus dem Libanon nach,tochter kämpft gegen abschiebung der mutter sie kam 1989 als flüchtling aus dem libanon nach,Rheinische Post,rheinische post,Freitag 8. Juli 2022,,S. 15,459,3235,cabe5d210edc9b915c25a56395f7a66c60ad5bd6,,unique,keep,,no,,no,,,4449,no,,,,,"Kreis Viersen (mrö) Laial Bzeih und ihre Familie und Freunde sind verzweifelt. Ihre Mutter, die 1989 aus dem 
Libanon nach Deutschland floh und in der Flüchtlingsunterkunft in Schwalmtal wohnte, soll nach mehr als 30 
Jahren abgeschoben werden. Alia Banjak, Mutter von sechs Kindern, wurde am 21. Juni von Polizei und 
Ausländerbehörde aus ihrer Wohnung geholt. „Unter gewaltsamen und entwürdigenden Umständen“, sagt Bzeih. 
Nach Vorführung vor den Richter wurde die 59-Jährige in Abschiebehaft nach Ingelheim in Rheinland-Pfalz 
verbracht.
„Meine Mutter ist schwer krank“, sagt Laial Bzeih. Laut ärztlichem Attest, das unserer Redaktion vorliegt, leidet sie 
seit Jahren an Depressionen und einer bipolaren Störung, hinzu kommt eine rheumatische Erkrankung der Augen, 
die unbehandelt zur Erblindung führen kann. „Hier soll eine schwer kranke Frau abgeschoben werden“, kritisiert 
Bzeih. „In der Abschiebehaft hat der Arzt die Dosis ihrer Antidepressiva erhöht, um sie in einem flugfähigen 
Zustand zu halten.“ Doch direkt vollzogen werden könne die Abschiebung nicht, so Bzeih. „Mir wurde mitgeteilt, 
dass das Verfahren noch in der Schwebe sei, weil Unterlagen der libanesischen Botschaft fehlen. Dass meine 
Mutter trotzdem in ihrem labilen psychischen Zustand schon seit 17 Tagen fern der Familie in Abschiebehaft 
genommen wurde, finde ich nicht menschenwürdig.“
Die Ausländerbehörde des Kreises Viersen bestätigt die geplante Abschiebung. Die Mutter sei geduldet gewesen, 
sei in der Vergangenheit mehrfach in den Libanon gereist und illegal wieder eingereist. Zudem habe sie zuletzt 
nicht mehr an ihrer Meldeadresse gelebt. Und: Weil sie die Behördenmitarbeiter beschimpft habe, gelte für sie ein 
Hausverbot im Sozialamt von Schwalmtal und in der Ausländerbehörde des Kreises.
Das Verwaltungsgericht Düsseldorf bestätigte am Mittwoch das rechtlich einwandfreie Vorgehen der Behörde, 
lehnte einen Abschiebungsschutzantrag ab. Bzeih sieht nicht alle Fakten berücksichtigt. So sei der Umzug aus der 

Tochter kämpft gegen Abschiebung der Mutter Sie kam 1989 als Flüchtling aus dem Libanon nach 
Deutschland. Mehr als 30 Jahre später sitzt Alia Banjak in Abschieb....
Flüchtlingsunterkunft in Schwalmtal in die Nähe ihrer Familie nach Mönchengladbach vom Sozialamt geduldet 
gewesen. Unserer Redaktion liegt der Bescheid vor, dass das Amt die Kaution für die Wohnung in 
Mönchengladbach übernommen hat - und die Bestätigung, dass das Schwalmtaler Sozialamt die 
Ausländerbehörde über den Umzug informierte. Und: Das Sozialamt gab Bzeih die Auskunft, dass die 
Ausländerbehörde den Umzug dulde.
Bzeih sagt klar: „Meine Mutter ist keine Heilige. Sie hat die Behördenmitarbeiter beschimpft, aufgrund ihrer 
bipolaren Störung.“ Im Jahr 2016 kam Alia Banjaks Sohn bei einem Verkehrsunfall ums Leben. „Seitdem ist meine 
Mutter nicht mehr die alte und stark depressiv.“ Laut Ausländerbehörde reiste Banjak zur Beerdigung ihres Sohnes 
in den Libanon. „Das ist schlicht falsch“, sagt Bzeih. „Die Ausreise wurde nicht genehmigt.“
Sie setzt jetzt ihre Hoffnung auf den Petitionsausschuss des Landtags. „Der Vorsitzende hat alle Unterlagen von 
mir bekommen und versprochen, dass sich der Ausschuss mit der geplanten Abschiebung befasst.“"
2022-07,Main Corpus,2022-07(50).ZIP,Warum Kopenhagen eine Fritz-Bauer-Straße bekommen sollte(2).PDF,C:\PythonProjects\AfD-project\Corpora\Main Corpus\2022-07\raw_unarchive\Warum Kopenhagen eine Fritz-Bauer-Straße bekommen sollte(2).PDF,Warum Kopenhagen eine Fritz-Bauer-Straße bekommen sollte,warum kopenhagen eine fritzbauerstrasse bekommen sollte,Frankfurter Rundschau,frankfurter rundschau,Samstag 16. Juli 2022,,MAGAZIN; S. 24,1796,12479,a944cd632a744e4d76328eed18e5d89f9036961d,variant_004,regional_variant,review,,no,,no,,,13767,no,,,near_004,variant_004,"Fritz Bauer (1903-1968) hat als Hessens Generalstaatsanwalt gegen enorme Widerstände den ersten großen 
Auschwitz-Prozess in Frankfurt 1963 durchgesetzt. Seinen Hinweisen an den israelischen Geheimdienst Mossad 
war die Ergreifung des Holocaust-Organisators Adolf Eichmann in Argentinien zu verdanken. Bauers 13 höchst 
aktive Jahre als Flüchtling vor den Nazis in Dänemark und Schweden haben trotz der vielen, wenngleich auch viel 
zu späten Ehrungen für seine Lebensleistung im Dienst von Recht und Menschlichkeit bisher so gut wie keine 
Beachtung gefunden. Dem will eine neue Initiative für eine „Fritz-Bauer-Gade“ in Kopenhagen abhelfen. Den Antrag 
dazu, den die FR hier (leicht gekürzt und bearbeitet) abdruckt, haben die drei Autoren mit deutsch-dänischen 
Wurzeln jetzt bei der Kopenhagener Stadtverwaltung eingereicht. Die größte dänische Zeitung „Politiken“ hat ihn 
am 9. Juli veröffentlicht. Zu den Unterstützern zählen unter anderen drei frühere dänische Außenminister sowie aus 
Deutschland Andreas Voßkuhle, Präsident des Bundesverfassungsgerichts von 2010 bis 2020. 
Wer ein Menschenleben rettet, der rettet die ganze Welt“, heißt es im Talmud. Am Neujahrstag 1940 konnte Fritz 
Bauer seine Eltern auf dem Kopenhagener Hauptbahnhof in Empfang nehmen. Selbst war er 1936 als Flüchtling 
nach Dänemark gekommen. Seine Schwester Margot Tiefenthal, mit ihrer Familie schon seit 1934 in Kopenhagen, 
hatte ihm geholfen. Alle Bemühungen Bauers, auch Vater und Mutter hier in Sicherheit zu bringen, scheiterten an 
den ständig höheren Hürden für die Einreise von Juden aus Deutschland. Bis sie den Eltern kurz vor Beginn der 
Deportationen nach Auschwitz doch noch erlaubt wurde. 
Selbst kann sich Bauer im neuen Land alles andere als sicher gefühlt haben. Vier Wochen nach seiner Ankunft 
wurde er von der Fremdenpolizei wegen des Vorwurfs „verbotene Homosexualität“ zum Verhör bestellt. Ein 
Polizeiagent hatte nächtelang vor seiner Adresse Ridder Stigs Vej 3 auf der Lauer gelegen. Bauer musste 
homosexuelle Kontakte „zugeben“. So hart und demütigend lastete der Druck der Behörden auf ihm, dass er sich 
gezwungen sah, ihnen mit einem Vorschlag entgegenzukommen. Nachzulesen ist das im Protokoll des Verhörs am 
21. Oktober 1936: „Wenn er nur die Möglichkeit zu Arbeit erhielte, würde er sich seiner homosexuellen Neigungen 
enthalten können.“
Was mag dabei im Kopf und Herz des Flüchtlings vorgegangen sein? Bauer war 1933 im KZ Heuberg 
Misshandlungen ausgesetzt und jetzt nach der Flucht vollkommen abhängig von der Hilfe seiner Schwester und 

Warum Kopenhagen eine Fritz-Bauer-Straße bekommen sollte
deren Familie. Er hatte keine Arbeitsgenehmigung und nur eine Aufenthaltsgenehmigung, die alle sechs Monate 
erneuert werden musste. Nach der Verfolgung als Sozialdemokrat und Jude in Deutschland wurde zur ersten 
markanten Erfahrung in Dänemark die Verfolgung als Homosexueller. 
Die Historikerin Sine Maria Vinther hat erst kürzlich ans Licht gebracht, dass Bauers Verfolger aus der 
Fremdenpolizei der überzeugte Nazi Max Pelving war. Er arbeitete auch für die, vor denen Bauer geflüchtet war, 
wie Vinther in „Politiken Historie“ berichtet: „Die Angaben gingen an die Gestapo weiter. Pelvings Arbeit für das 
Nazi-Regime in Deutschland wurde 1939 aufgedeckt. Für seine Angaben an die Gestapo bekam er eine Haftstrafe. 
Gleichzeitig verlor er seine Stellung als Kriminalbeamter bei der Fremdenpolizei, woraufhin die Polizei kein 
Interesse mehr an Bauers Sexualität zeigte. Kurz nach der Besetzung Dänemarks durch Deutschland nahm 
Pelving seine Arbeit für die Nazis wieder auf.“ 
Auch deshalb wird der deutsche Einmarsch am 9. April 1940 für Bauer lebensbedrohlich. Im Verhörprotokoll vom 
21. Juni finden sich erneut Hinweise auf „homosexuelle Aktivitäten“. Am 11. September wird er wie viele deutsche 
Flüchtlinge auf Veranlassung der Besatzungsmacht im Lager Horserød nördlich von Kopenhagen interniert. Das 
dänische Justizministerium bestätigt pflichtschuldigst, dass „dem Betreffenden die weitere Aufenthalts- sowie 
Arbeitsgenehmigung verweigert wird“. 
Seit der Aberkennung der deutschen Staatsbürgerschaft 1938 war Bauer staatenlos. Das hielt ihn nicht vom Kampf 
um die Einreiseerlaubnis für seine Eltern ab. Nach der Pogromnacht gegen die Juden in Deutschland am 9. 
November 1938 sprach er bei Dänemarks sozialdemokratischem Justizminister Karl Kristian Steincke vor. In der 
Bauer-Biografie von Irmtrud Wojak ist nachzulesen, wie er die Begegnung selbst geschildert hat: „Als die 
Kristallnacht geschehen war und Schwierigkeiten für meinen Vater entstanden waren, bin ich zu einem jungen 
Justizminister gegangen und habe ihm erklärt, wenn er meinen Eltern, die ziemlich alt waren, die Genehmigung 
nicht für Dänemark geben könnte, dann würde ich bitten, ihnen die Genehmigung für Grönland zu geben. (…) Er 
hat mich lange angeschaut und wirklich in diesem Augenblick gemerkt, worum es geht. (…) Ich sagte ihm, es geht 
einfach um das Leben. Und das Wort Grönland, das weiß ich ganz genau, hat ihn erschüttert und Eindruck auf ihn 
gemacht. Ich bekam sofort die Genehmigung, und andere bekamen sie auch.“
Im Oktober 1943 konnte Bauer bei der gelungenen Flucht fast aller gut 7000 Juden in Dänemark zusammen mit 
den Eltern und der Familie seiner Schwester für 2000 Kronen pro Person über den Øresund nach Schweden 
übersetzen. Nach der Befreiung 1945 kehrte er schnell nach Kopenhagen zurück. Das tat er auch, weil er 
Dänemark von Beginn an mochte. Weihnachten 1936 brachte die jüdische C.V.-Zeitung Bauers Artikel „Glückliche 
Insel Dänemark“. Darin schreibt er: „Das dänische Volk genießt seine Gegenwart in vollen Zügen. (…) Sie glauben 
an das Leben und die Einmaligkeit dieses Lebens. (…) Unbeschwert leben die Dänen und ohne Sorgen.“ Bauer 
hebt die positiven Seiten des Alltags heraus: „Auch die Beamten des Landes sind menschlich und haben einen 
kräftigen Appetit auf die Genüsse des Lebens, aber die Dänen ziehen die Menschlichkeit, Allzumenschlichkeit einer 
bürokratischen Trockenheit vor.“ Manche meinen, dass er hier indirekt deutschen Juden empfahl, auf Dänemark als 
Zufluchtsland zu setzen.
Während der dreimonatigen Internierung im Lager Horserød mit der akuten Aussicht auf Abschiebung nach 
Deutschland schließt Bauer die erste Fassung der geschichtlichen Abhandlung „Penge“ („Geld“) ab. Er schreibt das 
Buch auf Dänisch, auch das eine Leistung nach den wenigen Jahren voller Unsicherheit im neuen Land. Das Buch 
erscheint 1941 bei der Sozialpolitischen Vereinigung Dänemarks. 
Im selben Jahr taucht Bauer für zwei Jahre unter, unterstützt auch von sozialdemokratischen Freunden. Er verfügt 
über ein gutes Kontaktnetz mit Sozialdemokraten wie Hans Hedtoft, Viggo Kampmann, H.C. Hansen und Jens Otto 
Krag, allesamt später Regierungschefs ihres Landes. 
Hilfe kam auch von anderer Seite. Am 4. Juni 1943 registrierte der Kopenhagener Magistrat die Eheschließung des 
deutschen Flüchtlings Fritz Max Bauer mit der dänischen Bürgerin Anna Maria Petersen. Es war, was man 
gemeinhin Scheinehe nennt. Die christlich geprägte Kindergärtnerin Petersen wollte Bauer zu besserem Schutz vor 
der drohenden Deportation als Jude verhelfen. Das Paar wohnte nie zusammen, die Ehefrau kam im Oktober nicht 
mit nach Schweden, und der Zweck der Heirat hatte sich mit der Befreiung Dänemarks am 5. Mai 1945 gottlob 
Warum Kopenhagen eine Fritz-Bauer-Straße bekommen sollte
erledigt. Als Bauer 1968 in Frankfurt starb, waren Bauer und Anna Maria Petersen in Kopenhagen nach wie vor 
verheiratet. Er hat seine Frau nach dem Krieg oft besucht und im Testament bedacht.
1943-45 in Schweden arbeitete Bauer mit sozialdemokratischen Emigranten wie Willy Brandt zusammen. Er 
schrieb hier ein zweites Buch, jetzt als Jurist mit der deutschen Kriegsniederlage vor Augen. In „Kriegsverbrecher 
vor Gericht“ entwarf er Möglichkeiten zur Strafverfolgung deutscher Nazi-Verbrecher. 
Nach der Befreiung wurde schnell klar, dass die erhoffte Stellung als Jurist beim Wiederaufbau eines von Nazis zu 
befreienden Deutschland nicht sofort zu bekommen war. Also packte er dieselbe Aufgabe auf dänischem Grund 
und Boden an: 250 000 Deutsche waren hier auf der Flucht aus dem Osten Deutschlands vor der Roten Armee 
gelandet. 
Nach fast anderthalb Jahrzehnten Nazi-Gehirnwäsche mussten diese Menschen, die dem „Führer“ gläubig in den 
Krieg und den Holocaust gefolgt waren, „entradikalisiert“ werden. Fritz Bauer arbeitete daran als Autor für die 
„Deutschen Nachrichten“ mit, die vierzehntägig für die Flüchtlinge erschienen. Einem sozialdemokratischen 
Genossen in New York schrieb er: „Revanchegedanken, Hoffnungen auf Schwierigkeiten der Alliierten‘ 
Herrenmenschentum‘ usw. sind an der Tagesordnung.“
In einem Brief im September 1945 erzählt Bauer: „Ein 15-jähriger frischer Hitlerjunge fragt mich: ‚Du, Fritz (dabei 
haut er mir kameradschaftlich auf die Schulter!), bist du eigentlich Deutscher, Jude oder staatenlos? – Ja, Günther, 
du wirst lachen, ich bin zugleich Deutscher und Jude und staatenlos. – Das begreife ich nicht, aber Deutscher, das 
ist heute Scheiße. Jude, das ist auch Scheiße, aber staatenlos, das ist fein. – Warum? – Ja, dass sie dich nicht aus 
Dänemark jagen. Sag mir bitte, wie hast du es gemacht, staatenlos zu werden, bitte!‘“
Aktiv beteiligt sich Bauer zusammen mit Karl Rowold (Vater eines der Autoren dieses Textes) am Aufbau einer 
Sektion der deutschen Sozialdemokratie unter dem Namen SPD Dänemark. Ende 1948 schließlich bemüht er sich 
um eine Stelle am Gericht in Braunschweig in der britischen Besatzungszone. Ausgelöst hatte diese Bestrebungen 
der Verlust seines Broterwerbs im Kopenhagener Preiskontrollamt und Honorarkürzungen bei den „Deutschen 
Nachrichten“. 
Am 12. April 1949, gut 13 Jahre nach der Flucht aus Deutschland, trat Bauer als Landgerichtsdirektor in 
Braunschweig an. Schon 1945 hatte er in den „Deutschen Nachrichten“ geschrieben, was er aus seinem 
Zufluchtsland für das in jeder Beziehung zerstörte Nachkriegs-Deutschland mitzunehmen gedachte: „Als Dänemark 
im letzten Jahrhundert Land an Preußen verlor, übernahm das Land die Parole: Was nach außen verloren ist, soll 
nach innen gewonnen werden. Dieselbe Parole muss heute für Deutschland gelten.“ 
Der Autor Steffen Steffensen nennt Bauer „eine prägende Gestalt unter den deutschen Emigranten in Dänemark“. 
Auch der dänische Teil der Lebensleistung dieses Mannes sollte nun endlich die verdiente Aufmerksamkeit und 
Anerkennung bekommen. Fritz Bauer hat als Flüchtling trotz der extrem unsicheren persönlichen Situation unbeirrt 
seinen Kampf für die Menschenrechte fortgesetzt. Sein Lebenswerk im Zeichen von Humanität und universellen 
Menschenrechten ist nicht zuletzt durch die zehn Jahre in Dänemark inspiriert. Es strahlt mit seinen Erfolgen bei 
der Verfolgung der Nazi-Barbarei auch auf dieses Land zurück. Deshalb schlagen wir der Stadt Kopenhagen die 
Benennung einer Straße oder eines Platzes nach Fritz Bauer vor. Das darf auch verstanden werden als 
Anerkennung für andere Flüchtlinge aus allen erdenklichen Ländern der Welt, die unter schweren Bedingungen 
Außerordentliches vollbracht haben und weiter vollbringen. 
DIE INITIATOREN
Finn Rowold, Jurist, war Vorsitzender der Dänisch-Deutschen Gesellschaft. Sein Vater Karl Rowold flüchtete wie 
Bauer als Sozialdemokrat vor den Nazis nach Dänemark. Beide arbeiteten in Kopenhagen beim Aufbau einer 
dänischen Sektion der SPD und bei den „Deutschen Nachrichten“ für deutsche Flüchtlinge zusammen.
Michael Kuttner ist Journalist und lang-jähriger Deutschland-Korrespondent führender dänischer Zeitungen. Sein 
Vater Ernst Kuttner kam in den 1930er Jahren als Flüchtling nach Dänemark. Später holte ihn FR-Gründer Karl 
Warum Kopenhagen eine Fritz-Bauer-Straße bekommen sollte
Gerold als Politik-Chef zur Rundschau nach Frankfurt – mit der Begründung, es sei schwer, deutsche Journalisten 
ohne Nazi-Belastung zu finden.
Thomas Borchert ist Skandinavien- Korrespondent der FR und Buchautor, zudem schreibt er für dänische Medien. 
Der Sozialwissenschaftler siedelte 1983 der Liebe wegen von Bremen nach Dänemark um, er lebt mit seiner 
Familie in Kopenhagen. Sein Focus liegt auf sozial- kritischen Themen. tob/FR
Sein Lebenswerk im Zeichen von Humanität und universellen Menschenrechten ist nicht zuletzt durch die zehn 
Jahre in Dänemark inspiriert. Es strahlt mit seinen Erfolgen bei der Verfolgung der Nazi-Barbarei auch auf dieses 
Land zurück.
Link zum PDF-Dokument"
2022-07,Main Corpus,2022-07(50).ZIP,Warum Kopenhagen eine Fritz-Bauer-Straße bekommen sollte.PDF,C:\PythonProjects\AfD-project\Corpora\Main Corpus\2022-07\raw_unarchive\Warum Kopenhagen eine Fritz-Bauer-Straße bekommen sollte.PDF,Warum Kopenhagen eine Fritz-Bauer-Straße bekommen sollte,warum kopenhagen eine fritzbauerstrasse bekommen sollte,Frankfurter Rundschau,frankfurter rundschau,Samstag 16. Juli 2022,,MAGAZIN; S. 24,1823,12678,c525d93cd051e6d970dd755690434eede096163a,variant_004,regional_variant,review,,no,,no,,,13959,no,,,near_004,variant_004,"Fritz Bauer (1903-1968) hat als Hessens Generalstaatsanwalt gegen enorme Widerstände den ersten großen 
Auschwitz-Prozess in Frankfurt 1963 durchgesetzt. Seinen Hinweisen an den israelischen Geheimdienst Mossad 
war die Ergreifung des Holocaust-Organisators Adolf Eichmann in Argentinien zu verdanken. Bauers 13 höchst 
aktive Jahre als Flüchtling vor den Nazis in Dänemark und Schweden haben trotz der vielen, wenngleich auch viel 
zu späten Ehrungen für seine Lebensleistung im Dienst von Recht und Menschlichkeit bisher so gut wie keine 
Beachtung gefunden. Dem will eine neue Initiative für eine „Fritz-Bauer-Gade“ in Kopenhagen abhelfen. Den Antrag 
dazu, den die FR hier (leicht gekürzt und bearbeitet) abdruckt, haben die drei Autoren mit deutsch-dänischen 
Wurzeln jetzt bei der Kopenhagener Stadtverwaltung eingereicht. Die größte dänische Zeitung „Politiken“ hat ihn 
am 9. Juli veröffentlicht. Zu den Unterstützern zählen unter anderen drei frühere dänische Außenminister sowie aus 
Deutschland Andreas Voßkuhle, Präsident des Bundesverfassungsgerichts von 2010 bis 2020. 
Wer ein Menschenleben rettet, der rettet die ganze Welt“, heißt es im Talmud. Am Neujahrstag 1940 konnte Fritz 
Bauer seine Eltern auf dem Kopenhagener Hauptbahnhof in Empfang nehmen. Selbst war er 1936 als Flüchtling 
nach Dänemark gekommen. Seine Schwester Margot Tiefenthal, mit ihrer Familie schon seit 1934 in Kopenhagen, 
hatte ihm geholfen. Alle Bemühungen Bauers, auch Vater und Mutter hier in Sicherheit zu bringen, scheiterten an 
den ständig höheren Hürden für die Einreise von Juden aus Deutschland. Bis sie den Eltern kurz vor Beginn der 
Deportationen nach Auschwitz doch noch erlaubt wurde. 
Selbst kann sich Bauer im neuen Land alles andere als sicher gefühlt haben. Vier Wochen nach seiner Ankunft 
wurde er von der Fremdenpolizei wegen des Vorwurfs „verbotene Homosexualität“ zum Verhör bestellt. Ein 
Polizeiagent hatte nächtelang vor seiner Adresse Ridder Stigs Vej 3 auf der Lauer gelegen. Bauer musste 
homosexuelle Kontakte „zugeben“. So hart und demütigend lastete der Druck der Behörden auf ihm, dass er sich 
gezwungen sah, ihnen mit einem Vorschlag entgegenzukommen. Nachzulesen ist das im Protokoll des Verhörs am 
21. Oktober 1936: „Wenn er nur die Möglichkeit zu Arbeit erhielte, würde er sich seiner homosexuellen Neigungen 
enthalten können.“
Was mag dabei im Kopf und Herz des Flüchtlings vorgegangen sein? Bauer war 1933 im KZ Heuberg 
Misshandlungen ausgesetzt und jetzt nach der Flucht vollkommen abhängig von der Hilfe seiner Schwester und 

Warum Kopenhagen eine Fritz-Bauer-Straße bekommen sollte
deren Familie. Er hatte keine Arbeitsgenehmigung und nur eine Aufenthaltsgenehmigung, die alle sechs Monate 
erneuert werden musste. Nach der Verfolgung als Sozialdemokrat und Jude in Deutschland wurde zur ersten 
markanten Erfahrung in Dänemark die Verfolgung als Homosexueller. 
Die Historikerin Sine Maria Vinther hat erst kürzlich ans Licht gebracht, dass Bauers Verfolger aus der 
Fremdenpolizei der überzeugte Nazi Max Pelving war. Er arbeitete auch für die, vor denen Bauer geflüchtet war, 
wie Vinther in „Politiken Historie“ berichtet: „Die Angaben gingen an die Gestapo weiter. Pelvings Arbeit für das 
Nazi-Regime in Deutschland wurde 1939 aufgedeckt. Für seine Angaben an die Gestapo bekam er eine Haftstrafe. 
Gleichzeitig verlor er seine Stellung als Kriminalbeamter bei der Fremdenpolizei, woraufhin die Polizei kein 
Interesse mehr an Bauers Sexualität zeigte. Kurz nach der Besetzung Dänemarks durch Deutschland nahm 
Pelving seine Arbeit für die Nazis wieder auf.“ 
Auch deshalb wird der deutsche Einmarsch am 9. April 1940 für Bauer lebensbedrohlich. Im Verhörprotokoll vom 
21. Juni finden sich erneut Hinweise auf „homosexuelle Aktivitäten“. Am 11. September wird er wie viele deutsche 
Flüchtlinge auf Veranlassung der Besatzungsmacht im Lager Horserød nördlich von Kopenhagen interniert. Das 
dänische Justizministerium bestätigt pflichtschuldigst, dass „dem Betreffenden die weitere Aufenthalts- sowie 
Arbeitsgenehmigung verweigert wird“. 
Seit der Aberkennung der deutschen Staatsbürgerschaft 1938 war Bauer staatenlos. Das hielt ihn nicht vom Kampf 
um die Einreiseerlaubnis für seine Eltern ab. Nach der Pogromnacht gegen die Juden in Deutschland am 9. 
November 1938 sprach er bei Dänemarks sozialdemokratischem Justizminister Karl Kristian Steincke vor. In der 
Bauer-Biografie von Irmtrud Wojak ist nachzulesen, wie er die Begegnung selbst geschildert hat: „Als die 
Kristallnacht geschehen war und Schwierigkeiten für meinen Vater entstanden waren, bin ich zu einem jungen 
Justizminister gegangen und habe ihm erklärt, wenn er meinen Eltern, die ziemlich alt waren, die Genehmigung 
nicht für Dänemark geben könnte, dann würde ich bitten, ihnen die Genehmigung für Grönland zu geben. (…) Er 
hat mich lange angeschaut und wirklich in diesem Augenblick gemerkt, worum es geht. (…) Ich sagte ihm, es geht 
einfach um das Leben. Und das Wort Grönland, das weiß ich ganz genau, hat ihn erschüttert und Eindruck auf ihn 
gemacht. Ich bekam sofort die Genehmigung, und andere bekamen sie auch.“
Im Oktober 1943 konnte Bauer bei der gelungenen Flucht fast aller gut 7000 Juden in Dänemark zusammen mit 
den Eltern und der Familie seiner Schwester für 2000 Kronen pro Person über den Øresund nach Schweden 
übersetzen. Nach der Befreiung 1945 kehrte er schnell nach Kopenhagen zurück. Das tat er auch, weil er 
Dänemark von Beginn an mochte. Weihnachten 1936 brachte die jüdische C.V.-Zeitung Bauers Artikel „Glückliche 
Insel Dänemark“. Darin schreibt er: „Das dänische Volk genießt seine Gegenwart in vollen Zügen. (…) Sie glauben 
an das Leben und die Einmaligkeit dieses Lebens. (…) Unbeschwert leben die Dänen und ohne Sorgen.“ Bauer 
hebt die positiven Seiten des Alltags heraus: „Auch die Beamten des Landes sind menschlich und haben einen 
kräftigen Appetit auf die Genüsse des Lebens, aber die Dänen ziehen die Menschlichkeit, Allzumenschlichkeit einer 
bürokratischen Trockenheit vor.“ Manche meinen, dass er hier indirekt deutschen Juden empfahl, auf Dänemark als 
Zufluchtsland zu setzen.
Während der dreimonatigen Internierung im Lager Horserød mit der akuten Aussicht auf Abschiebung nach 
Deutschland schließt Bauer die erste Fassung der geschichtlichen Abhandlung „Penge“ („Geld“) ab. Er schreibt das 
Buch auf Dänisch, auch das eine Leistung nach den wenigen Jahren voller Unsicherheit im neuen Land. Das Buch 
erscheint 1941 bei der Sozialpolitischen Vereinigung Dänemarks. 
Im selben Jahr taucht Bauer für zwei Jahre unter, unterstützt auch von sozialdemokratischen Freunden. Er verfügt 
über ein gutes Kontaktnetz mit Sozialdemokraten wie Hans Hedtoft, Viggo Kampmann, H.C. Hansen und Jens Otto 
Krag, allesamt später Regierungschefs ihres Landes. 
Hilfe kam auch von anderer Seite. Am 4. Juni 1943 registrierte der Kopenhagener Magistrat die Eheschließung des 
deutschen Flüchtlings Fritz Max Bauer mit der dänischen Bürgerin Anna Maria Petersen. Es war, was man 
gemeinhin Scheinehe nennt. Die christlich geprägte Kindergärtnerin Petersen wollte Bauer zu besserem Schutz vor 
der drohenden Deportation als Jude verhelfen. Das Paar wohnte nie zusammen, die Ehefrau kam im Oktober nicht 
mit nach Schweden, und der Zweck der Heirat hatte sich mit der Befreiung Dänemarks am 5. Mai 1945 gottlob 
Warum Kopenhagen eine Fritz-Bauer-Straße bekommen sollte
erledigt. Als Bauer 1968 in Frankfurt starb, waren Bauer und Anna Maria Petersen in Kopenhagen nach wie vor 
verheiratet. Er hat seine Frau nach dem Krieg oft besucht und im Testament bedacht.
1943-45 in Schweden arbeitete Bauer mit sozialdemokratischen Emigranten wie Willy Brandt zusammen. Er 
schrieb hier ein zweites Buch, jetzt als Jurist mit der deutschen Kriegsniederlage vor Augen. In „Kriegsverbrecher 
vor Gericht“ entwarf er Möglichkeiten zur Strafverfolgung deutscher Nazi-Verbrecher. 
Nach der Befreiung wurde schnell klar, dass die erhoffte Stellung als Jurist beim Wiederaufbau eines von Nazis zu 
befreienden Deutschland nicht sofort zu bekommen war. Also packte er dieselbe Aufgabe auf dänischem Grund 
und Boden an: 250 000 Deutsche waren hier auf der Flucht aus dem Osten Deutschlands vor der Roten Armee 
gelandet. 
Nach fast anderthalb Jahrzehnten Nazi-Gehirnwäsche mussten diese Menschen, die dem „Führer“ gläubig in den 
Krieg und den Holocaust gefolgt waren, „entradikalisiert“ werden. Fritz Bauer arbeitete daran als Autor für die 
„Deutschen Nachrichten“ mit, die vierzehntägig für die Flüchtlinge erschienen. Einem sozialdemokratischen 
Genossen in New York schrieb er: „Revanchegedanken, Hoffnungen auf Schwierigkeiten der Alliierten‘ 
Herrenmenschentum‘ usw. sind an der Tagesordnung.“
In einem Brief im September 1945 erzählt Bauer: „Ein 15-jähriger frischer Hitlerjunge fragt mich: ‚Du, Fritz (dabei 
haut er mir kameradschaftlich auf die Schulter!), bist du eigentlich Deutscher, Jude oder staatenlos? – Ja, Günther, 
du wirst lachen, ich bin zugleich Deutscher und Jude und staatenlos. – Das begreife ich nicht, aber Deutscher, das 
ist heute Scheiße. Jude, das ist auch Scheiße, aber staatenlos, das ist fein. – Warum? – Ja, dass sie dich nicht aus 
Dänemark jagen. Sag mir bitte, wie hast du es gemacht, staatenlos zu werden, bitte!‘“
Aktiv beteiligt sich Bauer zusammen mit Karl Rowold (Vater eines der Autoren dieses Textes) am Aufbau einer 
Sektion der deutschen Sozialdemokratie unter dem Namen SPD Dänemark. Ende 1948 schließlich bemüht er sich 
um eine Stelle am Gericht in Braunschweig in der britischen Besatzungszone. Ausgelöst hatte diese Bestrebungen 
der Verlust seines Broterwerbs im Kopenhagener Preiskontrollamt und Honorarkürzungen bei den „Deutschen 
Nachrichten“. 
Am 12. April 1949, gut 13 Jahre nach der Flucht aus Deutschland, trat Bauer als Landgerichtsdirektor in 
Braunschweig an. Schon 1945 hatte er in den „Deutschen Nachrichten“ geschrieben, was er aus seinem 
Zufluchtsland für das in jeder Beziehung zerstörte Nachkriegs-Deutschland mitzunehmen gedachte: „Als Dänemark 
im letzten Jahrhundert Land an Preußen verlor, übernahm das Land die Parole: Was nach außen verloren ist, soll 
nach innen gewonnen werden. Dieselbe Parole muss heute für Deutschland gelten.“ 
Der Autor Steffen Steffensen nennt Bauer „eine prägende Gestalt unter den deutschen Emigranten in Dänemark“. 
Auch der dänische Teil der Lebensleistung dieses Mannes sollte nun endlich die verdiente Aufmerksamkeit und 
Anerkennung bekommen. Fritz Bauer hat als Flüchtling trotz der extrem unsicheren persönlichen Situation unbeirrt 
seinen Kampf für die Menschenrechte fortgesetzt. Sein Lebenswerk im Zeichen von Humanität und universellen 
Menschenrechten ist nicht zuletzt durch die zehn Jahre in Dänemark inspiriert. Es strahlt mit seinen Erfolgen bei 
der Verfolgung der Nazi-Barbarei auch auf dieses Land zurück. Deshalb schlagen wir der Stadt Kopenhagen die 
Benennung einer Straße oder eines Platzes nach Fritz Bauer vor. Das darf auch verstanden werden als 
Anerkennung für andere Flüchtlinge aus allen erdenklichen Ländern der Welt, die unter schweren Bedingungen 
Außerordentliches vollbracht haben und weiter vollbringen. 
„Eine prägende Gestalt unter den deutschen Emigranten in Dänemark“
Die Scheinehe mit einer Dänin sollte ihn vor Deportation schützen
Beteiligt am Aufbau einer Sektion der deutschen Sozialdemokratie 
DIE INITIATOREN
Warum Kopenhagen eine Fritz-Bauer-Straße bekommen sollte
Finn Rowold, Jurist, war Vorsitzender der Dänisch-Deutschen Gesellschaft. Sein Vater Karl Rowold flüchtete wie 
Bauer als Sozialdemokrat vor den Nazis nach Dänemark. Beide arbeiteten in Kopenhagen beim Aufbau einer 
dänischen Sektion der SPD und bei den „Deutschen Nachrichten“ für deutsche Flüchtlinge zusammen.
Michael Kuttner ist Journalist und lang-jähriger Deutschland-Korrespondent führender dänischer Zeitungen. Sein 
Vater Ernst Kuttner kam in den 1930er Jahren als Flüchtling nach Dänemark. Später holte ihn FR-Gründer Karl 
Gerold als Politik-Chef zur Rundschau nach Frankfurt – mit der Begründung, es sei schwer, deutsche Journalisten 
ohne Nazi-Belastung zu finden.
Thomas Borchert ist Skandinavien- Korrespondent der FR und Buchautor, zudem schreibt er für dänische Medien. 
Der Sozialwissenschaftler siedelte 1983 der Liebe wegen von Bremen nach Dänemark um, er lebt mit seiner 
Familie in Kopenhagen. Sein Focus liegt auf sozial- kritischen Themen. tob/FR
Sein Lebenswerk im Zeichen von Humanität und universellen Menschenrechten ist nicht zuletzt durch die zehn 
Jahre in Dänemark inspiriert. Es strahlt mit seinen Erfolgen bei der Verfolgung der Nazi-Barbarei auch auf dieses 
Land zurück.
Link zum PDF-Dokument"
2022-07,Main Corpus,2022-07(50).ZIP,Wenn die Behörden großzügig sind Die Zahl der Einbürgerungen nimmt rasant zu. Oft werden die eigenen(2).PDF,C:\PythonProjects\AfD-project\Corpora\Main Corpus\2022-07\raw_unarchive\Wenn die Behörden großzügig sind Die Zahl der Einbürgerungen nimmt rasant zu. Oft werden die eigenen(2).PDF,Wenn die Behörden großzügig sind Die Zahl der Einbürgerungen nimmt rasant zu. Oft werden die eigenen,wenn die behörden grosszügig sind die zahl der einbürgerungen nimmt rasant zu oft werden die eigenen,Welt am Sonntag,welt am sonntag,17. Juli 2022,Marcel Leubecher,Politik; S. 6; Ausg. 29,668,5063,0525512e6218c45b61d1c1c3904c1eb23950cd3b,exact_007,duplicate_exact,review,,no,,no,,,6052,no,,exact_007,,,"In der Bundesrepublik werden momentan so viele Menschen eingebürgert wie nie zuvor. Dieser Trend erklärt sich 
vor allem durch die Rekordwanderung von Schutzsuchenden aus den vergangenen zehn Jahren. Je nach 
formalem Integrationsstand haben diese in der Regel sechs bis acht Jahre nach der Registrierung die Möglichkeit, 
den deutschen Pass zu erhalten, falls sie einige Kriterien erfüllen.
Dass die Einbürgerungen weiter zunehmen werden - 2021 gab es mit 131.600 laut Statistischem Bundesamt 20 
Prozent mehr als im Vorjahr - , bezweifelt niemand: Es leben 1,4 Millionen Flüchtlinge im Land, die noch nicht 
eingebürgert wurden, dies aber in der Regel anstreben. Hinzu kommen Hunderttausende Asylzuwanderer, die noch 
im Verfahren sind oder bereits abgelehnt wurden, aber meist früher oder später auch Aufenthaltstitel erhalten.
Wie lange die Einbürgerungszahlen noch auf solch hohem Niveau bleiben werden, hängt stark davon ab, wie sich 
die Asylzuwanderung entwickelt: Im ersten Halbjahr 2022 gab es mit 85.000 Anträgen 44 Prozent mehr als im 
Vorjahreszeitraum. Eine Prognose, wie sich die Einbürgerungslage entwickeln könnte, hat der Sachverständigenrat 
für Integration und Migration (SVR) erarbeitet - und zwar indem er das Einbürgerungsverhalten der Syrer, der 
größten Flüchtlingsgruppe, untersuchte. 2021 erhielten 19.000 Syrer ihre Einbürgerungsurkunden - dreimal mehr 
als 2020. ""Dieser Trend wird voraussichtlich anhalten"", erwarten die Forscher. Falls die ""derzeitige Dynamik"" 
fortbestehe, würden ""von 2022 bis 2024"" wohl ""157.000 Syrer eingebürgert werden"".
Sobald die Ampel-Koalition ihre angekündigten Einbürgerungserleichterungen durchsetzt, wird dies laut SVR einen 
""deutlichen Impuls für mehr Einbürgerungen"" darstellen. Rot-Grün-Gelb will zugewanderten Ausländern in der 
Regel schon nach fünf Jahren, bei besonderen Integrationsleistungen sogar bereits nach drei Jahren den 
deutschen Pass anbieten. Der SVR begrüßt diese Absenkung ebenso wie die von der Ampel geplante generelle 
Erlaubnis für Eingebürgerte, die bisherige Staatsangehörigkeit zu behalten. Dies könne ""einen weiteren erheblichen 
Beitrag dazu leisten, dass die laufende Dekade zu einem 'Jahrzehnt der Einbürgerung' wird"". Ein Grund für die 
hohe Einbürgerungsneigung unter Flüchtlingen ist, dass Deutschland bei ihnen auf die Aufgabe der alten 
Staatsangehörigkeit verzichtet. Deshalb bleiben inzwischen mehr als 60 Prozent der Eingebürgerten auch Bürger 
anderer Staaten.

Wenn die Behörden großzügig sind Die Zahl der Einbürgerungen nimmt rasant zu. Oft werden die eigenen 
Richtlinien ausgehebelt
Neben dieser sukzessive abgebauten und der Ampel-Ankündigungen zufolge bald wohl obsoleten Hürde für eine 
Einbürgerung erwartet die Bundesrepublik auch die Erfüllung weiterer formaler Integrationskriterien, wie die 
""Sicherung des eigenen Lebensunterhalts"". Folgt man dem Informationsblatt des Bundesamts für Migration und 
Flüchtlinge (BAMF), hat man ohne ""eigenständige Sicherung des Lebensunterhalts (auch für unterhaltsberechtigte 
Familienangehörige) ohne Sozialhilfe und Arbeitslosengeld II"" keinen Anspruch auf Einbürgerung. Möglich ist 
allerdings die sogenannte Ermessenseinbürgerung, bei der die Mitarbeiter in den lokalen Ausländerämtern mit 
einem gewissen Spielraum die Staatsbürgerschaft gewähren können. 2021 wurden 34.700 der insgesamt 131.600 
Einbürgerungen nach Ermessen erteilt.
Auch bei den Anspruchseinbürgerungen ist die eigentlich verpflichtende ""Sicherung des Lebensunterhalts"" nicht 
immer gewährleistet, wie mehrere Mitarbeiter von Einbürgerungsbehörden dieser Zeitung berichteten. Wie hoch ist 
aber der Anteil der Eingebürgerten, die den deutschen Pass erhalten, obwohl sie ihren Lebensunterhalt nicht 
sichern können? Darüber wollte keines der angefragten Ministerien Auskunft geben.
Auch ein weiteres Kriterium für die Einbürgerung, das Bestehen eines Einbürgerungstests, mit dem die ""Kenntnisse 
über die Rechts- und Gesellschaftsordnung sowie die Lebensverhältnisse in Deutschland"" nachgewiesen werden 
sollen, lässt sich leicht erfüllen. Der Test besteht aus 33 Fragen. Man hat 60 Minuten Zeit, um aus jeweils vier 
Antwortmöglichkeiten die richtige anzukreuzen. Wer 17 Fragen richtig beantwortet, hat bestanden. Die Prüfung wird 
dadurch erleichtert, dass alle 300 Fragen samt richtigen Antworten auf der BAMF-Homepage verfügbar sind.
Laut Bundesamt bestehen 97 Prozent der Teilnehmer - wer durchfällt, kann es erneut probieren. Trotz der 131.600 
Einbürgerungen 2021 gab es nur ""71.069 Teilnahmen"" an der Einbürgerungsprüfung, wie das BAMF dieser Zeitung 
mitteilte. Darunter waren auch Mehrfachteilnehmer. Die Diskrepanz wird mit Ausnahmeregelungen erklärt, etwa für 
kranke Bewerber oder solche, die schon hierzulande einen Schulabschluss geschafft haben. Wer teilnimmt, erhält 
Fragen wie diese: ""Welches Recht gehört zu den Grundrechten in Deutschland?"" Ankreuzen kann man: 
Waffenbesitz, Faustrecht, Meinungsfreiheit oder Selbstjustiz.
2021 wurden 34.700 der 131.600 Einbürgerungen nach Ermessen erteilt
Original Gesamtseiten-PDF"
2022-07,Main Corpus,2022-07(50).ZIP,Wenn die Behörden großzügig sind Die Zahl der Einbürgerungen nimmt rasant zu. Oft werden die eigenen.PDF,C:\PythonProjects\AfD-project\Corpora\Main Corpus\2022-07\raw_unarchive\Wenn die Behörden großzügig sind Die Zahl der Einbürgerungen nimmt rasant zu. Oft werden die eigenen.PDF,Wenn die Behörden großzügig sind Die Zahl der Einbürgerungen nimmt rasant zu. Oft werden die eigenen,wenn die behörden grosszügig sind die zahl der einbürgerungen nimmt rasant zu oft werden die eigenen,Welt am Sonntag,welt am sonntag,16. Juli 2022,Marcel Leubecher,Politik; S. 6; Ausg. 29,668,5063,0525512e6218c45b61d1c1c3904c1eb23950cd3b,exact_007,duplicate_exact,review,,no,,no,,,6052,no,,exact_007,,,"In der Bundesrepublik werden momentan so viele Menschen eingebürgert wie nie zuvor. Dieser Trend erklärt sich 
vor allem durch die Rekordwanderung von Schutzsuchenden aus den vergangenen zehn Jahren. Je nach 
formalem Integrationsstand haben diese in der Regel sechs bis acht Jahre nach der Registrierung die Möglichkeit, 
den deutschen Pass zu erhalten, falls sie einige Kriterien erfüllen.
Dass die Einbürgerungen weiter zunehmen werden - 2021 gab es mit 131.600 laut Statistischem Bundesamt 20 
Prozent mehr als im Vorjahr - , bezweifelt niemand: Es leben 1,4 Millionen Flüchtlinge im Land, die noch nicht 
eingebürgert wurden, dies aber in der Regel anstreben. Hinzu kommen Hunderttausende Asylzuwanderer, die noch 
im Verfahren sind oder bereits abgelehnt wurden, aber meist früher oder später auch Aufenthaltstitel erhalten.
Wie lange die Einbürgerungszahlen noch auf solch hohem Niveau bleiben werden, hängt stark davon ab, wie sich 
die Asylzuwanderung entwickelt: Im ersten Halbjahr 2022 gab es mit 85.000 Anträgen 44 Prozent mehr als im 
Vorjahreszeitraum. Eine Prognose, wie sich die Einbürgerungslage entwickeln könnte, hat der Sachverständigenrat 
für Integration und Migration (SVR) erarbeitet - und zwar indem er das Einbürgerungsverhalten der Syrer, der 
größten Flüchtlingsgruppe, untersuchte. 2021 erhielten 19.000 Syrer ihre Einbürgerungsurkunden - dreimal mehr 
als 2020. ""Dieser Trend wird voraussichtlich anhalten"", erwarten die Forscher. Falls die ""derzeitige Dynamik"" 
fortbestehe, würden ""von 2022 bis 2024"" wohl ""157.000 Syrer eingebürgert werden"".
Sobald die Ampel-Koalition ihre angekündigten Einbürgerungserleichterungen durchsetzt, wird dies laut SVR einen 
""deutlichen Impuls für mehr Einbürgerungen"" darstellen. Rot-Grün-Gelb will zugewanderten Ausländern in der 
Regel schon nach fünf Jahren, bei besonderen Integrationsleistungen sogar bereits nach drei Jahren den 
deutschen Pass anbieten. Der SVR begrüßt diese Absenkung ebenso wie die von der Ampel geplante generelle 
Erlaubnis für Eingebürgerte, die bisherige Staatsangehörigkeit zu behalten. Dies könne ""einen weiteren erheblichen 
Beitrag dazu leisten, dass die laufende Dekade zu einem 'Jahrzehnt der Einbürgerung' wird"". Ein Grund für die 
hohe Einbürgerungsneigung unter Flüchtlingen ist, dass Deutschland bei ihnen auf die Aufgabe der alten 
Staatsangehörigkeit verzichtet. Deshalb bleiben inzwischen mehr als 60 Prozent der Eingebürgerten auch Bürger 
anderer Staaten.

Wenn die Behörden großzügig sind Die Zahl der Einbürgerungen nimmt rasant zu. Oft werden die eigenen 
Richtlinien ausgehebelt
Neben dieser sukzessive abgebauten und der Ampel-Ankündigungen zufolge bald wohl obsoleten Hürde für eine 
Einbürgerung erwartet die Bundesrepublik auch die Erfüllung weiterer formaler Integrationskriterien, wie die 
""Sicherung des eigenen Lebensunterhalts"". Folgt man dem Informationsblatt des Bundesamts für Migration und 
Flüchtlinge (BAMF), hat man ohne ""eigenständige Sicherung des Lebensunterhalts (auch für unterhaltsberechtigte 
Familienangehörige) ohne Sozialhilfe und Arbeitslosengeld II"" keinen Anspruch auf Einbürgerung. Möglich ist 
allerdings die sogenannte Ermessenseinbürgerung, bei der die Mitarbeiter in den lokalen Ausländerämtern mit 
einem gewissen Spielraum die Staatsbürgerschaft gewähren können. 2021 wurden 34.700 der insgesamt 131.600 
Einbürgerungen nach Ermessen erteilt.
Auch bei den Anspruchseinbürgerungen ist die eigentlich verpflichtende ""Sicherung des Lebensunterhalts"" nicht 
immer gewährleistet, wie mehrere Mitarbeiter von Einbürgerungsbehörden dieser Zeitung berichteten. Wie hoch ist 
aber der Anteil der Eingebürgerten, die den deutschen Pass erhalten, obwohl sie ihren Lebensunterhalt nicht 
sichern können? Darüber wollte keines der angefragten Ministerien Auskunft geben.
Auch ein weiteres Kriterium für die Einbürgerung, das Bestehen eines Einbürgerungstests, mit dem die ""Kenntnisse 
über die Rechts- und Gesellschaftsordnung sowie die Lebensverhältnisse in Deutschland"" nachgewiesen werden 
sollen, lässt sich leicht erfüllen. Der Test besteht aus 33 Fragen. Man hat 60 Minuten Zeit, um aus jeweils vier 
Antwortmöglichkeiten die richtige anzukreuzen. Wer 17 Fragen richtig beantwortet, hat bestanden. Die Prüfung wird 
dadurch erleichtert, dass alle 300 Fragen samt richtigen Antworten auf der BAMF-Homepage verfügbar sind.
Laut Bundesamt bestehen 97 Prozent der Teilnehmer - wer durchfällt, kann es erneut probieren. Trotz der 131.600 
Einbürgerungen 2021 gab es nur ""71.069 Teilnahmen"" an der Einbürgerungsprüfung, wie das BAMF dieser Zeitung 
mitteilte. Darunter waren auch Mehrfachteilnehmer. Die Diskrepanz wird mit Ausnahmeregelungen erklärt, etwa für 
kranke Bewerber oder solche, die schon hierzulande einen Schulabschluss geschafft haben. Wer teilnimmt, erhält 
Fragen wie diese: ""Welches Recht gehört zu den Grundrechten in Deutschland?"" Ankreuzen kann man: 
Waffenbesitz, Faustrecht, Meinungsfreiheit oder Selbstjustiz.
2021 wurden 34.700 der 131.600 Einbürgerungen nach Ermessen erteilt
Original Gesamtseiten-PDF"
2022-07,Main Corpus,2022-07(50).ZIP,Wohnungen für Flüchtlinge dringend gesucht Neuer Haushaltsposten Stadt Jever appelliert an Vermieter.PDF,C:\PythonProjects\AfD-project\Corpora\Main Corpus\2022-07\raw_unarchive\Wohnungen für Flüchtlinge dringend gesucht Neuer Haushaltsposten Stadt Jever appelliert an Vermieter.PDF,Wohnungen für Flüchtlinge dringend gesucht Neuer Haushaltsposten Stadt Jever appelliert an Vermieter: Alles,wohnungen für flüchtlinge dringend gesucht neuer haushaltsposten stadt jever appelliert an vermieter alles,Nordwest-Zeitung,nordwestzeitung,08. Juli 2022,,JEVER; S. 17,424,2915,70763f02ac6521a7736cb6f687356c17036901b5,,unique,keep,,no,,no,,,3755,no,,,,,"Jever/RA - Die Stadt Jever ist weiterhin intensiv auf der Suche nach Wohnraum für Flüchtlinge: Die Frage, wo wir 
die Menschen unterbringen können, das wird die Herausforderung für 2022/23 sein , sagte Mike Müller, 
Allgemeiner Vertreter des Bürgermeisters. Denn Wohnraum ist ein knappes Gut. Nicht nur in Jever, sondern in 
allen Kommunen im Landkreis Friesland sind Wohnungen und Mietshäuser nur noch schwer zu finden. Das trifft 
nicht nur die Flüchtlinge, sondern auch alle anderen, die auf der Suche sind. Dennoch wollen Kreis und Kommunen 
eine längerfristige Unterbringung in Sammelunterkünften möglichst vermeiden.
Wohnungen anmieten
Deswegen wird nun im Haushalt der Stadt Jever ein neuer Posten geschaffen, der es erlaubt, dass die Stadt für 
Flüchtlinge Wohnungen mieten und pachten darf. Das berichtete Bürgermeister Jan Edo Albers im Vorfeld der 
Ratssitzung am Donnerstag. 50 000 Euro sind dafür zunächst eingeplant, ob das ausreicht, ist ungewiss. Die 
Kosten sollen vom Landkreis erstattet werden. So haben wir nach Zustimmung des Rats die Möglichkeit, selbst als 
Vertragspartnerin den Vermietern gegenüber zu treten , erklärt Albers. Er appelliert deswegen auch an alle 
Vermieterinnen und Vermieter in Jever und Umgebung, freie Wohnungen anzubieten. Der Mietvertrag wird mit der 
Stadt geschlossen und bietet Sicherheit , betonte er.
Neue Arbeitsgruppe

Wohnungen für Flüchtlinge dringend gesucht Neuer Haushaltsposten Stadt Jever appelliert an Vermieter: Alles 
anbieten, was infrage kommt
Im Hintergrund arbeitet eine interkommunale Arbeitsgruppe dafür, dass die Flüchtlinge auf Wohnungen im 
gesamten Landkreis verteilt werden können. Das funktioniert sehr gut, die Gruppe arbeitet schnell und pragmatisch 
, sagte Müller.
In Friesland kommen derzeit pro Woche etwa 15 bis 25 Flüchtlinge über die Quotenzuweisung des Landes 
Niedersachsen mit dem Bus nach Friesland. Sie werden zunächst zentral in Zetel oder Roffhausen untergebracht 
und dann so schnell wie möglich auf Wohnungen verteilt wenn denn welche verfügbar sind. Mit dem Anmieten ist 
es ja meistens nicht getan, oft muss erst noch renoviert werden und es braucht auch Möbel und Ausstattung , sagt 
Albers.
Bis zum Stichtag 15. September 2022 muss Friesland über die Quote 1642 Flüchtlinge aufnehmen, etwa 700 
befinden sich nach Schätzungen von Müller schon im Landkreis. Jever werden davon 245 zugewiesen, etwa 140 
befinden sich bereits in der Stadt. Nicht alle sind aber der Quote zugerechnet, denn wenn sie privat angereist und 
untergebracht sind, dann können sie erst nach der Registrierung in die Quote gezählt werden.
Nicht nur Ukrainer
Flüchtlinge kommen übrigens nicht nur aus der Ukraine nach Friesland, sondern auch aus allen anderen Kriegs- 
und Krisengebieten weltweit. Zeigen wir ihnen gemeinsam, dass wir tolerant und offen sind , sagte Müller. Das 
können wir jetzt unter Beweis stellen. 
PDF-Datei dieses Dokuments"
2022-07,Main Corpus,2022-07(50).ZIP,Zweite Sammelunterkunft ab Mitte August fertig Notunterkunft Stadt Schortens und Landkreis informier.PDF,C:\PythonProjects\AfD-project\Corpora\Main Corpus\2022-07\raw_unarchive\Zweite Sammelunterkunft ab Mitte August fertig Notunterkunft Stadt Schortens und Landkreis informier.PDF,Zweite Sammelunterkunft ab Mitte August fertig Notunterkunft Stadt Schortens und Landkreis informieren,zweite sammelunterkunft ab mitte august fertig notunterkunft stadt schortens und landkreis informieren,Nordwest-Zeitung,nordwestzeitung,29. Juli 2022,,TITELSEI; S. 1,315,2259,5f94c0cb624530e65f3af015e8ade8dd55750a8c,,unique,keep,,no,,no,,,3106,no,,,,,"Schortens - Turnhallen, Bürgerbegegnungsstätten, Gemeindehäuser bei der Unterbringung der von der 
Landesaufnahmebehörde zugewiesenen Flüchtlinge stoßen die Kommunen zunehmend an ihre räumlichen 
Grenzen und müssen mangels angebotener Wohnungen in immer mehr öffentlichen Einrichtungen Notunterkünfte 
herrichten.
Nur anfangs Probleme
In Sande ist es aktuell die Klaus-Bünting-Halle, in Schortens nach dem Martin-Luther-Haus nun auch ab Mitte 
August die Begegnungsstätte in Roffhausen. Vereine werden auf unbestimmte Zeit ausquartiert. Was bei aller 
Empathie für die Menschen, die aus der Ukraine geflüchtet sind, dennoch auch Unmut auslöst. 
In Roffhausen hatten die Stadt Schortens und der Landkreis Friesland zu einem Infoabend vor Ort in die 
Begegnungsstätte eingeladen, um über die aktuelle Situation und die Perspektiven zu informieren und die Fragen 
der Bürger zu beantworten.
Nebenan, in der alten Heinz-Neukäter-Schule, die im vergangenen Jahr unrühmliche Schlagzeilen als Impfzentrum 
gemacht hatte, betreibt der Landkreis Friesland bereits eine Sammelunterkunft. Etwa 60 Personen, darunter viele 
Kinder, sind dort einquartiert.

Zweite Sammelunterkunft ab Mitte August fertig Notunterkunft Stadt Schortens und Landkreis informieren 
Bürger in Roffhausen
Tatsächlich ist es so, dass die Geflüchteten in Roffhausen freundlich aufgenommen werden. Anfangs hatte es zwar 
Konflikte wegen mehrerer grenzwertiger Ruhestörungen gegeben, berichtete eine junge Anwohnerin; aber das 
Thema ist nach Gesprächen mit den Bewohnern geklärt, bestätigte auch Landkreis-Dezernent Bernd Niebuhr.
Zaun sorgt für Sicherheit
Für Befremden sorgt bei den Bürgern der um das Gelände gezogene Bauzaun. Da sind doch Menschen drin das 
wirkt wie eingesperrt , so eine Stimme aus dem Saal. Dass der Zaun vor allem dem Schutz der kleinen Kinder 
diene, überzeugte offenbar. Und vor allem der Hinweis einer schon länger hier lebenden Ukrainerin, die sich im 
Verein Jeverland hilft engagiert: Der Zaun gibt auch den Frauen selbst ein kleines Sicherheitsgefühl , sagte sie.
Kritik gab es an der nur schwer bis gar nicht zu organisierenden Privatsphäre in den Notunterkünften. Da will die 
Stadt ihre Planungen nun überdenken.
-> Jeverland, seite 16
PDF-Datei dieses Dokuments"
2022-07,Main Corpus,2022-07(50).ZIP,Zähe Verhandlungen_ Einigung bei Flüchtlingskosten Finanzen Das Land reicht die Förderung des Bundes.PDF,C:\PythonProjects\AfD-project\Corpora\Main Corpus\2022-07\raw_unarchive\Zähe Verhandlungen_ Einigung bei Flüchtlingskosten Finanzen Das Land reicht die Förderung des Bundes.PDF,Zähe Verhandlungen: Einigung bei Flüchtlingskosten; Finanzen Das Land reicht die Förderung des Bundes an,zähe verhandlungen einigung bei flüchtlingskosten finanzen das land reicht die förderung des bundes an,Südwest Presse,südwest presse,Montag 18. Juli 2022,,SÜDWESTUMSCHAU; S. 6; Band 78; Ausg. 163,495,3326,a7a493142c86d644b6964e58426d5d67f87bef21,,unique,keep,,no,,no,,,4502,no,,,,,"Stuttgart. Land und Kommunen haben sich im zweiten Anlauf auf die Verteilung der Kosten für die ukrainischen 
Flüchtlinge im Südwesten verständigt. Vertreter der Landesregierung und von Städte-, Gemeinde- und 
Landkreistag einigten sich am Freitagabend in der Gemeinsamen Finanzkommission, wie die Deutsche Presse-
Agentur erfuhr. Seit Beginn des russischen Angriffskriegs auf die Ukraine sind etwa 115 000 Menschen nach 
Baden-Württemberg geflüchtet.
Finanzminister Danyal Bayaz (Grüne) sagte nach der Sitzung am späten Freitagabend, am Ende gehe es darum, 
dass die Geflüchteten so gut wie möglich versorgt werden. „Eine endlose Debatte über die Verteilung der Kosten ist 
da fehl am Platz. Deshalb ist es gut und wichtig, dass wir uns geeinigt haben. Wir unterstützen die Kommunen in 
diesem Jahr mit weit über einer halben Milliarde Euro, um Menschen aus der Ukraine zu helfen.“ Wie die dpa 
erfuhr, reicht das Land die Förderung des Bundes in Höhe von 260 Millionen Euro für den Rest des Jahres komplett 
an die Landkreise weiter, die einen Großteil der Kosten schultern müssen.
Der Präsident des Landkreistags, Joachim Walter, sagte, die Verhandlungen seien ein „schmerzhafter Prozess für 
beide Seiten“ gewesen. Man habe aber einen „fairen Kompromiss“ gefunden. Er zeigte Verständnis dafür, dass das 
Land hart verhandelt habe. „Wir leben ja nicht mehr in Zeiten wie vor zwei, drei Jahren“, sagte er mit Blick auf die 
wirtschaftlichen Folgen der Corona-Pandemie und des Ukraine-Kriegs.
Weitere Kosten für Kreise
Hintergrund ist, dass die ersten Geflüchteten vom 1. Juni an Hartz-IV-Leistungen erhalten und nicht mehr als 
Asylbewerber eingestuft werden. Durch diesen Systemwechsel entsteht den Kreisen ein weiterer Finanzbedarf. 
Walter bestätigte, dass das Land nun 70 Prozent der Kosten bis Ende des Jahres übernehme. Allerdings hatten die 
Kommunen zuvor darauf gedrungen, dass das Land die Kosten komplett auf sich nimmt.
Auch für Städte und Gemeinden legte das Land noch Geld obendrauf. Für den Kita-Ausbau soll es zusätzlich mehr 
als 100 Millionen Euro geben, wovon auch ukrainische Kinder profitieren sollen. Innenminister Thomas Strobl 
(CDU) sagte: „Ich freue mich über ein gutes Ergebnis im Interesse des Landes für unsere starken Kommunen und 

Zähe Verhandlungen: Einigung bei Flüchtlingskosten; Finanzen Das Land reicht die Förderung des Bundes an 
die Kommunen weiter – und gibt mehr Geld für Kitas.
Landkreise. Besonders freue ich mich über den Kita-Ausbau-Booster mit über 100 Millionen Euro. Das ist eine 
echte und wichtige Zukunftsinvestition.“
Das Land kam den Kommunen noch an anderer Stelle entgegen: Städte und Gemeinden müssen sich nicht am 
Rettungsschirm für den Öffentlichen Nahverkehr beteiligen. Eigentlich sollten die Kommunen 20 Millionen Euro 
beisteuern. Mit dem Rettungsschirm sollen die Verluste der Bus- und Bahnunternehmer wegen der Pandemie in 
Höhe von 370 Millionen Euro ausgeglichen werden. Der Bund gibt 141 Millionen Euro, den Rest stemmt nun das 
Land allein.
Die eigentlich anstehenden Verhandlungen über den kommunalen Finanzausgleich dürften sich nach den zähen 
Gesprächen über die Flüchtlingskosten verzögern und bis September hinziehen. Auch dabei wollen sich die 
Kommunen nicht mit kleinen Beträgen abspeisen lassen. ⇥dpa
Link zum PDF-Dokument
Link zum PDF-Dokument"
2022-07,Main Corpus,2022-07(50).ZIP,„Perspektivwechsel in Flüchtlingspolitik“(2).PDF,C:\PythonProjects\AfD-project\Corpora\Main Corpus\2022-07\raw_unarchive\„Perspektivwechsel in Flüchtlingspolitik“(2).PDF,„Perspektivwechsel in Flüchtlingspolitik“,perspektivwechsel in flüchtlingspolitik,Frankfurter Rundschau,frankfurter rundschau,Montag 25. Juli 2022,,HESSEN; S. F12,169,1331,bcfc721ecbedce809359fa0dc6c25cad6e23c69d,exact_008,duplicate_exact,review,,no,,no,,,2252,no,,exact_008,,,"Die Diakonie Hessen hat die Aussetzung von Abschiebungen durch die Landesregierungen in Hessen und 
Rheinland-Pfalz begrüßt. Die Vorgriffserlasse auf das vom Bundeskabinett beschlossene „Chancen-
Aufenthaltsrecht“ seien ein wichtiges Signal für die Betroffenen, sagte der Vorstandsvorsitzende Carsten Tag in 
Frankfurt. Tausende Flüchtlinge seien nur geduldet und hätten in Angst vor einer Abschiebung gelebt, obwohl sie 
sich schon viele Jahre in Deutschland aufhielten.
Der Gesetzentwurf sieht vor, dass ausländische Staatsangehörige, die seit mindestens fünf Jahren in Deutschland 
leben, eine Probeaufenthaltserlaubnis von einem Jahr bekommen. Diesen Zeitraum könnten sie nutzen, um 
Sprachkenntnisse zu erwerben, Ausweispapiere zu bekommen und eine Beschäftigung zu finden. Damit könnten 
sie wiederum die Voraussetzungen für eine längerfristige Aufenthaltserlaubnis erfüllen. Voraussetzung für das 
einjährige Aufenthaltsrecht ist, dass die abgelehnten Asylbewerber in Deutschland nicht straffällig wurden und 
keine falschen Angaben zu ihrer Identität gemacht haben. Der Bundestag soll sich nach der Sommerpause mit dem 
Gesetzentwurf befassen. „Das könnte der Beginn eines grundsätzlichen Perspektivenwechsels in der 
Flüchtlingspolitik werden, hin zu einer echten Integrationspolitik“, lobte Tag. epd
Link zum PDF-Dokument"
2022-07,Main Corpus,2022-07(50).ZIP,„Perspektivwechsel in Flüchtlingspolitik“.PDF,C:\PythonProjects\AfD-project\Corpora\Main Corpus\2022-07\raw_unarchive\„Perspektivwechsel in Flüchtlingspolitik“.PDF,„Perspektivwechsel in Flüchtlingspolitik“,perspektivwechsel in flüchtlingspolitik,Frankfurter Rundschau,frankfurter rundschau,Montag 25. Juli 2022,,HESSEN; S. F12,169,1331,bcfc721ecbedce809359fa0dc6c25cad6e23c69d,exact_008,duplicate_exact,review,,no,,no,,,2259,no,,exact_008,,,"Die Diakonie Hessen hat die Aussetzung von Abschiebungen durch die Landesregierungen in Hessen und 
Rheinland-Pfalz begrüßt. Die Vorgriffserlasse auf das vom Bundeskabinett beschlossene „Chancen-
Aufenthaltsrecht“ seien ein wichtiges Signal für die Betroffenen, sagte der Vorstandsvorsitzende Carsten Tag in 
Frankfurt. Tausende Flüchtlinge seien nur geduldet und hätten in Angst vor einer Abschiebung gelebt, obwohl sie 
sich schon viele Jahre in Deutschland aufhielten.
Der Gesetzentwurf sieht vor, dass ausländische Staatsangehörige, die seit mindestens fünf Jahren in Deutschland 
leben, eine Probeaufenthaltserlaubnis von einem Jahr bekommen. Diesen Zeitraum könnten sie nutzen, um 
Sprachkenntnisse zu erwerben, Ausweispapiere zu bekommen und eine Beschäftigung zu finden. Damit könnten 
sie wiederum die Voraussetzungen für eine längerfristige Aufenthaltserlaubnis erfüllen. Voraussetzung für das 
einjährige Aufenthaltsrecht ist, dass die abgelehnten Asylbewerber in Deutschland nicht straffällig wurden und 
keine falschen Angaben zu ihrer Identität gemacht haben. Der Bundestag soll sich nach der Sommerpause mit dem 
Gesetzentwurf befassen. „Das könnte der Beginn eines grundsätzlichen Perspektivenwechsels in der 
Flüchtlingspolitik werden, hin zu einer echten Integrationspolitik“, lobte Tag. epd
Link zum PDF-Dokument"
