batch_id,corpus_name,source_archive,file_name,file_path,title_original,title_normalized,publication,publication_normalized,date,byline,section,word_count,body_char_count,body_hash_exact,duplicate_group_id,duplicate_category,keep_drop_review,drop_reason,kept_representative_of_group,representative_selection_reason,malformed_flag,malformed_reason,notes,raw_text_chars,low_value_flag,low_value_reason,exact_duplicate_group,near_duplicate_group,repeated_variant_group,body_text
2020-10,Main Corpus,2020-10(50).ZIP,26 Familien aus Moria.PDF,C:\PythonProjects\AfD-project\Corpora\Main Corpus\2020-10\raw_unarchive\26 Familien aus Moria.PDF,26 Familien aus Moria,26 familien aus moria,Frankfurter Rundschau,frankfurter rundschau,Freitag 16. Oktober 2020,,POLITIK; S. 7,534,3911,746554dad197aca22ac31f76ee9f4d98e2169707,,unique,keep,,no,,no,,,5203,no,,,,,"Am Freitag sollen 101 Flüchtlinge aus Athen nach Hannover geflogen werden. Die 26 Familien stellen die erste 
Gruppe des insgesamt 1553 Personen umfassenden Kontingents, auf dessen Aufnahme sich die große Koalition 
nach dem Großbrand im griechischen Flüchtlingslager Moria im September geeinigt hatte. Das erfuhr das 
Redaktionsnetzwerk Deutschland am Donnerstag aus dem Bundesinnenministerium.
Bei den Männern, Frauen und Kindern handelt es sich um anerkannte schutzbedürftige Flüchtlinge, die auf den 
ostägäischen Inseln einen Asylantrag gestellt hatten und nach dessen Bewilligung aufs griechische Festland 
gebracht worden waren. 
Deutschland will 1553 Flüchtlinge von fünf griechischen Inseln aufnehmen. Darauf hatten sich Union und SPD Mitte 
September verständigt. Es handelt sich dabei um insgesamt 408 Familien mit Kindern, die in Griechenland bereits 
als schutzbedürftig anerkannt wurden.
„Sie leben im Elend“
Überdies hatte sich Deutschland im September bereiterklärt, von 400 unbegleiteten Minderjährigen bis zu 150 
Jugendliche aufzunehmen. Im März hatte Bundesinnenminister Horst Seehofer (CSU) zudem beschlossen, im 
Rahmen einer europäischen Hilfsaktion 243 kranke Kinder mit ihren Familien aus Griechenland aufzunehmen. 
Insgesamt wurden in diesem Jahr 804 schutzbedürftige Personen, darunter 104 unbegleitete Minderjährige und 
163 kranke Kinder, per Flugzeug von Griechenland nach Deutschland gebracht.
Derweil folgt auf Lesbos auf das Feuer die Flut. Das im Eiltempo errichtete provisorische Zeltlager für Geflüchtete 
steht zum Teil unter Wasser. Nach starken Regenfällen sind Zelte und Container von Schlamm und Wasser 
geflutet. Bilder von vor Ort zeigen Menschen, die knöchelhoch im Wasser stehen.
Seit gut einer Woche setzt der Regen den rund 8000 im Lager Untergebrachten zu, fast die Hälfte davon sind 
Kinder. Griechische Behörden und das vor Ort präsente UN-Flüchtlingshilfswerk UNHCR versicherten, das Lager 
winterfest machen zu wollen. Bisher gelingt das nicht.

26 Familien aus Moria
Was sich derzeit auf der griechischen Insel Lesbos abspielt, sei eine Katastrophe mit Ansage, sagt die 
Bundestagsabgeordnete Hilde Mattheis (SPD). Hilfsorganisationen hätten bereits bei der Errichtung des 
Ersatzlagers im Ort Kara Tepe davor gewarnt, dass Lager und Ausstattung völlig unzureichend für die erwarteten 
Stürme und Regenfälle sein werden. „Ich persönlich kann die Formulierung einer ‚gemeinsamen europäischen 
Lösung‘ nicht mehr hören, denn das dient nur dazu, Zeit zu kaufen“, so die SPD-Politikerin, die sich jüngst vor Ort 
einen persönlichen Eindruck verschaffte.
Die Menschen hätten keine Zeit mehr, „sie leben im Elend“. Zugang zu Sanitäranlagen und die 
Hygienebedingungen im Lager seien schlecht. „Wenn dort eine Corona-Welle anrollt, werden die Menschen 
keinerlei Möglichkeit haben, sich zu schützen“, warnte Mattheis. Sie fordert von der Bundesregierung und den 
anderen europäischen Regierungen, die Menschen von Lesbos zu evakuieren. „Sie leben dort in einem 
menschenunwürdigen Zustand, und die reichen europäischen Länder schauen zu.“
Trotz der andauernden Überschwemmung von Teilen des neuen Lagers liegt der Bundesregierung und dem 
Technischen Hilfswerk (THW) kein Hilfsersuchen seitens der griechischen Regierung vor. Eine Entsendung von 
technischer Hilfe sei daher nicht geplant, heißt es beim THW. Infolge des Großbrands im ehemaligen 
Flüchtlingslager Moria war das THW 30 Tage lang auf Lesbos im Einsatz.
Derweil hat die Bundesregierung die Entsendung von Bamf-Angestellten zur Unterstützung bei der Bearbeitung von 
Asylanträgen vor Ort wiederaufgenommen. „Aktuell befinden sich zwei Bamf-Mitarbeiter im EASO-Einsatz auf den 
griechischen Inseln“, teilte eine Sprecherin des Bundesinnenministeriums mit. Ende vergangenen Jahres wurde die 
Entsendung ausländischer Asylbeamter auf Betreiben der griechischen Regierung eingestellt.
Link zum PDF-Dokument"
2020-10,Main Corpus,2020-10(50).ZIP,_Immer mehr Palästinenser denken an Flucht nach Europa_ Schon vor der Corona-Pandemie war die Lage d.PDF,C:\PythonProjects\AfD-project\Corpora\Main Corpus\2020-10\raw_unarchive\_Immer mehr Palästinenser denken an Flucht nach Europa_ Schon vor der Corona-Pandemie war die Lage d.PDF,"""Immer mehr Palästinenser denken an Flucht nach Europa""; Schon vor der Corona-Pandemie war die Lage der",immer mehr palästinenser denken an flucht nach europa schon vor der coronapandemie war die lage der,Die Welt,die welt,Donnerstag 8. Oktober 2020,Daniel-dylan Böhmer,Politik; S. 7; Ausg. 235,1318,9157,5e4db24ace650ed3b999b92c25ada7ab68a062b8,,unique,keep,,no,,no,,,10754,no,,,,,"Es ist kein Amtsantritt, wie man ihn sich wünscht. Als Philippe Lazzarini im April Chef des UN-Hilfswerks für die 
palästinensischen Flüchtlinge UNRWA wird, steht die Organisation wieder mal kurz vor der Pleite und gerade 
beginnt das neuartige Corona-Virus, sich in den Lagern auszubreiten. Aber nach Stationen in Ruanda, dem Irak 
und dem Libanon ist der Schweizer gut auf Krisen vorbereitet.
Warum er in seinem neuen Amt gerade Deutschland als eines der ersten europäischen Länder besucht, und das 
gleich für einige Tage? ""Deutschland ist nicht nur einer unserer wichtigsten Spender"", sagt Lazzarini per 
Videoschaltung. ""Die Bundesrepublik ist mittlerweile ein zentraler Akteur im Nahen Osten.""
WELT:
Herr Lazzarini, Sie haben Ihre neue Aufgabe mitten in der Pandemie übernommen. Wie ist die Lage in den 
palästinensischen Flüchtlingslagern?
Philippe Lazzarini:
Corona bedeutet für die palästinensischen Flüchtlinge eine zusätzliche Dimension der Verzweiflung. Schließlich 
waren sie schon zuvor von einer anhaltenden wirtschaftlichen Krise betroffen, von einer regelrechten Pandemie des 
Elends. Hinzu kommen politische Krisen in vielen der Aufnahmestaaten, etwa im Libanon, oder der Krieg in Syrien. 
In beiden Ländern war die Lage schon vor Corona so dramatisch, dass die Menschen ihre Nahrungsaufnahme 
noch weiter reduzieren mussten. Viele Familien können sich nur noch eine Mahlzeit am Tag leisten. Fleisch ist für 
sie gar nicht mehr bezahlbar. Und das schon seit Langem. Und dann kam Corona.
Wie entwickelt sich denn die Pandemie in den Lagern?

""Immer mehr Palästinenser denken an Flucht nach Europa""; Schon vor der Corona-Pandemie war die Lage der 
Palästinenser in den Flüchtlingslagern prekär. Seit sich....
Die Zahl der Infektionen mit dem neuartigen Coronavirus explodiert aktuell geradezu. Bis Juli haben wir unter den 
5,6 Millionen Flüchtlingen, die wir betreuen, nur 200 Fälle gezählt. Heute sind es schon 9.000 registrierte 
Infektionen. Das entspricht einer Steigerung auf mehr als das 40-Fache in nicht einmal drei Monaten. Mehr als zwei 
Drittel der Fälle wurden im Westjordanland nachgewiesen. Doch besonders beunruhigend ist die Tatsache, dass 
wir jetzt auch erste Fälle im Gazastreifen registriert haben. Weil das Gebiet von der Außenwelt weitgehend 
abgeschnitten ist, war es bisher auch weniger anfällig für die Ausbreitung des Virus. Wenn sie nun auch auf Gaza 
übergreift, könnte das dramatische Folgen haben. Der Küstenstreifen ist besonders eng besiedelt und nur schwer 
medizinisch zu versorgen.
Sind Sie denn überhaupt für die Bewältigung der Pandemie gerüstet?
Auch unter unserem medizinischen Personal gibt es immer mehr Infektionen. Wir haben mittlerweile auf 
Telemedizin umgestellt, wo das möglich ist. Auch Medikamente, Nahrungsmittel und Geldtransfers lassen wir zu 
den Empfängern bringen, wo es nur geht. Aber wir brauchen auch dringend mehr Hilfe von der internationalen 
Gemeinschaft. Uns fehlen Desinfektionsmittel für unsere Lager und Schutzausrüstung für unser medizinisches 
Personal. Wir brauchen auch mehr Lehrer und eine bessere Infrastruktur für digitalen Unterricht. In vielen 
Aufnahmeländern beginnt das Schuljahr wieder und wir sind natürlich weit davon entfernt, allen Schülern einen 
Computer oder ein Tablet für zu Hause bieten zu können.
Haben Sie eine Erklärung dafür, dass sich das Virus in den Palästinenser-Lagern so besonders schnell ausbreitet?
Derzeit beobachten wir ja in vielen Ländern ein erneutes Anwachsen der Infektionszahlen. Bei den Palästinensern 
kommt ein besonderer Umstand hinzu: Es gibt für sie keine staatlichen Hilfspakete, wie es in anderen Ländern die 
wirtschaftlichen Folgen der Pandemie abfedert. Wegen der akuten Not werden viele Palästinenser immer 
unvorsichtiger. Sie sagen uns: Wie soll ich mich an Kontaktbeschränkungen halten, wenn meine Kinder dann nichts 
zu essen bekommen? Corona ist auch ein weiterer Faktor, der immer Palästinenser in den Lagern an eine Flucht 
nach Europa denken lässt. In der letzten Zeit werden es immer mehr, die sich etwa im Libanon per Boot auf den 
Weg in den EU-Staat Zypern machen.
Sehen Sie da eine palästinensische Flüchtlingswelle auf Europa zukommen?
Das kann ich so noch nicht sagen. Aber es gibt da eine neue Tendenz. Gerade im Libanon, wo der Staat in einer 
tiefen Krise steckt, hoffen nicht nur immer mehr Libanesen, irgendwie nach Europa zu kommen, sondern auch 
syrische und eben palästinensische Flüchtlinge. Wir sehen immer mehr Demonstrationen auch von Palästinensern 
vor westlichen Botschaften in der Hauptstadt Beirut. Dort verlangen sie dann Visa oder andere Möglichkeiten zur 
Einreise. Sie demonstrieren vor allem vor den Vertretungen Kanadas, der skandinavischen Länder und 
Deutschlands.
Wie steht es denn mit der Hilfe der Golfaraber für die Palästinenser? Sie waren ja lange Zeit wichtige Spender, 
doch den Friedensschluss der Vereinigten Arabischen Emirate und Bahrains sehen viele Palästinenser als Verrat.
Richtig. Die Vereinten Nationen haben die Abkommen der beiden Golfstaaten mit Israel begrüßt. Aber viele 
Palästinenser fürchten, dass man sie jetzt im Stich lassen wird. Vor kurzem habe ich mich mit den Außenministern 
der Arabischen Liga getroffen und sie darauf hingewiesen, dass Spenden uns helfen, die Stabilität in der 
palästinensischen Bevölkerung zu wahren. Indem wir diesen Menschen eine Zukunftsperspektive geben, erhalten 
wir auch die gesellschaftlichen Voraussetzungen, die für eine friedliche Transition notwendig sein werden, wenn 
sich die Dinge zwischen Israelis und Palästinensern einmal grundsätzlich ändern. Aber leider befindet sich UNRWA 
ja seit Jahren in einer existenziellen Finanzkrise. Wir haben ein Budget von etwa einer Milliarde Dollar im Jahr, aber 
uns fehlen immer etwa 100 Millionen. Wir können immer nur circa zwei Wochen im Voraus planen. Wir stehen 
immer kurz vor dem Crash.
Und bekommen Sie jetzt mehr Geld von den Golfarabern?
""Immer mehr Palästinenser denken an Flucht nach Europa""; Schon vor der Corona-Pandemie war die Lage der 
Palästinenser in den Flüchtlingslagern prekär. Seit sich....
Nachdem die USA 2018 ihre Zuwendungen komplett eingestellt haben, gab es eine große Welle der 
Hilfsbereitschaft und höhere Beiträge aus Europa und den Golfstaaten. Dadurch wurde 2018 sogar ein besonders 
gutes Jahr für uns. Doch diese Zuwendungen haben die Golfstaaten im vergangenen Jahr nicht auf dem gleichen 
Niveau aufrechterhalten. Um mehr Stabilität zu gewährleisten, möchte ich erstmals einen mehrjährigen Finanzplan 
vorlegen. Aber dafür brauche ich auch langfristige Finanzierungszusagen.
Es gibt auch immer wieder Kritik an ihrer Organisation. Etwa, dass in UNRWA-Schulen Bücher verwendet werden, 
die das Existenzrecht des Staates Israel infrage stellen oder antisemitische Passagen enthalten.
Solche Fälle werden auch missbraucht, um unsere Arbeit insgesamt zu diskreditieren. Diese Bücher wurden zwar 
an unseren Schulen verwendet, aber nicht von UNRWA erarbeitet oder veröffentlicht, sondern von den 
palästinensischen Bildungsbehörden und jenen der Aufnahmestaaten. Wir achten streng darauf, dass in unseren 
Schulen keine Inhalte vermittelt werden, die den Prinzipien der Vereinten Nationen widersprechen. Dafür haben wir 
beschlossen, insgesamt 86 palästinensische Schulbücher zu überprüfen. Wo immer wir problematische Stellen 
gefunden haben, weisen wir die Lehrer an, diese Inhalte nicht zu vermitteln. Außerdem bieten wir ihnen 
zusätzliches alternatives Material an, damit sie solche Darstellungen in den richtigen Kontext stellen und kritisches 
Denken erlernen. Auch die EU überprüft derzeit die palästinensischen Schulbücher. Ihren Empfehlungen werden 
wir folgen. Ich habe einige dieser inakzeptablen Stellen auch in meinen Gesprächen mit der palästinensischen 
Autonomiebehörde angesprochen. Das US Goverment Accountability Office hat uns gerade attestiert, dass der 
Unterricht an unseren Schulen insgesamt voll im Einklang mit den Prinzipien der UN steht. Es ist besser, 
vorhandene Inhalte zu verbessern und Kindern zu helfen, kritisch zu denken, wie es die Lehrmethoden des 
UNRWA tun. Was wäre die Alternative, wenn wir Kindern in Gaza keine Bildung bieten würden?
Eine andere Kritik lautet, dass einige Ihrer Mitarbeiter ein zu unkritisches Verhältnis zu radikalen 
Palästinenserorganisationen oder Israel-Feinden hätten. Gerade wurde der Fall einer Ihrer Mitarbeiterinnen in den 
USA bekannt, die bei einem Seminar der antiisraelischen Boykott-Initiative BDS sprechen sollte.
Es geht hier nicht um eine Mitarbeiterin der Vereinten Nationen oder der UNRWA, sondern von UNRWA USA. 
Dabei handelt es sich um einen privaten Verein, die Spenden für die UNRWA sammelt. Als wir von dem Fall 
erfahren haben, haben wir uns mit dem Verein in Verbindung gesetzt. Nach den öffentlichen Reaktionen hat die 
genannte Mitarbeiterin entschieden, bei dem Seminar nicht aufzutreten.
Ist sie immer noch bei UNRWA USA angestellt?
Ich bin nicht sicher, aber ich vermute es.
Original Gesamtseiten-PDF
Graphic
 
Nicht nur während der Corona-Krise: Viele palästinensische Familien sind auf Lebensmittelhilfen der Vereinten 
Nationen angewiesen"
2020-10,Main Corpus,2020-10(50).ZIP,Asylantrag als Glücksspiel Schutzquote für venezolanische Geflüchtete schwankt lokal stark.PDF,C:\PythonProjects\AfD-project\Corpora\Main Corpus\2020-10\raw_unarchive\Asylantrag als Glücksspiel Schutzquote für venezolanische Geflüchtete schwankt lokal stark.PDF,Asylantrag als Glücksspiel Schutzquote für venezolanische Geflüchtete schwankt lokal stark,asylantrag als glücksspiel schutzquote für venezolanische geflüchtete schwankt lokal stark,"taz, die tageszeitung",taz die tageszeitung,Freitag 16. Oktober 2020,Frederik Eikmanns,INLAND; S. 6,279,2027,5663408f9cf50290eae8281b84dae6e4c33455c9,,unique,keep,,no,,no,,,2962,no,,,,,"Von Frederik Eikmanns
Für Geflüchtete aus Venezuela gleicht der Versuch, in Deutschland Asyl zu erhalten, einer Lotterie. Denn wie groß 
die Chancen auf einen Schutzstatus sind, hängt wohl vor allem davon ab, in welchem Büro des Bundesamts für 
Migration und Flüchtlinge (Bamf) der Antrag bearbeitet wird. Das zeigen die Antworten der Bundesregierung und 
der sächsischen Landesregierung auf Kleine Anfragen der Bundestagsabgeordneten Ulla Jelpke und der 
Landtagsabgeordneten Juliane Nagel (beide Linke).
Während beispielsweise in Chemnitz dieses Jahr bisher immerhin 64,4 Prozent der venezolanischen 
Antragsteller:innen positive Bescheide erhalten haben, entschieden die Bamf-Beamt:innen in der Berliner Stelle in 
nur 13,7 Prozent der Fälle, Asyl zu gewähren. Auffallend viele der negativen Entscheide in Deutschland werden 
außerdem später von Gerichten gekippt. In Sachsen, wo ein Großteil der Anträge venezolanischer Geflüchteter 
bearbeitet werden, sind 2020 bisher rund 70 Prozent der Fälle aufgehoben worden. Es ist nicht hinnehmbar, dass 
die Aussichten auf Schutz davon abhängen, an welchem Standort das Asylgesuch geprüft wird , sagt Ulla Jelpke.
Die Bundesregierung schreibt, die Unterschiede zwischen den Bamf-Stellen könnten unter anderem darauf 
beruhen, dass in einer Außenstelle im jeweiligen Betrachtungszeitraum mehr Verfahren mit Familien oder 
erkrankten beziehungsweise sonst vulnerablen Personen bearbeitet wurden . Dabei lassen sich die großen 
Unterschiede auch schon in den letzten Jahren beobachten. In Leipzig etwa lag die Schutzquote schon 2019 (39,9 
Prozent) und 2018 (31,5 Prozent) jeweils deutlich unter der von Leipzig (63,2 beziehungsweise 72,2 Prozent). 
Unterschiede zwischen einzelnen Stellen sind statistisch zu erwarten konstant drastische Differenzen zwischen 
den immer gleichen Stellen dagegen nicht. Eine mögliche Erklärung wäre, dass gezielt Anträge mit besonders 
schlechten oder guten Chancen an bestimmte Stellen gegeben werden. Davon aber schreibt die Bundesregierung 
nichts."
2020-10,Main Corpus,2020-10(50).ZIP,Asylstatus anlasslos auf dem Prüfstand Das Bundesamt für Migration und Flüchtlinge prüft bewilligte.PDF,C:\PythonProjects\AfD-project\Corpora\Main Corpus\2020-10\raw_unarchive\Asylstatus anlasslos auf dem Prüfstand Das Bundesamt für Migration und Flüchtlinge prüft bewilligte.PDF,Asylstatus anlasslos auf dem Prüfstand; Das Bundesamt für Migration und Flüchtlinge prüft bewilligte,asylstatus anlasslos auf dem prüfstand das bundesamt für migration und flüchtlinge prüft bewilligte,"taz, die tageszeitung",taz die tageszeitung,Donnerstag 08. Oktober 2020,Franziska Schindler,INLAND; S. 7,626,4490,9cd9fb998bb812813fea1f7f6642a7586a26c766,,unique,keep,,no,,no,,,5628,no,,,,,"Von Franziska Schindler
Alles schien geregelt, bis Maryam Tamimi Anfang des Jahres einen Brief vom Bundesamt für Migration und 
Flüchtlinge (Bamf) bekam. Mit 17 Jahren war Tamimi allein aus ihrer Heimatstadt Damaskus nach Deutschland 
geflohen. Ihr Asylverfahren wurde positiv entschieden, inzwischen studiert sie im 6. Semester Maschinenbau. Doch 
nun schrieb das Bamf von einem Widerrufs- bzw. Rücknahmeverfahren . Ich hatte solche Angst, dass sie mich 
nach Syrien zurückschicken , berichtet Tamimi. Sie hatten mich doch schon alles gefragt und ich hatte ihnen schon 
alles erzählt was wollten sie noch von mir? , fragte sich die Frau, die ihren echten Namen aus Sorge um den 
Aufenthaltstitel nicht öffentlich machen will.
Das ist kein Einzelfall: Bereits in Hunderttausenden Fällen hat das Bamf die Überprüfung von Asylentscheidungen 
eingeleitet, die seit 2015 ergangen sind. Während im Jahr 2016 noch 3.170 Widerrufsverfahren eröffnet wurden, 
stellte das Bundesamt im Jahr 2019 mit 205.285 begonnenen Verfahren seinen neuen Jahresrekord auf. 
Rechtsgrundlage dafür ist Paragraf 73 des Asylgesetzes. Ein Widerruf des Schutzstatus ist demnach möglich, 
wenn der Fluchtgrund wegfällt, beispielsweise weil sich die Situation im Herkunftsland maßgeblich verbessert hat. 
Eine Rücknahme erfolgt, wenn eine Anerkennung irrtümlich vergeben wurde, zum Beispiel wegen falscher 
Angaben zur Person. In beiden Fällen verlieren die Betroffenen auch den Aufenthaltstitel.
Doch das ist selten der Fall, wie die Antwort der Bundesregierung auf eine Kleine Anfrage der 
Bundestagsabgeordneten Ulla Jelpke (Linke) zeigt. Die innenpolitische Sprecherin ihrer Fraktion wollte wissen, wie 
viele Widerrufs- und Rücknahmeverfahren seit Anfang 2019 eingeleitet wurden und wie häufig sie in einer 
Aberkennung des Schutzstatus resultieren. Das Ergebnis: Im Jahr 2019 erfolgte der Widerruf in nur 2,7 Prozent der 
170.406 Entscheidungen, 2020 in 2,8 Prozent der 180.032 entschiedenen Fälle. Noch geringer ist die Zahl der 
Rücknahmen. Hier lag die Quote 2019 bei 0,6, von Januar bis Juli 2020 bei 0,4 Prozent.

Asylstatus anlasslos auf dem Prüfstand; Das Bundesamt für Migration und Flüchtlinge prüft bewilligte 
Asylanträge erneut. Betroffene sind verunsichert, die Linke....
Auch in Tamimis Fall ist alles gut ausgegangen, sie darf in Deutschland bleiben. Für die Betroffenen ändern die 
niedrigen Aufhebungsquoten jedoch nichts daran, in oft monatelanger Sorge um ihren Aufenthaltsstatus leben zu 
müssen. Zudem kann die erneute Befragung über die traumatisierende Flucht belastend sein. Ich wollte davon 
nicht noch mal erzählen. Ich versuche selbst, das zu vergessen , so Tamimi.
 Statt wahllos hunderttausendfach Widerrufsprüfungen einzuleiten, wäre es völlig ausreichend, sich auf konkrete 
Verdachtsfälle oder reale Anlässe für eine Überprüfung der Schutzbedürftigkeit zu beschränken , findet 
Fragestellerin Jelpke. Auch Pro Asyl fordert, keine pauschalen und anlasslosen Widerrufs- und 
Rücknahmeverfahren durchzuführen.
Dennoch hält das Innenministerium an seiner Praxis fest. Das Bamf sei gesetzlich verpflichtet zu überprüfen, ob die 
Voraussetzung für einen Widerruf oder eine Rücknahme der Anerkennung vorliegt, heißt es auf taz-Anfrage. Der 
Personalaufwand dafür ist enorm: Mehr als 700 Beamt*innen befassen sich ausschließlich mit Widerrufsprüfungen.
 Der Pauschalverdacht gegen Flüchtlinge führt zu einer enormen Ressourcenverschwendung im Bamf , konstatiert 
Jelpke. Wiebke Judith, rechtspolitische Referentin von Pro Asyl, ergänzt: Eine Asylbehörde sollte sich primär mit 
Asylverfahren beschäftigen, aber zurzeit bearbeitet das Bamf deutlich mehr Wiederrufsverfahren als Asylanträge. 
Auch über den vermeintlichen Bremer Bamf-Skandal gibt die Antwort Aufschluss. Nachdem zunächst von 1.200 
Asyl-Betrugsfällen die Rede war, ergaben Nachprüfungen bis Mai 2020 Unregelmäßigkeiten in 150 Fällen. Nach 
13.168 Überprüfungen in Bezug auf die Vorgänge in Bremen ist nun das Ergebnis der Bundesregierung: Mit 
Widerruf und Rücknahme in insgesamt 5,05 Prozent der Fälle lag Bremen nur leicht über der durchschnittlichen 
Aufhebungsquote von 3,2 Prozent. Dies lasse keine direkten Rückschlüsse auf etwaiges Fehlverfahren zu.
Ob die Rücknahmen vor Gericht Bestand haben werden, ist ungewiss. Bereits 65 von 71 wurden gerichtlich 
kassiert, 132 Fälle sind noch offen. Eine Entscheidung des Bremer Landgerichts zur Zulässigkeit der Anklage 
gegen die ehemalige Bremer Bamf-Leiterin steht noch aus."
2020-10,Main Corpus,2020-10(50).ZIP,Aufbruch in die Ungewissheit Das FFT zeigt Ingo Tobens Performance „Turning Points“ mit jugendlichen(2).PDF,C:\PythonProjects\AfD-project\Corpora\Main Corpus\2020-10\raw_unarchive\Aufbruch in die Ungewissheit Das FFT zeigt Ingo Tobens Performance „Turning Points“ mit jugendlichen(2).PDF,Aufbruch in die Ungewissheit; Das FFT zeigt Ingo Tobens Performance „Turning Points“ mit jugendlichen,aufbruch in die ungewissheit das fft zeigt ingo tobens performance turning points mit jugendlichen,Rheinische Post,rheinische post,Montag 26. Oktober 2020,"Hötzendorfer, Claudia",S. 24,693,4679,bd837b81d853a35469536a45073f48ac3e37209b,exact_001,duplicate_exact,review,,no,,no,,,5821,no,,exact_001,,,"Claudia Hötzendorfer
Düsseldorf „Meine Mutter hatte immer Angst um mich. In Syrien war es der Krieg, in Deutschland das neue Leben“, 
resümiert Gulhan, nachdem sie von einer Begebenheit in der Schule kurz nach der Ankunft in Düsseldorf erzählt 
hat. Hinter ihr lagen Flucht, Warten, Ungewissheit. Ein Schicksal, das sie mit so vielen teilt, deren Geschichten aber 
kaum jemand kennt.
Die Gemeinheiten eines Mitschülers, der sich über Gulhans Herkunft lustig gemacht hatte, waren ihr Ansporn, es 
ihm zu zeigen, besser zu sein als er. „Ich habe meinen Abschluss geschafft, er blieb sitzen“, sagt sie, und ein wenig 
Stolz schwingt in ihrer Stimme mit. Wenn sie das schaffen konnte, dann wollte sie sich auch ihren zukünftigen Beruf 
aussuchen dürfen, Fotografin oder Make-up-Artist soll es sein, selbst wenn das bedeutet, sich gegen den Wunsch 
der Eltern durchsetzen zu müssen. Dies war nur einer der Wendepunkte in Gulhans Leben.
„Turning Points“ („Wendepunkte“) ist nicht das erste Stück, das Ingo Toben mit dem jungen Ensemble für das 
Forum Freies Theater (FFT) realisiert. Zuvor hat er „Inviting Strangers“ (2018) und „Meeting Strangers“ (2019) mit 
ihnen umgesetzt. Immer unmittelbar in der Interaktion mit dem Publikum im kleinen Rahmen. So performte das 
Team bei „Inviting Strangers“ auf Einladung in privaten Wohnzimmern.
Im Zentrum der Produktionen steht die Auseinandersetzung mit den Lebensläufen dieser jungen Frauen und 
Männer zwischen 16 und 22 Jahren, die ihre Heimat, Freunde, oft auch einen großen Teil der Familie hinter sich 
lassen mussten, in eine ungewisse Zukunft aufbrachen und sich von vielen Träumen verabschiedet haben.

Aufbruch in die Ungewissheit; Das FFT zeigt Ingo Tobens Performance „Turning Points“ mit jugendlichen 
Flüchtlingen in der Planwerkstatt an der Erkrather Straße.
Das Publikum wird in die Inszenierung einbezogen. Die ehemalige Autowerkstatt an der Erkrather Straße ist mit 
dunklen Tüchern verhängt, auf dem Boden liegen Teppiche. Die Beleuchtung ist diffus. Fünf Ensemblemitglieder, 
fünf Stationen. Nur vier Gäste betreten pro Vorstellung den Raum. Sie sitzen im Kreis mit jeweils einem 
Ensemblemitglied. Vor sich ein kleines, beleuchtetes Pult mit einem Text. Nach einer kurzen Einführung treten sie 
in einen Dialog, können sich so einfühlen in das, was da erzählt wird.
Es beginnt eigentlich immer mit einem ganz normalen Leben. Mit dem Alltag, bis bestimmte Ereignisse ihre 
Familien zur Flucht aus Afghanistan, dem Iran, Irak oder Syrien zwangen. Da sind die Taliban, die Schulen 
schlossen. Schlepper, die Flüchtlinge über das Meer in die Türkei schleusen und dort sich selbst überlassen. 
Inhaftierungen, getrennte Familien, gescheiterte Fluchtversuche. Ihre Odysseen führten sie schließlich alle nach 
Düsseldorf.
In Schulen sucht Ingo Toben nach Jugendlichen, die Interesse am Theater haben, sich ausprobieren wollen und 
auf diese Weise auch ein Ventil bekommen, sich mit ihren Erlebnissen auseinanderzusetzen. Indem sie anderen 
davon erzählen, bekommen sie oft zum ersten Mal das Gefühl, gehört zu werden und dass die Menschen sich für 
ihre Geschichten interessieren.
„Wir haben uns dafür Wendepunkte ausgesucht, die zum einen von außen kommen, und zum anderen solche, die 
unmittelbar aus einer eigenen Entscheidung resultieren“, erklärt Regisseur Toben das Konzept von „Turning 
Points“. Der intime Rahmen mit kleinem Publikum habe schon vor Corona festgestanden, erzählt er. „Wir wollten 
bewusst in den Dialog treten, und das ist nur möglich, wenn die Zahl der Gäste überschaubar bleibt“, fügt er hinzu.
Die Erinnerungen von Gulhan, Mohammad, Pooriya, Emad und Fahd berühren nicht zuletzt deshalb, weil sie so 
persönlich sind und vieles ungesagt bleibt: Heimweh, sich fremd zu fühlen, Angst um Angehörige zu haben und 
trotzdem an einem Ziel festzuhalten, wie Arzt zu werden, den Abschluss zu schaffen und die Brüder wiederzusehen 
– aber auch Freunde zu verlieren, sich für 1500 Kinder in einem türkischen Flüchtlingscamp einzusetzen, weil sie 
zur Schule gehen sollen, und vielleicht auch irgendwann in diesem Land anzukommen.
Es ist das dritte Stück mit jungen Migranten
Stück „Turning Points“ ist bis 7. November samstags, sonntags und mittwochs in der Planwerkstatt 378, Erkrather 
Straße 191 zu sehen. Weitere Infos zu Anfangszeiten und Tickets unter:
www.fft-duesseldorf.de
Regisseur Ingo Toben entwickelt am FFT experimentelle Live-Formate mit Kindern und Jugendlichen, die Elemente 
aus Performance, Konzert, Storytelling oder Film einbeziehen.
Ensemble Mit den Jugendlichen zwischen 16 und 22 Jahren, die ihre Heimatländer verlassen mussten, hat Ingo 
Toben nun bereits das dritte Stück realisiert."
2020-10,Main Corpus,2020-10(50).ZIP,Aufbruch in die Ungewissheit Das FFT zeigt Ingo Tobens Performance „Turning Points“ mit jugendlichen.PDF,C:\PythonProjects\AfD-project\Corpora\Main Corpus\2020-10\raw_unarchive\Aufbruch in die Ungewissheit Das FFT zeigt Ingo Tobens Performance „Turning Points“ mit jugendlichen.PDF,Aufbruch in die Ungewissheit Das FFT zeigt Ingo Tobens Performance „Turning Points“ mit jugendlichen,aufbruch in die ungewissheit das fft zeigt ingo tobens performance turning points mit jugendlichen,Rheinische Post,rheinische post,Montag 26. Oktober 2020,"Hötzendorfer, Claudia",S. 23,693,4678,bd837b81d853a35469536a45073f48ac3e37209b,exact_001,duplicate_exact,review,,no,,no,,,5831,no,,exact_001,,,"Claudia Hötzendorfer
Düsseldorf „Meine Mutter hatte immer Angst um mich. In Syrien war es der Krieg, in Deutschland das neue Leben“, 
resümiert Gulhan, nachdem sie von einer Begebenheit in der Schule kurz nach der Ankunft in Düsseldorf erzählt 
hat. Hinter ihr lagen Flucht, Warten, Ungewissheit. Ein Schicksal, das sie mit so vielen teilt, deren Geschichten aber 
kaum jemand kennt.
Die Gemeinheiten eines Mitschülers, der sich über Gulhans Herkunft lustig gemacht hatte, waren ihr Ansporn, es 
ihm zu zeigen, besser zu sein als er. „Ich habe meinen Abschluss geschafft, er blieb sitzen“, sagt sie, und ein wenig 
Stolz schwingt in ihrer Stimme mit. Wenn sie das schaffen konnte, dann wollte sie sich auch ihren zukünftigen Beruf 
aussuchen dürfen, Fotografin oder Make-up-Artist soll es sein, selbst wenn das bedeutet, sich gegen den Wunsch 
der Eltern durchsetzen zu müssen. Dies war nur einer der Wendepunkte in Gulhans Leben.
„Turning Points“ („Wendepunkte“) ist nicht das erste Stück, das Ingo Toben mit dem jungen Ensemble für das 
Forum Freies Theater (FFT) realisiert. Zuvor hat er „Inviting Strangers“ (2018) und „Meeting Strangers“ (2019) mit 
ihnen umgesetzt. Immer unmittelbar in der Interaktion mit dem Publikum im kleinen Rahmen. So performte das 
Team bei „Inviting Strangers“ auf Einladung in privaten Wohnzimmern.
Im Zentrum der Produktionen steht die Auseinandersetzung mit den Lebensläufen dieser jungen Frauen und 
Männer zwischen 16 und 22 Jahren, die ihre Heimat, Freunde, oft auch einen großen Teil der Familie hinter sich 
lassen mussten, in eine ungewisse Zukunft aufbrachen und sich von vielen Träumen verabschiedet haben.

Aufbruch in die Ungewissheit Das FFT zeigt Ingo Tobens Performance „Turning Points“ mit jugendlichen 
Flüchtlingen in der Planwerkstatt an der Erkrather Straße.
Das Publikum wird in die Inszenierung einbezogen. Die ehemalige Autowerkstatt an der Erkrather Straße ist mit 
dunklen Tüchern verhängt, auf dem Boden liegen Teppiche. Die Beleuchtung ist diffus. Fünf Ensemblemitglieder, 
fünf Stationen. Nur vier Gäste betreten pro Vorstellung den Raum. Sie sitzen im Kreis mit jeweils einem 
Ensemblemitglied. Vor sich ein kleines, beleuchtetes Pult mit einem Text. Nach einer kurzen Einführung treten sie 
in einen Dialog, können sich so einfühlen in das, was da erzählt wird.
Es beginnt eigentlich immer mit einem ganz normalen Leben. Mit dem Alltag, bis bestimmte Ereignisse ihre 
Familien zur Flucht aus Afghanistan, dem Iran, Irak oder Syrien zwangen. Da sind die Taliban, die Schulen 
schlossen. Schlepper, die Flüchtlinge über das Meer in die Türkei schleusen und dort sich selbst überlassen. 
Inhaftierungen, getrennte Familien, gescheiterte Fluchtversuche. Ihre Odysseen führten sie schließlich alle nach 
Düsseldorf.
In Schulen sucht Ingo Toben nach Jugendlichen, die Interesse am Theater haben, sich ausprobieren wollen und 
auf diese Weise auch ein Ventil bekommen, sich mit ihren Erlebnissen auseinanderzusetzen. Indem sie anderen 
davon erzählen, bekommen sie oft zum ersten Mal das Gefühl, gehört zu werden und dass die Menschen sich für 
ihre Geschichten interessieren.
„Wir haben uns dafür Wendepunkte ausgesucht, die zum einen von außen kommen, und zum anderen solche, die 
unmittelbar aus einer eigenen Entscheidung resultieren“, erklärt Regisseur Toben das Konzept von „Turning 
Points“. Der intime Rahmen mit kleinem Publikum habe schon vor Corona festgestanden, erzählt er. „Wir wollten 
bewusst in den Dialog treten, und das ist nur möglich, wenn die Zahl der Gäste überschaubar bleibt“, fügt er hinzu.
Die Erinnerungen von Gulhan, Mohammad, Pooriya, Emad und Fahd berühren nicht zuletzt deshalb, weil sie so 
persönlich sind und vieles ungesagt bleibt: Heimweh, sich fremd zu fühlen, Angst um Angehörige zu haben und 
trotzdem an einem Ziel festzuhalten, wie Arzt zu werden, den Abschluss zu schaffen und die Brüder wiederzusehen 
– aber auch Freunde zu verlieren, sich für 1500 Kinder in einem türkischen Flüchtlingscamp einzusetzen, weil sie 
zur Schule gehen sollen, und vielleicht auch irgendwann in diesem Land anzukommen.
Es ist das dritte Stück mit jungen Migranten
Stück „Turning Points“ ist bis 7. November samstags, sonntags und mittwochs in der Planwerkstatt 378, Erkrather 
Straße 191 zu sehen. Weitere Infos zu Anfangszeiten und Tickets unter:
www.fft-duesseldorf.de
Regisseur Ingo Toben entwickelt am FFT experimentelle Live-Formate mit Kindern und Jugendlichen, die Elemente 
aus Performance, Konzert, Storytelling oder Film einbeziehen.
Ensemble Mit den Jugendlichen zwischen 16 und 22 Jahren, die ihre Heimatländer verlassen mussten, hat Ingo 
Toben nun bereits das dritte Stück realisiert."
2020-10,Main Corpus,2020-10(50).ZIP,Behörden fürchten Nachahmertaten Enthauptung eines Lehrers in Frankreich erhöht islamistische Terror.PDF,C:\PythonProjects\AfD-project\Corpora\Main Corpus\2020-10\raw_unarchive\Behörden fürchten Nachahmertaten Enthauptung eines Lehrers in Frankreich erhöht islamistische Terror.PDF,Behörden fürchten Nachahmertaten Enthauptung eines Lehrers in Frankreich erhöht islamistische Terrorgefahr,behörden fürchten nachahmertaten enthauptung eines lehrers in frankreich erhöht islamistische terrorgefahr,Der Tagesspiegel,der tagesspiegel,Montag 19. Oktober 2020,,TITEL FQT:SPÄT; S. 001; Ausg. Der Tagesspiegel Nr. 24335 VOM 19.10.2020 SEITE 001,426,3135,8fa99c4907eb2e45bd99910f92caa0c475c555ee,,unique,keep,,no,,no,,,4300,no,,,,,"Berlin - Das grausame islamistische Attentat auf einen Lehrer in Frankreich erschreckt die deutschen 
Sicherheitsbehörden. ""Wir sehen die Gefahr von Nachahmertaten"", sagte ein hochrangiger Experte dem 
Tagesspiegel. So eine Tat könne auch in Deutschland passieren. Am Freitag hatte ein 18 Jahre alter, russisch-
tschetschenischer Flüchtling im Pariser Vorort Conflans-Sainte-Honorine mit einem Metzgermesser den 
Geschichtslehrer Samuel Paty enthauptet. Tatmotiv war Hass auf den 47-jährigen Paty. Er hatte im Unterricht beim 
Thema Meinungsfreiheit die umstrittenen Mohammed-Karikaturen angesprochen.
Nach der Tat veröffentlichte der Mörder bei Twitter ein Foto des Opfers und Hassparolen gegen Paty sowie 
Frankreichs Staatspräsident Emmanuel Macron. Der Attentäter bedrohte zudem die ihn verfolgenden Polizisten und 
wurde erschossen. Der Anschlag löste über Frankreich hinaus Entsetzen aus und zeugt von der Gefahr durch die 
Wut radikalisierter Muslime über Mohammed-Karikaturen.
Macron sprach am Freitagabend in Conflans-Sainte-Honorine von einem ""islamistischen Terroranschlag"". Paty sei 
ermordet worden, weil er ""seine Schüler die Freiheit der Meinungsäußerung, die Freiheit zu glauben und nicht zu 
glauben lehrte"". Die deutschen Behörden haben die Sorge, der Anschlag könnte wegen der extremen Brutalität und 
des Motivs radikalisierte, durch Terrorvideos bereits aufgeputschte junge Muslime in Deutschland anstacheln. 
Karikaturen über den Propheten ""bleiben ein Zündfunke, der auch heute noch jederzeit überspringen kann"", warnte 
der Sicherheitsexperte.
Im September hatte bereits in Paris ein 18-jähriger Pakistaner mit einem Messer zwei Journalisten vor den früheren 
Büroräumen von ""Charlie Hebdo"" schwer verletzt. Kurz zuvor hatte die Zeitschrift Mohammed-Karikaturen 
veröffentlicht - als Kommentar zum Beginn des Prozesses gegen 13 Männer und eine Frau, die im Januar 2015 
den beiden Terroristen beim Anschlag auf ""Charlie Hebdo"" geholfen haben sollen. Die Islamisten von Al Qaida 
hatten zwölf Menschen erschossen, darunter mehrere Mitglieder der Redaktion. Der Angriff war ein Racheakt für 
die Publikation von Mohammed- Karikaturen.
Der Aufruhr bei Muslimen begann, nachdem die dänische Zeitung ""Jyllands Posten"" 2005 zwölf satirische 
Zeichnungen veröffentlicht hatte, in denen Mohammed gezeigt wird. In islamischen Ländern ist die Auffassung 
verbreitet, Mohammed dürfe nicht abgebildet werden, auch wenn im Koran kein solches Verbot zu finden ist. Die 
Karikaturen lösten in mehrheitlich islamischen Staaten heftige Proteste aus.

Behörden fürchten Nachahmertaten Enthauptung eines Lehrers in Frankreich erhöht islamistische Terrorgefahr
Die Wut richtete sich auch gegen Deutschland, da hier Zeitungen, darunter der Tagesspiegel, im Februar 2006 
Karikaturen aus der ""Jyllands Posten"" nachdruckten - als Bekenntnis zur Meinungsfreiheit. Die Medienhäuser 
gerieten auch in Gefahr. Im März 2006 drang in Berlin ein Pakistaner mit einem Messer in das Axel-Springer-Haus 
ein, um den damaligen Chefredakteur der ""Welt"", Roger Köppel, zu töten. Die Polizei stoppte den Angreifer. Frank 
Jansen
Seite 4
Graphic
 
R"
2020-10,Main Corpus,2020-10(50).ZIP,Bemerkenswert realistisch Jürgen Gottschlich über den Bericht des Auswärtigen Amts zur Türkei.PDF,C:\PythonProjects\AfD-project\Corpora\Main Corpus\2020-10\raw_unarchive\Bemerkenswert realistisch Jürgen Gottschlich über den Bericht des Auswärtigen Amts zur Türkei.PDF,Bemerkenswert realistisch; Jürgen Gottschlich über den Bericht des Auswärtigen Amts zur Türkei,bemerkenswert realistisch jürgen gottschlich über den bericht des auswärtigen amts zur türkei,"taz, die tageszeitung",taz die tageszeitung,Donnerstag 01. Oktober 2020,Jürgen Gottschlich,MEINUNG UND DISKUSSION; S. 12,304,2231,f5dc19c71133de54c5f81a52c95d784bc9a38954,,unique,drop,commentary_noncore,no,,no,,,3239,yes,commentary_noncore,,,,"Jürgen Gottschlich über den Bericht des Auswärtigen Amts zur Türkei
In der Türkei gibt es keine Meinungsfreiheit mehr, wer Kritik übt, wird schnell zum Terroristen, und die 
Unabhängigkeit der Justiz ist so weit abgeschafft, dass dieser vermeintliche Terrorist dann auch mit hoher 
Wahrscheinlichkeit verurteilt wird. Was Menschenrechtsorganisationen wie Amnesty International und Human 
Rights Watch schon seit Jahren beschreiben, ist jetzt auch in einem offiziellen Papier des Auswärtigen Amts so 
bestätigt worden. Das Bemerkenswerteste dabei ist, dass das AA dies nicht nur in einem folgenlosen 
Diskussionspapier so formuliert, sondern in einem internen Bericht an das Bundesamt für die Anerkennung 
politischer Flüchtlinge.
Wer einmal intensiver Asylverfahren beobachtet hat, weiß, dass die Stellungnahmen des AA zu dem Herkunftsland 
der Asylsuchenden in der Regel eher schwammig formuliert sind. Man will schließlich nicht mehr anerkannte 
AsylbewerberInnen produzieren als unbedingt nötig. Die jetzige Hintergrundbeschreibung für die Entscheider am 
BAMF zur Situation in der Türkei ist dagegen bemerkenswert realistisch. Entsprechend hoch ist im Moment auch 
die Anerkennungsquote von rund 50 Prozent für Asylsuchende aus der Türkei.
Zu diesem Realismus hat sicher beigetragen, dass die Situation in Sachen Meinungsfreiheit und Rechtsstaatlichkeit 
seit dem abgewehrten Putsch im Sommer 2016 kaum noch schöngeredet werden kann. Selbst der türkische 
Vertragsanwalt der deutschen Botschaft in Ankara landete im Knast. Entscheidend dürfte aber auch der langjährige 
deutsche Botschafter in der Türkei, Martin Erdmann, gewesen sein, der in seiner Zeit von 2015 bis August 2020 in 
den Prozessen gegen deutsche und deutsch-türkische JournalistInnen selbst erleben musste, wie schnell man bei 
der türkischen Regierung und ihrer Justiz zum Terroristen gestempelt wird. Seine Expertise wird in die 
Stellungnahme des AA eingeflossen sein. In der Türkei dürfte sie wenig Eindruck machen, aber Asylsuchende 
können hoffen, beim Asylbundesamt oder spätestens bei den zuständigen Verwaltungsgerichten auf Verständnis 
zu stoßen.
inland

Bemerkenswert realistisch; Jürgen Gottschlich über den Bericht des Auswärtigen Amts zur Türkei"
2020-10,Main Corpus,2020-10(50).ZIP,Corona erschwert auch die Integration Sprache ist der Schlüssel für Einwanderer – beim Gipfel mit de.PDF,C:\PythonProjects\AfD-project\Corpora\Main Corpus\2020-10\raw_unarchive\Corona erschwert auch die Integration Sprache ist der Schlüssel für Einwanderer – beim Gipfel mit de.PDF,Corona erschwert auch die Integration Sprache ist der Schlüssel für Einwanderer – beim Gipfel mit der,corona erschwert auch die integration sprache ist der schlüssel für einwanderer  beim gipfel mit der,Rheinische Post,rheinische post,Dienstag 20. Oktober 2020,,S. 4,475,3447,e8055cc79373c3a2102c756a2ace8a3fb68d5f9e,,unique,keep,,no,,no,,,4485,no,,,,,"Holger Möhle
Berlin Das eine Zauberwort: Integration. Das andere: digital. Und dann gibt es noch ein drittes: Zusammenhalt. 
Angela Merkel hat an diesem Montag in ihren Instrumentenkasten geguckt. Und siehe da, Corona belastet auch die 
Eingliederung von Migranten, Zuwanderern und Geflüchteten in Deutschland. Es ist angerichtet für den nächsten 
Integrationsgipfel im Kanzleramt.
Normalerweise sind bei solchen Treffen im großen Saal der Regierungszentrale alle Plätze besetzt. Vertreter von 
Migrantenorganisationen, von Sozialverbänden, aus der Wirtschaft und dem Sport geben sich die Hand. Eigentlich. 
Doch der Integrationsgipfel tagt im Format einer Videokonferenz. Arbeitsminister Hubertus Heil ist in Quarantäne 
und wird von Familienministerin Franziska Giffey vertreten. Die Integrationsbeauftragte der Bundesregierung, 
Annette Widmann-Mauz, ist gleichfalls in Corona-Zwangsauszeit, aber zugeschaltet.
Zum zwölften Mal hat die Bundesregierung zum Integrationsgipfel geladen. Merkel weist gleich zum Auftakt auf die 
besonderen Zeiten und Umstände hin. „So aufmerksam, wie wir sein müssen, um Gesundheit und das Leben 
unserer Mitmenschen zu schützen, so aufmerksam müssen wir zugleich sein, dass auch der Zusammenhalt in 
dieser schwierigen Zeit stark bleibt“, so die Regierungschefin. Und leitet dann gleich auf die Situation von Migranten 
über: „Die Pandemie trifft uns alle, aber man muss schon sagen: unterschiedlich hart.“ Einwanderern falle es 
gerade aufgrund der Corona-Einschränkungen schwerer, in Deutschland Fuß zu fassen, etwa weil Sprachkurse 
nicht als Präsenzunterricht angeboten werden könnten.
Die Integrations-Staatsministerin Widmann-Mauz verweist darauf, dass gerade zu Beginn der Pandemie nahezu 
alle Kurse „komplett runtergefahren“ worden seien und man erst jetzt langsam wieder anfahre, auch digital. Aber es 
gelte die alte Erkenntnis: „Nichts ersetzt in der Integrationsarbeit die persönliche Begegnung.“

Corona erschwert auch die Integration Sprache ist der Schlüssel für Einwanderer – beim Gipfel mit der 
Kanzlerin sind die aktuellen Probleme Thema.
Immer wieder betonen Merkel, Widmann-Mauz, Giffey oder Memet Kiliç vom Bundeszuwanderungs- und 
Integrationsrat der Schlüssel für Einwanderer in ihrem neuen Land: Sprache, Sprache, Sprache. Giffey verweist 
allein auf 7000 Sprach-Kitas, verteilt auf die gesamte Republik. Auch Merkel erklärt, der Präsenzbetrieb in Kitas 
und Schulen sei für Kinder von Einwanderern „natürlich sehr, sehr wichtig“. Bildung als Türöffner, Sprache als 
Schlüssel betont denn auch Kiliç. Über Sprache und Bildung also dann hinein in das Einwanderungsland 
Deutschland.
Wie hieß es früher: Deutschland, das Land ohne nennenswerte Rohstoffe, brauche jedes Talent. Widmann-Mauz 
verweist auf Hunderttausende Frauen und Männer mit einer Einwanderungsgeschichte, die jetzt in Zeiten von 
Corona „unser Land am Laufen halten“: als Ärztinnen und Ärzte, als Pflegerinnen und Pfleger, als Beschäftigte im 
Handel.
Und dann ist noch dieser eine Satz, den Kiliç noch einmal zitiert: „Wir schaffen das!“ Merkel bemüht sich um 
neutrale Miene. „Ein Satz, der uns bis heute prägt. Sie haben zu Recht Mut gemacht“, sagt Kiliç. Die Kanzlerin ist 
gedanklich schon beim Folgetreffen, Nummer 13. Sie hoffe, „dass sich die 13 als Glückszahl erweist und wir den 
13. Integrationsgipfel wieder persönlich im Bundeskanzleramt durchführen können“. Corona wäre in diesem Fall 
zumindest eingedämmt."
2020-10,Main Corpus,2020-10(50).ZIP,Corona verschärft Ungleichheiten Am Montag tagte der 12. Integrationsgipfel. Fassbare Ergebnisse bra.PDF,C:\PythonProjects\AfD-project\Corpora\Main Corpus\2020-10\raw_unarchive\Corona verschärft Ungleichheiten Am Montag tagte der 12. Integrationsgipfel. Fassbare Ergebnisse bra.PDF,Corona verschärft Ungleichheiten Am Montag tagte der 12. Integrationsgipfel. Fassbare Ergebnisse brachte er,corona verschärft ungleichheiten am montag tagte der 12 integrationsgipfel fassbare ergebnisse brachte er,"taz, die tageszeitung",taz die tageszeitung,Dienstag 20. Oktober 2020,Stefan Reinecke,AKTUELLES; S. 2,681,5159,08fd40572b3d9dc6b28e6b7798bf9df61fb4ed0f,,unique,keep,,no,,no,,,7219,no,,,,,"Von Stefan Reinecke
Die Zahlen sind eindeutig: Die Corona-Einschränkungen treffen MigrantInnen besonders hart. So ist die 
Arbeitslosigkeit unter den Zugewanderten stärker gestiegen als bei Deutschen. Ein Drittel jener, die in Deutschland 
seit dem Lockdown im März ihre Arbeit verloren, hat eine ausländische Staatsbürgerschaft. In Österreich sind es 
41, in der Schweiz 46 Prozent.
Diese Zahlen hat die OECD ermittelt. Sie fand zudem heraus, dass die Coronapandemie die Integration von 
MigrantInnen in den Arbeitsmarkt erheblich erschwert. Ein Grund: Sie sind weit häufiger als Einheimische im 
Gastgewerbe, in Restaurants und ähnlichen Jobs beschäftigt, die besonders stark vom Lockdown betroffen waren. 
Die Möglichkeit, im Homeoffice zu arbeiten, steht Eingewanderten hingegen deutlich seltener zur Verfügung. Sie 
leben zudem öfter auf engem Raum und jobben in Branchen mit hohem Ansteckungsrisiko, etwa der 
Fleischindustrie. Beides sind Gründe, warum die Ansteckungsgefahr für Zuwanderer größer ist für Einheimische. 
Corona, so das Resümee der Studie, verschärft bestehende Ungleichheiten. Zu den 30 Mitgliedsländern der OECD 
gehören neben den EU-Ländern unter anderem Australien, Japan, die Türkei und die USA.
Zeitgleich zur Veröffentlichung der Studie am Montag fand der 12. Integrationsgipfel statt, dessen zentrales Thema 
die Auswirkungen der Coronapandemie auf MigrantInnen in Deutschland war. An den Integrationsgipfeln nehmen 
300 Akteure teil aus der Bundesregierung, migrantischen Verbänden und zivilgesellschaftlichen Organisationen.
Angela Merkel betonte vor der Presse, dass die Regierung besonderen Wert darauf legt, dass die Integration 
keinen Schaden nimmt. Man wolle mit den Phasen zwei und drei des Nationalen Aktionsplans Integration 
Ankommen und Eingliederung ermöglichen. Doch das Problem ist ein doppeltes: Wer einen Job hat, verliert ihn 
leichter. Und MigrantInnen haben es schwerer anzukommen, etwa weil Sprachkurse im Frühsommer komplett 

Corona verschärft Ungleichheiten Am Montag tagte der 12. Integrationsgipfel. Fassbare Ergebnisse brachte er 
nicht. Kritiker beklagen zu wenig Einsatz der Bundes....
ausfielen. Das Bild, das Integrationsstaatsministerin Annette Widmann-Mauz zeichnete, ähnelt dem OECD-Befund: 
Die Coronapandemie trifft gerade Menschen mit Einwanderungsgeschichte und Geflüchtete hart. Sie arbeiten oft in 
Branchen, die besonders mit den wirtschaftlichen Folgen der Pandemie zu kämpfen haben. Widmann-Mauz will im 
Rahmen des Nationalen Aktionsplans eine Digitaloffensive in Gang setzen. Sie nannte zwei Schwerpunkte: Es 
gehe darum mit digitalen Integrationskursen, Sprachförderung und gezielter Beratung in sozialen Netzwerken vor 
allem Frauen beim Berufseinstieg und der Arbeitsmarktintegration zu unterstützen . Dabei soll kommunales 
Integrationsmanagement helfen. Man dürfe trotz Corona bei der Integration keine Zeit verlieren . Widmann-Mauz 
erwähnte, allerdings ohne konkret zu werden, die Notwendigkeit, dass berufliche Qualifikationen von MigrantInnen 
schneller anerkannt werden sollen. Insgesamt hat der Gipfel Absichtserklärungen, aber keine fassbaren Ergebnisse 
gebracht.
Und es gibt auch Kritik. Die grüne Bundestagsabgeordnete Filiz Polat hält es zwar für richtig, dass die 
Bundesregierung den Bedarf nach digitalen Integrationsangeboten in Pandemiezeiten sieht. Gleichzeitig aber 
kürze das Innenministerium Mittel bei Integrationskursen und wichtigen Projekten zur Integration vor Ort .
Dass ausgerechnet Innenminister Horst Seehofer (CSU) bei dem Gipfel nicht erschien, stieß auf Kritik. Aziz 
Bozkurt, Chef der AG Migration und Vielfalt in der SPD, hält Seehofers Abwesenheit für einen Ausdruck von 
fehlendem Interesse . Außerdem sei die Schwerpunktsetzung der Bundesregierung verfehlt. Wir haben erlebt, wie 
mit der ersten Coronawelle Flüchtlingsunterkünfte und insbesondere die Ankerzentren zu Coronahotspots wurden 
und sogar Menschenleben kosteten , so Bozkurt zur taz. Es sei schön und gut, dass die Integrationsbeauftragte 
der Bundesregierung Widmann-Mauz den Blick auf Schwächen bei der Digitalisierung der Integrationskurse legt , 
viel wichtiger aber sei es, die Ankerzentren aufzulösen, an denen die Union indes unbedingt festhalten wolle. 
Selbst zu Coronazeiten kommt der Integrationsgipfel aus der Kategorie hübsche Hochglanzveranstaltung nicht 
hinaus , so Bozkurt.
Der zweite Kritikpunkt: Das Thema Rechtsextremismus, das beim letzten Gipfel noch ein Schwerpunkt war, spielte 
keine Rolle. Es wäre ein gutes Zeichen für unsere Einwanderungsgesellschaft gewesen, hätte die 
Bundesregierung heute einen Ausblick über Vorhaben beim Kampf gegen rechts präsentieren können. Der Union 
fehle da der Wille, so Bozkurt.
Ferda Ataman, Mitbegründerin des Vereins Neue Deutsche Medienmacher, hält es zwar für gut, dass sich die 
Bundeskanzlerin während der Pandemie Zeit für den Dialog nimmt . Der Gipfel zeige aber, dass die Regierung 
immer noch ein Integrationsverständnis aus den 90er Jahren pflegt und Ausländern Deutsch beibringen will . Der 
Kampf gegen Rassismus komme zu kurz.
Ausgerechnet der Innenminister, Horst Seehofer, fehlte beim Integrationsgipfel"
2020-10,Main Corpus,2020-10(50).ZIP,"Corona-Ausbruch mit Ansage 70 Geflüchtete, die in Hamburgs Erstaufnahme untergebracht waren, haben s.PDF","C:\PythonProjects\AfD-project\Corpora\Main Corpus\2020-10\raw_unarchive\Corona-Ausbruch mit Ansage 70 Geflüchtete, die in Hamburgs Erstaufnahme untergebracht waren, haben s.PDF","Corona-Ausbruch mit Ansage; 70 Geflüchtete, die in Hamburgs Erstaufnahme untergebracht waren, haben",coronaausbruch mit ansage 70 geflüchtete die in hamburgs erstaufnahme untergebracht waren haben,"taz, die tageszeitung",taz die tageszeitung,Donnerstag 29. Oktober 2020,Marthe Ruddat,NORD AKTUELL; S. 25,805,5940,5634c25b7a4eb9d7684c4a307e3d0266aa6e7237,,unique,keep,,no,,no,,,7490,no,,,,,"Von Marthe Ruddat
Es ist das eingetreten, wovor viele schon lange und immer wieder gewarnt haben: Im sogenanntem 
Ankunftszentrum in Hamburg-Rahlstedt haben sich Dutzende Menschen mit dem Coronavirus infiziert. Nachdem 
der Flüchtlingsrat am Dienstag auf den Ausbruch aufmerksam gemacht hatte, bestätigte die Innenbehörde, dass es 
in der vergangenen Woche mehrere Coronafälle in der Unterkunft gegeben habe. 70 von 277 Bewohner*innen 
seien positiv getestet worden. Ein Behördensprecher sagte am Dienstag, alle Infizierten hätten sehr milde 
Krankheitsverläufe oder keine Symptome.
In Rahlstedt leben die Menschen in Hallen. Die einzelnen Zimmer sind durch Leichtbauwände, die nicht bis zur 
Decke reichen, abgetrennt. Manche haben nicht einmal Fenster. Einige Geflüchtete leben dort monatelang. 
Geflüchtete selbst und Flüchtlingsorganisationen kritisieren diese Art der Unterbringung schon seit Eröffnung der 
Einrichtung als unzumutbar.
Mit Blick auf die Pandemie verschärfte sich diese Kritik noch einmal. Wir haben schon im Frühjahr die Auflösung 
solcher Lager gefordert , sagt Heiko Habbe von der Rechtshilfe und Beratungsstelle Fluchtpunkt. Geflüchtete 
haben hier kaum eine Chance, sich gegen eine Infektion zu schützen. Sie sind gezwungen, Schlaf- und 
Sanitärbereiche miteinander zu teilen. Der Ausbruch in Rahlstedt sei ein Desaster mit Ansage.
Auch der Flüchtlingsrat Hamburg hatte sich bereits im März mit einem offenen Brief an Bürgermeister Peter 
Tschentscher (SPD) gewandt und gefordert, die Belegung in den Unterkünften zu entzerren. Die Menschen 

Corona-Ausbruch mit Ansage; 70 Geflüchtete, die in Hamburgs Erstaufnahme untergebracht waren, haben 
sich mit dem Coronavirus infiziert. 277 Menschen müssen in Q....
müssten in kleineren, dezentralen Unterkünften und Wohnungen untergebracht werden. Der Flüchtlingsrat kritisiert 
angesichts des aktuellen Ausbruchs, dass die Stadt Unterkünfte schließt, statt Menschen aus Sammelunterkünften 
dorthin zu verlegen. Das Lagebild Flüchtlinge der Stadt listet aktuell drei Unterkünfte als Reserve- oder 
Notfallstandorte auf. Diese sind außer Betrieb , wobei eine der Unterkünfte als Quarantänestandort genutzt wird.
Dass das Übertragungsrisiko in Aufnahmeeinrichtungen und Gemeinschaftsunterkünften besonders hoch sei, da 
hier viele Menschen auf engem Raum zusammenleben und Wohn-, Küchen-, Ess- und Sanitärräume gemeinsam 
nutzen , schreibt auch das Robert-Koch-Institut in seinen Empfehlungen für Gesundheitsämter zu Prävention und 
Management von Covid-19-Erkrankungen in Aufnahmeeinrichtungen und Gemeinschaftsunterkünften für 
Schutzsuchende .
Carola Ensslen, flüchtlingspolitische Sprecherin der Linksfraktion in der Bürgerschaft, wirft dem Senat vor, grob 
fahrlässig zu handeln, indem dieser sämtliche Forderungen nach einer entzerrten Belegung in den Unterkünften 
ignoriere. Der Ausbruch in Rahlstedt sei das Resultat dieser Ignoranz. Ensslen fordert, Erkenntnisse aus Studien 
und des RKI endlich ernst zu nehmen.
Das RKI empfiehlt unter anderem dringend , die Quarantäne von gesamten Aufnahmeeinrichtungen und 
Gemeinschaftsunterkünften zu verhindern. Genau das passiert aber in Rahlstedt. Laut Innenbehörde wurde für alle 
an dem Standort untergebrachten Personen vorsorglich Quarantäne angeordnet. Alle sollen getestet werden. Die 
mit Corona infizierten Menschen wurden laut Behörde zu dem extra eingerichteten Quarantänestandort gebracht, 
ebenso wie die Kontaktpersonen der Kategorie 1. Sie würden dort isoliert untergebracht.
Es ist nicht das erste Mal, dass eine solche komplette Quarantäne angeordnet wird. In der Hamburger Unterkunft 
Curslacker Neuer Deich standen nach Auskunft der Sozialbehörde bis zum 17. Oktober 330 Bewohner*innen unter 
zwei Wochen andauernder Quarantäne. Neun Personen waren dort insgesamt positiv getestet und ebenfalls zu 
einem Quarantänestandort gebracht worden.
Heiko Habbe findet, es sei eine hilflose Maßnahme, die Menschen, die sich infiziert haben, an einem anderen 
Standort zu isolieren aber die übrigen lässt man in ihrer Unterkunft in Quarantäne, bis sich der nächste Ausbruch 
zeigt . Das verschärfe das Ansteckungsrisiko noch.
Ein Sprecher der Innenbehörde sagte, es gebe umfangreiche Schutz- und Vorsorgemaßnahmen für die Menschen 
im Ankunftszentrum, in den Erstaufnahmen und in der öffentlich-rechtlichen Unterbringung. Welche Maßnahmen 
die Innenbehörde in Rahlstedt konkret ergriffen hat, um die Bewohner*innen vor einer Ansteckung und der 
Verbreitung des Virus zu schützen, ließ die Behörde auf Anfrage der taz bis Redaktionsschluss aber unbeantwortet. 
Die Sozialbehörde, die für die Folgeunterkünfte zuständig ist, lässt die Frage ebenfalls offen, da diese Teil einer 
kleinen Anfrage der Linksfraktion sei, die man erst beantworten wolle.
Dass die Strategie der Stadt, neu ankommende Menschen zu testen und gegebenenfalls zu isolieren, nicht genüge, 
war laut Habbe absehbar. Es war eine Frage der Zeit, bis sich jemand im Bus, im Sprachkurs, bei der Arbeit 
infiziert , sagt er. Und er verweist darauf, dass die angeordnete Quarantäne für das Asylverfahren einiger 
Menschen Folgen haben könnte.
Denn als die Quarantäne in Rahlstedt verhängt wurde, seien Ablehnungsbescheide schon unterwegs gewesen und 
nun in der Quarantäne zugestellt worden. Die Betroffenen können jetzt weder das Gericht noch Anwält*innen oder 
Beratungsstellen aufsuchen und deshalb keinen Rechtsschutz suchen , sagt er. Er hoffe darauf, dass eine 
Regelung mit dem Bundesamt für Migration und Flüchtlinge gefunden werde, aber erst einmal führt das dazu, dass 
Klagefristen ablaufen und Bescheide gültig werden .
1 
 Wir haben schon im Frühjahr die Auflösung solcher Lager gefordert. Geflüchtete haben hier kaum eine Chance, 
sich gegen eine Infektion zu schützen 
Corona-Ausbruch mit Ansage; 70 Geflüchtete, die in Hamburgs Erstaufnahme untergebracht waren, haben 
sich mit dem Coronavirus infiziert. 277 Menschen müssen in Q...."
2020-10,Main Corpus,2020-10(50).ZIP,"Dem Leid ins Gesicht sehen Europa verschließt sich gern dem Flüchtlingsproblem, wenn es sich nicht v.PDF","C:\PythonProjects\AfD-project\Corpora\Main Corpus\2020-10\raw_unarchive\Dem Leid ins Gesicht sehen Europa verschließt sich gern dem Flüchtlingsproblem, wenn es sich nicht v.PDF","Dem Leid ins Gesicht sehen; Europa verschließt sich gern dem Flüchtlingsproblem, wenn es sich nicht vor der",dem leid ins gesicht sehen europa verschliesst sich gern dem flüchtlingsproblem wenn es sich nicht vor der,"taz, die tageszeitung",taz die tageszeitung,Freitag 16. Oktober 2020,Wasil Schauseil,MEINUNG UND DISKUSSION; S. 12,853,6243,2c4d8229ee168f587bc7590607cffee33878beeb,,unique,keep,,no,,no,,,7851,yes,commentary_noncore,,,,"debatte
Während die Zerstörung des Flüchtlingslagers Moria und die türkische Grenzöffnung vor einigen Monaten aller Welt 
vor Augen führte, wie brüchig Griechenland als äußerer Wall der Festung Europas tatsächlich ist und wie brutal das 
Schicksal derer, die zum Spielball politischer Hahnenkämpfe werden, deutet das Ausmaß der öffentlichen 
Empörung zugleich daraufhin, wie erschreckend gut die europäische Externalisierung der Außengrenzen auf den 
afrikanischen Kontinent funktioniert. Das soll nicht heißen, dass die europäische Migrationspolitik in Afrika 
erfolgreich Fluchtursachen bekämpft oder die forcierte Schließung von Grenzen und Kriminalisierung der Migration 
durch afrikanische Regierungen nicht zu unerwartetem Widerstand und großem Leid führen würde. Es soll heißen, 
dass die vermeintliche Externalisierung des Flüchtlingsproblems durch Europa einen Zweck erfolgreich erfüllt: aus 
den Augen, aus dem Sinn.
Als Anfang Januar dieses Jahres unweit der nigrischen Stadt Agadez ein UNHCR-Flüchtlingslager in Flammen 
aufging, hörte hier kaum jemand davon. Die Berichterstattung in Deutschland darüber war praktisch nicht existent. 
Die hiesige Öffentlichkeit interessiert sich nicht für das Schicksal von Geflüchteten, die sich abseits des Mittelmeers 
in endlosen unerträglichen Warteschleifen gefangen sehen.
Wie auf Lesbos wurde den Menschen in Niger vorgeworfen, das Lager aus Protest angezündet zu haben, um den 
UNHCR und die nigrische Regierung dazu zu zwingen, den Flüchtlingen die Weiterreise in andere Länder zu 
ermöglichen. Entsprechend waren die Reaktionen der verantwortlichen Stellen: Von einem unverantwortlichen Akt, 
von Vandalismus und dem Versuch der Erpressung war die Rede.
Dem Brand in Agadez vorausgegangen waren anhaltende Proteste gegen die schlechten Lebensbedingungen für 
Geflüchtete in Niger und die Vernachlässigung ihrer Asylanträge. Entgegen der Lesart des UNHCR, wonach die 

Dem Leid ins Gesicht sehen; Europa verschließt sich gern dem Flüchtlingsproblem, wenn es sich nicht vor der 
Haustür abspielt. Eine Bekämpfung der Fluchtursachen....
Proteste nur das Ziel hatten, eine schnelle Umsiedlung in andere Länder einzufordern, widersprach ein ehemaliger 
Mitarbeiter gegenüber dem New Humanitarian: Sie führen die Umsiedlung immer wieder als eine Art Strohmann 
an, um von der Tatsache abzulenken, dass diese Menschen vernachlässigt wurden. 
Die im Lager lebenden Menschen waren durch den Emergency Transit Mechanism (ETM), den der UNHCR 2017 
einrichtete, aus Libyen evakuiert worden. Von den insgesamt 57.000 registrierten Flüchtlingen in Libyen wurden bis 
März dieses Jahres ganze 3.080 Flüchtlinge nach Niger ausgeflogen. Kaum ein afrikanisches Land erklärte sich 
bereit, für die EU zum Aufnahmelager zu werden. Die Regierung Nigers, die zu diesem Zeitpunkt schon 1 Milliarde 
Euro von europäischen Regierungen für die Kooperation in Migrationsfragen bekommen hatte, bot sich lediglich als 
temporäres Aufnahmeland an. Sie bestand auch darauf, selbst die Schutzbedürftigkeit aller Menschen zu 
kontrollieren, die aus dem Lager umgesiedelt werden sollten unabhängig vom UNHCR. Die Flüchtlingshilfe der 
Vereinten Nationen stößt in Europa an Wände, wenn es um die Umsetzung der ETM geht, die den Menschen in 
den libyschen Flüchtlingslagern eine Perspektive verschaffen sollte. Viele warteten zum Zeitpunkt des 
Feuerausbruchs schon zwei Jahre und länger auf verlässliche Informationen zu ihrem Asylverfahren.
Ihre Forderung für ein Leben in Sicherheit und Würde, für die sie auf die Straßen von Agadez zogen, kommt 
deshalb wenig überraschend. Am 4. Januar 2020 lösten nigrische Sicherheitskräfte das Sit-in mit brutaler Gewalt 
auf. Ein Video zeigt, wie eine Person von Sicherheitskräften von einem Gebäude geworfen wurde. Hunderte 
Demonstranten wurden verhaftet, alle anderen zurück ins Lager gebracht. Damit brach der Protest nicht ab. 
Augenzeugen berichten von erneuter Eskalation der Gewalt und dem Einsatz von Tränengasgranaten. Ein Feuer 
brach aus und zerstörte den Großteil der Unterkünfte. Für die nigrische Regierung sowie UNHCR-Offizielle war 
schnell ausgemacht, dass es sich um vorsätzliche Brandstiftung handelte. Anders interpretiert handelte es sich um 
einen Akt der Verzweiflung gegenüber der repressiven Politik der nigrischen Behörden. Geflüchtete aus dem Sudan 
machten die Tränengasgranaten der Sicherheitskräfte für das Feuer verantwortlich.
Nach einer Logik der kollektiven Bestrafung nahm die nigrische Regierung mindestens 335 Menschen in Haft, 
während die Leiterin des Lagers, Alexandra Morelli, betont emotional erklärte, dass sie sich verraten fühle, als eine 
Mutter, die an ihre Kinder geglaubt hatte . In Solidarität mit den nigrischen Behörden arbeitet sie an der Aufklärung 
dieser unsäglichen Tat. In Agadez blieben die Menschen außerhalb des abgebrannten Lagers wochenlang in 
Notunterkünften dem harschen Klima der Wüste ausgeliefert, während der UNHCR auf Genehmigung für die 
Errichtung vorübergehender Unterkünfte wartete. Laut der Irish Times dauerten die Proteste bis zum August an. 
Über einhundert Menschen wurden strafrechtlich verurteilt.
Die Schuldfrage scheint in Moria ebenso schnell geklärt worden zu sein wie die in Agadez. Die griechische 
Regierung ist in guter Gesellschaft mit ihrer Haltung, dass nicht die unhaltbaren Zustände in den Lagern und die 
Hoffnungslosigkeit Grund für die Verzweiflung der Menschen ist, sondern die undankbare Haltung und kriminelle 
Aktionen der Schutzsuchenden. Hier wird nicht nach Ursachen gesucht, sondern nach Sündenböcken.
So beherrscht eine Logik der Abschottung ungebrochen die europäische Migrationspolitik, selbst jene Maßnahmen, 
die zur vermeintlichen Bekämpfung von Fluchtursachen verfolgt werden. Eines scheint sicher: Moria kann nicht 
mehr so schnell unter den Teppich gekehrt werden. Agadez hingegen schon.
Als im Januar unweit von Agadez ein Flüchtlingslager in Flammen aufging, hörte hier kaum jemand davon
Wasil Schauseil
lebt und arbeitet als freier Journalist und Filmemacher in Berlin. Als Mitherausgeber des Magazins antikrieg.org und 
Regionalredakteur für migration-control.info untersucht er die Auswirkungen des europäischen Grenzregimes auf 
dem afrikanischen Kontinent."
2020-10,Main Corpus,2020-10(50).ZIP,Der getrübte Blick Seit 2000 ist bekannt_ Die offizielle Zahl rechter Morde ist zu niedrig. Doch nic.PDF,C:\PythonProjects\AfD-project\Corpora\Main Corpus\2020-10\raw_unarchive\Der getrübte Blick Seit 2000 ist bekannt_ Die offizielle Zahl rechter Morde ist zu niedrig. Doch nic.PDF,Der getrübte Blick Seit 2000 ist bekannt: Die offizielle Zahl rechter Morde ist zu niedrig. Doch nicht alle Länder,der getrübte blick seit 2000 ist bekannt die offizielle zahl rechter morde ist zu niedrig doch nicht alle länder,Der Tagesspiegel,der tagesspiegel,Donnerstag 1. Oktober 2020,Frank Jansen und Heike Kleffner,SONDERTHEMEN FQT:SPÄT; S. 006; Ausg. Der Tagesspiegel Nr. 24318 VOM 01.10.2020 SEITE 006,1169,8188,e71d990662e13c6f51e2167325a268879bc95ab3,,unique,keep,,no,,no,,,9474,no,,,,,"Die Mörder kommen mit Schusswaffen, Bomben, Messern, Baseballschlägern, Hämmern, Eisenstangen, 
Brandsätzen. Sie töten nur mit ihren Fäusten und Füßen, die in schweren Stiefeln und auch unauffälligen 
Halbschuhen stecken. Oder sie treiben ihre Opfer in den Tod durch Ertrinken in einem Gewässer. Rechtsextreme 
Gewalttäter sind in der Wahl ihrer Mittel auf zynische Weise flexibel. Die Opfer, fast immer schwächer als die 
Angreifer, haben keine Chance.
Die Gewalt trifft jeden. Flüchtlinge wie den 1991 verbrannten Samuel Yeboah, Linke wie den 1992 erstochenen 
Hausbesetzer Silvio Meier, Punks wie den 1996 zu Tode getretenen Sven Beuter, Polizisten wie den 1997 
erschossenen Stefan Grage, Obdachlose wie den 2001 zu Tode gefolterten Dieter Manzke, geistig Behinderte wie 
den 2003 totgetretenen Andreas Oertel, Schwule wie den 2018 erschlagenen Christopher W. Auch eine 
schwangere Frau wie Marwa al Sherbini wird attackiert, ein Rassist ersticht sie 2009 im Landgericht Dresden. 2019 
stirbt beim ersten tödlichen rechtsextremen Attentat auf einen Politiker in der Geschichte der Bundesrepublik Walter 
Lübcke, Regierungspräsident von Kassel. Niemand kann sich sicher fühlen.
Seit der Wiedervereinigung haben rechte Täter mindestens 187 Menschen getötet. Das ergibt eine 
Langzeitrecherche des Tagesspiegels, die vor 20 Jahren begann, im September 2000 mit einer Auflistung von 93 
Todesopfern rechter Gewalt seit Oktober 1990. Die offizielle Zahl war viel geringer: 24 Menschen hatten aus Sicht 
der Polizei ihr Leben bei Angriffen rechter Täter verloren. Zwei Jahrzehnte später ist die Lücke zwischen der 
offiziellen Bilanz und den Recherchen der Zeitung nicht mehr ganz so groß, bleibt aber verstörend.
Nachdem im Februar der Rassist Tobias Rathjen in Hanau neun junge Männer und Frauen aus 
Einwandererfamilien erschoss, kommt die Polizei auf insgesamt 109 Todesopfer rechter Gewalt seit der 
Wiedervereinigung. Ohne die Recherchen des Tagesspiegels, der erst mit der ""Frankfurter Rundschau"" kooperierte 
und jetzt mit ""Zeit Online"", wären jedoch Dutzende der 109 Toten bis heute nicht offiziell als Opfer rechter Täter 
anerkannt. Nur durch den Druck der Medien, unterstützt durch zivilgesellschaftliche Initiativen wie den Potsdamer 
Verein Opferperspektive und begleitet durch hartnäckige Fragen vor allem linker und grüner Abgeordneter, hat sich 
etwas bewegt.

Der getrübte Blick Seit 2000 ist bekannt: Die offizielle Zahl rechter Morde ist zu niedrig. Doch nicht alle Länder 
schauen hin
Der Befund ist heute ähnlich wie 2000: Viele Länder tun sich schwer, das Ausmaß mörderischer Gewalt von rechts 
wahrzunehmen. Oft dauert es jahrelang, bis Tötungsdelikte als politisch motiviert eingestuft werden. Die Republik 
leistet sich oft einen getrübten Blick. Die Sehkraft variiert indes je nach Behörde und Minister.
Der erste Politiker, der die Diskrepanz zwischen offizieller und zivilgesellschaftlicher Zahl von Toten nicht hinnahm, 
war Otto Schily (SPD), im September 2000 Bundesinnenminister. Er gab auf Anfrage schon am Tag vor der ersten 
Sonderveröffentlichung von Tagesspiegel und ""Frankfurter Rundschau"" zu, es gebe ""Erfassungsdefizite"". Schily 
redete dann energisch auf Länderkollegen ein. Mit Erfolg.
Obwohl sich die Länder nur ungern vom Bund ermahnen lassen, wurden Altfälle als rechte Gewalt nachgemeldet. 
Schon im November 2000 konnte Schily verkünden, die offizielle Zahl der Todesopfer sei 36. Das waren 50 Prozent 
mehr als im September. Aber die nachgemeldeten Fälle waren auch zu heftig, um weiter als unpolitisch abgetan zu 
werden. Ein Beispiel: Berlin und Schleswig-Holstein hatten die Anschläge des Neonazis Kay Diesner nicht 
gemeldet. Diesner hatte im Februar 1997 in Berlin einen linken Buchhändler angeschossen und auf der Flucht in 
Schleswig-Holstein mit seiner Pumpgun den Polizisten Stefan Grage getötet. Ein weiterer Beamter wurde schwer 
verletzt. Das Landgericht Lübeck verurteilte Diesner zu lebenslanger Haft und bescheinigte ihm besondere 
Schwere der Schuld. Die Richter sahen bei Diesner ""übles rechtsradikales Gedankengut"". Dennoch wurde der Fall 
erst Ende 2000 als rechter Mord eingestuft.
Nachdem Schily die Länderkollegen angetrieben hatte, tat sich lange Zeit nicht viel. Hier und da wurden Fälle 
nachgemeldet, der Tagesspiegel nannte in weiteren Sonderveröffentlichungen stetig wachsende Zahlen bei 
Todesopfern rechter Gewalt. Doch es war zu ahnen: Erst bei extremen Tragödien wird der Staat den Blick auf die 
mörderische Dimension des Rechtsextremismus wieder weiten. Die Tragödie, die dann im November 2011 
schockartig der Republik bewusst wurde, obwohl sie lange schwelte, war der NSU.
Nach dem dramatischen Ende der Terrorzelle, die zehn Menschen ermordet hatte, begannen Minister und 
Behörden in einigen Ländern umzudenken. Der Fall NSU belegte, dass Sicherheitsbehörden versagt hatten und die 
Wahrnehmung rechter Gewalt unterentwickelt war. Kaum jemand in Staat und auch Gesellschaft hatte gefragt, ob 
die von 2000 bis 2006 verübten Morde an neun Migranten türkischer und griechischer Herkunft rassistisch motiviert 
sein könnten. Mit dem NSU-Schock wurde dann die Frage drängender, ob die Republik noch mehr Morde falsch 
gewertet hatte. Der erste Landespolitiker, der es genau wissen wollte, war Holger Stahlknecht (CDU), Innenminister 
in Sachsen-Anhalt.
Er bat 2012 den Tagesspiegel, Altfälle aus Sachsen-Anhalt zu nennen. Es waren neun. Landeskriminalamt und 
Generalstaatsanwaltschaft stellten fest, drei Fälle müssten als rechte Tötungsverbrechen nachgemeldet werden. Es 
folgten Brandenburg und Berlin. Beide kooperierten bei der Untersuchung ihrer Altfälle mit Wissenschaftlern. Das 
Ergebnis: Brandenburg meldete 2015 neun Gewalttaten als rechts motiviert nach, in Berlin waren es 2018 dann 
sechs Fälle mit sieben Todesopfern. Zwei Tote waren 1997 von einem Neonazi erstochene Neonazis.
Thüringen will inzwischen ebenfalls Altfälle prüfen, in Niedersachsen wird darüber diskutiert. Die anderen Länder 
bleiben stumm oder bewegen sich nur langsam. Bayern stufte 2019 nach langen Debatten das Massaker von David 
Sonboly als rechte Gewalttat ein. Der rassistische Deutschiraner hatte im Juli 2016 in München neun Menschen 
aus Sinti-, Roma- und Zuwandererfamilien erschossen.
Die Gefahr rechter Militanz wächst weiter. Der Mord an dem Kasseler Regierungspräsidenten Walter Lübcke im 
Juni 2019, der Angriff im Oktober von Stephan Balliet in Halle, der die Synagoge stürmen wollte und zwei 
Passanten erschoss, und dann der Anschlag im Februar 2020 mit neun Rassismusopfern in Hanau zeugen von 
einer weiteren Entgrenzung rechter Gewalt. Dennoch bleibt offen, ob diese Tragödien nun auch dazu führen, dass 
viele Länder länger zurückliegende Tötungsverbrechen prüfen, die mutmaßlich rechts motiviert waren. Einen 
Lichtblick gab es Ende 2019.
Der damalige Chef des LKA Nordrhein-Westfalen, Frank Hoever, korrigierte die Bewertung eines Falles von 2003. 
Damals hatte der Ex-Söldner Thomas Adolf in Overath den Anwalt Hartmut Nickel, dessen Tochter Alja und Nickels 
Ehefrau Mechthild Bucksteeg erschossen. Das Landgericht Köln verurteilte Adolf 2004 zu lebenslanger Haft, 
Der getrübte Blick Seit 2000 ist bekannt: Die offizielle Zahl rechter Morde ist zu niedrig. Doch nicht alle Länder 
schauen hin
nannte die Schuld besonders schwer und sah ein nationalsozialistisches Motiv. Doch es dauerte 16 Jahre, bis der 
Fall als das bewertet wurde, was er war: dieTat eines Nazis, der aus Hass drei Menschen ermordete.
Und dann gibt es noch den untypischen Fall Samuel Yeboah. Der Ghanaer starb 1991 beim Brandanschlag auf ein 
Flüchtlingsheim im Saarlouis, 18 Menschen wurden verletzt. Die Polizei stufte den Fall erstaunlicherweise als 
rechts ein, obwohl kein Täter bekannt war. Das könnte sich nun ändern. Die Bundesanwaltschaft hat 2020 Jahr die 
Ermittlungen übernommen. Fast 30 Jahre nach dem Anschlag zeigt der Rechtsstaat einen langen Atem. Und 
korrigiert womöglich Versäumnisse.
Graphic
 
Trauer um die Ermordeten. Angehörige und Freunde von Todesopfern des Anschlags in Hanau zeigen im Mai vor 
dem hessischen Landtag in Wiesbaden Fotos der Menschen, die sie verloren haben. Foto: Arne Dedert/dpa R"
2020-10,Main Corpus,2020-10(50).ZIP,Der Teich am Landratsamt muss weichen.PDF,C:\PythonProjects\AfD-project\Corpora\Main Corpus\2020-10\raw_unarchive\Der Teich am Landratsamt muss weichen.PDF,Der Teich am Landratsamt muss weichen,der teich am landratsamt muss weichen,Frankfurter Rundschau,frankfurter rundschau,Donnerstag 22. Oktober 2020,,HESSEN; S. F15,518,3678,75b985459f5d5b43928af5590776e94d0e9f753c,,unique,keep,,no,,no,,,4690,no,,,,,"VON ANDREA ROST
Längst nicht alle 1400 Mitarbeiterinnen und Mitarbeiter der Main-Taunus-Kreisverwaltung haben ihre Büros im 
Hauptgebäude des Landratsamtes auf dem Hofheimer Hochfeld. 80 von ihnen arbeiten schon seit 2005 in einem 
schmucklosen Containerbau in der Parkanlage neben dem monumentalen roten Backsteinbau. Die 120 
Beschäftigten des Hochbauamtes, des Veterinäramtes und der Revision des Landkreises haben ihre Schreibtische 
sogar in Hattersheim stehen. Dort hat der Kreis das Gelände der ehemals von Sanofi betriebenen 
Tierversuchsanstalt im Kastengrund gekauft. Raum für die Unterbringung von Flüchtlingen sollte so geschaffen 
werden und Ämter sollten ausgelagert werden, für die kein Platz mehr war im über 30 Jahre alten 
Verwaltungsgebäude des Landratsamtes. 
Das soll sich bis 2023 ändern. Der Kreistag hat bereits im vergangenen Jahr einem Budget von 33 Millionen Euro 
für einen Erweiterungsbau am Landratsamt zugestimmt. Möglich wird die Investition, weil der Landkreis den 
Kastengrund an den US-Rechenzentrumsbetreiber Digital Reality für 56 Millionen Euro verkauft hat, der einen IT-
Campus auf dem Gelände zwischen Hattersheim und Flörsheim-Weilbach errichten will. 
Lange Zeit war unklar, wo der Erweiterungsbau des Landratsamtes stehen soll. Nun liegen erste Architektenpläne 
vor, die Landrat Michael Cyriax (CDU) am gestrigen Mittwoch vorgestellt hat. Erweitert werden soll das Hofheimer 
Landratsamt demnach an der Rückseite des in den 1980er Jahren errichteten Gebäudekomplexes. Dort wo sich 
jetzt noch der See in der Parkanlage am Kreishaus befindet, wollen die Planer ein zweistöckiges Gebäude mit 
einem ebenfalls zweistöckigen Aufbau errichten. Unter dem Haus wird eine Tiefgarage angelegt mit Zufahrt von der 
Frankfurter Straße aus. Das westlich des Landratsamtes gelegene Wohngebiet soll auf dieses Weise nicht 
zusätzlich mit Verkehr belastet werden. 
Der künstliche Teich, auf dem im Frühjahr die Frösche quaken und im Sommer die Enten schwimmen, müsse für 
den Erweiterungsbau weichen, räumte Cyriax ein. Allerdings sei der Erhalt der Wasserfläche ohnehin 
problematisch. Der ursprünglich als Löschteich angelegte See habe keinen natürlichen Zufluss und drohe in heißen 
Sommern immer wieder trockenzufallen. Nur mit künstlicher Belüftung könne er biologisch stabil gehalten werden. 
Außerdem sei die Folienabdichtung nach 35 Jahren erneuerungsbedürftig. Er wolle höchstpersönlich dafür sorgen, 

Der Teich am Landratsamt muss weichen
dass das Element Wasser auch künftig in der Parkanlage eine wichtige Rolle spiele, versprach Cyriax. „In welcher 
Form das sein kann, muss man sehen.“
Von den Wohnhäusern in der Straße Am Kreishaus werde man jedenfalls künftig nicht mehr auf die Container 
blicken, sondern habe freie Sicht in die Parkanlage, sagte Architekt Raimund Haubrich, dessen Darmstädter Büro 
die Pläne für den Vorentwurf gezeichnet hat. Das neue Gebäude, das sich in Mäanderform von der Rückseite des 
Landratsamtes in den Park hinein entwickelt, werde ein begehbares begrüntes Dach haben und sich somit in die 
Parklandschaft integrieren. Die Fläche könne als „Büro im Grünen“ ebenso genutzt werden wie für 
Veranstaltungen. 
Arbeitsplätze für 250 Beschäftigte sollen in dem Anbau entstehen. Damit bilde sich ein Puffer, der berücksichtige, 
dass die Kreisverwaltung in den nächsten Jahren weiter wachsen werde, sagte Cyriax. Die Aufteilung der 
Büroflächen soll dem Wandel im Arbeitsalltag Rechnung tragen, der von Homeoffice und mobilem Arbeiten geprägt 
ist. Die Flächen sollen offen gestaltet werden und nach einem „Multispace-Konzept“ sowohl Gruppenbüros als auch 
Ruhearbeitsplätze umfassen. 
Link zum PDF-Dokument"
2020-10,Main Corpus,2020-10(50).ZIP,Endlich ein Bett und eine warme Dusche Seit zwei Wochen leben Sergio und Tobi aus dem illegalen Camp(2).PDF,C:\PythonProjects\AfD-project\Corpora\Main Corpus\2020-10\raw_unarchive\Endlich ein Bett und eine warme Dusche Seit zwei Wochen leben Sergio und Tobi aus dem illegalen Camp(2).PDF,Endlich ein Bett und eine warme Dusche; Seit zwei Wochen leben Sergio und Tobi aus dem illegalen Camp in,endlich ein bett und eine warme dusche seit zwei wochen leben sergio und tobi aus dem illegalen camp in,Rheinische Post,rheinische post,Freitag 30. Oktober 2020,"Kampe, Nicole",S. 20,604,4098,dff7fd5d2d92ea13881a834112e75bd4caa78c29,variant_001,regional_variant,review,,no,,no,,,5552,no,,,near_001,variant_001,"Nicole Kampe
Oberbilk Die erste Nacht in einem richtigen Bett unter einem festen Dach, „das war schon toll“, sagt Sergio. Und 
dann erst die heiße Dusche am nächsten Morgen – der 22-Jährige muss unweigerlich grinsen. So gut hatte er es 
schon lange nicht mehr. Fünf Jahre lebte Sergio auf der Straße, drei davon in dem illegalen Camp hinter dem 
Amtsgericht in Oberbilk. Direkt an den Bahngleisen, zwischen Gestrüpp und Büschen, in selbst gebauten Hütten, 
die aus Holzresten und Plastikplanen bestanden.
Mit Vasile-Ferencz (41) ist Sergio an diesem Morgen zum Büro von Fiftyfifty gekommen, die beiden verkaufen 
Zeitungen für die Obdachlosenhilfe. Vasile-Ferencz, den die meisten Tobi nennen, ist seit acht Jahren in 
Deutschland. Er erlebte, wie das Camp, in dem er überwiegend wohnte, im März 2018 von der Deutschen Bahn 
und der Bundespolizei niedergerissen wurde. Kurz danach baute der Rumäne mit seinen Freunden ein neues Dorf 
auf dem Gelände zwischen Mindener- und Fichtenstraße. Vor knapp zwei Wochen wurde es wieder geräumt.
Diesmal gingen die Behörden sensibler um mit den Menschen. Statt ohne Vorwarnung mit Baggern anzurücken, 
holte die Stadt Fifityfifty mit ins Boot, Miriam Koch vom Amt für Migration und Integration stellte Teile der 
Flüchtlingsunterkünfte an der Meineckestraße und der Werftstraße zur Verfügung. Dort leben Sergio und Tobi nun, 
die Dorfgemeinschaft aus dem illegalen Camp durfte zusammenbleiben. Das war den beiden wichtig; wäre das 
nicht möglich gewesen – Tobi und Sergio wären auf der Straße geblieben.
„Für die Menschen, die jetzt untergekommen sind, ist das eine riesige Chance“, sagt Johannes Dörrenbächer, der 
optisch schon eine deutliche Veränderung feststellen kann. „Was ein Bett und eine Dusche ausmachen“, sagt der 
Fifityfifty-Mitarbeiter, der die Räumung der Camps engmaschig begleitet hat und die gute Zusammenarbeit mit der 

Endlich ein Bett und eine warme Dusche; Seit zwei Wochen leben Sergio und Tobi aus dem illegalen Camp in 
Oberbilk in der Flüchtlingsunterkunft an der Meineckest....
Stadt lobt. „In der Flüchtlingsunterkunft sind ganze Wohnmodule freigeräumt worden“, sagt Dörrenbächer, bleiben 
dürfen die neuen Bewohner auf unbestimmte Zeit, ergänzt Koch.
Weil die Menschen aus Rumänien kommen, also einem EU-Land, haben sie anders als Flüchtlinge etwa aus Afrika 
keinen Anspruch auf Sozialleistungen. „Wir versuchen jetzt, die Leute in Arbeit zu bringen, das ist auch schon 
teilweise gelungen“, sagt Koch. Sobald EU-Bürger fünf Jahre in Deutschland leben und sozialversicherungspflichtig 
arbeiten, hätten sie Anspruch auf Sozialleistungen, so Dörrenbächer, der trotzdem auch Kritik übt.
Vor allem am Hilfesystem. „Die Angebote der Stadt richten sich kaum an ganze Familien, die auch noch Hunde 
haben“, sagt der Sozialarbeiter. Vor zehn, 15 Jahren sei es der alleinstehende Mann mit Alkoholproblem gewesen, 
der auf der Straße lebte. Mit den Grenzöffnungen habe sich das aber geändert. Johannes Dörrenbacher wundert 
sich, dass es überhaupt möglich ist, dass Menschen so lange unter solchen Bedingungen mitten in Deutschland 
leben können oder vielmehr müssen.
Arbeit ist das, was sich Sergio und Tobi nun wünschen. Sie wollen Papiere beantragen, krankenversichert sein. 
Einen Schulabschluss haben die beiden zwar nicht, „aber wir sind fleißig“, sagt Sergio, der inzwischen schon gut 
Deutsch spricht. „Das habe ich alles auf der Straße gelernt“. Und noch etwas wünschen sich die Rumänen: ihre 
Familien wiederzusehen. Sergio hat drei Kinder, Tobi auch, über Weihnachten werden sie wohl nicht nach Hause 
fahren können, „das Geld fehlt“, sagt der 41-Jährige. Das sei das nächste Problem: „Die Armut haben wir mit dem 
EU-Beitritt von Rumänien und Bulgarien 2007 miteingekauft“, sagt Dörrenbacher. „Und die Armut ist das, was auch 
weiterhin bleibt.“
Rumänien stellte 1995 Beitrittgesuch
Abkommen 1993 hatte Rumänien ein Assoziierungsabkommen mit der Europäischen Union abgeschlossen.
Gesuch Rumänien stellte 1995 ein offizielles Beitrittsgesuch. 2004 wurden die Verhandlungen abgeschlossen. Das 
Land wurde zum 2007 aufgenommen."
2020-10,Main Corpus,2020-10(50).ZIP,Endlich ein Bett und eine warme Dusche Seit zwei Wochen leben Sergio und Tobi aus dem illegalen Camp.PDF,C:\PythonProjects\AfD-project\Corpora\Main Corpus\2020-10\raw_unarchive\Endlich ein Bett und eine warme Dusche Seit zwei Wochen leben Sergio und Tobi aus dem illegalen Camp.PDF,Endlich ein Bett und eine warme Dusche Seit zwei Wochen leben Sergio und Tobi aus dem illegalen Camp in,endlich ein bett und eine warme dusche seit zwei wochen leben sergio und tobi aus dem illegalen camp in,Rheinische Post,rheinische post,Freitag 30. Oktober 2020,"Kampe, Nicole",S. 20,604,4098,1a93e9aa7942cad24eaf3fd7a6231be2000069f1,variant_001,regional_variant,review,,no,,no,,,5559,no,,,near_001,variant_001,"Nicole Kampe
Oberbilk Die erste Nacht in einem richtigen Bett unter einem festen Dach, „das war schon toll“, sagt Sergio. Und 
dann erst die heiße Dusche am nächsten Morgen – der 22-Jährige muss unweigerlich grinsen. So gut hatte er es 
schon lange nicht mehr. Fünf Jahre lebte Sergio auf der Straße, drei davon in dem illegalen Camp hinter dem 
Amtsgericht in Oberbilk. Direkt an den Bahngleisen, zwischen Gestrüpp und Büschen, in selbst gebauten Hütten, 
die aus Holzresten und Plastikplanen bestanden.
Mit Vasile-Ferencz (41) ist Sergio an diesem Morgen zum Büro von Fiftyfifty gekommen, die beiden verkaufen 
Zeitungen für die Obdachlosenhilfe. Vasile-Ferencz, den die meisten Tobi nennen, ist seit acht Jahren in 
Deutschland. Er erlebte, wie das Camp, in dem er überwiegend wohnte, im März 2018 von der Deutschen Bahn 
und der Bundespolizei niedergerissen wurde. Kurz danach baute der Rumäne mit seinen Freunden ein neues Dorf 
auf dem Gelände zwischen Mindener- und Fichtenstraße. Vor knapp zwei Wochen wurde es wieder geräumt.
Diesmal gingen die Behörden sensibler um mit den Menschen. Statt ohne Vorwarnung mit Baggern anzurücken, 
holte die Stadt Fifityfifty mit ins Boot, Miriam Koch vom Amt für Migration und Integration stellte Teile der 
Flüchtlingsunterkünfte an der Meineckestraße und der Werftstraße zur Verfügung. Dort leben Sergio und Tobi nun, 
die Dorfgemeinschaft aus dem illegalen Camp durfte zusammenbleiben. Das war den beiden wichtig; wäre das 
nicht möglich gewesen – Tobi und Sergio wären auf der Straße geblieben.
„Für die Menschen, die jetzt untergekommen sind, ist das eine riesige Chance“, sagt Johannes Dörrenbächer, der 
optisch schon eine deutliche Veränderung feststellen kann. „Was ein Bett und eine Dusche ausmachen“, sagt der 
Fifityfifty-Mitarbeiter, der die Räumung der Camps engmaschig begleitet hat und die gute Zusammenarbeit mit der 

Endlich ein Bett und eine warme Dusche Seit zwei Wochen leben Sergio und Tobi aus dem illegalen Camp in 
Oberbilk in der Flüchtlingsunterkunft an der Meineckestr....
Stadt lobt. „In der Flüchtlingsunterkunft sind ganze Wohnmodule freigeräumt worden“, sagt Dörrenbächer, bleiben 
dürfen die neuen Bewohner auf unbestimmte Zeit, ergänzt Koch.
Weil die Menschen aus Rumänien kommen, also einem EU-Land, haben sie anders als Flüchtlinge etwa aus Afrika 
keinen Anspruch auf Sozialleistungen. „Wir versuchen jetzt, die Leute in Arbeit zu bringen, das ist auch schon 
teilweise gelungen“, sagt Koch. Sobald EU-Bürger fünf Jahre in Deutschland leben und sozialversicherungspflichtig 
arbeiten, hätten sie Anspruch auf Sozialleistungen, so Dörrenbächer, der trotzdem auch Kritik übt.
Vor allem am Hilfesystem. „Die Angebote der Stadt richten sich kaum an ganze Familien, die auch noch Hunde 
haben“, sagt der Sozialarbeiter. Vor zehn, 15 Jahren sei es der alleinstehende Mann mit Alkoholproblem gewesen, 
der auf der Straße lebte. Mit den Grenzöffnungen habe sich das aber geändert. Johannes Dörrenbacher wundert 
sich, dass es überhaupt möglich ist, dass Menschen so lange unter solchen Bedingungen mitten in Deutschland 
leben können oder vielmehr müssen.
Arbeit ist das, was sich Sergio und Tobi nun wünschen. Sie wollen Papiere beantragen, krankenversichert sein. 
Einen Schulabschluss haben die beiden zwar nicht, „aber wir sind fleißig“, sagt Sergio, der inzwischen schon gut 
Deutsch spricht. „Das habe ich alles auf der Straße gelernt“. Und noch etwas wünschen sich die Rumänen: ihre 
Familien wiederzusehen. Sergio hat drei Kinder, Tobi auch, über Weihnachten werden sie wohl nicht nach Hause 
fahren können, „das Geld fehlt“, sagt der 41-Jährige. Das sei das nächste Problem: „Die Armut haben wir mit dem 
EU-Beitritt von Rumänien und Bulgarien 2007 miteingekauft“, sagt Dörrenbacher. „Und die Armut ist das, was auch 
weiterhin bleibt.“
Rumänien stellte 1995 Beitrittgesuch
Abkommen 1993 hatte Rumänien ein Assoziierungsabkommen mit der Europäischen Union abgeschlossen.
Gesuch Rumänien stellte 1995 ein offizielles Beitrittsgesuch. 2004 wurden die Verhandlungen abgeschlossen. Das 
Land wurde zum 2007 aufgenommen."
2020-10,Main Corpus,2020-10(50).ZIP,Fallstricke der Integration Flüchtlinge Fünf Jahre nach dem Sommer 2015 hat ein großer Teil der Ange.PDF,C:\PythonProjects\AfD-project\Corpora\Main Corpus\2020-10\raw_unarchive\Fallstricke der Integration Flüchtlinge Fünf Jahre nach dem Sommer 2015 hat ein großer Teil der Ange.PDF,Fallstricke der Integration Flüchtlinge Fünf Jahre nach dem Sommer 2015 hat ein großer Teil der,fallstricke der integration flüchtlinge fünf jahre nach dem sommer 2015 hat ein grosser teil der,Südwest Presse,südwest presse,Samstag 17. Oktober 2020,,POLITIK; S. 3; Band 76; Ausg. 241,881,6313,eea186d87ed2e4138e759d434bc856d5ef8735cb,,unique,keep,,no,,no,,,7646,no,,,,,"Wenn Andreas Thewalt die Frage beantworten muss, ob der Satz „Wir schaffen das“ nach fünf Jahren wahr 
geworden ist, muss er nicht lange überlegen. Er selbst hat daran mitgewirkt. Als Vormund hat er 2016 die 
Betreuung eines afghanischen Jungen übernommen. Der Schritt wurde zu einer kleinen Erfolgsgeschichte. Zu einer 
von mehr als 400 000 – so viele Menschen hatten allein aus den acht Hauptherkunftsländern von Flüchtlingen in 
Deutschland Anfang dieses Jahres – vor der Corona-Krise – eine Arbeit gefunden.
Als Hamed mit 16 Jahren in Deutschland ankam, hatte er eine weite Reise hinter sich. „Mit zehn Jahren ist er mit 
seiner Mutter und seinem jüngeren Bruder aus Afghanistan geflohen“, berichtet Thewalt. Zunächst kamen sie im 
Iran unter, wie viele afghanische Flüchtlinge. Hamed schlug sich dann weiter durch.
In Berlin traf er Andreas Thewalt, der sich als Vormund für einen Geflüchteten zur Verfügung gestellt hatte. Die 
Chemie stimmte. Aber auf den Journalisten wartete viel Arbeit. „Satt, warm, trocken – dafür sorgte der Staat“, 
erinnert sich der 64-Jährige. „Für die meisten anderen Dinge war ich zuständig.“ Er kümmerte sich um das 
Asylverfahren, die endlosen Behördenschreiben, die Suche nach einem Ausbildungsplatz. Die Mühe lohnte sich. 
Hamed absolvierte eine Berufsausbildung zum Maurer, trainierte die B-Jugend eines Fußballvereins, spielte 
Theater.
Die Erfahrung Hameds teilt ein nicht kleiner Teil der Geflüchteten: Nach Zahlen der Bundesagentur für Arbeit waren 
Anfang des Jahres 360 000 von ihnen sozialversicherungspflichtig beschäftigt. Hinzu kamen 74 000 Minijobber. 
Das heißt, dass etwas mehr als jeder Dritte einer Beschäftigung nachging. Dieses kleine Jobwunder droht 
allerdings gerade unter die Räder zu geraten, warnt der Hauptgeschäftsführer des Städte- und Gemeindebundes, 
Gerd Landsberg. „Eine neue Gefahr für die Integration Geflüchteter in den Arbeitsmarkt sind die Auswirkungen der 
Corona-Pandemie.“
Dass es gerade die Zugewanderten trifft, hat vor allem einen Grund, erklärt Wido Geis-Thöne vom Institut der 
deutschen Wirtschaft (IW): Viele Geflüchtete sind in drei Branchen tätig, die besonders von den Auswirkungen der 
Pandemie betroffen sind: Handel, Zeitarbeit und Gastronomie. Außerdem üben sie eher gering qualifizierte 
Tätigkeiten aus, die in Krisen eher wegfallen als Facharbeiterpositionen. Ein großer Teil der arbeitenden 
Geflüchteten ist darüber hinaus trotz eines Jobs auf staatliche Unterstützung angewiesen.

Fallstricke der Integration Flüchtlinge Fünf Jahre nach dem Sommer 2015 hat ein großer Teil der 
Angekommenen eine Arbeit gefunden und sich eingelebt. Doch viele....
So sieht Landsberg die Integration von Flüchtlingen in den Arbeitsmarkt als „besondere und langfristige 
Herausforderung“, auch weil es vielen an sprachlichen Voraussetzungen und beruflichen Qualifikationen fehle. 
„Hier müssen wir noch stärker auf eine frühzeitige Integration aus einer Hand setzen“, fordert er: Sprachförderung, 
Ausbildung und Qualifizierung.
Bei der Integration in die Gesellschaft arbeiten inzwischen Behörden mit anderen Organisationen und Kirchen 
zusammen. Begleiter wie Andreas Thewalt, der durch die Caritas an seinen Zusatzjob kam, kümmern sich darum, 
dass Flüchtlinge in der ungewohnten Umgebung Fuß fassen können. Die Bundesregierung hat dafür sogar eigens 
das Pilotprojekt „NesT“ aufgelegt: „Neustart im Team“.
Dennoch sieht Städte- und Gemeindetagsvertreter Landsberg nach wie vor Probleme bei der Integration. „Die 
Gesellschaft spaltet sich zunehmend, was die Akzeptanz gegenüber Geflüchteten betrifft“, warnt er. Hass 
gegenüber Geflüchteten, aber auch gegenüber Kommunalpolitikern sei „nicht akzeptabel und muss konsequent 
geahndet werden“. Gleichzeitig müsse man aber auch Probleme benennen: „Dazu gehört, dass es im Sinne einer 
Null-Toleranz-Politik Konsequenzen haben muss, wenn Geflüchtete hier straffällig werden und unsere Regelungen 
und Grundwerte nicht respektieren.“
Darüber hinaus müssten Geflüchtete, die vollziehbar ausreisepflichtig sind, auch in ihr Herkunftsland zurückgeführt 
werden. Momentan verfügt rund ein Fünftel der ausreisepflichtigen 250 000 Menschen in Deutschland nicht über 
eine Duldung. Sie könnten also abgeschoben werden. Allerdings sind nicht alle der knapp 50 000 Betroffenen 
Flüchtlinge, sondern zum Beispiel auch Menschen, deren Visum abgelaufen ist. Das Problem: Die Rückführungen 
scheitern in etwa der Hälfte der Fälle. Manchmal an fehlenden Papieren, manchmal daran, dass ihr Herkunftsland 
die Menschen nicht zurücknehmen will oder dass sie vor dem Abreisetag untertauchen. Eine Verschärfung der 
Abschieberegelungen unter Bundesinnenminister Horst Seehofer (CSU) setzte vor allem auf Härte. 2019 wurden 
rund 22 000 Menschen abgeschoben, in diesem Jahr werden es wegen der Corona-Pandemie deutlich weniger 
sein.
Daneben hat die Bundesregierung seit 2015 allerdings auch eine Anzahl von Gesetzen für die bessere Integration 
von Flüchtlingen eingebracht. Etwa ein Fachkräfteeinwanderungsgesetz und eine verlängerte Ausbildungsduldung: 
Wer drei Jahre Ausbildung hinter sich hat, darf für zwei weitere Jahre in Deutschland bleiben.
Mit 18 Jahren endet die offizielle Begleitungszeit für den Vormund eines Flüchtlings – aber nicht die Sorge. Auch 
heute hilft Andreas Thewalt seinem Schützling noch, wenn er zum Beispiel Post von der Arbeitsagentur bekommt. 
Hamed ist inzwischen Maurer in einer kleinen Handwerkerfirma. Und Thewalt kümmert sich seit zwei Jahren um 
einen 13-Jährigen aus Eritrea. Wenn er von den beiden spricht, nennt er sie „meine Jungs“. Und er fügt hinzu: „Es 
gibt wenige Dinge, die ich im Leben als sinnvoller betrachtet hätte.“
Fallstricke der Integration Flüchtlinge Fünf Jahre nach dem Sommer 2015 hat ein großer Teil der 
Angekommenen eine Arbeit gefunden und sich eingelebt. Doch viele....
Link zum PDF-Dokument
Link zum PDF-Dokument
Graphic

Fallstricke der Integration Flüchtlinge Fünf Jahre nach dem Sommer 2015 hat ein großer Teil der 
Angekommenen eine Arbeit gefunden und sich eingelebt. Doch viele....
 
Flüchtlinge in einem Deutschkurs. Sprachkenntnisse sind wichtig, damit die Integration gelingt. Foto: Uwe 
Lewandowski/epd
Andreas Thewalt mit seiner Frau und Hamed, der aus Afghanistan stammt und als 16-Jähriger nach Deutschland 
kam. Foto: Privat"
2020-10,Main Corpus,2020-10(50).ZIP,Frauen und Kinder unter Toten nach Bootsunglück Vor Tunesiens Küste ist erneut ein Fischerboot mit M.PDF,C:\PythonProjects\AfD-project\Corpora\Main Corpus\2020-10\raw_unarchive\Frauen und Kinder unter Toten nach Bootsunglück Vor Tunesiens Küste ist erneut ein Fischerboot mit M.PDF,Frauen und Kinder unter Toten nach Bootsunglück Vor Tunesiens Küste ist erneut ein Fischerboot mit,frauen und kinder unter toten nach bootsunglück vor tunesiens küste ist erneut ein fischerboot mit,"taz, die tageszeitung",taz die tageszeitung,Mittwoch 14. Oktober 2020,Mirco Keilberth,AUSLAND; S. 10,622,4285,d72539a92ea4c6b6cc01576afef0bf1efc9429ae,,unique,keep,,no,,no,,,6291,no,,,,,"Aus Tunis Mirco Keilberth
Nach dem Tod von mindestens 13 Menschen nach einem Bootsunglück vor der Küste Südtunesiens geht die 
Suche nach Vermissten weiter. Eine Patrouille der Küstenwache aus der Hafenstadt Sfax hatte nach einem Notruf 
das gekenterte Fischerboot entdeckt und die Überlebenden an Bord genommen. Unter den Toten seien acht 
Frauen und drei kleine Kinder, berichteten Journalisten aus Sfax. Auch kam mindestens ein Tunesier bei dem 
Unglück ums Leben, berichteten tunesische Journalisten der taz. Der Sprecher der tunesischen Küstenwache, 
Houcem Eddine Jebali, sprach von 30 Passagieren an Bord.
Das tunesische Innenministerium teilte auf einer Pressekonferenz in Tunis mit, Patrouillen von Armee und Polizei 
hätten allein am vergangenen Wochenende 32 Boote an der Überfahrt nach Italien gehindert. Seit Jahresbeginn 
habe man 8.500 Person von der illegalen Ausreise aus Tunesien abgehalten. Nach Angaben des 
Flüchtlingshilfswerkes der Vereinten Nationen erreichten bis zum 6. Oktober über 24.000 Migranten und Flüchtlinge 
die italienische Küste, 44 Prozent der registrierten Migranten waren Tunesier.
Immer wieder kommt es bei den Fluchtversuchen mit mehrheitlich kleinen Holzbooten zu Unglücken. Bei dem 
Untergang eines Fischerbootes im Juni vor Djerba starben 61 Menschen.
Bis zum letzten Jahr machten sich meist junge tunesische Männer auf die Suche nach Arbeit in der EU. Seit dem 
Beginn der Coronakrise wagen aber immer mehr Familien und aus Libyen geflohene Migranten die Überfahrt.
Obwohl in Libyen seit vier Monaten die Waffen ruhen, hat sich die Lage für viele Migranten aus Subsahara-Afrika 
verschlechtert. Immer wieder werden auch diejenigen verhaftet, die Arbeit gefunden haben und eine Unterkunft 

Frauen und Kinder unter Toten nach Bootsunglück Vor Tunesiens Küste ist erneut ein Fischerboot mit 
Migranten an Bord gekentert. Seit der Coronakrise machen sich....
anmieten. Illegale Migration ist nach libyschem Recht eine Straftat. Da viele Migranten ohne Reisepässe einreisen 
oder diese ihnen abgenommen werden, halten sie sich meist ohne Genehmigung im Land auf.
Nach Angaben der Hilfsorganisation Ärzte ohne Grenzen wurden 350 Westafrikaner am 28. September in der Stadt 
al-Adschailat von einer Miliz entführt. Die Mehrheit konnte nach Augenzeugenberichten in den Folgetagen aus 
einer Lagerhalle 80 Kilometer westlich von Tripolis fliehen. Drei starben nach Angaben eines Mitarbeiters der 
libyschen Hilfsorganisation Roter Halbmond durch Schüsse der Bewacher. Ärzte ohne Grenzen fordert die sofortige 
Freilassung der verbliebenen 60 Entführten.
Ein Mitarbeiter des Roten Halbmonds, Mohamed Sifaw, berichtete der taz am Telefon, die häufigen Patrouillen der 
libyschen Küstenwache erschwerten die Überfahrt von Schlauchbooten aus Libyen. Viele Migranten versuchen 
daher, zu Fuß über die libysch-tunesische Grenze zu gelangen und aus den tunesischen Hafenstädten Sfax oder 
Zarzis nach Europa zu gelangen.
 Die jungen Westafrikaner arbeiten oft zu Hungerlöhnen auf Farmen oder als Reinigungskräfte , berichtet 
Emmanuel P. aus dem nigerianischen Bundesstaat Biafra. Er arbeitet seit seiner Flucht aus Libyen in Zarzis als 
Friseur. Ich stehe damit in Konkurrenz zu jungen Tunesiern die seit dem Schließen der meisten Hotels und nach 
dem Absturz der Wirtschaft auch nur schwer Arbeit finden. Wegen der Coronakrise schneidet er seinen Kunden 
nur noch zu Hause die Haare. Dabei gehe es immer nur um ein Thema, sagt er. Wie kommen wir hier weg. 
 Ich stehe in Konkurrenz zu Tunesiern, die schwer Arbeit finden 
Indische Arbeiter in Libyen wieder frei
Rund einen Monat nach ihrer Entführung durch eine Miliz in Libyen sind sieben indische Arbeiter wieder auf freiem 
Fuß. Die Gruppe habe die Ingenieure und Techniker in Diensten einer Ölfirma am Sonntag in der Hafenstadt Brega 
an ihren Arbeitgeber übergeben, teilte das indische Außenministerium Montag mit. Sie seien bei guter Gesundheit. 
Man bemühe sich, ihre Rückkehr in die Wege zu leiten. Die Arbeiter waren im September in dem mehr als 400 
Kilometer südwestlich von Tripolis gelegenen Al-Schwerif verschleppt worden. Welche Gruppe dahinter steckte, ist 
unklar. Wie das Innenministerium der ostlibyschen Führung mitteilte, gingen der Freilassung Verhandlungen mit der 
Miliz voraus."
2020-10,Main Corpus,2020-10(50).ZIP,Friedenslied auf gespendetem Keyboard Narek Harutyunyan bekam nach einem Aufruf der Flüchtlingskoord.PDF,C:\PythonProjects\AfD-project\Corpora\Main Corpus\2020-10\raw_unarchive\Friedenslied auf gespendetem Keyboard Narek Harutyunyan bekam nach einem Aufruf der Flüchtlingskoord.PDF,Friedenslied auf gespendetem Keyboard; Narek Harutyunyan bekam nach einem Aufruf der,friedenslied auf gespendetem keyboard narek harutyunyan bekam nach einem aufruf der,Rheinische Post,rheinische post,Dienstag 13. Oktober 2020,"Schalljo, Sven",S. 17,821,5329,7aa9659840819660edb8c4b5e5bb03fcbc6677ca,,unique,keep,,no,,no,,,6603,no,,,,,"Sven Schalljo
Narek Harutyunyan sitzt an seinem neuen Keyboard. Wie in Trance geht sein Blick ins Leere, die Finger fliegen nur 
so über die Tasten. Fasziniert schaut seine Tochter zu und auch in dem kleinen Sohn löst die Musik etwas aus. Der 
Zweijährige ist der Grund, warum sein Vater vor knapp zwei Jahren aus Armenien nach Deutschland kam. Denn 
der Junge ist behindert und braucht eine besondere Behandlung, die er in der Heimat nicht erhielt. „Dort haben ihm 
die Ärzte einfach Psychopharmaka gegeben. Hier ist die Versorgung hervorragend und es sind wirklich 
Verbesserungen seines Zustandes zu spüren. ich bin bin Deutschland und den Ärzten unglaublich dankbar“, sagt 
der 36 Jahre alte Vater in hervorragendem Deutsch.
Die Sprache lernte er erst, nachdem er nach Deutschland kam. „Sprachen sind ein bisschen mein Hobby. Und ich 
habe großen Respekt für Deutschland, die Sprache, die Gesetze. Es ist für mich eine zweite Heimat“, erzählt der 
Flüchtling, der als Soldat bereits zur Ausbildung in Deutschland war, ehe er als Blauhelm nach Afghanistan und in 
den Kosovo ging.
Für die Familie war der Abschied aus der Heimat schwierig. „Armenien ist meine Heimat und ich liebe das Land 
und die Menschen. Dass dort Krieg herrscht und ich nicht helfen kann, macht es noch schwieriger für mich. Viele 
meiner Freunde sind gestorben“, sagt der Soldat. Aber die Gesundheit seines Sohnes war wichtiger. Darum 
entschied er, den Schritt nach Deutschland zu wagen. Nur die Musik fehlte ihm. „Für mich ist Musik alles. es ist 
mein Ruhepol und ein Beruhigungsmittel“, erzählt Harutyunyan, der in der Heimat eine Gesangsausbildung 
genossen hat und hier sogar einen Abschluss erwarb. Neben dem Gesang gilt seine Liebe dem Keyboard.

Friedenslied auf gespendetem Keyboard; Narek Harutyunyan bekam nach einem Aufruf der 
Flüchtlingskoordination ein Keyboard gespendet. Für ihn ist es ein Weg, abz....
Dabei spielt er nicht nach Noten. „Ich kann Noten lesen, aber nicht wirklich danach spielen. Wenn ich eine Melodie 
höre, dann kann ich sie nachspielen. Damit habe ich schon meine Klavierlehrerin zur Verzweiflung getrieben. Sie 
sagte immer, ich müsse die Noten spielen. Ich habe aber lieber das gespielt, was ich gehört habe - und 
improvisiert“, erzählt der Musiker lachend. Seine Lieblingsmusik ist Jazz. „Aber ich spiele auch alles andere. Mein 
Lieblingsmusiker ist Ray Charles, mein Lieblingssänger Luciano Pavarotti“, berichtet er.
Gern wollte er auch in Deutschland Musik machen und darüber auch Kontakte zu anderen Menschen knüpfen. Nur 
fehlte es am Instrument. „Er kam zu mir und wir haben darüber gesprochen, wie ihm die Musik fehlt und ob ich nicht 
eine Idee hätte, wo er ein günstiges Keyboard erwerben könne“, erzählt Marilyn Leiteritz. Die Sozialarbeiterin hatte 
den Gedanken, stattdessen über den Newletter der Flüchtlingskkordination um Spenden zu bitten. „Was dann 
geschah hat uns alle überrascht. Binnen Minuten hatten wir zehn Angebote für Keyboards. Das war ganz 
wunderbar“, erzählt Leiteritz.
Harutyunyan möchte nun nicht nur selbst wieder vermehrt üben, sondern auch seine fünf Jahre alte Tochter 
unterrichten. „Er möchte ihr eine musikalische Früherziehung zukommen lassen. Auch darum habe ich mich dafür 
eingesetzt, dass er das Keyboard bekommt“, sagt Leiteritz. Außerdem sei nicht zuletzt in der Kita festgestellt 
worden, dass dem Sohn Musik sehr hilft. „Wir versuchen gerade, ihn an den Aufenthalt in der Kita zu gewöhnen. 
Das ist wichtig, damit Herr Harutyunyan Zeit findet, zu Sprachkursen zu gehen oder zu arbeiten“, sagt die 
Sozialarbeiterin.
Der Flüchtling selbst will unbedingt arbeiten. „Ich würde gern in die Pflege gehen. Oder zur Bundeswehr, wenn das 
möglich ist. Ich möchte Deutschland etwas zurückgeben und ich möchte für mein Geld etwas tun. Nur zu nehmen 
fühlt sich falsch an. Das will ich nicht“, sagt er. Außerdem würde er gern in einer Band spielen. „So könnte ich nicht 
nur Musik machen, sondern auch Menschen kennenlernen. Der Stil ist mir dabei relativ egal“, sagt er. Und vielleicht 
könnte er seinen Traum verwirklichen: „Ich möchte ein Friedenslied für Armenien schreiben, das alle Menschen in 
der Region animiert, Frieden zu schließen“, erzählt er. Ob Musik diese Kraft hat, sei dahingestellt. Aber sie löst 
etwas in Menschen aus - nicht nur in ihm und seinem kleinen Sohn.
Der Musiker träumt von einer Band Der Musiker aus Armenien träumt von einer Band
Narek Harutyunyan wünscht sich, Teil einer Band zu werden. Er ist ausgebildeter Sänger mit Zertifikat und spielt 
Keyboard. Er spricht neben Armenisch und Russisch auch Deutsch und Englisch und kann in allen vier Sprachen 
singen. Von Klassik über Jazz und Soul bis Rock ist er für alle Musikstile offen.
Interessierte Bands können sich unter der Rufnummer KR-864810 an die Flüchtlingskoordinatorin Doris Schlimnat 
wenden, die dann den Kontakt herstellt.
Narek Harutyunyan wünscht sich, Teil einer Band zu werden. Er ist ausgebildeter Sänger mit Zertifikat und spielt 
Keyboard. Er spricht neben Armenisch und Russisch auch Deutsch und Englisch und kann in allen vier Sprachen 
singen. Von Klassik über Jazz und Soul bis Rock ist er für alle Musikstile offen.
Interessierte Bands können sich unter der Rufnummer KR-864810 an die Flüchtlingskoordinatorin Doris Schlimnat 
wenden, die dann den Kontakt herstellt."
2020-10,Main Corpus,2020-10(50).ZIP,Für Flüchtlingszuzug gut gerüstet Migration Kreis und Gemeinde auch auf Aufnahme einer höheren Anzah.PDF,C:\PythonProjects\AfD-project\Corpora\Main Corpus\2020-10\raw_unarchive\Für Flüchtlingszuzug gut gerüstet Migration Kreis und Gemeinde auch auf Aufnahme einer höheren Anzah.PDF,Für Flüchtlingszuzug gut gerüstet Migration Kreis und Gemeinde auch auf Aufnahme einer höheren Anzahl,für flüchtlingszuzug gut gerüstet migration kreis und gemeinde auch auf aufnahme einer höheren anzahl,Nordwest-Zeitung,nordwestzeitung,17. Oktober 2020,,GANDERKESEE; S. 11,326,2475,27cbd7bee50e270683e1c11a12b55f764ba69a19,,unique,keep,,no,,no,,,3653,no,,,,,"Ganderkesee/Landkreis - Auch wenn der Blick von Zivilgesellschaft und Medien zuletzt weniger scharf auf die 
Fluchtursachen wie Krieg, Gewalt, Hunger sowie immer öfter Klima- und Umweltgründe gerichtet war 
verschwinden wird die Not nicht. Deutschland hat am Freitag weitere 101 Flüchtlinge aus griechischen Lagern 
aufgenommen, erste Menschen aus einer Gruppe von insgesamt 1553, deren Aufnahme die Bundesregierung nach 
dem verheerenden Brand im Flüchtlingslager Moria auf der griechischen Insel Lesbos zugesagt hatte.
Angesichts der Tatsache, dass täglich Menschen nach Europa flüchten, stellt sich die grundsätzliche Frage, ob 
auch die Gemeinde Ganderkesee und der Landkreis Oldenburg auf Zuwanderung eingestellt sind etwa auf eine 
zweite Welle wie die von 2015/16. Der Landkreis Oldenburg wäre auf die Aufnahme einer höheren Anzahl an 
Flüchtlingen vorbereitet , betont Kreissprecher Oliver Galeotti.
Mit Augenmaß gemietet
Aufgrund der seit Ende 2016 zurückgehenden Zahl an Zuweisungen von Asylbewerbern und -bewerberinnen sei 
der Umfang an angemietetem Wohnraum mit Augenmaß gefahren worden. Für die derzeitige Anzahl an Bewerbern 
reiche er aus, auch Reserven stünden darüber hinaus zur Verfügung. Und sollte es einen unvorhersehbaren 
Anstieg an neuen Zuweisungen geben, so stünden dem Landkreis Oldenburg auch zum Übergang bis zur 
Anmietung von dezentralem Wohnraum noch zwei Gemeinschaftsunterkünfte mit etwa 140 Plätzen zur 
Verfügung.

Für Flüchtlingszuzug gut gerüstet Migration Kreis und Gemeinde auch auf Aufnahme einer höheren Anzahl 
vorbereitet
Das dazu benötigte Inventar hat der Kreis in einer angemieteten Lagerhalle in ausreichender Stückzahl eingelagert 
rasch zugänglich. Die Unterbringung in Turnhallen ist zunächst nicht vorgesehen.
Große Herausforderung
 Eine Flüchtlingsbewegung wie 2015/16 würde erneut eine große Herausforderung für alle Betroffenen darstellen , 
erklärt Ganderkesees Gemeindesprecher Hauke Gruhn. Allerdings könne die Gemeinde Ganderkesee diesmal auf 
die bereits gesammelten Erfahrungen und etablierte Strukturen, sowohl im Rathaus, als auch im Kontakt mit den 
vielen engagierten Ehrenamtlichen, zurückgreifen. Auch ein Krisenstab wäre schnell einsatzbereit.
Über mögliche Unterbringungsorte werde die Gemeinde nicht öffentlichen spekulieren. Allerdings stand die 2017 
verlassene Sammelunterkunft des Landkreises Oldenburg für Flüchtlinge im Rethorner Haus Cristina zuletzt im 
Stand-by-Modus.
PDF-Datei dieses Dokuments"
2020-10,Main Corpus,2020-10(50).ZIP,Gefahr für Leib und Leben Nach der Dresdner Messerattacke wird wieder über Abschiebungen in das Bürg.PDF,C:\PythonProjects\AfD-project\Corpora\Main Corpus\2020-10\raw_unarchive\Gefahr für Leib und Leben Nach der Dresdner Messerattacke wird wieder über Abschiebungen in das Bürg.PDF,Gefahr für Leib und Leben Nach der Dresdner Messerattacke wird wieder über Abschiebungen in das,gefahr für leib und leben nach der dresdner messerattacke wird wieder über abschiebungen in das,Der Tagesspiegel,der tagesspiegel,Samstag 24. Oktober 2020,Andrea Dernbach und Maria Fiedler,POLITIK FQT:SPÄT; S. 004; Ausg. Der Tagesspiegel Nr. 24340 VOM 24.10.2020 SEITE 004,772,5556,567eae462edea7722ff02d2c61779e8f99fc3859,,unique,keep,,no,,no,,,7165,no,,,,,"Berlin - Die Debatte ist nicht neu, aber sie gewinnt gerade wieder an Fahrt: Soll Deutschland eine Lockerung des 
generellen Abschiebestopps nach Syrien in Betracht ziehen? Sowohl Bundesinnenminister Horst Seehofer (CSU) 
als auch die Landesinnenminister Joachim Herrmann (CSU) aus Bayern und Roland Wöller (CDU) aus Sachsen 
diskutieren das. ""Ich werde sehr dafür eintreten, dass wir überprüfen, ob man nicht nach Syrien in die befriedeten 
Gebiete abschieben kann, aber bisher war die Einschätzung des Auswärtigen Amts eine andere"", sagte Seehofer. 
Der Anlass: der tödliche Messerangriff durch einen Syrer in Dresden.
Deutschland schiebt Syrer derzeit wegen der Lage in dem Bürgerkriegsland nicht in ihre Heimat ab. Immer wieder 
werden Forderungen vor allem aus unionsgeführten Ländern laut, zumindest all jene dorthin abzuschieben, die in 
Deutschland schwere Straftaten begangen haben. Aufgeflammt war die Debatte etwa nach der 
Gruppenvergewaltigung in Freiburg 2018 - die meisten der Tatverdächtigen kamen aus Syrien. Auch im aktuellen 
Fall der Dresdner Messerattacke stammt der 20 Jahre alte Tatverdächtige aus Syrien. Die sächsischen 
Sicherheitsbehörden hatten ihn schon 2017 als Gefährder eingestuft. 2019 wurde ihm der Flüchtlingsstatus 
aufgrund von Straftaten aberkannt.
Wegen des geltenden Abschiebestopps konnte er nach Behördenangaben bisher aber nicht außer Landes 
gebracht werden. Erst am 29. September war er aus einem Jugendgefängnis entlassen worden. Am Abend des 4. 
Oktobers hatte er in der Dresdner Innenstadt zwei Touristen aus Nordrhein-Westfalen mit einem Messer 
angegriffen und einen von ihnen getötet. Die Bundesanwaltschaft geht von einem radikal-islamistischen 
Hintergrund aus.
Es steht nun ein Versagen der Sicherheitsbehörden in Sachsen im Raum, die den Mann nach seiner Entlassung 
aus dem Gefängnis zwar observiert hatten, sogar am Tag der Tat, allerdings nicht rund um die Uhr. Gleichzeitig 
bietet der Fall Gelegenheit, den Abschiebestopp nach Syrien in Frage zu stellen.
Seit 2011 herrscht in Syrien Krieg. Deutschland verhängte 2012 erstmals einen Abschiebestopp, der seither 
regelmäßig verlängert wird. Grundlage dafür war auch die Einschätzung des Auswärtigen Amtes, das keine Region 

Gefahr für Leib und Leben Nach der Dresdner Messerattacke wird wieder über Abschiebungen in das 
Bürgerkriegsland Syrien debattiert
Syriens für Rückkehrer für sicher genug hält. Im Dezember müssen die Innenminister auf der 
Innenministerkonferenz wieder über die Verlängerung des Abschiebestopp entscheiden. Ihre Beschlüsse müssen 
einstimmig gefällt werden.
Ferdinand Dürr hielte es für extrem problematisch, wenn der Abschiebestopp nach Syrien nicht verlängert würde. 
Dürr ist Mitgründer der Initiative ""Adopt a Revolution"", die die Arbeit der syrischen Zivilgesellschaft unterstützt. Er ist 
in engem Kontakt mit Aktivisten vor Ort. ""Syrien ist erwiesenermaßen ein Folterstaat"", sagt Dürr. Derzeit kontrolliere 
das Assad-Regime 60 Prozent des Landes. In diesem Teil könnten Oppositionelle jederzeit verhaftet, verschleppt 
oder gefoltert werden. In den kurdisch dominierten Gebieten im Nordosten und Osten des Landes gebe es 
weiterhin Anschläge durch die Terrormiliz Islamischer Staat. Die Türkei hatte vor etwa einem Jahr hier eine 
militärische Offensive unternommen. In der Region im Nordwesten Syriens herrsche zwar eine brüchige 
Waffenruhe. Hierhin seien 2,5 Millionen Menschen vertrieben worden. Doch auch in diesem Gebiet komme es zu 
Angriffen durch Russland oder das syrische Regime. ""Kein Teil Syriens ist sicher"", sagt Dürr. Die Situation werde 
zusätzlich erschwert durch die tiefe wirtschaftliche Krise des Landes und die Coronakrise, die den Menschen in 
Syrien überall stark zu schaffen mache.
Doch wenn der Abschiebestopp dennoch fallen sollte, wären dann Abschiebungen nach Syrien überhaupt möglich? 
""Unmittelbar ausreisepflichtig"" ist nicht jede und jeder, die die Politik gern loswürde. Das gilt zuallererst dann, wenn 
für die Betroffenen ""bei einer Abschiebung in den anderen Staat eine erhebliche konkrete Gefahr für Leib, Leben 
oder Freiheit besteht"", heißt es dazu auf der Website des zuständigen Bundesamts für Migration und Flüchltinge 
(Bamf). Das ist von Krisen- und Bürgerkriegsgebieten praktisch immer anzunehmen. In der Regel verbieten dann 
deutsche Gerichte Abschiebungen. Auch Straftäter und Terroristen können sich auf diesen Schutz berufen. Dürr 
glaubt, dass bei einem Ende des generellen Abschiebestopps nach Syrien das Problem nur von der politischen 
Ebene auf die juristische Ebene verschoben würde.
Und auch wenn man den Wunsch nachvollziehen könne, schwere Straftäter oder Gefährder abzuschieben, sei 
noch ein weiterer Punkt heikel: Um abschieben zu können, müsste Deutschland mit den Behörden vor Ort 
kooperieren - dabei unterhält die Bundesrepublik derzeit noch nicht mal eine Botschaft in Damaskus. ""Wenn 
Deutschland zum Zweck der Abschiebung eine Kooperation mit dem Assad-Regime einginge, wäre das 
außenpolitisch ein fatales Signal.""
Niedersachsens Innenminister Boris Pistorius (SPD) kommt zu einem ähnlichen Schluss. In Syrien herrsche immer 
noch Bürgerkrieg, es gebe auch keine zuständigen und ansprechbaren Behörden, sagt Pistorius. Die ""reflexhaften 
Rufe"" einzelner Politiker danach, wieder nach Syrien abschieben zu dürfen, hielten der Realität und den Fakten 
nicht stand. Bei der Innenministerkonferenz im Dezember dürfte es hitzige Debatten geben.
Graphic
 
Am Tatort. In der Dresdner Schlossstraße geschah das Verbrechen. Foto: Roland Halkasch/dpa R"
2020-10,Main Corpus,2020-10(50).ZIP,Gegen das Stereotyp Im  kohero Magazin  aus Hamburg schreiben Geflüchtete über ihre Geschichten und.PDF,C:\PythonProjects\AfD-project\Corpora\Main Corpus\2020-10\raw_unarchive\Gegen das Stereotyp Im  kohero Magazin  aus Hamburg schreiben Geflüchtete über ihre Geschichten und.PDF,Gegen das Stereotyp Im kohero Magazin aus Hamburg schreiben Geflüchtete über ihre Geschichten und,gegen das stereotyp im kohero magazin aus hamburg schreiben geflüchtete über ihre geschichten und,"taz, die tageszeitung",taz die tageszeitung,Mittwoch 07. Oktober 2020,Sarah Zaheer,MEDIEN; S. 17,631,4525,ec17186987b497cc15334042ada59171dcb9885c,,unique,keep,,no,,no,,,6001,no,,,,,"Von Sarah Zaheer
Bis wann bleibt man ein Flüchtling? Diese Frage stellt sich nicht nur Hussam Al Zaher, Chefredakteur des kohero 
Magazins. Vor fünf Jahren kam er aus Syrien nach Hamburg, wo er sich ein neues Leben aufgebaut hat.
Er erinnert sich, dass die Berichterstattung über Geflüchtete ihn am Anfang fast erschlagen habe: Kein anderes 
Thema dominierte die Nachrichten zu der Zeit so sehr. Eine Studie der Otto-Brenner-Stiftung zeigt allerdings, dass 
sich der mediale Diskurs vor allem an den politischen Akteuren orientierte und nur in wenigen Fällen Betroffene 
selbst zu Wort kamen.
 Wir wurden nicht als individuelle Menschen wahrgenommen , meint Hussam Al Zaher. Der 31-Jährige war als 
Journalist in Damaskus tätig, in Deutschland schien eine Karriere in der Medienbranche aufgrund von 
Sprachbarrieren schwierig. Dies bestätigt auch Rebecca Roth, Leiterin des Mentoringprogramms für 
Journalist:innen mit Einwanderungsgeschichte der Neuen Deutschen Medienmacher*innen, eines Vereins, der sich 
für mehr Diversität im Journalismus einsetzt. Der Zugang zu deutschsprachigen Redaktionen sei vereinzelt durch 
öffentlich geförderte oder durch Stiftungen finanzierte Projekte gegeben. Viele Möglichkeiten, sich beruflich zu 
reintegrieren, werden aber nicht über den Förderzeitraum hinaus weitergeführt , sagt Roth.
Hussam Al Zaher hielt das nicht davon ab, mit der Unterstützung von Freiwilligen im Jahr 2017 sein eigenes 
Online-Magazin zu gründen das Flüchtling-Magazin. Seine Idee war es, Menschen mit Fluchterfahrung eine 
Plattform zu geben, auf der sie sich selbst vorstellen können. Die Artikel werden auf Deutsch veröffentlicht, da sie 
sich an die deutsche Mehrheitsgesellschaft richten. Neben den persönlichen Porträts von Geflüchteten findet sich 
auf der Internetseite auch ein Kommentar zur europäischen Asylpolitik am Beispiel Morias, ein Beitrag über die Vor- 
und Nachteile von Mehrsprachigkeit und es gibt Informationen über die Aufenthaltserlaubnis. Bereits vier Mal 

Gegen das Stereotyp Im kohero Magazin aus Hamburg schreiben Geflüchtete über ihre Geschichten und 
Perspektiven auch, weil sie sich von den Massenmedien nich....
erschien das Magazin auch in Print, Leser:innen können es sich zweimal im Jahr bestellen. Rund 35 Ehrenamtliche 
arbeiten in der Redaktion, im Community Management oder im Schreibtandem, wo sie Geflüchteten beim 
Schreiben von Artikeln unterstützen. Über hundert Autor:innen haben in dem Magazin ihre Perspektiven, 
Erfahrungen und Lebensrealitäten bereits geteilt.
Ein neuer Name
Doch nach knapp fünf Jahren scheint der Name Flüchtling-Magazin heute nicht mehr passend. Hussam Al Zaher 
findet, dass der Begriff Flüchtling negativ konnotiert sei. Außerdem hebe man sich eben nicht von der 
Mehrheitsgesellschaft ab. Viele Geflüchtete sind erwerbstätig, gehen zur Schule oder machen eine Ausbildung. Ihre 
Identität geht über die eines Flüchtlings hinaus.
Aus diesem Gedanken heraus entstand der neue Name für das Magazin: kohero. Kohero bedeutet Zusammenhalt 
in der Plansprache Esperanto, die entwickelt wurde, um eine internationale Verständigung zu fördern. Gerade 
deswegen findet Hussam Al Zaher den Namen so treffend: Wir sprechen alle Menschen an, die für eine bessere 
demokratische Gesellschaft zusammenkommen wollen. Und dies unabhängig von Migrations- oder 
Fluchterfahrung.
Auch inhaltlich wolle sich das Team des kohero Magazins breiter öffnen, erklärt Online-Redakteurin Anna 
Heudorfer. Man wolle stärker auf Themen rund um Migration, Rassismus und das Zusammenleben von 
verschiedenen Kulturen eingehen. Wir wollen die persönlichen Beiträge aus der Community durch 
Berichterstattung zu aktuellen Themen ergänzen , sagt Heudorfer.
Projekt in Bochum
Das kohero Magazin ist nicht das einzige journalistische Projekt, in dem Geflüchtete ihre Perspektiven teilen. 
Ähnliche Arbeit leistet das Online-Magazin Neu in Deutschland aus Bochum. Die Redaktionen arbeiteten in der 
Vergangenheit zusammen, tauschten Artikel aus und vernetzten sich. Es gebe Ideen dazu, ein europäisches 
Netzwerk zu kreieren, um Erfahrungen von geflüchteten Menschen in Europa zu sammeln und Anregungen zu 
rassismuskritischer Sprache und das Framing von Debatten um Migration und Einwanderung an die etablierten 
Massenmedien weiterzugeben, sagt Heudorfer aus der kohero-Redaktion.
 Wir möchten, dass alle Menschen unserer Gesellschaft in den Medien repräsentiert werden , betont Hussam Al 
Zaher. Und dazu würden eben auch solche mit Migrations- und Fluchthintergrund gehören."
2020-10,Main Corpus,2020-10(50).ZIP,Globale - Bildung -.PDF,C:\PythonProjects\AfD-project\Corpora\Main Corpus\2020-10\raw_unarchive\Globale - Bildung -.PDF,Globale - Bildung -,globale  bildung,Frankfurter Rundschau,frankfurter rundschau,Dienstag 20. Oktober 2020,,WIRTSCHAFT; S. 14,345,2502,c5cf7edd08d16e399965de73fa9c471d74d45efb,,unique,keep,,no,,no,,,3499,no,,,,,"Von Wolfgang Kessler
Zwei junge Frauen aus Afghanistan steigen regelmäßig von ihrem Heimatdorf auf einen Hügel. Dort haben sie 
Zugang zum Internet. Sie zücken ihre Smartphones und laden Lerninhalte ihres Studiums herunter. Sie sind zwei 
von 4000 Studierenden einer globalen Bildungsinitiative des Jesuitenordens. Die „Jesuit Worldwide Learning“ 
praktiziert seit zehn Jahren, was auch in Deutschland seit der Corona-Krise verstärkt gefordert wird: Digitales 
Lernen. Doch ihre Studierenden kommen aus Ländern wie Afghanistan, Myanmar, Irak, Jordanien, Kenia, Malawi 
oder vielen anderen. Manche studieren auch in Flüchtlingslagern. 
Das globale E-Learning funktioniert nach einem ausgefeilten Konzept: In Regionen mit stabilem Internetzugang 
liefern Dozenten von Universitäten in Europa und den USA das Lehrmaterial an die Laptops der Studierenden. Zu 
bestimmten Zeiten stehen ihnen die Dozenten online Rede und Antwort, bilden mit den Studierenden eine Art 
globalen Klassenraum. Vor Ort werden sie von Mentoren begleitet. Wöchentlich verfassen die Studierenden 
Essays, die von Dozenten bewertet werden. 
In Regionen mit schwankendem Internet-Empfang bauen Partnerorganisationen der Universitäten oder NGOs vor 
Ort zentrale Hotspots mit gutem Empfang auf. Wie die Frauen in Afghanistan laden die Studierenden die 
Lehrmaterialien von diesen Hotspots auf ihre Smartphones herunter, um den Lernstoff offline zu Hause in ihren 
Dörfern zu verarbeiten. Dann schicken sie ihre Essays per Internet zurück. Die Kosten für die Honorare von 
Dozenten, die Technologien, die Mentoren, werden zwischen Universitäten, NGOs und Kirche aufgeteilt. 
Dabei vermitteln die Jesuiten nicht die katholische Lehre. Ihr Ziel ist ein „multi-ethnisches, multi-religiöses Lernen 
für eine nachhaltige Entwicklung“. Diese Initiative für globales E-Learning eröffnet jungen Leuten aus der ganzen 
Welt völlig neue Möglichkeiten, weil die Universität zu ihnen kommt. Und die Perspektiven wären noch viel größer, 
wenn die Entwicklungspolitiker der reichen Länder und die Vereinten Nationen dieses Konzept aufgreifen würden. 
Dann könnten irgendwann nicht nur 4000, sondern Hunderttausende junger Leute in armen Regionen eine 
akademische Ausbildung absolvieren, die heute keine Chance dazu haben. Dann wäre nicht nur die Wirtschaft 
global, sondern auch die Bildung.
Der Autor ist Wirtschaftspublizist. Von ihm erschien zuletzt das Buch „Die Kunst, den Kapitalismus zu verändern“.

Globale - Bildung -
Link zum PDF-Dokument"
2020-10,Main Corpus,2020-10(50).ZIP,Integration durch Ausbildung Das Bauunternehmen Ernst Kreuder engagiert sich seit fünf Jahren in der.PDF,C:\PythonProjects\AfD-project\Corpora\Main Corpus\2020-10\raw_unarchive\Integration durch Ausbildung Das Bauunternehmen Ernst Kreuder engagiert sich seit fünf Jahren in der.PDF,Integration durch Ausbildung; Das Bauunternehmen Ernst Kreuder engagiert sich seit fünf Jahren in der,integration durch ausbildung das bauunternehmen ernst kreuder engagiert sich seit fünf jahren in der,Rheinische Post,rheinische post,Dienstag 27. Oktober 2020,"Wilms-Adrians, Angela",S. 19,531,3856,7d5729b327793d21dadf13a954e2dd06d83bdda5,,unique,keep,,no,,no,,,4920,no,,,,,"Angela Wilms-Adrians
Mönchengladbach Nils Thönnessen kann den Stolz auf Mamadu Fofanah und Mamadou Yero Diallo nicht 
verhehlen. Die beiden Auszubildenden leben nach der Flucht aus Krisengebieten erst seit wenigen Jahren in 
Deutschland. Kürzlich erhielten sie ein erstes Zeugnis von der Berufsschule, die Noten sind gut. Der „Wahnsinn“ sei 
auch ihre schnelle Entwicklung beim Erlernen der deutschen Sprache, berichtet der Baustellenleiter. „Es ist ganz 
fantastisch zu sehen, was wir von den jungen Leuten in der täglichen Arbeit zurückbekommen, wenn wir sie fordern 
und fördern. Die Auszubildenden, die wir momentan beschäftigen, unterstützen unsere Baustellenmitarbeiter 
hervorragend und haben mit ihrem Fachwissen, das sie dabei täglich dazugewinnen, beste Chancen, ihre 
Prüfungen erfolgreich zu absolvieren“, lobt der Ausbildungsleiter für die gewerblichen Berufe bei der Ernst Kreuder 
Bauunternehmung.
Seit fünf Jahren engagiert sich das Unternehmen in der Ausbildung junger Asyl- und Schutzsuchender, die in ihren 
Heimatländern Schule oder Ausbildung nicht beginnen oder nicht fortsetzen konnten. Die Anstrengungen werden 
von der Bundesregierung durch das Integrationsgesetz von 2016 und das Mitte 2019 verabschiedete Gesetz zur 
Duldung bei Ausbildung und Beschäftigung ermöglicht. Gefördert wird auf diese Weise die Integration der 
betroffenen Menschen in Gesellschaft und Arbeitsmarkt. Von besonderer Bedeutung für ausbildende Unternehmen 
ist die „Drei-plus-zwei-Regelung“. Sie besagt, dass geduldete Flüchtlinge für die Zeit ihrer Ausbildung und 
unmittelbar danach in Deutschland bleiben dürfen.
Oliver Schilden berichtet, dass der erste auszubildende Geflüchtete, mit dem das Bauunternehmen 2016 die 
Zusammenarbeit aufnahm, inzwischen die Gesellenprüfung zum Straßenbauer erfolgreich absolviert hat und 
übernommen wurde. „Wir sind sehr stolz auf ihn und freuen uns täglich darüber, ihn in unserem Team zu haben“, 

Integration durch Ausbildung; Das Bauunternehmen Ernst Kreuder engagiert sich seit fünf Jahren in der 
Ausbildung junger Asyl- und Schutzsuchender.
so der geschäftsführende Gesellschafter von Ernst Kreuder. Er versichert, vom Konzept „restlos überzeugt“ zu sein 
und erklärt im Namen des Unternehmens: „Wir werden auch zukünftig diese Strategie fortsetzen und weiterhin 
jungen Menschen aus fremden Ländern die Möglichkeit geben, sich durch eine qualifizierte Ausbildung eine 
Lebensgrundlage zu schaffen“.
Die neuen Auszubildenden Fofanah und Dialla betonen, einen Ausbildungsplatz zum Traumberuf erhalten zu 
haben. Es gefalle ihnen, an der frischen Luft zu arbeiten und die Früchte ihres Handwerks wachsen zu sehen. „Hier 
kann ich immer wieder herkommen und auch anderen Leuten zeigen, was ich gemacht habe“, versichert der 19-
jährige Fofanah stolz. Er flüchtete aus Sierra Leone und fand nach Mönchengladbach. Der 17-jährige Diallo sagt, er 
habe das Unternehmen bei einem Praktikum im Januar kennen- und schätzengelernt. Seit zwei Jahren in 
Deutschland kann er sich – wie sein Kollege – in der bis vor kurzem noch fremden Sprache gut verständigen. „Die 
Mitarbeiter achten darauf, dass die Jungs auch gleich das Fachvokabular lernen“, hebt Thönnessen hervor. Er freut 
sich über den bisherigen Erfolg der angehenden Facharbeiter. Zugleich wünscht er sich, dass sich noch viel mehr 
Unternehmen mit dem Thema beschäftigen und jungen Flüchtlingen die Chance auf eine qualifizierte Ausbildung 
ermöglichen.
Beim Blick auf seine Erfahrungen versichert der Baustellenleiter: „Das, was ein Unternehmen in diese Menschen 
investiert, bekommt es in den allermeisten Fällen um ein Vielfaches zurück.“
Mittelständische Firma mit rund 80 Mitarbeitern
Unternehmen Die Firma Ernst Kreuder beschäftigt rund 80 Mitarbeiter.
Projekte Das Unternehmen ist auf Hoch- und Tiefbau von der Konzeption bis zur Übergabe ausgerichtet."
2020-10,Main Corpus,2020-10(50).ZIP,Integration klappt fast immer Bildung Mitarbeiter des Ludgerus-Werks berichten von guten Erfahrungen.PDF,C:\PythonProjects\AfD-project\Corpora\Main Corpus\2020-10\raw_unarchive\Integration klappt fast immer Bildung Mitarbeiter des Ludgerus-Werks berichten von guten Erfahrungen.PDF,Integration klappt fast immer ; Bildung Mitarbeiter des Ludgerus-Werks berichten von guten Erfahrungen,integration klappt fast immer  bildung mitarbeiter des ludgeruswerks berichten von guten erfahrungen,Nordwest-Zeitung,nordwestzeitung,22. Oktober 2020,,VECHTA; S. 16,447,3071,0b517f48cea668dd59420cb29b47391838850314,,unique,keep,,no,,no,,,4344,no,,,,,"Lohne/EB - Teema Ghanwms Kinder gehen aufs Gymnasium, und seit vier Monaten drückt auch sie selbst wieder 
die Schulbank: in einem Alphabetisierungskurs des Ludgerus-Werks Lohne für Flüchtlinge. Vor drei Jahren ist die 
38-Jährige aus Syrien vor dem Bürgerkrieg nach Deutschland geflohen. Hier angekommen, hat sie sich zunächst 
um die Söhne gekümmert. Jetzt will sie mehr: Deutsch lernen und danach eine Ausbildung zur Erzieherin machen, 
lautet der Plan der 38-Jährigen.
 Wir schaffen das 
Fünf Jahre ist es inzwischen her, dass zahlreiche Geflüchtete aus Syrien, dem Irak und anderen Ländern nach 
Deutschland kamen. Angela Merkel sagte damals den inzwischen legendären Satz: Wir schaffen das. Und Insa 
Born und Norbert Plicht vom Ludgerus-Werk finden: Wir haben das geschafft und werden das weiter schaffen. 
Rund 2200 Geflüchtete haben die Sprach- und Integrationskurse des Ludgerus-Werks durchlaufen. Dazu gehören 
Kurse in Alphabetisierung, zur Sprachförderung, in Integration, zur Vorbereitung auf den Beruf und Seminare, die 
hoch qualifizierte Geflüchtete auf ein Studium in Deutschland vorbereiten. Es sind hohe Hürden, die die Dozenten 
mit ihren Teilnehmern überwinden.
Aus Sicht von Born und Plicht funktioniert die Integration bei jüngeren Menschen naturgemäß leichter als bei 
älteren. Aber in den allermeisten Fällen klappe das auch bei den Älteren irgendwann, das zeige die Erfahrung.

 Integration klappt fast immer ; Bildung Mitarbeiter des Ludgerus-Werks berichten von guten Erfahrungen
Norbert Plicht erzählt von dem jungen Mann, der in der Nordwestbahn gewissenhaft seine Fahrkarte kontrolliert hat: 
Es war einer seiner ehemaligen Schüler. Andere sind als Auszubildende in Handwerksbetrieben, in Pflegeheimen, 
im Einzelhandel und in der Lohner Industrie untergekommen.
Es könnten sogar noch mehr Menschen in qualifizierten Jobs arbeiten, glaubt Norbert Hinzke, Leiter der 
Familienbildungsstätte im Ludgerus-Werk. Aber die Wartelisten für einen Platz im Integrationskurs sind lang und 
durch die Abstandsregeln während der Corona-Pandemie noch länger geworden. Es fehlt uns an großen Räumen 
, sagt Insa Born.
Lange Wartezeiten
Außerdem gebe es zu wenige Dozenten, die durch das Bundesamt für Migration und Flüchtlinge (BAMF) 
zugelassen seien. Das alles führe dazu, dass Teilnehmer bis zu zwei Jahre auf einen Alphabetisierungs- oder 
Integrationskurs warten müssten. Da bilde Lohne aber keine Ausnahme.
Wie wichtig auch den Teilnehmenden die Kurse sind, merken Plicht und Born fast täglich. Besonders bei Frauen sei 
das auffällig: Sie bekommen hier eine Chance auf einen Beruf. Etwas, was in ihrer Heimat oft nicht möglich war , 
sagt Plicht.
Entgegen so mancher Stammtischmeinung gebe es nur wenige Teilnehmer, die keine Lust auf Integration hätten. 
Und wenn jemand den Unterricht schwänze, kürze das Jobcenter das Arbeitslosengeld II ganz nach dem Prinzip 
fördern und fordern .
Teema Ghanwm benötigt diesen Druck nicht. Die Aussicht auf eine gute Zukunft in Deutschland für sich und ihre 
Familie ist ihr genug.
PDF-Datei dieses Dokuments"
2020-10,Main Corpus,2020-10(50).ZIP,Jeder zehnte Asylbewerber kommt aus einem Staat mit Visumfreiheit Die EU befreit immer mehr Länder v.PDF,C:\PythonProjects\AfD-project\Corpora\Main Corpus\2020-10\raw_unarchive\Jeder zehnte Asylbewerber kommt aus einem Staat mit Visumfreiheit Die EU befreit immer mehr Länder v.PDF,Jeder zehnte Asylbewerber kommt aus einem Staat mit Visumfreiheit; Die EU befreit immer mehr Länder von,jeder zehnte asylbewerber kommt aus einem staat mit visumfreiheit die eu befreit immer mehr länder von,Die Welt,die welt,Donnerstag 15. Oktober 2020,Marcel Leubecher,Politik; S. 5; Ausg. 241,974,7294,8f313adc08334274cb08f7cb780d6b7b851c2deb,,unique,keep,,no,,no,,,8553,no,,,,,"Die seit Jahren länger werdende Liste der visumbefreiten Staaten wirkt sich auf das Asylsystem aus. Jeder zehnte 
Asylbewerber in Deutschland stammt inzwischen aus einem Land, das von der Visumpflicht befreit ist.
Wie das Bundesinnenministerium auf WELT-Anfrage mitteilte, wurden im vergangenen Jahr 15.655 der 165.938 
Asylanträge von Bürgern solcher Staaten gestellt. Darunter vor allem Georgier (3880), Moldauer (2839), Serben 
(2718) und Nordmazedonier (2258). Georgien ist laut Bundesamt für Migration und Flüchtlinge (BAMF) das 
zehntwichtigste Herkunftsland von Schutzsuchenden. Die Schutzquote liegt allerdings aktuell nur bei 0,9 Prozent.
Seit Gewährung der Visumfreiheit im Frühjahr 2017 haben Asylanträge von Bürgern des osteuropäischen Staats 
deutlich zugenommen. Weil diese Entwicklung befürchtet worden war, hatten die französische und deutsche 
Regierung eine Not-Klausel in den EU-Vertrag mit Georgien hineinverhandelt. Demnach darf die Visumfreiheit 
ausgesetzt werden, wenn die Zahl der unbegründeten Asylanträge stark ansteigt. Bisher wurde diese Klausel aber 
noch nicht in Anspruch genommen.
Abschiebungen nach Georgien gelingen nicht ganz so selten wie in die meisten anderen Staaten. 1177 Personen 
wurden 2019 in die ehemalige Sowjetrepublik abgeschoben. Nur nach Albanien gab es noch mehr Abschiebungen 
ins Herkunftsland. Wenn Dublin-Abschiebungen einbezogen werden, mit denen Asylbewerber in den für sie 
zuständigen Staat gebracht werden, lagen auch noch Italien und Frankreich vor Georgien.
Der Versuch der Bundesregierung, den Asylmissbrauch durch Einstufung Georgiens als ""sicherer Herkunftsstaat"" 
etwas zu reduzieren, scheiterte bislang ebenfalls. Und zwar aus zwei Gründen: Erstens darf in der Bundesrepublik, 
anders als in den meisten anderen Staaten, die Regierung nur mit Zustimmung der Länderkammer Staaten als 
""sicher"" einstufen. Und zweitens haben Grüne und Linkspartei im Bundesrat inzwischen eine Blockademehrheit, sie 
sind also an so vielen Landesregierungen beteiligt, dass sie die Zustimmung der Länderkammer verhindern 

Jeder zehnte Asylbewerber kommt aus einem Staat mit Visumfreiheit; Die EU befreit immer mehr Länder von 
der Visumpflicht - mit der Folge, dass die Zahl der Asyl....
können. Gegen weitere ""sichere Herkunftsstaaten"" sprechen sich fast alle Landesregierungen mit Beteiligung der 
Linkspartei und der Grünen aus, die einzige Ausnahme bildet das grün-schwarz geführte Baden-Württemberg.
Sobald ein Staat als ""sicher"" eingestuft wird, können seine Bürger zwar weiter Asylanträge stellen und erhalten 
auch eine Anhörung mit Einzelfallprüfung und Rechtsschutz. Aber: Die Bundesländer dürfen die Asylbewerber 
länger in Erstaufnahmeeinrichtungen unterbringen, die Migranten haben kürzere Klagefristen und dürfen keine 
Arbeit aufnehmen. Die Erfahrung zeigt: Je schneller ein Verfahren abgeschlossen ist und je weniger 
Integrationsmaßnahmen die Migranten erhalten, desto eher gelingt eine Rückführung.
EU-weit liegt der Anteil der Asylbewerber aus von der Visumpflicht befreiten Staaten übrigens noch deutlich höher 
als in Deutschland. Im mehr als 300 Seiten umfassenden Vorschlag der EU-Kommission für eine Reform des EU-
Asylsystems heißt es, ""fast ein Viertel der bei den Mitgliedstaaten eingegangenen Asylanträge"" würden von 
Antragstellern eingereicht, ""die visumfrei in den Schengenraum einreisen können"".
Die hohe Quote kommt vor allem durch eine Besonderheit in Spanien zustande: Das Land verzeichnet seit 2019 
einen sprunghaften Anstieg der Asylanträge. Dort stammen allerdings - völlig anders als in jedem anderen EU-
Staat - vier Fünftel aller Antragsteller aus visumbefreiten Ländern Lateinamerikas, vor allem aus Venezuela und 
Kolumbien. Bürger von dort dürfen ohne Visum in den Schengenraum einreisen und sich bis zu 90 Tage pro 
Halbjahr dort (beziehungsweise in der EU, die bis auf wenige Ausnahmen deckungsgleich mit dem Schengenraum 
ist) aufhalten. Nach ihrer Einreise stellen die Lateinamerikaner in Spanien Asylanträge, die größtenteils abgelehnt 
werden.
In dem von der EU-Kommission Ende September vorgelegten Vorschlag für eine Reform des EU-Asylsystems - im 
politischen System der EU darf nur die Kommission unionsweite Gesetzesvorschläge einbringen - wird eine Abkehr 
von der großzügigen Visavergabe erwogen. So könne ""die Visumpolitik"" eingesetzt ""werden, um die Zahl 
unbegründeter Asylanträge aus Ländern, die von der Visumpflicht befreit sind, einzudämmen"". Auch nach der 
Reform soll auf die schon aktuell bestehenden Möglichkeiten der Visabeschränkung zurückgegriffen werden 
können. ""Der Visa-Aussetzungsmechanismus sieht die systematische Bewertung von visumfreien Ländern anhand 
von Kriterien vor, die Risiken irregulärer Migration und missbräuchlicher Asylanträge einschließen. Dies kann 
letztlich dazu führen, dass Drittländer aus der Liste der von der Visumpflicht befreiten Länder gestrichen werden"", 
schreibt die Kommission.
In den vergangenen Jahren wurde von diesem Mittel aber nie Gebrauch gemacht, obwohl mehrmals deutsche 
Politiker oder auch Frankreichs Präsident Emmanuel Macron für eine strengere Visumpolitk etwa gegenüber 
Georgien warben. Die Visumbefreiung für die ehemalige Sowjetrepublik hatte sich nur wegen der Befürchtung, es 
könne zu steigendem Asylmissbrauch kommen, so lange hingezogen. Eigentlich war die Einführung der 
Visumfreiheit schon seit Mai 2016 für die EU quasi beschlossene Sache, die Unterhändler mussten aber auf 
Wunsch Deutschlands und Frankreichs Details für den sogenannten Aussetzungsmechanismus aufnehmen, mit 
dessen Hilfe die Visumfreiheit bei Missbrauch zügig ausgesetzt werden kann.
Nach aktueller Rechtslage ist es Frankreich oder Deutschland nicht mehr möglich, selbst mit einer Aussetzung der 
Visumbefreiung auf Asylmissbrauch zu reagieren. Infolge des Schengen-Abkommens haben die Mitgliedstaaten die 
Souveränität in diesem Politikbereich weitgehend an die EU übertragen. Theoretisch könnten solche einmal 
abgegebenen Kompetenzen auch wieder zurückverlagert werden, indem die entsprechenden EU-Verträge 
geändert würden. Derzeit gibt es aber keine Bestrebungen in diese Richtung in der deutschen oder französischen 
Regierung.
Eine Aussetzung der Visumbefreiung wäre allerdings kein Allheilmittel gegen Zuwanderung von Nicht-
Schutzberechtigten aus den jeweiligen Staaten über das Asylsystem. Beispielsweise sind die nicht-visumbefreiten 
Staaten Kosovo und Türkei seit vielen Jahren durchgängig unter den wichtigsten Herkunftsländern von nicht-
schutzberechtigten Asylbewerbern in Deutschland. Beide Staaten drängen zwar seit Langem auf Visumfreiheit für 
ihre Staatsbürger - doch wurde sie bisher nicht gewährt. Aktuell reisen Asylbewerber von dort vor allem unerlaubt 
ein oder indem sie Visa beantragen - etwa zum Verwandtenbesuch oder als Tourist - und dann Asylanträge stellen. 
Jeder zehnte Asylbewerber kommt aus einem Staat mit Visumfreiheit; Die EU befreit immer mehr Länder von 
der Visumpflicht - mit der Folge, dass die Zahl der Asyl....
Nach einer Visumbefreiung entfiele dieser Aufwand der unerlaubten Einreise oder der Visumbeantragung für 
Bürger der jeweiligen Staaten, die in Deutschland Asyl beantragen möchten.
Original Gesamtseiten-PDF
Graphic
 
Ausblick von der Burg Narikala auf Georgiens Hauptstadt Tiflis"
2020-10,Main Corpus,2020-10(50).ZIP,Kein Partner für Europa.PDF,C:\PythonProjects\AfD-project\Corpora\Main Corpus\2020-10\raw_unarchive\Kein Partner für Europa.PDF,Kein Partner für Europa,kein partner für europa,Frankfurter Rundschau,frankfurter rundschau,Donnerstag 15. Oktober 2020,,MEINUNG; S. 10,481,3610,9e89fe7092996d32a4ba2ba1f12dcbbaaa10a0c8,,unique,drop,commentary_noncore,no,,no,,,5287,yes,commentary_noncore,,,,"Viktor Orban ist mit einer bewundernswerten Immunität ausgestattet. Der Europäische Gerichtshof hat nunmehr 
zum vierten Male seit Jahresbeginn den Bruch rechtsstaatlicher Normen in Ungarn festgestellt. 
Nach der Weigerung, sich an der Lösung der Flüchtlingsfrage zu beteiligen, um Griechenland und Italien zu 
entlasten, wurde die rechtswidrige Unterbringung von Asylbewerbern in Ungarns Flüchtlingslagern verurteilt. 
Wenige Wochen später stellten die Richter des EuGH fest, dass diskriminierende Gesetze die im Land ansässigen 
Nichtregierungsorganisationen massiv in ihrer Arbeit behindern, weil jeder Spendengeber ohne Schutz persönlicher 
Daten registriert werden muss. Für Amnesty International steht fest, dass es vor allem darum gehe, unabhängige 
NGOs, die sich für die Einhaltung der Rechtsstaatlichkeit einsetzen, zum Schweigen zu bringen. 
Und nun wurde auch dem Hochschulgesetz nachgewiesen, dass es gegen europäisches Recht verstößt. Es war im 
Jahre 2017 vor allem erlassen worden, um die renommierte, von George Soros begründete und finanzierte Central 
European University aus dem Land zu treiben. Sie musste inzwischen nach Wien ausweichen. 
Orban behauptet, ein „Soros-Netzwerk“ sei das „westeuropäische Hauptquartier des liberalen Imperialismus“. Er 
scheut auch nicht die fatale Nähe zu einer in „Stürmer“-Manier betriebenen antisemitischen Propaganda.
Die EU-Kommission hat nun erstmalig „Rechtsstaatsberichte“ vorgelegt, um einen Überblick zu gewinnen, wie es 
um Medienvielfalt, Gewaltenteilung und Justiz in den Mitgliedsstaaten steht. Für Ungarn konstatierte sie mangelnde 
Unabhängigkeit der Justiz, systematische Behinderung und Einschüchterung unabhängiger Medien und Mängel bei 
der Korruptionsbekämpfung. 
Katarina Barley, Vizepräsidentin des Europaparlaments, hat sich vehement dafür ausgesprochen, künftig die 
Vergabe von EU-Mitteln an die Einhaltung rechtsstaatlicher Grundwerte zu binden. Man kann also mit einer 
heftigen Zuspitzung der Debatte um die Verabschiedung des nächsten Siebenjahreshaushalts rechnen, wenn 
Orban mit seinen Verschwörungsthesen auf den Fang nach Verbündeten geht. Den Begriff der Rechtsstaatlichkeit 
nennt er offen eine „Erpressungsregel“.
Barley verwies darauf, dass Ungarns Staatschef auch persönlich einiges zu verlieren habe, wenn „die EU-Bürger 
nicht länger bereit sind, ihr Steuergeld in die korrupten Taschen von Orban fließen zu lassen“. Aber ob das EU-

Kein Partner für Europa
Parlament sich stark genug zeigen wird, Orbans Position im Europäischen Rat zu beeinflussen, steht noch in den 
Sternen der Europafahne.
Zu Hause, in den inzwischen fast gleichgeschalteten Medien, schießt Orban aus allen Propagandarohren. In 
„Magyar Nemzet“, einer mehr als regierungsnahen Zeitung, veröffentlichte er kürzlich einen langen Text, der keinen 
Zweifel an seinen Zielen und Feindbildern lässt. Darin war zu lesen: „Weltweit versucht eine liberale Elite, Europas 
christliche Konservative zu zerstören!“ … „Unsere nationalen und christlichen Prinzipien sind nicht liberal. Sie sind 
vor dem Liberalismus entstanden. Sie stehen dem Liberalismus entgegen. Der Liberalismus zerstört sie heute.“ 
Bemerkenswert auch Orbans Statement, eine liberale Demokratie könne nur „Zusammenbruch und Chaos bringen, 
mehr Schaden als Nutzen. Deshalb drücken wir auch für Donald Trumps Sieg die Daumen, weil wir die auf dem 
moralischen Imperialismus basierende Außenpolitik der Demokraten-Regierungen der USA gut kennen … Wir 
möchten keinen Nachschlag.“ Was will Europa mit solch einem Partner?
Von Klaus Staeck
Klaus Staeck ist Grafiker.
Link zum PDF-Dokument"
2020-10,Main Corpus,2020-10(50).ZIP,Kämpfertyp Wie der Iraner Kasra Mehdipournejad Teil des olympischen Flüchtlingsteams wurde und seine.PDF,C:\PythonProjects\AfD-project\Corpora\Main Corpus\2020-10\raw_unarchive\Kämpfertyp Wie der Iraner Kasra Mehdipournejad Teil des olympischen Flüchtlingsteams wurde und seine.PDF,Kämpfertyp Wie der Iraner Kasra Mehdipournejad Teil des olympischen Flüchtlingsteams wurde und seine,kämpfertyp wie der iraner kasra mehdipournejad teil des olympischen flüchtlingsteams wurde und seine,"taz, die tageszeitung",taz die tageszeitung,Samstag 10. Oktober 2020,Markus Völker,SPORT; S. 39,1260,8482,1609a91b279dfc743c5638fc925e0f9393f5b365,,unique,keep,,no,,no,,,9940,no,,,,,"Aus Berlin Markus Völker
Kasra Mehdipournejad ist wie so oft in dieser Woche zeitig aufgestanden. Er ist in Spandau in den Bus gestiegen, 
eine halbe Stunde zum Ernst-Reuter-Platz gefahren, um dort in einem Gym zu trainieren. Sein persönlicher Trainer 
Niklas erwartet ihn am Empfang. Coach Niklas hat imposante Muskeln, sein Schützling sieht eher schmächtig aus. 
Kasra Mehdipournejad ist groß und schlank. Man könnte ihn für einen Volleyballer halten. Aber er ist Kampfsportler. 
Seit er 13 ist, macht er Taekwondo, den Kontaktsport aus Korea, der seit den Spielen von Sydney olympisch ist. 
Der Schlaks aus Isfahan eifert seit frühester Jugend dem iranischen Doppel-Olympiasieger Hadi Saei nach.
Mehdipournajad, 27, lächelt freundlich, als er den Gast von der Zeitung per Handschlag in einem Verschlag des 
Gyms begrüßt. Er bedankt sich mehrfach für das Interesse an einem Athleten des olympischen Flüchtlingsteams. 
Das Flüchtlingsteam des Internationalen Olympischen Komitees (IOC) gibt es seit 2016, als eine Migrationswelle 
einsetzte und auch Leistungssportler aus Krisengebieten nach Europa oder in sichere afrikanische Länder 
flüchteten, etwa von Südsudan nach Kenia.
Yusra Mardini aus Syrien wurde das Gesicht des heute 50 Köpfe zählenden Teams, weil die seit 2015 in 
Deutschland lebende Sportlerin nicht nur leidlich kraulen konnte, sondern mit ihrem Charme und ihrer krassen 
Fluchtgeschichte Journalisten aus der ganzen Welt beeindruckte. Mardini sprach fließend Englisch, und auch 
Mehdipournejad kann sich mittlerweile gut in dieser Weltsprache verständlich machen.
Als er im November 2017 vom iranischen Isfahan über Istanbul nach Berlin flog, mit einem 20-Tage-Visum und 
lediglich ein paar Sachen in der Tasche, da sprach er nur Farsi. Derzeit hat er seinen Deutsch-Onlinekurs (A1) fast 
beendet ( Ich verstehe 80 Prozent ). Ab und zu wirft er ein deutsches Wort während des Gesprächs ein. Er sagt 

Kämpfertyp Wie der Iraner Kasra Mehdipournejad Teil des olympischen Flüchtlingsteams wurde und seine 
Träume als Taekwondo-Spezialist in Berlin verwirklichen wil....
zum Beispiel: Ach so, they don t have Pause als er über das professionelle Training seines besten iranischen 
Freunds Milad Begi in Aserbaidschan spricht.
Die beiden sprechen täglich miteinander, kein Wunder, haben sie doch gemeinsam in Iran gekämpft und gelitten. 
Der eine ist in Aserbaidschan gelandet, der andere in Deutschland. 2016 und 2017 war er ein echtes Taekwondo-
Monster , sagt Kasra Mehdipournejad über seinen Kumpel; praktisch unschlagbar und mit einem Abonnement auf 
den WM-Titel. Er selbst hat in den vergangenen Jahren einige Medaillen bei europäischen Wettkämpfen 
gewonnen, der Polish Open zum Beispiel oder der Belgium Open.
Eigentlich, sagt Mehdipournejad, habe er wieder zurückkehren wollen in den Iran, damals in den kalten und grauen 
Berliner Herbsttagen. Aber vor allem seine Mutter riet ihm zu bleiben. Die Lage in der Heimat sei schwierig. In 
seiner Familie, sagt er, gab es schon Inhaftierungen. Er äußert sich kritisch übers Mullah-Regime, eine IOC-
Mitarbeiterin autorisiert allerdings nicht den Wortlaut seiner Aussagen. Zur Sprache kommt auch die Hinrichtung 
des Ringers Navid Afkari am 12. September; Afkari soll bei einer Demonstration gegen das Regime einen 
Sicherheitsbeamten getötet haben, er wurde trotz weltweiter Proteste nicht verschont.
Seit den Sanktionen gegen Iran geht es in dem Land ökonomisch bergab. Vor allem der Mittelstand und die 
ärmeren Schichten sind betroffen. Nicht wenige Auslandsiraner finden, dass die Unterstützung für das Regime 
schwindet. Mehdipournejad kennt keinen, der ein glühender Anhänger des Religionsführers Ajatollah Ali Chamenei 
wäre. Wer es sich leisten kann, verlässt das Land. Der Braindrain, also die Abwanderung der Begabten und 
Begüterten, ist erheblich. Die Rede ist von 120.000 Menschen, die jährlich Iran verlassen, um anderswo ihr Glück 
zu suchen. Vor allem der Anteil von abwanderungswilligen Akademikern, Facharbeitern und auch religiös 
Verfolgten ist hoch.
Die Elite flieht, Ingenieure gehen, Ärzte und Sportler. Ihre Namen: Ghazal Hakimi-Fard, Dersa Derakshani und 
Mitra Hejazipour (alle Schach), Parisa Farshidi, Kimia Alizadeh und Raheleh Asmani (alle Taekwondo), Saeid 
Mollaei (Ringen), Mina Alizadeh und Arezoo Motamedi (beide Rudern).
Parisa Farshidi kennt Mehdipournejad sehr gut. Sie ist seine Frau. Farshidi, die auf alten Bildern im Netz noch 
Kopftuch trägt, inszeniert sich mittlerweile wie ihr Ehemann auch im westlichen Konsumstil auf Instagram. Die 
Taekwondo-Erfolge von Farshidi liegen einige Jahre zurück; 2010 gewann sie eine Medaille bei den Asien-Spielen. 
Sie ist eine große Taekwondo-Sportlerin in Iran , sagt Mehdipournejad. Vor zwei Jahren haben sie geheiratet. Da 
war Farshidi noch in Teheran.
Die Fernhochzeit mit einem Athleten des IOC-Flüchtlingsteams erregte Aufmerksamkeit in Iran, und es war nicht 
klar, ob Farshidi das Land überhaupt noch verlassen kann. Doch es funktionierte. Vor gut einem Jahr kam sie nach 
Berlin. Während ihr Mann eine Aufenthaltserlaubnis für drei Jahre erhielt, gültig bis 2021, wurde ihr Asylantrag 
abgewiesen. Sie geht anwaltlich gegen die Entscheidung vor, aber die Situation ist schwierig , sagt 
Mehdipournejad. Ich brauche sie, sie ist meine Partnerin, meine Trainerin, sie ist alles. 
Während des Lockdowns haben sie in der kleinen Wohnung miteinander trainiert. Man kann sich auf Instagram 
anschauen, wie sie Sparring machen. Die Beine von ihm schnippen wie von Sprungfedern angetrieben in Kopfhöhe 
und wieder zurück. Im Taekwondo ist Schnelligkeit, Flexibilität und Impulsivität alles. Man muss den Gegner 
überraschen. Doch im Coronajahr 2020 geht das nur im Training. Alle Wettkämpfe wurden vom Weltverband 
abgesagt. Anfangs fand ich es gut , sagt er über das Training in diesen Zeiten, ich konnte meine Verletzungen 
auskurieren, an der Technik arbeiten, aber mittlerweile Mehdipournejad bricht mitten im Satz ab und hebt zu einer 
Geste der Verzweiflung an.
Er würde gern wieder unter Wettkampfbedingungen antreten. Das geht wohl erst wieder Ende Januar in Sofia, 
wenn ein Olympia-Qualifikationsturnier ansteht. Schön wäre auch mal wieder ein Trainingslager im Ausland. Mit 
dem Refugee Team war er in Südkorea und in Katar. Die Trainingseinheiten in seinem Berliner Klub sind weniger 
effektiv, denn ihm fehlen in der Hauptstadt ebenbürtige Trainingspartner, auch ist ihm das Training am Abend zu 
spät. Der Weg hin und zurück kostet ihn zwei Stunden. Geplant ist demnächst immerhin ein Trainingscamp in 
Kämpfertyp Wie der Iraner Kasra Mehdipournejad Teil des olympischen Flüchtlingsteams wurde und seine 
Träume als Taekwondo-Spezialist in Berlin verwirklichen wil....
Nürnberg, dem nationalen Zentrum der Taekwondo-Elite. Seitdem aber in Berlin in vielen Stadtbezirken die 
Corona-Ampeln auf Rot stehen, ist wohl auch dieser Termin gefährdet.
 Berlin ist keine so gute Umgebung für Taekwondo, alles ist auf Fußball fixiert , sagt er, wenngleich sein Coach 
beim Taekwondo Elite Berlin e. V., Mr. Sven , mit vollem Namen Sven Fröscher, ein toller Typ sei. Fröscher 
verwaltet das Geld vom IOC, das alle vier Monate aus Lausanne überwiesen wird. Wenn Mehdipournejad etwas 
braucht, dann wendet er sich an Fröscher. Das IOC macht wirklich vieles möglich. Wir Refugee Athletes fühlen uns 
ein bisschen wie eine eigene Nationalmannschaft , sagt der Iraner, der unbedingt an den Olympischen Spielen in 
Tokio teilnehmen will. In der Klasse bis 80 Kilo.
Einmal hat er versucht, sich in die nächstniedrigere Klasse bis 68 Kilogramm zu hungern, aber diese zwei Monate 
der ständigen Askese hätten nicht funktioniert. Zehn Kilo waren einfach zu viel , sagt er. Ich habe dermaßen 
gelitten, irgendwann ging es nicht mehr. Derzeit wiege er etwa 78 Kilo, ein Gewicht, das er bis Tokio 2021 
eigentlich nur halten muss, neben einer sehr guten Form.
Drei große Ziele hat er fürs kommende Jahr: die deutsche Sprache beherrschen, bei Olympia und der WM gut 
abschneiden. Danach will er entscheiden, ob er weiter Leistungssportler bleibt. Wobei: Olympia 2024 im Dress des 
deutschen Nationalteams, das würde ihn reizen, sagt er und spricht davon, wie er in ein paar Jahren in Berlin 
zusammen mit seiner Frau einen Taekwondo-Klub eröffnet. Dort möchte er anderen einen Gygolo-Chagi und 
Batangson-Jirugi näherbringen, Peitschentritt und Handballenstoß.
 Berlin ist keine so gute Umgebung für Taekwondo, alles ist auf Fußball fixiert"
2020-10,Main Corpus,2020-10(50).ZIP,Leuchtturm der Asylpolitik Kanada lässt Flüchtlinge gezielt einreisen. Unser Gastautor Gerald Knaus.PDF,C:\PythonProjects\AfD-project\Corpora\Main Corpus\2020-10\raw_unarchive\Leuchtturm der Asylpolitik Kanada lässt Flüchtlinge gezielt einreisen. Unser Gastautor Gerald Knaus.PDF,Leuchtturm der Asylpolitik Kanada lässt Flüchtlinge gezielt einreisen. Unser Gastautor Gerald Knaus hält das,leuchtturm der asylpolitik kanada lässt flüchtlinge gezielt einreisen unser gastautor gerald knaus hält das,Welt am Sonntag,welt am sonntag,11. Oktober 2020,Gerald Knaus,FORUM; ESSAY; S. 12; Ausg. 41,1333,9459,4693c68e32f8738107cbaa497efd8c35a5a9d45a,,unique,keep,,no,,no,,,11000,yes,commentary_noncore,,,,"Im Internierungslager in Papua-Neuguinea nannten sie Amir Taghinia ""den Lehrer"". Er war im Iran als Jugendlicher 
zum Christentum übergetreten und dann geflohen: ""Ich verließ den Iran mit 15 Jahren und ging nach Malaysia. Dort 
lebte ich fünf Jahre und suchte verzweifelt nach einer dauerhaften Lösung, da ich nicht in den Iran zurückkehren 
konnte. Schließlich musste ich Malaysia verlassen."" Und so machte sich der 20-Jährige in einem Boot auf den Weg 
zu den australischen Weihnachtsinseln, von wo aus er nach Manus in Papua-Neuguinea gebracht wurde. Dort saß 
er viereinhalb Jahre unter unmenschlichen Bedingungen fest.
Es wäre noch länger geworden, hätte Amir auf Manus nicht die kanadisch-australische Doppelstaatsangehörige 
Chelsea Taylor kennengelernt, die für einen Gesundheitsdienstleister im Lager arbeitete. Nachdem sie wieder nach 
Hause zurückgekehrt war, erfuhr Amir von Kanadas System privater Patenschaft für Flüchtlinge. Er kontaktierte 
Chelsea Taylor. Die Taylors mobilisierten eine Gruppe von zwölf kanadischen Bürgern, die einen Antrag auf 
Patenschaft für den als Flüchtling anerkannten Amir bei der Einwanderungsbehörde stellten. Sie sammelten 12.400 
Euro. Im November 2017 kam Amir am Flughafen in Vancouver an: ""Sie betrachteten mich von der ersten Minute 
an als Kanadier.""
Dass Amir dieser Weg offenstand, führt uns vier Jahrzehnte zurück: zur Krise der Bootsflüchtlinge in Südostasien 
und zur ""Hai Hong"", dem Schiff, das mit 2500 Menschen an Bord, einem Motorschaden und ohne Vorräte am 9. 
November 1978 vor Malaysia vor Anker ging. Und dem Malaysia damals drohte, es wieder aufs Meer 
hinauszubringen. Kanadische Medien berichteten über das Schiff, und am 15. November kündigte der 
Einwanderungsminister der Provinz Quebec an, 200 Flüchtlinge von der ""Hai Hong"" aufzunehmen. Das kanadische 
Bundesparlament versprach, 600 Passagiere des Schiffes nach Kanada zu holen. Die Vereinigten Staaten, 
Deutschland und die Schweiz folgten dem Beispiel Kanadas. Damals wurde zudem das kanadische 
Einwanderungsgesetz um eine Bestimmung ergänzt, die Umsiedlungen von Flüchtlingen auch durch Privatbürger 
ermöglichte. Private Paten konnten sich verpflichten, die Versorgung von Flüchtlingen zu übernehmen. Ende 1978 
erhöhte Kanada seine jährliche Aufnahmequote für Bootsflüchtlinge auf 5000, im Juli 1979 stockte es sie auf 8000 
auf.

Leuchtturm der Asylpolitik Kanada lässt Flüchtlinge gezielt einreisen. Unser Gastautor Gerald Knaus hält das 
für eine gute Idee - mit der Deutschland die Krise ....
Doch dann löste die Initiative einer empathischen Person eine Lawine der Solidarität aus. An einem regnerischen 
Wochenende im Sommer 1979 sah die gerade erst gewählte Bürgermeisterin der kanadischen Hauptstadt Ottawa, 
Marion Dewar, im Fernsehen Menschen, die mit kleinen, unsicheren Booten aus Vietnam flohen, nur um dann 
zurück aufs offene Meer geschoben zu werden. Dewar war schockiert. Sie rief Gemeindevertreter zusammen. Ein 
Vertreter der kanadischen Regierung erklärte, Kanada habe sein Kontingent für südostasiatische Flüchtlinge bereits 
auf 8000 erhöht. Dewar erwiderte: ""Gut. Dann nimmt Ottawa 4000."" Es war die Geburt von ""Projekt 4000"". Der 
Stadtrat sagte dem Projekt am 4. Juli 1979 seine Unterstützung zu. Bei einer öffentlichen Kundgebung kamen 3000 
Menschen zusammen. Rabbi Don Gerber von der jüdischen Reformgemeinde erinnerte daran, dass einst die Türen 
für jüdische Flüchtlinge aus Deutschland geschlossen waren. Das dürfe nicht noch einmal passieren. Projekt 4000 
mobilisierte die ganze Zivilgesellschaft: ""Bankangestellte, Krankenschwestern, Bowlingclubs, Kirchengruppen, die 
unterschiedlichsten Menschen trafen sich, um Familien zu unterstützen.""
Nicht alle waren begeistert. Marion Dewars Sohn Paul erinnerte sich an hasserfüllte Anrufe bei seiner Mutter zu 
Hause. Doch die Initiative veränderte das Land. Im Juli 1979 erhöhte die kanadische Regierung die Obergrenze für 
Neuansiedlungen. Neben der Quote von 8000 erklärte die Regierung, für jede von privaten Paten unterstützte 
Familie eine weitere umsiedeln zu wollen. Bis Ende 1980 wurden 60.000 Flüchtlinge umgesiedelt: 26.000 durch 
den Staat und 34.000 durch Patenschaften. Das Engagement der Bürger half auch bei der Integration. Eine 
Untersuchung zeigte, dass nach 18 Monaten 90 Prozent aller Flüchtlinge im arbeitsfähigen Alter eine 
Beschäftigung gefunden hatten.
Bis heute gibt es in Kanada zwei Programme zur Umsiedlung von Flüchtlingen: eines für staatlich und eines für 
privat finanzierte. Staatlich finanzierte Flüchtlinge werden in der Regel von Partnern der kanadischen Regierung, 
vor allem dem UNHCR, ausgewählt. Die Regierung setzt hierfür jedes Jahr ein Limit. Überdies legt die Regierung 
jedes Jahr die Zahl für Patenschaften fest, die bearbeitet werden können. Die Ziele für 2018 (18.000), 2019 
(19.000) und 2020 (20.000) erinnern an die ehrgeizige Anfangszeit Ende der 70er-Jahre. Bewerbungen werden in 
der Reihenfolge ihres Eingangs bearbeitet. Mitarbeiter des Einwanderungsministeriums machen Interviews mit 
Flüchtlingen vor Ort, um zu sehen, ob sie Schutz benötigen. Es folgen medizinische Untersuchungen und 
Sicherheitsüberprüfungen. Bei der Einreise erhalten die Flüchtlinge alle Papiere, einschließlich der gesetzlichen 
Krankenversicherung. Kanada nahm 2018 bei einer Einwohnerzahl von 37 Millionen Menschen 18.763 Personen 
durch private Patenschaften auf, das entspricht 0,05 Prozent seiner Bevölkerung. Auf die gesamte EU bezogen 
wären das 222.000 Patenschaften, auf Deutschland und Frankreich 74.000.
Die Bedeutung Kanadas als Aufnahmeland für Schutzsuchende ist in den letzten Jahren stetig gewachsen. 2016 
war Kanada das Land, das weltweit pro Kopf die meisten Flüchtlinge durch vom UNHCR organisierte 
Neuansiedlungen aufnahm. Bis heute führt der UNHCR Asylverfahren in vielen Ländern der Welt durch. Die vom 
UNHCR anerkannten Flüchtlinge sollten nach einer Anerkennung in einem Drittland neu angesiedelt werden. Doch 
die Zahl aller Neuansiedlungen durch den UNHCR hat sich seit 2016 mehr als halbiert. Waren es 2016 noch 
126.291 Neuansiedlungen, so verringerte sich die Zahl 2018 auf 55.680. Im Januar 2017 unterzeichnete der neu 
gewählte US-Präsident Donald Trump eine Verordnung. Das US-Programm der Aufnahme von Flüchtlingen wurde 
eingefroren, eine Trendwende eingeleitet. Die USA zogen sich aus dem internationalen Flüchtlingsschutz zurück. 
Seit Januar 2017 hat sich die von den USA zugesagte Zahl von 45.000 (2018) auf 30.000 (2019) und zuletzt auf 
18.000 (2020) reduziert. Auch von diesen Zusagen wurden immer weniger tatsächlich erfüllt.
2019 gab es in Kanada etwa 60.000 Asylanträge. Die Hälfte davon - 30.000 - betrafen Neuansiedlungen durch 
private Patenschaften und den Staat, die anderen Asylanträge, die an Kanadas Grenzen und im Land gestellt 
wurden. Würde Deutschland im gleichen Verhältnis Asylanträge entgegennehmen und Neuansiedlungen 
durchführen wie Kanada, wären dies 135.000 Asylanträge und davon 67.000 Neuansiedlungen im Jahr. In einem 
solchen Szenario gäbe es viel weniger abgelehnte Asylbewerber als heute, die ausreisepflichtig würden. Und es 
würden sich weniger Menschen auf den gefährlichen Weg über das Mittelmeer machen.
Derzeit bleibt in Deutschland die reguläre Aufnahme Schutzbedürftiger durch Neuansiedlungen die große 
Ausnahme. Könnte sich Deutschland bei der Weiterentwicklung von Patenschaften an Kanada orientieren, und 
gleichzeitig irreguläre Migration reduzieren? Und so, mit Kanada, 2021 eine Ottawa-Berlin-Initiative zur 
Leuchtturm der Asylpolitik Kanada lässt Flüchtlinge gezielt einreisen. Unser Gastautor Gerald Knaus hält das 
für eine gute Idee - mit der Deutschland die Krise ....
Wiederbelebung dieses Instruments weltweit lancieren? Stellen wir uns vor, die deutsche Regierung würde der 
Türkei und Griechenland im Rahmen einer neuen EU-Türkei-Erklärung vorschlagen, in den nächsten Jahren jedes 
Jahr bis zu 40.000 Flüchtlinge - 30.000 aus der Türkei und 10.000 aus Griechenland - aufzunehmen, sollte es zu 
einer wirklichen Umsetzung einer neuen Einigung mit schnellen Asylverfahren auf den Inseln in Kooperation mit 
dem BAMF kommen. Die Zahl irregulär Ankommender würde einbrechen, ebenso die Zahl der Toten. Die 
schrecklichen Lager auf den Inseln wären Geschichte. Stellen wir uns des Weiteren vor, Deutschland würde 
Spanien, Malta und Italien anbieten, bis zu 20.000 Menschen im Jahr aus Aufnahmeeinrichtungen im Mittelmeer 
aufzunehmen, käme es dort ebenfalls zu schnellen gemeinsamen Asylverfahren und Rückführungen 
Nichtschutzbedürftiger sowie zu Einigungen mit afrikanischen Herkunftsstaaten. Damit würde die Zahl der 
irregulären Migration über das gesamte Mittelmeer einbrechen.
Würden sich Frankreich, die Beneluxstaaten und Skandinavien Deutschland anschließen, könnte Europa zum 
Leuchtturm internationaler Asylpolitik werden. Eine Politik, bei der in naher Zukunft in einem durchschnittlichen Jahr 
130.000 Menschen einen Asylantrag in Deutschland stellen, wovon die Hälfte in einem geordneten Verfahren ins 
Land käme, wäre ein enormer Fortschritt zu den letzten chaotischen Jahren: Sie würde mehr Schutz, schnellere 
Integration und weniger gefährliche Reisen über das Meer bedeuten.
 Der Text ist ein Vorabdruck aus dem neuen Buch des Autors ""Welche Grenzen brauchen wir? Zwischen Empathie 
und Angst - Flucht, Migration und die Zukunft von Asyl"", das am 12. Oktober bei Piper erscheint 
Original Gesamtseiten-PDF"
2020-10,Main Corpus,2020-10(50).ZIP,Mehr Schutz für Flüchtlinge.PDF,C:\PythonProjects\AfD-project\Corpora\Main Corpus\2020-10\raw_unarchive\Mehr Schutz für Flüchtlinge.PDF,Mehr Schutz für Flüchtlinge,mehr schutz für flüchtlinge,Frankfurter Rundschau,frankfurter rundschau,Freitag 2. Oktober 2020,,HESSEN; S. F18,380,2862,56c48b353805dd877e226e04dc735d5d36abf734,,unique,keep,,no,,no,,,3758,no,,,,,"VON PITT VON BEBENBURG
SPD und Linke fordern Mindeststandards für die Unterbringung von geflüchteten Menschen in Hessen. So sollen 
für jede Person ab sieben Jahren mindestens neun Quadratmeter Wohnfläche zur Verfügung stehen, für kleinere 
Kinder sechs Quadratmeter. Gemeinschaftsunterkünfte müssten „in hinreichender Nähe zu einem Wohngebiet 
gelegen sein“.
Das wollen die beiden Fraktionen im Landesaufnahmegesetz festschreiben und den Entwurf der schwarz-grünen 
Landesregierung entsprechend ändern. Den Antrag brachten sie am Donnerstag im Landtag ein. 
Die Landesregierung sieht keine Notwendigkeit, Mindeststandards zu regeln. Das hatten Wohlfahrtsverbände, 
Flüchtlingsrat und die Ausländerbeiräte bei der Anhörung im August beklagt. Die Liga der Wohlfahrtsverbände wies 
darauf hin, dass sie bereits seit 1992 solche Standards anmahne. 
Eine frühere Bewohnerin der umstrittenen Flüchtlingsunterkunft in Frankfurt-Bonames, Soma Rashid, sagte 
seinerzeit: „So wie in Bonames kann man nicht leben, das ist wie in einem Gefängnis, das macht krank.“
SPD und Linke machen nun konkrete Vorschläge. Danach sollen in Gemeinschaftsunterkünften nicht mehr als 50 
Personen untergebracht werden. Die Außentüren müssten gesondert gesichert sein, um die Bewohnerinnen und 
Bewohner vor Übergriffen zu schützen. Auf die besonderen Bedürfnisse von Kindern, Schwangeren, 
traumatisierten und behinderten Menschen müsse eingegangen werden. Familien müssten gemeinsam 
untergebracht werden, Alleinstehende höchstens zu zweit in einem Zimmer. Dabei sollten sich nicht mehr als fünf 
alleinstehende Personen eine Toilette, eine Dusche und einen Herd teilen müssen.
In einer anderen Landtagsdebatte zur Flüchtlingspolitik hatten die Linken am Donnerstag gefordert, mehr 
Menschen aus den griechischen Lagern aufzunehmen. Dabei ging es auch um die Äußerung der hessischen 
Europaministerin Lucia Puttrich (CDU), dass der Brand im Flüchtlingslager Moria nicht durch eine Verlegung der 
Menschen in andere europäische Länder „belohnt“ werden dürfe. 

Mehr Schutz für Flüchtlinge
Dafür gab es Lob vom AfD-Fraktionsvorsitzenden Robert Lambrou, aber nicht von der eigenen Partei. 
Innenminister Peter Beuth (CDU) rechtfertigte Puttrichs Äußerung vielmehr mit der Bemerkung, sie habe „vor allem 
auch die griechische Position dargestellt“. 
WEG VON MORIA
1553 geflüchtete Menschen aus 408 Familien dürfen von der griechischen Insel Lesbos nach Deutschland 
einreisen. Das hatte die Bundesregierung nach dem Brand des Flüchtlingslagers Moria auf Lesbos entschieden. 
Diese Menschen waren in Griechenland bereits als schutz- bedürftig anerkannt worden. Hessen will 200 dieser 
Menschen aufnehmen. 
150 unbegleitete minderjährige Flüchtlinge sind außerdem bereits nach Deutschland gekommen oder kommen 
noch. Dies war bereits vor dem Brand entschieden worden. pit
Link zum PDF-Dokument"
2020-10,Main Corpus,2020-10(50).ZIP,"Merkel nimmt sich der Sache an Am Dienstag trifft sich die Kanzlerin mit Vertretern von Kommunen, di.PDF","C:\PythonProjects\AfD-project\Corpora\Main Corpus\2020-10\raw_unarchive\Merkel nimmt sich der Sache an Am Dienstag trifft sich die Kanzlerin mit Vertretern von Kommunen, di.PDF","Merkel nimmt sich der Sache an; Am Dienstag trifft sich die Kanzlerin mit Vertretern von Kommunen, die mehr",merkel nimmt sich der sache an am dienstag trifft sich die kanzlerin mit vertretern von kommunen die mehr,Die Welt,die welt,Dienstag 20. Oktober 2020,Ricarda Breyton,Politik; S. 5; Ausg. 245,1308,9573,4d2b157e515e9d2273972a9ce64e20eebb15b7cd,,unique,keep,,no,,no,,,10927,no,,,,,"Für den Potsdamer Oberbürgermeister Mike Schubert (SPD) ist das Treffen an diesem Dienstag ein Erfolg: Seit 
Monaten wirbt er dafür, mehr Migranten aus den Elendslagern der griechischen Inseln aufzunehmen. Gemeinsam 
mit anderen Städten hat er sich im Bündnis Sichere Häfen zusammengeschlossen, das für mehr Mitbestimmung 
der Städte bei der Aufnahme von Migranten plädiert. Er hat Briefe an Bundesinnenminister Horst Seehofer (CSU) 
geschrieben, Pressekonferenzen abgehalten, sich öffentlich positioniert. Bislang mit mäßiger Resonanz vonseiten 
der Bundesregierung. Man freue sich über das Engagement der Kommunen, teilte Seehofers Haus stets mit - 
allerdings ohne auf die Forderungen konkret einzugehen. Ein Treffen zwischen dem Innenminister und den 
betroffenen Kommunen war zwar vorgesehen, fand aber nie statt. Nun, nach Wochen und Monaten des 
öffentlichkeitswirksamen Werbens, nimmt sich die Kanzlerin der Sache an.
An diesem Dienstagnachmittag wird sich Angela Merkel (CDU) mit einigen der Bürgermeister und Landräte in einer 
Videokonferenz zusammenschalten. Die Bundeskanzlerin werde ""sich mit den Teilnehmern der Videokonferenz 
über die Flüchtlingssituation in Griechenland sowie über die Aufnahme von Flüchtlingen in Deutschland"" 
austauschen, teilte die stellvertretende Regierungssprecherin Martina Fietz am Freitag mit. Zwar sind konkrete 
Beschlüsse nicht zu erwarten. Die aufnahmebereiten Kommunen werten das Treffen dennoch als wichtiges Signal.
""Es ist ein längerer Wunsch der Städte, einen direkten Kontakt zur Bundesregierung zu haben"", sagt Schubert. 
""Insofern begrüßen wir es sehr, dass die Bundeskanzlerin zu diesem Treffen eingeladen hat und damit die 
Aufnahmebereitschaft der Kommunen wertschätzt."" In den letzten Monaten hätten sich rund 200 Städte und 
Gemeinden in Deutschland dafür ausgesprochen, ""mehr Geflüchtete aus den Lagern auf den griechischen Inseln 
aufzunehmen, als es die Bundesregierung plant"". Es brauche nun ""eine Diskussion zu der Frage, wie die 
Aufnahmebereitschaft der Kommunen in den Programmen des Bundes stärker berücksichtigt werden kann"".
Auch der Präsident des Deutschen Städtetages, der ebenfalls an dem virtuellen Treffen teilnimmt, stellt die 
Erwartungen im Vorfeld klar. Es sei ein ""Zeichen der Menschlichkeit"" gewesen, dass die Bundesregierung nach 

Merkel nimmt sich der Sache an; Am Dienstag trifft sich die Kanzlerin mit Vertretern von Kommunen, die mehr 
Migranten aufnehmen wollen. Was ist von dem Treffen ....
dem Brand im griechischen Flüchtlingslager Moria entschieden habe, rund 1500 der Migranten in Deutschland 
Schutz zu bieten, sagt der Leipziger Oberbürgermeister Burkhard Jung (SPD). Man erwarte nun, dass bei der 
Verteilung die Städte berücksichtigt würden, die ihre Bereitschaft zur Aufnahme erklärt hätten. ""Wir wollen im 
Gespräch mit der Bundeskanzlerin nun gerne wissen, wie das rasch realisiert werden kann."" Außerdem, so Jung, 
""werden wir sicher auch darüber sprechen, wie einigen Städten, die das wollen, eine zusätzliche Aufnahme von 
besonders schutzbedürftigen Personen ermöglicht werden kann"". Es ist das Kernanliegen der aufnahmebereiten 
Kommunen - und das umstrittenste.
Denn für die Aufnahme und Verteilung von Migranten ist der Bund zuständig. Immer wieder hat das 
Bundesinnenministerium betont, dass außenpolitische Fragestellungen nicht Sache einzelner Städte und 
Gemeinden seien. Die Sorge ist groß, dass einige europäische Partner verprellt werden, wenn deutsche 
Kommunen bei der Flüchtlingsaufnahme in Eigenregie vorpreschen. Hinzu kommen rechtlich klar definierte 
Zuständigkeiten: Der Bund ist zum Beispiel zuständig für die Sicherheitsüberprüfungen der Migranten, auch zum 
Teil für die Finanzierung. Das können Städte in Deutschland nicht leisten. Hinzu kommt die Tatsache, dass sich die 
Aufnahme von Migranten nie auf die betreffende Stadt beschränkt. Es ist denkbar, dass Migranten aus den Städten 
in andere Kommunen weiterziehen - und damit in Regionen wandern, die sich nie für die zusätzliche Aufnahme 
ausgesprochen haben.
Der Potsdamer Oberbürgermeister Schubert hält den Bedenken entgegen, dass die Beschlüsse der 
aufnahmebereiten Städte demokratisch legitimiert seien. ""Die Wünsche sind in vielen Fällen durch Ratsbeschlüsse 
gestützt, also demokratisch legitimiert."" Auch der Oberbürgermeister von Rottenburg am Neckar, Stephan Neher 
(CDU), drängt auf ein größeres Engagement. ""Schon lange spricht sich Rottenburg am Neckar aus, Geflüchtete 
aus Seenot und jetzt ganz aktuell auch Geflüchtete nach der verheerenden Brandkatastrophe auf Lesbos 
aufzunehmen"", sagt Neher. ""Die Not ist größer denn je, und wir Kommunen im Bündnis Sichere Häfen sind 
aufnahmebereit.""
Bislang kommen die Migranten aus Griechenland in Deutschland nur schübeweise an. Seit dem Frühling nimmt 
Deutschland Migranten aus den Lagern auf, um die griechischen Behörden zu entlasten. Einige Kinder sind bereits 
mit ihren Familien nach Deutschland gebracht worden; weitere sollen folgen. Dies ist das Ergebnis eines 
Beschlusses der schwarz-roten Koalition vom März. Dieser sieht vor, bis zu 1500 besonders schutzbedürftige 
minderjährige Migranten auszufliegen - in einem gemeinsamen Vorgehen mit anderen europäischen Staaten. Hinzu 
kommen Kinder und ihre Familien, die nach dem Brand in Moria zusätzlich in Deutschland aufgenommen werden 
sollen.
Laut der Bundesregierung werden bereits jetzt die besonders aufnahmewilligen Kommunen berücksichtigt. 
Demnach hat das Bundesinnenministerium in Abstimmung mit allen Ländern ein Konzept erstellt, das bei der 
Verteilung der aufzunehmenden Personen auf die Länder zum Tragen kommt. ""Dieses berücksichtigt neben der 
Bereitschaft der Länder zur Aufnahme von Personen aus Griechenland auch eventuell bestehende familiäre 
Bindungen und besondere medizinische Bedarfe. Die Unterbringung und Weiterverteilung in die Kommunen liegt in 
der Zuständigkeit der Länder"", so die stellvertretende Regierungssprecherin Fietz.
Schubert plädiert nun dafür, diesen Mechanismus zu erweitern. ""Bislang läuft es so, dass der Bund über 
Aufnahmekontingente entscheidet, ohne dass für die Bürger im Einzelfall transparent wird, wie es zu den Zahlen 
kam"", sagt Schubert. Die Flüchtlinge würden dann auf die Länder und von dort auf die Kommunen verteilt."" Aus 
meiner Sicht wäre eine Möglichkeit, dass aufnahmebereite Kommunen ihre zusätzlichen Kapazitäten über die 
Länder melden und dann direkt vom Bund zugewiesen bekommen. Diese Kapazitäten sollten in den Kontingenten 
berücksichtigt werden."" Anders als manche Kommunen es wünschen, geht es Schubert nun nicht darum, im 
Alleingang Migranten aufzunehmen. Aber darum, den Kommunen deutlich mehr Mitbestimmung bei der 
Migrantenaufnahme zu geben.
Auch SPD-Chefin Saskia Esken erhöht vor dem Treffen den Druck. Als im September das Flüchtlingslager im 
griechischen Moria abbrannte, forderte sie bereits, die zusätzliche Aufnahmekapazität der Städte zu 
Merkel nimmt sich der Sache an; Am Dienstag trifft sich die Kanzlerin mit Vertretern von Kommunen, die mehr 
Migranten aufnehmen wollen. Was ist von dem Treffen ....
berücksichtigen. Die Koalition entschied sich am Ende aber nur, rund 1500 Menschen zusätzlich aufzunehmen - zu 
wenig aus Sicht der Sozialdemokraten.
""Die Zeit für Beratungen ist vorbei, es muss gehandelt werden"", sagt Esken nun WELT. Es gebe in Deutschland 
inzwischen 198 Städte und Kreise und zahlreiche Bundesländer, die sich im Rahmen der Seebrücke als Sichere 
Häfen erklärt haben und bereit sind, Flüchtlinge aufzunehmen. ""Die Problemlage ist seit Monaten bekannt: 
Bundesinnenminister Seehofer stellt sich diesen Bestrebungen bewusst in den Weg und blockiert so die Aufnahme 
von Schutzbedürftigen."" Das bereits beschlossene Aufnahmeprogramm müsse nun ""zügig umgesetzt werden, 
bevor der Winter in den Lagern Einzug hält"". Das Streben nach einer europäischen Lösung könne nicht bedeuten, 
""dass sich Deutschland bis dahin einer geregelten Aufnahme Schutzbedürftiger verweigert"".
Zurückhaltender äußert sich der Präsident des Deutschen Landkreistags, Reinhard Sager (CDU), Landrat im 
schleswig-holsteinischen Kreis Ostholstein: Zwar trage man die Aufnahme der Migranten mit. Dies müsse 
allerdings in einem geordneten Verfahren ablaufen ""und nicht auf Zuruf einzelner aufnahmebereiter Kommunen"". 
Man müsse darüber entscheiden, wie sich die EU so aufstellt, damit die Mitgliedstaaten in dieser Frage gemeinsam 
handeln. ""Denn sonst wird es immer wieder so sein, dass Deutschland als ,Musterschüler' vorprescht, die Not 
punktuell lindert und Menschen aufnimmt, die allermeisten europäischen Staaten aber gerade keine Flüchtlinge 
aufnehmen.""
Die Gründerin der Organisation Seebrücke, die die Aufnahme der Migranten durch die Städte maßgeblich 
vorantreibt, ist skeptisch, was das Treffen der Kommunen mit der Kanzlerin betrifft. ""Ich finde es richtig und wichtig, 
dass die Kanzlerin das Treffen mit den 20 Oberbürgermeistern einberufen hat"", sagt Liza Pflaum WELT. ""Es kommt 
aber aufgrund des Drucks der Kommunen zustande. Meine Sorge ist, dass die Einladung als Beschwichtigung 
gedacht ist. Das Innenministerium müsste mit am Tisch sitzen, weil es über die Aufnahmen entscheidet."" Es ist ein 
""großes Problem, dass sowohl Union als auch SPD versuchen, das Thema auszuklammern"", sagt Pflaum. ""Immer 
wenn es irgendwo brennt - in Moria zum Beispiel, gibt es öffentliche Äußerungen. Ansonsten wird das Thema unter 
den Tisch gekehrt.""
Original Gesamtseiten-PDF
Graphic
 
Nach dem Brand in Moria wurde das neue Camp Tepe auf der Insel Lesbos von Regenfällen geflutet"
2020-10,Main Corpus,2020-10(50).ZIP,Nachrichten Räumung in Berlin_ 37 Verfahren wegen Straftaten ++ Junge Union_ Vorstandswahl rein digi.PDF,C:\PythonProjects\AfD-project\Corpora\Main Corpus\2020-10\raw_unarchive\Nachrichten Räumung in Berlin_ 37 Verfahren wegen Straftaten ++ Junge Union_ Vorstandswahl rein digi.PDF,Nachrichten; Räumung in Berlin: 37 Verfahren wegen Straftaten ++ Junge Union: Vorstandswahl rein digital ++,nachrichten räumung in berlin 37 verfahren wegen straftaten  junge union vorstandswahl rein digital,Welt am Sonntag,welt am sonntag,11. Oktober 2020,,POLITIK; NACHRICHTEN; S. 3; Ausg. 41,454,3387,7b19fb48e93d1f36809174c05a39995ffd5e5116,,unique,keep,,no,,no,,,5450,no,,,,,"Räumung in Berlin
37 Verfahren wegen Straftaten
Nach den Ausschreitungen beim Protest gegen die Räumung des besetzten Hauses ""Liebig 34"" am Freitagabend 
in Berlin hat die Polizei 37 Strafermittlungsverfahren eingeleitet. Es gehe unter anderem um Widerstand gegen 
Vollstreckungsbeamte und Sachbeschädigung, meldete die Berliner Polizei. In 34 Fällen habe es 
Freiheitsbeschränkungen, etwa zur Feststellung von Identitäten, gegeben. Sieben Polizistinnen und Polizisten 
seien im Laufe des Abends verletzt worden, davon habe aber niemand im Krankenhaus behandelt werden müssen. 
Das Haus ""Liebig 34"" - ein Symbol der linksradikalen Szene, um das lange heftig gestritten wurde - war am 
Freitagmorgen unter Protest geräumt worden. Bei der folgenden Demonstration am Freitagabend in Berlin-Mitte 
wurden laut Polizei gezielt Gegenstände auf Polizisten geworfen, Autos angezündet und diverse 
Sachbeschädigungen begangen. Auch nach Ende der Demo blieb die Polizei nach eigenen Angaben mit etwa 
1900 Kräften im Einsatz.
Junge Union
Vorstandswahl rein digital
Die Junge Union (JU) will Ende November bei einem digitalen ""Deutschlandtag"" ihren kompletten Bundesvorstand 
neu wählen. Der für den 17.Oktober in Präsenz geplante Deutschlandtag kann wegen der Corona-Pandemie nicht 
stattfinden. Man werde am 29. November die erste politische Organisation sein, die rein digital Vorstandswahlen 
durchführe, teilte der Unions-Nachwuchs nach einer Videokonferenz des Bundesvorstands mit. Vorstand und 
Kandidaten sollen dazu in München zusammenkommen, wenn es die Pandemie zulasse. JU-Chef Tilman Kuban 
tritt erneut zur Wahl an.
Polizei

Nachrichten; Räumung in Berlin: 37 Verfahren wegen Straftaten ++ Junge Union: Vorstandswahl rein digital ++ 
Polizei: Niedersachsen dringt auf zwei Studien ++ Fl....
Niedersachsen dringt auf zwei Studien
Niedersachsens Innenminister Boris Pistorius (SPD) hat zwei wissenschaftliche Studien über die Polizei in 
Deutschland gefordert. So plane er eine mehrere Jahre dauernde Analyse zur Demokratiefestigkeit sowie eine 
kurzfristige Studie über Rassismus im Alltag der Beamten. Dies geht laut ""Rheinischer Post"" aus einer 
Beschlussvorlage seines Hauses für die Konferenz der SPD-geführten Landesinnenministerien Ende Oktober 
hervor. Die Beschlussvorlage solle auch bei der Konferenz aller Innenminister Anfang Dezember in Weimar auf die 
Tagesordnung kommen.
Flüchtlingsaufnahme
Brandenburg warnt vor Überforderung
In der Debatte um eigene Aufnahmeprogramme für Flüchtlinge aus Griechenland hat Brandenburgs Innenminister 
Michael Stübgen (CDU) die Länder vor Überforderung gewarnt. ""Wir haben gar nicht die Strukturen dafür"", sagte 
Stübgen. Der Bund habe den Außenvertretungsanspruch. Zudem bemühe sich die Bundesregierung um ein 
gemeinsames Asylsystem in Europa. Berlin, Thüringen und zuletzt auch Bremen wollen hingegen auf eigene Faust 
zusätzliche Flüchtlinge aus griechischen Camps aufnehmen.
Rheinland-Pfalz
CDU-Fraktionschef fordert Dreyer heraus
Die CDU in Rheinland-Pfalz hat ihren Landtagsfraktionschef Christian Baldauf zum Spitzenkandidaten für die 
Landtagswahl 2021 gekürt. Der 53-Jährige wurde mit 98,6 Prozent der Stimmen auf den ersten Platz der 
Landesliste gewählt. Baldauf wird damit am 14. März 2021 gegen die amtierende Ministerpräsidentin Malu Dreyer 
(SPD) antreten. Der Jurist sitzt seit 2001 im Landtag.
Original Gesamtseiten-PDF"
2020-10,Main Corpus,2020-10(50).ZIP,NACHRICHTEN(2).PDF,C:\PythonProjects\AfD-project\Corpora\Main Corpus\2020-10\raw_unarchive\NACHRICHTEN(2).PDF,NACHRICHTEN,nachrichten,Frankfurter Rundschau,frankfurter rundschau,Donnerstag 15. Oktober 2020,,HESSEN; S. F17,256,1820,e9b92cf533afb637af2226ea025b5be239b99834,,unique,keep,,no,,no,,,2628,no,,,,,"Sprengung beschädigt Bankgebäude
Rüsselsheim. Unbekannte haben einen Geldautomaten in einer Bankfiliale in Rüsselsheim gesprengt und großen 
Schaden verursacht. Entgegen ersten Angaben ergriffen die Täter am frühen Mittwochmorgen ohne Beute die 
Flucht, sagte eine Polizeisprecherin. „Die Geldkassetten waren noch vor Ort.“ Bei der Explosion kurz nach 3 Uhr 
wurde demnach das Gebäude stark beschädigt. Der Schaden werde auf mehrere Hunderttausend Euro geschätzt. 
Die Explosion sei so heftig gewesen, dass der Geldautomat eine massive Wand durchbrochen habe. Die Bank sei 
derzeit geschlossen, sagte die Sprecherin. Bewohner hätten das Gebäude zunächst verlassen müssen. Über der 
Bank gebe es eine Wohngruppe mit elf Flüchtlingen, für die vorübergehend ein Bus bereitgestellt worden sei. 
Entschärfer und Statiker hätten das Gebäude durchsucht und dann wieder freigegeben. Die Täter flüchteten der 
Polizei zufolge in einem dunklen Auto. dpa
Urteil im Mordfall auf Reiterhof angefochten
Hofheim. Im Strafverfahren um den Mord auf einem Reiterhof im Main-Taunus-Kreis hat die Verteidigung Revision 
beim Bundesgerichtshof (BGH) eingelegt. Das bestätigte das Landgericht Frankfurt am Mittwoch. Der Angeklagte 
war in der vorigen Woche zu lebenslanger Haft verurteilt worden (AZ 3590 Js 236 977 /19). Das Gericht hatte dem 
56-Jährigen die „besondere Schwere der Schuld“ zugesprochen, die eine Haftentlassung nach bereits 15 Jahren 
ausschließt. Der Mann hatte laut Urteil im August vergangenen Jahres seine 22 Jahre alte ehemalige 
Lebensgefährtin auf dem Reiterhof in Hofheim-Langenhain aus nächster Nähe erschossen. Die Verteidiger hatten 
in dem Prozess Freispruch beantragt, weil sie die Täterschaft ihres Mandanten als nicht erwiesen ansahen. Der 
Angeklagte hatte vor Gericht geschwiegen. dpa
Link zum PDF-Dokument"
2020-10,Main Corpus,2020-10(50).ZIP,NACHRICHTEN(3).PDF,C:\PythonProjects\AfD-project\Corpora\Main Corpus\2020-10\raw_unarchive\NACHRICHTEN(3).PDF,NACHRICHTEN,nachrichten,Frankfurter Rundschau,frankfurter rundschau,Samstag 17. Oktober 2020,,HESSEN; S. D1,336,2280,7a3343dfcd18acf5bc2980021e97966c8ade6ecb,,unique,keep,,no,,no,,,3094,no,,,,,"Weitere Kommunen über kritischem Corona-Wert
Wiesbaden. Der Anstieg der Corona-Infektionen in Hessen hält an. Nach Zahlen des Robert-Koch-Instituts (RKI) 
vom Freitag wurden innerhalb eines Tages weitere 671 Fälle bestätigt. Zwei weitere Menschen starben an den 
Folgen einer Infektion, insgesamt gibt es bisher 571 Todesfälle. Seit Beginn der Pandemie wurden 24 151 
Infektionen gemeldet. Kassel überschritt den Angaben zufolge die 100 bei der Zahl der Neuinfektionen pro 100 000 
Einwohner innerhalb sieben Tagen: Die nordhessische Stadt liegt nach einem Ausbruch in einer 
Flüchtlingsunterkunft laut RKI bei einer Inzidenz von 100,9. Zu den Corona-Hotspots in Hessen zählen nun auch 
Wiesbaden mit einem Wert von 53,1, zudem der Rheingau-Taunus-Kreis mit 56,6 und der Hochtaunuskreis mit 
52,8. Den kritischen Wert von 50 überschreiten weiter auch Offenbach (95,2) und Frankfurt (75,2) sowie der Kreis 
Groß-Gerau (84,5) und der Main-Taunus-Kreis (61,6). dpa
Weitere Berichte auf den Seiten D2/D3
Zwei Schwerverletzte bei Messerstecherei
Frankfurt. Zwei Männer sind bei einer Auseinandersetzung auf dem Gelände eines Hotels im Frankfurter Norden 
schwer verletzt worden. Sie seien mit Stichverletzungen in ein Krankenhaus gekommen, sagte ein Sprecher der 
Polizei am Freitag. Zeugen entdeckten am späten Donnerstagabend die 23 und 27 alten Männer mit 
Stichverletzungen vor einem Schnellrestaurant. Die Verletzten schweben laut Polizei nicht in Lebensgefahr. In 
welcher Beziehung die beiden stehen, sei Gegenstand der Ermittlungen der Mordkommission, so der Sprecher. 
Auch wie viele Menschen an der Messerstecherei beteiligt waren, sei noch unklar. dpa
Möglicherweise mehr Raser bei tödlichem Rennen auf A66
Hofheim. An dem tödlichen Autorennen auf der Autobahn 66 bei Hofheim könnten weitere Sportwagen beteiligt 
gewesen sein. Es gebe entsprechende Bilder und Zeugenaussagen, sagte die Sprecherin der Staatsanwaltschaft in 
Frankfurt am Freitag. Der flüchtige Fahrer sei immer noch nicht gefasst worden. Nach dem 34-Jährigen wird 
europaweit öffentlich mit einem Haftbefehl gefahndet. Bei dem mutmaßlichen illegalen Autorennen am Samstag 
war eine unbeteiligte Frau ums Leben gekommen. Zwei Männer sitzen bereits in Untersuchungshaft. dpa
Link zum PDF-Dokument

NACHRICHTEN"
2020-10,Main Corpus,2020-10(50).ZIP,NACHRICHTEN.PDF,C:\PythonProjects\AfD-project\Corpora\Main Corpus\2020-10\raw_unarchive\NACHRICHTEN.PDF,NACHRICHTEN,nachrichten,Frankfurter Rundschau,frankfurter rundschau,Donnerstag 22. Oktober 2020,,POLITIK; S. 11,331,2360,4a6a7dc044ecbc32671f22e7e197345f8c11bb26,,unique,keep,,no,,no,,,3304,no,,,,,"Acht Flüchtlinge in Bayern aus Container befreit
Nach einer viertägigen Zugfahrt in einem versiegelten serbischen Container hat die Polizei am Dienstagabend am 
Güterbahnhof in Passau in Niederbayern acht Flüchtlinge befreit – mit Hilfe der Feuerwehr. Bei den Eingesperrten 
handelte es sich um einen Neunjährigen, seine 16 Jahre alte Schwester, die Mutter und mehrere Männer. 
Nachdem ein Zeuge bereits im grenznahen Schärding in Österreich bei der Abfahrt des Zuges Hilferufe gehört 
hatte, wurden die Polizeibehörden informiert. dpa
1,4 Milliarden Euro für die Sahel-Region 
Angesichts der sich zuspitzenden humanitären Krise in Westafrika stellt die internationale Gemeinschaft 17 
Milliarden US-Dollar an Nothilfe zur Verfügung. 24 Staaten sagten auf einer virtuellen Konferenz für die Sahelzone 
am Dienstag Mittel zu, wie die UN-Nothilfe Ocha mitteilte. Das Geld ist für Lebensmittel, Wasser, Bildung, 
Unterkünfte und die Gesundheitsversorgung in Mali, Burkina Faso und Niger bestimmt. Deutschland sagte 100 
Millionen Euro zu. Mit dem Gesamtbetrag könnten in diesem und im nächsten Jahr rund zehn Millionen Menschen 
versorgt werden, teilte Ocha mit. Der Sahel ist stark vom Klimawandel betroffen, es drohen zunehmend Konflikte 
um Land. epd
UN melden Fortschritte bei Friedensplänen für Libyen
Die Bemühungen um Frieden in Libyen kommen voran. Die rivalisierenden Lager des Ministerpräsidenten Fajis al-
Sarradsch und des Generals Chalifa Haftar einigten sich bei Gesprächen unter UN-Regie, Straßen und Flugrouten 
zwischen den Regionen wieder zu öffnen. Auch wollen beide Seiten sich über die Modalitäten der Ölförderung 
einigen und die Produktion ausweiten und gegen Leute vorgehen, die auf sozialen Medien Konflikte anheizen. 
Williams verurteilte die Präsenz ausländischer Milizionäre. Politische Gespräche unter Beteiligung von Minderheiten 
sollen am 9. November in Tunesien beginnen. dpa
25 tote Paramilitärs bei Gefecht mit Taliban
Bei einem Taliban-Angriff in der nordafghanischen Provinz Tachar sind in der Nacht zum Mittwoch nach 
Behördenangaben mindestens 25 Angehörige der Regierungskräfte getötet worden. Die Kämpfe dauerten weiter 

NACHRICHTEN
an, sagte ein Sprecher des Provinzgouverneurs. Auch auf Seiten der Islamisten soll es Tote geben. Solche 
Gefechte beeinträchtigen den diffizilen Friedensprozess. afp
Link zum PDF-Dokument"
2020-10,Main Corpus,2020-10(50).ZIP,Orbáns Kampf gegen den Rechtsstaat.PDF,C:\PythonProjects\AfD-project\Corpora\Main Corpus\2020-10\raw_unarchive\Orbáns Kampf gegen den Rechtsstaat.PDF,Orbáns Kampf gegen den Rechtsstaat,orbáns kampf gegen den rechtsstaat,Berliner Zeitung,berliner zeitung,15. Oktober 2020,Klaus Staeck,MEINUNG; Kolumne; S. 6,936,7005,5ccf5713c62a3a0d5f6f0af39087c79bf902ac6f,,unique,keep,,no,,no,,,8633,yes,commentary_noncore,,,,"Victor Orbán ist mit einer bewundernswerten Immunität ausgestattet. Seit Jahresbeginn hat der Europäische 
Gerichtshof nunmehr zum vierten Male den Bruch rechtsstaatlicher Normen in Ungarn festgestellt. Nach der 
Weigerung, sich an der Lösung der Flüchtlingskrise zu beteiligen um Griechenland und Italien zu entlasten, wurde 
die rechtswidrige Unterbringung von Asylbewerbern in Ungarns Flüchtlingslagern verurteilt. Wenige Wochen später 
stellten die Richter des EuGH fest, dass diskriminierende Gesetze die im Land ansässigen Nicht-Regierungs-
Organisationen massiv in ihrer Arbeit behindern, weil jeder Spendengeber ohne Schutz persönlicher Daten 
registriert werden muss. Für Amnesty International steht fest, dass es vor allem darum gehe, unabhängige NGOs, 
die sich für die Einhaltung der Rechtsstaatlichkeit einsetzen, zum Schweigen zu bringen. Und nun wurde auch dem 
Hochschulgesetz nachgewiesen, dass es gegen europäisches Recht verstößt. Es war im Jahre 2017 vor allem 
erlassen worden, um die renommierte, von George Soros begründete und finanzierte Central European University 
aus dem Lande zu treiben. Sie musste inzwischen nach Wien ausweichen. Orbán behauptet, ein Soros-Netzwerk 
sei das westeuropäische Hauptquartier des liberalen Imperialismus und er scheut auch nicht die Nähe zu 
antisemitischer Propaganda.
Die EU-Kommission hat nun erstmalig Rechtsstaatsberichte vorgelegt, um einen Überblick zu gewinnen, wie es 
um Medienvielfalt, Gewaltenteilung und Justiz in den Mitgliedsstaaten steht. Für Ungarn konstatierte sie mangelnde 
Unabhängigkeit der Justiz, systematische Behinderung und Einschüchterung unabhängiger Medien und Mängel bei 
der Korruptionsbekämpfung. Katarina Barley, Vizepräsidentin des Europaparlaments, hat sich vehement dafür 
ausgesprochen, künftig die Vergabe von EU-Mitteln an die Einhaltung rechtsstaatlicher Grundwerte zu binden. Man 
kann also mit einer heftigen Zuspitzung der Debatte um die Verabschiedung des nächsten Siebenjahreshaushalts 
rechnen, wenn Orbán mit seinen Verschwörungsthesen auf den Fang nach Verbündeten geht. Den Begriff der 
Rechtsstaatlichkeit nennt er offen eine Erpressungsregel . Barley verwies darauf, dass Ungarns Staatschef auch 
persönlich einiges zu verlieren hat, wenn die EU-Bürger nicht länger bereit sind ihr Steuergeld in die korrupten 
Taschen von Orbán fließen zu lassen. Aber ob das EU-Parlament sich stark genug zeigen wird, Orbáns Position 
im Europäischen Rat zu beeinflussen, steht noch in den Sternen der Europafahne.
Zu Hause, in den inzwischen fast gleichgeschalteten Medien, schießt Orbán aus allen Propagandarohren. In 
Magyar Nemzet, einer mehr als regierungsnahen Zeitung, veröffentlichte er kürzlich einen langen Text, der keinen 
Zweifel an seinen Zielen und Feindbildern lässt. Darin zu lesen: Weltweit versucht eine liberale Elite, Europas 
christliche Konservative zu zerstören! Unsere nationalen und christlichen Prinzipien sind nicht liberal. Sie sind vor 

Orbáns Kampf gegen den Rechtsstaat
dem Liberalismus entstanden. Sie stehen dem Liberalismus entgegen. Der Liberalismus zerstört sie heute. 
Bemerkenswert auch Orbáns Statement, eine liberale Demokratie könne nur Zusammenbruch und Chaos bringen, 
mehr Schaden als Nutzen. Deshalb drücken wir auch für Donald Trumps Sieg die Daumen, weil wir die auf dem 
moralischen Imperialismus basierende Außenpolitik der Demokraten-Regierungen der USA gut kennen Wir 
möchten keinen Nachschlag. Was will Europa mit solch einem Partner?
Victor Orbán ist mit einer bewundernswerten Immunität ausgestattet. Seit Jahresbeginn hat der Europäische 
Gerichtshof nunmehr zum vierten Male den Bruch rechtsstaatlicher Normen in Ungarn festgestellt. Nach der 
Weigerung, sich an der Lösung der Flüchtlingskrise zu beteiligen um Griechenland und Italien zu entlasten, wurde 
die rechtswidrige Unterbringung von Asylbewerbern in Ungarns Flüchtlingslagern verurteilt. Wenige Wochen später 
stellten die Richter des EuGH fest, dass diskriminierende Gesetze die im Land ansässigen Nicht-Regierungs-
Organisationen massiv in ihrer Arbeit behindern, weil jeder Spendengeber ohne Schutz persönlicher Daten 
registriert werden muss. Für Amnesty International steht fest, dass es vor allem darum gehe, unabhängige NGO's, 
die sich für die Einhaltung der Rechtsstaatlichkeit einsetzen, zum Schweigen zu bringen. Und nun wurde auch dem 
Hochschulgesetz nachgewiesen, dass es gegen europäisches Recht verstößt. Es war im Jahre 2017 vor allem 
erlassen worden, um die renommierte, von George Soros begründete und finanzierte Central European University 
aus dem Lande zu treiben. Sie musste inzwischen nach Wien ausweichen. Orbán behauptet, ein ""Soros-Netzwerk"" 
sei das ""westeuropäische Hauptquartier des liberalen Imperialismus"" und er scheut auch nicht die fatale Nähe zu 
einer in Stürmer-Manier betriebenen antisemitischen Propaganda.
Die EU-Kommission hat nun erstmalig ""Rechtsstaatsberichte"" vorgelegt, um einen Überblick zu gewinnen, wie es 
um Medienvielfalt, Gewaltenteilung und Justiz in den Mitgliedsstaaten steht. Für Ungarn konstatierte sie mangelnde 
Unabhängigkeit der Justiz, systematische Behinderung und Einschüchterung unabhängiger Medien und Mängel bei 
der Korruptionsbekämpfung. Katarina Barley, Vizepräsidentin des Europaparlaments, hat sich vehement dafür 
ausgesprochen, künftig die Vergabe von EU-Mitteln an die Einhaltung rechtsstaatlicher Grundwerte zu binden. Man 
kann also mit einer heftigen Zuspitzung der Debatte um die Verabschiedung des nächsten Siebenjahreshaushalts 
rechnen, wenn Orbán mit seinen Verschwörungsthesen auf den Fang nach Verbündeten geht. Den Begriff der 
Rechtsstaatlichkeit nennt er offen eine ""Erpressungsregel"".
Barley verwies darauf, dass Ungarns Staatschef auch persönlich einiges zu verlieren hat, wenn ""die EU-Bürger 
nicht länger bereit sind ihr Steuergeld in die korrupten Taschen von Orbán fließen zu lassen."" Aber ob das EU-
Parlament sich stark genug zeigen wird, Orbáns Position im Europäischen Rat zu beeinflussen, steht noch in den 
Sternen der Europafahne.
Zu Hause, in den inzwischen fast gleichgeschalteten Medien, schießt Orbán aus allen Propagandarohren. In 
Magyar Nemzet, einer mehr als regierungsnahen Zeitung, veröffentlichte er kürzlich einen langen Text, der keinen 
Zweifel an seinen Zielen und Feindbildern lässt. Darin zu lesen: ""Weltweit versucht eine liberale Elite, Europas 
christliche Konservative zu zerstören!"" ... ""Unsere nationalen und christlichen Prinzipien sind nicht liberal. Sie sind 
vor dem Liberalismus entstanden. Sie stehen dem Liberalismus entgegen. Der Liberalismus zerstört sie heute."" 
Bemerkenswert auch Orbáns Statement, eine liberale Demokratie könne nur ""Zusammenbruch und Chaos bringen, 
mehr Schaden als Nutzen. Deshalb drücken wir auch für Donald Trumps Sieg die Daumen, weil wir die auf dem 
moralischen Imperialismus basierende Außenpolitik der Demokraten-Regierungen der USA gut kennen... Wir 
möchten keinen Nachschlag."" Was will Europa mit solch einem Partner?"
2020-10,Main Corpus,2020-10(50).ZIP,Plötzlich nicht mehr  unbegründet Das Erdo an-Regime hat 2019 Hunderte deutsche Asylunterlagen erbeu.PDF,C:\PythonProjects\AfD-project\Corpora\Main Corpus\2020-10\raw_unarchive\Plötzlich nicht mehr  unbegründet Das Erdo an-Regime hat 2019 Hunderte deutsche Asylunterlagen erbeu.PDF,Plötzlich nicht mehr unbegründet Das Erdo an-Regime hat 2019 Hunderte deutsche Asylunterlagen erbeutet.,plötzlich nicht mehr unbegründet das erdo anregime hat 2019 hunderte deutsche asylunterlagen erbeutet,"taz, die tageszeitung",taz die tageszeitung,Montag 05. Oktober 2020,Pascal Beucker,INLAND; S. 7,1332,9319,3f95580937111cec0249111884b9cec29174ee10,,unique,keep,,no,,no,,,10691,no,,,,,"Aus Berlin Pascal Beucker
Sefkan S. ist ein schmächtiger junger Mann. Sein Auftritt ist freundlich und zurückhaltend. Eigentlich ist an ihm 
nichts Besonderes. Der 22-Jährige ist bloß einer der vielen aus der Türkei geflohenen Kurdinnen und Kurden, 
denen der deutsche Staat die Anerkennung als politische Flüchtlinge verweigert. Doch in seinem Fall könnte sich 
das jetzt ändern.
In seinem Blick ist eine Mischung aus Verunsicherung und Traurigkeit, als er am Donnerstag den Saal 4203 des 
Verwaltungsgerichts Berlin betritt. Seit mehr als drei Jahren kämpft Sefkan S. nun bereits um eine 
Bleibeperspektive in der Bundesrepublik. Die zermürbende Ungewissheit, nicht doch wieder zurück in die Türkei 
abgeschoben zu werden, ist ihm anzusehen. Allerdings haben sich seine Aussichten inzwischen deutlich 
verbessert. Das hängt mit einem Vorfall vor rund einem Jahr in der Türkei zusammen.
Unter dem fadenscheinigen Vorwurf der Spionage wurde am 17. September 2019 der Rechtsanwalt Yilmaz S. in 
Ankara verhaftet. Eine höchstbrisante Festnahme, denn bis dahin war Yilmaz S. zwei Jahrzehnte lang als 
Kooperationsanwalt für die Deutsche Botschaft tätig. Vom Auswärtigen Amt war er damit beauftragt, Informationen 
für Asylverfahren von türkischen Staatsbürger:innen in Deutschland einzuholen. Seine Aufgabe war, die Angaben 
von aus der Türkei geflohenen Menschen zu überprüfen, die dort mutmaßlich politisch verfolgt werden. Was er 
genau gemacht hat, darüber verweigert die Bundesregierung selbst dem Bundestag mit Verweis auf schutzwürdige 
Interessen die Auskunft.
Deutsche Gerichtsunterlagen in türkischer Hand
Fest steht allerdings, dass Yilmaz S. für seine Arbeit umfangreiche Unterlagen aus Asylverfahren von den 
deutschen Behörden erhalten hat. Wie viele davon bei Hausdurchsuchungen im Zuge seiner Verhaftung in die 

Plötzlich nicht mehr unbegründet Das Erdo an-Regime hat 2019 Hunderte deutsche Asylunterlagen erbeutet. 
Der 22-jährige Kurde Sefkan S. geriet dadurch in Gefahr....
Hand des türkischen Staates gelangt sind, unterschätzte die Bundesregierung zunächst grandios. Völlig naiv ging 
sie davon aus, dass die Ermittlungsbehörden am Bosporus nur von den Anfragen Kenntnis erlangt haben, mit 
denen der Kooperationsanwalt zum Zeitpunkt seiner Festnahme betraut war und die er noch nicht beantwortet 
hatte , wie die Bundesregierung Ende Januar 2020 auf eine Kleine Anfrage der Linksfraktion antwortete. Dabei 
hätte es sich um Vorgänge zu 59 Asylverfahren gehandelt, die insgesamt 113 Personen beträfen. Die Betroffenen 
seien allesamt entsprechend informiert worden.
Tatsächlich entsprach das nur dem Bruchteil der Beute, die das Erdo an-Regime hatte machen können. In seiner 
Antwort auf eine Schriftliche Frage der grünen Bundestagsabgeordneten Luise Amtsberg musste das Auswärtige 
Amt am 21. August das wahre Ausmaß des Desasters einräumen: Nach derzeitigem Erkenntnisstand haben die 
türkischen Behörden Informationen zu insgesamt circa 900 Anfragen erhalten, die Herrn S. im Zeitraum von 2017 
bis zu seiner Verhaftung im September 2019 von der Deutschen Botschaft Ankara zu Recherchezwecken im 
Rahmen von Aushilfeersuchen des Bundesamtes für Migration und Flüchtlinge (BAMF) und der 
Verwaltungsgerichte übermittelt worden waren. 
Achtstündiges Verhör durch den Staatsschutz
Sefkan S. war im Mai 2017 nach Hamburg geflohen. Drei Monate später lehnte das Bamf den Asylantrag des in 
Istanbul geborenen Kurden ab. Kein ungewöhnlicher Vorgang: Im selben Jahr wurden von 6.808 Asylanträgen 
türkischer Staatsangehöriger mit kurdischen Wurzeln 5.533 als unbegründet und 393 als offensichtlich 
unbegründet abgelehnt.
Die gängige Ablehnungspraxis lässt sich nicht unbedingt mit fehlender politischer Verfolgung rechtfertigen, sondern 
folgt offenkundig nicht selten politischen Opportunitäten. Darauf jedenfalls deutet der Umgang mit Sefkan S. hin. 
Nach seinen Angaben hatte er sich in der Türkei als 15-Jähriger der Yurtsever Devrimci Gençlik Hareketi, kurz 
YDG-H, angeschlossen.
Die Organisation, die die Neue Zürcher Zeitung als Öcalans militante Jugendbrigade bezeichnet, war 2013 von 
jugendlichen PKK-Sympathisant:innen gegründet worden. In der Türkei wird die YDG-H mittlerweile als 
Terrororganisation eingestuft, die Mitgliedschaft ist strafbar. Bis zu seiner Flucht im Mai 2017 lebte Sefkan S. eine 
Zeit lang im Untergrund.
Der deutsche Staatsschutz nahm Sefkan S. sehr ernst und ermittelte bereits kurz nach seiner Einreise gegen ihn. 
Die Befürchtung: Er könnte sich auch in Deutschland entsprechend betätigen. Der Jugendliche wurde einem 
achtstündigen Verhör unterzogen, in dem er umfassend aussagte. Schließlich wurden die Ermittlungen gegen 
Sefkan S. eingestellt. Der Staatsschutz befand, seine früheren militanten Aktivitäten seien für die Türkei, aber nicht 
für Deutschland relevant.
Das Bamf hielt die Aussagen von Sefkan S. jedoch für unglaubwürdig und wollte ihn nicht als politischen Flüchtling 
anerkennen. Durch die Ermittlungen des Staatsschutzes wusste das Bundesamt ganz genau, was mein Mandant 
in der Türkei getan hat , empört sich Anwalt Mahmut Erdem. Trotzdem hat es seinen Asylantrag erst mal 
abgelehnt. So blieb nichts anderes, als gegen den Ablehnungsbescheid zu klagen.
Am 29. Januar 2019 fand der erste Verhandlungstag vor dem Verwaltungsgericht Berlin statt. Sefkan S., dessen 
Bruder Hakan am 25. Mai 2018 bei Gefechten der PKK mit der türkischen Armee im nordkurdischen emzînan 
getötet worden war, sagte erneut umfänglich zu seinen früheren Aktivitäten in der Türkei aus.
Doch das reichte dem Verwaltungsgericht nicht. Der damals zuständige Richter stellte zur Überprüfung ein 
Amtshilfeersuchen in Asyl- und Rückführungsangelegenheiten an das Auswärtige Amt. Das leitete die 
entsprechenden Unterlagen samt der kompletten Aussage von Sefkan S. in die Türkei weiter entweder an Yilmaz 
S. oder an einen anderen, später ebenfalls verhafteten Kooperationsanwalt . Dann ging erst mal viel Zeit ins Land.
Am 15. Januar 2020 kam die dürftige Antwort des Auswärtigen Amtes. Mehr als ein paar bekannte wie dürftige 
Allgemeinheiten zur YDG-H hatte das zweiseitige Schreiben, das der taz vorliegt, nicht zu bieten. Immerhin 
Plötzlich nicht mehr unbegründet Das Erdo an-Regime hat 2019 Hunderte deutsche Asylunterlagen erbeutet. 
Der 22-jährige Kurde Sefkan S. geriet dadurch in Gefahr....
bestätigte es die Verfolgung von Menschen, die im Verdacht stehen, für diese Organisation aktiv zu sein: In 
zahlreichen Strafverfahren wurden Angeklagte wegen Mitgliedschaft in der Terrororganisation YDG-H und wegen 
Teilnahme an verschiedenen Aktionen der Organisation verurteilt. 
Aber Erkenntnisse zu Sefkan S. enthielt es nicht.
Die Wende im Asylverfahren von Sefkan S.
Am 17. August 2020 schickte das Auswärtige Amt jedoch ein zweites Schreiben an das Verwaltungsgericht. Es 
liegt der taz ebenfalls vor. Der knappe wie heikle Inhalt: Im Nachgang zu unserem Schreiben vom 15. 01. 2020 
kann nun anhand von neuen Erkenntnissen des Auswärtigen Amts mitgeteilt werden, dass die türkischen Behörden 
Kenntnis von Ihrer o. g. Anfrage bzw. den ggf. beigefügten Unterlagen haben. 
Der Brief schlug ein wie eine Bombe. Denn damit räumte das Auswärtige Amt explizit ein, dass Sefkan S. zu den 
Hunderten Geflüchteten gehört, die von der Verhaftung der zwei für die Deutsche Botschaft in Ankara arbeitenden 
Kooperationsanwälte betroffen sind. Das war die Wende.
Nach mehr als eineinhalb Jahren fand nun am Donnerstag der zweite Verhandlungstag über die Klage von Sefkan 
S. gegen die Bundesrepublik Deutschland statt. Das sei alles sehr unglücklich , sagte gleich zu Beginn Richterin 
Constanze von Roeder, die inzwischen das Verfahren übernommen hat. Es müsse davon ausgegangen werden, 
dass Sefkan S. in seinem Heimatland alleine schon aufgrund seiner an die türkischen Behörden gelangten sich 
selbst belastenden Aussagen ein Verfahren drohe. Dabei sei angesichts der politischen Tatvorwürfe nicht davon 
auszugehen, dass rechtsstaatliche Standards eingehalten werden . In Anbetracht der Umstände könne man aus 
ihrer Sicht jetzt tatsächlich von einer Verfolgung ausgehen , konstatierte die Richterin. Aufgrund der Vorfälle sei 
nach ihrer vorläufigen bisherigen Einschätzung ein Abschiebeverbot das Mindeste , sagte sie in Richtung des 
Prozessbevollmächtigten des Bamf.
Bamf-Mann Guido Kröger tat sich schwer wohl aus Angst vor einem Präzedenzfall. Ihm sei klar, dass das eine 
sehr sensible und sehr schwierige Sache ist , sagte er. Aber trotzdem dürfe es keinen Automatismus geben, 
Sefkan S. nun Asyl zu gewähren.
Allerdings machte es nicht den Eindruck, dass sich Kröger wohl in seiner Haut fühlte. Und nach knapp 
eineinhalbstündiger Verhandlung gab er dann auch endlich sein hartleibiges Lamentieren auf und signalisierte ein 
Einlenken. Bis zum 15. Oktober hat das Bamf nun vom Gericht Zeit bekommen, seine ablehnende Haltung auch 
offiziell zu korrigieren.
Falls es dazu doch nicht kommt, werde sie innerhalb einer Woche ein Urteil sprechen, kündigte Richterin von 
Roeder an. Dass es zugunsten von Sefkan S. ausfallen würde, daran ließ sie keinen Zweifel.
Als Sefkan S. das Gerichtsgebäude in Moabit verlässt, zündet er sich als Erstes eine Zigarette an. Ein kurzes 
Lächeln huscht über sein Gesicht.
Das sei alles sehr unglücklich , sagte Richterin von Roeder"
2020-10,Main Corpus,2020-10(50).ZIP,Potsdams OB wirbt für mehr Humanität Gespräch mit Kanzlerin zu Flüchtlingsaufnahme.PDF,C:\PythonProjects\AfD-project\Corpora\Main Corpus\2020-10\raw_unarchive\Potsdams OB wirbt für mehr Humanität Gespräch mit Kanzlerin zu Flüchtlingsaufnahme.PDF,Potsdams OB wirbt für mehr Humanität Gespräch mit Kanzlerin zu Flüchtlingsaufnahme,potsdams ob wirbt für mehr humanität gespräch mit kanzlerin zu flüchtlingsaufnahme,Berliner Zeitung,berliner zeitung,22. Oktober 2020,Frederik Bombosch,BRANDENBURG; S. 12,366,2732,1726c497690ad87b8fc69a543db43fcdb4a0fc0f,,unique,keep,,no,,no,,,3828,no,,,,,"Nach einem Gespräch mit Bundeskanzlerin Angela Merkel zur Flüchtlingspolitik hat Potsdams Oberbürgermeister 
Mike Schubert mehr Unterstützung für aufnahmebereite Kommunen gefordert. Ich hoffe, dass die Bundesrepublik 
ihre Zeit an der Spitze Europas nutzt, um den Weg zu bahnen für eine neue europäische Flüchtlingspolitik , sagte 
er der Berliner Zeitung. Der SPD-Politiker ist Sprecher des Bündnisses Sicherer Häfen, einem Zusammenschluss 
von rund zweihundert Kommunen und Kreisen, die sich zur Aufnahme von Geflüchteten bereiterklärt haben.
Schubert kritisierte das jüngst von EU-Kommissionschefin Ursula von der Leyen präsentierte Konzept, das unter 
anderem Länder belohnen würde, die Abschiebungen für andere EU-Staaten übernehmen. Das System, das die 
Kommissionsvorsitzende vorgeschlagen hat, ist ein System negativer Anreize, das Migration verhindern soll , sagte 
er. Es gibt aber in ganz Europa Städte und Kommunen, die bereit sind zur Aufnahme, so wie das Bündnis Sicherer 
Häfen. Sie sollten besser unterstützt werden, damit Integration gelingt und menschliches Leid verhindert wird. 
Potsdam gehört seit 2018 dem Bündnis an, das sich laut seinem Forderungskatalog gegen die europäische 
Abschottungspolitik wendet und Geflüchteten die Integration ermöglichen will. Es handle sich nicht um ein Bündnis 
der Oberbürgermeister , betonte Schubert. Wir stützen uns auf demokratisch legitimierte Beschlüsse der 
Ratsversammlungen und auf viele engagierte Bürger. 
Merkel hatte sich im Rahmen einer Videokonferenz mit Vertretern von Städten und Gemeinden über die Aufnahme 
von Geflüchteten ausgetauscht. Konkrete Zusagen haben die Kanzlerin bei dem nicht-öffentlichen Treffen nicht 
gegeben, sagte Schubert, das sei aber auch nicht zu erwarten gewesen. Es war ein wichtiges Zeichen der 
Wertschätzung der Bundeskanzlerin, dieses Gespräch durchzuführen. Es braucht aber im geeigneten Rahmen 
weitere Gespräche von Bund, Ländern und kommunalen Spitzenverbänden um für freiwillige Aufnahmen einen 
geeigneten Rahmen zu finden. 
Potsdam wird in nächster Zeit auch Geflüchtete aus dem abgebrannten Lager Moria auf der griechischen Insel 
Lesbos aufnehmen. Die genaue Anzahl ist noch unklar, sie dürfte aber zwischen zwanzig und dreißig Personen 
liegen.
Die Bundesregierung hatte sich bereit erklärt, aus humanitären Gründen ein begrenztes Kontingent von 
Flüchtlingen aus Griechenland in Deutschland aufzunehmen, insbesondere kranke Kinder und ihre Familien. 

Potsdams OB wirbt für mehr Humanität Gespräch mit Kanzlerin zu Flüchtlingsaufnahme
Darüber hinaus wollen sich einzelne Bundesländer und Kommunen stärker engagieren. Die Bundesregierung hat 
allerdings betont, dass die Entscheidung darüber dem Bund obliege. (mit AFP)"
2020-10,Main Corpus,2020-10(50).ZIP,Provokation auf 250 Seiten Ex-BND-Chef Gerhard Schindler hat ein Buch über die Sicherheitslage in De.PDF,C:\PythonProjects\AfD-project\Corpora\Main Corpus\2020-10\raw_unarchive\Provokation auf 250 Seiten Ex-BND-Chef Gerhard Schindler hat ein Buch über die Sicherheitslage in De.PDF,Provokation auf 250 Seiten Ex-BND-Chef Gerhard Schindler hat ein Buch über die Sicherheitslage in,provokation auf 250 seiten exbndchef gerhard schindler hat ein buch über die sicherheitslage in,Der Tagesspiegel,der tagesspiegel,Montag 12. Oktober 2020,,POLITIK FQT:SPÄT; S. 004; Ausg. Der Tagesspiegel Nr. 24328 VOM 12.10.2020 SEITE 004,705,5454,0c74ee1014de5013b87b1ec134c6f606beb34b53,,unique,keep,,no,,no,,,6880,no,,,,,"Berlin - Er zählt Befunde auf wie ein Arzt am Bett eines schwerkranken Patienten. Massenhafte Zuwanderung habe 
Deutschland gespalten und gefährde die innere Sicherheit, Deutschland kusche gegenüber China ""in Sachen 
Beteiligung von Huawei bei 5G"", Datenschutz sei in Deutschland zu einem ""Überrecht"" und einer ""Monstranz"" des 
Rechtssystems mutiert, die deutsche Sicherheitsarchitektur sei unübersichtlich und defizitär, Deutschland sei das 
Land, dessen Rechtsordnung die Tätigkeit seiner Nachrichtendienste am wenigsten schützt.
Und: Dem Bundesnachrichtendienst drohe durch die rigide Rechtsprechung des Bundesverfassungsgerichts zur 
Ausland-Ausland-Fernmeldeaufklärung der Abstieg in die Drittklassigkeit, die Arbeit der deutschen 
Sicherheitsbehörden erfahre zu wenig Wertschätzung, Deutschland fehle beim Thema Sicherheit der Mut. Das 
Stakkato geht noch weiter, der Patient Deutschland scheint von der Genesung weit entfernt zu sein.
Der Mann, der so denkt, ist Gerhard Schindler, von 2012 bis 2016 Präsident des Bundesnachrichtendienstes. Er 
hat ein Buch verfasst, das die Bundesrepublik offenkundig um den Schlaf bringen soll. Die 250 Seiten lange 
Diagnose mit dem Titel ""Wer hat Angst vorm BND?"" erweckt den Eindruck, Deutschland benötige beim Thema 
Sicherheit eine Radikalkur. Und vor allem einen mentalen Wandel.
Schindler versteht sein Buch als ""Streitschrift"". Deutschland fehle ""eine Sicherheitskultur, die nach vorne denkt"", 
sagt er vergangenen Mittwoch bei einem Pressegespräch in Berlin. Warum sei Sicherheit in Deutschland nicht als 
Grundrecht verankert, ""oder zumindest als Staatsziel?"" Der Umweltschutz stehe als Staatsziel im Grundgesetz, 
""Sicherheit nicht"", klagt Schindler. Da sich daran jedoch sobald nichts ändern wird, wäre für ihn schon die Bildung 
eines ""Nationalen Sicherheitsrates"" ein ""Meilenstein"". Mit der Idee kam schon CDU-Chefin Annegret Kramp-
Karrenbauer 2019 nicht durch.
Was der ehemalige BND-Chef sagt und schreibt, ist ein Politikum. Nicht nur wegen der provokanten Ansichten. 
Schindler ist nicht der einzige prominente Sicherheitsexperte, der mit dem Zustand der Sicherheitspolitik in der 
Bundesrepublik nicht einverstanden ist. Ähnlich denken Hans-Georg Maaßen, Ex-Präsident des Bundesamtes für 
Verfassungsschutz, der amtierende Chef der Bundespolizei, Dieter Romann, und einer der Vorgänger Schindlers 
an der Spitze des BND, August Hanning, der nach seiner Zeit beim Nachrichtendienst Staatssekretär im 

Provokation auf 250 Seiten Ex-BND-Chef Gerhard Schindler hat ein Buch über die Sicherheitslage in 
Deutschland geschrieben
Bundesinnenministerium war. Schindler, Maaßen und Romann versuchten 2015, die Bundeskanzlerin davon 
abzuhalten, hunderttausende Flüchtlinge unregistriert einreisen zu lassen. Vergebens.
Schindler, Maaßen und Hanning verbindet auch, dass sie ihren letzten Spitzenjob unfreiwillig verließen. Bei 
Schindler kommt hinzu, dass er nach der Entlassung eine weitere Demütigung hinnehmen musste. Das 
Bundeskanzleramt untersagte ihm, sein erstes Buch, Erinnerungen an die Zeit als BND-Präsident, zu 
veröffentlichen. Angeblich hatte Schindler im Manuskript viel Geheimes ausgeplaudert. Das zweite Buch, das 
diesen Montag auf den Markt kommt, hat Schindler dem Kanzleramt nicht vorgelegt.
Die harte, teilweise fundamentale Opposition der Spitzenleute zur aktuellen Sicherheitspolitik wirft Fragen auf. Sind 
diese übereifrige Sheriffs, die Deutschland in eine Law-and-Order-Republik umwandeln wollen? Oder ist die Kritik 
berechtigt - was die Frage nach sich zöge, ob Deutschland den Bedrohungen durch Terroristen, Cyberkriminelle 
und ""autoritäre Nationalpopulisten"", wie Schindler Putin, Erdogan und weitere Autokraten nennt, überhaupt noch 
gewachsen ist.
Solche Zweifel verstärkt Schindler mit seinem Buch, voller Absicht und auch mit Leidenschaft. Er will die Debatte 
befeuern, ob die deutsche, föderal verästelte Sicherheitsarchitektur mit mehreren Dutzend Behörden, zukunftsfähig 
ist. Schindler macht zudem Vorschläge, was zumindest im Detail zu ändern wäre.
Der BND sollte, schon wegen der nachrichtendienstlichen Begleitung der Bundeswehr in Krisengebieten, aus dem 
Kanzleramt herausgelöst und dem Verteidigungsministerium zugeteilt werden. Die nachrichtendienstliche 
Bekämpfung des Terrorismus sollte beim Bundesamt für Verfassungsschutz gebündelt werden, da inländischer und 
ausländischer Terror, bei Islamismus wie Rechtsextremismus, verschmelzen. Schindler regt auch an, 
Bundespolizei und Bundeskriminalamt zusammenzuführen. Ein Versuch scheiterte 2011 am Widerstand im BKA.
Schindler hat auch eine Idee, die von einem Sicherheitsexperten nicht unbedingt zu erwarten ist. Um das weitere 
Abdriften der türkischstämmigen Minderheit in eine Parallelgesellschaft zu stoppen, sollte den ""türkischstämmigen 
Mitbürgerinnen und Mitbürgern das Herausbilden einer eigenen deutsch-türkischen Identität"" ermöglicht werden. 
Mit doppelter Staatsbürgerschaft, mit einem Medium nach dem Vorbild der deutsch-französischen TV-Senders 
""Arte"", mit türkischsprachigen Schulen, die der türkische Staat betreibt, als Ergänzung zu den staatlichen 
deutschen Schulen.
Es könnte sein, dass Schindler mit diesem Vorschlag zumindest bei seinem Freund Hans-Georg Maaßen wenig 
Begeisterung erregt. Frank Jansen
Graphic
 
Vorstellung.
Gerhard Schindler diagnostiziert in seinem Buch, dass die deutsche Sicherheitsarchitektur unübersichtlich und 
defizitär sei.Foto: Jörg Blank/dpa R"
2020-10,Main Corpus,2020-10(50).ZIP,Rechtsextremisten beim BAMF enttarnt Ein Mitarbeiter wurde bereits vor der Einstellung vom Verfassun.PDF,C:\PythonProjects\AfD-project\Corpora\Main Corpus\2020-10\raw_unarchive\Rechtsextremisten beim BAMF enttarnt Ein Mitarbeiter wurde bereits vor der Einstellung vom Verfassun.PDF,Rechtsextremisten beim BAMF enttarnt; Ein Mitarbeiter wurde bereits vor der Einstellung vom,rechtsextremisten beim bamf enttarnt ein mitarbeiter wurde bereits vor der einstellung vom,Die Welt,die welt,Dienstag 13. Oktober 2020,Manuel Bewarder,Politik; S. 5; Ausg. 239,435,3497,1eabf3d75945fa6c10ba02360202a13cad68ddb1,,unique,keep,,no,,no,,,4277,no,,,,,"Das Bundesamt für Migration und Flüchtlinge (BAMF) hat seit 2017 zwei Mitarbeiter wegen rechtsextremistischen 
Verhaltens entlassen. Das erklärte ein Sprecher auf WELT-Anfrage. Man gehe ""Fällen von rechtsextremistischen 
Verhaltensweisen unter seinen Mitarbeitenden konsequent nach"".
Laut Behörde hatte sich eine Person aus dem Geschäftsbereich öffentlich antisemitisch geäußert. Im anderen Fall 
ging es um einen Mann, der Mitglied in einer neonazistischen Organisation war und der vom Verfassungsschutz 
bereits vor Arbeitsbeginn beim BAMF als Rechtsextremist eingestuft worden war. Darüber hatte WELT vor einem 
Jahr bereits berichtet. Der Rechtsextremist war bei seiner Einstellung im Jahr 2017 nicht aufgefallen. Bereits 
damals war er Mitglied der vom Verfassungsschutz beobachteten ""Hammerskins""-Bewegung und in der 
Rechtsrockszene aktiv. ""Hammerskins"" gilt als wichtigste international tätige Skinheadorganisation, die Konzerte 
veranstaltet. Der Mann arbeitete in einer BAMF-Außenstelle und war an der Abwicklung sogenannter Dublin-
Verfahren beteiligt gewesen.
Das Ausmaß der vom BAMF gemeldeten Fälle ist nicht zu unterschätzen: Vor wenigen Tagen war erstmals ein 
Lagebericht des Bundesamtes für Verfassungsschutz über ""Rechtsextremisten in Sicherheitsbehörden"" vorgestellt 
worden. Demnach wurden bei Sicherheitsbehörden des Bundes zwischen 2017 und März 2020 insgesamt 13 
Personen wegen rechtsextremer Vorfälle aus dem Beamtenverhältnis entlassen. Abgefragt wurden dafür als 
Bundesbehörden der Verfassungsschutz, der Bundesnachrichtendienst, das Bundeskriminalamt, die Bundespolizei, 
der Militärische Abschirmdienst und der Zoll - in diesen Geschäftsbereichen arbeiten insgesamt rund 109.000 
Mitarbeiter.
Die Fälle aus dem BAMF mit seinen rund 8000 Beschäftigten tauchen im aktuellen Lagebild nicht auf. Die Behörde 
sieht sich laut eigener Webseite zwar als ""wichtige Säule der deutschen Sicherheitsarchitektur"". Und Präsident 
Hans-Eckhard Sommer hatte in einem Interview einst erklärt: ""Das BAMF sieht sich als Sicherheitsbehörde."" Das 
übergeordnete Innenministerium jedoch hält an seiner engeren Definition von Sicherheitsbehörde fest. Ein 
Sprecher schrieb auf Nachfrage, da das BAMF keine Sicherheitsbehörde sei, tauche es im aktuellen Bericht nicht 

Rechtsextremisten beim BAMF enttarnt; Ein Mitarbeiter wurde bereits vor der Einstellung vom 
Verfassungsschutz beobachtet
auf. Im nächsten Schritt werde die Analyse jedoch auf den gesamten öffentlichen Dienst und damit auch aufs 
BAMF erweitert.
Anders als bei klassischen Sicherheitsbehörden seien Sicherheitsüberprüfungen kein Standard bei 
Neueinstellungen im Bundesamt, erklärte die Behörde. Solche Kontrollen fänden ausschließlich für Mitarbeiter in 
""sicherheitsempfindlichen Bereichen"" statt - etwa für jene der Einheit ""Sicherheit im Asylverfahren"" oder aber für 
leitende Mitarbeiter oder sogenannte ""Sonderbeauftrage für die Sicherheit im Asylverfahren"" in den Außenstellen. 
""Für eine flächendeckende Sicherheitsüberprüfung des BAMF-Personals beziehungsweise eine obligatorische 
Sicherheitsüberprüfung bei Neueinstellungen fehlt dem BAMF derzeit die Rechtsgrundlage in Form einer 
spezialgesetzlichen Regelung"", so der Behördensprecher. Neue Mitarbeiter hätten eine Erklärung über die 
Treuepflicht zum Grundgesetz zu unterschreiben. Man setze zudem auf Schulungen, um derartige Vorfälle zu 
vermeiden.
Original Gesamtseiten-PDF
Graphic
 
Hauptsitz des Bundesamtes für Migration und Flüchtlinge ist Nürnberg"
2020-10,Main Corpus,2020-10(50).ZIP,Sammelunterkunft wird zum Problem(2).PDF,C:\PythonProjects\AfD-project\Corpora\Main Corpus\2020-10\raw_unarchive\Sammelunterkunft wird zum Problem(2).PDF,Sammelunterkunft wird zum Problem,sammelunterkunft wird zum problem,Frankfurter Rundschau,frankfurter rundschau,Samstag 17. Oktober 2020,,HESSEN; S. D2,352,2721,2554f387cd1ec9f41ae24ac6d610c20e2677bba5,,unique,keep,,no,,no,,,3648,no,,,,,"VON PITT VON BEBENBURG
Ein Corona-Ausbruch in einer Einrichtung für Flüchtlinge hat Kassel zum Risikogebiet werden lassen. Zugleich 
befeuerte der drastische Anstieg der Zahlen die Debatte über die zu enge Unterbringung geflüchteter Menschen in 
Hessen. In der Erstaufnahmeeinrichtung im Stadtteil Niederzwehren stehen seit einer Woche 301 Menschen unter 
Quarantäne. Mindestens 111 sind mit Covid-19 infiziert. 
Die Inzidenz (Fallzahl pro 100 000 Einwohner in sieben Tagen) stieg am Freitag nach Angaben des Robert-Koch-
Instituts auf 100,9 an. Kassel reagierte, indem es die zulässige Personenzahl bei Veranstaltungen und Feiern 
reduzierte und Sportereignisse nur ohne Publikum zulässt. Eine Waffenbörse darf vorerst stattfinden.
Doch die Probleme sind nicht in diesen Bereichen entstanden, sondern in der Unterbringungssituation. Seit 
Monaten machen Wohlfahrtsverbände und der Hessische Flüchtlingsrat auf die Infektionsgefahr in 
Sammelunterkünften aufmerksam. Angesichts der Entwicklung in Kassel erneuerten sie ihre Forderungen. 
Der Geschäftsführer des Flüchtlingsrats, Timmo Scherenberg, empfahl den Verantwortlichen, Jugendherbergen, 
Ferienwohnungen oder leerstehende Hotels zu nutzen, um die Zahl der Menschen in den 
Gemeinschaftsunterkünften zu verringern. Daneben solle das Land helfen, dass Betroffene schneller in 
Wohnungen ziehen könnten. Dem stehe die Wohnsitzauflage entgegen. Sie schreibt vor, dass geflüchtete 
Menschen nur innerhalb ihrer Stadt oder ihres Landkreises umziehen dürfen. Das führe insbesondere in Städten 
mit knappem Wohnraum zu Schwierigkeiten. 
„Wir rauschen in eine Katastrophe mit Ansage“, befand die Geschäftsführerin des Paritätischen 
Wohlfahrtsverbandes in Hessen, Yasmin Alinaghi. In Sammelunterkünften hätten Geflüchtete „keine Chance, sich 
vor Ansteckungen zu schützen“. Während die Politik Beschränkungen zu privaten Feiern und anderen 
Lebensbereichen erlasse, werde die Gefahr in Sammelunterkünften „völlig ausgeblendet“, bemängelte Alinaghi.
Parität-Fachreferentin Lea Rosenberg ergänzte, auch ein halbes Jahr nach Beginn der Pandemie gebe es „keine 
einzige Verordnung, keinen Erlass, keine Leitlinie oder ausreichende Handlungsempfehlungen seitens der 
Landesregierung zum Infektionsschutz von Bewohner:innen in Gemeinschaftsunterkünften“.

Sammelunterkunft wird zum Problem
Die Linke im Landtag teilt diese Kritik. Geflüchtete müssten „endlich dezentral und Corona-konform untergebracht 
werden“, forderte ihre Abgeordnete Saadet Sönmez und ließ eine rhetorische Frage folgen: „Wie soll man sich auch 
an die Abstandsregelungen halten, wenn man sich mit zehn Menschen ein kleines Zimmer und mit noch mehr 
Personen eine Dusche teilen muss?“
Link zum PDF-Dokument"
2020-10,Main Corpus,2020-10(50).ZIP,Sammelunterkunft wird zum Problem.PDF,C:\PythonProjects\AfD-project\Corpora\Main Corpus\2020-10\raw_unarchive\Sammelunterkunft wird zum Problem.PDF,Sammelunterkunft wird zum Problem,sammelunterkunft wird zum problem,Frankfurter Rundschau,frankfurter rundschau,Freitag 16. Oktober 2020,,FRANKFURT; S. F2,362,2786,acf2b5113b514a3f4a81349dd1bffaa9070d846e,,unique,keep,,no,,no,,,3752,no,,,,,"VON PITT VON BEBENBURG
Ein Corona-Ausbruch in einer Einrichtung für Flüchtlinge hat Kassel über Nacht zum Risikogebiet werden lassen. 
Zugleich befeuerte der drastische Anstieg der Zahlen die Debatte über die zu enge Unterbringung geflüchteter 
Menschen in Hessen. In der Erstaufnahmeeinrichtung im Stadtteil Niederzwehren stehen seit Freitag 301 
Menschen unter Quarantäne. Mindestens 111 sind mit Covid-19 infiziert. 
Die Inzidenz (Fallzahl pro 100 000 Einwohner in sieben Tagen) stieg auf rund 94 an. Tags zuvor hatte sie unter 40 
gelegen; dieser Stand taucht noch in den Landeszahlen auf (siehe Tabelle). Kassel reagierte, indem es die 
zulässige Personenzahl bei Veranstaltungen und Feiern reduzierte und Sportereignisse nur ohne Publikum zulässt. 
Eine Waffenbörse darf vorerst stattfinden.
Doch die Probleme sind nicht in diesen Bereichen entstanden, sondern in der Unterbringungssituation. Seit 
Monaten machen Wohlfahrtsverbände und der Hessische Flüchtlingsrat auf die Infektionsgefahr in 
Sammelunterkünften aufmerksam. Angesichts der Entwicklung in Kassel erneuerten sie ihre Forderungen. 
Der Geschäftsführer des Flüchtlingsrats, Timmo Scherenberg, empfahl den Verantwortlichen, Jugendherbergen, 
Ferienwohnungen oder leerstehende Hotels zu nutzen, um die Zahl der Menschen in den 
Gemeinschaftsunterkünften zu verringern. Daneben solle das Land helfen, dass Betroffene schneller in 
Wohnungen ziehen könnten. Dem stehe die Wohnsitzauflage entgegen. Sie schreibt vor, dass geflüchtete 
Menschen nur innerhalb ihrer Stadt oder ihres Landkreises umziehen dürfen. Das führe insbesondere in Städten 
mit knappem Wohnraum zu Schwierigkeiten. 
„Wir rauschen in eine Katastrophe mit Ansage“, befand die Geschäftsführerin des Paritätischen 
Wohlfahrtsverbandes in Hessen, Yasmin Alinaghi. In Sammelunterkünften hätten Geflüchtete „keine Chance, sich 
vor Ansteckungen zu schützen“. Während die Politik Beschränkungen zu privaten Feiern und anderen 
Lebensbereichen erlasse, werde die Gefahr in Sammelunterkünften „völlig ausgeblendet“, bemängelte Alinaghi.
Parität-Fachreferentin Lea Rosenberg ergänzte, auch ein halbes Jahr nach Beginn der Pandemie gebe es „keine 
einzige Verordnung, keinen Erlass, keine Leitlinie oder ausreichende Handlungsempfehlungen seitens der 
Landesregierung zum Infektionsschutz von Bewohner:innen in Gemeinschaftsunterkünften“.

Sammelunterkunft wird zum Problem
Die Linke im Landtag teilt diese Kritik. Geflüchtete müssten „endlich dezentral und Corona-konform untergebracht 
werden“, forderte ihre Abgeordnete Saadet Sönmez und ließ eine rhetorische Frage folgen: „Wie soll man sich auch 
an die Abstandsregelungen halten, wenn man sich mit zehn Menschen ein kleines Zimmer und mit noch mehr 
Personen eine Dusche teilen muss?“
Link zum PDF-Dokument"
2020-10,Main Corpus,2020-10(50).ZIP,Schaut bitte genau hin!.PDF,C:\PythonProjects\AfD-project\Corpora\Main Corpus\2020-10\raw_unarchive\Schaut bitte genau hin!.PDF,Schaut bitte genau hin!,schaut bitte genau hin,Berliner Zeitung,berliner zeitung,02. Oktober 2020,Julia Haak,MEINUNG; Rechtsextreme Polizisten; S. 48,618,4514,ced9a7a00dac0780d315d5f429dccf036fb1c71e,,unique,drop,commentary_noncore,no,,no,,,5376,yes,commentary_noncore,,,,"Diesmal kommt die Nachricht aus Berlin. Offenbar gibt es eine rechtsextreme Chat-Gruppe bei der Berliner Polizei. 
Das berichtete das ARD-Magazin Monitor . Der Vorgang erinnert an die Gruppe, die erst kürzlich in Nordrhein-
Westfalen bekannt wurde. In der Berliner Chat-Gruppe werden Muslime mit Affen verglichen. Sie werden auch als 
fanatische Primatenkultur bezeichnet. Flüchtlinge werden Vergewaltiger und Ratten genannt. Es wird mit dem 
Gedanken gespielt, illegale Einwanderer zu erschießen. Es ist erschütternd, was da gerade veröffentlicht wurde. 
Laut Recherche des Magazins haben sich 25 Beamte einer Dienstgruppe in einem solchen Chat über Jahre 
ausgetauscht. Sieben Beamte sollen sich regelmäßig klar rassistisch geäußert haben.
Das ist dann also der nächste Fall von vermeintlich witzigen Bemerkungen, die in Wahrheit aber einen zutiefst 
rassistischen und menschenverachtenden Geist offenbaren. Zu den Polizisten, die für solches Gedankengut bereits 
bekannt sind, kommen, wenn die Vorwürfe stimmen, jetzt sieben weitere hinzu. Von vereinzelten Mehrfällen hatte 
Markus Feldenkirchen im Spiegel neulich in sarkastischem Tonfall gesprochen, weil Bund und Länder in den 
vergangenen Jahren mindestens 400 Fälle gezählt hatten, in denen sich Polizisten rechtsextrem, rassistisch oder 
antisemitisch geäußert oder verhalten hatten. Von Mal zu Mal wirkt eine Einzelfalltheorie absurder. Es muss 
dringend geklärt werden, wie weit menschenverachtende Ideologien unter Polizeibeamten wirklich verbreitet sind 
und was getan werden kann, um die Lage schnell zu verbessern.
In diesem Zusammenhang wirkt es geradezu fatal, wenn Bundesinnenminister Horst Seehofer mit den Worten wir 
vertuschen nichts im Bundestag die Aufklärung und Verfolgung rechtsextremer Vorfälle verspricht, sich aber 
gleichzeitig gegen eine Studie zu Rechtsextremismus in den Polizeibehörden stellt. Polizisten sind eine 
herausragende Berufsgruppe in der Gesellschaft. Das macht ein Hinsehen jetzt sofort so besonders dringlich. Sie 
sorgen als allererste dafür, dass Recht und Gesetze eingehalten werden nicht als Selbstzweck, sondern damit alle 
Menschen, die in Deutschland leben, zu ihrem Recht kommen können. In Handbüchern zur Ausbildung von 
Polizisten wird deshalb auch eine bedingungslose Verankerung der Beamten im Staatsverständnis und der 
Grundrechtsordnung als Anforderungsprofil hervorgehoben.
Aber was geht dann so fundamental schief? Fragt man Funktionsträger in der Polizei nach den Ursachen, bekommt 
man jedes Mal ungefähr folgende Geschichte zu hören: Berufsanfänger bei der Polizei teilten mehr oder weniger 
dieselbe Grundhaltung. Sie seien Idealisten, die die Welt verbessern wollten. Sie wollten Bösewichte fangen und 
Unschuldige beschützen, Omas, Opas, Kinder. Im Berufsleben machten sie dann aber relativ schnell Erfahrungen, 

Schaut bitte genau hin!
die sie prägen würden. In den Großstädten begegneten ihnen sehr viele Kriminelle mit Migrationshintergrund. Viele 
davon würden ihnen mit Verachtung und frech gegenübertreten, weil sie sehr genau wüssten, dass sie kaum 
verhaftet und schnell wieder auf freiem Fuß sein würden. Die Beamten fühlten sich machtlos und hilflos.
Das mag natürlich alles sein. Sicher ist es auch keine schöne Erfahrung, von Linken attackiert und als Teil eines 
Schweinesystems entmenschlicht zu werden, und es übt vielleicht auch eine Anziehung aus, wenn Rechte von 
unserer Polizei sprechen und Solidarisierung anbieten. Trotzdem bleibt es immer noch eine individuelle 
Entscheidung des Polizisten. Niemand muss pauschalisieren. Keiner ist gezwungen, sich menschenfeindlich zu 
äußern und die Basis des Grundgesetzes zu verlassen. Es bleibt ein willentlicher Akt, wenn der einzelne Beamte so 
etwas tut.
Es stellen sich eine ganze Reihe Fragen. Wie ist es wirklich bestellt um die Grundhaltung von Polizisten in 
Deutschland? Wo fehlen Strukturen, um zu verhindern, dass sich Beamte radikalisieren? Sind Vorgesetzte 
ausreichend sensibilisiert? Sind sie Teil des Problems? Wie stark ist der Einfluss des Corpsgeistes? Man möchte in 
Richtung von Politik und Polizeiführung ausrufen: Seht doch bitte stärker hin! Die Aufforderung richtet sich natürlich 
auch an normale Polizeibeamte.
Im Berliner Fall ist der Chat dem Nachrichtenmagazin offenbar von anderen Berliner Polizisten zugespielt worden. 
Das macht Hoffnung. Es spricht allerdings nicht für Vertrauen dieser Polizisten in den Aufklärungswillen ihrer 
Vorgesetzen. Sonst hätten sie sicherlich zuerst diese informiert."
2020-10,Main Corpus,2020-10(50).ZIP,Seehofers Schweigen zum Asylplan der EU Die Kommission will ihrem neuen Vorschlag zufolge Asylbewerb.PDF,C:\PythonProjects\AfD-project\Corpora\Main Corpus\2020-10\raw_unarchive\Seehofers Schweigen zum Asylplan der EU Die Kommission will ihrem neuen Vorschlag zufolge Asylbewerb.PDF,Seehofers Schweigen zum Asylplan der EU; Die Kommission will ihrem neuen Vorschlag zufolge,seehofers schweigen zum asylplan der eu die kommission will ihrem neuen vorschlag zufolge,Die Welt,die welt,Montag 5. Oktober 2020,Marcel Leubecher,Politik; S. 5; Ausg. 232,1194,9007,23b2ac45d4c390b38785458e64feed5e3b0ca047,,unique,keep,,no,,no,,,10425,no,,,,,"Die Frage trifft den Kern der Migrationspolitik in Deutschland. Es geht darum, wie die Bundesrepublik unerlaubte 
Zuwanderung tatsächlich eindämmen kann, ohne ihre Grenzen zu den Nachbarstaaten in der Europäischen Union 
zu kontrollieren. Der neue Plan der EU-Kommission für ein gemeinsames europäisches Asylsystem bleibt die 
Antwort schuldig.
Deutschland soll demnach auch künftig für aus anderen EU-Ländern illegal weiterreisende Asylbewerber zuständig 
sein - sobald die Frist für eine Überstellung zurück in die EU-Partnerstaaten verstrichen ist. In der Regel also nach 
einem halben Jahr.
Was ist jetzt zu tun? Eigentlich hat Deutschland Gesetze, die regeln, wer zuwandern darf. Aus zwei Gründen 
verzeichnet die Bundesrepublik aber seit vielen Jahren eine starke illegale Zuwanderung: Erstens bewacht 
Deutschland seine Grenzennur stichprobenhaft und kann deshalb illegale Einreisen meist nicht verhindern - 
sondern sie überwiegend erst feststellen, wenn sie schon passiert sind. Zweitens dürfen unerlaubt eingereiste 
Ausländer in der Regel Asylanträge in Deutschland stellen, auch wenn sie vorher in einem anderen EU-Staat Asyl 
beantragt hatten oder dort sogar schon abgelehnt oder anerkannt worden waren.
Zwar werden diese Asylanträge in Deutschland zunächst meist als unbegründet abgelehnt. Aber weil die 
Überstellungen in die zuständigen Staaten nur selten gelingen - beispielsweise weil Gerichte 
Menschenrechtsbedenken haben oder ein Kind geboren wurde - wird Deutschland doch meist zuständig.
Denn: Das bestehende EU-Asylsystem schreibt vor, dass die Zuständigkeit nach sechs Monaten ohne Überstellung 
(in Ausnahmen nach 18 Monaten) auf den Staat des aktuellen Aufenthalts übergeht. Deutschland muss dann ein 
ganz normales Asylverfahren durchführen.

Seehofers Schweigen zum Asylplan der EU; Die Kommission will ihrem neuen Vorschlag zufolge 
Asylbewerbern Sozialleistungen nicht streichen, wenn sie Anträge in m....
Um aus dieser Lage herauszukommen, gibt es im Prinzip zwei Hauptstrategien: zum einen die klassische nationale 
Methode, nämlich die Verhinderung der unerlaubten Einreisen von Asylbewerbern, die schon in sicheren Staaten 
sind. Dazu hatte die CSU vor zwei Jahren den Versuch unternommen, einen solchen Schritt in der schwarz-roten 
Koalition durchzudrücken - vergeblich. Inzwischen bereuen die treibenden Kräfte von damals, Horst Seehofer und 
Markus Söder, ihren konfliktreichen Vorstoß für Zurückweisungen, der am Widerstand Angela Merkels (CDU) und 
der SPD scheiterte.
Die andere Hauptstrategie wäre eine europäische Lösung des Problems in Form eines neuen EU-Asylsystems, das 
neben anderen Maßnahmen auch die entscheidenden Anreize für illegale Migration innerhalb Europas beseitigen 
würde. Diesen Weg hat die Bundesregierung eingeschlagen. Innenminister Seehofer wirkt seit einem Jahr auf eine 
solche fundamentale Reform des Gemeinsamen Europäischen Asylsystems (GEAS) hin.
Gegenüber der EU-Kommission und den Mitgliedstaaten warb er mit einem von seinem Haus erarbeiteten Plan 
dafür, dass ""Unterkünfte und Sozialleistungen"" künftig ""ausschließlich im zuständigen Mitgliedstaat"" gewährt 
werden dürfen. Wer in ein anderes Land weiterreist und dort einen weiteren Asylantrag stellt, würde als 
""offensichtlich unbegründet"" abgelehnt, dürfte dagegen nicht mehr klagen und würde ohne kompliziertes Verfahren 
und Zuständigkeitsprüfung in den Staat überstellt, der ihm zugewiesen wurde und der ""ewig zuständig"" bliebe.
Mit dieser Vorgehensweise, so die Hoffnung, könne gleichzeitig das Europa der unkontrollierten Grenzen erhalten 
bleiben - aber trotzdem die illegale Migration unter Berufung auf das Asylrecht bekämpft werden.
Doch bisher sieht es nicht danach aus, als ob der Plan aufgehen könnte: Denn als die EU-Kommission Ende 
September ihren Vorschlag für ein neues EU-Asylsystem vorstellte, fehlten die entscheidenden Verschärfungen. 
Zwar geht die Kommission - nur sie darf EU-weite Gesetze vorschlagen - in dem mehr als 300-seitigen Reformplan 
mehrmals auf das Problem der Verhinderung der ""unautorisierten Weiterreise"" ein. In Artikel 9 wird etwa eine 
ausdrückliche Pflicht zum Verbleib im zuständigen Staat festgeschrieben. Überstellungsverfahren sollen gestrafft 
und Klagefristen verkürzt werden, vor allem soll ein unerlaubt weiterreisender Asylbewerber ""angemessene 
materielle Konsequenzen"" tragen müssen.
Doch das klingt strenger, als es ist. Denn gekürzte Sozialleistungen gelten nur für den Zeitraum des 
Überstellungsverfahrens, das in der Regel nach einem halben Jahr abgeschlossen sein muss, so wie es heute 
auch schon der Fall ist. Danach würde Deutschland auch künftig wieder zuständig. Dies steht in Artikel 35 der 
Managementverordnung des Kommissionsvorschlags: ""Die Überstellung"" soll ""so schnell wie möglich"" ausgeführt 
werden, ""spätestens aber sechs Monate, nachdem der zuständige Staat die Überstellungsbenachrichtigung 
bestätigt"" hat.
Zwei Ausnahmen gibt es: Zum einen kann ""diese Frist auf maximal ein Jahr ausgedehnt werden, falls die zu 
überstellende Person sich in Haft befindet"". Und zweitens kann der Fristablauf unterbrochen werden, falls die 
Überstellung wegen Untertauchens platzt. Dann könne ""die verbliebene Zeit der Sechs-Monats-Frist zur 
Überstellung genutzt werden, sobald die Behörden wieder Zugriff auf den Asylbewerber haben"".
Im zweiten Absatz wird klargestellt: ""Wenn die Überstellung nicht innerhalb dieser Fristen stattfindet, wird der 
zuständige Staat von seiner Rücknahmepflicht entbunden, und die Zuständigkeit geht auf den Mitgliedstaat über, 
der die Überstellungsbenachrichtigung gesendet hat.""
Weil diese Regelungen weit hinter den ursprünglichen Wünschen der Bundesregierung zurückbleiben, will die 
Unionsfraktion versuchen, noch auf die weiteren Verhandlungen zwischen Kommission, EU-Parlament und dem 
Rat der Staats- und Regierungschefs Einfluss zu nehmen.
Thorsten Frei, der für Migration zuständige Fraktionsvize der Union, sagte im WELT-Interview: ""Ich kann in dem 
Vorschlag der EU-Kommission bislang keine umfassend überzeugende Antwort auf die Herausforderungen der 
Sekundärmigration erkennen."" Laut dem aktuellen Vorschlag der Kommission blieben ""die Anreize für eine 
unerlaubte Weiterwanderung"" bestehen. ""Denn der Zielstaat soll letztlich doch Sozialleistungen gewähren und wird 
nach Ablauf einer bestimmten Frist für das Asylverfahren zuständig.""
Seehofers Schweigen zum Asylplan der EU; Die Kommission will ihrem neuen Vorschlag zufolge 
Asylbewerbern Sozialleistungen nicht streichen, wenn sie Anträge in m....
Auch der innenpolitische Sprecher der Unionsfraktion, Mathias Middelberg (CDU), forderte Nachbesserungen an 
dem Kommissionsvorschlag: ""Mitgliedstaaten, die einmal für Bewerber zuständig geworden sind, müssen dauerhaft 
zuständig bleiben. Anspruch auf Sozialleistungen darf es dann nur in diesen Staaten geben.""
Seehofer verlor in mehreren öffentlichen Auftritten seit der Präsentation des Kommissionsvorschlags bisher kein 
Wort der Kritik, dass harte Maßnahmen gegen die illegale Weiterwanderung in dem Papier fehlen. In seinem 
Umfeld wird dies auch so gedeutet, dass der Bundesinnenminister den übrigen Staaten Kompromissfähigkeit 
demonstrieren wolle. Und zwar um die Chancen zu erhöhen, dass sich die EU-Staaten in diesem Jahr tatsächlich 
auf wesentliche Elemente eines neuen gemeinsamen Asylsystems einigen können, das dann im ersten Halbjahr 
2021 zu geltendem Recht in Europa werden könnte.
Seehofer wolle unbedingt eine Einigung, auch wenn viele Fragen ungelöst blieben, sagen mehrere Personen, die 
sich regelmäßig mit ihm austauschen, in Gesprächen mit WELT. Vor allem ist ihm demnach wichtig, dass am Ende 
alle Staaten zustimmen, möglichst viele Asylanträge mit geringer Erfolgschance - das ist die Mehrheit - schon an 
den Außengrenzen zu bearbeiten und die Abgelehnten möglichst direkt von dort abzuschieben.
Damit dies auch nur teilweise gelingt, bedürfte es begleitend einer echten ""europäischen Kraftanstrengung"" bei der 
Rückführung mit milliardenschweren Anreizen und massivem diplomatischem Druck auf die Herkunftsländer, die 
alle bisherigen Anstrengungen um ein Vielfaches übertreffen müssten.
Falls es hier tatsächlich zu einem Durchbruch kommen sollte - bisher wird nur ein kleiner Bruchteil abgelehnter 
Asylbewerber abgeschoben - , würde ""automatisch"" auch die unerlaubte Weiterwanderung innerhalb Europas nach 
Deutschland stark abnehmen. Und zwar weil mittelfristig insgesamt viel weniger Nichtschutzberechtigte unerlaubt in 
die EU reisen würden, sobald sich das gestiegene Abschiebungsrisiko herumgesprochen hätte.
Falls es aber bei der Abschiebung wenig Fortschritte geben sollte und zudem beim Kampf gegen die unerlaubte 
Weiterwanderung nicht nachgeschärft würde, dürfte das neue EU-Asylsystem, wenn es denn überhaupt 
beschlossen wird, Deutschland genauso wenig helfen wie das bestehende.
Original Gesamtseiten-PDF
Graphic
 
Migranten aus dem zerstörten Flüchtlingslager Moria warten auf die Registrierung in einem neuen Camp"
2020-10,Main Corpus,2020-10(50).ZIP,So wird Unterkunft zur Heimat Migration DRK-Flüchtlingswohnheim hat neue Leiterin   Sprachkurs angeb.PDF,C:\PythonProjects\AfD-project\Corpora\Main Corpus\2020-10\raw_unarchive\So wird Unterkunft zur Heimat Migration DRK-Flüchtlingswohnheim hat neue Leiterin   Sprachkurs angeb.PDF,So wird Unterkunft zur Heimat Migration DRK-Flüchtlingswohnheim hat neue Leiterin Sprachkurs angeboten,so wird unterkunft zur heimat migration drkflüchtlingswohnheim hat neue leiterin sprachkurs angeboten,Nordwest-Zeitung,nordwestzeitung,16. Oktober 2020,,SÜDKREIS; S. 15,495,3577,9a3e8b3bda59877d373eb6353f6f73c581566670,,unique,keep,,no,,no,,,4683,no,,,,,"Emstek/Garthe/MWU - Sie sorgt dafür, dass sich die etwa 50 Geflüchteten im Emsteker Flüchtlingswohnheim in 
Garthe wohlfühlen: Erika Thomas, 33 Jahr alt, ist die neue Leiterin der Einrichtung, in der Menschen in Deutschland 
eine Heimat finden, die aus verschiedenen Gründen aus ihrem Heimatland geflohen sind. Thomas organisiert die 
Abläufe in der DRK-Liegenschaft.
Viele Aufgaben
Die Aufgaben der Sozialarbeiterin sind vielfältig: Sie arbeitet in der Verwaltung, regelt die bürokratischen 
Angelegenheiten für die Bewohner, kümmert sich um die Belegungsplanung und verantwortet die Aufnahme von 
Flüchtlingen. Außerdem arbeitet sie eng mit dem DRK Kreisverband, dem Landkreis und der Gemeinde Emstek 
zusammen.
Unterstützt wird die Cloppenburgerin von ihrem Hauswart Jörg Holtkamp. Er ist für die Wartung, Pflege, 
Instandhaltung des Gebäudes und der Außenanlagen zuständig. Zudem sollte man auch ein offenes Ohr für die 
Belange der Bewohner und deren Probleme haben , weiß Holtkamp zu berichten.
Die Frauen und Männer im Flüchtlingswohnheim haben die Möglichkeit, sich in ihrer Freizeit aktiv zu beschäftigen. 
Neben einem großen Aufenthaltsraum mit Billard- und Tischtennistisch gibt es in einer umfunktionierten Garage 
auch die Möglichkeit, der körperlichen Ertüchtigung nachzukommen. Der Fitnessraum ist zwar klein und 

So wird Unterkunft zur Heimat Migration DRK-Flüchtlingswohnheim hat neue Leiterin Sprachkurs angeboten
spartanisch eingerichtet, aber dennoch freuen sich vor allem unsere männlichen Bewohner, dass es ihn gibt , so 
Jörg Holtkamp.
Kurs für Bewohner
Seit einer Woche gibt es im Wohnheim einen Landessprachkurs in Deutsch auf der Stufe A1. So sollen sich die 
Bewohner besser untereinander aber auch mit den Mitarbeitern des DRK verständigen können. Es freut uns, dass 
wir in gutem Austausch mit dem Katholischen Bildungswerk Cloppenburg stehen und in Zusammenarbeit zwei 300-
stündige Deutschkurse auf die Beine stellen konnten , freut sich Thomas. Die Frauen und Männer des Wohnheimes 
seien motiviert, und Thomas ist sich sicher, dass die Sprachkenntnisse dem einen oder anderen eine gute Arbeit 
verschaffen werden.
Auch Annika Vorwerk, Sachbearbeiterin im Sozialamt der Gemeinde Emstek, zeigt sich positiv über die bereits 
gesammelten Erfahrungen mit dem Flüchtlingswohnheim: Die neue Leiterin Erika ist wie auch ihre Vorgängerin 
sehr motiviert, und ich freue mich auf zukünftige Projekte, die wir gemeinsam durchführen können. Sie ist neben 
der Betreuung der Asylbewerber auch für deren Sozialhilfeanträge sowie für deren Hilfe zum Lebensunterhalt 
verantwortlich.
Einer der gravierendsten Einschnitte im täglichen Leben der Bewohnerinnen und Bewohner stellt die geringe 
Mobilität und der Anschluss des Flüchtlingswohnheims an öffentliche Verkehrsmittel dar. Die Frauen und Männer 
haben regelmäßig diverse Termine in verschiedenen Behörden wahrzunehmen. Ohne Bus gestaltet sich das 
allerdings schwierig , weiß die Leiterin zu berichten.
Rufbus als Lösung
Das bestätigt Annika Vorwerk. Auch sie sehe das Problem, zumal sie als direkte Ansprechpartner für die Migranten 
erreichbar ist. Das öffentliche Netz ist zurzeit noch nicht entsprechend angepasst, was immer wieder zu Problemen 
führt , so die Gemeindemitarbeiterin Vorwerk.
Abhilfe ist eventuell in Sicht. Denn das Moobilplus-System also der Rufbusverkehr der Landkreise Cloppenburg 
und Vechta könnte eine geeignete Lösung für die Mobilitätsprobleme darstellen. Dadurch würden die Bewohner 
eine entsprechende Anbindung an Städte und Gemeinden erhalten.
PDF-Datei dieses Dokuments"
2020-10,Main Corpus,2020-10(50).ZIP,Strafverfahren wegen rassistischer Chatgruppe Affäre Nach NRW nun Berlin_ Auch Polizisten in der Hau.PDF,C:\PythonProjects\AfD-project\Corpora\Main Corpus\2020-10\raw_unarchive\Strafverfahren wegen rassistischer Chatgruppe Affäre Nach NRW nun Berlin_ Auch Polizisten in der Hau.PDF,Strafverfahren wegen rassistischer Chatgruppe; Affäre Nach NRW nun Berlin? Auch Polizisten in der,strafverfahren wegen rassistischer chatgruppe affäre nach nrw nun berlin auch polizisten in der,Südwest Presse,südwest presse,Freitag 2. Oktober 2020,,POLITIK; S. 2; Band 76; Ausg. 229,399,2992,f65f8eb2b85745335f0836096357ad383334eb0b,,unique,keep,,no,,no,,,4490,no,,,,,"Berlin Auch in den Reihen der Berliner Polizei soll es in einer Chat-Gruppe rassistische Äußerungen gegeben 
haben. Gegen deren Mitglieder wurde ein Strafverfahren eingeleitet. In dem Chat würden laut „Monitor“ Muslime als 
„fanatische Primatenkultur“ bezeichnet, Flüchtlinge mit Vergewaltigern oder Ratten gleichgesetzt und Neonazis als 
mögliche „Verbündete“ bei linken Demonstrationen genannt. Es soll es um den internen Chat einer Dienstgruppe 
handeln, in dem sich mehr als 25 Beamte ausgetauscht haben sollen. Vor allem sieben Beamte hätten sich darin 
regelmäßig klar rassistisch geäußert, häufig in Form von vermeintlichen Witzen, heißt es in dem Fernsehbericht. 
Kollegen hätten die Äußerungen häufig mit Zustimmung kommentiert.
Ein Vorgesetzter der Gruppe sei über rassistische Äußerungen im Chat informiert gewesen. In einer E-Mail habe er 
die Beamten aufgefordert, keine strafrechtlich relevanten Inhalte zu teilen. Berlins Innensenator Andreas Geisel 
(SPD) erklärte dazu laut dem Magazin: „Sollten sich die Vorwürfe bewahrheiten, ist dies absolut inakzeptabel und 
hat nichts mit einer modernen, weltoffenen Hauptstadtpolizei zu tun.“
Erst vor zwei Wochen waren fünf rechtsextreme Chatgruppen von Polizisten in Nordrhein-Westfalen aufgedeckt 
worden. Verdachtsfälle gibt es dort nach einem Bericht der „Rheinischen Post“ inzwischen auch in einer 
Observationsgruppe des Verfassungsschutzes. Dazu gibt es aber noch keine offizielle Stellungnahme.
Gemeinsam mit den Präsidenten der ihm unterstehenden Sicherheitsbehörden will Bundesinnenminister Seehofer 
am kommenden Dienstag einen Lagebericht zu rechtsextremistischen Verdachtsfällen bei der Polizei und in 
anderen Sicherheitsbehörden von Bund und Ländern vorstellen.
Seehofer war unter anderem von Politikern des Koalitionspartners SPD kritisiert worden, weil er sich gegen eine 
wissenschaftliche Studie zu Rassismus in den Polizeibehörden ausgesprochen hatte. In den vergangenen Wochen 
waren in Nordrhein-Westfalen und Mecklenburg-Vorpommern rechtsextreme Chats von Polizisten bekannt 
geworden. Die Berliner Polizei teilte zu dem Medienbericht über eine interne Chatgruppe mit: „Mit Kenntnis des 
Sachverhalts haben wir unmittelbar ein Strafverfahren eingeleitet und die Ermittlungen aufgenommen.“ Die 
überwiegende Mehrzahl der Mitarbeiter lebe und handle nach den Werten unserer Demokratie, hieß es. Dazu 

Strafverfahren wegen rassistischer Chatgruppe; Affäre Nach NRW nun Berlin? Auch Polizisten in der 
Hauptstadt sollen sich in einem Chat verächtlich geäußert habe....
zähle, Fehlverhalten zur Anzeige zu bringen. „Denn es ist unerträglich, solche unter uns zu wissen, die sich 
aufgrund ihrer Herkunft über andere erheben und den Ruf eines ganzen Berufsstandes schädigen.“ dpa
Link zum PDF-Dokument
Link zum PDF-Dokument
Graphic
 
Junge Polizisten in Berlin bei der Ernennungsfeier für den gehobenen Polizeivollzugsdienst. Kollegen von ihnen 
sollen sich in Chats rassistisch geäußert haben. Foto: Paul Zinken/dpa"
2020-10,Main Corpus,2020-10(50).ZIP,Streitschrift statt Memoiren_ Ex-BND-Chef rügt Merkel(2).PDF,C:\PythonProjects\AfD-project\Corpora\Main Corpus\2020-10\raw_unarchive\Streitschrift statt Memoiren_ Ex-BND-Chef rügt Merkel(2).PDF,Streitschrift statt Memoiren: Ex-BND-Chef rügt Merkel,streitschrift statt memoiren exbndchef rügt merkel,Rheinische Post,rheinische post,Montag 12. Oktober 2020,,S. 4,377,2845,2ca28d598229e087ec9042d6ee9afd191c02197e,exact_002,duplicate_exact,review,,no,,no,,,3899,no,,exact_002,,,"Berlin (dpa) Der ehemalige Präsident des Bundesnachrichtendienstes (BND), Gerhard Schindler, hat die Politik von 
Kanzlerin Angela Merkel (CDU) in der Flüchtlingskrise 2015 kritisiert. „Der Satz der Bundeskanzlerin ,Wir schaffen 
das!‘ war in seiner Pauschalität nicht gut“, schreibt Schindler in einem Buch mit dem Titel „Wer hat Angst vorm 
BND?“. Der Satz habe, wenn auch ungewollt, enorme Sogwirkung entfaltet. Schindler plädiert zudem für ein 
„realitätsnahes Integrationskonzept“ für die Millionen Menschen mit türkischen Wurzeln in Deutschland.
Der heute 68-Jährige war in Zusammenhang mit der Affäre um die weltweite Datenschnüffelei des US-
Geheimdienstes NSA und BND-Abhöraktionen gegen befreundete Staaten entlassen worden. Er führte den 
deutschen Auslandsgeheimdienst von Anfang 2012 bis Juni 2016. Das Kanzleramt versetzte Schindler damals 
gegen seinen Willen in den einstweiligen Ruhestand. Bislang war er mit Kritik an der Flüchtlingspolitik nicht groß in 
Erscheinung getreten.
Über Merkels Handeln schreibt Schindler nun, zu Beginn der Flüchtlingskrise „wäre ein rechtzeitiges Signal an die 
Herkunftsländer – zum Beispiel durch ein Schließen der Grenze zu Österreich – wichtig gewesen“. Dies sei leider 
ausgeblieben, „vor allem aus Angst vor unangenehmen Fernsehbildern an den deutschen Grenzen“. Das „Dogma 
der bedingungslosen Offenhaltung unserer Grenzen“ sei auch damit begründet worden, „dass faktisch eine 
Grenzschließung gar nicht möglich sei. Im Zuge der Corona-Krise ging es dann doch!“ Bei seinen Gesprächen mit 
Geheimdienstchefs aus aller Welt sei „ausnahmslos Fassungslosigkeit über die deutsche Vorgehensweise zu 
verzeichnen“ gewesen, berichtet Schindler aus seiner Amtszeit.
Eigentlich hatte Schindler eine Art Autobiografie mit Erinnerungen an seine BND-Zeit geschrieben. Bei der Prüfung 
des Entwurfs auf mögliche Geheimhaltungsverstöße hatte das Kanzleramt aber zahlreiche Stellen kommentiert 
oder gestrichen. Aus seiner Sicht seien die geschilderten Episoden nicht mehr unter die Geheimhaltung gefallen, 
sagt Schindler. Er habe aber nicht gegen seinen früheren Dienstherrn klagen wollen. Deshalb habe er ein 
Sachbuch zum Thema Sicherheit geschrieben.
Der ehemalige BND-Chef fordert darin unter anderem eine Gesamtrevision der deutschen Sicherheitsarchitektur. 
Nötig sei eine weitreichende Neuordnung des Auslandsgeheimdiensts sowie von Verfassungsschutz und Polizei. 

Streitschrift statt Memoiren: Ex-BND-Chef rügt Merkel
Weil sich Terrorismus nicht mehr sinnvoll in Inland und Ausland trennen lasse, soll das Bundesamt für 
Verfassungsschutz zuständig sein. Ein neuer technischer Geheimdienst nach Vorbild etwa der US-amerikanischen 
NSA soll die Überwachung der Telekommunikation übernehmen. Schindler schlägt zudem vor, den BND dem 
Verteidigungsministerium zu unterstellen statt dem Kanzleramt."
2020-10,Main Corpus,2020-10(50).ZIP,Streitschrift statt Memoiren_ Ex-BND-Chef rügt Merkel.PDF,C:\PythonProjects\AfD-project\Corpora\Main Corpus\2020-10\raw_unarchive\Streitschrift statt Memoiren_ Ex-BND-Chef rügt Merkel.PDF,Streitschrift statt Memoiren: Ex-BND-Chef rügt Merkel,streitschrift statt memoiren exbndchef rügt merkel,Rheinische Post,rheinische post,Montag 12. Oktober 2020,,S. 4,377,2845,2ca28d598229e087ec9042d6ee9afd191c02197e,exact_002,duplicate_exact,review,,no,,no,,,3914,no,,exact_002,,,"Berlin (dpa) Der ehemalige Präsident des Bundesnachrichtendienstes (BND), Gerhard Schindler, hat die Politik von 
Kanzlerin Angela Merkel (CDU) in der Flüchtlingskrise 2015 kritisiert. „Der Satz der Bundeskanzlerin ,Wir schaffen 
das!‘ war in seiner Pauschalität nicht gut“, schreibt Schindler in einem Buch mit dem Titel „Wer hat Angst vorm 
BND?“. Der Satz habe, wenn auch ungewollt, enorme Sogwirkung entfaltet. Schindler plädiert zudem für ein 
„realitätsnahes Integrationskonzept“ für die Millionen Menschen mit türkischen Wurzeln in Deutschland.
Der heute 68-Jährige war in Zusammenhang mit der Affäre um die weltweite Datenschnüffelei des US-
Geheimdienstes NSA und BND-Abhöraktionen gegen befreundete Staaten entlassen worden. Er führte den 
deutschen Auslandsgeheimdienst von Anfang 2012 bis Juni 2016. Das Kanzleramt versetzte Schindler damals 
gegen seinen Willen in den einstweiligen Ruhestand. Bislang war er mit Kritik an der Flüchtlingspolitik nicht groß in 
Erscheinung getreten.
Über Merkels Handeln schreibt Schindler nun, zu Beginn der Flüchtlingskrise „wäre ein rechtzeitiges Signal an die 
Herkunftsländer – zum Beispiel durch ein Schließen der Grenze zu Österreich – wichtig gewesen“. Dies sei leider 
ausgeblieben, „vor allem aus Angst vor unangenehmen Fernsehbildern an den deutschen Grenzen“. Das „Dogma 
der bedingungslosen Offenhaltung unserer Grenzen“ sei auch damit begründet worden, „dass faktisch eine 
Grenzschließung gar nicht möglich sei. Im Zuge der Corona-Krise ging es dann doch!“ Bei seinen Gesprächen mit 
Geheimdienstchefs aus aller Welt sei „ausnahmslos Fassungslosigkeit über die deutsche Vorgehensweise zu 
verzeichnen“ gewesen, berichtet Schindler aus seiner Amtszeit.
Eigentlich hatte Schindler eine Art Autobiografie mit Erinnerungen an seine BND-Zeit geschrieben. Bei der Prüfung 
des Entwurfs auf mögliche Geheimhaltungsverstöße hatte das Kanzleramt aber zahlreiche Stellen kommentiert 
oder gestrichen. Aus seiner Sicht seien die geschilderten Episoden nicht mehr unter die Geheimhaltung gefallen, 
sagt Schindler. Er habe aber nicht gegen seinen früheren Dienstherrn klagen wollen. Deshalb habe er ein 
Sachbuch zum Thema Sicherheit geschrieben.
Der ehemalige BND-Chef fordert darin unter anderem eine Gesamtrevision der deutschen Sicherheitsarchitektur. 
Nötig sei eine weitreichende Neuordnung des Auslandsgeheimdiensts sowie von Verfassungsschutz und Polizei. 

Streitschrift statt Memoiren: Ex-BND-Chef rügt Merkel
Weil sich Terrorismus nicht mehr sinnvoll in Inland und Ausland trennen lasse, soll das Bundesamt für 
Verfassungsschutz zuständig sein. Ein neuer technischer Geheimdienst nach Vorbild etwa der US-amerikanischen 
NSA soll die Überwachung der Telekommunikation übernehmen. Schindler schlägt zudem vor, den BND dem 
Verteidigungsministerium zu unterstellen statt dem Kanzleramt."
2020-10,Main Corpus,2020-10(50).ZIP,Tear down Moria! Der Mut von 1989 sollte wichtiger sein als die Angst vor einem neuen 2015. Schauen.PDF,C:\PythonProjects\AfD-project\Corpora\Main Corpus\2020-10\raw_unarchive\Tear down Moria! Der Mut von 1989 sollte wichtiger sein als die Angst vor einem neuen 2015. Schauen.PDF,Tear down Moria! Der Mut von 1989 sollte wichtiger sein als die Angst vor einem neuen 2015. Schauen wir,tear down moria der mut von 1989 sollte wichtiger sein als die angst vor einem neuen 2015 schauen wir,Berliner Zeitung,berliner zeitung,02. Oktober 2020,Erik Marquardt,SONDERVERÖFFENTLICHUNG; S. 28,1593,10642,76cc7e18422c48c82b34d76783ee1c9e8b9e2ccc,,unique,keep,,no,,no,,,12029,no,,,,,"UKUNFT Ich schreibe diese Zeilen auf Lesbos, einem der schönsten Orte Europas, der in diesen Tagen eine seiner 
schrecklichsten Geschichten erzählt. Moria, das größte Flüchtlingslager Europas, ist vollständig abgebrannt. 13.000 
Menschen, die schon vorher in unwürdigen Bedingungen lebten, sind jetzt obdachlos.
Tagelang hinderte die lokale Polizei die Hilfsorganisationen daran, die obdachlosen Opfer der Brandkatastrophe 
medizinisch zu versorgen und ihnen Essen zu geben. Viele aßen und tranken tagelang nichts, und Kinder löschten 
ihren Durst notgedrungen mit Abwasser, woraufhin sie mit schlimmem Durchfall zu kämpfen hatten. Die Polizisten 
setzten Tränengas gegen Männer, Frauen und sogar Kinder ein. Brandwunden blieben tagelang unterversorgt.
Die Berliner Mauer stand 28 Jahre lang als Symbol für Repression, Unfreiheit und das Einsperren der eigenen 
Bevölkerung. Die Lehren aus dieser Zeit sucht man an den europäischen Außengrenzen vergebens. Und auch 
weltweit haben Mauern Konjunktur. Es gibt inzwischen 70 Grenzmauern auf der Welt etwa fünf mal so viele wie 
1989. Die Berliner Mauer existiert nicht mehr. Doch der Gedanke durch ein Bauwerk das Andere, das Fremde, das 
Feindliche abzuhalten, gedeiht an vielen Orten nach wie vor.
Doch warum ist der Wunsch nach Freiheit heutzutage nicht stärker als der Wunsch nach neuen Mauern? Die 
Mauer ist ein Bauwerk, das schützen soll. Doch hält sie auch die eine Seite davon ab, die andere zu sehen. In einer 
immer komplexer werdenden Welt ist der Wunsch nach neuen Mauern dabei wohl nicht nur ein Wunsch nach 
Geborgenheit und Sicherheit, sondern auch der Wunsch danach, der steigenden Komplexität einen Schutzwall 
entgegenzusetzen, um der eigenen Überforderung durch das Unbekannte etwas entgegenzusetzen. Dabei sperrt 
die Mauer nicht nur das Unbekannte aus, sondern auch das Bekannte ein.
Nun gibt es ein neues Moria. Und die Zustände sind schlimmer denn je. Während kleine Kinder hinter 
Absperrbändern und Zäunen im Dreck spielen, suchen auf der anderen Seite Soldaten nach Minen und 
Munitionsresten. Menschen, die mit Corona infiziert sind, werden mit anderen hinter Stacheldraht eingesperrt, die 
als Verdachtsfälle gelten. Das ist ein Verbrechen.

Tear down Moria! Der Mut von 1989 sollte wichtiger sein als die Angst vor einem neuen 2015. Schauen wir 
nicht weg, wenn die EU an den Außengrenzen Leid erzeugt.....
Als die Berliner Mauer fiel, war ich zwei Jahre alt. Ich konnte keine Texte schreiben, und ich hatte noch nie ein 
Geschichtsbuch gelesen. Mauer, Diktatur und Schießbefehl beraubten Millionen Menschen ihrer Freiheit. Die 
Mauer fiel, weil die Idee der Demokratie sie eingerissen hat. Nun, 30 Jahre später, sitze ich hier, und einige 
Kilometer weiter sind demokratische Staaten für die Entwürdigung von Menschen verantwortlich. 30 Jahre später 
scheint vergessen zu sein, welches Glück es ist, dass wir Freiheit teilen dürfen.
Ich habe das Glück, dass ich die Diktatur in der DDR nicht mehr bewusst erleben musste. Ich habe das Glück, in 
dieser Zeit, in diesem Europa zu leben. Dieses Glück verdanke ich mutigen Bürgerinnen und Bürger, die uns diese 
Freiheit erkämpft haben. Nicht mit Gewalt, sondern mit einer Idee. Der Idee, dass wir eine Gesellschaft auf einem 
Fundament aus Rechtsstaat, Menschenrechten und der Würde jedes einzelnen bauen müssen weil wir nur so ein 
Haus bauen können, das niemand mehr einreißen kann. Die Menschen gingen mit dieser Idee auf die Straße und 
wussten nicht, ob sie zur Realität wird. Sie konnten nicht wissen, dass keine Schüsse fallen würden. Am 9. 
November 1989 war es dann endlich soweit. Die Mauer fiel und die Welt feierte. Doch heute steht die Berliner 
Mauer wieder in Moria.
Moria ist ein Versprechen an die eigene Bevölkerung, aber auch an Menschen auf der Flucht: Wer es wagt, nach 
Europa zu fliehen, soll sich nicht auf die eigenen Erwartungen verlassen. Die Freiheit, die Demokratie und die 
Rechtsstaatlichkeit, die viele in Europa suchen, sollen Schutzsuchende nicht mehr finden. Statt einer Seenotrettung 
im Mittelmeer für Menschen, die aus Libyen fliehen, errichten wir eine Mauer aus Ertrunkenen.
Diese Strategie der entwürdigenden Außengrenzen folgt dabei einer einfachen Logik: So lange das Mittelmeer und 
Moria nicht gefährlicher sind als der Bürgerkrieg in Libyen, steht die Mauer der Abschreckung nicht stabil. Wenn 
weniger Menschen ankommen sollen, müssen mehr leiden und sterben.
Ist das nicht ein Zeichen dafür, dass wir mehr Angst vor uns selbst haben sollten als vor der anderen Seite jenseits 
der Mauer? Während wohl die meisten europäischen Staats- und Regierungschefs in Reden für Rechtsstaatlichkeit 
eintreten, sieht die Realität an den europäischen Außengrenzen düster aus. Statt in einem rechtsstaatlichen 
Verfahren zu ergründen, welche Gründe ein Mensch hat, auf ein überfülltes Schlauchboot zu steigen und sein 
Leben für die Freiheit zu riskieren, werden die Schutzsuchenden an den Außengrenzen mit Knüppeln, Tränengas 
und Warnschüssen erwartet. Mehrfach kam es zu Mauertoten, einige wurden erschossen. Effizientes 
Grenzmanagement ist dabei der antifaschistische Schutzwall von heute.
.
Weitere Kampfbegriffe sollen die Mauer stabilisieren: Im Oktober 2015, als alle Welt über Flucht sprach, verlieh 
Manfred Weber als Vorsitzender der EVP-Fraktion die Robert-Schumann-Medaille an Wolfgang Welsch. Der 
Fluchthelfer Welsch hatte über 200 Menschen geholfen, aus der DDR-Diktatur in die Bundesrepublik zu kommen. 
Eine großartige Leistung.
Nach der Laudatio für den prämierten Fluchthelfer von gestern forderte Manfred Weber von der EVP in der 
öffentlichen Debatte, die Schlepper-Mafia von heute im Mittelmeer zu bekämpfen.
Das Urteil der EU-Regierungen ist in seiner Geschichtsblindheit eindeutig: Die Fluchthelfer von früher haben für 
ihre Dienste auf dem Weg von der Diktatur in die Demokratie Medaillen verdient heute wiederum sind die 
Fluchthelfer die Schuldigen für die Toten an unseren Mauern und gehören bekämpft. Eine erfolgreiche Flucht wird 
nicht mehr gefeiert. Eine erfolgreiche Flucht ist das Scheitern der Strategie der Abschottung. Hauptsache nie 
wieder 2015. Hauptsache keine neue Flüchtlingswelle .
Die Schlepper aus Libyen handeln sicherlich nicht aus humanen Motiven, sind jedoch für viele Geflüchtete der 
einzige Weg, um zu einem Asylverfahren in Europa zu kommen, in dem die Würde jedes einzelnen Menschen zu 
schützen eigentlich die Aufgabe aller staatlicher Gewalt ist.
Doch staatliche Gewalt ist an den europäischen Außengrenzen zu einem wertlosen Zombie verkommen, der 
ausschließlich einem einzigen Ziel folgt: Weniger Menschen sollen nach Europa kommen koste es, was es wolle.
Tear down Moria! Der Mut von 1989 sollte wichtiger sein als die Angst vor einem neuen 2015. Schauen wir 
nicht weg, wenn die EU an den Außengrenzen Leid erzeugt.....
In vielen Reden wird besonders seit 2015 immer wieder betont, dass man Fluchtursachen bekämpfen müsse. Seit 
2015 sind weltweit über 15 Millionen Menschen zusätzlich auf der Flucht.
Aber wie soll man denn nun damit umgehen, dass wir Menschenrechte schützen wollen, aber 80 Millionen 
Geflüchtete weltweit nun wahrlich nicht nach Berlin oder Thüringen kommen können? Wie viele Millionen sollen 
denn noch kommen? , werden immer wieder diejenigen gefragt, die sich für Menschenrechte von Geflüchteten 
einsetzen. Dabei lohnt es, zu überlegen, ob auf dem Weg zum neuen Mauerfall an den Außengrenzen nicht vorher 
einige der gedanklichen Mauern fallen müssen, die in den letzten Jahren in Köpfen errichtet wurden.
Als Anfang März 2020 Erdogan erklärte, die Grenzen nach Europa seien nun geöffnet und 15.000 Menschen an die 
Grenze gedrängt wurden, sah die Welt diesem vermeintlich friedlichen Europa dabei zu, wie es seine hässliche 
Seite zeigte. Erdogan missbrauchte die Menschen als Waffe. Doch wir entwaffneten ihn nicht durch eine 
demokratische Antwort. Europa schoss einfach zurück.
Gerechtfertigt wurde das Schießen mit Munition und Tränengas vor allem damit, dass das ja gar keine richtigen 
Flüchtlinge aus Syrien seien. Abgesehen davon, dass man die Fluchtgründe in Asylverfahren und nicht in 
Grenzscharmützeln prüft, war vor allem die Abwesenheit von syrischen Geflüchteten bemerkenswert. Jahrelang 
wurde vor einem Andrang von Millionen von Menschen gewarnt, die in der Türkei auf gepackten Koffern säßen. 
Und dann kommen trotz der Grenzöffnung nur eine Handvoll der 3.500.000 syrischen Geflüchteten an die Grenze, 
vor denen wir uns fürchteten? Wie kann das sein?
Die Antwort ist einfach: Es gibt diese Millionen von Menschen nicht, die nach Europa drängen. 3,5 Millionen Väter, 
Mütter und Kinder aus Syrien sind nicht auf der Flucht. Sie leben in der Türkei. Sie fliehen nicht nach Europa, weil 
sie nicht nach Europa fliehen wollen.
In der Realität ist die von Regierungen artikulierte Angst vor einem Kontrollverlust an den europäischen 
Außengrenzen eine Metapher für die Angst vor dem Kontrollverlust über die eigenen Wahlergebnisse. Diese Angst 
lähmt dabei zu oft und zu lange schon den Willen, Herausforderungen zu bewältigen. Doch wenn demokratische 
Regierungen wie in der Asylpolitik den Eindruck eines einsturzgefährdeten Hauses erzeugen, muss man sich 
nicht wundern, wenn sich die Bevölkerung nach einer anderen Wohnung umschaut.
Wer die Mauern an den Grenzen niederreißen will, muss vor allem den Wunsch nach neuen Mauern niederreißen. 
Nicht mit Gewalt, sondern mit einem Gedanken. Wie damals mutige Menschen gegen einen Unrechtsstaat auf die 
Straßen gingen, müssen auch heute wieder unsere kraftvollen Ideen von Freiheit, Würde und Rechtsstaatlichkeit 
das Unrecht im eigenen Europa niederreißen. Dann fällt auch die Mauer.
Die Zukunft ist nie leicht, denn wir kennen sie nicht. Aber wir sollten in der Gegenwart alles dafür tun, damit wir 
später unseren Enkeln stolz von früher erzählen dürfen. Von damals, als wir im Jahr 2020 die Mutigen waren, die 
gegen die Mauer in unseren Köpfen und an unseren Außengrenzen aufbegehrten. Von damals, als wir endlich 
verstanden, dass wir unseren Wohlstand, die Freiheit und Sicherheit nicht schützen, indem wir anderen dies alles 
nehmen. Von damals, als Moria abbrannte und aus der Asche die Kraft entstand, zu lernen, was wir schon 1989 
wussten. Von damals, als wir lernten, dass der Mut von 1989 wichtiger war als die Angst vor einem neuen 2015.
Erik Marquardt wurde 1987 geboren. Er ist ein deutscher Politiker und Fotojournalist. Marquardt war Sprecher der 
Grünen Jugend und ist seit November 2015 Mitglied des Parteirats von Bündnis 90/Die Grünen. 
Seit der Europawahl 2019 ist er Mitglied des Europäischen Parlaments."
2020-10,Main Corpus,2020-10(50).ZIP,Wie die VHS die Corona-Krise meistert Rund acht Wochen fanden keine Kurse und Seminare statt. Die Za.PDF,C:\PythonProjects\AfD-project\Corpora\Main Corpus\2020-10\raw_unarchive\Wie die VHS die Corona-Krise meistert Rund acht Wochen fanden keine Kurse und Seminare statt. Die Za.PDF,Wie die VHS die Corona-Krise meistert; Rund acht Wochen fanden keine Kurse und Seminare statt. Die Zahl,wie die vhs die coronakrise meistert rund acht wochen fanden keine kurse und seminare statt die zahl,Rheinische Post,rheinische post,Samstag 10. Oktober 2020,"Schmidt, Christoph",S. 28,541,3806,f29db9a646107cb057df4998a0a360f1f994c550,,unique,keep,,no,,no,,,5328,no,,,,,"Christoph Schmidt
Hilden/Haan Knapp 10.000 Hörer pro Jahr und etwa 100 Jugendliche und Erwachsene, die einen Schulabschluss 
machen: Die Volkshochschule Hilden-Haan ist eine bedeutende Bildungseinrichtung in der Region. Sie ist die 
einzige, die Deutschprüfungen, Deutsch-Tests für Zuwanderer oder den Einbürgerungstest abnehmen darf und 
qualifizierte Prüfer vorhält. Über 200 Migranten und Flüchtlinge lernen dort Deutsch, verpflichtet von Jobcentern, 
Ausländerbehörden oder dem Bundesamt für Migration und Flüchtlinge. Die Städte Hilden und Haan schließen die 
Finanzierungslücke zwischen den Einnahmen und Ausgaben (knapp zwei Millionen Euro) mit aktuell 687.000 Euro.
Auch deshalb schauen die Politiker in beiden Kommunen genau hin, wie es um die Volkshochschule steht. „Es gab 
heftige Einbrüche, aber keine Katastrophe“, berichtet Leiter Martin Kurth in der Zweckverbandsversammlung: „Ich 
gehe davon aus, dass auch 2020 der Haushaltsausgleich gelingt.“
Der Kursbetrieb ist am 4 Mai wieder gestartet, die Schulabschlüsse am 11. Mai. Im 2. Semester verzeichne die 
VHS bislang 3000 Anmeldungen, zu normalen Zeiten sind das etwa 4700. „Wir haben erfolgreich Hilfsgelder 
beantragt“, berichtet Kurth. Die Volkshochschule habe knapp 145.000 Euro erhalten und davon 110.000 Euro an 
die Honorarkräfte weitergeleitet. Das sei für viele Lehrkräfte eine ganz wichtige Unterstützung gewesen.

Wie die VHS die Corona-Krise meistert; Rund acht Wochen fanden keine Kurse und Seminare statt. Die Zahl 
der Teilnehmer nahm im ersten Quartal von gewöhnlich 500....
Die Nachfrage nach digitalen Kursen sei bei den Kunden „sehr verhalten“, habe die VHS festgestellt: „Die meisten 
Hörer möchten weiter zu uns in die Seminar kommen.“
Das Jahr 2019 hat die Volkshochschule mit einem kleinen Überschuss (+5200 Euro) abgeschlossen. Das 
Beratungs- und Prüfungsamt der Stadt Hilden (das direkt dem Stadtrat und nicht der Verwaltungsspitze untersteht) 
hat den Jahresabschluss überprüft – und der Bildungseinrichtung eine „Eins plus“ attestiert: Es gab keine Fehler, 
keine Beanstandungen und keine Schwachpunkte.
Trotz der schwierigen Rahmenbedingungen plant Leiter Martin Kurth auch für 2021 mit einem ausgeglichenen 
Haushalt. Für die Politik ganz wichtig: Die Verbandsumlage auf Basis der Einwohnerzahl soll mit 687.000 Euro 
unverändert bleiben: 444.192 Euro entfallen dabei auf Hilden, 242.808 Euro auf Haan. Die Verbandsversammlung 
soll den Haushalt am 29. Oktober beraten und beschließen.
Martin Kurth hat die Leitung der Volkshochschule vor drei Jahren übernommen. Durch personelle Wechsel musste 
sich sein ganzes Team neu aufstellen. Das Ergebnis des Qualitätsmanagements 2020 ist deshalb auch eine 
Bewertung ihrer Arbeit. „Keine Abweichungen“, stellte der Auditor fest. Das bedeutet als Schulnote ausgedrückt: 
eine „Eins plus“ mit Sternchen. Es sei das erste Mal seit zwölf Jahren, dass die VHS die umfangreiche Checkliste 
zu 100 Prozent erfüllt habe, sagte stellvertretender VHS-Leiter Frank Lungenstraß.
Der überwiegende Teil der Kunden ist mit den Angeboten der VHS sehr zufrieden. Die Beschwerdequote liegt 
lediglich bei 0,91 Prozent. Die Teilnehmerzahl ist auf mindestens 4700 pro Semester gestiegen. „Das ist ein ganz 
tolles Ergebnis für das VHS-Management“, betonte Bürgermeisterin Birgit Alkenings, Vorsitzende der 
Zwecksverbandsversammlung. Die Bewertung habe im laufenden Betrieb stattgefunden, ohne dass dieser dadurch 
beeinträchtigt worden sei: „Das ist früher ganz anders gewesen. Da durfte man die VHS wochenlang nicht 
ansprechen.“
Programm: Von Virtual Reality bis Waldbaden
374 Kurse bietet die Volkshochschule Hilden-Haan im zweiten Semester 2020 an. Das Programm steht online 
(www.vhs-hilden-haan.de) und liegt in den Rathäusern und Stadtbüchereien in Hilden und Haan gedruckt aus."
