batch_id,corpus_name,source_archive,file_name,file_path,title_original,title_normalized,publication,publication_normalized,date,byline,section,word_count,body_char_count,body_hash_exact,duplicate_group_id,duplicate_category,keep_drop_review,drop_reason,kept_representative_of_group,representative_selection_reason,malformed_flag,malformed_reason,notes,raw_text_chars,low_value_flag,low_value_reason,exact_duplicate_group,near_duplicate_group,repeated_variant_group,body_text
2015-08,Main Corpus,2015-08(50).ZIP,98 Asylbewerber leben in Kranenburg(2).PDF,C:\PythonProjects\AfD-project\Corpora\Main Corpus\2015-08\raw_unarchive\98 Asylbewerber leben in Kranenburg(2).PDF,98 Asylbewerber leben in Kranenburg,98 asylbewerber leben in kranenburg,Rheinische Post,rheinische post,Mittwoch 5. August 2015,,LOKALES,609,4516,ad0532f18723275aab88957cb81ef011d3864e4e,,unique,keep,,no,,no,,,5112,no,,,,,"bürgermeister günter steins
Unterbringung bislang in Mietwohnungen und städtischen Unterkünften. Ein neues Flüchtlingswohnheim für 
maximal 30 Personen soll Mitte 2016 fertig sein. Der Verwaltungschef hofft, dass es zu keinen Gewalttaten von 
""außen"" kommen wird.
kRANENBURG Täglich werden die Medien von den Themen ""Flüchtlinge und Asylanten"" beherrscht. In vielen 
Kommunen spitzt sich die Lage zu: Es wird händeringend nach Unterkünften gesucht. RP-Mitarbeiter Werner 
Stalder sprach mit Bürgermeister Günter Steins über die Situation in Kranenburg.
Wie hat sich die Zahl der zugewiesenen Flüchtlinge verändert?
günter Steins Wie in allen Kommunen ist auch in Kranenburg die Zahl angestiegen. Im November 2014 betrug die 
Zahl der zugewiesenen Flüchtlinge 49. Aktuell werden 98 Asylbewerber betreut.
Gibt es genügend Unterkünfte ?
Steins Die Entwicklung der Zuweisungen war zumindest in den letzten Monaten tendenziell absehbar. Aktuell 
werden auch wir von der großen Zahl von Zuweisungen überrascht. Die Gemeinde hat eigene Unterkünfte in 
Kranenburg an der Tiggelstraße, im ehemaligen Bahnhof und in Nütterden in der alten Schule. Dazu kommen privat 
angemietete Wohnungen, insbesondere für Flüchtlingsfamilien mit Kindern. Weiterer Wohnraum für 
Flüchtlingsfamilien wird noch dringend benötigt. Wer noch Wohnraum zu vermieten hat, kann sich gerne an den 
Ordnungsamtsleiter Willi Fleskes, Telefon 02826 7930, wenden.
Wann wird das Flüchtlingsheim für wie viele Leute eröffnet?
Steins Geplant ist die Fertigstellung bis Mitte nächsten Jahres. In dem Wohnheim können maximal 30 Personen 
untergebracht werden.
Aus welchen Ländern kommen die Flüchtlinge oder die Asylanten?

98 Asylbewerber leben in Kranenburg
Steins Die Asylbewerber kommen aus 23 Ländern.
Gibt es bei der Gemeinde Kranenburg einen angestellten Ansprechpartner ?
Steins Die Gemeinde Kranenburg hat eine Mitarbeiterin für die Betreuung eingestellt. Viele Flüchtlinge möchten 
sich so schnell wie möglich integrieren, die Sprache erlernen, einen Arbeitsplatz finden. Gerade anfangs ist für die 
Flüchtlinge ""Hilfe zur Selbsthilfe"" wichtig.
Was ist für Sie die wichtigste Voraussetzung für die Integration von Flüchtlingen?
Steins In erster Linie der Erwerb einer Sprachkompetenz der deutschen Sprache. Dazu kommt der 
Ausbildungsstand. Es gibt nach meiner Erfahrung Flüchtlinge, die über eine fundierte Ausbildung in technischen 
Berufen verfügen und lieber heute als morgen in den Arbeitsprozess integriert werden möchten.
In manchen Gemeinden gibt es erste Konflikte der Bewohner untereinander und zugleich Gewalt gegen 
Schutzbedürftige von außen?
Steins Wo Menschen auf engem Raum zusammenleben, steigt das Konfliktpotential. Bisher hatten wir keine 
ernsteren Zwischenfälle zu verzeichnen und haben es geschafft, die Bedürfnisse angemessen zu berücksichtigen. 
Gewalt von außen gab es bisher ebenfalls nicht, und ich hoffe doch sehr, dass das auch so bleiben wird.
Es gibt Kritik darüber, dass das Land das Flüchtlingsproblem auf dem Rücken der Kommunen austrägt. Wie ist Ihre 
Erfahrung?
Steins Noch kommen wir mit den Flüchtlingszahlen zurecht, aber die Lage wird auch bei uns in Kranenburg 
langsam kritisch! Für mich stellen sich derzeit zwei Problemfelder: Erstens das zu lange dauernde 
Anerkennungsverfahren. Hier könnte ein pragmatisches Einwanderungsgesetz in Verbindung mit einer vertretbaren 
Bestimmung der ""sicheren Herkunftsländer"" für eine Entlastung der Anerkennungsverfahren sorgen. Wer als 
ausgebildete Fachkraft aus den ehemaligen jugoslawischen Staaten kommt, sollte nicht als Asylbewerber, sondern 
eher als Einwanderer gesehen werden. Zweitens müsste die Erstunterbringung auf Länderebene besser organisiert 
und die Finanzausstattung der Kommunen zur Schaffung von menschenwürdigen Unterkünften verbessert werden.
Was sagen Sie zu dem so genannten ""Runden Tisch"" in Kranenburg?
Steins Der ""Runde Tisch"" in Kranenburg ist eine ausgezeichnete Einrichtung. Es geht ja nicht immer nur um die 
finanzielle Unterstützung. Die sozialen Kontakte, das persönliche Kümmern, ein wenig Zuneigung, jemand, der 
einfach nur zuhört, Organisation von Sprachunterricht, Zusammenfügen von Interessensgemeinschaften, 
Vermittlung von Sportangeboten: all das könnte eine Kommune allein nicht leisten. Insofern danke ich allen, die an 
dem ""Runden Tisch"" ehrenamtlich mitarbeiten.
In der ehemaligen Schule in Nütterden sind bereits Flüchtlinge eingezogen. RP-Foto: Gottfried Evers
Günter Steins, Bürgermeister von Kranenburg. Foto: privat"
2015-08,Main Corpus,2015-08(50).ZIP,98 Asylbewerber leben in Kranenburg.PDF,C:\PythonProjects\AfD-project\Corpora\Main Corpus\2015-08\raw_unarchive\98 Asylbewerber leben in Kranenburg.PDF,98 Asylbewerber leben in Kranenburg,98 asylbewerber leben in kranenburg,Rheinische Post,rheinische post,5. August 2015 Mittwoch,,,614,4565,392c0d8edb085588010b2b78470467b969d78bb0,,unique,keep,,no,,no,,,5090,no,,,,,"bürgermeister günter steins 98 Asylbewerber leben in Kranenburg Unterbringung bislang in Mietwohnungen und 
städtischen Unterkünften. Ein neues Flüchtlingswohnheim für maximal 30 Personen soll Mitte 2016 fertig sein. Der 
Verwaltungschef hofft, dass es zu keinen Gewalttaten von ""außen"" kommen wird. kRANENBURG Täglich werden 
die Medien von den Themen ""Flüchtlinge und Asylanten"" beherrscht. 
In vielen Kommunen spitzt sich die Lage zu: Es wird händeringend nach Unterkünften gesucht. RP-Mitarbeiter 
Werner Stalder sprach mit Bürgermeister Günter Steins über die Situation in Kranenburg. Wie hat sich die Zahl 
der zugewiesenen Flüchtlinge verändert? günter Steins Wie in allen Kommunen ist auch in Kranenburg die Zahl 
angestiegen. Im November 2014 betrug die Zahl der zugewiesenen Flüchtlinge 49. Aktuell werden 98 Asylbewerber 
betreut. Gibt es genügend Unterkünfte ? Steins Die Entwicklung der Zuweisungen war zumindest in den letzten 
Monaten tendenziell absehbar. Aktuell werden auch wir von der großen Zahl von Zuweisungen überrascht. Die 
Gemeinde hat eigene Unterkünfte in Kranenburg an der Tiggelstraße, im ehemaligen Bahnhof und in Nütterden in 
der alten Schule. Dazu kommen privat angemietete Wohnungen, insbesondere für Flüchtlingsfamilien mit Kindern. 
Weiterer Wohnraum für Flüchtlingsfamilien wird noch dringend benötigt. Wer noch Wohnraum zu vermieten hat, 
kann sich gerne an den Ordnungsamtsleiter Willi Fleskes, Telefon 02826 7930, wenden. Wann wird das 
Flüchtlingsheim für wie viele Leute eröffnet? Steins Geplant ist die Fertigstellung bis Mitte nächsten Jahres. In dem 
Wohnheim können maximal 30 Personen untergebracht werden. Aus welchen Ländern kommen die Flüchtlinge 
oder die Asylanten? Steins Die Asylbewerber kommen aus 23 Ländern. Gibt es bei der Gemeinde Kranenburg 
einen angestellten Ansprechpartner ? Steins Die Gemeinde Kranenburg hat eine Mitarbeiterin für die Betreuung 
eingestellt. Viele Flüchtlinge möchten sich so schnell wie möglich integrieren, die Sprache erlernen, einen 
Arbeitsplatz finden. Gerade anfangs ist für die Flüchtlinge ""Hilfe zur Selbsthilfe"" wichtig. Was ist für Sie die 
wichtigste Voraussetzung für die Integration von Flüchtlingen? Steins In erster Linie der Erwerb einer 
Sprachkompetenz der deutschen Sprache. Dazu kommt der Ausbildungsstand. Es gibt nach meiner Erfahrung 
Flüchtlinge, die über eine fundierte Ausbildung in technischen Berufen verfügen und lieber heute als morgen in den 
Arbeitsprozess integriert werden möchten. In manchen Gemeinden gibt es erste Konflikte der Bewohner 
untereinander und zugleich Gewalt gegen Schutzbedürftige von außen? Steins Wo Menschen auf engem Raum 
zusammenleben, steigt das Konfliktpotential. Bisher hatten wir keine ernsteren Zwischenfälle zu verzeichnen und 
haben es geschafft, die Bedürfnisse angemessen zu berücksichtigen. Gewalt von außen gab es bisher ebenfalls 
nicht, und ich hoffe doch sehr, dass das auch so bleiben wird. Es gibt Kritik darüber, dass das Land das 
Flüchtlingsproblem auf dem Rücken der Kommunen austrägt. Wie ist Ihre Erfahrung? Steins Noch kommen wir mit 

98 Asylbewerber leben in Kranenburg
den Flüchtlingszahlen zurecht, aber die Lage wird auch bei uns in Kranenburg langsam kritisch! Für mich stellen 
sich derzeit zwei Problemfelder: Erstens das zu lange dauernde Anerkennungsverfahren. Hier könnte ein 
pragmatisches Einwanderungsgesetz in Verbindung mit einer vertretbaren Bestimmung der ""sicheren 
Herkunftsländer"" für eine Entlastung der Anerkennungsverfahren sorgen. Wer als ausgebildete Fachkraft aus den 
ehemaligen jugoslawischen Staaten kommt, sollte nicht als Asylbewerber, sondern eher als Einwanderer gesehen 
werden. Zweitens müsste die Erstunterbringung auf Länderebene besser organisiert und die Finanzausstattung der 
Kommunen zur Schaffung von menschenwürdigen Unterkünften verbessert werden. Was sagen Sie zu dem so 
genannten ""Runden Tisch"" in Kranenburg? Steins Der ""Runde Tisch"" in Kranenburg ist eine ausgezeichnete 
Einrichtung. Es geht ja nicht immer nur um die finanzielle Unterstützung. Die sozialen Kontakte, das persönliche 
Kümmern, ein wenig Zuneigung, jemand, der einfach nur zuhört, Organisation von Sprachunterricht, 
Zusammenfügen von Interessensgemeinschaften, Vermittlung von Sportangeboten: all das könnte eine Kommune 
allein nicht leisten. Insofern danke ich allen, die an dem ""Runden Tisch"" ehrenamtlich mitarbeiten. In der 
ehemaligen Schule in Nütterden sind bereits Flüchtlinge eingezogen. RP-Foto: Gottfried Evers Günter Steins, 
Bürgermeister von Kranenburg. Foto: privat"
2015-08,Main Corpus,2015-08(50).ZIP,_ Merkel muss sagen_ Deutschland ist Einwanderungsland_(2).PDF,C:\PythonProjects\AfD-project\Corpora\Main Corpus\2015-08\raw_unarchive\_ Merkel muss sagen_ Deutschland ist Einwanderungsland_(2).PDF,""" Merkel muss sagen: Deutschland ist Einwanderungsland""",merkel muss sagen deutschland ist einwanderungsland,Rheinische Post,rheinische post,3. August 2015 Montag,Jan Drebes und Birgit Marschall führten das Interview.,,423,3193,5a7c947e1f6ccacd1f80d4e95b72520657de5f01,,unique,keep,,no,,no,,,4473,no,,,,,"Anton Hofreiter ""Merkel muss sagen: Deutschland ist Einwanderungsland"" Nach Ansicht des Grünen-
Fraktionschefs müssen Asylbewerber schnelleren Zugang zum Arbeitsmarkt erhalten. BERLIN Die Flure des 
Bundestags sind leergefegt, Berlin hat parlamentarische Sommerpause. Grünen-Fraktionschef Anton Hofreiter (45) 
lädt zum Gespräch in sein Büro, ihn beschäftigt die Flüchtlingshilfe. 
 Baden-Württembergs grüner Ministerpräsident ist bereit, auch Kosovo, Albanien und Montenegro als sichere 
Herkunftsländer einzustufen, um die Flüchtlingswelle von dort zu stoppen. Kommt jetzt Asylkompromiss Nummer 
zwei mit den Grünen? Hofreiter Winfried Kretschmann hat nur festgestellt, dass man über die Ausweitung der 
sicheren Herkunftsländer dann reden könnte, wenn sie tatsächlich etwas verändern würde. Nach der ersten 
Einschätzung des Bundesinnenministeriums hat die Einstufung Serbiens, Bosniens und Mazedoniens als sicherer 
Herkunftsländer die Zahl der Flüchtlinge aus diesen Ländern jedoch nicht gesenkt. Die lauten Forderungen der 
Union sind somit bloße Symbolpolitik. Das Asylrecht ist ein individuelles Recht. Wir können nicht pauschal davon 
ausgehen, dass Roma in diesen Ländern nicht verfolgt werden. Sie sind dort teilweise massiven Diskriminierungen 
ausgesetzt. Unser Asylrecht muss auch für Roma aus dem Westbalkan gelten. Welche Erleichterungen für 
Flüchtlinge in Deutschland fordern Sie? Hofreiter Die Wartezeit für Asylbewerber und Geduldete für den Zugang 
zum Arbeitsmarkt muss generell verkürzt werden. Die Vorrangprüfung, bei der die Arbeitsagentur zuerst prüft, ob 
nicht ein Inländer einen angebotenen Job ausüben kann, muss gestrichen werden. In Deutschland brennen immer 
mehr Asylbewerberheime. Ist die Reaktion der Politik darauf angemessen? Hofreiter Nein. Es ist erschütternd, wie 
gelassen der Innenminister darauf reagiert hat, dass im ersten Halbjahr 2015 schon so viele rechtsradikale und 
ausländerfeindliche Straftaten verübt wurden wie im gesamten Jahr 2014. Vor allem die CSU betreibt immer wieder 
geistige Brandstiftung, indem sie etwa über ""massenweisen Asylmissbrauch"" oder ""Sozialtourismus"" spricht. In 
welcher Rolle sehen Sie da die Bundeskanzlerin? Hofreiter Frau Merkel fällt dadurch auf, dass sie keine klaren 
Worte findet. Ich erwarte von der Bundeskanzlerin, dass sie einschreitet. Sie muss allen Bürgern klar sagen: 
Deutschland ist ein Einwanderungsland. Deutschland ist außerdem ein Land, das ausländerfeindliche Anschläge 
und Hetze nicht duldet. Deutschland ist ein gut organisiertes, wohlhabendes Land, das verfolgten Menschen einen 
Zufluchtsort bietet. Wir brauchen auch wieder einen Aufstand der Aufrichtigen gegen diese Anschläge. Wer soll 
Flüchtlingshilfe bezahlen? Hofreiter Der Bund muss die Länder und Kommunen dauerhaft und strukturell entlasten. 
Eine Milliarde vom Bund pro Jahr für die Kommunen ist viel zu wenig. Uns ist klar, dass der Bund künftig deutlich 

"" Merkel muss sagen: Deutschland ist Einwanderungsland""
mehr für die Flüchtlingshilfe ausgeben muss. Das kann sich der Bundesfinanzminister leisten, denn die 
Steuereinnahmen fließen weiter kräftig in seine Kasse. Jan Drebes und Birgit Marschall führten das Interview."
2015-08,Main Corpus,2015-08(50).ZIP,_ Merkel muss sagen_ Deutschland ist Einwanderungsland_.PDF,C:\PythonProjects\AfD-project\Corpora\Main Corpus\2015-08\raw_unarchive\_ Merkel muss sagen_ Deutschland ist Einwanderungsland_.PDF,""" Merkel muss sagen: Deutschland ist Einwanderungsland""",merkel muss sagen deutschland ist einwanderungsland,Rheinische Post,rheinische post,Montag 3. August 2015,Jan Drebes und Birgit Marschall führten das Interview.,POLITIK,417,3130,89ead3a9302713d3d4721bada36fff119db6cc45,,unique,keep,,no,,no,,,4446,no,,,,,"Anton Hofreiter
Nach Ansicht des Grünen-Fraktionschefs müssen Asylbewerber schnelleren Zugang zum Arbeitsmarkt erhalten.
BERLIN Die Flure des Bundestags sind leergefegt, Berlin hat parlamentarische Sommerpause. Grünen-
Fraktionschef Anton Hofreiter (45) lädt zum Gespräch in sein Büro, ihn beschäftigt die Flüchtlingshilfe.
Baden-Württembergs grüner Ministerpräsident ist bereit, auch Kosovo, Albanien und Montenegro als sichere 
Herkunftsländer einzustufen, um die Flüchtlingswelle von dort zu stoppen. Kommt jetzt Asylkompromiss Nummer 
zwei mit den Grünen?
Hofreiter Winfried Kretschmann hat nur festgestellt, dass man über die Ausweitung der sicheren Herkunftsländer 
dann reden könnte, wenn sie tatsächlich etwas verändern würde. Nach der ersten Einschätzung des 
Bundesinnenministeriums hat die Einstufung Serbiens, Bosniens und Mazedoniens als sicherer Herkunftsländer die 
Zahl der Flüchtlinge aus diesen Ländern jedoch nicht gesenkt. Die lauten Forderungen der Union sind somit bloße 
Symbolpolitik. Das Asylrecht ist ein individuelles Recht. Wir können nicht pauschal davon ausgehen, dass Roma in 
diesen Ländern nicht verfolgt werden. Sie sind dort teilweise massiven Diskriminierungen ausgesetzt. Unser 
Asylrecht muss auch für Roma aus dem Westbalkan gelten.
Welche Erleichterungen für Flüchtlinge in Deutschland fordern Sie?
Hofreiter Die Wartezeit für Asylbewerber und Geduldete für den Zugang zum Arbeitsmarkt muss generell verkürzt 
werden. Die Vorrangprüfung, bei der die Arbeitsagentur zuerst prüft, ob nicht ein Inländer einen angebotenen Job 
ausüben kann, muss gestrichen werden.
In Deutschland brennen immer mehr Asylbewerberheime. Ist die Reaktion der Politik darauf angemessen?
Hofreiter Nein. Es ist erschütternd, wie gelassen der Innenminister darauf reagiert hat, dass im ersten Halbjahr 
2015 schon so viele rechtsradikale und ausländerfeindliche Straftaten verübt wurden wie im gesamten Jahr 2014. 

"" Merkel muss sagen: Deutschland ist Einwanderungsland""
Vor allem die CSU betreibt immer wieder geistige Brandstiftung, indem sie etwa über ""massenweisen 
Asylmissbrauch"" oder ""Sozialtourismus"" spricht.
In welcher Rolle sehen Sie da die Bundeskanzlerin?
Hofreiter Frau Merkel fällt dadurch auf, dass sie keine klaren Worte findet. Ich erwarte von der Bundeskanzlerin, 
dass sie einschreitet. Sie muss allen Bürgern klar sagen: Deutschland ist ein Einwanderungsland. Deutschland ist 
außerdem ein Land, das ausländerfeindliche Anschläge und Hetze nicht duldet. Deutschland ist ein gut 
organisiertes, wohlhabendes Land, das verfolgten Menschen einen Zufluchtsort bietet. Wir brauchen auch wieder 
einen Aufstand der Aufrichtigen gegen diese Anschläge.
Wer soll Flüchtlingshilfe bezahlen?
Hofreiter Der Bund muss die Länder und Kommunen dauerhaft und strukturell entlasten. Eine Milliarde vom Bund 
pro Jahr für die Kommunen ist viel zu wenig. Uns ist klar, dass der Bund künftig deutlich mehr für die 
Flüchtlingshilfe ausgeben muss. Das kann sich der Bundesfinanzminister leisten, denn die Steuereinnahmen 
fließen weiter kräftig in seine Kasse.
Jan Drebes und Birgit Marschall führten das Interview."
2015-08,Main Corpus,2015-08(50).ZIP,_Die große Mehrheit der Ostdeutschen ist weltoffen_ Sachsen -Anhalts Ministerpräsident Reiner Haselo.PDF,C:\PythonProjects\AfD-project\Corpora\Main Corpus\2015-08\raw_unarchive\_Die große Mehrheit der Ostdeutschen ist weltoffen_ Sachsen -Anhalts Ministerpräsident Reiner Haselo.PDF,"""Die große Mehrheit der Ostdeutschen ist weltoffen"" Sachsen -Anhalts Ministerpräsident Reiner Haseloff über",die grosse mehrheit der ostdeutschen ist weltoffen sachsen anhalts ministerpräsident reiner haseloff über,Der Tagesspiegel,der tagesspiegel,Montag 31. August 2015,,POLITIK; S. 4; Ausg. 22507,929,6603,5a310e0b23d7df8c2ca75f0fed9212146ffcdfbb,,unique,keep,,no,,no,,,7689,no,,,,,"Herr Haseloff, ist Sachsen-Anhalt ein Einwanderungsland?
Blickt man auf die Flüchtlingszahlen, dann ist klar: Deutschland ist attraktiv für die Menschen, wir sind ein 
Einwanderungsland. Und das ist gut. Allein Sachsen-Anhalt verliert pro Jahr rund 16 000 Menschen wegen der 
Demografie. Wir haben nur eine Zukunft, wenn es Zuwanderung gibt. Natürlich ist es eine Herausforderung, den 
Flüchtlingsstrom zu bewältigen. Aber es ist auch eine große Chance, wenn es uns gelingt, die Menschen zu 
integrieren, die mit sicherer Bleibeperspektive zu uns kommen.
Heidenau, Freital, Tröglitz in Sachsen und in Sachsen-Anhalt sind zu Synonymen des Fremdenhasses geworden. 
Der Bundespräsident spricht von Dunkeldeutschland. Warum sind die Ostdeutschen dem Fremdenhass gegenüber 
so offen?
Ich komme viel herum in Deutschland, und ich kann keine Unterschiede in der grundsätzlichen Bereitschaft zu 
helfen zwischen Ost- und Westdeutschland erkennen. Was ich aber erlebe, ist ein bundesweiter Zusammenschluss 
rechtsextremistischer Kräfte, die die Gesellschaft destabilisieren wollen. Dieses auch im Internet geknüpfte 
Netzwerk geht auf brutale und menschenverachtende Weise vor. Das aber ist ein deutschlandweites, teilweise 
sogar ein europäisches Phänomen, dem wir mit allen Mitteln des Rechtsstaates, auch mit dem Verfassungsschutz, 
begegnen müssen. Deshalb verlangen 16 Bundesländer das Verbot der NPD.
Warum finden die rechtsextremen Kräfte in Ostdeutschland so viel Unterstützung in der Bevölkerung?
Die große Mehrheit der Ostdeutschen ist weltoffen und solidarisch, und die Hilfsbereitschaft der Menschen in 
Sachsen-Anhalt und im Osten ist enorm. Aber die Sorgen der Ostdeutschen vor Überforderung sind vielleicht 
größer als in Westdeutschland. Das liegt gewiss auch an den Wendeerfahrungen, als große Arbeitslosigkeit und 
Zukunftsangst an der Tagesordnung waren. Wenn 80 Prozent aller Einwohner eines Landkreises eine Akte beim 
Arbeitsamt haben, dann löst das traumatische Erfahrungen aus. Wir sind in den neuen Bundesländern eine junge 
Demokratie. Die meisten Menschen haben einen großen Teil ihres Lebens in der Diktatur verbracht. Wir haben 
unsere eigene Geschichte, und die ist nicht leicht. Das führt dazu, dass soziale Kompetenzen nicht überall 

""Die große Mehrheit der Ostdeutschen ist weltoffen"" Sachsen -Anhalts Ministerpräsident Reiner Haseloff über 
die Herausforderungen durch die steigenden Flüchtlin....
gleichmäßig ausgebildet sind. In kritischen Situationen wie jetzt wird das deutlich. Ich will aber auch ganz klar 
sagen: Jede Form von Rassismus und Fremdenhass bekämpfen wir entschlossen. Wenn aber nach Ereignissen 
wie in Heidenau überall in den Zeitungen pauschal steht, dass die Ostdeutschen fremdenfeindlich sind, dann 
erzeugt das Gegenwehr und ist nicht hilfreich.
Wie viele Flüchtlinge werden in diesem Jahr nach Sachsen-Anhalt kommen?
Nach dem sogenannten Königsteiner Schlüssel, der von allen anerkannten Verteilungsformel, erwarten wir bis zum 
Ende des Jahres bis zu 23 000 Flüchtlinge. Davon sind rund 40 Prozent aus den Ländern des Westbalkans und 
rund 40 Prozent aus Syrien.
Wie bewältigt das Land den Zustrom?
Die zentrale Aufnahmestelle wäre mit der Zahl der Flüchtlinge klargekommen, die nach der nur halb so hohen 
Prognose des Bundesinnenministers vom Frühsommer zu bewältigen war. Wenn jetzt 800 000 nach ganz 
Deutschland kommen, dann müssen natürlich auch wir rasch mit Containern, Zelten und weiteren 
Erstaufnahmeeinrichtungen nachrüsten. Unser Ziel ist es, dass wir jeden Flüchtling in einer festen Unterkunft 
unterbringen, wenn das Wetter schlechter wird. Und ich bin zuversichtlich, dass wir das schaffen.
Die hohen Zahlen waren abzusehen. Hat der Bund zu spät die Wahrheit offenbart?
Nicht jede Entwicklung der letzten Monate war wirklich absehbar, auch nicht für den Bund. Aber wahr ist, dass der 
Bundesinnenminister mit Zahlen hantiert hat, die nur widerspiegeln, wie viele Flüchtlinge einen Asylantrag 
abgegeben haben. Vor den Türen der Aufnahmelager stehen aber wesentlich mehr Menschen, die zum Teil sehr 
lange Zeit benötigen, um die notwendigen Unterlagen für den Antrag zusammenzutragen. Leider erst jetzt schaltet 
der Bund auf die Realität um.
Wer bezahlt die Unterbringung?
In der Erstaufnahme wir, sonst die Kommunen. Wir haben den Kommunen versprochen, dass wir auch ihre Kosten 
voll übernehmen. Das heißt aber jetzt, dass wir viel mehr bezahlen müssen und deshalb auch vom Bund rasch 
mehr Geld benötigen.
Was halten Sie von der Idee einer Grundgesetzänderung, damit der Bund den Kommunen die Kosten direkt 
begleichen kann und nicht über den Umweg der Länder?
Die Flüchtlingsunterbringung ist eine gesamtstaatliche Aufgabe und erfolgt nach Bundesgesetzen. Deshalb muss 
der Bund die Kosten tragen, egal, ob direkt oder über die Länder. Denkbar ist auch, dass der Bund bestimmte 
Leistungen, etwa die medizinische Versorgung und die Sprachlehrgänge, komplett finanziert.
Sigmar Gabriel, der Vizekanzler, schlägt vor, dass der Bund die Kosten der Unterkunft komplett übernimmt. Ist das 
in Ihrem Interesse?
Das wäre richtig. Genauso wichtig ist es, dass die Asylverfahren beschleunigt werden. Denn die Länder und 
Kommunen müssen bis zum Abschluss der Verfahren die Kosten tragen, und erst danach trägt der Bund sie. Wenn 
das Verfahren beschleunigt wird, werden auch die Kosten der Kommunen sinken und das Finanzproblem wäre 
weitestgehend gelöst.
Wie sollen die Verfahren gestrafft werden?
Es ist richtig, dass der Bund jetzt mehr Stellen geschaffen hat, um die Anträge auszufüllen. Es ist aber nicht so 
leicht, so viele Mitarbeiter in so kurzer Zeit einzuarbeiten. Deshalb müssen wir zu strukturellen Kürzungen der 
Verfahren an sich kommen. Notfalls müssen zeitlich befristet Eilverfahrensregelungen erlassen werden. Was auch 
helfen würde, wäre ein Stichtag, ab dem alle noch ungelösten Altverfahren für Menschen mit sicherer 
""Die große Mehrheit der Ostdeutschen ist weltoffen"" Sachsen -Anhalts Ministerpräsident Reiner Haseloff über 
die Herausforderungen durch die steigenden Flüchtlin....
Bleibeperspektive - manche dauern jahrelang - einfach abgeschlossen und den Menschen pauschal Bleiberecht 
zuerkannt wird. Das würde alle entlasten und Kraft bringen für die vielen neu Ankommenden.
Das Interview führten Albert Funk und Antje Sirleschtov.
Graphic
 
Zeichen setzen. Ministerpräsident Haseloff mit Kindern aus Flüchtlingsfamilien in Halle während einer 
Einschulungsfeier. Zum neuen Schuljahr soll es in Sachsen-Anhalt flächendeckend Sprachklassen und 
Lerngruppen für Kinder mit Migrationshintergrund geben. Foto: dpa"
2015-08,Main Corpus,2015-08(50).ZIP,_Nur mit Bauchschmerzen_ Selbst das reiche Baden-Württemberg stößt bei der Aufnahme von Flüchtlingen.PDF,C:\PythonProjects\AfD-project\Corpora\Main Corpus\2015-08\raw_unarchive\_Nur mit Bauchschmerzen_ Selbst das reiche Baden-Württemberg stößt bei der Aufnahme von Flüchtlingen.PDF,"""Nur mit Bauchschmerzen"" Selbst das reiche Baden-Württemberg stößt bei der Aufnahme von Flüchtlingen an",nur mit bauchschmerzen selbst das reiche badenwürttemberg stösst bei der aufnahme von flüchtlingen an,Die Welt,die welt,Montag 10. August 2015,Daniel Sturm,POLITIK; Politik; S. 4; Ausg. 184,1488,10230,77ce2f3e3afc5bb00825d8835c8f1522d31d0b7b,,unique,keep,,no,,no,,,11175,no,,,,,"Sieben Quadratmeter Wohn- und Schlaffläche wollte Baden-Württemberg jedem Flüchtling zusichern. Dies sollte 
ab 2016 bei der ""endgültigen"" Unterbringung in den Kommunen gelten. Nun werden wir diese Garantie aussetzen, 
vorerst, für zwei Jahre, wie es heißt. Es gilt weiterhin die Mindestwohnfläche von 4,5 Quadratmetern.
Diese aus Gründen der Menschlichkeit gebotene Anhebung wird es vermutlich nie geben, denn der Zuzug aus 
Krisenstaaten dürfte anhalten. Wir alle machen dies nur mit Bauchschmerzen. Aber wir müssen in diesen Zeiten 
Dinge machen, die wir nicht gerne tun. Und der Druck ist so groß, dass kaum jemand widerspricht.
Wir als Land wollten unbedingt auch vermeiden, dass Flüchtlinge in Zelten untergebracht werden müssen. Es geht 
aber nicht anders, inzwischen wurde in der Nähe von Heilbronn das erste Zeltcamp für 200 Flüchtlinge eingerichtet. 
Man spricht von einer ""Notzwischenlösung"", da unsere Erstaufnahmeeinrichtungen aus allen Nähten platzen.
Bis vor Kurzem dachte die Landespolitik, dass wir in Baden-Württemberg auf Zelte verzichten können - im 
Gegensatz zu anderen Bundesländern. Deshalb vermieden wir den Begriff ""Zelt"". Er weckt komische 
Assoziationen, deshalb sprachen wir bisher von ""Traglufthallen"", einer Art De-luxe-Zelte. In Tübingen wird es solch 
eine Traglufthalle bald geben.
Allein im Juli kamen fast 7065 Flüchtlinge neu nach Baden-Württemberg, im Juni waren es schon 5000 - und auch 
das war ein Rekordwert seit den 90er-Jahren. 2012 kamen knapp 8000 Flüchtlinge neu in unser Land, 2013 waren 
es schon fast 14.000 und 2014 bereits über 25.000. Bis Ende Juni 2015 sind wir schon bei 22.000 neuen 
Flüchtlingen - und unsere Landesverwaltung war bis vor zwei, drei Jahren auf die Erstaufnahme von maximal 1200 
bis 1500 Flüchtlingen gut eingestellt - und zwar pro Jahr. Das Bundesamt für Migration und Flüchtlinge teilte uns 
mit, für 2015 sollten wir mit 33.000 Flüchtlingen rechnen. Diese Zahl ist jetzt im Landeshaushalt eingeplant, 
abgesichert.

""Nur mit Bauchschmerzen"" Selbst das reiche Baden-Württemberg stößt bei der Aufnahme von Flüchtlingen an 
seine Grenzen. Ein Ministerialbeamter erzählt
Jetzt aber heißt es, nach Baden-Württemberg kämen 2015 etwa 52.000 Flüchtlinge. Die aktuellen Zugangszahlen 
lassen dies glaubwürdig erscheinen. Es wäre ein neuer Jahresrekord, denn bisher kamen mit 51.000 Flüchtlingen 
1992 am meisten. Wir aber gehen inzwischen davon aus, dass wir - wenn es so weitergeht - spätestens 2016 mit 
über 80.000 Menschen rechnen müssen.
Im Landeshaushalt für 2015 und 2016 ist ein finanzieller Puffer von mehreren Hundert Millionen Euro als Rücklage 
für das Thema Flüchtlinge enthalten, ein weiser und vorausschauender Einfall. Diese Rücklage wird aber nicht 
ausreichen, wir werden wohl einen Nachtragshaushalt aufstellen müssen. Nötig sind Geld, Personal, 
Unterbringungskapazitäten. Die Kommunen, auf die wir die Flüchtlinge verteilen, bekommen pauschal für die ersten 
Monate 13.260 Euro pro Person. Diese Kostenpauschale hat das Land seit 2011 um fast 30 Prozent erhöht. Wir 
erstatten den Kommunen in Baden-Württemberg damit deutlich mehr, als andere Länder zahlen.
Unserem Land geht es finanziell besser als anderen, die Wirtschaft brummt, wir haben weit weniger Arbeitslose als 
die Bundesländer im Norden und Osten. Uns ist rätselhaft, wie diese die hohe Zahl an Flüchtlingen stemmen.
Geld ist dabei gar nicht unser größtes Problem. Uns mangelt es an Platz. In der Landeserstaufnahmestelle (Lea) in 
Karlsruhe leben derzeit fast 3500 Menschen, die Kapazität ist aber auf maximal 2000 Menschen ausgerichtet. In 
Meßstetten, auf der Schwäbischen Alb, haben wir in einer ehemaligen Bundeswehrkaserne eine provisorische Lea 
für maximal 1000 Menschen geschaffen. Hier wohnen nun über 1500 Flüchtlinge.
In einer ehemaligen amerikanischen Kaserne in Heidelberg leben bis zu 3000 Menschen, bei einer 
Maximalbelegung von 2000. Das sind nur einige Beispiele, um die dramatische Lage zu schildern. Insgesamt 
stehen uns in der Landeserstaufnahme 8300 Plätze zur Verfügung - aktuell sind dort 12.000 Flüchtlinge 
untergebracht.
Seit dem Jahr 2012, seitdem der Zustrom an Flüchtlingen immer stärker wird, haben wir reagiert. Wir haben die 
Kapazitäten der Erstaufnahme, für die wir als Land zuständig sind, massiv ausgeweitet. Nachdem unsere damals 
einzige Lea in Karlsruhe völlig überfüllt war, haben wir relativ schnell und unbürokratisch in Ellwangen, Heidelberg, 
Mannheim und Meßstetten weitere Kapazitäten geschaffen.
Und wir planen bereits neue Leas in Freiburg und Schwäbisch Hall, die aber frühestens Ende 2016 zur Verfügung 
stehen werden. Bis dahin werden wir uns mit sehr viel Pragmatismus behelfen müssen. Allerdings geht es den 
Kommunen, die für die Anschlussunterbringung zuständig sind, nicht anders. Mehrere Städte versuchen nun, noch 
schnell ehemalige Kasernen und andere Gebäude dem Bund abzukaufen, um hier die Unterbringung von 
Flüchtlingen durch das Land zu verhindern. Im Zweifel werden aber auch dort bald Flüchtlinge unterkommen. Wenn 
wir als Land das wollen, setzen wir es durch, beschlagnahmen de facto diese Gebäude. Das Enteignungs- und 
Polizeirecht ist auf unserer Seite. Klingt brutal, ist brutal, fällt aber auch unter die Kategorie: Wir müssen in diesen 
Zeiten Dinge machen, die wir nicht gern tun. Und der Druck ist so groß, dass kaum jemand widerspricht.
Bisher geht alles zumeist friedlich zu. Die Einheimischen sind generell aufgeschlossen, konziliant, ganz anders als 
in den 90er-Jahren. Konflikte aber zeichnen sich ab. In Freiburg soll im kommenden Jahr die dortige Polizeischule 
verlegt werden. Die von einem grünen Oberbürgermeister regierte Stadt ist sehr kooperativ. Bis zu einem gewissen 
Punkt, denn mehr als 500 Flüchtlinge möchte man dort dann doch nicht haben. Leider ist dies keine Freiburger 
Besonderheit. Allzu oft begegnet man der Maxime: ""Wir müssen etwas für Flüchtlinge tun, aber bitte nicht bei mir!""
Und es ist ärgerlich, wenn Bundespolitiker, fernab von diesen konkreten Schwierigkeiten, ihre weltfremden Lasst-
doch-alle-zu-uns-kommen-Parolen verbreiten. Das ist im Volk nicht vermittelbar. Allein schon, weil wir mit den 
jetzigen Flüchtlingszahlen kaum noch zurande kommen. Genauso wenig hilfreich ist es auf der anderen Seite, 
wenn Horst Seehofer ""rigorose Maßnahmen"" gegen Flüchtlinge ankündigt. Er suggeriert, als ließe sich mit solchen 
Sprüchen irgendetwas besser machen. Als ob schnell etwas getan werden könnte.
Wir haben jetzt 16 neue Verwaltungsrichter eingestellt, die sich um Asylverfahren kümmern, sprich: sie 
beschleunigen sollen. Hier zeigen sich aber die Mühen der Bürokratie: Diese Richter haben noch nicht wirklich viel 
zu tun, weil alle betroffenen Behörden einfach nicht dazu kommen, die Fälle zu bearbeiten. Der Chef einer 
""Nur mit Bauchschmerzen"" Selbst das reiche Baden-Württemberg stößt bei der Aufnahme von Flüchtlingen an 
seine Grenzen. Ein Ministerialbeamter erzählt
Landeserstaufnahmestelle fragt sich: Wie komme ich über den Tag? Wo bringe ich die 400 neuen Flüchtlinge 
unter? Und nicht, wie treibe ich Asylverfahren voran? Oft fehlt der Bundespolizei die Zeit, Flüchtlinge zu 
registrieren, ihnen Fingerabdrücke abzunehmen. Und vieles mehr. Natürlich muss schneller abgeschoben werden. 
Gerade die Flüchtlinge vom Balkan. Das schafft Platz für die politisch verfolgten und von Kriegen bedrohten 
Menschen, etwa aus Syrien. Unser Innenminister richtet deshalb ein Abschiebegefängnis in Pforzheim ein. Bis zum 
Jahresende wollen wir das gesetzlich verankern. Schneller geht es leider nicht.
Bisher muss den Flüchtlingen ihre Abschiebung vorher schriftlich mitgeteilt werden, vor 6 Uhr darf die Polizei nicht 
kommen. Wenn der Flüchtling am Tag der geplanten Abschiebung aber nicht in seinem Zimmer ist, sondern bei 
seinem Nachbarn schläft, kann er nicht abgeschoben werden. Das darf nicht so bleiben. Seehofers Vorschlag, 
inzwischen unterstützt von Integrationsministerin Aydan Özoguz, Flüchtlinge aus bestimmten Ländern zu 
separieren, ist auch deshalb vernünftig. Die Menschen aus den Balkanländern sollten woanders untergebracht 
werden, im Zweifel auch grenznäher als die Syrer. Eine Standortkommune aber zu finden, etwa für Kosovo-
Albaner, wird mühsam werden.
Gerade die jungen, alleinstehenden männlichen Flüchtlinge vom Balkan oder aus Afrika haben ein schlechtes 
Image. Gewiss nicht immer zu Recht. Umso wichtiger ist es, diesen Menschen die Langeweile zu nehmen. Man 
muss diese Männer beschäftigen! Sport ist hier eine gute Sache, schafft aber auch wieder Ärger. Nach dem Motto: 
Warum bekommen die Flüchtlinge einen Kunstrasenplatz, den unsere Kinder nicht haben? So ähnlich ist es mit 
dem WLAN, das wir nun in den Leas einrichten und kostenlos anbieten. Ist das Luxus? Nein. Die Alternative sieht 
so aus, dass viele Flüchtlinge den lokalen WLAN-Hotspot aufsuchen, im Zweifel einen halben Tag im Supermarkt 
stehen, ohne etwas zu kaufen. Das macht erst richtig Ärger.
Wir in der Landesverwaltung, die Bürgermeister, die Landräte, die Mitarbeiter in den Erstaufnahmeeinrichtungen, 
den Flüchtlingsunterkünften müssen derzeit viele Entscheidungen treffen. Angenehm ist davon keine. Wir sind 
weltoffene Menschen, und wir wissen, dass Baden-Württemberg eine gute Tradition der Zuwanderung hat. Wir 
wollen Zuwanderung. Aber wir sehen die Probleme. Wer in diesen Zeiten die Augen verschließt, mag sich selbst 
dabei gut fühlen. Der Blick durch eine rosarote Brille aber ist gefährlich. Wer unser Land aufgeschlossen und 
integrationsbereit halten will, muss bereit sein, auch unangenehme Dinge zu sagen und vor allem auch zu tun. 
Wenn wir die Herausforderung der steigenden Flüchtlingszahlen nicht in den Griff bekommen, dann befürchte ich, 
dass die Stimmung in der Bevölkerung kippen könnte. Wir in Baden-Württemberg hatten von 1992 bis 2001 die 
Republikaner im Landtag. So etwas möchte ich 2016 bei der nächsten Landtagswahl nicht noch einmal erleben.
 Der Autor ist ein leitender Beamter in einem Ministerium des Landes Baden-Württemberg. Aufgezeichnet von 
Daniel Friedrich Sturm 
Original Gesamtseiten-PDF
Graphic
 
dpa/Uli Deck
Notunterkunft: In Karlsruhe sind 500 Flüchtlinge kurzfristig in einer Messehalle untergebracht
Uli Deck"
2015-08,Main Corpus,2015-08(50).ZIP,_Wir können die Menschen nicht dauerhaft in Zelten unterbringen_ Der CDU-Vizevorsitzende Thomas Stro.PDF,C:\PythonProjects\AfD-project\Corpora\Main Corpus\2015-08\raw_unarchive\_Wir können die Menschen nicht dauerhaft in Zelten unterbringen_ Der CDU-Vizevorsitzende Thomas Stro.PDF,"""Wir können die Menschen nicht dauerhaft in Zelten unterbringen"" Der CDU-Vizevorsitzende Thomas Strobl",wir können die menschen nicht dauerhaft in zelten unterbringen der cduvizevorsitzende thomas strobl,Der Tagesspiegel,der tagesspiegel,Sonntag 9. August 2015,,DRITTE; S. 3; Ausg. 22485,1208,8637,537e2ec8e6d93df7128afe4530333e10ac297022,,unique,keep,,no,,no,,,9819,no,,,,,"Wie viele Flüchtlinge verträgt das Deutschland des Jahres 2015?
Natürlich gibt es da formal keine Obergrenze. Aber ich habe den Eindruck, dass wir an faktische Grenzen gelangen 
könnten. Ich war vor einigen Tagen in der Erstaufnahmeeinrichtung in Karlsruhe. Bis vor einiger Zeit kamen dort 
300 Menschen im Monat an, heute sind es 300 am Tag. Wir kommen in Bereiche, wo das System aus den Fugen 
geraten kann.
Was kann, muss, soll man tun?
Es gibt keine einzelne Maßnahme, die die Probleme löst. Wir müssen an viele Stellschrauben ran. Wir dürfen nicht 
nur an den Symptomen herumdoktern und darüber debattieren, wer wem noch mehr Geld geben muss oder wie wir 
Flüchtlinge verteilen. Wir müssen dafür arbeiten, dass gar nicht erst so viele Personen zu uns kommen.
Politisch Verfolgte genießen Asyl ...
Das ist völlig klar: Für die Menschen, die zum Beispiel aus Syrien oder dem Nordirak fliehen, vor einem furchtbaren 
Bürgerkrieg oder vor Folter, Vergewaltigung und Mord, ist unser Asylrecht da. Aber für Flüchtlinge vom Westbalkan 
ist, bei allem Verständnis für ihre großen wirtschaftlichen Schwierigkeiten, das Asylrecht der falsche Weg. 
Deswegen müssen wir dorthin ein klares Signal senden: Verkauft nicht euer Haus, um den Schleuser zu bezahlen, 
denn wir werden Euch zurückschicken, und dann steht Ihr mit noch weniger, mit ganz leeren Händen da!
Praktiker sagen: Solche Abschreckung funktioniert nicht, weil sich für diese Menschen selbst ein erfolgloses 
Asylverfahren finanziell lohnt.
Diese Praktiker haben recht. Ein Flüchtling bekommt hier pro Monat 140 Euro Taschengeld. Das mag für spezielle 
Gutverdiener hierzulande ein Nasenwasser sein. In Albanien verdient jemand wie ein Polizist aber vielleicht 250 
Euro. Die Aussicht auf Bargeld ist für viele Menschen dort schon Fluchtgrund genug. Deshalb müssen wir zwingend 

""Wir können die Menschen nicht dauerhaft in Zelten unterbringen"" Der CDU-Vizevorsitzende Thomas Strobl 
über Flüchtlingspolitik in Deutschland, pragmatische Lösu....
diese finanziellen Anreize minimieren und jedenfalls während des Anerkennungsverfahrens wieder komplett auf 
Sachleistungen zurückgehen.
Der Landkreis Lörrach behilft sich anders: Er zahlt freiwilligen Rückkehrern eine ansehnliche Prämie. Locken die 
Lörracher also Flüchtlinge geradezu an?
Ich kenne eine ganze Reihe sehr pragmatischer Landräte, die ihre Probleme vor Ort auf unkonventionelle Weise 
lösen. Ich habe dafür Verständnis. Aber ein Modell für ganz Deutschland ist eine Rückkehrprämie natürlich nicht.
Ist das bayerische Modell richtig, absehbar chancenlose Bewerber zu konzentrieren und für eine rasche 
Entscheidung und Rückführung zu sorgen?
Wir sprechen über dieses Modell mit allen Bundesländern, und viele streben diese Lösung richtigerweise an. Wir 
müssen schnell unterscheiden zwischen Flüchtlingen mit Bleibeperspektive - die wir dann rasch in die Kommunen 
bringen und entschlossen bei der Integration unterstützen können - und solchen Menschen, bei denen die 
Anerkennungsquote nahe Null liegt. Etwa die Hälfte der Asylbewerber fällt unter diese zweite Gruppe. So zu 
unterscheiden, brächte eine riesengroße Entlastung für die Landkreise und Kommunen.
Aber liegt das Problem nicht darin, dass es an Sachbearbeitern mangelt, die obendrein jeden Einzelfall prüfen?
Selbstverständlich muss es eine Einzelfallprüfung geben. Die rechtstaatlichen Grundsätze sind einzuhalten - ohne 
Wenn und Aber. Dafür braucht man aber nicht Monate und Jahre. Eine Verwaltungsentscheidung kann in Wochen, 
ja in Tagen getroffen werden. Bei Menschen aus sicheren Herkunftsländern gibt es dann nur noch eine gerichtliche 
Instanz zur Überprüfung und verkürzte Rechtsmittelfristen. Das ist ein rechtstaatlich einwandfreies Verfahren, das 
in wenigen Monaten abgeschlossen sein kann. Der Bund schafft bei einer einzigen Behörde, beim Bundesamt für 
Migration und Flüchtlinge insgesamt 2000 neue Stellen. Die zu besetzen braucht seine Zeit, aber die Verfahren 
verkürzen sich schon zusehends. Man muss aber gleichzeitig sagen: Ein rechtsgültig abgelehnter Asylbewerber, 
der dann nicht abgeschoben wird, entlastet die Kreise und Gemeinden nicht.
Die Länder sind zu nachlässig?
Wenn ich mir Bundesländer wie NRW, Niedersachsen oder mein Heimatland Baden-Württemberg ansehe, muss 
ich sagen: Da ist noch Luft nach oben. Es spricht sich in Kosovo, Albanien oder Montenegro schnell herum, ob man 
aus Deutschland rasch wieder abgeschoben wird oder damit rechnen kann, Monate und Jahre zu bleiben.
Ministerpräsident Kretschmann will Flüchtlingen vom Balkan als Alternative zum Asylverfahren einen Zugang zum 
deutschen Arbeitsmarkt anbieten. Kann das die Situation entspannen?
Bei uns ist heute schon jeder herzlich willkommen, der hier arbeiten kann und will. Aber zur Wahrheit gehört, dass 
unter den Flüchtlingen vom Westbalkan so gut wie keine Akademiker und kaum ausgebildete Kranken- und 
Altenpfleger sind. Man sollte nicht von Lösungen reden, die in Wahrheit keine sind.
Kretschmann will das grüne Gewissen beruhigen?
Es werden jetzt Nebenschauplätze eröffnet: Mehr Flüchtlinge in die neuen Bundesländer schicken, von qualifizierter 
Zuwanderung reden - das hat alles nichts mit der Lösung der wirklichen Probleme zu tun. Das Asylrecht und die 
qualifizierte Zuwanderung in den Arbeitsmarkt sind zwei völlig verschiedene Dinge, die man nicht vermischen darf.
Die SPD vermischt gerade politisch: Sie will weiteren sicheren Herkunftsländern zustimmen, wenn die Union ein 
Einwanderungsgesetz mitträgt.
Diejenigen in der SPD, die etwas von der Sache verstehen, sprechen sich ohne Einschränkung dafür aus, weitere 
Westbalkanländer zu sicheren Herkunftsstaaten zu erklären. Daneben gibt es Äußerungen, die von weniger 
Sachkenntnis geprägt sind. Ich finde solche parteitaktischen Spielchen unverantwortlich und angesichts der 
Herausforderungen sogar schäbig.
""Wir können die Menschen nicht dauerhaft in Zelten unterbringen"" Der CDU-Vizevorsitzende Thomas Strobl 
über Flüchtlingspolitik in Deutschland, pragmatische Lösu....
Eine der drei Zukunftskommissionen der CDU plädiert für ein Einwanderungsgesetz. Werden Sie dafür im 
Parteivorstand Ihre Hand heben?
Was dort geschrieben steht - nämlich die bestehenden Gesetze zusammenzufassen -, kann man gerne machen. 
Gegen Vereinfachung und die Klarheit von Gesetzen ist nichts einzuwenden.
Horst Seehofer und andere behaupten, ein Einwanderungsgesetz jetzt wäre das falsche Signal an die Deutschen.
Wäre mit einem Einwanderungsgesetz eine Zunahme der Einwanderung gering qualifizierter Menschen verbunden, 
kann das in der Tat nicht in unserem Interesse sein. Die Rechtslage kann übrigens gar nicht ganz so katastrophal 
sein, wenn wir nach den USA derzeit das Industrieland mit der meisten Zuwanderung auf der ganzen Welt sind. Es 
gibt bei uns sehr viele offene Arme und Gott sei Dank auch offene Herzen.
Tun wir eigentlich genug für diejenigen, die aus Krieg und Bürgerkrieg flüchten?
Es muss jedenfalls mehr werden, in unserem eigenen wohlverstandenen Interesse. Die Menschen, die bei uns 
politisches Asyl erhalten, werden nicht in wenigen Monaten oder Jahren wieder gehen, weil sie in ihre Heimat nicht 
zurückkönnen. Wir müssen alles, wirklich alles tun, um sie hier bestens zu integrieren. Das beginnt mit dem 
Erlernen der Sprache. Wir müssen die Schulpflicht für die Kinder durchsetzen. Und selbstverständlich können wir 
diese Menschen nicht dauerhaft in Zelten unterbringen! Wir hätten besser gestern schon damit begonnen, für 
öffentlich geförderten Wohnraum zu sorgen. Das braucht jetzt Jahre - umso wichtiger ist es, sofort anzufangen. Das 
wird eine große Gemeinschaftsaufgabe für Länder, Kommunen und Bund.
Sozialwohnungsbau klingt immer so nach Betonghetto ...
Das wäre ganz falsch. Ich komme aus Heilbronn, einer kleinen Großstadt. Fast die Hälfte der Menschen hat dort 
einen Migrationshintergrund. Nicht zuletzt durch eine kluge Städtebaupolitik ist es gelungen, dass es zwischen 
Alteingesessenen und Neuankömmlingen keinerlei Probleme gibt.
Das Gespräch führte Robert Birnbaum.
*****
ZUR PERSON
POLITIKER
Thomas Strobl ist Landesvorsitzender der CDU in Baden-Württemberg (seit 2011); er ist Vizevorsitzender der CDU 
im Bund (seit 2012); und er ist Vizevorsitzender der CDU/CSU-Bundestagsfraktion (seit 2014), zuständig für 
Rechts- und
Innenpolitik.
PRIVATMENSCH
Strobl ist verheiratet mit der ältesten Tochter des CDU-Politikers und Finanzministers Wolfgang Schäuble. Der 55-
Jährige gehört der evangelischen Kirche an. Er ist Mitglied in einer schlagenden Verbindung und Botschafter des 
Vereins ""miteinander e. V."", der sich für Kinder und Jugendliche engagiert."
2015-08,Main Corpus,2015-08(50).ZIP,_Wir stellen uns mit aller Macht gegen den Terror_ Gemeinsame Erklärung aller Parteien gegen rechte.PDF,C:\PythonProjects\AfD-project\Corpora\Main Corpus\2015-08\raw_unarchive\_Wir stellen uns mit aller Macht gegen den Terror_ Gemeinsame Erklärung aller Parteien gegen rechte.PDF,"""Wir stellen uns mit aller Macht gegen den Terror"" Gemeinsame Erklärung aller Parteien gegen rechte Gewalt",wir stellen uns mit aller macht gegen den terror gemeinsame erklärung aller parteien gegen rechte gewalt,Berliner Zeitung,berliner zeitung,31. August 2015,Thomas Rogalla,BERLIN; S. 17,393,2983,e387d70b22d11737f70e0ca248c8df29d8a05ddd,,unique,keep,,no,,no,,,3932,no,,,,,"VON THOMAS ROGALLA 
 Angesichts von ausländerfeindlichen Aktionen und Anschlägen in Deutschland gegen Flüchtlinge und deren 
Unterkünfte haben sich die im Abgeordnetenhaus vertretenen Parteien zu einer gemeinsamen Erklärung gegen 
rechte Gewalt entschlossen. Die Parteichefs Jan Stöß (SPD), Frank Henkel (CDU), Bettina Jarasch und Daniel 
Wesener (Grüne), Klaus Lederer (Linke) und Bruno Kramm (Piraten) erklärten am Sonntag ihre Abscheu 
gegenüber rechtsextremen Attacken auf Schutzsuchende und versicherten ihre Entschlossenheit, die Gewalt zu 
bekämpfen. 
 ""Wir stellen uns mit aller Macht gegen diesen Terror,"" heißt es in der gemeinsamen Erklärung. Denn diese 
menschenfeindlichen Angriffe richteten sich nicht nur gegen Flüchtlinge, ""sondern genauso auch gegen unsere 
freie und demokratische Gesellschaft. Als demokratische Parteien stehen wir geschlossen gegen Angriffe auf 
Flüchtlinge und Flüchtlingseinrichtungen - sie treffen auch uns. Menschen in Not haben einen Anspruch auf Schutz, 
auf unsere Hilfe und unsere Solidarität."" 
 Weiter heißt es: ""Wir treten entschlossen rassistischer Hetze entgegen. Wir werden keine Freiräume für 
Rechtsextremisten dulden. Wenn Hemmschwellen verbal und im Internet sinken, dann sinken sie irgendwann auch 
auf der Straße. Das werden wir in Berlin nicht dulden."" Dafür ist insbesondere Innensenator und CDU-Chef Frank 
Henkel verantwortlich. Dieser wurde vom Flüchtlingsrat zwar immer wieder für seine Abschiebepraxis gerügt, 
empörte sich aber vergangene Woche in einer ungewohnt persönlichen Erklärung über Neonazis, die in der S-Bahn 
auf zwei Migrantenkinder uriniert hatten. Angesichts solch unmenschlichen Verhaltens sei ihm der Kragen geplatzt, 
hatte Henkel erklärt. In dem Parteienpapier wird gelobt, dass die Sicherheitsbehörden alles daran setzen werden, 
die einschlägigen Straftaten gegen Flüchtlinge aufzuklären. 
 Die Politiker machen aber auch deutlich, dass Politik und Behörden allein die derzeitige, vermutlich 
langandauernde Zuwanderungsbewegung nicht bewältigen könnten. Dabei müssten alle mittun. ""Vor den 
Herausforderungen, die mit der Aufnahme der Flüchtlinge verbunden sind, stehen wir gemeinsam, dies ist eine 
staatliche und auch eine zivilgesellschaftliche Aufgabe. Wir sind sicher: Berlin kann diese Aufgabe meistern."" 

""Wir stellen uns mit aller Macht gegen den Terror"" Gemeinsame Erklärung aller Parteien gegen rechte Gewalt
 Allerdings derzeit nur mit teils kurzatmigen Notmaßnahmen. ""Wir prüfen alle Gebäude, die nicht in Nutzung sind"", 
sagte eine Sprecherin des Landesamtes für Gesundheit und Soziales (Lageso). Knapp 300 Flüchtlinge wurden am 
Wochenende in der Schmidt-Knobelsdorf-Kaserne in Spandau untergebracht. Nach Angaben der Sozialverwaltung 
melden sich täglich 300 bis 550 Neuankömmlinge beim Lageso. (mit dpa) 
 ""Wir treten entschlossen rassistischer Hetze entgegen. Wir werden keine Freiräume für Rechtsextremisten 
dulden. 
 Aus der Erklärung von SPD, CDU, Grünen, Linken und Piraten"
2015-08,Main Corpus,2015-08(50).ZIP,Abgeschobene dürfen nicht mehr einreisen Fast alle Asylbewerber vom Balkan bekommen in Deutschland n.PDF,C:\PythonProjects\AfD-project\Corpora\Main Corpus\2015-08\raw_unarchive\Abgeschobene dürfen nicht mehr einreisen Fast alle Asylbewerber vom Balkan bekommen in Deutschland n.PDF,Abgeschobene dürfen nicht mehr einreisen Fast alle Asylbewerber vom Balkan bekommen in Deutschland,abgeschobene dürfen nicht mehr einreisen fast alle asylbewerber vom balkan bekommen in deutschland,Die Welt,die welt,Samstag 8. August 2015,Manuel Bewarder,TITEL; TITEL; S. 1; Ausg. 183,346,2574,18e9dda5effb21b6c1f2244baa90c7503880f194,,unique,keep,,no,,no,,,3494,no,,,,,"Mehr als 90.000 Asylbewerber müssen mit einer Wiedereinreisesperre nach Deutschland rechnen. Nach Angaben 
des Bundesamtes für Migration und Flüchtlinge (BAMF) befinden sich derzeit 94.000 Anträge vom Balkan in 
Bearbeitung. BAMF-Präsident Manfred Schmidt sagte im Interview mit der ""Welt"": ""Fast alle von ihnen werden 
zusammen mit dem ablehnenden Asylbescheid die Mitteilung über die Wiedereinreisesperre und das 
Aufenthaltsverbot erhalten."" Nur 0,1 bis 0,2 Prozent der Antragsteller vom Balkan hätten einen Schutzgrund. ""Auch 
Antragsteller aus Georgien oder Tunesien müssen mit Wiedereinreisesperren rechnen.""
Hintergrund ist die Reform des Aufenthaltsgesetzes. Gut integrierte und bisher nur geduldete Ausländer dürfen nun 
längerfristig in Deutschland bleiben. Menschen, die keine Aussicht auf ein Aufenthaltsrecht haben, sollen dagegen 
schneller in ihre Heimat zurückgeschickt werden. Ein Ausländer, der ausgewiesen oder abgeschoben worden ist, 
darf für maximal fünf Jahre nicht erneut einreisen. Bund und Länder rechnen in diesem Jahr mit mehr als 450.000 
Asylanträgen.
Nach Angaben des BAMF stellen 85 Prozent aller Asylbewerber vom Balkan ihren Antrag in Deutschland. ""Wir 
haben inzwischen Familien vom Balkan, die zum vierten Mal in Deutschland sind und um Schutz bitten"", sagte 
Schmidt. Er setzt auf schnellere Verfahren und konsequentes Abschieben von abgelehnten Bewerbern.
Der Präsident verteidigte seine Forderung, einen möglichen Anreiz zu verringern: Künftig solle kein Taschengeld 
mehr in Höhe von 143 Euro pro Monat ausgezahlt werden. Schmidt befürwortet dafür eine Änderung des 
Asylbewerberleistungsgesetzes: ""Die Bundesländer könnten bei der Versorgung in den Erstaufnahmeeinrichtungen 
zudem konsequent von Geld- auf Sachleistungen umstellen.""

Abgeschobene dürfen nicht mehr einreisen Fast alle Asylbewerber vom Balkan bekommen in Deutschland 
nach der Ablehnung ein Aufenthaltsverbot. Mehr als 90.000 Flü....
Der Präsident des BAMF zeigte sich offen für die Einführung eines Einwanderungsgesetzes: Das könnte helfen, 
""die notwendige Debatte über unser Selbstverständnis als Einwanderungsland"" anzustoßen. Es gehe um die 
Fragen ""Wo wollen wir hin?"" und ""Wer sind wir?', sagte Schmidt, dessen Behörde dem Bundesinnenministerium 
zugeordnet ist. Inhaltlich sieht Schmidt jedoch kaum Nachbesserungsbedarf. ""Wir haben das liberalste 
Zuwanderungsrecht der Welt."" Man könne jedoch überlegen, ob man die Höhe der Mindestqualifikation für 
Zuwanderer herabsetzt, sagte Schmidt dieser Zeitung.
 Siehe Kommentar und Seite 4
Original Gesamtseiten-PDF"
2015-08,Main Corpus,2015-08(50).ZIP,Abschiebungen nehmen zu Steigerung um 40 Prozent - Bundesländer fordern weitere Beschleunigung.PDF,C:\PythonProjects\AfD-project\Corpora\Main Corpus\2015-08\raw_unarchive\Abschiebungen nehmen zu Steigerung um 40 Prozent - Bundesländer fordern weitere Beschleunigung.PDF,Abschiebungen nehmen zu Steigerung um 40 Prozent - Bundesländer fordern weitere Beschleunigung,abschiebungen nehmen zu steigerung um 40 prozent  bundesländer fordern weitere beschleunigung,Südwest Presse,südwest presse,Montag 3. August 2015,,Politik; S. 1,312,2314,84c83868df433c08336063a447d44bb7222e0157,,unique,keep,,no,,no,,,3488,no,,,,,"Die Zahl der Abschiebungen aus Deutschland ist einem Bericht zufolge zuletzt stark gestiegen. Im ersten Halbjahr 
2015 seien 8178 abgelehnte Asylbewerber abgeschoben worden, berichtete die Zeitung ""Welt am Sonntag"" unter 
Berufung auf das Bundesinnenministerium. Im Vergleich zum Vorjahreszeitraum sei dies ein Anstieg um 42 
Prozent. Freiwillig kehrten demnach bis Ende Juni mehr als 12 600 Menschen in ihre Herkunftsländer zurück. 
Davon stammten 85 Prozent aus den Staaten des westlichen Balkans. Vor kurzem waren Bosnien-Herzegowina, 
Mazedonien und Serbien per Asylgesetz zu sicheren Herkunftsländern erklärt worden. Antragsteller aus diesen 
Staaten erhalten nach Angaben der Bundesregierung praktisch niemals Asyl.
Landespolitiker dringen angesichts der großen Probleme, Flüchtlinge unterzubringen, auf eine weitere 
Beschleunigung bei der Bearbeitung von Asylanträgen. ""Der Bund hat zugesagt, die Asylverfahren zu 
beschleunigen. Passiert ist bisher leider zu wenig"", sagte Thüringens Ministerpräsident Bodo Ramelow (Linke). 
Auch die nordrhein-westfälische Ministerpräsidentin Hannelore Kraft (SPD) forderte den Bund auf, das schnell zu 
regeln: ""Wir brauchen mehr Entscheider, mehr Personal beim Bundesamt für Migration und Flüchtlinge.""
Nach Angaben des BAMF dauert ein Asylverfahren derzeit im Schnitt 5,3 Monate. Das ist schon um einiges 
schneller als 2014 - damals waren es durchschnittlich 7,1 Monate.
Baden-Württembergs Regierungschef Winfried Kretschmann (Grüne) schlug erneut vor, mehr Flüchtlinge im Osten 
Deutschlands unterzubringen. Dort gebe es leerstehende Gebäude. Die fehlen in Baden-Württemberg mittlerweile 
so sehr, dass gestern die erste Zeltstadt zur Notunterbringung von Flüchtlingen in Betrieb ging. Die ersten 92 
Flüchtlinge zogen in ein provisorisches Zeltlager direkt an der Autobahn 81 in Neuenstadt am Kocher (Kreis 
Heilbronn).
Allein im Juli sind so viele Flüchtlings nach Deutschland gekommen wie noch nie zuvor in einem Monat. 
Kanzleramtsminister Peter Altmaier (CDU) räumte in der ""Bild""-Zeitung"" ein, das Thema sei von der Politik 
unterschätzt worden: ""Wir hatten rund zehn Jahre lang sehr niedrige Flüchtlingszahlen. Dadurch haben viele die 
neue Dynamik unterschätzt.""

Abschiebungen nehmen zu Steigerung um 40 Prozent - Bundesländer fordern weitere Beschleunigung"
2015-08,Main Corpus,2015-08(50).ZIP,"Asyl ist nicht für alle da Das Asylrecht, das als Recht auf Zuflucht aus einer unentrinnbaren Notlag.PDF","C:\PythonProjects\AfD-project\Corpora\Main Corpus\2015-08\raw_unarchive\Asyl ist nicht für alle da Das Asylrecht, das als Recht auf Zuflucht aus einer unentrinnbaren Notlag.PDF","Asyl ist nicht für alle da Das Asylrecht, das als Recht auf Zuflucht aus einer unentrinnbaren Notlage entstand,",asyl ist nicht für alle da das asylrecht das als recht auf zuflucht aus einer unentrinnbaren notlage entstand,Die Welt,die welt,Montag 31. August 2015,Kay Hailbronner,FORUM; Essay; S. 2; Ausg. 202,1340,10746,31f1f2de59e29c388a0864846b2df1f528d3acf3,,unique,keep,,no,,no,,,11866,yes,commentary_noncore,,,,"Das Aufenthaltsgesetz 2004 formuliert als Ziele die Steuerung und Begrenzung des Zuzugs von Ausländern ""unter 
Berücksichtigung der Aufnahme- und Integrationsfähigkeit sowie der wirtschaftlichen und arbeitsmarktpolitischen 
Interessen der Bundesrepublik Deutschland"". Zugleich soll das Gesetz der Erfüllung der humanitären 
Verpflichtungen der Bundesrepublik Deutschland dienen. Gestaltung setzt die Unterscheidung zwischen 
Schutzberechtigten, insbesondere aus politischen, rassischen oder religiösen Gründen Verfolgten, die auf die Hilfe 
Deutschlands angewiesen sind, und sonstigen Drittstaatsangehörigen voraus. Wer die gesetzlichen Bedingungen 
für ein Asylrecht nicht erfüllt, sollte daher möglichst rasch entweder freiwillig zurückkehren oder notfalls 
abgeschoben werden.
Das Asylrecht, welches das Bundesverfassungsgericht einmal als Recht auf Zuflucht aus einer unentrinnbaren 
Notlage bezeichnet hat, ist mittlerweile zum Asylbewerberrecht mutiert. Gefühlte Gerechtigkeit hat die normative 
Gerechtigkeit weitgehend ersetzt. Nicht die Anerkennung einer Schutzberechtigung, sondern die faktische 
Anwesenheit auf dem Bundesgebiet entscheidet in den meisten Fällen über den Verbleib in Deutschland und über 
die Einwanderung. Dabei geht es um die Fähigkeit, sich durch das komplizierte Geflecht von Asylbewerberstatus, 
Folgeasylantrag, Duldung und humanitären Bleiberechten, notfalls nach wiederholter Erschöpfung des Rechtswegs 
mit Hilfe von Härtefallkommission und Kirchenasyl, durchzuschlagen.
Die geringe Zahl der Abschiebungen (Ende 2014 gerade einmal ca. 10.800 bei ca. 154.200 ausreisepflichtigen, 
abgelehnten Asylsuchenden) wirft nur ein Schlaglicht auf die Situation. Aufschlussreicher ist die lange Verweildauer 
von eigentlich Ausreisepflichtigen, die letztlich aus durchaus nachvollziehbaren allgemeinen Erwägungen (Kinder, 
Beginn einer Ausbildung, familiäre, wirtschaftliche Bande usw.) nicht mehr abgeschoben werden können.
Befördert wird die Tendenz des Unterlaufens des Einreise- und Aufenthaltsrechts durch immer neue Maßnahmen, 
die eine zügige Rückführung erschweren, eine Überstrapazierung der Akzeptanz und den Unwillen, das Recht auch 
durchzusetzen. So sinnvoll Integration, rascher Zugang zum Arbeitsmarkt und finanzielle Hilfe bei einer 

Asyl ist nicht für alle da Das Asylrecht, das als Recht auf Zuflucht aus einer unentrinnbaren Notlage entstand, 
ist zum Asylbewerberrecht mutiert
Bleibeperspektive auch sind, so kontraproduktiv ist der vom Flüchtling und den Schlepperorganisationen schon 
einkalkulierte Spurwechsel. Damit wird eine vorausschauende Gestaltung von Einwanderungspolitik erschwert.
Der Schlüssel liegt in der Reduzierung des Einreise- und Bleiberechts auf die Prüfung eines Antrags auf 
humanitären Schutz. Zudem muss es kurze Verfahren geben, klare und transparente Regeln über den Erwerb 
eines Rechtsanspruchs auf ein Bleiberecht in Deutschland. Und die Anreize, sich eines Asylrechts als Hintertür für 
eine ansonsten nicht erreichbare Einwanderung zu bedienen, müssen reduziert werden. Die immens hohen 
Kosten, die für die Flucht nach Europa entstehen, werden - ohne Rücksicht auf rechtliche Kategorien von 
internationalem Schutz - nur wegen der hohen Wahrscheinlichkeit eines Bleiberechts im gewünschten EU-
Mitgliedstaat erbracht.
Das deutsche und europäische Asylrecht ist ohnedies für die Schutzsuchenden unverständlich. Was ein Flüchtling 
versteht, ist, dass das Verfahren kompliziert und langwierig ist. Und dass seine Chancen steigen, wenn er die ihm 
von den Fluchthelfern vorgegebenen Verhaltensleitlinien befolgt und eventuell seine Dokumente vernichtet, eine 
falsche Identität angibt und nach einem negativen Ausgang des Asylverfahrens seine Mitwirkung an der 
Beschaffung von Reisedokumenten verweigert.
Die Genfer Flüchtlingskonvention kennt keinen individuellen Anspruch auf Asylgewährung, sondern beschränkt sich 
auf ein Verbot, niemanden in Länder zurückzuweisen, auszuweisen oder abzuschieben, in denen ihm Verfolgung 
aus den in der Konvention genannten Gründen droht. An der territorialen Begrenzung des Asylrechts hat sich auch 
durch die Erweiterung des Schutzspruchs auf potenzielle Opfer von Folter, unmenschlicher Behandlung und 
willkürlicher Gewalt in bewaffneten Konflikten (sog. subsidiärer Schutz) im EU-Recht nichts geändert. Die 
Nichtzurückweisung ins Verfolgerland, nicht die Postulierung eines Rechtsanspruchs auf freie Einreise für 
jedermann, der vorgeblich oder tatsächlich schutzbedürftig ist, macht den Kern des Asylrechts aus. Schutzrecht 
besitzen auch nur in elementaren Rechten verfolgte Personen, nicht diejenigen, die sich auf der Suche nach einer 
Lebenschance nach Europa begeben.
Auch das großzügigere Asylrecht des Grundgesetzes sieht unter dem Eindruck von über 400.000 Asylbewerbern 
im Jahr 1992 seit der Reform von 1993 den Ausschluss von Personen vor, die aus sicheren Drittstaaten eingereist 
sind und ermöglicht eine beschleunigte Abschiebung. Wer mehr Humanität will, sollte sich daran erinnern, dass es 
nicht Sache der Zivilgesellschaft ist, sondern der demokratisch legitimierten und ihren Wählern verantwortlichen 
Organe, politische Entscheidungen darüber zu treffen, ob und wie viel und unter welchen Voraussetzungen darüber 
hinaus als schutzbedürftig angesehene Personen vorübergehend oder dauernd aus humanitären Gründen in 
Deutschland aufgenommen werden sollen.
Warum ist es zu dieser bisher unübertroffenen Eskalation unkontrollierter und wohl auch unkontrollierbarer 
Wanderungsbewegungen von Flüchtlingen gekommen, deren Herkunftsländer, wie etwa die Westbalkanstaaten, 
keine Anzeichen für eine allgemeine Verfolgungslage aufweisen?
Das Asylrecht wird immer komplexer und seine Anwendung zeitaufwendiger. Dazu hat das EU-Recht kräftig 
beigetragen, das nicht an zu wenig, sondern an zu viel Regelungsintensität, fehlender Klarheit und notwendiger 
Transparenz leidet. Es ist die Stunde der Gerichte, die mit immer neuen Auslegungsfragen von in sich nicht 
hinreichend koordinierten Richtlinien und Verordnungen konfrontiert werden. Auf das Asylverfahren folgt nicht 
selten das Asylfolgeverfahren, Verfahren zur Aussetzung des Vollzugs und die Erteilung einer Duldung oder 
humanitärer Aufenthaltstitel. Ist der Rechtsweg erschöpft, folgen Härtekommissionen, Petitionen und das 
Kirchenasyl, wenn nicht schon aus einem anderen Grund wie z.B. fehlende Reisedokumente, Krankheit oder 
Unauffindbarkeit die Abschiebung ausscheidet.
Zahllose Regelungen und Verwaltungsanweisungen begünstigen das Aussitzen und die Nichtbefolgung von 
Ausreisepflichten. Es ist nicht recht verständlich, warum die massenhafte Vernichtung von Reisedokumenten und 
die Identitätsverschleierung nicht stärker sanktioniert werden. Gewiss gibt es Fälle von Flucht, bei denen 
nachvollziehbare Gründe für den Nichtbesitz gültiger Dokumente vorliegen. Allerdings gehören die Einziehung des 
Reisepasses durch den Schlepper oder die absichtliche Vernichtung von Identitätspapieren nicht dazu.
Asyl ist nicht für alle da Das Asylrecht, das als Recht auf Zuflucht aus einer unentrinnbaren Notlage entstand, 
ist zum Asylbewerberrecht mutiert
Es gibt starke Anhaltspunkte dafür, dass die Gewährung finanzieller Leistungen in Deutschland im Unterschied zu 
anderen EU-Mitgliedstaaten ein maßgeblicher Anreiz für die Wahl Deutschlands als Zielort ist. Das 
Bundesverfassungsgericht hat aus der Zuordnung von Geldleistungen zur Menschenwürde eine prinzipielle 
Gleichbehandlung mit Hartz-IV-Empfängern abgeleitet und damit für eine bestimmte Kategorie illegal Einreisender 
Anreize gesetzt. Eine Kürzung des Taschengelds und die Rückkehr zum Prinzip der Hilfe durch Sachleistungen 
erscheint bei kurzfristigem Aufenthalt trotz der problematischen rechtlichen Prämissen des 
Bundesverfassungsgerichts nicht ausgeschlossen, da auch Karlsruhe trotz seiner Praxisblindheit nicht ganz die 
Augen davor verschließen kann, wie sich seine Entscheidungen auswirken.
Das Dublin-System ausschließlicher Zuständigkeit mutet zunächst wie eine Fehlkonstruktion an, weist es doch die 
primäre Zuständigkeit zur Durchführung des Verfahrens einigen Frontstaaten zu. Diese Betrachtung greift freilich 
viel zu kurz. Sie verkennt, dass ursprünglich ein zeitlich und funktional beschränkter Aufenthalt zur Prüfung des 
Asylbegehrens gedacht war. Es sollte die irreguläre Weiterreise innerhalb der EU verhindert werden.
Dublin ist an der Unwilligkeit einiger europäischer Mitgliedstaaten, einer übertriebenen Verrechtlichung und der 
Unfähigkeit der Akteure gescheitert. Dennoch bleibt das Dubliner System ein unverzichtbarer Baustein eines 
gemeinsamen europäischen Asylsystems. Allerdings sollte zu seiner Ergänzung an ein vor Ort durchzuführendes 
rein europäisches Asylverfahren von ein bis zwei Monaten gedacht werden, das den Rekurs auf andere 
Mitgliedstaaten ausschließt und ein Verteilungssystem im Anschluss an eine Gewährung internationalen Schutzes 
einbezieht.
Doch die Verringerung der Dauer des Asylverfahrens ist nur ein Teilaspekt des Problems. Die Einbeziehung 
weiterer Staaten mit minimalen Anerkennungsquoten wie Kosovo, Albanien und Montenegro in die Kategorie der 
sicheren Herkunftsstaaten, die in den meisten anderen europäischen Staaten schon länger erfolgt, ist ein 
überfälliger Baustein auf dem Wege zu schnelleren Verfahren. Man braucht dazu keine gemeinsame Liste der EU 
abzuwarten Das gesamte Verfahren, insbesondere der Vollzug von Ausreisepflichten, müssen auf den Prüfstand. 
Ohne rasche Abschiebungen kann das bestehende Asylsystem nicht fortbestehen.
Dazu bedarf es aber auch eines Umdenkens, was verantwortliche Flüchtlingspolitik zu leisten vermag. Die 
längerfristigen Konsequenzen einer anhaltenden ungesteuerten Zuwanderung sind kaum absehbar. Das 
Unterkunftsproblem beschäftigt zwar die Kommunen, ist aber lösbar. Den diese Probleme sind gering gegenüber 
den längerfristigen Integrationsproblemen. Die Vermischung in der politischen und rechtlichen Debatte zwischen 
Migrations- und Asylpolitik und die sich daraus ergebenden Anwendungsdefizite des Asylrechts verstärken die 
Anreize für Menschen, sich des Asylverfahrens als Hintertür zu einer ansonsten nicht erreichbaren Einwanderung 
zu bedienen.
 Der Autor (72) ist emeritierter Professor der Universität Konstanz und Mitglied des Direktoriums des dortigen 
Forschungszentrums für internationales und europäisches Ausländer- und Asylrecht. Als anerkannter Spezialist ist 
er Mitglied diverser nationaler und internationaler Organisationen und Kommissionen, die sich mit Migrationsfragen 
befassen. Er war u.a. Mitglied der Zuwanderungskommission, die den Entwurf für das neue Zuwanderungsgesetz 
ausarbeitete 
Original Gesamtseiten-PDF
Graphic
 
uni-konstanz.de"
2015-08,Main Corpus,2015-08(50).ZIP,Asyl ist nicht gleich Asyl Flüchtlinge wollen oft nach Deutschland. Dabei haben sie in anderen EU-Lä.PDF,C:\PythonProjects\AfD-project\Corpora\Main Corpus\2015-08\raw_unarchive\Asyl ist nicht gleich Asyl Flüchtlinge wollen oft nach Deutschland. Dabei haben sie in anderen EU-Lä.PDF,Asyl ist nicht gleich Asyl; Flüchtlinge wollen oft nach Deutschland. Dabei haben sie in anderen EU-Ländern,asyl ist nicht gleich asyl flüchtlinge wollen oft nach deutschland dabei haben sie in anderen euländern,Der Tagesspiegel,der tagesspiegel,Mittwoch 26. August 2015,,POLITIK; S. 4; Ausg. 22502,1119,8230,874201a47b558c0435d11f695b9fa83ccf63ad5f,,unique,keep,,no,,no,,,9602,no,,,,,"Wer Flüchtlinge auf ihrem Weg nach Westeuropa fragt, wohin sie möchten, hört besonders oft: Deutschland. Selbst 
Syrer, die seit Monaten unterwegs sind und bereits ein EU-Land erreicht haben, nehmen weitere Strapazen auf 
sich, um die Bundesrepublik zu erreichen. Warum ist das so? Sind die Bedingungen für Flüchtlinge hier wirklich 
besser als anderswo in der EU? Ein Überblick.
Mohammed (26) aus Syrien wird sich freuen. Deutschland wird syrische Asylbewerber, die über ein anderes EU-
Land in die Union eingereist sind und daher formal dort Asyl beantragen müssen, nicht mehr zurückschicken. Der 
junge Mann wohnt seit einigen Monaten in Berlin, wo er zunächst in einem Pankower Flüchtlingsheim 
untergekommen war. Da er über Bulgarien in die EU kam, drohte ihm allerdings die Aufforderung, dorthin 
zurückzugehen. ""Es gibt in Bulgarien kaum Unterstützung für Flüchtlinge"", sagte er dem Tagesspiegel. Auch 
herrsche eine fremdenfeindliche Stimmung. Tatsächlich sind die Lebensbedingungen für Flüchtlinge in Bulgarien 
deutlich schlechter als in Deutschland. Alleinstehenden steht ein monatliches Grundeinkommen von nur 33 Euro 
zu. Zum Vergleich: In Deutschland beträgt die sogenannte Grundleistung 359 Euro. Allerdings genießen 
anerkannte Asylbewerber dieselben Rechte und Pflichten wie Bulgaren und dürfen auch arbeiten. Ihnen wird ein 
fünfjähriges Aufenthaltsrecht erteilt. Voraussetzung ist, dass im Heimatland Gefahr für Leib und Leben droht. 
Armutsflüchtlingen wird - anders als in Deutschland - ein dreijähriges Bleiberecht eingeräumt. Ulrike Scheffer/Frank 
Stier
Großbritannien war einst Inbegriff einer großzügigen Willkommenskultur. Das hat sich grundlegend geändert. 
Jüngste Nachricht: Wer illegal im Land arbeitet, soll für ein halbes Jahr ins Gefängnis. Firmen, die ""Illegale"" 
beschäftigen, wie Imbissstuben oder Taxiunternehmen, sollen geschlossen werden. ""Die meisten Asylbewerber 
leben in Armut und leiden an schlechter Gesundheit und Hunger. Viele Familien haben nicht das Geld, um 
Grundgüter wie Kleider, Milchpulver oder Windeln zu kaufen"", mahnt der Refugee Council, in dem 
Hilfsorganisationen für Flüchtlinge zusammengeschlossen sind. Das britische Asylsystem gilt als überfordert und 
unterfinanziert. Zu den Problemen gehören schlechte Unterkünfte, die lange Bearbeitungszeit der Anträge, die nun 
durch ein ""Fast track System"" beschleunigt werden soll, und die Schwierigkeiten, abgelehnte Bewerber wieder 
abzuschieben.

Asyl ist nicht gleich Asyl; Flüchtlinge wollen oft nach Deutschland. Dabei haben sie in anderen EU-Ländern 
häufig bessere Chancen auf Arbeit und Gesundheitsleis....
Anfang August wurden die Gelder für Asylbewerber gekürzt. Der Wochensatz für einen Erwachsenem liegt jetzt bei 
35,39 Pfund (48,25 Euro). Eine vierköpfige Familie bekommt seit August statt 178,44 nur noch 147,80 Pfund 
(207,80 Euro) pro Woche. Allerdings muss ihnen eine Unterkunft zugewiesen werden. Die Sozialhilfe für 
Arbeitslose beträgt ohne andere Zuschüsse mehr als das Doppelte des Asylgeldes. Immerhin haben Asylbewerber 
wie alle Ausländer in Großbritannien freien Zugang zum nationalen Gesundheitssystem. In Deutschland werden 
Asylbewerber hingegen nur bei einer akuten Erkrankung behandelt.
Nirgendwo in Europa ist es zudem wohl so leicht für abgelehnte Asylbewerber, zu bleiben, zu arbeiten und sogar 
Kinder zur Schule zu schicken. Denn sie werden nicht polizeilich erfasst, es gibt auch keine Ausweis- und 
Meldepflicht. Die Regierung bereitet nun ein neues Einwanderungsgesetz vor, das Großbritannien weniger attraktiv 
für Zuwanderer machen soll. Dabei kommen nur etwa vier Prozent aller Asylbewerber in Europa auf die Insel. 
Matthias Thibaut
Die osteuropäischen EU-Mitglieder haben einen sehr schlechten Ruf, was den Umgang mit Flüchtlingen angeht. 
Ungarn etwa errichtet nicht nur einen Zaun an seiner Grenze, es hat gerade auch sein Asylrecht weiter verschärft. 
Asylbewerber sollen danach möglichst interniert und zur Arbeit gezwungen werden. Auch Polen wird von 
Asylsuchenden gemieden. 2015 ist die Zahl der Flüchtlinge um nur elf Prozent gestiegen. 4200 Flüchtlinge kamen 
im ersten Halbjahr bisher an. Die meisten von ihnen stammen wie in den Vorjahren aus Tschetschenien und der 
Ukraine, vermehrt treffen nun aber auch Syrer, Iraker und Ägypter ein. Die meisten betrachten Polen aber nur als 
Durchgangsstation.
Die Gründe sind nachvollziehbar. Flüchtlinge erhalten in Polen monatlich umgerechnet 18 Euro Unterstützung. Das 
reicht nicht weit - auch wenn Unterkunft und Verpflegung gesichert sind. Im ersten Jahr leben Flüchtlinge in einer 
staatlichen Unterkunft. In dieser Zeit sollte auch ihr Asylantrag beurteilt werden. Zudem bekommen sie 
Integrationskurse.
Nach einem Jahr werden die meisten Flüchtlinge auf den Wohnungsmarkt entlassen, wo sie allerdings stark 
benachteiligt sind. Sie erhalten zwar Mietzulagen und anerkannte Flüchtlinge dürfen dann auch arbeiten. 
Flüchtlingsorganisationen kritisieren jedoch die mangelnde Integration. Denn auch wenn die Polen in der Mehrzahl 
nicht grundsätzlich ausländerfeindlich eingestellt sind, so gibt es doch viele Vorurteile, vor allem gegenüber 
muslimischen und farbigen Flüchtlingen. In einer Umfrage gaben 55 Prozent der Polen an, Angst vor Arabern zu 
haben. Deutlich besser schnitten Asiaten und Afrikaner ab. Paul Flückiger
Ähnlich wie in Deutschland steigt in Frankreich die Zahl der Asylbewerber. Auch die Probleme gleichen sich. Es 
fehlen Aufnahmeeinrichtungen, die Verfahren dauern lange, Abschiebungen abgelehnter Asylbewerber ziehen sich 
ebenfalls hin. Ende Juli trat eine Reform zur Beschleunigung der Asylverfahren in Kraft. Bisher dauern diese oft bis 
zu zwei Jahre. Künftig sollen Asylanträge spätestens in neun Monaten bearbeitet sein. Während des Verfahrens 
stehen den Bewerbern Personen ihres Vertrauens als Berater zur Seite. Mit dem neuen Gesetz wurden aber aber 
auch die Asylvoraussetzungen geändert. Neben klassischen Motiven wie politische Verfolgung wird Gewalt gegen 
Frauen nun ausdrücklich als Asylgrund genannt. Den Bewerbern werden Aufnahmezentren in den Departements 
zugewiesen, die teils von privaten Trägern, teils vom Staat unterhalten werden. Die Bewerber sind verpflichtet, sich 
dort aufzuhalten, andernfalls verlieren sie den Anspruch auf Unterstützungsleistungen. Vom Tag der Antragstellung 
an erhalten Einzelpersonen bei einer Unterbringung in Zentren privater Träger 343 Euro im Monat. In staatlichen 
Zentren können die Hilfen je nach Familiensituation auf bis zu 718 Euro steigen. Asylbewerbern steht eine 
kostenlose ärztliche Versorgung zu, Kinder unterliegen der Schulpflicht. Unter der Voraussetzung, dass die 
Bearbeitung ihres Asylantrags nach neun Monaten noch nicht abgeschlossen ist, können Asylbewerber im 
Departement ihres Aufnahmezentrums eine Arbeitserlaubnis erhalten. Hans-Hagen Bremer
Von den rund 170 000 Flüchtlingen, die vergangenes Jahr übers Meer nach Italien kamen, zogen viele weiter nach 
Norden. Nicht wenige kamen nach Deutschland, doch fast 65 000 beantragten auch Asyl in Italien selbst. Die 
Lebensbedingungen für Flüchtlinge sind hier kaum schlechter als die für einheimische Unterstützungsempfänger. 
Denn Personen, die Asyl genießen oder als Flüchtlinge nach der Genfer Konvention anerkannt sind, erhalten die 
gleichen sozialen Rechte wie Staatsbürger. Allerdings sind die Sozialleistungen in Italien geringer als in 
Asyl ist nicht gleich Asyl; Flüchtlinge wollen oft nach Deutschland. Dabei haben sie in anderen EU-Ländern 
häufig bessere Chancen auf Arbeit und Gesundheitsleis....
Deutschland. Minderjährige können die Schulen besuchen, Erwachsene berufliche Ausbildungskurse besuchen. 
Sofern ihr Asylgesuch nach sechs Monaten nicht entschieden ist, dürfen Flüchtlinge arbeiten. Asylbewerber haben 
außerdem vollen Zugang zum Gesundheitssystem. Und sie haben ein Recht auf Unterbringung. Falls der Staat sie 
nicht in seinen Aufnahmelagern oder in angemieteten Privathäusern unterbringen kann, haben mittellose 
Flüchtlinge Anspruch auf Zuschüsse für eine eigene Wohnung. Paul Kreiner
Graphic
 
Flüchtling im Wartestand. Viele Menschen, die derzeit in Europa Zuflucht suchen, wollen nach Deutschland. Foto: 
Jean Christophe Magnenet/AFP"
2015-08,Main Corpus,2015-08(50).ZIP,Auf dem Weg Nach der Reform des Einwanderungsrechts wird der große Wurf weiter diskutiert. Studien l.PDF,C:\PythonProjects\AfD-project\Corpora\Main Corpus\2015-08\raw_unarchive\Auf dem Weg Nach der Reform des Einwanderungsrechts wird der große Wurf weiter diskutiert. Studien l.PDF,Auf dem Weg Nach der Reform des Einwanderungsrechts wird der große Wurf weiter diskutiert. Studien loben,auf dem weg nach der reform des einwanderungsrechts wird der grosse wurf weiter diskutiert studien loben,Der Tagesspiegel,der tagesspiegel,Sonntag 2. August 2015,Andrea Dernbach,ZWEITE; S. 2; Ausg. 22478,599,4678,e5d29655ca7243646b5677942785a389cbb4a0ae,,unique,keep,,no,,no,,,6246,no,,,,,"Berlin - Während das politische Deutschland noch über die Notwendigkeit eines Einwanderungsgesetzes streitet, 
ist gerade wieder eines in Kraft getreten: Seit dem gestrigen Samstag gilt das reformierte ""Gesetz zur 
Neubestimmung des Bleiberechts und der Aufenthaltsbeendigung"". Es bringt einerseits einen Durchbruch für die 
sogenannten ""Geduldeten"", die hier ohne verbrieften Aufenthaltstitel leben, aber Deutschland nicht verlassen 
können oder dürfen. Wenn sie acht beziehungsweise sechs (Familien) oder vier Jahre (Jugendliche) hier gelebt 
haben, ausreichend Deutsch sprechen und selbst für ihren Lebensunterhalt sorgen können, dürfen sie auf Dauer 
bleiben - statt über Jahre hinweg täglich mit der Abschiebung zu rechnen und von allen Integrationsmöglichkeiten 
ausgeschlossen zu sein.
Auf der anderen Seite eröffnet die Reform mehr Möglichkeiten, nicht berechtigte Asylbewerber abzuschieben. Es 
gibt eine neue Form der Ausreisehaft und ein- bis dreijährige Wiedereinreisesperren für Ausländer, die sich 
weigern, das Land zu verlassen.
Flüchtlingshilfsorganisationen der Kirchen und die Arbeitsgemeinschaft Pro Asyl begrüßten die Verbesserung der 
Lage von Geduldeten. Harte Kritik formulierten Pro Asyl, die evangelische Diakonie und der katholische Jesuiten-
Flüchtlingsdienst aber am neuen Abschiebe-Regime.
Diese jüngste Reform folgt der deutschen Logik der Einwanderungsgesetzgebung, die ihre Kritiker - darunter auch 
hochrangige CDU-Politiker wie Nordrhein-Westfalens Parteichef Armin Laschet und Angela Merkels 
Generalsekretär Peter Tauber - beenden möchten: Die Regelung von Migration in verstreuten Einzelgesetzen statt 
aus einem Guss. Sie versprechen sich einen weiteren Schub für die Einwanderungsgesellschaft und ihre 
Willkommenskultur, wenn ein Gesetz sich klar zu ihr bekennt. Gegner wie Bundesinnenminister Thomas de 
Maizière dagegen fürchten ein ""jahrelanges Gesetzgebungsverfahren"" und verweisen darauf, dass die 
Einwanderungsregeln schon jetzt laufend flexibler würden.

Auf dem Weg Nach der Reform des Einwanderungsrechts wird der große Wurf weiter diskutiert. Studien loben 
die jüngsten Entwicklungen in der deutschen Migrationsp....
Tatsächlich kam in letzter Zeit auch internationales Lob für die Entwicklung der deutschen Migrationspolitik. Der 
jüngste ""Migrant Integration Policy Index"" (Mipex), der die Anstrengungen der EU-Länder und von zehn weiteren 
Industriestaaten misst, gab Deutschland Anfang Mitte Juni Platz 10 unter den 38 untersuchten Ländern und lobte, 
es sei ""eines der wenigen entwickelten Länder, in denen sich die Haltung gegenüber Einwanderern verbessert"". 
Mehr als zwei Drittel der Bevölkerung meinten zum Beispiel, dass Europäer und Nichteuropäer gleiche Rechte 
haben sollten. Deutschland, so die EU-Experten, mache ""langsame, aber sichere Fortschritte dabei, gleiche Rechte 
und Integrationshilfen zu geben"". Es brauche hierzulande Zeit, weil im deutschen System erst Konsens hergestellt 
werden müsse. Aber, so der Kommentar des Mipex-Experten bei der Vorstellung des Berichts, die Fortschritte 
seien dann auch haltbar und nachhaltig. Bestnoten vergab Mipex für die Verbesserungen der 
Arbeitsmarktintegration, sah allerdings schwache Leistungen bei Bildung, Gesundheit und im Einsatz gegen 
Diskriminierung.
Auch die Studie der OECD zur Lage von Migranten in ihren 37 hochindustrialisierten Mitgliedsländern sah 
Deutschland im besten Drittel jener Länder, deren Migranten relativ seltener arbeitslos sind - Ergebnis wohl der 
guten deutschen Konjunktur.
Auch praktische Integration in ""gemischten Haushalten"" führte die OECD auf: In Deutschland ist mit mehr als 40 
Prozent der Anteil der Migranten besonders hoch, die Familien mit Herkunftsdeutschen gründen oder in sie 
hineingeboren wurden. Die Studie führt das auf die lange Sesshaftigkeit der meisten Migranten in Deutschland, 
Frankreich oder den Niederlanden zurück.
Fraglich bleibt, wie und wann die so bewerteten Gesetze wirksam sind: Deutsche Migrationspraktiker kritisierten bei 
Vorstellung der Mipex-Studie, sie schaue auf kodifiziertes Recht, Gesetze und Verordnungen, aber wenig auf die 
Realität. Tatsächlich zeigten erst kürzlich die dramatisch niedrigen deutschen Einbürgerungszahlen und die starken 
Unterschiede der Bundesländer, dass Traditionen und Verwaltungspraxis entscheidend sind und das offenere 
Staatsbürgerschaftsrecht neutralisieren können.
Graphic
 
Theorie und Praxis. Die juristischen Voraussetzungen und ihre langfristige Wirkung für Einwanderung in 
Deutschland loben internationale Migrationsforscher. Flüchtlingshelfer bemängeln aber die aktuelle, alltägliche 
Wirksamkeit der Migrationspolitik. Foto: Harald Tittel/dpa"
2015-08,Main Corpus,2015-08(50).ZIP,Außen vor Vielen Flüchtlingen geht es miserabel. Ihre Zahl steigt - und ihre Perspektiven bleiben dü.PDF,C:\PythonProjects\AfD-project\Corpora\Main Corpus\2015-08\raw_unarchive\Außen vor Vielen Flüchtlingen geht es miserabel. Ihre Zahl steigt - und ihre Perspektiven bleiben dü.PDF,Außen vor Vielen Flüchtlingen geht es miserabel. Ihre Zahl steigt - und ihre Perspektiven bleiben dürftig. Nun,aussen vor vielen flüchtlingen geht es miserabel ihre zahl steigt  und ihre perspektiven bleiben dürftig nun,Der Tagesspiegel,der tagesspiegel,Montag 10. August 2015,Andrea Dernbach,ZWEITE; S. 2; Ausg. 22486,1007,7364,30f2f862766f2eeb71dc2f6bf26c8b6394e556d6,,unique,keep,,no,,no,,,8880,no,,,,,"Unterbringung
In Zelten untergebrachte Flüchtlinge sind auf vielen ikonographischen Bildern in Zeitungen zu sehen, sie illustrieren 
das Dilemma Asylsuchender in Deutschland. Schon wird diskutiert, die Standards für die Unterbringung zu senken. 
""Es geht im Augenblick darum, Obdachlosigkeit zu vermeiden"", sagt die Flüchtlingsbeauftragte der 
Bundesregierung, Aydan Özoguz (SPD). Dabei ist klar, dass Zeltdächer dafür im Winter nicht ausreichen werden.
Bis dahin werden alle Flüchtlinge, auch die, die noch ankommen werden, in festen Behausungen untergebracht 
sein müssen. Und dies möglichst bald ""dezentral"", wie das im Verwaltungsjargon heißt, also nicht in 
Gemeinschaftsunterkünften, sondern in Wohnungen, die auch nicht in Ghettos, am Waldrand und außerhalb 
normaler Wohngebiete liegen sollten - sondern mitten in der deutschen Aufnahmegesellschaft. Denn je mehr sich 
Neue und Alteingesessene begegnen, desto rascher funktioniert die Integration auf beiden Seiten, wachsen 
Sprachkenntnisse und Verständnis.
Außerdem sind Flüchtlinge so besser geschützt: Die Brandanschläge und teils bedrohlichen Protestversammlungen 
gegen Flüchtlingsheime zeigen, dass für ihre Sicherheit mehr getan werden muss. Effektiver als die Polizei ist auf 
Dauer aber eine Gesellschaft, die Schutz bietet.
Rechtliche Grundlage
Flüchtlingsgipfel folgt Flüchtlingsgipfel, aber der Rahmen für den Umgang mit denen, die hier Schutz suchen, wird 
nicht allein in Deutschland gesetzt. Innerhalb Europas fordern Kritiker mindestens auf zwei Feldern politisches 
Umdenken: erstens in der Grenzsicherung. Obwohl Europa sich mit immer raffinierteren technischen Mitteln zur 
Festung ausbaut, kommen die Flüchtlinge zu Hunderttausenden. Die meisten sehen keine andere Wahl, als sich 

Außen vor Vielen Flüchtlingen geht es miserabel. Ihre Zahl steigt - und ihre Perspektiven bleiben dürftig. Nun 
wird der Asylgipfel vorgezogen: Am 9. September w....
auf den Weg zu machen. Das macht die teure Grenzsicherung vielfach nutzlos - sie könnte aufgegeben werden, 
damit Ideen und Geld frei werden, die Wanderung zu verwalten, statt ihr hilflose Dämme in den Weg zu stellen.
Das Dublin-Gesetz bürdet die Verantwortung für die ankommenden Menschen allein den Ländern auf, die an der 
EU-Südgrenze liegen - und ist damit das zweite internationale Problem. In der Realität funktioniert es weder für die 
Staaten noch für die Flüchtlinge. Wenn die selbst entscheiden dürften, wo sie am meisten Chancen für sich sehen, 
wären wohl viel Verwaltungsleerlauf und menschliches Leid zu vermeiden.
Auch Deutschland führt jetzt die große Debatte, wie bunt, ethnisch verschieden und weltoffen das Land werden 
kann. Diese Frage könnte auch mit Hilfe eines Einwanderungsgesetzes angegangen werden, das jetzt immer mehr 
Fans in allen Parteien findet - mit dem Risiko allerdings, dass sich die parlamentarische Beratung im Klein-Klein 
von Arbeitsrecht, Aufenthaltsrecht, föderalen Zuständigkeiten et cetera verliert. Politisch ist aber auch ohne diesen 
geplanten großen Wurf schon vieles in Bewegung geraten.
Ein Leitbild Einwanderungsgesellschaft, wie es der Rat für Migration vorgeschlagen hat, könnte auch eine Enquete- 
Kommission des Bundestags entwickeln. Eine landesweite Debatte darüber ließe sich organisieren.
Die erste Aufgabe des nächsten Flüchtlingsgipfels aber dürfte eine nachhaltige Entscheidung übers Geld werden - 
damit nicht alle paar Monate angesichts neuer Zahlen neue Gipfel nötig sind. Eine Fallpauschale pro Flüchtling, die 
sich Bund, Länder und Gemeinden teilen, wäre eine denkbare Lösung.
Arbeitschancen
Nicht zufällig war Integration kein Thema, als vor 60 Jahren die Zeit der ""Gastarbeiter""-Einwanderung begann. Es 
gab Arbeit, am Arbeitsplatz lernte man genug Deutsch, hatte Kontakte, konnte sich eine Wohnung mieten, sprach 
mit den Nachbarn und fand sich ein. Der Job bedeutete zudem Anerkennung. Auch die meisten der nun 
ankommenden Flüchtlinge wollen und können arbeiten. Aber jahrzehntelang hielten deutsche Gesetze Flüchtlinge 
vom Arbeitsmarkt fern.
Diese alte Logik gerät mittlerweile ins Rutschen: Inzwischen können sie unter bestimmten Umständen schon nach 
drei Monaten arbeiten, selbst wenn ihr Verfahren noch nicht abgeschlossen ist. Auch die Vorrangprüfung, für die 
nachgewiesen werden muss, dass nicht ein ebenso qualifizierter Bewerber aus der EU die Stelle besetzten könnte, 
wird weniger hart gehandhabt. Praktisch ist allerdings noch vieles vom Umdenken in der Politik nicht auf den realen 
Ebenen der Arbeitswelt und der Kommunen angekommen. Und andere Dinge werden zur unüberwindlichen Hürde: 
Ein Beispiel ist das Geldwäschegesetz, das ein Bankkonto nur Menschen mit ordentlichen Papieren vergönnt - die 
viele Flüchtlinge nicht haben.
Bildungschancen
Derzeit haben Asylbewerber, deren Verfahren noch nicht abgeschlossen ist, noch keinen grundsätzlichen Anspruch 
auf die Teilnahme an Willkommensklassen, Sprachkursen und auf Kitaplätze. In Politik und Behörden wächst die 
Einsicht, dass sich das ändern muss, wenn nicht - gerade für Menschen mit guten Aussichten, anerkannt und 
integriert zu werden - kostbare Zeit verloren gehen soll.
Schon jetzt geben viele ehrenamtlich Engagierte Deutschstunden, helfen bei Behördengängen oder betreuen 
geflüchtete Kinder - zur Freude und zum Erstaunen vieler Sozialarbeiter, die sich an eine ähnliche Welle von 
Hilfsbereitschaft nicht erinnern können. Allerdings wünschen sich Profis wie Laien eine Koordination dieser 
vielfältigen Energie. Damit nicht Kinderkleider gespendet werden, wo Schuhe für Erwachsene nötig sind, damit 
Engagierte wissen, wo sie nötig sind und wo sie eher stören könnten, sollten Jugendämter oder die nichtstaatliche 
Wohlfahrtspflege Mittel bekommen, um zu sie unterstützen.
Bearbeitungsdauer der Asylanträge
Außen vor Vielen Flüchtlingen geht es miserabel. Ihre Zahl steigt - und ihre Perspektiven bleiben dürftig. Nun 
wird der Asylgipfel vorgezogen: Am 9. September w....
Bis Asylbewerber anerkannt sind, kann es dauern. Während für Syrer, Eritreer und die Angehörigen bestimmter 
Minderheiten aus dem Irak inzwischen verkürzte schriftliche Verfahren gelten, müssen andere weiter lange warten. 
Manche Asylsuchende müssen gar Jahre darauf warten, auch nur einen Interviewtermin mit den Entscheidern beim 
Bundesamt für Migration und Flüchtlinge (Bamf) zu bekommen. Das Bamf sitzt derzeit auf einem Berg von fast 240 
000 noch nicht entschiedenen Anträgen, EU-Statistiken zufolge sind dies mehr als in jedem anderen Land in 
Europa.
Während oft über die Belastung des Bamf durch aussichtslose Anträge von Balkanflüchtlingen geredet wird, ist der 
von der Politik selbst gemachte Stau fast kein Thema: Mit dem Zuwanderungsgesetz von 2005 wurden sogenannte 
""Widerrufsverfahren"" eingeführt: Nach drei Jahren muss jedes bereits entschiedene Verfahren überprüft werden - 
ob es dafür einen Grund gibt oder nicht. Dieses Verfahren hat das Bundesinnenministerium kürzlich ausgesetzt - 
aber der bereits entstandene Rekordstau besteht. Das Bamf hofft, ihn bis Jahresende deutlich zu reduzieren. 650 
Stellen sind bereits neu besetzt, 1000 weitere sollen 2015 noch folgen und ""deutlich mehr als 200 000"" Verfahren 
bis Ende des Jahres beendet sein.
Graphic
 
Mauern. Flüchtlinge in Deutschland, hier in Ingelheim (Rheinland-Pfalz), haben große Hürden zu 
überspringen.Foto: A. Dedert/dpa"
2015-08,Main Corpus,2015-08(50).ZIP,Azubis nicht abschieben Flüchtlinge sollen nach Ende der Lehre mindesten zwei Jahre bleiben dürfen.PDF,C:\PythonProjects\AfD-project\Corpora\Main Corpus\2015-08\raw_unarchive\Azubis nicht abschieben Flüchtlinge sollen nach Ende der Lehre mindesten zwei Jahre bleiben dürfen.PDF,Azubis nicht abschieben Flüchtlinge sollen nach Ende der Lehre mindesten zwei Jahre bleiben dürfen,azubis nicht abschieben flüchtlinge sollen nach ende der lehre mindesten zwei jahre bleiben dürfen,Südwest Presse,südwest presse,Montag 31. August 2015,,Wirtschaft; S. 4,459,3531,d2c78c7e109635e25d7aa614ae7329d7df0bf798,,unique,keep,,no,,no,,,5374,no,,,,,"Die deutsche Wirtschaft hat von der Politik umfassende Erleichterungen für die Arbeitsaufnahme von Flüchtlingen 
gefordert. ""Wer in einer Ausbildung ist, darf nicht abgeschoben werden"", sagte der Präsident des Deutschen 
Industrie- und Handelskammertages (DIHK), Eric Schweitzer, der ""Frankfurter Allgemeinen Sonntagszeitung"". Der 
Abschiebestopp solle auch für mindestens die ersten zwei Jahre im Beruf nach der Ausbildung gelten.
Wenn sich Asylbewerber in dieser Zeit zur Fachkraft weiterbilden sollten, müssten sie dauerhaft bleiben dürfen, 
sagte Schweitzer. Er forderte zudem, die Liste der Mangelberufe, bei denen Zuwanderung möglich ist, zu erweitern. 
Er nannte insbesondere die Bereiche Gastronomie und Logistik. ""Ein Viertel der Asylbewerber ist im 
ausbildungsfähigen Alter, zwischen 16 und 25 Jahre"", sagte der Kammerpräsident.
Hamburgs Bürgermeister Olaf Scholz (SPD) forderte, die Qualifikationen von Flüchtlingen systematisch zu erfassen 
und sie für die Bedürfnisse des deutschen Arbeitsmarkts weiterzubilden. Bedarf sehe er insbesondere in den 
Bereichen Gastronomie und Altenpflege.
Der Vorsitzende des Bundes der Deutschen Industrie (BDI), Ulrich Grillo, forderte eine schnelle Integration 
qualifizierter Zuwanderer. Viele Flüchtlinge verfügten über ""eine wirklich gute Ausbildung"", sagte er dem ""Focus"". 
""Wenn wir es schaffen, sie möglichst zügig in den Arbeitsmarkt zu integrieren, dann helfen wir den Flüchtlingen, 
und wir helfen uns."" Bei zehntausenden unbesetzten Stellen müsse kein Einheimischer fürchten, dass ihm etwas 
weggenommen würde.
Eigentlich ist das deutsche Zuwanderungsrecht sogar liberaler als das vielgepriesene kanadische, wie Baden-
Württembergs Arbeitsagenturchef Christian Rauch meint. Aber im Dschungel der Regelungen finde sich kaum 
jemand zurecht. Rauch plädiert für einen unkomplizierteren Zugang von Flüchtlingen und außereuropäischen 
Arbeitsmigranten auf den deutschen Arbeitsmarkt. Auch die Arbeitgeber im Land fordern ein modernes 
Zuwanderungsgesetz. Die bisherigen Regelungen seien für Nicht-Juristen schwer zu durchdringen.
Unproblematisch ist der Zugang aus seiner Sicht bislang nur für außereuropäische Menschen mit hoher 
Qualifikation, die ein Arbeitsverhältnis mit einem Jahreseinkommen von mindestens 46 400 EUR, bei so genannten 
Mangelberufen von 37 752 EUR brutto nachweisen können. Sie erhalten die Blue Card.

Azubis nicht abschieben Flüchtlinge sollen nach Ende der Lehre mindesten zwei Jahre bleiben dürfen
Bei nicht-akademischen Berufen, zum Beispiel Pflegeberufe, Mechatroniker und Installateure sieht der 
Arbeitsvertrag einen tariflichen oder ortsüblichen Lohn vor. Die formalen Kompetenzen der Flüchtlinge festzustellen 
und mit dem Bedarf abzugleichen sei schwierig.
Zudem schlägt Rauch vor, einen Teil der Vorrangprüfung für Drittstaatler, also Menschen außerhalb der EU, durch 
die Arbeitsagenturen abzuschaffen. Asylbewerber dürfen nach drei Monaten arbeiten, wenn die Vorrangprüfung 
positiv für sie ausfällt. Allerdings müsse weiterhin überprüft werden, ob der Arbeitssuchende zu gleichwertigen 
Bedingungen beschäftigt werde. ""Damit wird Lohndumping verhindert."" Wenn Papiere fehlen, werden praktische 
Prüfungen gemacht. Rauch: ""Für den Arbeitgeber wird immer wichtiger, was ein Bewerber kann und nicht welche 
Papiere er vorweist."" Die spielten nur für weniger als 5 Prozent der Firmen eine Rolle.
Graphic
 
Lernwerkstatt für Flüchtlinge in München: Für die Firmen sind praktische Fähigkeiten weit wichtiger als Zeugnisse 
und Papiere. Foto: dpa"
2015-08,Main Corpus,2015-08(50).ZIP,Bis zu 50 tote Flüchtlinge in Lkw in Österreich entdeckt.PDF,C:\PythonProjects\AfD-project\Corpora\Main Corpus\2015-08\raw_unarchive\Bis zu 50 tote Flüchtlinge in Lkw in Österreich entdeckt.PDF,Bis zu 50 tote Flüchtlinge in Lkw in Österreich entdeckt,bis zu 50 tote flüchtlinge in lkw in österreich entdeckt,Rheinische Post,rheinische post,Freitag 28. August 2015,Eva Quadbeck,TITELSEITE,413,2968,31702511d77a556aada3e6388e326900e780ccdc,,unique,keep,,no,,no,,,4179,no,,,,,"Eva Quadbeck
Berlin In der Flüchtlingskrise gab es gestern einen neuen traurigen Höhepunkt: In Österreich ist ein Lkw mit bis zu 
50 Leichen entdeckt worden. Der österreichischen Polizei zufolge handelt es sich wahrscheinlich um Flüchtlinge, 
die in dem Fahrzeug erstickt sind. Die genaue Zahl der Opfer war gestern noch nicht bekannt. Es sollen zwischen 
20 und 50 sein. Die Menschen lebten wohl seit einiger Zeit schon nicht mehr.
Bundeskanzlerin Angela Merkel äußerte sich erschüttert über den Fund. Der Tod der Flüchtlinge warf einen 
Schatten auf die WestbalkanKonferenz, die in Wien stattfand. Bei der Konferenz wurde auch über die Belastung 
der Region durch die Flüchtlingswelle beraten. Anwesend waren auch die Regierungschefs der Balkan-Länder 
Mazedonien, Albanien, Bosnien-Herzegowina, dem Kosovo, Montenegro und Serbien. Knapp die Hälfte aller 
Asylanträge, die in diesem Jahr in Deutschland gestellt wurden, stammen aus diesen Ländern. Die Flüchtlinge von 
dort haben aber praktisch keine Chance auf Anerkennung, weil diese Länder nicht zu den Kriegs- oder 
Krisengebieten zählen.
Die Bundesregierung rechnet in diesem Jahr mit rund 800 000 Flüchtlingen. Die meisten kommen auf der 
sogenannten Balkan-Route über die Türkei, Griechenland, Mazedonien, Serbien und Ungarn nach Deutschland. 
Innenminister Thomas de Maizière sagte, im Vergleich zum Vorjahr sei die Zahl der Flüchtlinge auf diesem Weg um 
600 Prozent gestiegen.
Ein Ende des Ansturms ist nicht abzusehen. Für 2015 werden für die Versorgung der Ankömmlinge zusätzlich 
Finanzmittel in den Nachtragshaushalt des Bundes eingestellt werden müssen. Allein das Arbeitsministerium 
benötigt nach Informationen unserer Zeitung aus Regierungskreisen drei Milliarden Euro extra. Das Ressort von 
Ministerin Andrea Nahles (SPD) begleicht aus seinen Töpfen die meisten Ausgaben für die Flüchtlinge: Wer noch 
keine Anerkennung hat, wird nach dem Asylbewerberleistungsgesetz versorgt. Anerkannte Flüchtlinge erhalten 
Hartz IV, so lange sie keinen Job haben, von dem sie leben können. Zudem finanziert das Arbeitsministerium einen 
Teil der Sprachkurse. Auch die Bundesagentur für Arbeit benötigt für die Vermittlung und Integration der Flüchtlinge 

Bis zu 50 tote Flüchtlinge in Lkw in Österreich entdeckt
in den Arbeitsmarkt mehr Geld. Die zusätzlichen rund drei Milliarden Euro sollen die Mehrausgaben für 2015 und 
den zusätzlichen Bedarf für 2016 decken.
""Mittelfristig führen die Investitionen in Integrationskurse und Arbeitsmarktvermittlung dazu, dass die Zuwanderung 
durch Flüchtlinge unsere Sozialsysteme stabilisiert"", sagte die Vorsitzende des Arbeitsausschusses im Bundestag, 
Kerstin Griese (SPD), unserer Zeitung.
Die Bundesregierung will den hohen Zustrom der Flüchtlinge auch durch beschleunigte Verfahren in den Griff 
bekommen. Innenminister de Maizière kündigte gestern an dafür bis zu 700 zusätzliche Fachkräfte für das 
Bundessamt für Migration einzustellen.
Leitartikel Seite A 2"
2015-08,Main Corpus,2015-08(50).ZIP,Breite Front gegen Flüchtlinge In Brüssel und ganz Europa wird die Hilfsbereitschaft Deutschlands ge.PDF,C:\PythonProjects\AfD-project\Corpora\Main Corpus\2015-08\raw_unarchive\Breite Front gegen Flüchtlinge In Brüssel und ganz Europa wird die Hilfsbereitschaft Deutschlands ge.PDF,Breite Front gegen Flüchtlinge In Brüssel und ganz Europa wird die Hilfsbereitschaft Deutschlands gelobt. In,breite front gegen flüchtlinge in brüssel und ganz europa wird die hilfsbereitschaft deutschlands gelobt in,Die Welt,die welt,Donnerstag 27. August 2015,Stefanie Bolzen,POLITIK; Politik; S. 5; Ausg. 199,1296,9217,24b727bb987d815c89c64e5b3eaed787c48e0676,,unique,keep,,no,,no,,,10872,no,,,,,"Deutschland rechnet in diesem Jahr mit bis zu 800.000 Asylbewerbern. Allein der Bund stellt eine Milliarde Euro 
bereit, damit Länder und Kommunen die Krise bewältigen können. Und Deutschland schickt Flüchtlinge aus Syrien 
nicht in deren Einreiseländer wie Italien oder Griechenland zurück, obwohl es dies rechtlich könnte. Bei den 
europäischen Nachbarn löst diese Großzügigkeit Erstaunen aus, aber auch Erleichterung, dass das größte und 
wirtschaftlich stärkste Land Europas die mit Abstand größte Anstrengung unternimmt. Denn in anderen Staaten ist 
weder bei der Bevölkerung noch bei der Regierungen die Bereitschaft da, Flüchtlinge in großer Zahl aufzunehmen. 
Deshalb hält der heftige Streit auf EU-Ebene an. Deutschland will durch Quoten eine verpflichtende Lastenteilung, 
andere Staaten aber wollen und werden das Prinzip der freiwilligen Aufnahme nicht anrühren.
Großbritannien: Scharfe Gesetze
Gerade einmal ein Prozent der syrischen Flüchtlinge, die es in den vergangenen Monaten nach Europa geschafft 
haben, stellte seinen Asylantrag im Königreich. Kaum 7000 sollen es bisher sein. Die Briten schotten sich mit viel 
Geld und Polizeieinsatz gegen den Zustrom ab. Umgerechnet zehn Millionen Euro steckt London aktuell in einen 
noch höheren Zaun in Calais. Dort harren seit Monaten Tausende Flüchtlinge aus, die durch den Eurotunnel auf 
britischen Boden zu gelangen versuchen. Mindestens zwölf Menschen sind seit Jahresbeginn dabei ums Leben 
gekommen.

Breite Front gegen Flüchtlinge In Brüssel und ganz Europa wird die Hilfsbereitschaft Deutschlands gelobt. In 
vielen Ländern ist die Ablehnung von Migranten jedo....
Die meisten Asylsuchenden kommen aber weiter über die britischen Flughäfen ins Land. Deshalb hat die 
Regierung des konservativen Premiers David Cameron diese Woche noch einmal verschärfte Gesetze für Illegale 
vorgestellt. Und illegal bleiben die meisten Flüchtlinge für lange Zeit - wie in Deutschland brauchen die 
Asylverfahren Monate und Jahre. Einwanderer, die ohne Aufenthaltserlaubnis arbeiten, erwartet eine Strafe von bis 
zu sechs Monaten Gefängnis. Löhne werden beschlagnahmt. Geschäfte oder Kneipen, die Illegale beschäftigen, 
können bis zu 48 Stunden geschlossen werden. Geldstrafen für Arbeitgeber, die Illegale einstellen, gibt es schon.
Damit wollen die Briten sowohl Asylsuchende als auch jene, die aus deren Lage Profit ziehen, gleichermaßen 
abschrecken. ""Wenn ihr illegal hier seid, dann werden wir euch daran hindern, zu arbeiten, eine Wohnung zu 
mieten, ein Bankkonto zu eröffnen und ein Auto zu fahren"", sagte Migrationsstaatssekretär James Brokenshire. 
Sein Regierungschef Cameron steht durch das angekündigte Referendum über die EU-Mitgliedschaft extrem unter 
Druck. Denn Europas offene Grenzen und ihre Folgen sind ein Hauptargument der Anti-EU-Partei Ukip, die bereits 
fleißig für ein ""No"" Wahlkampf macht. Deshalb führt London das Lager der EU-Quoten-Gegner an.
Ungarn: Straftat Grenzübertritt
Laut Eurostat ist Ungarn das Land, das die wenigsten Asylbewerber akzeptiert. 2014 lag die Quote bei neun 
Prozent - der EU-Durchschnitt liegt bei 23 Prozent. Wer angenommen wird, erhält allerdings umfassende 
Privilegien, insbesondere das Recht zu arbeiten, eventuell auch die Staatsbürgerschaft. Nach einer Verschärfung 
des ungarischen Asylrechts sollen seit dem 1. August Anträge auf Asyl binnen 15 Tagen entschieden, abgelehnte 
Antragsteller sofort abgeschoben werden. Da die meisten Flüchtlinge über die serbische Grenze kommen, bedeutet 
dies eine Abschiebung nach Serbien - welches von Ungarn mittlerweile asylrechtlich zum ""sicheren Land"" erhoben 
wurde.
Da aber EU-Vorschriften es verbieten, Asylbewerber nach Antragstellung festzuhalten, ist es bislang zu keinen 
nennenswerten Abschiebungen gekommen. Die Antragsteller sind zumeist bereits in nördlichere EU-Länder 
weitergereist, für die wenigsten ist Ungarn das Ziel ihrer Odyssee. Die Regierung in Budapest erwägt, weitere 
Verschärfungen einzuführen, wonach illegaler Grenzübertritt zur Straftat würde, geahndet mit bis zu vier Jahren 
Gefängnis. Die Regierung von Ministerpräsident Viktor Orbán weiß die Flüchtlingskrise derweil politisch für sich zu 
nutzen. So ließ sie unter anderem landesweit Plakate aufhängen, auf denen Slogans wie ""Wenn du nach Ungarn 
kommst, kannst du unsere Jobs nicht wegnehmen"" standen. Damit stilisierte sich Orbán einmal mehr zum Retter 
nationaler Interessen.
Die Zahl der Asylanträge ist für das Land mit seinen zehn Millionen Einwohnern unbestritten gewaltig. Von Januar 
bis Juli 2015 waren es 103.000. Seither kamen im Durchschnitt täglich mehr als 1000 weitere Anträge dazu. Zum 
Vergleich: Im ganzen Jahr 2012 waren es nur 2157. In jenem Jahr aber kippte der Europäische Gerichtshof die bis 
dahin geltende ungarische Praxis, Asylbewerber bis zur Entscheidung über ihre Anträge festzuhalten. Seither gilt 
Ungarn als attraktives Transitland für Migranten, die in reichere EU-Länder wollen.
Norwegen: Aufgeheizte Debatte
Zwar ist Norwegen kein EU-Land, aber der Union eng verbunden und als reiches Ölland mit einem großzügigen 
Sozialsystem für Zuwanderer attraktiv. Doch im Vergleich zu Schweden, das wie Deutschland einen großen Teil 
des aktuellen Andrangs schultert, sind die Skandinavier für die Aufnahme von Neuankömmlingen wenig 
aufgeschlossen. Im September finden Regional- und Lokalwahlen statt, und da wie in Deutschland auch in 
Norwegen Kommunen die Versorgung finanzieren müssen, ist die Stimmung aufgeheizt.
Im Frühjahr hatte die Koalition in Oslo beschlossen, in den kommenden drei Jahren zusätzlich 8000 Syrer 
aufzunehmen. Dies geschah gegen den Widerstand der an der Regierung beteiligten Fortschrittspartei, die nun 
heftig gegen die Einwanderungspolitik Stimmung macht. Parteigründer Carl I. Hagen forderte, ""Europa muss das 
tun, was Australien getan hat: die Bootsflüchtlinge nicht reinlassen"". Stattdessen sollten Flüchtlingslager ""auf der 
anderen Seite des Mittelmeers"" finanziert werden. Bei der Debatte im Osloer Parlament trug der Vizechef der Partei 
ein T-Shirt mit der Aufschrift ""Good Journey"". Angesichts dieser Polarisierung brach Ari Behn, Ehemann von 
Breite Front gegen Flüchtlinge In Brüssel und ganz Europa wird die Hilfsbereitschaft Deutschlands gelobt. In 
vielen Ländern ist die Ablehnung von Migranten jedo....
Prinzessin Märtha Louise, mit der strengen Neutralität des Königshauses. ""Ich bin froh, dass wir wenigstens 8000 
Flüchtlinge nehmen. Wir sollten 10.000 nehmen. Und auch das ist noch eine kleine Zahl.""
Österreich: Klage gegen Brüssel
Die Alpenrepublik ist auf der Europaroute der Flüchtlinge das erste Zielland. Umgerechnet auf die Einwohnerzahl 
ist die Zahl der Flüchtlinge der in Deutschland ähnlich. Bisher sind es rund 70.000. Aber es fehlt an Unterkünften. 
Die Menschenrechtsorganisation Amnesty International hat bereits die Zustände im größten Aufnahmelager 
Traiskirchen bei Wien kritisiert. Mindestens 1500 Menschen harren dort im Freien aus. In ihrem 
Untersuchungsbericht beklagte die Organisation besonders die Zustände für Minderjährige, die derzeit ""nicht 
ausreichend geschützt"" seien.
Ähnlich wie in Deutschland gibt es große Kritik an der Politik, die sich vor dem Problem drücke. ""Wir schämen uns"", 
schreibt die linksliberale Wochenzeitung ""Falter"". Kanzler Werner Faymann (SPÖ) mag lediglich einräumen, dass 
die Zustände ""humanitär nicht tragbar"" seien. Das wie in Deutschland föderal strukturierte Aufnahmesystem steht 
vor dem Kollaps, weil es für solche Flüchtlingszahlen nicht eingerichtet ist. Die rechtspopulistische FPÖ profitiert 
von der Hilfslosigkeit der großen Koalition, die Partei führt alle Umfragen an, im Herbst sind mehrere Wahlen. 
Vehementer noch als Bundeskanzlerin Angela Merkel (CDU) forderte Faymann zuletzt die Lastenteilung per EU-
Quote. Die Alpenrepublik drohte der EU-Kommission mit einer Klage, weil sie das im Vertrag von Lissabon 
festgelegte Prinzip der fairen Lastenverteilung verletzt sieht.
Original Gesamtseiten-PDF
Graphic
 
AFP/CSABA SEGESVARI; dpa/ London News And Pictures; REUTERS/ HEINZ-PETER BADER; dpa/ Zoltan 
Balogh
Ein Mann kriecht durch einen Zaun an Ungarns Grenze zu Serbien; afrikanischer Migrant in Calais; britische 
Polizisten entdecken in Dover zwei Männer in einem Lkw; Kinder im Lager Traiskirchen bei Wien (v.l.o. im 
Uhrzeigersinn)
AFP/CSABA SEGESVARI; dpa/ London News And Pictures; REUTERS/ HEINZ-PETER BADER; dpa/ Zoltan 
Balogh
Ein Mann kriecht durch einen Zaun an Ungarns Grenze zu Serbien; afrikanischer Migrant in Calais; britische 
Polizisten entdecken in Dover zwei Männer in einem Lkw; Kinder im Lager Traiskirchen bei Wien (v.l.o. im 
Uhrzeigersinn)
AFP/CSABA SEGESVARI; dpa/ London News And Pictures; REUTERS/ HEINZ-PETER BADER; dpa/ Zoltan 
Balogh
Ein Mann kriecht durch einen Zaun an Ungarns Grenze zu Serbien; afrikanischer Migrant in Calais; britische 
Polizisten entdecken in Dover zwei Männer in einem Lkw; Kinder im Lager Traiskirchen bei Wien (v.l.o. im 
Uhrzeigersinn)
CSABA SEGESVARI
Zoltan Balogh
London News And Pictures
Breite Front gegen Flüchtlinge In Brüssel und ganz Europa wird die Hilfsbereitschaft Deutschlands gelobt. In 
vielen Ländern ist die Ablehnung von Migranten jedo...."
2015-08,Main Corpus,2015-08(50).ZIP,Bund muss Prognose bei Asylanträgen anheben Länder rechnen mit bis zu 600.000 Bewerbern in diesem Ja.PDF,C:\PythonProjects\AfD-project\Corpora\Main Corpus\2015-08\raw_unarchive\Bund muss Prognose bei Asylanträgen anheben Länder rechnen mit bis zu 600.000 Bewerbern in diesem Ja.PDF,Bund muss Prognose bei Asylanträgen anheben Länder rechnen mit bis zu 600.000 Bewerbern in diesem Jahr,bund muss prognose bei asylanträgen anheben länder rechnen mit bis zu 600000 bewerbern in diesem jahr,Die Welt,die welt,Donnerstag 6. August 2015,Manuel Bewarder,POLITIK; Politik; S. 6; Ausg. 181,688,5173,6160d6ff29e930f39d8e78eeec7bafdeccade065,,unique,keep,,no,,no,,,6616,no,,,,,"Der Bund rechnet in diesem Jahr mit mehr als 450.000 Asylanträgen. Das erfuhr die ""Welt"" aus Teilnehmerkreisen 
einer Telefonkonferenz von Vertretern von Bund und Ländern. Demnach erklärte die beamtete Staatssekretärin im 
Bundesinnenministerium, Emily Haber, dass die bisherige Prognose noch in diesem Monat nach oben korrigiert 
werde.
Die Innenminister der Länder hatten bereits in der vergangenen Woche eine Anhebung der voraussichtlichen 
Asylbewerberzahl gefordert. Hintergrund ist, dass interne Erhebungen über Zugangszahlen deutlich über die 
bisherigen Schätzungen hinausgehen. Länder und Kommunen verlangen eine neue Prognose, um notwendige 
Kapazitäten für Unterkunft und Versorgung im Herbst bereitstellen zu können. Das Bundesamt für Migration und 
Flüchtlinge (BAMF) geht bislang von 450.000 Asylanträgen in diesem Jahr aus. Nach Informationen der ""Welt"" 
rechnen mehrere Bundesländer aber damit, dass sich die Zahl auf 600.000 erhöhen könnte. Während man in den 
vergangenen Jahren in den Sommermonaten einen Rückgang bei den Zugangszahlen verzeichnete, gab es in 
diesem Jahr mehr Anträge.
Der Hauptgeschäftsführer des Städte- und Gemeindebundes, Gerd Landsberg, fordert ""eine Art EU-Marshallplan 
für die Balkanländer"". Sonst werde die hohe Zahl der Flüchtlinge aus diesen Staaten nicht sinken, sagte Landsberg 
der ""Bild""-Zeitung vom Mittwoch. ""Wir müssen für die Menschen in den Herkunftsländern Perspektiven schaffen"", 
betonte er. Die Balkanstaaten stehen im Fokus der Flüchtlingsdebatte, da rund die Hälfte aller Asylbewerber von 
dort kommt. Ihre Anträge haben in der Regel keine Aussicht auf Erfolg. Bund und Länder müssten zudem ""sofort 
ein nachhaltiges Flüchtlingskonzept"" auflegen, so Landsberg. Den Städten und Gemeinden stehe das Wasser bis 
zum Hals. Bestandteile des Konzeptes müssten die komplette Übernahme der Kosten für die Flüchtlinge durch den 
Bund sowie eine Ausnahmeregelung beim Baurecht sein. Landsberg: ""Wir brauchen schnell winterfeste 
Flüchtlingsunterkünfte."" Alles, was das verzögere, müsse ausgesetzt werden.

Bund muss Prognose bei Asylanträgen anheben Länder rechnen mit bis zu 600.000 Bewerbern in diesem Jahr 
und fordern ein nachhaltiges Flüchtlingskonzept
Sachsen will ähnlich wie Bayern ein zentrales Abschiebecamp für Flüchtlinge einrichten, die nur geringe 
Asylchancen haben. Das kündigte Ministerpräsident Stanislaw Tillich (CDU) in einem Interview im MDR an. Das 
Wort Abschiebecamp vermied er allerdings wie zuvor schon sein Landesinnenminister Markus Ulbig (CDU). Dieser 
hatte nach einem Besuch des Zeltlagers für Flüchtlinge in Dresden einem entsprechenden Vorschlag von Bayerns 
Ministerpräsident Horst Seehofer (CSU) zugestimmt. Die bayerische Regierung will Asylbewerber ohne 
Bleibeperspektive künftig in speziellen Aufnahmezentren unterbringen, um sie schneller abschieben zu können. Die 
Folge war eine bundesweite Welle der Kritik. Es gab aber auch Zuspruch.
Tillich erinnerte daran, dass die Bundesregierung die Länder aufgefordert habe, solche Einrichtungen zu schaffen: 
""Der Bund hat von vier Einrichtungen bundesweit gesprochen, die er selbst schaffen will, und die Länder 
aufgefordert, das Gleiche in ihren Ländern zu tun - dem folgen wir.""
Der Präsident des Zentralkomitees der deutschen Katholiken, Alois Glück, befürwortet die gesonderte 
Unterbringung von Flüchtlingen mit geringen Anerkennungschancen. Über eine solche Konzentration könnten die 
Asylverfahren schneller abgeschlossen werden, sagte Glück am Mittwoch im Deutschlandfunk. Er bezeichnete das 
Vorhaben als ""christlich"", eine Stigmatisierung könne er darin nicht erkennen. Wenn es um die Chancen gehe, in 
Deutschland zu bleiben, dürften den Flüchtlingen keine falschen Hoffnungen gemacht werden, betonte Glück. 
Diese Ehrlichkeit sei Teil einer christlichen Einstellung. Bei Asylsuchenden vom Westbalkan beispielsweise liege 
die Anerkennungsquote bei unter einem Prozent. Bis September soll in Bayern ein Sonderlager für bis zu 1500 
Flüchtlinge aus Balkanstaaten eingerichtet werden. Das Asylverfahren soll dort nicht länger als zwei Wochen 
dauern. Auch die Abschiebungen sollen schnell organisiert werden können.
Nach Ansicht des Europadirektors des UN-Flüchtlingshilfswerks (UNHCR) sollten ""Wirtschaftsmigranten"", die kaum 
Chancen auf Asyl haben, schneller in ihre Herkunftsländer zurückgebracht werden. ""Es braucht faire und effiziente 
Systeme, die Asylanträge schnell bearbeiten und nicht schutzbedürftige Menschen zurückschaffen"", sagte Vincent 
Cochetel der Deutschen Presse-Agentur.
In Deutschland sei dies allerdings ein Problem, sagte Cochetel. Dabei ""haben nur wenige europäische Länder in 
den vergangenen zwei Jahren so viel getan wie Deutschland"", so der UNHCR-Europadirektor. Laut Cochetel 
blockierten ""viele Asylsuchende aus dem Balkan aber das System, da sie keinen internationalen Schutz benötigen"". 
Sie sollten ""schneller zurückgeschafft werden, um Platz für wirklich Schutzbedürftige zu gewähren"". Nur so 
verstehe die Bevölkerung, dass diejenigen, die blieben, wirklich schutzbedürftig seien, so Cochetel. Für ihn ist das 
auch die beste Antwort an fremdenfeindliche Leute.
Original Gesamtseiten-PDF"
2015-08,Main Corpus,2015-08(50).ZIP,"Bund setzt auf Abschreckung, Berlin auf neues Konzept ASYL Bundesamt warnt in Anzeigen Balkan -Flüch.PDF","C:\PythonProjects\AfD-project\Corpora\Main Corpus\2015-08\raw_unarchive\Bund setzt auf Abschreckung, Berlin auf neues Konzept ASYL Bundesamt warnt in Anzeigen Balkan -Flüch.PDF","Bund setzt auf Abschreckung, Berlin auf neues Konzept ASYL Bundesamt warnt in Anzeigen Balkan -",bund setzt auf abschreckung berlin auf neues konzept asyl bundesamt warnt in anzeigen balkan,"taz, die tageszeitung",taz die tageszeitung,Mittwoch 12. August 2015,,INLAND; S. 6,319,2324,e8134c22d02de855f6f52f2a7197da6809930192,,unique,keep,,no,,no,,,3654,no,,,,,"BERLIN dpa/taz | Bundesinnenminister Thomas de Maizière (CDU) hat bei der Bearbeitung der hohen Zahl von 
Flüchtlingen weitere Unterstützung zugesagt. Bis Herbst sollen 100 zusätzliche Bundespolizisten nach Bayern 
kommen, um bei der Registrierung von Asylbewerbern zu helfen, sagte de Maizière am Dienstag beim Besuch der 
Bundespolizei in Deggendorf. Wir sind gefordert, aber nicht überfordert. Wir bekommen das hin. Flüchtlinge, die 
schutzbedürftig seien, sollten bleiben dürfen. Wer jedoch nicht schutzbedürftig ist , so der Minister, soll schnell das 
Land wieder verlassen. 
Das Bundesamt für Migration und Flüchtlinge setzt inzwischen auch auf Abschreckung: Mit Facebook-Anzeigen 
wendet es sich an Flüchtlinge in der Balkanregion. Darin rät Behörden-Chef Manfred Schmidt den Menschen davon 
ab, nach Deutschland zu fliehen. Flüchtlinge aus dem Balkan würden ab sofort deutlich schneller abgeschoben und 
könnten eine Wiedereinreisesperre erhalten. Auch sei eine Kürzung des Taschengeldes in der Diskussion.
Die Anzeigen sind auf Serbisch und Albanisch verfasst. Flüchtlinge aus der Balkanregion stellten im ersten Halbjahr 
2015 einen Großteil der Asylanträge: 80.000. Nur 0,2 Prozent werden anerkannt.
In Berlin setzte die rot-schwarze Landesregierung am Dienstag aufgrund der hohen Flüchtlingszahlen einen 
Koordinierungsstab ein. Nach zuletzt chaotischen Zuständen am Landesamt für Gesundheit und Soziales 
(LaGeSo), wo mehrere hundert Flüchtlinge auf ihre Registrierung warteten, soll es künftig weitere, dezentrale 
Erstaufnahmestellen geben.
 Wir sind in einer schwierigen Situation, aber wir sind noch nicht in einer Krisensituation , sagte Bürgermeister 
Michael Müller (SPD). Bis 2012 kamen nur 1.500 bis 1.800 Flüchtlinge jährlich nach Berlin. In diesem Jahr rechnet 
der Senat mit bis zu 35.000 Flüchtlingen. Müller sprach sich dennoch gegen den Vorschlag aus, im Bundesrat eine 
Initiative zu weiteren sicheren Herkunftsländern zu starten. Das individuelle Asylrecht müsse erhalten bleiben. 
Müller fordert stattdessen ein Einwanderungsgesetz. Wir brauchen es dringend, und wir brauchen es schnell. 
Stefan Alberti
 Wir sind gefordert, aber nicht überfordert 

Bund setzt auf Abschreckung, Berlin auf neues Konzept ASYL Bundesamt warnt in Anzeigen Balkan -
Flüchtlinge. Berlin startet neue Registrierung"
2015-08,Main Corpus,2015-08(50).ZIP,CDU führt Debatte über Flüchtlinge.PDF,C:\PythonProjects\AfD-project\Corpora\Main Corpus\2015-08\raw_unarchive\CDU führt Debatte über Flüchtlinge.PDF,CDU führt Debatte über Flüchtlinge,cdu führt debatte über flüchtlinge,Rheinische Post,rheinische post,Donnerstag 6. August 2015,NORBERT KLEEBERG,LOKALES,338,2395,6ba72554790cda27d682147649843ddc43b0be73,,unique,keep,,no,,no,,,3371,no,,,,,"NORBERT KLEEBERG
Hösel Das Thema bewegt die Menschen zutiefst. Und es wird Bürger und Politik auch in den kommenden Monaten 
sehr intensiv beschäftigen. Um die Lage der Flüchtlinge und deren Unterbringung in den Städten geht es am 
kommenden Freitag, 7. August, um 19 Uhr bei der Stiftung Haus Oberschlesien, Bahnhofstraße 71. Für 2015 
werden 450 000 neue Asylanträge in Deutschland erwartet. Damit werden die Zahlen der 1990er Jahre erreicht, als 
der Umgang mit Flüchtlingen zu erregten Debatten und gewaltsamen Auseinandersetzungen führte. ""Zuwanderung 
und Integration sind seit mehreren Monaten die großen Herausforderungen, die die Bürger am meisten bewegen"", 
urteilt CDU-Chefin Melanie Meyer. Es brauche vorausschauende politische Antworten auf die Flüchtlingskrise, auf 
Einwanderung und die damit verbundenen gesellschaftlichen Veränderungen, betont sie und freut sich, dass es der 
CDU gelungen ist, zum Thema der Flüchtlingssituation in Ratingen und den Herausforderungen für Land, Bund und 
Europa vier Fachpolitiker einzuladen. Es diskutieren: Herbert Reul, Mitglied des Europäischen Parlaments und 
Vorsitzender der CDU/CSU-Gruppe im Europäischen Parlament, Peter Beyer, Mitglied des Deutschen 
Bundestages, Berichterstatter der CDU/CSU Fraktion im Deutschen Bundestag für den Westbalkan, Dr. Wilhelm 
Droste, Mitglied des Landtages NRW und Justiziar der CDU-Fraktion, sowie Rolf Steuwe, Erster Beigeordneter der 
Stadt Ratingen.
Der Hilferuf der Bezirksregierung Düsseldorf hat nun vollendete Tatsachen geschaffen: 132 Flüchtlinge sind am 
vergangenen Wochenende in Ratingen angekommen (die RP berichtete). Sie leben nun in Räumen der Elsa-
Brandström-Schule am Karl-Mücher-Weg in Ratingen Süd.
Bis zu 90 Personen waren in den Spitzenzeiten im Einsatz, ""um ehrlich zu sein, wir sind alle ziemlich erschöpft"", 
befand Rolf Steuwe bei einer Informationsveranstaltung im städtischen Seniorentreff Süd. Einige Flüchtlinge seien 
traumatisiert, es gebe schwangere Frauen und Säuglinge in der Gruppe, rund ein Drittel der Flüchtlinge seien 
Kinder und Jugendliche. Wie lange die Menschen in Ratingen bleiben werden, ist offen. Offiziell habe die 
Bezirksregierung verlauten lassen, dass es sich um rund drei Wochen handele, doch davon geht bei der Stadt 
niemand aus. Das Land sei mit der Organisation ""ein Stück weit"" überfordert, urteilte Steuwe.

CDU führt Debatte über Flüchtlinge"
2015-08,Main Corpus,2015-08(50).ZIP,Das Proletariat von morgen In der Debatte über Flüchtlinge scheint unser Urteilsvermögen durch Mitle.PDF,C:\PythonProjects\AfD-project\Corpora\Main Corpus\2015-08\raw_unarchive\Das Proletariat von morgen In der Debatte über Flüchtlinge scheint unser Urteilsvermögen durch Mitle.PDF,Das Proletariat von morgen; In der Debatte über Flüchtlinge scheint unser Urteilsvermögen durch Mitleid,das proletariat von morgen in der debatte über flüchtlinge scheint unser urteilsvermögen durch mitleid,Die Welt,die welt,Dienstag 25. August 2015,Henryk M. Broder,FORUM; Essay; S. 2; Ausg. 197,1021,7087,22f95b632c0f3c3e6e67876903468675e58028bf,,unique,keep,,no,,no,,,8465,yes,commentary_noncore,,,,"Es war abzusehen, dass die Bereitschaft, Flüchtlinge willkommen zu heißen, sich umgekehrt proportional zu der 
Zahl derjenigen entwickeln würde, die darauf hoffen, in Deutschland aufgenommen zu werden. Angesichts der 
jüngsten Prognosen des Innenministers, der mit 800.000 Antragstellern in diesem Jahr rechnet, klingen die 
Zusicherungen, wir wären ""gefordert, aber nicht überfordert"", zunehmend hohl. Da ist ein Bürgermeister, der leer 
stehende Gebäude beschlagnahmen will, um sie zu Flüchtlingsheimen umzubauen, auch gegen den Widerstand 
der Besitzer. Ein Ministerpräsident möchte die Flüchtlinge im verödeten Osten ansiedeln, ein anderer schlägt vor, 
die Schutzsuchenden nach ""Ethnien"" zu separieren, um Konflikte in den ""Aufnahmeeinrichtungen"" zu vermeiden. 
Sunniten und Schiiten, Kurden und Jesiden, Afghanen und Iraker, Äthiopier und Eritreer. Eine Aufgabe, an der 
auch Experten, die immer wieder behaupten, den ""einen Islam"" gebe es nicht, scheitern müssten. Dann sind da 
noch diejenigen, die Albanien, Montenegro und das Kosovo zu ""sicheren"" Herkunftsländern erklären wollen, wohl 
wissend, dass sie damit keinen Albaner, keinen Montenegriner und keinen Kosovaren von der Flucht abhalten 
würden. Es geht nur darum, die Abschiebeverfahren zu vereinfachen.
Den Bürokraten, die glauben, jedes Problem auf dem Verwaltungsweg lösen zu können, stehen die Gutwilligen 
gegenüber, die jedem Flüchtling erlauben würden, sofort nach seiner Ankunft in der Bundesrepublik eine Arbeit 
anzunehmen. Integration durch Beschäftigung mag in der Theorie eine gute Idee sein, in der Praxis taugt sie so viel 
wie die Verteilung von ""Bildungsgutscheinen"" an die Angehörigen bildungsferner Schichten. Welche Arbeit sollen 
die Flüchtlinge denn annehmen? Als Tellerwäscher bei McDonald's, Fremdenführer in Neukölln, Türsteher in 
Duisburg-Marxloh? Unqualifizierte Arbeitslose haben es jetzt schon schwer, einen Job zu finden, der ihnen ein 
Existenzminimum garantiert, und der Arzt aus Syrien, der uns immer wieder in den ""Tagesthemen"" und dem ""Heute 
Journal"" als Vorbild präsentiert wird, müsste erst einmal eine Weile nachsitzen, bevor er in einem Krankenhaus 
Patienten behandeln darf. Kein Mensch wird sich, nur um seine Fremdenfreundlichkeit zu demonstrieren, den 
Blinddarm oder die Mandeln von einem Arzt rausnehmen lassen, mit dem er sich nicht in einer Sprache unterhalten 
kann, die beiden geläufig ist.

Das Proletariat von morgen; In der Debatte über Flüchtlinge scheint unser Urteilsvermögen durch Mitleid 
getrübt zu sein. Dabei wäre jetzt Vernunft gefragt
Was wir derzeit importieren, sind nicht nur ""ethnische"", also kulturelle und religiöse Konflikte, sondern, um mit Marx 
zu reden, auch eine ""industrielle Reservearmee"", für die es keine Beschäftigung gibt und keine geben wird, das 
Lumpenproletariat von morgen und übermorgen. Was unser Urteilsvermögen trübt, sind die Bilder, die wir täglich 
sehen: von der griechisch-mazedonischen Grenze, aus Calais am Ärmelkanal, aus Freital und Heidenau in 
Sachsen. Wer angesichts solcher Bilder kein Mitleid empfindet, der hat kein Herz, wer aber nur Mitleid empfindet, 
von dem er sich mit einer Spende befreit, der hat keinen Verstand.
Wir brauchen Einwanderung, so tönt es von allen Seiten, weil wir nicht genug Facharbeiter haben. Und weil die 
demografische Entwicklung nichts Gutes verheißt. Was aber verheißt eine demografische Entwicklung, deren 
Folgen wir heute schon in den ""sozialen Brennpunkten"" und No-go-Vierteln der Städte studieren können? Leider 
hat das Argument, die Einwanderer würden uns ""bereichern"", inzwischen ausgedient. Bund, Länder und 
Gemeinden streiten darüber, wer und in welchem Umfang für die Kosten der Einwanderung aufkommen soll. Allein 
in diesem Jahr könnten es rund zehn Milliarden Euro werden. Peanuts, verglichen mit den Summen, die in 
Griechenland versenkt wurden. Man sollte nur wissen, dass die Betreuung eines minderjährigen Zuwanderers 
60.000 Euro pro Jahr kostet, das ist mehr, als ein Facharbeiter im Jahr verdient.
Der Jugendliche bekommt nur ein Taschengeld, von dem er Zigaretten und Prepaid-Karten für sein Mobiltelefon 
kaufen kann. Der Rest verteilt sich auf den Ankauf von Wohncontainern, die Anmietung von Wohnungen und 
Häusern, den Unterhalt sozialer Netzwerke, die sich um die alleinstehenden Jugendlichen kümmern. Rund um die 
Bedürfnisse und Nöte der Migranten ist eine Industrie entstanden, die kaum in der Lage ist, die Nachfrage zu 
befriedigen. Die Hersteller von Zelten und Schlafsäcken kommen mit der Produktion nicht nach, pensionierte 
Beamte müssen reaktiviert werden. Wer eine Bruchbude sein Eigen nennt, bietet sie der Stadtverwaltung als 
Notunterkunft an. Praktizierte Nächstenliebe hat ihren Preis. Und weil all das nicht reicht, lassen die Medien immer 
öfter Migranten zu Wort kommen, die nicht dankbar, sondern enttäuscht sind. So habe er sich Deutschland nicht 
vorgestellt, klagte vor Kurzem ein Syrer auf ""Welt online"", der kein Wort Deutsch und nur gebrochen Englisch 
sprach. Wie dann, ist man versucht zu fragen, wie dann? Ein Paradies, in dem Milch und Honig fließen, die 
Menschen ihr Geld im Schlaf verdienen und nur darauf warten, ihren Wohlstand mit Millionen von Flüchtlingen zu 
teilen? Daran, dass ein solcher Eindruck überhaupt entstehen konnte, sind ""wir"" nicht unschuldig. Spätestens seit 
dem ""Sommermärchen"" von 2006 präsentiert sich Deutschland gerne als ein Land, in dem mehr gefeiert als 
gearbeitet wird. Gastfreundlich, tolerant, weltoffen und - reich. Ein Tischleindeckdich mit angeschlossenem 
Cateringservice.
Es ist noch nicht lange her, da hat das Bundesamt für Migration und Flüchtlinge einen 17 Minuten langen Infofilm 
über ""Das deutsche Asylverfahren"" produziert und auf seiner Homepage online gestellt. Der Protagonist ist ein 
Iraker, der in Deutschland Asyl beantragen möchte, weil er in seiner Heimat verfolgt wurde. Wie und warum, bleibt 
ungesagt. Mit einem Koffer in der Hand steht er eines Tages vor einer ""Aufnahmeeinrichtung"" für Flüchtlinge, allein 
auf weiter Flur. ""Endlich angekommen"", sagt er, ""ich bin gespannt, was mich hier erwartet."" Eine Mitarbeiterin des 
Bundesamtes für Migration geht auf ihn zu und sagt: ""Guten Morgen, wie kann ich Ihnen helfen?"" So geht es 
weiter. Überall, wo der junge Mann hinkommt, wird er von freundlichen Helfern im Empfang genommen, die ihn 
individuell betreuen. Eine Geschichte, die Claus Kleber garantiert zu Tränen rühren würde. Der aufwendig 
hergestellte Film wurde in neun Sprachen synchronisiert, unter anderem Albanisch, Arabisch, Serbisch und 
Paschtu, und mit Mitteln aus einem EU-Fonds gefördert. Wer das Werk gesehen hat, der kann gar nicht anders, als 
sich auf den Weg nach Deutschland zu machen. Wo ihn eine Mitarbeiterin des Bundesamtes für Migration mit dem 
Satz begrüßen wird: ""Es tut uns sehr leid, wir haben wegen Überfüllung geschlossen.""
Original Gesamtseiten-PDF
Graphic
 
Das Proletariat von morgen; In der Debatte über Flüchtlinge scheint unser Urteilsvermögen durch Mitleid 
getrübt zu sein. Dabei wäre jetzt Vernunft gefragt
M. Lengemann"
2015-08,Main Corpus,2015-08(50).ZIP,"Der Flüchtling als Kostenfaktor Finanzierung Die Bundesländer verlangen, dass sich der Bund stärker.PDF","C:\PythonProjects\AfD-project\Corpora\Main Corpus\2015-08\raw_unarchive\Der Flüchtling als Kostenfaktor Finanzierung Die Bundesländer verlangen, dass sich der Bund stärker.PDF","Der Flüchtling als Kostenfaktor Finanzierung Die Bundesländer verlangen, dass sich der Bund stärker an den",der flüchtling als kostenfaktor finanzierung die bundesländer verlangen dass sich der bund stärker an den,"taz, die tageszeitung",taz die tageszeitung,Freitag 21. August 2015,Anja Krüger,SCHWERPUNKT; S. 2,533,3695,e6e5bf973ffc80bb2c667c0e25c1dc22f3027767,,unique,keep,,no,,no,,,5198,no,,,,,"von Anja Krüger
Berlin taz | Die neuen Prognosezahlen für die in diesem Jahr erwarteten Flüchtlinge heizen den Streit über die 
Kostenaufteilung zwischen Bund, Ländern und Kommunen an. Der Bund soll sich stärker an der Finanzierung 
beteiligen, fordern Länder und Gemeinden.
Am Donnerstag hatte Bundesinnenminister Thomas de Maizière (CDU) erklärt, dass die Bundesregierung für 
dieses Jahr bis zu 800.000 Geflohene erwartet. Damit würden fast viermal so viele Menschen nach Deutschland 
kommen wie im Vorjahr. 2014 lagen die Ausgaben für Menschen auf der Flucht bundesweit bei schätzungsweise 
2,2 Milliarden Euro. Bislang tragen vor allem die Länder und Kommunen die Kosten. Der Bund hat zugesagt, dass 
er sich mit einer Milliarde Euro beteiligen will. NRW-Ministerpräsidentin Hannelore Kraft (SPD) und andere fordern 
eine Erhöhung des Bundesanteils. Ihre rheinland-pfälzische Amtskollegin Malu Dreyer (SPD) verlangte vom Bund 
eine Pauschale von 750 Euro im Monat pro Flüchtling.
Vorerst bewegt sich die Bundesregierung aber nicht. Über weitere Gelder werde erst beim nächsten 
Flüchtlingsgipfel entschieden, sagte ein Sprecher des Bundesinnenministeriums. Zunächst müsse eine empirische 
Grundlage für eine Entscheidung geschaffen werden.
Das ist nicht leicht. Denn wie viel genau die Versorgung der Geflohenen kostet, weiß keiner. Am Donnerstag hatte 
die FAZ gemeldet, die für 2015 zu erwartenden Ausgaben würden bei 10 Milliarden Euro liegen das ist offenbar 
über den Daumen gepeilt. Der Deutsche Landkreistag geht von 8 Milliarden Euro aus. Der Städte- und 
Gemeindebund will überhaupt keine Schätzung abgeben. Die regionalen Gegebenheiten und individuelle Lage der 
Flüchtlinge sei zu unterschiedlich, hier es.

Der Flüchtling als Kostenfaktor Finanzierung Die Bundesländer verlangen, dass sich der Bund stärker an den 
Ausgaben für Asylbewerber beteiligt. Doch die Kommune....
Die genauesten Zahlen liegen aus Bayern vor. Der Freistaat ist das einzige Land, das den Kommunen die 
entstandenen Ausgaben komplett erstattet. Wir gehen zurzeit von Kosten von 1.300 Euro pro Monat und Person 
aus , sagte eine Sprecherin des bayrischen Sozialministeriums. Momentan werden in Bayern 80.000 Geflohene 
versorgt. Im Jahr 2014 gab Bayern 410,8 Millionen Euro für Flüchtlinge aus.
In anderen Länder bekommen die Gemeinden ihre Ausgaben prozentual oder als Pauschale erstattet. Nach 
Angaben der Verbände der Kommunen ist das selten kostendeckend. Wie viel Geld wofür ausgegeben wird, ist 
vielerorts nicht exakt erfasst. Das SPD-geführte Innenministerium in NRW etwa hat gerade eine Umfrage unter den 
Kommunen gestartet, um zu erfahren, wie viel Geld für welche Leistungen sie ausgeben.
 Bund, Länder und Kommunen müssen sich die Kosten angemessen teilen , forderte Birgit Naujoks, 
Geschäftsführerin des Flüchtlingsrats NRW. Dass die Kommunen komplett entlastet werden, hält sie für falsch. 
Dann haben sie keine Anreize mehr, die Lage für die Flüchtlinge zu verbessern , sagte sie. Leben Flüchtlinge in 
Heimen und kosten die Gemeinden nichts, haben die auch kein Interesse, Wohnungen für die neuen Einwohner zu 
finden. Entlastungen müssen mit der Verpflichtung verbunden werden, dass das Geld auch bei den Flüchtlingen 
ankommt , forderte Naujoks.
Kommunen profitierten auch von der Zuwanderung. Die Kaufkraft vor Ort wird massiv gestärkt, gerade in 
entlegenen Gegenden , sagte sie. Denn die Menschen kaufen im Umland ein. Außerdem werden die Unterkünfte 
meist mit Speisen aus der Region beliefert.
Meinung + Diskussion SEITE 12
 Die Kaufkraft vor Ort wird massiv gestärkt 
Flüchtlinge
Kasse geht vor Humanität: Bund, Länder und Gemeinden streiten ums Geld, das die Asylbewerber kosten"
2015-08,Main Corpus,2015-08(50).ZIP,"Der Montag ist Spitzentag Etwa 175 Flüchtlinge erreichen täglich Berlin, bis Jahresende fehlen noch.PDF","C:\PythonProjects\AfD-project\Corpora\Main Corpus\2015-08\raw_unarchive\Der Montag ist Spitzentag Etwa 175 Flüchtlinge erreichen täglich Berlin, bis Jahresende fehlen noch.PDF","Der Montag ist Spitzentag Etwa 175 Flüchtlinge erreichen täglich Berlin, bis Jahresende fehlen noch 8 000",der montag ist spitzentag etwa 175 flüchtlinge erreichen täglich berlin bis jahresende fehlen noch 8 000,Berliner Zeitung,berliner zeitung,01. August 2015,Frank Junghänel,MAG; S. AM03,257,1848,d7d05446cae5b8b17f3154ca3e85513561ab85bf,,unique,keep,,no,,no,,,2938,no,,,,,"VON ANJA KÜHL (GRAFIK) UND FRANK JUNGHÄNEL (REDAKTION) 
 Die Debatte um Flüchtlinge in Deutschland ist vergiftet mit Worten wie ""Armutsmigranten"", 
""Belastbarkeitsgrenze"" ""Massenmissbrauch"", ""Abschiebelager"". Es sind Begriffe, die Wirkung erzielen. Im ersten 
Halbjahr verzeichnete das Bundesinnenministerium 202 Angriffe auf Flüchtlingsunterkünfte. Im Schnitt heißt das 
täglich ein Brandsatz, ein Pflasterstein, eine Hassparole. Auch das gehört inzwischen zur Willkommenskultur. Der 
hässliche Deutsche hat tasächlich wieder ein Gesicht, fast jeden Abend ist es in der ""Tagesschau"" zu sehen, ob in 
Freital, Marzahn oder Dresden, wo die Leute mit vollen Taschen und leeren Herzen auf die Ankommenden 
herabsehen. So ist das Flüchtlingsproblem längst zum Einheimischenproblem geworden, bei dem die Floskel vom 
""besorgten Bürger"" und seiner ""Angst vor Überfremdung"" nichts anderes als die Angst vor den Armen der Welt 
meint. Die Armen und die Verfolgten, sie werden auch künftig kommen. Allein in Berlin wurden im Juli mehr als 3 
500 Flüchtlinge registriert, das waren etwa 175 Menschen am Tag, montags, nach den Wochenenden, kamen 
manchmal sogar weit mehr. Der Senat rechnet damit, dass bis zum Jahresende noch einmal mindestens 10 000 
Asylbewerber in der Stadt eintreffen, was heißt, dass 8 000 weitere Wohnplätze benötigt werden. 
 Der Begriff Asyl geht auf das griechische Wort súlos zurück was so viel wie unberaubt, sicher bedeutet. Das Asyl 
für politisch Verfolgte ist in Deutschland ein Grundrecht, das in Artikel 16 a Grundgesetz verankert ist. 
Notsituationen wie Armut, Bürgerkriege, Naturkatastrophen oder Perspektivlosigkeit sind als Gründe für eine 
Asylgewährung ausgeschlossen. Die meisten Asylsuchenden in Deutschland werden nicht nach Artikel 16a GG 
anerkannt, sondern als Flüchtlinge nach der Genfer Flüchtlingskonvention."
2015-08,Main Corpus,2015-08(50).ZIP,Deutsche zufrieden mit Asylpolitik Wähler blicken gelassen auf Zuwanderung.PDF,C:\PythonProjects\AfD-project\Corpora\Main Corpus\2015-08\raw_unarchive\Deutsche zufrieden mit Asylpolitik Wähler blicken gelassen auf Zuwanderung.PDF,Deutsche zufrieden mit Asylpolitik Wähler blicken gelassen auf Zuwanderung,deutsche zufrieden mit asylpolitik wähler blicken gelassen auf zuwanderung,Der Tagesspiegel,der tagesspiegel,Samstag 22. August 2015,,POLITIK; S. 4; Ausg. 22498,391,2737,00f360ff52c10050559990cfd5319b0f2f728dee,,unique,keep,,no,,no,,,3672,no,,,,,"Berlin - Trotz der wachsenden Zahl von Flüchtlingen und Asylbewerbern sehen die Deutschen die damit 
verbundenen Probleme offenbar nüchterner als noch vor Wochen. 60 Prozent der Befragten im aktuellen 
Politbarometer im Auftrag von ZDF und Tagesspiegel sind der Meinung, dass die Bundesrepublik die 
Flüchtlingszahlen bewältigen könne. 37 Prozent sind davon nicht überzeugt. Im Juli lautete das Verhältnis noch 54 
zu 41 Prozent. Allerdings ist im Osten fast die Hälfte der Bürger der Ansicht, Deutschland könne so viele 
Flüchtlinge nicht verkraften. Das Thema beherrscht die Meinungsbildung derzeit massiv: 80 Prozent nennen es als 
aktuell größtes Problem.
Eine deutliche Mehrheit der Befragten befürwortet, zwischen den Gruppen von Ankömmlingen zu unterscheiden. 74 
Prozent der Befragten plädieren dafür, bei der Unterbringung und dem Asylverfahren danach zu differenzieren, wie 
groß die Chancen auf einen Verbleib sind. Will heißen: Kriegsflüchtlinge aus Syrien etwa sollen anders behandelt 
werden als Ankommende vom Westbalkan, die in aller Regel ohne Aussicht auf Asyl sind. Mehrheiten dafür gibt es 
in allen Parteilagern, sie reichen von 90 Prozent bei FDP-Anhängern über 78 Prozent bei Unions-Anhängern, 73 
Prozent bei den Sozialdemokraten bis hin zu etwa zwei Dritteln bei potenziellen Linken- und Grünen-Wählern. Den 
Vorschlag vor allem von Unionsseite, den Asylbewerbern statt Bargeld mehr Sachleistungen zukommen zu lassen, 
halten zwar 69 Prozent für richtig - allerdings glauben nur 35 Prozent, dass sich damit auch der Zweck, die Zahl der 
Flüchtlinge zu verringern, erreichen lässt.
Die relative Gelassenheit lässt sich wohl damit erklären, dass eine verstärkte Einwanderung immer stärker als 
notwendig angesehen wird. 86 Prozent der Befragten halten Deutschland, mittlerweile für ein ""Einwanderungsland"". 
Im April waren es noch 78 Prozent. Nahezu zwei Drittel der Bürger sagten, das Land brauche Arbeitskräfte aus 
dem Ausland für seine Zukunftsfähigkeit. Ein Drittel sieht das nicht so (wobei auch hier der Osten skeptischer 
denkt, dort lehnen 41 Prozent mehr Ausländer ab). Doch wird auch hier differenziert: Einwanderung von außerhalb 
der Europäischen Union wird offenbar kritischer gesehen. 77 Prozent sind für ein Einwanderungsgesetz, um den 
Zuzug von Arbeitskräften zu steuern.
Angesichts des eher unaufgeregten Meinungsbildes zur Migration schlägt die Debatte kaum auf die Wahlabsichten 
durch: Wäre am Sonntag Bundestagswahl, läge die Union weiter deutlich vorn mit 42 Prozent, die 

Deutsche zufrieden mit Asylpolitik Wähler blicken gelassen auf Zuwanderung
Sozialdemokraten könnten mit 26 Prozent rechnen, die Grünen mit zehn und die Linken mit neun Prozent. Die AfD 
rutscht weiter ab. Albert Funk"
2015-08,Main Corpus,2015-08(50).ZIP,Es fehlen flexible Integrationsverfahren.PDF,C:\PythonProjects\AfD-project\Corpora\Main Corpus\2015-08\raw_unarchive\Es fehlen flexible Integrationsverfahren.PDF,Es fehlen flexible Integrationsverfahren,es fehlen flexible integrationsverfahren,Berliner Zeitung,berliner zeitung,15. August 2015,,LB; S. 13,515,3926,d0f3fa3143549516f161b17ff0e706b522e0b8a1,,unique,keep,,no,,no,,,4689,no,,,,,"Fachkräfte sollten nicht jahrelang warten müssen 
 Politik: Berichterstattung über den Zustrom von Flüchtlingen: 
 Das Gerede, dass Deutschland kein Einwanderungsland sei, war schon immer abwegig. Die Zahl der 
Flüchtlinge, Auswanderer, Asylsuchenden nach Deutschland und Berlin wird nicht mehr zurückgehen. Jede Politik, 
die nicht sofort konstruktiv sicherstellt, dass für diese Menschen annehmbare Aufenthaltsbedingungen herrschen, 
macht sich schuldig. Umfassende neue gesetzliche Regelungen sowie neue flexible Integrationsverfahren sind 
notwendig. Es ist sinnlos, z. B. einen syrischen Apotheker oder Mechaniker monate- oder jahrelang auf einen 
Sprachkurs, erste Praktika oder eine Arbeitsstelle warten zu lassen. Für die Aufnahme, Versorgung und Betreuung 
sowie Integration der Neuankömmlinge muss in großer Zahl Personal eingestellt werden. Das Konzept der 
Abschreckung durch menschunwürdige oder unannehmbare Zustände, das Zuwanderer letztlich fast kriminalisiert, 
ist verwerflich. Menschlich und politisch besonders schändlich ist es, Kinder - egal, warum sie hier sind - nicht sofort 
in den starken Arm des Staates und der Gemeinschaft aufzunehmen. Kinder und deren Eltern sowie gut 
qualifizierte oder ausbildungswillige jüngere Menschen könnten bei dem gebotenen Umsteuern mit etwas gutem 
Willen und unter den genannten Voraussetzungen rasch in unsere derzeit von Rentnerinteressen, irrationalen 
Überfremdungsängsten und von der Untätigkeit bestimmter Parteien dominierte Gesellschaft integriert werden. Dr. 
Hartmut A. Grams, Berlin-Zehlendorf 
 Flüchtlingen schnell reinen Wein einschenken 
 Meinung: ""Nicht reden, tun!"" von Brigitte Fehrle (29. Juli): 
 Werte Frau Fehrle, Sie sind also zornig, insbesondere auf Herrn de Maiziére wegen seiner Warnung vor einem 
Kollaps des Asylsystems. Aber hat er nicht recht? Seit Jahrzehnten ergießt sich ein Flüchtlingsstrom in unser Land, 
aber die Warnungen vor diesem Problem wurden als Unkenrufe abgetan. Als die Bevölkerung unruhig zu werden 
begann, erklärten uns unsere Regierenden einfach zum Einwanderungsland, ohne jemals die Bevölkerung zu 
fragen. Diejenigen, die diese Politik kritisieren, werden als Rassisten, braune Brut usw. beschimpft. 
 Die von den Medien vielgepriesene Willkommenskultur besteht darin, dass die Flüchtlinge in 
Bienenwabencontainern, überfüllten Turnhallen und Zeltstädten campieren müssen und mit abgelegten Kleidern 
und Gegenständen beglückt werden. Man muss den Flüchtlingen so schnell wie möglich reinen Wein einschenken. 
Wer kann bleiben, wer nur für eine bestimmte Zeit, und wer muss wieder zurück in sein Herkunftsland. Wenn der 

Es fehlen flexible Integrationsverfahren
Betreffende für eine Integration vorgesehen ist, dann nur unter der Bedingung, dass er die Vorgaben für eine 
erfolgreiche Integration erfüllt. 
 Die USA waren es, die im Nahen Osten mit ihren geostrategischen Hegemonialbestrebungen Krieg und 
Aufstände ausgelöst und die Länder zerrüttet haben. Sie sitzen auf ihrem sicheren Kontinent und lachen sich eins 
ins Fäustchen, dass ihr geliebter Feind Europa die verheerenden Folgen dieser Politik stemmen muss. Der 
afrikanische Kontinent, der seine Menschen ernähren könnte, wurde und wird von ausländischen Mächten 
ausgebeutet, die sich einen Dreck um die einheimische Bevölkerung kümmern. Ich bin zornig über die 
Waffenlieferungen auch aus Deutschland. Es macht mich zornig, dass diese Kriege und deren Folgen nicht die 
Regierenden oder Lobbyisten jeglicher Waffencouleur bezahlen, sondern der kleine Steuerzahler. 
 Der Weggang junger, gut ausgebildeter Fachkräfte verstärkt die Probleme in ihren Ländern und destabilisiert sie 
noch weiter. 
 Ich bin zornig darüber, wie viele sich eine goldene Nase an den Flüchtlingen verdienen, als da sind Schleuser, 
Ticketverkäufer, Heimbetreiber, Hoteliers, Vermieter, Betriebe (Schwarzarbeit) und viele mehr. Ingeborg 
Herrklotsch, Berlin-Hellersdorf"
2015-08,Main Corpus,2015-08(50).ZIP,Es trifft vor allem Roma Erich Rathfelder über die Kampagne gegen Balkan -Flüchtlinge.PDF,C:\PythonProjects\AfD-project\Corpora\Main Corpus\2015-08\raw_unarchive\Es trifft vor allem Roma Erich Rathfelder über die Kampagne gegen Balkan -Flüchtlinge.PDF,Es trifft vor allem Roma Erich Rathfelder über die Kampagne gegen Balkan -Flüchtlinge,es trifft vor allem roma erich rathfelder über die kampagne gegen balkan flüchtlinge,"taz, die tageszeitung",taz die tageszeitung,Donnerstag 13. August 2015,Erich Rathfelder,MEINUNG UND DISKUSSION; S. 12,291,2002,07677a0b5a8401d2eed595a93f8642ea468f147e,,unique,drop,commentary_noncore,no,,no,,,2833,yes,commentary_noncore,,,,"Erich Rathfelder über die Kampagne gegen Balkan-Flüchtlinge
Eigentlich rennt das Bundesamt für Migration und Flüchtlinge in Ländern wie Mazedonien, Albanien, Kosovo und 
Montenegro offene Türen ein, wenn es jetzt in Anzeigen vor Ort darauf hinweist, dass es für Balkanleute kaum Sinn 
ergibt, nach Deutschland zu fliehen. Die Asylanträge würden ja ohnehin abgelehnt.
Das hat sich inzwischen vor Ort längst herumgesprochen. Seit März ist die Fluchtwelle aus dem Kosovo signifikant 
zusammengeschrumpft. In Nordalbanien sind zwar immer noch Schlepper aktiv, die den Leuten Manna vom 
Himmel versprechen, wenn sie sich auf den Weg nach Deutschland machen. Doch auch dort ist bekannt geworden, 
dass viele der zurückgekehrten Flüchtlinge aus dem Kosovo nun ärmer dran sind als zuvor. Diese Fluchtwelle hat 
ihren Höhepunkt längst überschritten. Aus Bosnien und Serbien war sie ohnehin nicht besonders hoch. Den 
meisten Flüchtlingen ging es nicht um ein Taschengeld und um Rumhängerei in Flüchtlingsheimen, die Leute 
hatten die Hoffnung, Arbeit und eine Perspektive für sich und ihre Kinder zu finden. Dafür gibt es keine Aussicht. 
Das macht das Bundesamt im Namen der Bundesrepublik Deutschland jetzt allen klar.
Wenn das Bundesamt aber jetzt die Kürzung der Taschengelder und Wiedereinreisesperren für Asylbewerber in 
Erwägung zieht, dann zielt das nicht auf alle Flüchtlinge, sondern vor allem auf die Roma, die angesichts ihrer 
Ausgrenzung aus den Gesellschaften des Balkans jeden Strohhalm ergreifen, um überleben zu können. Das 
Taschengeld eines Asylbewerbers hilft den Familien am Ursprungsort, wenigstens nicht zu verhungern, Roma sind 
es, die nach der Ausweisung alles versuchen, um wieder einzureisen.
Man sollte im Bundesamt wenigstens Ross und Reiter nennen und nicht pauschal die Flüchtlingsgefahr aus dem 
Balkan beschwören. In diesem Fall müsste das Bundesamt konstruktiv über eine deutsche Roma- und 
Einwanderungspolitik nachdenken. Aber das ist wohl zu viel verlangt.
Inland SEITE 6"
2015-08,Main Corpus,2015-08(50).ZIP,EU will Ungarn helfen Kommission bietet Geld für Flüchtlingslager - Zustrom hält an.PDF,C:\PythonProjects\AfD-project\Corpora\Main Corpus\2015-08\raw_unarchive\EU will Ungarn helfen Kommission bietet Geld für Flüchtlingslager - Zustrom hält an.PDF,EU will Ungarn helfen Kommission bietet Geld für Flüchtlingslager - Zustrom hält an,eu will ungarn helfen kommission bietet geld für flüchtlingslager  zustrom hält an,Südwest Presse,südwest presse,Mittwoch 26. August 2015,,Politik; S. 2,381,2716,f168970ef61da2f0014f6a9ce1f414e9db53b822,,unique,keep,,no,,no,,,4241,no,,,,,"Wenige Tage vor der Fertigstellung eines Grenzzauns zur Abschreckung von Flüchtlingen kämpft Ungarn mit 
einem großen Andrang von Asylsuchenden. Wie die ungarische Polizei gestern mitteilte, reisten am Montag fast 
2100 Flüchtlinge über Serbien ein - so viele wie noch nie an einem Tag.
Die Flüchtlinge, denen der Grenzübertritt nahe des südungarischen Dorfs Röszke gelang, gehören offenbar zu 
jenen Menschen, deren Flucht in die EU vergangene Woche blockiert worden war, weil Mazedonien seine Grenze 
zu Griechenland vorübergehend geschlossen hatte.
Die EU-Kommission will Ungarn nun durch den Bau eines großen Aufnahmelagers helfen. ""Wir sind bereit, in 
Ungarn einen ,hot spot' zu schaffen, weil das Land Unterstützung braucht"", sagte eine Kommissionssprecherin. 
Zwar war die erste EU-Station der Flüchtlinge Griechenland. Doch dorthin darf Ungarn die Einwanderer nicht 
zurückschicken, weil Flüchtlingen in Griechenland eine unmenschliche und entwürdigende Behandlung droht.
Ungarn liegt auf der ""Balkan-Route"" vieler Flüchtlinge, die über die Türkei aus Nahost kommen. Daher baut Ungarn 
derzeit einen vier Meter hohen Zaun entlang der Grenze zum nicht-EU-Land Serbien. Durch das ""hot spot""-Lager 
soll verhindert werden, dass Ungarn die Einwanderer weiter Richtung Westen, nach Österreich oder Deutschland 
ziehen lässt. Der Aufbau von ""hot spots"" ist eine Kernforderung von Berlin und Paris, um die Flüchtlinge zu 
stoppen. Die Lager sollen von der EU finanziert werden und der Registrierung dienen. Nur Flüchtlinge mit Aussicht 
auf Asylschutz sollen weiterreisen dürfen, die anderen zurückgeschickt werden, wie Frankreichs Innenminister 
Bernard Cazeneuve bei der Vorstellung der Initiative erklärte.
Noch aber gebe es keinen Antrag aus Ungarn auf Errichtung eines solchen Zentrums, sagte die 
Kommissionssprecherin. Es könnten aber rasch Experten entsandt werden, um die Einrichtung vorzubereiten. 
Bislang gibt es im italienischen Catania einen ""hot spot"", ein zweiter ist im griechischen Piräus geplant.
Das Thema dürfte auch die Westbalkan-Konferenz beschäftigen, die morgen in Wien stattfindet und an der 
Bundeskanzlerin Angela Merkel (CDU) teilnimmt. Denn auch andere Länder der Region sind beunruhigt. Bulgarien 
stationierte Soldaten und Panzerfahrzeuge an seiner Grenze zu Mazedonien. Österreich kündigte an, dass mehr 
als 500 Soldaten die Behörden bei der Bewältigung des Flüchtlingsandrangs aus den Nachbarländern Ungarn und 

EU will Ungarn helfen Kommission bietet Geld für Flüchtlingslager - Zustrom hält an
Italien unterstützen sollen; sie sollen beim Transport und beim Bau von Unterkünften helfen. Der Regierung zufolge 
sollen sie aber zunächst nicht an den Grenzen stationiert werden."
2015-08,Main Corpus,2015-08(50).ZIP,EU-Asylrecht außer Kraft gesetzt Recht Berlin schickt Syrer nicht in andere EU-Staaten zurück.PDF,C:\PythonProjects\AfD-project\Corpora\Main Corpus\2015-08\raw_unarchive\EU-Asylrecht außer Kraft gesetzt Recht Berlin schickt Syrer nicht in andere EU-Staaten zurück.PDF,EU-Asylrecht außer Kraft gesetzt Recht Berlin schickt Syrer nicht in andere EU-Staaten zurück,euasylrecht ausser kraft gesetzt recht berlin schickt syrer nicht in andere eustaaten zurück,"taz, die tageszeitung",taz die tageszeitung,Mittwoch 26. August 2015,Christian Jakob,SCHWERPUNKT; S. 2,293,2165,3f2adade4bcd570fbb601feb56075e5054ea37e4,,unique,keep,,no,,no,,,3287,no,,,,,"Berlin taz | Deutschland schickt syrische Flüchtlinge nicht mehr in andere EU-Staaten zurück. Das Bundesamt für 
Migration und Flüchtlinge (BAMF) wies seine Mitarbeiter am vergangenen Freitag an, keine entsprechenden 
Verfahren mehr einzuleiten. Schon laufende Rücknahmeverfahren seien abzubrechen. Das sogenannte Dublin-
System ist damit bei syrischen Flüchtlingen in Deutschland außer Kraft gesetzt. Gemäß der Dienstanweisung, die 
der taz vorliegt, sollen sie auch dann ein Asylverfahren in Deutschland bekommen, wenn die Überstellung 
unmittelbar bevorstand.
Laut der europäischen Dublin-III-Verordnung dürfen Flüchtlinge nur in dem Mitgliedstaat Asyl beantragen, über 
den sie in die EU einreisen. Das sind in der Regel die Staaten an den Außengrenzen, wie Bulgarien, Ungarn, Italien 
oder Griechenland. Ziehen die Menschen weiter und stellen etwa in Deutschland einen Asylantrag, kann 
Deutschland die Durchführung des Asylverfahrens verweigern und sie zurückschieben.
Die letzten Zahlen zu den Dublin-Verfahren liegen für den Zeitraum von Oktober 2014 bis März 2015 vor. In dieser 
Zeit hat Deutschland 5.625 Übernahmeersuchen für syrische Flüchtlinge gestellt. Betroffen war damit etwa jeder 
siebte Syrer, der in Deutschland Asyl beantragt hatte. Bis Juli haben im laufenden Jahr 42.100 Syrer einen 
Asylantrag in Deutschland gestellt. Der Grund für die nun geänderte Praxis dürfte sein, dass das Dublin-Verfahren 
insgesamt immer schlechter funktioniert. Nur ein Bruchteil der Flüchtlinge wird tatsächlich zurückgeschoben. Die 
meisten Überstellungsersuche stellt Deutschland an Italien, gefolgt von Ungarn und Bulgarien. In allen Ländern ist 
die humanitäre Lage durch die hohen Flüchtlingszahlen extrem angespannt.
Wegen der dramatischen Zustände in den dortigen Aufnahmelagern sind Rückschiebungen nach Griechenland 
bereits seit 2011 ausgesetzt. Auch Klagen gegen Abschiebungen nach Italien hatten in der Vergangenheit Erfolg. 
Vor drei Wochen dann stoppte das Verwaltungsgericht Münster die Abschiebung eines syrischen Asylbewerbers 
nach Ungarn. Dem Mann drohe dort eine unmenschliche oder erniedrigende Behandlung , so die Richter. Christian 
Jakob"
2015-08,Main Corpus,2015-08(50).ZIP,Gabriel _ EU versagt bei Flüchtlingen.PDF,C:\PythonProjects\AfD-project\Corpora\Main Corpus\2015-08\raw_unarchive\Gabriel _ EU versagt bei Flüchtlingen.PDF,Gabriel: EU versagt bei Flüchtlingen,gabriel eu versagt bei flüchtlingen,Rheinische Post,rheinische post,Mittwoch 19. August 2015,eva Quadbeck,TITELSEITE,488,3507,86e29c47532bf5de5e736d5ff1f23ae3c749d56f,,unique,keep,,no,,no,,,4512,no,,,,,"eva Quadbeck
Berlin Der Zustrom an Flüchtlingen nach Deutschland hat die Vereinten Nationen auf den Plan gerufen. Der Hohe 
Flüchtlingskommissar der UN, Antonio Guterres, forderte Entlastung für Deutschland. ""Wir müssen die 
Verantwortung auf mehr Schultern in Europa verteilen"", sagte Guterres der ""Welt"". Es sei langfristig ""nicht tragbar, 
dass nur zwei EU-Länder - Deutschland und Schweden - mit leistungsfähigen Asylstrukturen die Mehrheit der 
Flüchtlinge aufnehmen.""
Die große Koalition sieht Europa in der Pflicht. Vizekanzler Sigmar Gabriel (SPD) warf Europa vor, dass es in der 
Flüchtlingspolitik ""kläglich versagt"". Er bezeichnete es als ""Schande"", dass innerhalb der Europäischen Union viele 
Länder ""entweder keine oder nur eine sehr geringe Zahl an Flüchtlingen"" aufnehmen wollten. ""Eine faire Verteilung 
der Flüchtlinge in Europa ist die einzig vernünftige Lösung"", sagte Gabriel unserer Zeitung. Auch CSU-
Landesgruppenchefin Gerda Hasselfeldt forderte, die EU stärker in die Pflicht zu nehmen.
Die Bundesregierung will heute eine korrigierte Prognose veröffentlichen, wie viele Flüchtlinge für 2015 in 
Deutschland erwartet werden. Die Zahl könne bei 650 000 bis 750 000 liegen, berichtet das ""Handelsblatt"" unter 
Berufung auf Regierungskreise. Die bisherige Prognose der Regierung liegt bei 400 000 Neuankömmlingen. Schon 
in der vergangenen Woche kündigte Innenminister Thomas de Maizière (CDU)an, dass diese Zahl deutlich 
überschritten werde.
SPD-Chef Gabriel mahnte schnelle Entscheidungen an, um die Städte und Gemeinden bei der ""menschenwürdigen 
Unterbringung der Flüchtlinge"" zu unterstützen. ""Wir müssen verhindern, dass die Städte vor die Wahl gestellt 
werden: Entweder anständige Versorgung der Flüchtlinge oder Sanierung der Schule oder Förderung der 
Schwimmhalle. Denn solche Alternativen wären katastrophal für die Akzeptanz der Flüchtlinge"", sagte Gabriel 
unserer Zeitung. Er forderte auch eine Beschleunigung der Asylverfahren und dass die ""übrigen Länder des 
westlichen Balkans"" sichere Herkunftsländer würden.

Gabriel: EU versagt bei Flüchtlingen
Hasselfeldt sprach sich für eine Überprüfung der deutschen Asylstandards aus. ""Für viele Asylbewerber aus 
Südosteuropa ist Deutschland wegen seiner hohen Standards und finanziellen Unterstützung besonders attraktiv. 
Dies ist daher zu überprüfen."" Es sei auch Aufgabe der EU, für die gleichen Standards bei der Aufnahme und 
Unterbringung von Asylbewerbern in allen Mitgliedstaaten zu sorgen, um das bestehende Gefälle zu verringern. 
Selbst die Kirchen halten ein Umdenken in der Asylpolitik für notwendig. Der Kölner Kardinal Rainer Maria Woelki 
forderte eine konsequente Abschiebung von Flüchtlingen vom Westbalkan: ""In aller Regel können Albaner, die zu 
uns kommen, sich nicht auf das Asylrecht des Grundgesetzes berufen.""
Der Druck auf Europa wächst von Tag zu Tag. Nach Angaben der UN trafen allein im Juli mehr Flüchtlinge in 
Griechenland ein (50 242) als im gesamten Jahr 2014 (43 500). Die Vereinten Nationen mahnten Griechenland 
trotz der eigenen Schwierigkeiten, die Versorgung der Flüchtlinge besser zu organisieren.
Der Städte- und Gemeindebund NRW will heute ein Notprogramm gegen einen ""Asylnotstand in den Kommunen"" 
beschließen. Hauptgeschäftsführer Bernd Schneider wird in der ""FAZ"" mit den Worten zitiert: ""Der Bund muss in die 
Erstaufnahme einsteigen, damit es in einzelnen Kommunen nicht bald zu Zuständen wie auf der griechischen Insel 
Kos kommt.""
Leitartikel Seite A 2
Politik Seite A 4"
2015-08,Main Corpus,2015-08(50).ZIP,Hell und dunkel.PDF,C:\PythonProjects\AfD-project\Corpora\Main Corpus\2015-08\raw_unarchive\Hell und dunkel.PDF,Hell und dunkel,hell und dunkel,Die Welt,die welt,Donnerstag 27. August 2015,Stefan Aust,TITEL; Kommentar; S. 1; Ausg. 199,359,2642,dce1780d74b05763d1da23024b0e6636b0516edd,,unique,drop,commentary_noncore,no,,no,,,3383,yes,commentary_noncore,,,,"Ein schönes Sommermärchen neigt sich dem Ende zu, und das heißt jetzt Dunkeldeutschland. Dem, so hat es 
Bundespräsident Joachim Gauck gepredigt, stehe das helle Deutschland, das der Menschlichkeit, Humanität, 
Hilfsbereitschaft und einer Willkommenskultur, mit der jeder Flüchtling hierzulande begrüßt werden sollte, 
gegenüber. Die Bundesmarine rettet die von Schleppern gegen Bares auf das Mittelmeer verfrachteten Armuts- 
oder Kriegsflüchtlinge, bevor sie in akute Seenot geraten, und bringt sie sicher an Land. Den Rest regelt dann der 
Asylparagraf des Grundgesetzes. In der Theorie jedenfalls. In Wirklichkeit rollt eine Völkerwanderung an, die mit 
dem Asylparagrafen nicht geregelt werden kann. Denn kurz nach der schönen Theorie kommt die bittere Praxis. 
Und die besteht aus überforderten Behörden, umständlichen Asylverfahren, Legionen von Anwälten, die auch aus 
aussichtslosen Verfahren Zeit und Geld schinden, Platzmangel in Städten und Gemeinden. Und dann noch die 
Rechtsradikalen und Neonazis, die das schöne Sommermärchen als Konjunkturprogramm für ihre 
menschenverachtenden Strategien nutzen. Das ist in der Tat ""beschämend und abstoßend , was wir hier erleben 
mussten"", wie Angela Merkel formulierte.
Der aus den bitteren Erfahrungen der mörderischen Nazizeit ins Grundgesetz geschriebene Asylparagraf ist als 
Regelung für Einwanderung offenkundig ungeeignet. Und die Anfang der 90er-Jahre aufgrund der Balkankrise 
nach schwersten innenpolitischen Auseinandersetzungen hinzugefügte Regelung, dass Flüchtlinge in sichere 
Drittländer zurückgeführt werden können, funktioniert nicht. Keine Frage: Der Asylparagraf im Grundgesetz ist 
heilig, nicht nur wegen der deutschen Geschichte. Es gehört zu den wichtigsten humanitären Grundsätzen, politisch 
Verfolgten Schutz und Asyl zu gewähren. Auch Kriegsflüchtlingen etwa aus Syrien muss schnell und umfassend 
geholfen werden. Aber eine globale Völkerwanderung aus den ärmeren in die reicheren Regionen der Welt kann 
damit nicht geregelt werden.
Die Politik macht es sich hierzulande zu leicht. Auf militante Neonazis zu schimpfen reicht nicht aus. Die Probleme 
müssen geregelt, nicht die Folgen unerledigter Probleme beklagt werden. ""Deutschland hilft, wo Hilfe geboten ist"", 
hat die Bundeskanzlerin beim Besuch in der Flüchtlingsunterkunft von Heidenau erklärt. Aber sie hat nicht gesagt, 
wie sie die Probleme von 800.000 Zuwanderern lösen will, ohne dafür zu sorgen, dass zeitnah geklärt wird, wer 
woher kommt und sich für ein Asylverfahren eignet. Man kann ein Grundrecht auch dadurch zerstören, dass man 
es überdehnt.

Hell und dunkel
Original Gesamtseiten-PDF"
2015-08,Main Corpus,2015-08(50).ZIP,Im Fokus In der Debatte um Flüchtlinge kommt es vor allem auf Thomas de Maizière an. Was tut der Inn.PDF,C:\PythonProjects\AfD-project\Corpora\Main Corpus\2015-08\raw_unarchive\Im Fokus In der Debatte um Flüchtlinge kommt es vor allem auf Thomas de Maizière an. Was tut der Inn.PDF,Im Fokus In der Debatte um Flüchtlinge kommt es vor allem auf Thomas de Maizière an. Was tut der,im fokus in der debatte um flüchtlinge kommt es vor allem auf thomas de maizière an was tut der,Der Tagesspiegel,der tagesspiegel,Donnerstag 20. August 2015,Andrea Dernbach und Matthias Meisner,ZWEITE; S. 2; Ausg. 22496,1325,9443,562eab3b4ad183d67cde852e7970d800ea0c319d,,unique,keep,,no,,no,,,11002,no,,,,,"Ihren ""ersten Freund in der Politik"" nannte ihn die Kanzlerin. Wenn Ähnlichkeit ein Kriterium nicht nur für Ehen, 
sondern auch in Freundschaften ist, dann passt das auffallend. Einer wie die andere nüchtern, rational, und zwar 
nicht von jener zur Schau getragenen Vernünftigkeit, die den Gefühlsüberschuss - meist negativer Gefühle - nur 
verbergen soll. Mit sichtlicher Lust lässt Thomas de Maizière Luft aus großen Worten. Den Anspruch auf 
bedingungslose Solidarität mit der Bundeswehr im Auslandseinsatz konterte er einst mit dem ironischen Seufzer: 
""Ja, ich weiß, wir wollen alle geliebt werden."" Sprich: Macht einfach euren Job. Die wichtigste Frau im Leben des 
Thomas de Maizière außerhalb der Politik ist gelernte Supervisorin - und ihr Ehemann ließ schon durchblicken, 
dass das auch seinen Blick auf Menschen geschärft hat.
Neben Nüchternheit eint Thomas de Maizière und Angela Merkel auch ihr Mangel an natürlichem Charisma. Die 
eine hat das inzwischen zu ihrem Markenzeichen machen können, ihrer effektfreien Ruhe vertraut eine Mehrheit 
der Deutschen, selbst die, die sie nicht gewählt haben. Er dagegen kassierte nach der letzten Wahl noch dazu eine 
imageschädigende Niederlage: Weil Ursula von der Leyen Verteidigungsministerin werden wollte, musste de 
Maizière zurück in sein altes Haus. Dort hat er seither Terrain zurückgewinnen können. Er, der mit dem Projekt 
Islamkonferenz seines Vorgängers Schäuble anfangs spürbar fremdelte, hat die Herausforderung, den Islam ins 
deutsche Religionsverfassungsrecht zu holen, inzwischen nicht nur angenommen, sondern ist im Begriff, sie zu 
erfüllen. Seit de Maizière wieder im alten Amt ist, arbeitet die Deutsche Islamkonferenz erstmals störgeräuschfrei 
an einem echten Meilenstein. Kommt die islamische Wohlfahrtspflege, die er in Abstimmung mit den muslimischen 
Verbänden zu ihrer Aufgabe gemacht hat, dann tritt der Islam erstmals auf einem großen - und zudem 
finanzstarken - Feld an die Seite der Kirchen. Und könnte die Integration eines großen Teils der jetzt 
ankommenden Flüchtlinge mit bewältigen helfen.
Anderswo betritt der Minister selten Neuland. Statt Deutschlands starke Position für einen Neustart der EU-
Flüchtlingspolitik zu nutzen, verteidigt er die Dublin-Regeln, die seit Jahren nicht funktionieren. Obwohl auch er 
weiß, dass Menschen aus Not und Krieg flüchten, nicht weil sie sich ein Taschengeld abholen dürfen, plädiert er 

Im Fokus In der Debatte um Flüchtlinge kommt es vor allem auf Thomas de Maizière an. Was tut der 
Innenminister, um Asylsuchenden zu helfen und Kommunen zu entla....
dafür, hier Standards zu senken. Ob er so reden will oder muss, ist die Frage. Man darf aber sicher sein, dass ihm 
eine liberalere Haltung in seiner politischen Heimat, Sachsens CDU, nicht unbedingt Beifall einbrächte.
Welche politische Position hat der Innenminister
zu Willkommenskultur und Einwanderungsgesetz?
In puncto Gesetze steht Deutschland nicht schlecht da, das wird inzwischen auch von internationalen Institutionen 
anerkannt. De Maizière hält es für wichtiger, Willkommenskultur-Arbeit zu machen, und schlug im April ein breites 
nationales ""Bündnis für Migration und Integration"" vor, das Fragen des Zusammenlebens klären müsse. Statt über 
das ""Erlauben"" von Zuwanderung solle mehr über das ""Einladen und Ankommen"" der Migranten gesprochen 
werden. Ein Freund eines Einwanderungsgesetzes ist der Minister nicht - weil er, wohl zu Recht, fürchtet, das 
werde die Büchse der Pandora öffnen. Wenn all die vielen Regelungen zu Staatsbürgerschaft und Aufenthalt darin 
gebündelt würden, dafür aber neu diskutiert werden müssten, würde das nicht zwangsläufig dazu führen, dass das 
Einwanderungsland Deutschland Fortschritte macht. Bei Präsentation der Prognose wandte sich de Maizière am 
Mittwoch auch gegen Überlegungen, das Aufenthaltsrecht erneut zu ändern: ""Das ist derzeit nicht vorrangig.""
Welche Rolle spielt de Maizière in Deutschland
beim Thema Flüchtlinge?
Die Rolle des Innenministers ist zentral. Dass Sicherheit und Integration in sein Ressort fallen, wird von 
Migrationsforschern seit Langem als widersprüchlich und schädlich für die Integration kritisiert. Augenblicklich ist 
entscheidend, dass de Maizière Vorgesetzter jenes Bundesamts für Migration und Flüchtlinge ist, das nicht nur 
traditionell die Entscheidungen über Ja oder Nein eines Asylantrags fällt. Das Amt hat sich in den letzten Jahren 
auch zu einer zentralen Agentur des bunteren Deutschland entwickelt, erarbeitet Expertisen über 
Einwanderergruppen und wie sie leben, vergibt Forschungsaufträge, hilft Neuankömmlingen mit Informationen - 
und erarbeitet auch die Grundlagen jener Prognose über zu erwartende Flüchtlingszahlen, mit der der 
Innenminister am Mittwoch an die Öffentlichkeit gegangen ist. Die er zugleich zu beruhigen suchte: ""Wir stehen vor 
wirklich großen Herausforderungen. Überfordert sind wir nicht.""
Welche aktuellen Zahlen gibt es in der Debatte
um Flüchtlinge und Zuwanderer?
De Maizière hatte seit Tagen darauf eingestimmt, dass die Zahl der Asylsuchenden in diesem Jahr deutlich höher 
sein wird als 450 000, wie es in der zuletzt vom Bundesamt für Migration und Flüchtlinge (BAMF) gestellten 
Prognose hieß. Seit 2009 beobachtet das Innenministerium einen signifikanten Anstieg, der ""zusätzlich an Dynamik 
gewonnen"" habe. Jetzt werden es nach Einschätzung des CDU-Politikers 800 000 Asylsuchende in diesem 
Kalenderjahr.
Bisher fußte die Prognose auf der Zahl der tatsächlich gestellten Asylanträge. Inzwischen sind die Behörden 
teilweise so überfordert, dass gar nicht mehr jeder Flüchtling sofort registriert werden kann. Die neue Statistik fußt 
deshalb auf den tatsächlichen Zugängen. Dass sich das BAMF verschätzt hat, liegt laut Innenministerium daran, 
dass die Einreisezahlen vor allem seit Juni dramatisch angestiegen seien - gerade auf der Westbalkanroute, 
nachdem Syrer, Iraker, Afghanen und Pakistani sich über das östliche Mittelmeer und die Ägäis auf den Weg nach 
Europa gemacht haben. Syrien ist derzeit Hauptherkunftsland der Flüchtlinge. Die Gruppe der sechs 
Westbalkanstaaten Albanien, Kosovo, Serbien, Mazedonien, Bosnien und Herzegowina sowie Montenegro stellt 
fast 45 Prozent der Asylantragsteller. Sie haben in Deutschland praktisch keine Asylchance. Insgesamt bleiben 
etwa 40 Prozent der Flüchtlinge am Ende tatsächlich. Von etwa 250 000 unentschiedenen Verfahren, so de 
Maizière gestern, sollen bis Jahresende 200 000 bearbeitet sein.
Was kann de Maizière tun, um die Lage
Im Fokus In der Debatte um Flüchtlinge kommt es vor allem auf Thomas de Maizière an. Was tut der 
Innenminister, um Asylsuchenden zu helfen und Kommunen zu entla....
von Flüchtlingen kurzfristig zu verbessern?
De Maizière geht es darum, mit einer möglichst realistischen Zahl aufzurütteln, um Einvernehmen über die aus 
seiner Sicht jetzt anstehenden Maßnahmen zu erreichen - wobei er seinen Katalog in den kommenden Wochen mit 
den Ländern erst noch abstimmen will. Klar ist bereits, dass die Verfahren insgesamt beschleunigt werden sollen. 
Hunderte zusätzliche Beamte sollen dafür abgeordnet werden. Neben dem schon bestehenden 
Entscheidungszentrum beim BAMF in Nürnberg soll es ab Herbst drei weitere geben - in Unna, in Berlin sowie in 
Mannheim oder Freiburg. Denkbar sind auch Programme für Rückkehrhilfen und eine großzügigere Auslegung der 
Regeln zum Brandschutz für Asylunterkünfte. ""Wir reden nicht nur über kurzfristige Verbesserungen"", sagte de 
Maizière gestern, ""sondern über faktische Zuwanderung von mehreren 100 000."" Auf dem nächsten 
Flüchtlingsgipfel am 24. September sollen entsprechend dauerhafte Beschlüsse fallen.
Als unbefriedigend auch in der Bundesregierung gilt, dass die Bearbeitungszeiten für Asylanträge sehr 
unterschiedlich lang sind. Zwar haben zuletzt mehr als zwei Drittel der Asylantragsteller aus Afghanistan Asyl 
bekommen, sie mussten im Durchschnitt aber mehr als zwölf Monate auf ihren Bescheid warten. 12 039 warten 
bereits seit über zwei Jahren, wie die Bundesregierung auf Anfrage der Linken-Bundestagsabgeordneten Ulla 
Jelpke mitteilte.
Wird der Minister von den Ländern getrieben oder treibt er die Länder selbst an?
Letztlich wird es für de Maizière wichtig sein, dass am Ende Bund, Länder und Kommunen bei der Lösung der 
Probleme an einem Strang ziehen. Würde das Thema zum Dauer-Schaukampf der politischen Akteure, wird es 
nicht gehen. Umgekehrt haben die Länder längst die Debatte über die Kostenaufteilung bekommen. ""Der Bund 
sollte den Ländern und Kommunen 50 Prozent der tatsächlichen Kosten erstatten"", forderte vergangene Woche der 
thüringische Regierungschef Bodo Ramelow (Linke).
Alle Bundesländer intensivieren ihre Anstrengungen. Brandenburgs Ministerpräsident Dietmar Woidke (SPD), der in 
seinem Bundesland in diesem Jahr bis zu 24 000 Flüchtlinge erwartet, kündigte an, das Thema zur Chefsache zu 
machen. Thüringen verschickt seit Montag eine ""Tageslage"" zur Asylpolitik, in der die Zahl der Asylsuchenden, 
aber zum Beispiel auch von Rechtsextremisten angemeldete Anti-Asyl-Demos vermeldet werden. Absehbar ist, 
dass auch das Interesse an Symbolpolitik geringer ist: Sowohl die Landesregierung in Erfurt als auch die SPD-
geführte Landesregierung in Kiel wird vermutlich nicht mehr auf einem generellen Winterabschiebestopp für 
Flüchtlinge bestehen, der im vergangenen Winter de Maizière sehr verärgert hatte.
Graphic
 
Foto: Bernd von Jutrczenka/dpa"
2015-08,Main Corpus,2015-08(50).ZIP,Kommunen im Krisenmodus Flüchtlingsversorgung_ Bund und Länder sollen Milliarden bereitstellen.PDF,C:\PythonProjects\AfD-project\Corpora\Main Corpus\2015-08\raw_unarchive\Kommunen im Krisenmodus Flüchtlingsversorgung_ Bund und Länder sollen Milliarden bereitstellen.PDF,Kommunen im Krisenmodus Flüchtlingsversorgung: Bund und Länder sollen Milliarden bereitstellen,kommunen im krisenmodus flüchtlingsversorgung bund und länder sollen milliarden bereitstellen,Südwest Presse,südwest presse,Samstag 22. August 2015,,Südwestumschau; S. 6,552,4256,4934e4c25615c0d21ab98a16f1781f48b73b29e5,,unique,keep,,no,,no,,,5597,no,,,,,"Der baden-württembergische Gemeindetag will nach der neuen, kräftig nach oben korrigierten Prognose der 
Asylbewerberzahlen nicht auf den Bund-Länder-Flüchtlingsgipfel im September warten. Die Krise sei längst da, 
Städte und Gemeinden wegen der massiv steigenden Asylbewerberzahlen im Krisenmodus. Bund und Länder 
müssten sofort handeln und einen ""schlüssigen Masterplan"" ausarbeiten, schreibt Gemeindetagspräsident Roger 
Kehle in einem Brief an Bundesinnenminister Thomas de Maizière (CDU) und Ministerpräsident Winfried 
Kretschmann (Grüne).
Die Erstaufnahmen-Kapazitäten seien ""hoffnungslos überlastet"", Zeltstädte und Turnhallenunterkünfte an der 
Tagesordnung, asylbegehrende Menschen würden ohne Antragstellung und Identitätsklärung in Stadt- und 
Landkreise verlegt. Das überfordere ""alle Beteiligten in absehbarer Zeit"", so Kehle. Angesichts der Probleme spricht 
der Gemeindetag auch die Beschlagnahme von Wohnraum an: ""Wir wollen das nicht"", heißt es im Brief, ""wollen Sie 
die Kommunen tatsächlich zwingen, Beschlagnahmungen durchzusetzen?""
Im Schreiben listet der Kommunalverband detailliert auf, was aus seiner Sicht nötig ist im Gesamtkonzept. Der 
Schlüssel seien beschleunigte Asylverfahren und das Verteilen der Flüchtlinge auf die Kreise erst nach dem 
Asylentscheid. Mit mehr Personal müsse das Bundesamt für Migration und Flüchtlinge Asylverfahren in drei 
Monaten abwickeln. ""Dabei ist auch das Land gefordert"", sagt Steffen Jäger, Beigeordneter des Gemeindetags. ""Es 
muss prüfen, wie es mit Personal aushelfen kann.""
Schnellere Asylverfahren entlasteten die Kommunen, sagt Jäger: Das Bundesamt erwartet 2015 insgesamt 800 
000 Flüchtlinge. Werden nur Personen mit Bleiberecht auf die Kreise verteilt, seien das bei einer 
Anerkennungsquote wie bisher von 37 Prozent für Baden-Württemberg knapp 40 000 Menschen, nicht 100 000, 
wenn wie bisher nahezu alle Ankommende auf die Kommunen weiterverteilt würden.
Zum dringend nötigen Gesamtkonzept gehören für den Gemeindetag auch weitere ""sichere Drittstaaten"", 
Visapflicht für Balkanländer und Taschengeldstreichung für Flüchtlinge aus sicheren Herkunftsländern. Um 
Missbrauch zu verhindern, müsse ""bei Bedarf"" das Asylrecht geändert werden. Flüchtlinge mit Bleibeperspektive 
müssten dagegen vom ersten Tag an integriert werden, dazu gehörten ein einfacherer Zugang zum Arbeitsmarkt 
und bessere Betreuung. Auch ein Berufsbild ""Flüchtlingsmanager"" soll etabliert werden, das Sozialarbeiter- und 

Kommunen im Krisenmodus Flüchtlingsversorgung: Bund und Länder sollen Milliarden bereitstellen
ausländerrechtliche Kompetenzen vereint. Und Bürgerentscheide dürften nicht wie geplant auf die Bauleitplanung 
ausgeweitet werden - um Voten gegen Asylheime bei Planänderungen zu verhindern.
Notwendig sei zudem ein Sonderhaushaltstopf von Bund und Ländern in zweistelliger Milliardenhöhe, sagt der 
Gemeindetag. Damit sollen alle anfallenden Ausgaben in der Flüchtlingsarbeit finanziert werden. Solch einen Topf 
brauche es dringend, sagt Jäger. Es dürfe nicht so weit kommen, dass Kommunen Pläne für Kitas oder neue 
Schulmensen verschieben müssten, weil die Asylausgaben den Etat überlasten. ""Sonst droht der soziale Friede zu 
kippen."" Bisher sei die Akzeptanz für Flüchtlinge groß und die Bereitschaft ehrenamtlicher Helfer erfreulich hoch in 
den Südwest-Kommunen, sagt Jäger. Das dürfe man nicht gefährden.
Ende Juli waren beim Flüchtlingsgipfel auf Landesebene schon mehr Aufnahmeplätze, eine Task Force und 
konsequentes Abschieben vereinbart worden. Weil die Probleme nicht kleiner geworden sind, flatterten vor zwei 
Wochen Brandbriefe von Landräten und Rathauschefs auf den Tisch von Regierungschef Kretschmann. Und jetzt 
der Brief des Gemeindetags, dem 1057 der 1101 Südwest-Kommunen angehören. ""Wir hoffen, dass wir mit 
unserem Schreiben gemeinsames Handeln auslösen"", sagt Jäger. War angesichts der Briefe der Juli-
Flüchtlingsgipfel umsonst? ""Nein, aber jetzt müssen Taten folgen"", sagt Jäger, ""wir können nicht länger warten.""
Graphic
 
Notquartier in Stuttgart: In einem Nebengebäude der Hanns-Martin-Schleyer-Halle kommen befristet Flüchtlinge 
unter. Die Erstaufnahmestellen sind überlastet, die Unterbringung stellt Stadt- und Landkreis vor große Probleme. 
Foto: dpa"
2015-08,Main Corpus,2015-08(50).ZIP,Koran ins Klo geworfen.PDF,C:\PythonProjects\AfD-project\Corpora\Main Corpus\2015-08\raw_unarchive\Koran ins Klo geworfen.PDF,Koran ins Klo geworfen,koran ins klo geworfen,Frankfurter Rundschau,frankfurter rundschau,Freitag 21. August 2015,,POLITIK; S. 2,602,4392,279ab459c3d28d37c24555af539e505d8aa3df3c,,unique,keep,,no,,no,,,5484,no,,,,,"Von Bernhard Honnigfort
Flüchtlingsheim am Friedberg in Suhl, eine ehemalige NVA-Kaserne. Kurz nach acht Uhr am Mittwochabend 
passiert es: Ein junger Mann aus Afghanistan, mit anderen im Streit über ""Religionsfragen"", wie die Polizei später 
mitteilen wird, zerreißt den Koran, wirft Seiten daraus ins Klo und spült sie weg.
Daraufhin bricht ein Wutorkan los: Etwa 30 Aufgebrachte versuchen, den Mann zu lynchen. Der flieht ins Büro der 
Sicherheitsleute, die Angreifer bewaffnen sich mit Knüppeln, Stangen und Stuhlbeinen und verwüsten das Büro. 
Steine und Flaschen fliegen, Fenster gehen zu Bruch, Polizei wird gerufen, die Beamten werden angegriffen und 
rufen Verstärkung aus Erfurt herbei. Draußen vor dem Flüchtlingsheim geht es weiter: Steine fliegen, Gerenne, 
Autos werden demoliert, ein Fernsehteam des MDR wird angegriffen. Auch deren Auto geht zu Bruch.
Kurz vor zwei Uhr morgens ist es vorbei, die Lage hat sich beruhigt, die Suhler Polizei zieht Bilanz: 15 Verletzte, 
darunter vier Polizisten. 125 Beamte waren im Einsatz, darunter ein Spezialkommando. Außerdem neun Ärzte, 90 
Sanitäter und zig Feuerwehrleute. Die Polizei hat den Mann aus Afghanistan in Schutzgewahrsam genommen.
Es ist nicht der erste Gewaltausbruch in dem Suhler Heim. Anfang des Monats gab es schon einmal eine 
Massenschlägerei mit 80 Beteiligten während eines Fußballspiels. Auch damals musste ein Großaufgebot an 
Polizisten eingreifen.
Die ehemalige Kaserne bietet Platz für 1200 Flüchtlinge, sie ist deutlich überbelegt. Zur Zeit sind dort zwischen 
1700 und 1800 untergebracht. Suhls Oberbürgermeister Jens Triebel hat mehrfach beklagt, das Heim sei überfüllt, 
es gebe außerdem schwere Baumängel und ernst zu nehmende Sicherheitsprobleme für Flüchtlinge und Betreuer. 
Triebel drohte damit, das Heim teilweise zu schließen, wenn sich die Lage nicht ändere. Er plädierte auch dafür, 
Flüchtlinge getrennt nach Religion und Ethnie unterzubringen. Thüringens Ministerpräsident Bodo Ramelow 
(Linke), der diesen Vorschlag unterstützt, war kürzlich in Suhl und hat sich das Heim angesehen. Sein Fazit: 
""Erhebliche Defizite."" Die hygienischen Zustände seien untragbar, außerdem fehle es an Personal. Ramelow 
versprach Hilfe, wo das Land helfen könne. An Geld werde es nicht fehlen. Geändert hat sich bislang angeblich 
nichts.

Koran ins Klo geworfen
Die Gewerkschaft der Polizei (GdP) verlangt nach den Ausschreitungen und angesichts steigender 
Flüchtlingszahlen einen sofortigen Krisengipfel in Berlin. ""Die Krawalle in Suhl müssen die Politik alarmieren. 
Überfüllte Unterkünfte, qualvolle Enge ohne jegliche Privatsphäre schaffen schon bei der kleinsten Kleinigkeit 
Konflikte, die schnell in Gewalt umschlagen können"", warnte GdP-Bundesvorsitzender Jörg Radek.
Bundesinnenminister Thomas de Maizière (CDU) dagegen kritisierte die Ausschreitungen scharf. Er habe kein 
Verständnis für solche Gewaltanwendungen durch Asylbewerber, sagte er am Donnerstagabend. Auch hiergegen 
müsse hart vorgegangen werden - ebenso wie gegen Angriffe auf Flüchtlinge. ""Menschen, die bei uns Schutz 
erwarten (...) und hier aufgenommen werden, haben sich an deutsches Recht und Gesetz zu halten"", betonte er.
Thüringens Innenminister Holger Poppenhäger (SPD) kündigte an, die für die Abschiebung abgelehnter 
Asylbewerber zuständige Abteilung aufzustocken. Derzeit kümmern sich vier Mitarbeiter um die Anträge auf 
Abschiebung. Ihre Zahl solle verdoppelt werden.
In Suhl demonstrierten am Donnerstagabend laut Polizei etwa 600 Menschen gegen die Unterkunft. Die 
Anmeldung zu der Kundgebung sei aus der rechten Szene gekommen, sagte ein Polizeisprecher. An einer 
Gegendemonstration beteiligten sich etwa 75 Menschen.
Mischt ein Flüchtling bei Krawallen im Heim mit, habe das nicht unbedingt Einfluss auf sein 
Anerkennungsverfahren, teilt das Bundesamt für Migration der Frankfurter Rundschau am Donnerstag auf Anfrage 
mit. ""Grundsätzlich haben Ausschreitungen oder Straftaten, genauso wie ein Gerichtsverfahren, keine 
Auswirkungen auf das laufende Asylverfahren.""
Es gebe andere Ausschlussklauseln: Kriegsverbrechen, Verbrechen gegen die Menschlichkeit oder der Verdacht, 
der Flüchtling stelle eine Gefahr für die Sicherheit der Bundesrepublik dar. mit dpa Seite 11
Mehrfach hat der Oberbürgermeister vor einer Eskalation gewarnt
Rechte rufen in Suhl zu einer Demonstration auf, an der 600 Menschen teilnehmen"
2015-08,Main Corpus,2015-08(50).ZIP,Massenflucht vom Balkan(2).PDF,C:\PythonProjects\AfD-project\Corpora\Main Corpus\2015-08\raw_unarchive\Massenflucht vom Balkan(2).PDF,Massenflucht vom Balkan,massenflucht vom balkan,Rheinische Post,rheinische post,Montag 10. August 2015,Rudolf Gruber,POLITIK,718,5262,858a2876e77e7b8e9712a6cc55fe321e1de0bc19,,unique,keep,,no,,no,,,6643,no,,,,,"Rudolf Gruber
Wien Anfang August trat in Ungarn das verschärfte Asylrecht in Kraft. Demnach kann praktisch jeder ""Fremde"" - die 
Unterscheidung von Flüchtlingen und Migranten erspart man sich - im Eilverfahren in ein ""sicheres Herkunftsland"" 
abgeschoben werden - wie etwa nach Serbien. Der neue Metallzaun mit Stacheldrahtkrone und lückenlos 
elektronischer Überwachung an der 175 Kilometer langen Grenze zu Serbien soll nicht erst im November, sondern 
bereits Ende August stehen.
Die Regierung des nationalkonservativen Premiers Viktor Orbán begründet die martialischen Maßnahmen mit dem 
Umstand, dass Ungarn eine Schengen-Grenze zu bewachen habe, also gleichsam im Auftrag Europas den 
Flüchtlingsstrom aus dem Balkan Richtung Westen stoppen müsse. Offiziellen Angaben in Budapest zufolge sind in 
diesem Jahr bereits 100 000 ""Fremde"" über Ungarn nach Österreich, Deutschland und Skandinavien eingereist. 
Das ist wohl auch der Grund, warum die EU-Kommission Orbáns menschenrechtlich umstrittene Barrierepolitik 
stillschweigend duldet.
Deutschland rechnet in diesem Jahr nach Angaben des Bundesamts für Migration und Flüchtlinge (BAMF) mit rund 
450 000 Asylanträgen. BAMF-Chef Manfred Schmidt zufolge kamen bislang 97 000 Menschen aus Ländern des 
westlichen Balkans. Von ihnen würden aber nur 0,1 bis 0,2 Prozent als Flüchtlinge anerkannt. Dagegen stammten 
etwa 44 000 Anträge von Flüchtlingen aus Syrien - ihnen werde zu 85 Prozent Schutz gewährt.
Nach Angaben des BAMF soll nun künftig bei offensichtlich unbegründeten Anträgen eine Wiedereinreisesperre 
und ein Aufenthaltsverbot für das Schengen-Gebiet ausgesprochen werden. Unionsfraktionschef Volker Kauder 
(CDU) zufolge sollen Menschen, die mit großer Wahrscheinlichkeit kein Asyl erhalten, nicht länger an die 
Kommunen verteilt werden. ""Sie sollten direkt aus den Erstaufnahmeeinrichtungen in ihre Heimatländer 
zurückgeführt werden."" Schmidt regte erneut an, das Taschengeld von etwa 140 Euro monatlich für Asylbewerber 
vom Westbalkan zu kürzen oder durch Sachleistungen zu ersetzen.

Massenflucht vom Balkan
""Wir sollten dafür sorgen, dass aus den Ländern des Balkans, aber auch aus anderen Ländern über ein 
Einwanderungsgesetz qualifizierte Arbeitnehmer nach Deutschland legal einwandern können"", sagte Brandenburgs 
Ministerpräsident Dietmar Woidke (SPD) dem RBB-Nachrichtenmagazin. NRW-Sozialminister Guntram Schneider 
(SPD) dringt auf eine legale Arbeitsmigration von Flüchtlingen, um das Asylrecht zu entlasten. Wer einen 
Arbeitsplatz in Deutschland gefunden habe, müsse legal hierher kommen können, ohne einen Asylantrag stellen zu 
müssen.
Serbien, Mazedonien und Bosnien-Herzegowina gelten seit 2014 als ""sichere Herkunftsländer"". Migranten aus 
diesen Ländern wollen die EU-Länder den Flüchtlingsstatus und damit das Recht auf Asyl verwehren; 
wirtschaftliche Gründe allein reichen dafür nicht. Die Bundesregierung beabsichtigt deshalb, in diese Kategorie 
auch Albanien, Montenegro und den Kosovo aufzunehmen. Für die Bewohner des Kosovo gilt als einziges 
Balkanvolk noch Visumzwang - dennoch haben sich Zehntausende auf den Weg gemacht.
In allen Ländern des Balkans gilt, was auch im Westen zutrifft: Niemand darf aus politischen oder religiösen 
Gründen verfolgt oder diskriminiert werden. In der Praxis kommt es aber immer wieder zu teils groben Verletzungen 
von Menschenrechten. Opfer sind meist ethnische Minderheiten, allen voran Roma. Sie hausen in 
Elendsquartieren, sind vom Arbeitsmarkt praktisch ausgeschlossen und können sich bei Behörden nur mühsam ihr 
Recht erkämpfen. Zum Teil resultieren Benachteiligungen auch aus dem mangelnden Willen, sich zu integrieren.
Vor allem sind es aber Tausende junge Menschen zwischen 20 und 35 Jahren, die bei der hohen Arbeitslosigkeit 
von bis zu 50 Prozent im eigenen Land keine Zukunftsperspektive sehen. Diese Generation hat die 
postjugoslawischen Kriege Anfang der 90er Jahre nicht oder nicht bewusst erlebt, bekommt aber deren Folgen 
extrem zu spüren. Viele junge Menschen im Westbalkan fühlen sich zusätzlich desillusioniert, wenn EU-
Regierungen bei jeder Gelegenheit verkünden, dass ihre Länder in den nächsten fünf bis zehn Jahren nicht 
beitreten könnten. Bei dieser tristen Aussichtslage ist eine Flucht für viele oft die einzige Alternative.
Die Europäische Union hat die Migrationsströme indirekt und unbeabsichtigt mit verursacht. Die westliche Friedens- 
und Stabilitätspolitik der vergangenen 20 Jahre und die milliardenschwere Aufbauhilfe haben weder die 
demokratische noch die wirtschaftliche Entwicklung so nachhaltig vorangebracht, dass es die Menschen vor 
Auswanderung abhält. Hinzukommt die tiefe Frustration über die korrupten politischen Eliten, denen die EU zu 
wenig Druck macht. Diese Eliten neigen oft zu autoritärem Gehabe, weil ihnen der Machterhalt wichtiger ist als das 
Wohlergehen der Bevölkerung. Auch zur Aufklärung in Sachen Migration trugen sie bislang wenig bei. Und so 
beginnen die Informationskampagnen der EU erst jetzt langsam zu wirken. Am stärksten trifft das auf Serbien zu, 
das sich bemüht, seinem Status als Beitrittskandidat gerecht zu werden.
""Menschen, die kein Asyl erhalten, sollten direkt in ihre Heimatländer zurückgeführt werden""
Volker Kauder
Unionsfraktionschef"
2015-08,Main Corpus,2015-08(50).ZIP,Massenflucht vom Balkan.PDF,C:\PythonProjects\AfD-project\Corpora\Main Corpus\2015-08\raw_unarchive\Massenflucht vom Balkan.PDF,Massenflucht vom Balkan,massenflucht vom balkan,Rheinische Post,rheinische post,10. August 2015 Montag,Von Rudolf Gruber,,740,5411,19dec1d32496a87ff1a2ac2e8d6e72f72b36dbb3,,unique,keep,,no,,no,,,6621,no,,,,,"20 Jahre nach Kriegsende ist die Region ein Sprungbrett für Vertriebene. Viele suchen in Deutschland Asyl, nur 
die wenigsten bekommen es. Von Rudolf Gruber Wien Anfang August trat in Ungarn das verschärfte Asylrecht in 
Kraft. Demnach kann praktisch jeder ""Fremde"" - die Unterscheidung von Flüchtlingen und Migranten erspart man 
sich - im Eilverfahren in ein ""sicheres Herkunftsland"" abgeschoben werden - wie etwa nach Serbien. 
Der neue Metallzaun mit Stacheldrahtkrone und lückenlos elektronischer Überwachung an der 175 Kilometer 
langen Grenze zu Serbien soll nicht erst im November, sondern bereits Ende August stehen. Die Regierung des 
nationalkonservativen Premiers Viktor Orbán begründet die martialischen Maßnahmen mit dem Umstand, dass 
Ungarn eine Schengen-Grenze zu bewachen habe, also gleichsam im Auftrag Europas den Flüchtlingsstrom aus 
dem Balkan Richtung Westen stoppen müsse. Offiziellen Angaben in Budapest zufolge sind in diesem Jahr bereits 
100 000 ""Fremde"" über Ungarn nach Österreich, Deutschland und Skandinavien eingereist. Das ist wohl auch der 
Grund, warum die EU-Kommission Orbáns menschenrechtlich umstrittene Barrierepolitik stillschweigend duldet. 
Deutschland rechnet in diesem Jahr nach Angaben des Bundesamts für Migration und Flüchtlinge (BAMF) mit rund 
450 000 Asylanträgen. BAMF-Chef Manfred Schmidt zufolge kamen bislang 97 000 Menschen aus Ländern des 
westlichen Balkans. Von ihnen würden aber nur 0,1 bis 0,2 Prozent als Flüchtlinge anerkannt. Dagegen stammten 
etwa 44 000 Anträge von Flüchtlingen aus Syrien - ihnen werde zu 85 Prozent Schutz gewährt. Nach Angaben 
des BAMF soll nun künftig bei offensichtlich unbegründeten Anträgen eine Wiedereinreisesperre und ein 
Aufenthaltsverbot für das Schengen-Gebiet ausgesprochen werden. Unionsfraktionschef Volker Kauder (CDU) 
zufolge sollen Menschen, die mit großer Wahrscheinlichkeit kein Asyl erhalten, nicht länger an die Kommunen 
verteilt werden. ""Sie sollten direkt aus den Erstaufnahmeeinrichtungen in ihre Heimatländer zurückgeführt werden."" 
Schmidt regte erneut an, das Taschengeld von etwa 140 Euro monatlich für Asylbewerber vom Westbalkan zu 
kürzen oder durch Sachleistungen zu ersetzen. ""Wir sollten dafür sorgen, dass aus den Ländern des Balkans, aber 
auch aus anderen Ländern über ein Einwanderungsgesetz qualifizierte Arbeitnehmer nach Deutschland legal 
einwandern können"", sagte Brandenburgs Ministerpräsident Dietmar Woidke (SPD) dem RBB-
Nachrichtenmagazin. NRW-Sozialminister Guntram Schneider (SPD) dringt auf eine legale Arbeitsmigration von 
Flüchtlingen, um das Asylrecht zu entlasten. Wer einen Arbeitsplatz in Deutschland gefunden habe, müsse legal 
hierher kommen können, ohne einen Asylantrag stellen zu müssen. Serbien, Mazedonien und Bosnien-
Herzegowina gelten seit 2014 als ""sichere Herkunftsländer"". Migranten aus diesen Ländern wollen die EU-Länder 
den Flüchtlingsstatus und damit das Recht auf Asyl verwehren; wirtschaftliche Gründe allein reichen dafür nicht. 

Massenflucht vom Balkan
Die Bundesregierung beabsichtigt deshalb, in diese Kategorie auch Albanien, Montenegro und den Kosovo 
aufzunehmen. Für die Bewohner des Kosovo gilt als einziges Balkanvolk noch Visumzwang - dennoch haben sich 
Zehntausende auf den Weg gemacht. In allen Ländern des Balkans gilt, was auch im Westen zutrifft: Niemand darf 
aus politischen oder religiösen Gründen verfolgt oder diskriminiert werden. In der Praxis kommt es aber immer 
wieder zu teils groben Verletzungen von Menschenrechten. Opfer sind meist ethnische Minderheiten, allen voran 
Roma. Sie hausen in Elendsquartieren, sind vom Arbeitsmarkt praktisch ausgeschlossen und können sich bei 
Behörden nur mühsam ihr Recht erkämpfen. Zum Teil resultieren Benachteiligungen auch aus dem mangelnden 
Willen, sich zu integrieren. Vor allem sind es aber Tausende junge Menschen zwischen 20 und 35 Jahren, die bei 
der hohen Arbeitslosigkeit von bis zu 50 Prozent im eigenen Land keine Zukunftsperspektive sehen. Diese 
Generation hat die postjugoslawischen Kriege Anfang der 90er Jahre nicht oder nicht bewusst erlebt, bekommt 
aber deren Folgen extrem zu spüren. Viele junge Menschen im Westbalkan fühlen sich zusätzlich desillusioniert, 
wenn EU-Regierungen bei jeder Gelegenheit verkünden, dass ihre Länder in den nächsten fünf bis zehn Jahren 
nicht beitreten könnten. Bei dieser tristen Aussichtslage ist eine Flucht für viele oft die einzige Alternative. Die 
Europäische Union hat die Migrationsströme indirekt und unbeabsichtigt mit verursacht. Die westliche Friedens- 
und Stabilitätspolitik der vergangenen 20 Jahre und die milliardenschwere Aufbauhilfe haben weder die 
demokratische noch die wirtschaftliche Entwicklung so nachhaltig vorangebracht, dass es die Menschen vor 
Auswanderung abhält. Hinzukommt die tiefe Frustration über die korrupten politischen Eliten, denen die EU zu 
wenig Druck macht. Diese Eliten neigen oft zu autoritärem Gehabe, weil ihnen der Machterhalt wichtiger ist als das 
Wohlergehen der Bevölkerung. Auch zur Aufklärung in Sachen Migration trugen sie bislang wenig bei. Und so 
beginnen die Informationskampagnen der EU erst jetzt langsam zu wirken. Am stärksten trifft das auf Serbien zu, 
das sich bemüht, seinem Status als Beitrittskandidat gerecht zu werden. ""Menschen, die kein Asyl erhalten, sollten 
direkt in ihre Heimatländer zurückgeführt werden"" Volker Kauder Unionsfraktionschef"
2015-08,Main Corpus,2015-08(50).ZIP,Neoliberale Flüchtlingshilfe.PDF,C:\PythonProjects\AfD-project\Corpora\Main Corpus\2015-08\raw_unarchive\Neoliberale Flüchtlingshilfe.PDF,Neoliberale Flüchtlingshilfe,neoliberale flüchtlingshilfe,Die Welt,die welt,Samstag 8. August 2015,Dr. Ulf Poschardt,TITEL; Kommentar; S. 1; Ausg. 183,653,5132,414196645ef58fffac2b54a606e2c4d27f1bb704,,unique,drop,commentary_noncore,no,,no,,,6141,yes,commentary_noncore,,,,"Deutschland erlebt einen kaum bewältigbaren Ansturm von Flüchtlingen. Das Land ist darauf unterschiedlich gut 
vorbereitet: Im wohlhabenden Westen deutlich besser als im sich zügig entvölkernden Osten. Als wären die 
praktischen Herausforderungen nicht groß genug, grassiert eine ideologische Instrumentalisierung, die den 
Flüchtling zum Spielball gesellschaftlicher Grundsatzdebatten macht. Stehen auf der einen Seite xenophobe 
Hinterwäldler und kulturpessimistische Reaktionäre, versammeln sich auf der anderen Seite Scheinheilige, die so 
tun, als könnte Deutschland jeden aufnehmen, dem danach ist. Rechte wie Linke jedoch verwechseln die 
Flüchtlingsdebatte mit einem Kulturkampf und unterlassen dabei, die volkswirtschaftliche Dimension zu bedenken.
Es fehlt ein kühl ökonomischer Blick. Das Flüchtlingsdrama ist für Deutschland eine teure Angelegenheit. Die 
Schaffung von Wohnraum für Zigtausende Menschen wirkt angesichts des Wohnraummangels in vielen Städten 
geradezu unmöglich. Zudem gibt es auch bei Schaffung von vorübergehendem Wohnraum jede Menge 
Bürokratieluxus. Da viele Flüchtlinge zumeist mittellos nach Deutschland kommen, sind sie schnell auch Klienten 
des Sozialstaates. So rührend und verdienstvoll Kleider- und Sachspenden sind, so heroisch wie liebenswert das 
Engagement von Nachbarschaften, Kirchen und Sozialverbänden ist, am Ende wird diese ungelenkte Form der 
Migration einen sowieso überdimensionierten Sozialstaat fordern und damit am Ende den Steuerzahler.
Integration gelingt dort am besten, wo Migranten einer geregelten Arbeit nachgehen. Parallelgesellschaften und 
Kriminalität wachsen, wo die Arbeit als täglicher Austausch mit der gastgebenden Mitwelt ausfällt. Vor diesem 
Hintergrund wirken die sozialpolitischen Triumphe der SPD wie der Mindestlohn und die Verschärfung der 
Praktikumsregeln ziemlich kontraproduktiv. Die Regulierung und Entflexibilisierung verhindern, dass viele der 
arbeitswilligen Migranten, die ihr gesamtes Hab und Gut für ein Leben in einer freien, kapitalistischen Gesellschaft 
riskiert haben, schnell Chancen auf Beschäftigung finden.
Der Vorstoß der Sozialdemokraten, Wirtschaftsflüchtlinge unter bestimmten Bedingungen mit Arbeitsvisa zu 
versehen, geht in die richtige Richtung. Doch das ist ein kleiner Tropfen auf einen glühenden Kontinent. Am Ende 
muss jede Zuwanderung, die nicht unter die Barmherzigkeit des Asylrechts fällt, unter wirtschaftlichen Kriterien 
gesehen werden. Und da sollten insbesondere die Sonntagsredner, die Gratismutigen und die Luxusethiker von der 
bürgerlichen Linken verstehen, dass wir nur dann mehr Zu- und Einwanderung abseits des Asyls haben können, 

Neoliberale Flüchtlingshilfe
wenn die Wirtschaft - kräftig! - wächst und viele Arbeitskräfte benötigt werden, denen wir eine nachhaltige 
Arbeitsplatzperspektive einräumen können. Das Wachstum in Deutschland ist trotz Null-Zins-Doping und niedriger 
Arbeitslosigkeit mickrig. Wer weniger abschieben will, muss mehr wirtschaftsfreundliche Reformprojekte aufgleisen 
und nicht wie die regierende Große Sozialdemokratische Koalition die Reförmchen der schröderschen 
Agendapolitik fahrlässig zurückdrehen. Amerika und England sind als Fluchtpunkte deshalb so beliebt, weil dort 
Kapitalismus am ungezügeltsten wirken darf.
Volkswirtschaftlich signifikant sind Be-, besser, Entvölkerungstrends, die dort besonders grausam zuschlagen, wo 
sich eine abstiegsbedrohte Mittelschicht und ein gescheiterter Nationalmob gegen Zuwanderung wehren. Einige 
der wütenden Protestierer sind nicht nur Vorboten, sondern Garanten des Untergangs ihrer ""geliebten Heimat"". 
Tätowiert, zahnlos und angetrunken, klagen sie über das Elend nicht gelingender Integration und beweisen dies 
anders als intendiert: Sollten diese Enggeister für eine deutsche oder auch europäische Zivilisation stehen, in die 
sich ein Lehrer aus Aleppo oder ein Facharbeiter aus Tirana integrieren soll? Sicherlich nicht. Die Rechte hat im 
Augenblick nur eine xenophobe reaktionäre Identität anzubieten, die sich ausschließlich aus Angst und 
Verliererstolz speist. Die Linke selbst untergräbt nahezu jede Form von Identität, nationaler, sexueller, religiöser Art, 
und macht Integration zu einem Vexierspiel.
Der wie zu erwarten moralisch hohe Ton macht aus dem Flüchtlingsdrama eine Gesinnungsoperette. Der 
Antifaschismus in den sozialen Netzwerken und in Fernsehkommentaren blüht, die konkrete Verantwortung wird an 
heillos überforderte Kommunen delegiert - und an Heerscharen engagierter Bürger. Dass das grün-rote Baden-
Württemberg konsequent abschiebt, zeigt, wie schmerzhaft es sein kann, eigene Herzensangelegenheiten mit der 
Realität in Einklang zu bringen. An Abschiebung und weiterer Ausflaggung sicherer Drittländer führt aber kein Weg 
vorbei. Und einem Einwanderungsgesetz, das jene (und nur jene) ins Land lässt, die gebraucht werden. Je mehr 
die Wirtschaft wächst, umso großzügiger können Bund und Land sein. Zeit also für Multikulturalisten, neoliberal zu 
denken und zu sprechen.
Integration gelingt dort am besten, wo Migranten einer geregelten Arbeit nachgehen
Original Gesamtseiten-PDF"
2015-08,Main Corpus,2015-08(50).ZIP,Politik Kompakt Asyl_ Woelki_ Armut auf Balkan anders bekämpfen ++ Westbalkan_ Flüchtlingskrise besc.PDF,C:\PythonProjects\AfD-project\Corpora\Main Corpus\2015-08\raw_unarchive\Politik Kompakt Asyl_ Woelki_ Armut auf Balkan anders bekämpfen ++ Westbalkan_ Flüchtlingskrise besc.PDF,Politik Kompakt; Asyl: Woelki: Armut auf Balkan anders bekämpfen ++ Westbalkan: Flüchtlingskrise beschäftigt,politik kompakt asyl woelki armut auf balkan anders bekämpfen  westbalkan flüchtlingskrise beschäftigt,Die Welt,die welt,Samstag 22. August 2015,,POLITIK; Kompakt; S. 5; Ausg. 195,385,2904,220eaeb826589635cbc0a797cc8ad406a8a3670f,,unique,keep,,no,,no,,,4469,no,,,,,"Asyl
Woelki: Armut auf Balkan anders bekämpfen
Der Kölner Kardinal Rainer Maria Woelki hat zum Abschluss seiner Balkanreise seine Forderung nach einem 
Einwanderungsgesetz bekräftigt. Deutschland brauche ein Einwanderungsgesetz, ""weil das deutsche Asylrecht 
kein geeignetes Mittel ist, um die Armut auf dem Balkan zu bekämpfen"", sagte der Erzbischof. Es sei verständlich, 
wenn Menschen kämen, die bessere Lebensbedingungen suchten. Zugleich habe er den Menschen in Albanien 
und Kosovo geraten: ""Bleibt in eurem Land! Ihr habt hier eine Zukunft!"" Seiner Ansicht nach lebe man dort ""in 
Sicherheit"" und werde ""in der Regel nicht politisch verfolgt"".
Westbalkan
Flüchtlingskrise beschäftigt mehrere Konferenzen
Der Umgang mit Flüchtlingen wird Thema des Besuchs von Frankreichs Staatspräsident François Hollande am 
Montag in Berlin sowie der Westbalkankonferenz am Donnerstag in Wien sein. Wie der Sprecher der 
Bundesregierung, Steffen Seibert, mitteilte, trifft Kanzlerin Angela Merkel (CDU) in Österreich die Regierungschefs 
aus Albanien, Bosnien-Herzegowina, Kosovo, Kroatien, Mazedonien, Montenegro, Serbien und Slowenien. Diese 
beklagen längst einen ""Aderlass"". In der Bundesregierung wird erwogen, Albanien, Mazedonien und das Kosovo zu 
sicheren Herkunftsstaaten zu erklären, was schnellere Asylentscheidungen und Abschiebungen ermöglicht. Seibert 
hob die Verantwortung der Herkunftsländer hervor, angemessene Lebensbedingungen zu schaffen.
Mazedonien
Ausschreitungen an Grenze zu Griechenland

Politik Kompakt; Asyl: Woelki: Armut auf Balkan anders bekämpfen ++ Westbalkan: Flüchtlingskrise beschäftigt 
mehrere Konferenzen ++ Mazedonien: Ausschreitungen ....
Mit Tränengas und Blendgranaten hat die mazedonische Polizei am Freitag versucht, Hunderte Migranten am 
Überschreiten der Grenze von Griechenland aus zu hindern. Viele von ihnen flüchteten in Panik aus dem 
Niemandsland zwischen den beiden Staaten zurück nach Griechenland, wie das Fernsehen berichtete. Andere 
legten sich aus Protest gegen die Blockade auf die Bahngleise in der Nähe des Grenzübergangs Gevgelija. 
Mazedonien hatte wegen der angespannten Situation an seinen Grenzen zu Griechenland und Serbien am 
Donnerstag den Notstand erklärt und den Übergang an einer wichtigen Route nach Westeuropa blockiert.
Migranten
Deutsche halten hohe Anzahl für verkraftbar
Die Mehrheit der Deutschen ist der Meinung, dass die Bundesrepublik die große Zahl von Flüchtlingen verkraften 
kann. Dies gaben 60 Prozent (Juli: 54 Prozent) im ZDF-""Politbarometer"" an. Fast drei Viertel der Befragten sind 
dafür, dass es bei der Unterbringung von Flüchtlingen und der Abwicklung der Asylverfahren Unterschiede geben 
sollte - je nachdem, welche Chance jemand auf ein Bleiberecht hat. 69 Prozent stimmen dem Vorschlag zu, 
Flüchtlingen weniger Geld und dafür mehr Sachleistungen zu geben, 26 Prozent lehnen das ab.
Original Gesamtseiten-PDF"
2015-08,Main Corpus,2015-08(50).ZIP,Politik Kompakt I _Agenda 2020__ Schröder fordert moderne Zuwanderungspolitik ++ Hameln_ Tatverdächt.PDF,C:\PythonProjects\AfD-project\Corpora\Main Corpus\2015-08\raw_unarchive\Politik Kompakt I _Agenda 2020__ Schröder fordert moderne Zuwanderungspolitik ++ Hameln_ Tatverdächt.PDF,"Politik Kompakt I ""Agenda 2020"": Schröder fordert moderne Zuwanderungspolitik ++ Hameln: Tatverdächtige",politik kompakt i agenda 2020 schröder fordert moderne zuwanderungspolitik  hameln tatverdächtige,Die Welt,die welt,Montag 31. August 2015,,POLITIK; Kompakt; S. 4; Ausg. 202,535,4017,2d2f70874305444d2220f4d75bfb62275f1473d7,,unique,keep,,no,,no,,,5652,no,,,,,"""Agenda 2020""
Schröder fordert moderne Zuwanderungspolitik
Der frühere Bundeskanzler Gerhard Schröder (SPD) fordert eine ""Agenda 2020"" für eine ""moderne 
Zuwanderungspolitik"". ""Wenn wir auch in Zukunft ein sozial und wirtschaftlich starkes Land sein wollen, dann 
brauchen wir Zuwanderung"", schreibt Schröder in einem Beitrag für die ""Welt am Sonntag"". In Deutschland werde 
die Bevölkerung im erwerbsfähigen Alter stark schrumpfen. ""Was wir also brauchen, ist eine Einwanderung in unser 
Sozialsystem. Denn ohne diese können wir Renten in der Zukunft gar nicht mehr finanzieren"", so Schröder. Das 
Asylverfahren biete vielen keine Perspektive auf einen Verbleib in Deutschland. ""Wenn wir versuchen, die Tür zum 
Asylverfahren zu schließen, dann müssen wir daher eine legale Tür zur Zuwanderung öffnen. Nur in der 
Legalisierung der Zuwanderung besteht die Chance, diese kontrolliert zu halten"", schreibt Schröder. ""Wir dürfen 
diese Migration in und nach Europa nicht durch neue Eiserne Vorhänge zu verhindern versuchen. Stattdessen 
müssen wir sie steuern, müssen integrieren und müssen Perspektiven in den Herkunftsländern schaffen.""
Hameln
Tatverdächtige nach Anschlag gefasst
Nach dem Brandanschlag auf eine Asylbewerberunterkunft in Salzhemmendorf bei Hameln sind drei Verdächtige 
festgenommen worden. Es handele sich um zwei Männer im Alter von 24 und 30 Jahren aus Salzhemmendorf 
sowie eine 23-jährige Frau aus dem Raum Hannover, teilte die Polizei Hameln mit. Der 24-Jährige sei wegen 
Sachbeschädigung, Körperverletzung sowie politisch motivierten Taten bereits polizeibekannt, der 30-Jährige 
wegen Sachbeschädigung und Diebstahls. Niedersachsens Ministerpräsident Stefan Weil (SPD) sagte dem NDR, 
die drei Verdächtigen hätten Geständnisse abgelegt. Die Attentäter hatten in der Nacht zum Freitag einen Molotow-

Politik Kompakt I ""Agenda 2020"": Schröder fordert moderne Zuwanderungspolitik ++ Hameln: Tatverdächtige 
nach Anschlag gefasst ++ Heidenau: Feiern mit Flüchtling....
Cocktail durch ein Fenster eines ehemaligen Schulgebäudes geworfen, in dem Flüchtlinge untergebracht sind. Eine 
Asylbewerberin aus Simbabwe bemerkte den Angriff und konnte sich und ihre Familie unverletzt in Sicherheit 
bringen. Laut Polizei befanden sich zum Zeitpunkt des Anschlags etwa 40 Flüchtlinge in dem Gebäude.
Heidenau
Feiern mit Flüchtlingen statt Versammlungsverbot
Nach dem Wegfall eines Versammlungsverbots hat ein großes Polizeiaufgebot am Wochenende rechte Gegner 
einer Flüchtlingsunterkunft im sächsischen Heidenau auf Distanz gehalten. Hunderte linke Demonstranten feierten 
auf der Straße vor dem zum Heim umgewandelten Baumarkt mit den Flüchtlingen. Zuvor waren im nahe gelegenen 
Dresden etwa 5000 Menschen für Menschlichkeit und Solidarität mit den Flüchtlingen auf die Straße gegangen. Sie 
prangerten auch eine verfehlte Regierungspolitik an, die Zustände wie in Heidenau möglich mache. Dort war es vor 
einer Woche zu schweren Ausschreitungen von Fremdenfeinden gekommen.
Ostdeutschland
Regierungschefs wehren sich gegen Nazi-Image
Angesichts der steigenden Zahl von Übergriffen auf Asylunterkünfte warnen ostdeutsche Ministerpräsidenten 
davor, Fremdenhass als ostdeutsches Problem zu betrachten. Man sollte sich davor hüten, ""hier vorschnell von 
einem ostdeutschen Phänomen zu sprechen"", sagte der Brandenburger Regierungschef Dietmar Woidke (SPD) 
der ""Welt am Sonntag"". Eine Analyse der Zeitung hatte gezeigt, dass Angriffe auf Flüchtlinge und 
Asylbewerberheime dort besonders häufig verübt werden, wo die NPD im Stadt- oder Gemeinderat vertreten ist. 
Die NPD in Sachsen hält seit der letzten Kommunalwahl 59 solcher Mandate, unter anderem in den Orten, in denen 
die meisten flüchtlingsfeindlichen Vorfälle gezählt werden: Dresden, Heidenau und Freital. Nach Ansicht Woidkes 
verdeutlicht die Karte der rechtsextremistisch motivierten Gewalttaten, ""dass es sich nicht um ein Ost-West-
Problem, sondern um eine deutschlandweit zu betrachtende Entwicklung handelt.""
Original Gesamtseiten-PDF"
2015-08,Main Corpus,2015-08(50).ZIP,Politik will Flüchtlingen ans Taschengeld THEMA DES TAGES Asylbewerber Der Chef des Bundesamts für M.PDF,C:\PythonProjects\AfD-project\Corpora\Main Corpus\2015-08\raw_unarchive\Politik will Flüchtlingen ans Taschengeld THEMA DES TAGES Asylbewerber Der Chef des Bundesamts für M.PDF,Politik will Flüchtlingen ans Taschengeld THEMA DES TAGES; Asylbewerber Der Chef des Bundesamts für,politik will flüchtlingen ans taschengeld thema des tages asylbewerber der chef des bundesamts für,"taz, die tageszeitung",taz die tageszeitung,Montag 17. August 2015,Daniel Bax,AKTUELLES; S. 2,565,4171,2af7a15959b72aa8b4b83a8b5884c750bf2a8f55,,unique,keep,,no,,no,,,5941,no,,,,,"von Daniel Bax
Berlin taz | Kann man Asylbewerber vom Balkan rechtlich schlechterstellen als Antragsteller aus anderen Ländern? 
Das befürwortet der Präsident des Bundesamts für Migration und Flüchtlinge, Manfred Schmidt. Denn wenn jemand 
nur nach Deutschland komme, um hier staatliche Leistungen zu erhalten, könnten ihm diese laut Gesetz gekürzt 
werden, sagte Schmidt der Frankfurter Allgemeinen Sonntagszeitung. Statt Geld könne man insbesondere an 
Asylbewerber vom Balkan auch Fahrscheine oder Gutscheine ausgeben, regte Schmidt an.
Der Behördenchef sprang damit seinem Dienstherren Thomas de Maizière (CDU) zur Seite. Der 
Bundesinnenminister hatte vorgeschlagen, Flüchtlingen das Taschengeld zu kürzen. Dabei hatte er vor allem 
Flüchtlinge vom Balkan im Blick, die kaum eine Chance auf politisches Asyl haben. Die Höhe unserer 
Asylbewerberleistungen ist teilweise höher als ein Erwerbseinkommen in Albanien und Kosovo , hatte de Maizière 
vorgerechnet. Bei Sozialverbänden, der Opposition und der SPD stieß der Vorstoß auf scharfe Kritik.
Die Flüchtlingsbeauftragte der Bundesregierung, Aydan Özo uz (SPD), sagte, de Maizière erwecke den falschen 
Eindruck, Flüchtlinge stünden enorme Geldsummen zur Verfügung. In Wirklichkeit reiche das Taschengeld von 
4,64 Euro pro Tag gerade mal für Telefonate, Fahrkarten oder eine Zeitung. Es sei eine Lebenslüge , dass sich der 
Zustrom von Flüchtlingen über die Höhe der Leistungen begrenzen ließe, kritisierte Grünen-Fraktionsvorsitzende 
Katrin Göring-Eckardt. Linke-Fraktionschef Gregor Gysi bezeichnete den Vorschlag als Schikane . Der Paritätische 
Wohlfahrtsverband sprach von Stimmungsmache , Pro Asyl von Populismus in der Sommerpause . Unterstützung 
erhielt de Maizière dagegen von den Kommunen. Es sollte geprüft werden, ob das deutsche Asylsystem zu viele 
Anreize biete, heißt es in einem Forderungskatalog des Deutschen Städte- und Gemeindebunds, der am Samstag 
publik wurde.

Politik will Flüchtlingen ans Taschengeld THEMA DES TAGES; Asylbewerber Der Chef des Bundesamts für 
Migration, Manfred Schmidt, unterstützt Innenminister Thomas....
Wie viel Bargeld ein Flüchtling erhält, hängt davon ab, wie lange er im Land ist. In den ersten drei Monaten leben 
Flüchtlinge gewöhnlich in Erstaufnahmeeinrichtungen, in denen es vorrangig Sachleistungen gibt. Zusätzlich 
erhalten sie dort ein Taschengeld von 143 Euro im Monat. Werden sie nach drei Monaten auf die Kommunen 
verteilt, werden Asylbewerbern vorrangig Bargeldleistungen gewährt. Dabei erhalten Alleinstehende 216 Euro im 
Monat, was zusammen mit dem Taschengeld 359 Euro ergibt. Erst nach 15 Monaten stehen ihnen Leistungen auf 
dem Niveau der Sozialhilfe zu. Mit dem Geld von einem drei- oder viermonatigen Aufenthalt ließ sich das Leben im 
Herkunftsland neun oder zehn Monate lang bestreiten , sagte Behördenchef Manfred Schmidt trotzdem. Dies sei 
womöglich ein Grund, warum viele Asylbewerber vom Balkan nach einer Ausreise kurze Zeit später wieder nach 
Deutschland eingereist seien.
Bundesaußenminister Frank-Walter Steinmeier (SPD) plädierte dafür, nach Serbien, Mazedonien sowie Bosnien 
und Herzegowina weitere Länder in der Region zu sicheren Herkunftsstaaten zu erklären. 30 bis 40 Prozent der 
Asylbewerber kommen aus den Ländern des westlichen Balkans und hätten keine Chance auf Anerkennung auf 
Asyl , sagte der SPD-Politiker der Bild am Sonntag. Diese Lage ist so nicht haltbar. Steinmeier sprach sich 
außerdem für schnellere Abschiebungen aus.
Außenminister Steinmeier (SPD) plädiert für mehr sichere Herkunftsstaaten
Tod im Laderaum
Menschen erstickt: Mindestens 50 Flüchtlinge sind im Mittelmeer im Laderaum eines Fischerbootes erstickt. Mehr 
als 300 Menschen sind laut italienischer Marine gerettet worden.
Schiff überladen: Das überladene Schiff geriet vor der libyschen Küste südlich der italienischen Insel Lampedusa in 
Schwierigkeiten. Die Migranten waren vermutlich im Laderaum eingeschlossen, wo sie wahrscheinlich an 
Treibstoffabgasen erstickten.
Schreckliches Bild: Ein schreckliches Bild, das die Besatzung schwer getroffen hat: Dutzende Leichen im 
Laderaum angehäuft , sagte der Kapitän des Rettungsschiffs."
2015-08,Main Corpus,2015-08(50).ZIP,Retten Flüchtlinge unsere Rente_ Hunderttausende Asylbewerber kommen nach Deutschland. Sie belasten(2).PDF,C:\PythonProjects\AfD-project\Corpora\Main Corpus\2015-08\raw_unarchive\Retten Flüchtlinge unsere Rente_ Hunderttausende Asylbewerber kommen nach Deutschland. Sie belasten(2).PDF,Retten Flüchtlinge unsere Rente? Hunderttausende Asylbewerber kommen nach Deutschland. Sie belasten die,retten flüchtlinge unsere rente hunderttausende asylbewerber kommen nach deutschland sie belasten die,Die ZEIT (inklusive ZEIT Magazin),die zeit inklusive zeit magazin,13. August 2015,"Elisabeth Niejahr, Mark Schieritz",WIRTSCHAFT;Retten Flüchtlinge unsere Rente?; S. 22; Ausg. 33,788,5870,bff459ce521dfe0818bd2ba3e734f62f65e6a8ef,variant_001,regional_variant,review,,no,,no,,,7186,no,,,near_001,variant_001,"1 Können Flüchtlinge helfen, die Rentenkasse zu füllen?
Ja. Allerdings weiß momentan niemand genau, wie groß der Anteil der Flüchtlinge ist, die kurz- und mittelfristig 
Jobs in Deutschland übernehmen und somit auch Beiträge in die Sozialversicherungen einzahlen können. In 
welchem Maße Flüchtlinge eine Überlastung des Rentensystems abzufedern vermögen, ist deshalb schwer zu 
sagen. Die Arbeitsmarktchancen von Flüchtlingen wurden bislang bei der Entscheidung über Asylanträge 
ausdrücklich ausgeklammert. Flüchtlinge dürfen im Land bleiben, wenn sie politisch verfolgt werden oder vor Krieg 
fliehen - unabhängig davon, wie gut sie ausgebildet sind. Darüber hinaus werden jene Flüchtlinge in Deutschland 
geduldet, deren Ausreise beispielsweise wegen einer Krankheit unzumutbar erscheint. Asylbewerber, die abgelehnt 
werden, können zwar grundsätzlich einwandern, sie müssen dafür aber ein Visum beantragen. Bisher war die 
Rechtslage so verrückt, dass Flüchtlinge mit guten Arbeitsmarktchancen in ihr Heimatland zurückkehren mussten, 
um dort die nötigen Anträge zu stellen, nach deren Bewilligung sie in Deutschland arbeiten durften. Inzwischen sind 
die deutschen Behörden pragmatischer. Es gibt mehr Jobangebote für Flüchtlinge, selbst für solche, deren 
Asylverfahren noch läuft - zum Beispiel Ausbildungsstellen für Minderjährige, die ohne erwachsene Begleiter ins 
Land kamen, sowie Offerten für Hochqualifizierte.
2 Nehmen uns Flüchtlinge die Arbeit weg?
Dazu müssen sie erst einmal arbeiten dürfen. Normalerweise erhalten Menschen, die als Flüchtlinge anerkannt 
wurden, in Deutschland nach spätestens 15 Monaten eine Arbeitsgenehmigung. Dann machen sie den 
einheimischen Arbeitnehmern potenziell Konkurrenz. Die meisten Studien, die sich mit den ökonomischen Folgen 
von Migration beschäftigen, kommen allerdings zu dem Ergebnis, dass sich Einwanderung alles in allem nicht 
negativ auf den Arbeitsmarkt auswirkt. Denn Einwanderer sind auch Konsumenten, und um die zusätzlichen 
Konsumwünsche zu befriedigen, müssen die Unternehmen mehr Waren herstellen - und können damit mehr Leute 
beschäftigen. Außerdem haben viele deutsche Arbeitgeber große Schwierigkeiten, offene Stellen zu besetzen, 
Krankenhäuser und Pflegeheime zum Beispiel. Zuwanderer könnten diese ""Lücken auf dem deutschen 

Retten Flüchtlinge unsere Rente? Hunderttausende Asylbewerber kommen nach Deutschland. Sie belasten die 
Sozialkassen. Aber nur, wenn sie nicht arbeiten
Arbeitsmarkt auffüllen"", schreibt die Bundesbank - und so dafür sorgen, dass einige Dienstleistungen überhaupt zu 
annehmbaren Preisen angeboten werden können.
Doch auch wenn die Gesamtbilanz in der Regel positiv ist, ist nach Analysen der Bundesbank nicht 
auszuschließen, dass durch eine rasant steigende Zahl von Arbeitnehmern in einzelnen Branchen oder Regionen 
die Löhne unter Druck geraten oder die ""Chancen inländischer Arbeitssuchender"" - vor allem solcher mit geringer 
Qualifikation - eingeschränkt werden.
3 Sind Flüchtlinge eine Belastung für den Sozialstaat?
Das lässt sich pauschal nicht sagen. Solange sie nicht arbeiten, muss die Gemeinschaft die Kosten für ihre 
Unterbringung, Verpflegung und Gesundheitsversorgung tragen. Inwieweit sich das ändert, wenn die Flüchtlinge 
eine Arbeit gefunden haben, hängt vor allem von zwei Faktoren ab: dem Alter und der Qualifikation. Je jünger und 
besser qualifiziert ein Arbeitnehmer ist, desto größer ist die Wahrscheinlichkeit, dass er mehr an Steuern und 
Abgaben in die Staatskassen einzahlt, als er an Sozialleistungen erhält.
Die meisten Studien - etwa eine länderübergreifende Untersuchung der OECD aus dem Jahr 2013 - deuten darauf 
hin, dass Zuwanderer derzeit den Sozialstaat entlasten: Sie zahlen also mehr ein, als sie entnehmen. In diesen 
Berechnungen sind allerdings die in den vergangenen zwei Jahren angekommenen Flüchtlinge noch nicht 
berücksichtigt. Außerdem ist umstritten, wie die Bilanz ausfällt, wenn die Zuwanderer älter werden. Wenn sie 
Anspruch auf eine Rente haben, wenn sie öfter zum Arzt gehen oder gepflegt werden müssen. Ökonomen wie 
Hans-Werner Sinn vom Münchner ifo Institut behaupten, dass Zuwanderung dann unter dem Strich die 
Sozialkassen belastet. Andere Experten halten diese Sorge für unbegründet, weil unter den Einwanderern in 
jüngster Zeit immer mehr gut qualifizierte Arbeitnehmer waren, die schneller eine gut bezahlte Arbeit finden.
4 Was würde Flüchtlingen nutzen - und dem Rest des Landes?
Damit die anerkannten Flüchtlinge gute Jobs finden können, müssen wir sie aus- und fortbilden. Klingt banal, 
funktioniert aber in der Praxis häufig nicht. Viele Flüchtlingskinder werden beispielsweise in Hauptschulen 
untergebracht, obwohl einige von ihnen nur gute Sprachkurse bräuchten und dann auch in Gymnasien mithalten 
könnten. Viele Kinder von Flüchtlingen gehen momentan gar nicht zur Schule, weil die Kommunen damit 
überfordert sind, genug Plätze zu finden.
Wichtig wäre, nicht blind auf die Rechnung zu vertrauen, dass Flüchtlinge immer da helfen können, wo die Alterung 
der einheimischen Bevölkerung die größten Leerstellen hinterlässt. Nach dieser Logik hätte der grüne 
Ministerpräsident Winfried Kretschmann recht mit seinem Vorschlag, mehr Asylbewerber nach Ostdeutschland zu 
schicken. Doch wer in Deutschland als Flüchtling anerkannt wird, darf ohnehin selbst bestimmen, wo er leben und 
arbeiten will. Oft sind das florierende Wachstumsregionen, wo Arbeitskräfte händeringend gesucht werden. Aber 
auch die Notunterkünfte für gerade eingetroffene Flüchtlinge sollten ebenfalls häufiger in Ballungsräumen stehen. 
Das ist zwar teurer für die Kommunen, erhöht aber die Chancen für hoch qualifizierte Bewerber, schnell gute 
Arbeitsstellen zu finden.
VON ELISABETH NIEJAHR UND MARK SCHIERITZ
Graphic
 
 In Berlin warten Flüchtlinge auf ihre Registrierung. Erst nach Monaten dürfen sie arbeiten"
2015-08,Main Corpus,2015-08(50).ZIP,Retten Flüchtlinge unsere Rente_ Hunderttausende Asylbewerber kommen nach Deutschland. Sie belasten.PDF,C:\PythonProjects\AfD-project\Corpora\Main Corpus\2015-08\raw_unarchive\Retten Flüchtlinge unsere Rente_ Hunderttausende Asylbewerber kommen nach Deutschland. Sie belasten.PDF,Retten Flüchtlinge unsere Rente? Hunderttausende Asylbewerber kommen nach Deutschland. Sie belasten die,retten flüchtlinge unsere rente hunderttausende asylbewerber kommen nach deutschland sie belasten die,Die ZEIT (inklusive ZEIT Magazin),die zeit inklusive zeit magazin,13. August 2015,Elisabeth Niejahr,WIRTSCHAFT;Retten Flüchtlinge unsere Rente?; S. 22; Ausg. 33,789,5879,6d721366a7daa57cb8652998d9a1c47770c14c9e,variant_001,regional_variant,review,,no,,no,,,7192,no,,,near_001,variant_001,"Mark Schieritz
 1 Können Flüchtlinge helfen, die Rentenkasse zu füllen?
Ja. Allerdings weiß momentan niemand genau, wie groß der Anteil der Flüchtlinge ist, die kurz- und mittelfristig 
Jobs in Deutschland übernehmen und somit auch Beiträge in die Sozialversicherungen einzahlen können. In 
welchem Maße Flüchtlinge eine Überlastung des Rentensystems abzufedern vermögen, ist deshalb schwer zu 
sagen. Die Arbeitsmarktchancen von Flüchtlingen wurden bislang bei der Entscheidung über Asylanträge 
ausdrücklich ausgeklammert. Flüchtlinge dürfen im Land bleiben, wenn sie politisch verfolgt werden oder vor Krieg 
fliehen - unabhängig davon, wie gut sie ausgebildet sind. Darüber hinaus werden jene Flüchtlinge in Deutschland 
geduldet, deren Ausreise beispielsweise wegen einer Krankheit unzumutbar erscheint. Asylbewerber, die 
abgelehnt werden, können zwar grundsätzlich einwandern, sie müssen dafür aber ein Visum beantragen. Bisher 
war die Rechtslage so verrückt, dass Flüchtlinge mit guten Arbeitsmarktchancen in ihr Heimatland zurückkehren 
mussten, um dort die nötigen Anträge zu stellen, nach deren Bewilligung sie in Deutschland arbeiten durften. 
Inzwischen sind die deutschen Behörden pragmatischer. Es gibt mehr Jobangebote für Flüchtlinge, selbst für 
solche, deren Asylverfahren noch läuft - zum Beispiel Ausbildungsstellen für Minderjährige, die ohne erwachsene 
Begleiter ins Land kamen, sowie Offerten für Hochqualifizierte.
 2 Nehmen uns Flüchtlinge die Arbeit weg?
Dazu müssen sie erst einmal arbeiten dürfen. Normalerweise erhalten Menschen, die als Flüchtlinge anerkannt 
wurden, in Deutschland nach spätestens 15 Monaten eine Arbeitsgenehmigung. Dann machen sie den 
einheimischen Arbeitnehmern potenziell Konkurrenz. Die meisten Studien, die sich mit den ökonomischen Folgen 
von Migration beschäftigen, kommen allerdings zu dem Ergebnis, dass sich Einwanderung alles in allem nicht 

Retten Flüchtlinge unsere Rente? Hunderttausende Asylbewerber kommen nach Deutschland. Sie belasten die 
Sozialkassen. Aber nur, wenn sie nicht arbeiten
negativ auf den Arbeitsmarkt auswirkt. Denn Einwanderer sind auch Konsumenten, und um die zusätzlichen 
Konsumwünsche zu befriedigen, müssen die Unternehmen mehr Waren herstellen - und können damit mehr 
Leute beschäftigen. Außerdem haben viele deutsche Arbeitgeber große Schwierigkeiten, offene Stellen zu 
besetzen, Krankenhäuser und Pflegeheime zum Beispiel. Zuwanderer könnten diese »Lücken auf dem deutschen 
Arbeitsmarkt auffüllen«, schreibt die Bundesbank - und so dafür sorgen, dass einige Dienstleistungen überhaupt 
zu annehmbaren Preisen angeboten werden können.
Doch auch wenn die Gesamtbilanz in der Regel positiv ist, ist nach Analysen der Bundesbank nicht 
auszuschließen, dass durch eine rasant steigende Zahl von Arbeitnehmern in einzelnen Branchen oder Regionen 
die Löhne unter Druck geraten oder die »Chancen inländischer Arbeitssuchender« - vor allem solcher mit 
geringer Qualifikation - eingeschränkt werden.
 3 Sind Flüchtlinge eine Belastung für den Sozialstaat?
Das lässt sich pauschal nicht sagen. Solange sie nicht arbeiten, muss die Gemeinschaft die Kosten für ihre 
Unterbringung, Verpflegung und Gesundheitsversorgung tragen. Inwieweit sich das ändert, wenn die Flüchtlinge 
eine Arbeit gefunden haben, hängt vor allem von zwei Faktoren ab: dem Alter und der Qualifikation. Je jünger und 
besser qualifiziert ein Arbeitnehmer ist, desto größer ist die Wahrscheinlichkeit, dass er mehr an Steuern und 
Abgaben in die Staatskassen einzahlt, als er an Sozialleistungen erhält.
Die meisten Studien - etwa eine länderübergreifende Untersuchung der OECD aus dem Jahr 2013 - deuten darauf 
hin, dass Zuwanderer derzeit den Sozialstaat entlasten: Sie zahlen also mehr ein, als sie entnehmen. In diesen 
Berechnungen sind allerdings die in den vergangenen zwei Jahren angekommenen Flüchtlinge noch nicht 
berücksichtigt. Außerdem ist umstritten, wie die Bilanz ausfällt, wenn die Zuwanderer älter werden. Wenn sie 
Anspruch auf eine Rente haben, wenn sie öfter zum Arzt gehen oder gepflegt werden müssen. Ökonomen wie 
Hans-Werner Sinn vom Münchner ifo Institut behaupten, dass Zuwanderung dann unter dem Strich die 
Sozialkassen belastet. Andere Experten halten diese Sorge für unbegründet, weil unter den Einwanderern in 
jüngster Zeit immer mehr gut qualifizierte Arbeitnehmer waren, die schneller eine gut bezahlte Arbeit finden.
 4 Was würde Flüchtlingen nutzen - und dem Rest des Landes?
Damit die anerkannten Flüchtlinge gute Jobs finden können, müssen wir sie aus- und fortbilden. Klingt banal, 
funktioniert aber in der Praxis häufig nicht. Viele Flüchtlingskinder werden beispielsweise in Hauptschulen 
untergebracht, obwohl einige von ihnen nur gute Sprachkurse bräuchten und dann auch in Gymnasien mithalten 
könnten. Viele Kinder von Flüchtlingen gehen momentan gar nicht zur Schule, weil die Kommunen damit 
überfordert sind, genug Plätze zu finden.
Wichtig wäre, nicht blind auf die Rechnung zu vertrauen, dass Flüchtlinge immer da helfen können, wo die 
Alterung der einheimischen Bevölkerung die größten Leerstellen hinterlässt. Nach dieser Logik hätte der grüne 
Ministerpräsident Winfried Kretschmann recht mit seinem Vorschlag, mehr Asylbewerber nach Ostdeutschland zu 
schicken. Doch wer in Deutschland als Flüchtling anerkannt wird, darf ohnehin selbst bestimmen, wo er leben und 
arbeiten will. Oft sind das florierende Wachstumsregionen, wo Arbeitskräfte händeringend gesucht werden. Aber 
auch die Notunterkünfte für gerade eingetroffene Flüchtlinge sollten ebenfalls häufiger in Ballungsräumen stehen. 
Das ist zwar teurer für die Kommunen, erhöht aber die Chancen für hoch qualifizierte Bewerber, schnell gute 
Arbeitsstellen zu finden.
VON ELISABETH NIEJAHR UND MARK SCHIERITZ
 In Berlin warten Flüchtlinge auf ihre Registrierung. Erst nach Monaten dürfen sie arbeiten"
2015-08,Main Corpus,2015-08(50).ZIP,Rheurdter Vereine zeigen sich offen für die Flüchtlinge(2).PDF,C:\PythonProjects\AfD-project\Corpora\Main Corpus\2015-08\raw_unarchive\Rheurdter Vereine zeigen sich offen für die Flüchtlinge(2).PDF,Rheurdter Vereine zeigen sich offen für die Flüchtlinge,rheurdter vereine zeigen sich offen für die flüchtlinge,Rheinische Post,rheinische post,3. August 2015 Montag,,,269,1974,0320e7c672847a9cda2c4312645e0030caf3c6b8,,unique,keep,,no,,no,,,2822,no,,,,,"Rheurdt (s-g) Um Flüchtlingen beim Einleben in Deutschland zu helfen, haben Vereine in Rheurdt bereits erste 
Schritte getan. Wie Margret Schröders und Jörg Lademann, beide Betreuer der Flüchtlinge vor Ort, mitteilen, haben 
unter anderem die Sankt-Georgs-Pfadfinder und der TV Rheurdt sich dafür engagiert. 
Die Pfadfinder hätten junge Flüchtlinge in ihre Gemeinschaft mitaufgenommen, der Turnverein sie integriert in das 
Programm für das Mutter-Kind-Turnen. Schröders unterstreicht, wie wichtig neben dem Erlernen der Sprache 
solche Angebote seien, die den Menschen ermöglichten, am Leben in der Ortschaft teilzuhaben anstatt 
ausgeschlossen zu bleiben. Derzeit leben in der Gemeinde Rheurdt 62 Flüchtlinge. Sie kommen aus folgenden 
Nationen: Türkei, Aserbaidschan, Syrien, Eritrea, Ghana, Algerien, Serbien, Georgien, Iran, Ägypten, Togo, 
Mazedonien, Albanien, Bangladesch, Pakistan, Indien, Afghanistan, Bosnien-Herzegowina, Kosovo. Bei der 
Unterbringung müsse man natürlich auch berücksichtigen, dass es Spannungen ethnischer oder religiöser Art 
zwischen einzelnen Personen geben könne, erklärt Bürgermeister Klaus Kleinenkuhnen. Probleme dieser Art gebe 
es bei Familien nicht, die Gemeinde hat durch Anmietung von Wohnungen dafür gesorgt, dass die Menschen nicht 
in einer Ghetto-Situation leben müssen. Den Flüchtlingshelfern ist bewusst, dass speziell über Einwanderer aus 
Balkanländern in der Politik derzeit heftig gestritten wird. Margret Schröders rät, keine pauschalen Urteile zu fällen. 
""Wenn Sie mit den Menschen reden und ihre persönlichen Schicksale kennenlernen, dann sieht die Sache ganz 
anders aus."" Jörg Lademann ergänzt: ""Wenn die Menschen hier sind, dann müssen wir uns auch um sie 
kümmern."" Die beiden Betreuer erinnern sich an den Fall eines jungen Flüchtlings, der verzweifelt bis zur 
Selbstmordgefährdung war. Dank verständnisvoller Hilfe habe er neuen Lebensmut gewonnen und mache nun 
seine ersten erfolgreichen beruflichen Schritte."
2015-08,Main Corpus,2015-08(50).ZIP,Rheurdter Vereine zeigen sich offen für die Flüchtlinge.PDF,C:\PythonProjects\AfD-project\Corpora\Main Corpus\2015-08\raw_unarchive\Rheurdter Vereine zeigen sich offen für die Flüchtlinge.PDF,Rheurdter Vereine zeigen sich offen für die Flüchtlinge,rheurdter vereine zeigen sich offen für die flüchtlinge,Rheinische Post,rheinische post,Montag 3. August 2015,,LOKALES,269,1972,fe96ee0c8a4bef6851331c0197357725b95c13e4,,unique,keep,,no,,no,,,2856,no,,,,,"Rheurdt (s-g) Um Flüchtlingen beim Einleben in Deutschland zu helfen, haben Vereine in Rheurdt bereits erste 
Schritte getan. Wie Margret Schröders und Jörg Lademann, beide Betreuer der Flüchtlinge vor Ort, mitteilen, haben 
unter anderem die Sankt-Georgs-Pfadfinder und der TV Rheurdt sich dafür engagiert. Die Pfadfinder hätten junge 
Flüchtlinge in ihre Gemeinschaft mitaufgenommen, der Turnverein sie integriert in das Programm für das Mutter-
Kind-Turnen. Schröders unterstreicht, wie wichtig neben dem Erlernen der Sprache solche Angebote seien, die den 
Menschen ermöglichten, am Leben in der Ortschaft teilzuhaben anstatt ausgeschlossen zu bleiben.
Derzeit leben in der Gemeinde Rheurdt 62 Flüchtlinge. Sie kommen aus folgenden Nationen: Türkei, 
Aserbaidschan, Syrien, Eritrea, Ghana, Algerien, Serbien, Georgien, Iran, Ägypten, Togo, Mazedonien, Albanien, 
Bangladesch, Pakistan, Indien, Afghanistan, Bosnien-Herzegowina, Kosovo. Bei der Unterbringung müsse man 
natürlich auch berücksichtigen, dass es Spannungen ethnischer oder religiöser Art zwischen einzelnen Personen 
geben könne, erklärt Bürgermeister Klaus Kleinenkuhnen. Probleme dieser Art gebe es bei Familien nicht, die 
Gemeinde hat durch Anmietung von Wohnungen dafür gesorgt, dass die Menschen nicht in einer Ghetto-Situation 
leben müssen.
Den Flüchtlingshelfern ist bewusst, dass speziell über Einwanderer aus Balkanländern in der Politik derzeit heftig 
gestritten wird. Margret Schröders rät, keine pauschalen Urteile zu fällen. ""Wenn Sie mit den Menschen reden und 
ihre persönlichen Schicksale kennenlernen, dann sieht die Sache ganz anders aus."" Jörg Lademann ergänzt: 
""Wenn die Menschen hier sind, dann müssen wir uns auch um sie kümmern."" Die beiden Betreuer erinnern sich an 
den Fall eines jungen Flüchtlings, der verzweifelt bis zur Selbstmordgefährdung war. Dank verständnisvoller Hilfe 
habe er neuen Lebensmut gewonnen und mache nun seine ersten erfolgreichen beruflichen Schritte."
2015-08,Main Corpus,2015-08(50).ZIP,Roma wehren sich Protest Demo gegen Sammelabschiebungen vom Fuhlsbütteler Airport.PDF,C:\PythonProjects\AfD-project\Corpora\Main Corpus\2015-08\raw_unarchive\Roma wehren sich Protest Demo gegen Sammelabschiebungen vom Fuhlsbütteler Airport.PDF,Roma wehren sich Protest Demo gegen Sammelabschiebungen vom Fuhlsbütteler Airport,roma wehren sich protest demo gegen sammelabschiebungen vom fuhlsbütteler airport,"taz, die tageszeitung",taz die tageszeitung,Donnerstag 06. August 2015,,HAMBURG AKTUELL; S. 28,245,1748,8d4a28131b5409952fc4c6f5868c2ba86fbfdc8c,,unique,keep,,no,,no,,,2769,no,,,,,"Gegen Sammelabschiebungen per Flieger über den Flughafen Fuhlsbüttel haben am Mittwoch Nachmittag rund 50 
Roma und deutsche Unterstützer vom Flüchtlingsrat und pro Asyl auf der Airport Plaza des Abflug-Terminals 1 zwei 
Stunden lang demonstriert. Sie skandierten: Eins, zwei, drei, vier alle Roma bleiben hier und Abschiebung Stopp 
und trugen Transparente: Bleiberecht für alle Abschiebungen stoppen oder Sie fliegen in den Urlaub ihre 
Nachbarin in den Tod . Dabei zeigten Sie Fotos aus ihrer Heimat, aus der sie geflohen sind. Die Polizei hielt sich 
dezent in kleinen Gruppen auf Distanz.
Aufgerufen zu dem Protest hatte das bundesweite Roma-Netzwerk Alle bleiben und die Initiative Romano Jekipe 
Ano Hamburg . Der Fuhlsbütteler Airport gilt neben Hannover als Drehscheibe von Sammelabschiebungen von 
Flüchtlingen aus den Norddeutschen Bundesländern in alle Welt.
Besonders von Abschiebungen bedroht sind zurzeit die größte Gruppe von Flüchtlingen in Hamburg aus den 
Balkanstaaten also vor allem Roma nachdem im vergangenen November durch den Bundestag Serbien, 
Mazedonien und Bosnien-Herzegowina als sichere Herkunftsländer definiert worden sind. Somit können bei Roma 
trotz ethnischer Diskriminierung und Verfolgung in diesen Ländern die Asylanträge ohne ernsthafte 
Einzelfallprüfung leichter und schneller ablehnt werden und die Rückführung angeordnet werden.
Romano-Jekipe-Ano-Sprecher Isen Asamovski verdeutlichte dies am Fall einer Familie, die am Mittwoch von der 
Ausländerbehörde ihre Abschiebeverfügung bekommen hat. Diese Familie hatte geklagt, weil die Mutter sehr 
krank ist und Medikamente braucht berichtete Asamovski. Sie hat noch nicht einmal Antwort vom Gericht 
bekommen, da kriegt sie heute schon die Abschiebung. KVA"
2015-08,Main Corpus,2015-08(50).ZIP,Saar-Uni öffnet Studiengänge für Flüchtlinge.PDF,C:\PythonProjects\AfD-project\Corpora\Main Corpus\2015-08\raw_unarchive\Saar-Uni öffnet Studiengänge für Flüchtlinge.PDF,Saar-Uni öffnet Studiengänge für Flüchtlinge,saaruni öffnet studiengänge für flüchtlinge,Frankfurter Rundschau,frankfurter rundschau,Freitag 14. August 2015,,WISSEN & CAMPUS; S. 29,231,1783,3d74eac7f06d2ba18b098101d7684b5df050d24f,,unique,keep,,no,,no,,,2766,no,,,,,"Viele Flüchtlinge haben auf ihrem langen Weg nach Deutschland alles verloren - auch Zeugnisse. An der Saar-Uni 
sollen sie künftig trotzdem studieren können: Asylberechtigte Flüchtlinge sollen dort vom kommenden Jahr an auch 
ohne Zeugnis aufgenommen.
Die Hochschule erleichtert den Zugang für Menschen ohne solche Dokumente, die oft auf der Flucht verloren 
gegangen oder von Schleppern vernichtet worden seien, teilte die Universität am Mittwoch in Saarbrücken mit. 
Damit will das Land auch dem Fachkräftemangel entgegenwirken.
Studieren können Asylberechtigte und anerkannte Flüchtlinge nicht zulassungsbeschränkte Fächer in den 
Bereichen Mathematik, Ingenieurs- und Naturwissenschaften sowie Technik (MINT), etwa Systems Engineering 
oder Informatik. Voraussetzung sind ein Eignungstest in der jeweiligen Landessprache und ein einjähriger 
Deutschkurs vor Aufnahme eines Fachstudiums. Die Deutschkurse sollen im kommenden Wintersemester 
beginnen.
Ministerpräsidentin Annegret Kramp-Karrenbauer (CDU) betonte, das Programm helfe dabei, junge Menschen 
schneller zu integrieren. Zugleich werde damit die Ausbildung von MINT-Fachkräften unterstützt, ""auf die unser 
Land in Zukunft besonders angewiesen sein wird"".
Uni-Präsident Volker Linneweber betonte, mit dem ""unbürokratischen Zugang für Flüchtlinge"" setze die Hochschule 
""ein gutes Zeichen für das Miteinander mit den vielen Flüchtlingen, die zu uns kommen"".
Berufliche Hürden abbauen
Auch die Grünen begrüßten das Vorhaben. Langfristig müssten aber auch jugendlichen Flüchtlingen ohne 
Interesse an einem Studium eine berufliche Perspektive geboten und die bürokratischen Hürden für Fachkräfte, 
""die in unser Land einwandern"", deutlich gesenkt werden, forderte der Vize-Fraktionschef im Saar-Landtag, Klaus 
Kessler. dpa"
2015-08,Main Corpus,2015-08(50).ZIP,Ungarischer Zaun hält Flüchtlinge nicht auf An einem Tag überwinden fast 3000 Menschen die Sperranla.PDF,C:\PythonProjects\AfD-project\Corpora\Main Corpus\2015-08\raw_unarchive\Ungarischer Zaun hält Flüchtlinge nicht auf An einem Tag überwinden fast 3000 Menschen die Sperranla.PDF,"Ungarischer Zaun hält Flüchtlinge nicht auf An einem Tag überwinden fast 3000 Menschen die Sperranlage,",ungarischer zaun hält flüchtlinge nicht auf an einem tag überwinden fast 3000 menschen die sperranlage,Die Welt,die welt,Montag 31. August 2015,Karsten Kammholz,TITEL; TITEL; S. 1; Ausg. 202,390,2841,7ba25ca67eb0ab4f907cfb014adf2a4bd7bd5594,,unique,keep,,no,,no,,,4254,no,,,,,"Trotz europaweiter Proteste hat Ungarn seinen umstrittenen Stacheldrahtzaun an der 175 Kilometer langen Grenze 
zu Serbien vorzeitig fertiggestellt, um damit Flüchtlinge abzuwehren. Die drastische Maßnahme sorgt nicht nur in 
Deutschland und Frankreich für heftige Kritik, sie bleibt offenbar bislang ohne Wirkung. Allein am Samstag seien 
wieder 2700 Flüchtlinge über die Grenze gekommen, teilte die ungarische Polizei mit.
""Es fällt mir enorm schwer, mich mit Zäunen mitten in Europa abfinden zu sollen"", sagte der Vorsitzende der 
Innenminister-Konferenz, Roger Lewentz (SPD), der ""Welt"". Die Auswirkungen auf Deutschland werde man 
abwarten müssen, so der rheinland-pfälzische Minister.
CDU-Innenexperte Wolfgang Bosbach erklärte, er glaube nicht, dass der Zaun die gewünschte abschreckende 
Wirkung haben werde: ""Die Flüchtlinge werden weiter versuchen, den Zaun zu überwinden, oder sie werden 
andere Routen nehmen."" Mit der Sicherung der EU-Außengrenzen sei doch nicht die Errichtung eines 
Stacheldrahtzauns gemeint. Frankreichs Außenminister Laurent Fabius erklärte, der Zaun verletze ""die 
gemeinsamen europäischen Werte"". Die Barriere müsse abgebaut werden. Er warf Ungarn und anderen Ländern 
Osteuropas eine ""skandalöse"" Haltung vor, weil sie nicht mehr Flüchtlinge aufnehmen wollen.
Deutschland, Frankreich und Großbritannien verlangen nun schnelle Entscheidungen auf EU-Ebene, zum einen für 
sichere Herkunftsstaaten, zum anderen für Aufnahmestellen für Flüchtlinge in Italien und Griechenland. ""Wir sind 
uns einig, dass wir keine weitere Zeit verlieren dürfen. Die aktuelle Situation erfordert unverzügliches Handeln und 
Solidarität innerhalb Europas"", hieß es in einer Erklärung von Bundesinnenminister Thomas de Maizière (CDU) und 
seinen Amtskollegen Bernard Cazeneuve (Frankreich) und Theresa May (Großbritannien). Sie baten um ein 
Sondertreffen der Justiz- und Innenminister binnen zwei Wochen.
Bundeskanzlerin Angela Merkel (CDU) sprach sich für eine schnelle Integration anerkannter Flüchtlinge und für 
eine rasche Abschiebung abgelehnter Asylbewerber aus. ""Damit wir denen, die in Not sind, helfen können, müssen 

Ungarischer Zaun hält Flüchtlinge nicht auf An einem Tag überwinden fast 3000 Menschen die Sperranlage, 
die in Europa für Empörung sorgt. Deutsche Innenpolitike....
wir auch denen, die nicht in Not sind, sagen, dass sie bei uns nicht bleiben können"", sagte Merkel in Berlin. 
Dringend nötig sei mehr Solidarität in Europa. ""Was im Augenblick abläuft, ist nicht gerecht."" Das gelte gegenüber 
den unter großem Druck stehenden Ländern Italien und Griechenland. Nicht gerecht sei auch, ""dass nur drei, vier 
Länder fast alle Flüchtlinge aufnehmen"". Am Abend wollten die Unionsspitzen im Kanzleramt ihren weiteren Kurs in 
der Flüchtlingspolitik abstecken.
 Seiten 2 bis 6, 9
Original Gesamtseiten-PDF"
2015-08,Main Corpus,2015-08(50).ZIP,Wie viele Flüchtlinge sind verkraftbar_.PDF,C:\PythonProjects\AfD-project\Corpora\Main Corpus\2015-08\raw_unarchive\Wie viele Flüchtlinge sind verkraftbar_.PDF,Wie viele Flüchtlinge sind verkraftbar?,wie viele flüchtlinge sind verkraftbar,Rheinische Post,rheinische post,Donnerstag 20. August 2015,Martin Kessler,STIMME DES WESTENS,846,6195,abc8f5e12a17d544d100f4f3852c2c3ee5a624a8,,unique,keep,,no,,no,,,7383,no,,,,,"Martin Kessler
Düsseldorf Von ""Staatsnotstand"" sprach der frühere Bundeskanzler Helmut Kohl, als die Zahl der Asylbewerber im 
Jahr 1992 auf 440 000 hochschnellte. Kohl zwang damit die SPD, das freie Asylrecht nach Artikel 16 des 
Grundgesetzes im Hauruckverfahren einzuschränken. Über 20 Jahre später kommen bis zu 800 000 Flüchtlinge 
nach Deutschland. Doch Kohl-Nachfolgerin Angela Merkel (CDU) hält eisern an ihrer Äußerung fest: ""Die 
Zuwanderung von Menschen ist ein Gewinn für uns alle.""
Tatsächlich bleiben die Menschen in Deutschland erstaunlich ruhig bei den ständig steigenden Flüchtlingszahlen. 
Für SPD-Fraktionschef Thomas Oppermann ist die Haltung der Bevölkerung angesichts des Zustroms von 
Asylbewerbern geradezu vorbildlich von Toleranz und Hilfsbereitschaft geprägt. ""Wir werden dafür im Ausland 
regelrecht bewundert"", meint der SPD-Politiker.
Weltweit sind 60 Millionen Menschen auf der Flucht - vor Konflikten und Bürgerkriegen, aber auch vor Hunger und 
Seuchen und nicht zuletzt, weil sie sich woanders ein besseres Leben erhoffen. Die Zahl der kriegerischen 
Auseinandersetzung ist zuletzt deutlich angestiegen, und die betroffenen Menschen, die ihre Existenz verloren 
haben, machen sich auf die Suche nach einer neuen.
Deutschland hat sich bereit erklärt, einen Großteil dieser Menschen aufzunehmen, derzeit die meisten in Europa. 
Selbst wenn man die Flüchtlinge ins Verhältnis zur Bevölkerung setzt, geben nur die Schweden, Schweizer, 
Österreicher und Dänen mehr Asylbewerbern ein Zuhause als die Deutschen. Angesichts der neuen Rekordzahl 
drängt sich die Frage auf, wie viele Flüchtlinge die Bundesrepublik verkraften kann. UN-Flüchtlingskommissar 
António Guterres verlangt eine Entlastung Deutschlands. Und auch SPD-Fraktionschef Oppermann glaubt, dass es 
eine Grenze der Aufnahmefähigkeit gibt. ""Man nennt sie klugerweise nicht.""
Am einfachsten ist die Frage ökonomisch zu beanworten: Eine Million Flüchtlinge kosten den Staat nach Schätzung 
des Bielefelder Bevölkerungswissenschaftlers Herwig Birg rund zehn Milliarden Euro. ""Das ist für ein Land mit dem 
Reichtum Deutschlands verkraftbar"", meint der Wissenschaftler. Selbst wenn im kommenden Jahr die gleiche Zahl 

Wie viele Flüchtlinge sind verkraftbar?
noch mal vor der Tür stünden, wäre zwar eine gewaltige Kraftanstrengung nötig. Aber die deutsche Einheit 
verschlang Jahr für Jahr rund 100 Milliarden Euro, ohne dass die Wirtschaftskraft des Landes ernsthaft gefährdet 
war.
Dennoch warnt der Bevölkerungsexperte vor einer grenzenlosen Zuwanderung. ""Es könnte schnell einen 
Stimmungswechsel geben, wenn Flüchtlinge dauerhaft mehr kosten als sie bringen."" Die Bürger sind bereit, in einer 
Notsituation - wie etwa bei den syrischen Flüchtlingen - Opfer zu bringen. Eine Dauerfinanzierung von Zuwanderern 
aus den Sozialversicherungssystemen lehnen die meisten vehement ab.
Das ist freilich angesichts des robusten Arbeitsmarkts in Deutschland nicht zu erwarten. Schließlich kommen neben 
den Asylbewerbern auch viele junge Leute aus Euro-Krisenstaaten wie Spanien, Portugal oder Griechenland, um 
hierzulande Arbeit zu finden. Noch sind genügend Jobs vorhanden. Doch die Gleichung, dass die Zuwanderer in 
einem schrumpfenden und alternden Land die demografischen Lücken stopfen könnten, gilt unter Experten als 
naiv. ""Deutschland profitiert von den Neuankömmlingen nur sehr bedingt"", erklärt Bevölkerungsökonom Birg.
So würde die Beschäftigung zwar zunehmen und die hohe Nachfrage zu einer besseren Auslastung der 
Kapazitäten führen, was wiederum in höhere Steuern und Sozialversicherungsbeiträge münden würde. Gleichzeitig 
sei die Qualifikation der Zuwanderer niedriger als die der Deutschen. ""Damit sinkt der Wohlstand pro Kopf"", folgert 
der Ökonom. Unternehmen und hochqualifizierte Arbeitnehmer dürften profitieren, aber der Druck auf dem 
Niedriglohnsektor würde anhalten.
Der Wirtschaftswissenschaftler Holger Bonin vom Zentrum für Europäische Wirtschaftsforschung (ZEW) in 
Mannheim, hat mit seinem Team genau ausgerechnet, was Migranten den Staat kosten und was sie ihm bringen. 
Nimmt man alle Transferzahlungen zusammen, so erreichen Ausländer in Deutschland einen positiven 
Finanzierungssaldo. Im Jahr 2012 lag er bei 3300 Euro pro Kopf, bei den Deutschen allerdings bei 4000 Euro. 
Nimmt man alle zukünftigen Zahlungen und Leistungen aller Altersgruppen zusammen, kommen die Migranten auf 
einen Saldo von 44 000 Euro als Barwert der Ein- und Auszahlungen. Die Deutschen führen 111 000 Euro mehr an 
den Staat und die Sozialversicherungssysteme ab, als sie erhalten. Daraus ergibt sich eine Umverteilung 
zugunsten der Ausländer, die wegen deren geringeren Einkommen auch politisch gewollt ist. Bezieht man auch die 
staatlichen Aufgaben wie Infrastruktur und Bildung mit ein, erhalten beide Gruppen mehr vom Staat als sie 
einzahlen, woraus sich eine ausgewiesene und versteckte öffentliche Verschuldung ergibt. Hier kommen die 
Ausländer auf ein Defizit von 196 000 Euro, die Deutschen nur auf eines von 41 000 Euro.
Zuwanderer mit niedrigerer Qualifikation tragen also weniger zur staatlichen Finanzierung bei und verändern die 
Umverteilung, selbst wenn sie arbeiten. Das gilt auch angesichts der vielen Ärzte, Ingenieure und Techniker, die 
aus diesen Ländern einwandern.
Hinzu kommen die kulturellen Probleme. Einzelne Bevölkerungsgruppen sind gut integrierbar. Aber wenn es 
Konflikte zwischen Zuwanderern gibt, werden die nach Deutschland übertragen. Dazu zählen die ethnischen 
Auseinandersetzungen zwischen Türken und Kurden oder die religiösen Zwiste, die in Ländern wie Irak oder Syrien 
bestehen. Auch zwischen Arabern aus Nordafrika und Schwarzen aus Westafrika kommt es in Unterkünften immer 
wieder zu schweren Konflikten. Und libanesische Familienclans schaffen sich in Städten wie Berlin oder Duisburg 
rechtsfreie Räume. Andere Migrantengruppen stellen das islamische Gesetz über das deutsche Rechtssystem.
Aus all diesen Gründen leiten die meisten Experten eine Obergrenze für die Aufnahmefähigkeit ab. Sie auf Euro 
und Cent zu beziffern, ist freilich unmöglich. Und in der augenblicklichen Situation überwiegt die Bereitschaft zur 
Hilfe für Menschen in Not."
2015-08,Main Corpus,2015-08(50).ZIP,Zahl der Flüchtlinge verdoppelt sich Bundesamt korrigiert Prognose_ Mindestens 40 000 Asylbewerber w.PDF,C:\PythonProjects\AfD-project\Corpora\Main Corpus\2015-08\raw_unarchive\Zahl der Flüchtlinge verdoppelt sich Bundesamt korrigiert Prognose_ Mindestens 40 000 Asylbewerber w.PDF,Zahl der Flüchtlinge verdoppelt sich Bundesamt korrigiert Prognose: Mindestens 40 000 Asylbewerber werden,zahl der flüchtlinge verdoppelt sich bundesamt korrigiert prognose mindestens 40 000 asylbewerber werden,Berliner Zeitung,berliner zeitung,21. August 2015,Thorkit Treichel,BERLIN; S. 14,834,5915,ef723ffdd72a349bc9c4b8f43a85c92ee7d3e443,,unique,keep,,no,,no,,,6984,no,,,,,"VON THORKIT TREICHEL UND UWE AULICH 
 So kann man sich verschätzen: Ende 2014 rechnete das Bundesamt für Migration und Flüchtlinge (BAMF) noch 
mit 400 000 Flüchtlingen, die in diesem Jahr Asyl in Deutschland suchen, darunter 20 000 in Berlin. Jetzt hat die 
Behörde mit Sitz in Nürnberg die prognostizierte Zahl verdoppelt. 800 000 Geflüchtete werden nun insgesamt 
erwartet, von denen die Hauptstadt fünf Prozent, also 40 000 aufnimmt. Doch dabei wird es nicht bleiben. So sind 
Familienmitglieder, die ihren Angehörigen nach Berlin folgen, in dieser Statistik nicht berücksichtigt. 
 Die neue Prognose sei keine Überraschung, sagte Sozialsenator Mario Czaja (CDU) am Donnerstag. ""Die in den 
vergangenen Monaten deutlich steigenden Zahlen haben bereits darauf hingedeutet."" So seien im Juli 4 106 
Flüchtlinge in Berlin eingetroffen - und damit viermal so viele wie im Vorjahreszeitraum. Bislang waren die Zahlen 
im Juli und August stets rückläufig, um anschließend wieder anzusteigen. Aber in diesem Jahr gab es erstmals 
keine Sommerdelle. Bereits 18 500 Asylbewerber kamen nach Berlin (Stichtag 17. August). 2014 waren es 12 200. 
 Wie konnte das BAMF so daneben liegen? ""Anders als vorherige Prognosen bildet die aktuelle Datenbasis nicht 
mehr nur die Zahl der gestellten Asylanträge ab, sondern auch die deutlich darüber liegenden tatsächlichen 
Zugänge"", teilte das Amt mit. Mitgezählt werden nun auch die Menschen, die bislang keinen formellen Asylantrag 
gestellt haben, weil sie noch keinen Termin gekriegt haben oder nicht erfasst wurden. In Berlin bearbeitet die 
Außenstelle des BAMF in Spandau die Asylanträge. 
 Zudem habe die Migration erheblich zugenommen. Lediglich aus den Westbalkanstaaten gingen die Zahlen 
leicht zurück, während es in den Konfliktregionen des Nahen Ostens, am Horn von Afrika und in Nordafrika keine 
Entspannung gebe. 
 Familien ziehen nach 
 Tatsächlich wird Berlin noch viel mehr Geflüchtete versorgen müssen. Denn in der Zahl von 40 000 Ankünften ist 
der Familiennachzug nicht enthalten. Dabei handelt es sich um die Angehörigen von politisch Verfolgten, denen 
hier Asyl gewährt wird. So erhalten praktisch alle Syrer, die die größte Gruppe stellen, einen Aufenthaltstitel. 

Zahl der Flüchtlinge verdoppelt sich Bundesamt korrigiert Prognose: Mindestens 40 000 Asylbewerber werden 
in diesem Jahr in Berlin erwartet
Bislang flüchteten in diesem Jahr 2 030 Menschen aus Syrien nach Berlin - oftmals junge Männer, die jetzt ihre 
Familien nachholen. Das sind im Schnitt zwei bis drei Menschen. Der Familiennachzug ist gegenwärtig eine der 
zentralen Aufgaben der dafür zuständigen Ausländerbehörde, die das gemeinsam mit der deutschen Botschaft 
organisiert. 
 Der Senat steht nun umso mehr unter Druck, neue Unterkünfte zu beschaffen. Czaja verwies auf rund 1 700 
neue Plätze, die in den vergangenen beiden Wochen eingerichtet wurden. In nur einer Woche sind 1 000 
Menschen in die neue Flüchtlingsunterkunft in der Köpenicker Allee in Karlshorst gezogen. Im ehemaligen Rathaus 
Wilmersdorf kamen 350 Flüchtlinge unter. Die frühere Teske-Schule in Schöneberg wurde eröffnet. Insgesamt 
sollen in diesem Jahr nach Angaben von Regina Kneiding, der Sprecherin der Sozialverwaltung, noch 4 000 Plätze 
zur Verfügung gestellt werden. Bis Ende August werden drei weitere Containerdörfer mit insgesamt 1 000 Plätzen 
am Hohenwielsteig, Hausvaterweg und Ostpreußendamm in Steglitz-Zehlendorf in Betrieb gehen. Die IHK prüft, ein 
Arbeiterwohnheim für Flüchtlinge in Westend anzubieten. 
 Auch die Belegung ehemaliger Gefängnisse wird erwogen, etwa der Abschiebegewahrsam in Grünau. Dafür 
müssen jedoch Gitter und Schließanlagen entfernt werden, Türen müssen auch von innen aufgehen. ""Wir wollen 
die Flüchtlinge nicht in Gebäuden unterbringen, die nach Gefängnis aussehen"", sagte Kneiding. Eine Belegung von 
Zelten und Sporthallen soll vermieden werden. Möglichst. 
 Medikamente und Lunchpakete 
 Mittes Bürgermeister Christian Hanke (SPD) fordert zudem vom Senat, die Flüchtlinge insbesondere in der 
Erstaufnahmestelle auf dem Gelände des Landesamtes für Gesundheit und Soziales (Lageso) an der Moabiter 
Turmstraße medizinisch zu versorgen. Demnach soll dort in einem Zelt ein Erstversorgungszentrum eingerichtet 
werden. ""Die Johanniter sind in der Lage, innerhalb von 24 bis 48 Stunden einen Medi-Point aufzubauen"", sagte 
Hanke. Dazu bedarf es einer Entscheidung des Senats, dass die Mitarbeiter formal nach den Regelungen des 
Katastrophenschutzes freigestellt werden. 
 Auch medizinisches Material und ein Budget für Medikamente sollen bereitgestellt werden. Um die täglich etwa 1 
500 Flüchtlinge dort zu verpflegen, sollen Lunchpakete ausgegeben werden. Laut Hanke sind dafür etwa 2,3 
Millionen Euro im Jahr erforderlich. Ähnliche Forderungen zur humanitären Versorgung der Flüchtlinge hatte bereits 
die Ärztekammer erhoben. 
 Caritas und die Initiative ""Moabit hilft"" erwarten darüber hinaus, dass Hostelgutscheine nur mit exakten Adressen 
und Buchungsbestätigung an die Flüchtlinge vergeben werden, um Obdachlosigkeit zu vermeiden. Auch soll ein 
Shuttle zwischen dem Lageso und den Flüchtlingsunterkünften insbesondere an Wochenenden eingerichtet 
werden. 
 Vor dem Bürgerkrieg geflohen 
 Rund 18 500 Flüchtlinge stellten in diesem Jahr in Berlin bislang einen Antrag auf Asyl. Im Juli stieg ihre Zahl 
erstmals auf über 4 000. In der ersten Augusthälfte wurden bereits 2 561 Menschen gezählt. Wahrscheinlich wird 
sich die Zahl der Asylbewerber gegenüber dem Vorjahr vervierfachen. 2014 kamen insgesamt 12 227 
Zufluchtsuchende nach Berlin. 
 Aus Syrien stammen die meisten Asylbewerber. In der ersten Hälfte dieses Jahres flüchteten nach Angaben der 
Senatssozialverwaltung 2 030 Menschen aus dem Bürgerkriegsland nach Berlin. 
 Aus dem Kosovo und Albanien kamen jeweils 1 192 Asylbewerber, gefolgt von Serbien (780), Ägypten (524) und 
dem Irak (521)."
2015-08,Main Corpus,2015-08(50).ZIP,Zehn Minuten schneller Recht Die Debatte über  sichere Herkunftsstaaten  ist eine große Inszenierung.PDF,C:\PythonProjects\AfD-project\Corpora\Main Corpus\2015-08\raw_unarchive\Zehn Minuten schneller Recht Die Debatte über  sichere Herkunftsstaaten  ist eine große Inszenierung.PDF,Zehn Minuten schneller Recht Die Debatte über sichere Herkunftsstaaten ist eine große Inszenierung. Die,zehn minuten schneller recht die debatte über sichere herkunftsstaaten ist eine grosse inszenierung die,"taz, die tageszeitung",taz die tageszeitung,Montag 24. August 2015,Christian Rath,SCHWERPUNKT; S. 4,836,6254,d9a1a632a2f60c09c2a72650a8095e8f06b10563,,unique,keep,,no,,no,,,7960,no,,,,,"von Christian Rath
Freiburg taz | Ein großer Teil der Asylbewerber, die nach Deutschland kommen, hat so gut wie keine Chance auf 
Anerkennung. Sollen ihre Herkunftsländer deshalb alle zu sicheren Herkunftsstaaten erklärt werden? Unions-
Politiker fordern das. Die SPD würde wohl mitmachen. Doch die Grünen, die an vielen Landesregierungen beteiligt 
sind, wollen die Zustimmung im Bundesrat verweigern (siehe taz vom 20. 8.). Konservative Medien wie die FAZ 
stellen deshalb schon ihre Regierungsfähigkeit infrage.
Der Streit jedoch wird völlig überschätzt. Das Etikett sicherer Herkunftsstaat ist kein Mittel, das Asylverfahren und 
Abschiebungen beschleunigt. Umgekehrt werden dabei aber auch Asylbewerber nicht völlig schutz- und rechtlos 
gestellt. Die öffentliche Debatte hat mit der Realität wenig zu tun.
Seit November 2014 gelten Serbien, Bosnien und Mazedonien als sichere Herkunftsstaaten . Der Bundestag 
beschloss das Gesetz, der Bundesrat stimmte zu. Die für die Mehrheit entscheidenden Stimmen kamen aus dem 
grün-rot regierten Baden-Württemberg, was Ministerpräsident Winfried Kretschmann im Land viel Respekt, bei den 
Grünen im Bund viel Ärger einbrachte. Jetzt wird diskutiert, ob Albanien, Kosovo und Montenegro ebenfalls das 
Etikett sicherer Herkunftsstaat erhalten. Relevant ist im Moment vor allem Albanien. Von dort kamen 20 Prozent 
aller Asylsuchenden im Juli 2015 aber nur 0,2 Prozent der albanischen Antragsteller in Deutschland erhielten eine 
Schutzzusage.
Sie brauchen Perspektive

Zehn Minuten schneller Recht Die Debatte über sichere Herkunftsstaaten ist eine große Inszenierung. Die 
Einstufung hat in der Praxis fast keine Bedeutung. Das....
Wer aus einem sicheren Herkunftsstaat kommt, erhält im Kern das gleiche Asylverfahren wie andere 
Antragssteller auch: Es gibt eine mündliche Anhörung, es können Argumente vorgebracht werden. Es besteht zwar 
die Vermutung, dass der Antragssteller nicht schutzbedürftig ist, aber die Vermutung kann widerlegt werden. Aus 
Mazedonien wurden im Juli immerhin sechs Personen als Flüchtling anerkannt, aus Serbien erhielten 17 Personen 
individuellen Abschiebeschutz meist wohl wegen Krankheit. Das waren je 0,2 Prozent der Antragssteller aus dem 
entsprechenden Staat. Schutz ist also nicht ausgeschlossen, aber die Schutzquoten waren auch vor Einstufung als 
sicherer Herkunftsstaat extrem niedrig. Das Problem der Flüchtlinge aus sicheren Herkunftsstaaten ist, dass ihre 
Anträge nicht den gesetzlichen Anforderungen genügen, weil sie weder politische Verfolgung noch Bürgerkriege 
geltend machen können. Ihr Gründe wirtschaftliche Perspektivlosigkeit, soziales Elend oder die Diskriminierung 
der Roma sind dagegen keine Asylgründe. Sie bräuchten kein besseres Asylverfahren, sondern eine 
Einwanderungsperspektive.
Die behauptete Beschleunigung des Asylverfahrens ist minimal. Zwar gilt ein abgelehnter Antrag aus einem 
sicheren Herkunftsstaat automatisch als offensichtlich unbegründet was den gerichtlichen Rechtschutz auf ein 
Minimum reduziert. Doch offensichtlich unbegründet sind auch heute schon fast alle beschiedenen Asylanträge 
aus Albanien. Die Einstufung als sicherer Herkunftsstaat beschleunigt das Asylverfahren laut Innenministerium um 
ganze zehn Minuten weil nicht mehr begründet werden muss, warum ein Antrag offensichtlich unbegründet ist.
Andere Maßnahmen zur Beschleunigung der Asylverfahren sind da viel wichtiger, etwa wenn das Bundesamt für 
Migration und Flüchtlinge sein Personal um rund 2.000 Mitarbeiter aufstockt. Seit Jahren schon werden Asylanträge 
vom Balkan dort auch prioritär , also mit Vorrang, bearbeitet, ganz unabhängig vom Status als sicherem 
Herkunftsstaat .
Bayern eröffnet demnächst zwei Ankunfts- und Rückführungszentren bei Ingolstadt und bei Bamberg, um 
aussichtslose Asylverfahren auf vier bis sechs Wochen zu verkürzen. Beide Zentren sind nur für Antragssteller vom 
Balkan reserviert. Doch dorthin sollen nicht nur Antragsteller aus den sicheren Herkunftsstaaten Serbien und 
Mazedonien geschickt werden, sondern ebenso Personen aus dem Kosovo und aus Albanien. Es kommt also auch 
hier nicht auf den Status an.
Auch bei der eigentlichen Abschiebung macht die Einstufung als sicherer Herkunftsstaat keinen Unterschied. Es 
ist derzeit nicht leichter, einen Mazedonier ( sicherer Herkunftsstaat ) abzuschieben als einen Albanier (zurzeit kein 
sicherer Herkunftsstaat ). Die Befürworter von sicheren Herkunftsstaaten räumen selbst ein, dass es um 
symbolische Wirkungen geht. Das plakative Etikett soll der Regierung eine abschreckende Öffentlichkeitsarbeit auf 
dem Balkan ermöglichen. Bisher hat auch das nicht richtig funktioniert.
Showeffekte und Schikane
Der eigentliche Nutzen des Konzepts ist jedoch innenpolitisch. Wer die Einstufung von Ländern wie Albanien als 
sicherer Herkunftsstaat fordert, zeigt sich in den Augen der breiten Öffentlichkeit als zupackend und tatkräftig. Wer 
sich widersetzt, macht sich angreifbar, weil er vermeintlich die Zeichen der Zeit nicht erkannt hat. Es geht also vor 
allem um Showeffekte. Ironischerweise helfen linke und kirchliche Gruppen noch bei der Inszenierung, indem sie 
das Konzept so heftig bekämpfen, als verschlechtere es wirklich die Chancen auf eine Asylanerkennung und 
beschleunige Abschiebungen tatsächlich.
Bedenklich ist das Etikett sicherer Herkunftsstaat aber vor allem, weil es nun immer wieder als Anknüpfungspunkt 
für neue Regeln benutzt wird und werden soll. So können jugendliche Flüchtlinge, die einen Ausbildungsplatz 
gefunden haben, in Deutschland bleiben es sei denn sie kommen aus einem sicheren Herkunftsstaat . Und 
Bayern hat im Bundesrat beantragt, Flüchtlingen das Taschengeld von 143 Euro pro Monat zu streichen wenn sie 
aus einem sicheren Herkunftsstaat kommen. Aus der Symbolik kann dann plötzlich doch sehr schnell Schikane 
werden.
Das Etikett sicherer Herkunftsstaat ist kein Mittel, das Asylverfahren und Abschiebungen beschleunigt
Flüchtlinge
Zehn Minuten schneller Recht Die Debatte über sichere Herkunftsstaaten ist eine große Inszenierung. Die 
Einstufung hat in der Praxis fast keine Bedeutung. Das....
Asylanträge sollen schneller bearbeitet werden. Aber wie kann das geschehen? Mit schneidiger Symbolpolitik wird 
nichts daraus"
2015-08,Main Corpus,2015-08(50).ZIP,ZUR PERSON _Ehrlich wäre ein Schuldenschnitt außerhalb des Euro_ FDP-Chef Christian Lindner über den.PDF,C:\PythonProjects\AfD-project\Corpora\Main Corpus\2015-08\raw_unarchive\ZUR PERSON _Ehrlich wäre ein Schuldenschnitt außerhalb des Euro_ FDP-Chef Christian Lindner über den.PDF,"ZUR PERSON ""Ehrlich wäre ein Schuldenschnitt außerhalb des Euro"" FDP-Chef Christian Lindner über den",zur person ehrlich wäre ein schuldenschnitt ausserhalb des euro fdpchef christian lindner über den,Der Tagesspiegel,der tagesspiegel,Sonntag 16. August 2015,,DRITTE; S. 3; Ausg. 22492,1306,9258,99b7d60b4b70efdf7818bcc8ea0fc03dcb8fa3ba,,unique,keep,,no,,no,,,10802,no,,,,,"Herr Lindner, seit zwei Jahren ist die FDP nicht mehr im Bundestag vertreten. Wie schwer ist es, von der 
Öffentlichkeit nicht vergessen zu werden?
Gar nicht schwer. Die im Bundestag vertretenen Parteien tun alles dafür, dass eine liberale Stimme vermisst wird. 
Alle haben sich darauf verständigt, nicht in die Zukunft zu schauen, sondern die Infrastruktur auf Verschleiß zu 
fahren und mit staatlichen Zwangsmitteln die individuelle Freiheit einzuschränken. Da fehlt es an einer politischen 
Stimme, die den Einzelnen und nicht den Staat stark machen will.
Das sagen Sie. Die Wähler sind sich da offenbar nicht so sicher. Glaubt man den Umfragewerten, dann gibt es eine 
große Zufriedenheit mit der Arbeit der Bundesregierung.
Es ist ein bisschen wie im rheinischen Karneval. Wenn Kamelle verteilt werden, gibt es Jubel am Straßenrand. Aber 
wehe, auf den letzten Metern gibt's keine Süßigkeiten mehr. Seien wir doch ehrlich: Die Sonderkonjunktur durch 
den künstlich niedrigen Außenwert des Euro und den Ölpreisverfall sorgt für die Illusion wirtschaftlicher Stärke - und 
die nimmt die Regierung als selbstverständlich. Schaut man auf die Politik der großen Koalition, dann geht es doch 
nur noch um die Verteilung des Wohlstands. Dabei müsste Deutschland gerade jetzt zukunftsfähig gemacht 
werden.
In der Union nennt man Sie neuerdings wieder einen natürlichen Koalitionspartner. Hoffen Sie auf einen neuen 
schwarz- gelben Anlauf?
Mir geht es gar nicht in erster Linie ums Regieren. Wir sind eigenständig und machen den Wähler unser 
Politikangebot. Und ich habe es mir abgewöhnt, zu schnell über Siege oder Niederlagen nachzudenken. Nach der 
Bundestagswahl 2013 hat niemand einen Pfifferling auf uns gegeben. Wenn ich nicht an einen Bedarf für liberale 
Politik geglaubt hätte, wäre ich nicht ihr Vorsitzender geworden. Und wenn heute schwarz-gelbe Mehrheiten 
gemessen werden, dann bleibe ich zurückhaltend. Wir haben einen harten Weg absolviert, er ist noch lange nicht 
beendet. Aber wir sind weiter als der Plan.

ZUR PERSON ""Ehrlich wäre ein Schuldenschnitt außerhalb des Euro"" FDP-Chef Christian Lindner über den 
""Grexit"", die Rückkehr seiner Partei in den Bundestag und s....
Die CDU wird aller Voraussicht nach in der nächsten Woche ihrer Kanzlerin folgen und einen weiteren 
Milliardenkredit für Griechenland freigeben. Wäre das mit der FDP gegangen?
So kann die Griechenland-Rettung nicht funktionieren. Denn die griechische Regierung, die Reformen umsetzen 
soll, die sie eigentlich ablehnt, trägt nicht zum Erreichen der Schuldentragfähigkeit bei. Wenn trotzdem ein weiterer 
Hilfskredit bewilligt wird, dann ist das nichts anderes als ein Geschenk an Athen. Ich halte das für eine 
Fehlentscheidung. Insbesondere die Abgeordneten der Unionsparteien sollten wissen: Wenn sie dem zustimmen, 
wird aus der Währungsunion eine Transferunion. Ehrlich wäre ein Schuldenschnitt für Athen außerhalb des Euro. 
Athen könnte innerhalb der EU bleiben und Strukturhilfen für wirkliche Reformen bekommen. Das würde 
Griechenland beim Aufbau einer selbsttragenden Wirtschaft helfen und gleichzeitig das Vertrauen in den Euro 
stärken.
Ein ""Grexit"", also ein Ausscheiden Griechenlands aus der Euro-Zone, wie Sie ihn beschreiben, ist im Bundestag 
allenfalls von einer Minderheit erwogen worden. Mehrheitlich stehen die Abgeordneten hinter dem Kurs der 
Regierung, Athen im Euro zu halten.
Der Weg, den die Bundesregierung einschlägt, bedeutet für Deutschland größte Finanzrisiken. Das muss jeder 
wissen. Und von der Regierung erwarte ich jetzt, dass sie den finanz- und wirtschaftspolitischen Kurs dieser 
veränderten Lage anpasst. Allein die schwarze Null zu erreichen, das reicht nun nicht mehr. Deutschland muss 
mehr investieren, die Unternehmen und die Steuerzahler entlasten und gleichzeitig in den öffentlichen Haushalten 
solider wirtschaften, um die gewachsenen Risiken aus dem Griechenland-Kurs abfedern zu können.
Herr Lindner, täglich kommen tausende Flüchtlinge nach Deutschland. Wie viele Asylbewerber verkraftet das 
Land?
Das kann man so pauschal nicht sagen. Denn es gibt einen Unterschied zwischen Flüchtlingen und Asylbewerbern. 
Wir haben zu viele Asylbewerber, die ohne Aussicht auf Anerkennung zu lange in Deutschland bleiben.
Sie meinen Asylbewerber aus den Ländern des Westbalkan, aus dem Kosovo oder Serbien?
Ja, und die Bundesregierung muss sich um tragfähige Lösungen kümmern, wenn sie die Akzeptanz der 
Bevölkerung für die Aufnahme von Flüchtlingen nicht aufs Spiel setzen will.
Was soll Ihrer Meinung nach geschehen?
Der ungeordneten Zuwanderung aus den Westbalkan-Ländern muss rasch entgegengewirkt werden. Zuerst 
müssen diese Länder zu sicheren Herkunftsstaaten erklärt und eine Visapflicht wieder eingeführt werden. Dann 
können potenzielle Asylbewerber bereits an den Außengrenzen der EU abgewiesen werden, wenn sie kein Visum 
haben. Denkbar wäre auch die Begrenzung auf Sachleistungen für Asylbewerber aus diesen Ländern, um es 
unattraktiv zu machen, nur deshalb nach Deutschland zu kommen.
Die Menschen, die aus diesen Ländern nach Deutschland fliehen, zum Beispiel Roma, flüchten vor Diskriminierung 
oder wollen der wirtschaftlichen Perspektivlosigkeit in ihrer Heimat entkommen und sich hier ein besseres Leben 
aufbauen.
Ich habe für diese Motive großes Verständnis. Aber wirtschaftliche Wünsche sind kein Asylgrund. Wir wollen diesen 
Menschen durch ein neues Einwanderungsrecht eine Chance geben, wenn sie fleißig und qualifiziert sind. Dann 
sucht Deutschland sich allerdings aus, wen wir in unserem nationalen Interesse in den Arbeitsmarkt einladen. 
Deshalb ist es so wichtig, dass sich die große Koalition endlich zu einem Einwanderungsgesetz durchringt. Denken 
Sie an die Bereiche der Pflege oder der Bauwirtschaft, wo es einen erheblichen Fachkräftebedarf gibt. Was spricht 
dagegen, dass Menschen aus dem Westbalkan, die eine Ausbildung in diesen Bereichen nachweisen können, 
geregelt durch ein Einwanderungsgesetz zu uns kommen und hier arbeiten können?
Wie stellen Sie sich die Zuwanderungsregeln für den Arbeitsmarkt vor?
ZUR PERSON ""Ehrlich wäre ein Schuldenschnitt außerhalb des Euro"" FDP-Chef Christian Lindner über den 
""Grexit"", die Rückkehr seiner Partei in den Bundestag und s....
Ähnlich dem kanadischen Modell wollen wir die individuelle Qualifikation der Menschen in den Mittelpunkt stellen. 
Wer gut ausgebildet ist, Sprachkenntnisse hat und jung ist, soll die Chance haben, über ein Punktesystem eine 
Einwanderungsberechtigung zu erhalten. Auf diese Weise kann Deutschland jedes Jahr seinen Arbeitskräftebedarf 
festlegen und die Einwanderung der qualifiziertesten Bewerber entsprechend zulassen. So stellen wir sicher, dass 
Einwanderung geordnet und in unserem Interesse geschieht, was auch die Akzeptanz in der Bevölkerung stärkt.
Auch Flüchtlinge aus Kriegsgebieten warten mittlerweile zunehmend in Zeltstädten und Containerdörfern quer 
durch Deutschland auf den Abschluss ihrer Verfahren. Ist Deutschland, das ja zu den reichsten Ländern der Erde 
zählt, überfordert mit der Flut der Anträge?
Es gibt derzeit fast eine Viertelmillion unbearbeiteter Anträge. Ich halte das für einen Skandal. Dieser Antragsstau 
muss abgebaut werden. Dabei werden beispielsweise Anträge von Flüchtlingen aus dem Irak, Syrien oder Eritrea 
zu rund 99 Prozent positiv beschieden. Um die Behörden zu entlasten, schlage ich deshalb vor, für Menschen aus 
diesen drei Ländern ein pauschales Asylverfahren für einen bestimmten Zeitraum durchzuführen. Nach einer 
Sicherheitsprüfung gäbe es dann sofort einen Asylbescheid. Nach Abschluss dieses Pauschalverfahrens können 
die Menschen dann rasch in den Kommunen integriert werden und Arbeit aufnehmen. Ebenso wichtig ist es, eine 
zentrale Management-Plattform des Bundes für die Flüchtlingsfrage einzurichten. Der Bund muss außerdem das 
gesamte Verfahren komplett finanzieren. Er entscheidet über den Aufenthaltsstatus der Flüchtlinge, also muss er 
auch die Zeit finanzieren, in der die Menschen darauf warten, dass ein Bundesamt ihren Status geklärt hat.
Welches Bild geben Containerdörfer und Zeltstädte in deutschen Kommunen ab?
Die Kommunen stoßen augenscheinlich an Grenzen. Deshalb dürfen wir keine Zeit mehr verlieren. Die 
Bundesregierung und die verantwortlichen Stellen müssen sich rasch auf praktikable Lösungen verständigen. 
Stattdessen wird über den Termin für einen Flüchtlingsgipfel diskutiert. Das ist blamabel. Von der größten 
Volkswirtschaft Europas kann man etwas anderes erwarten.
Das Gespräch führte Antje Sirleschtov. Das Foto machte Doris Spiekermann- Klaas.
Parteichef
Seit Dezember 2013 ist Christian Lindner (37) Vorsitzender der FDP. Er übernahm das Amt, nachdem seine Partei 
im Herbst zuvor nicht wieder in den Bundestag gewählt wurde. Zuvor war Lindner
Generalsekretär unter den Vorsitzenden Guido Westerwelle und Philipp Rösler, warf das Amt jedoch im Streit unter 
Letzterem hin.
Stratege
Lindner hat seiner Partei ein neues Logo und neue Farben gegeben und die Führung breiter aufgestellt. Liberale 
Inhalte - das Misstrauen in den Staat und die Forderung der Entlastung von Steuerzahlern - sind geblieben. Das 
Ziel: der Wiedereinzug in den Bundestag 2017. Umfragen zeigen neuerdings: Es könnte klappen, knapp."
