batch_id,corpus_name,source_archive,file_name,file_path,title_original,title_normalized,publication,publication_normalized,date,byline,section,word_count,body_char_count,body_hash_exact,duplicate_group_id,duplicate_category,keep_drop_review,drop_reason,kept_representative_of_group,representative_selection_reason,malformed_flag,malformed_reason,notes,raw_text_chars,low_value_flag,low_value_reason,exact_duplicate_group,near_duplicate_group,repeated_variant_group,body_text
2025-05,Main Corpus,2025-05(50).ZIP,",,Weisen jeden Asylsuchenden zurück_.PDF","C:\PythonProjects\AfD-project\Corpora\Main Corpus\2025-05\raw_unarchive\,,Weisen jeden Asylsuchenden zurück_.PDF",",,Weisen jeden Asylsuchenden zurück""",weisen jeden asylsuchenden zurück,Der Tagesspiegel,der tagesspiegel,Sonntag 11. Mai 2025,,POLITIK; Politik; S. 2,242,1962,eba533c8704b3d44bdb1b82023f6c5bda3021657,,unique,keep,,no,,no,,,2870,no,,,,,"Die Bundespolizisten haben nach Angaben von Polizeigewerkschaften ihre Zurückweisungspraxis an den 
deutschen Grenzen erheblich verschärft und berufen sich dabei auf die Weisung von Bundesinnenminister 
Alexander Dobrindt (CSU). ,,Unsere Kollegen werden jeden Asyl- und Schutzersuchenden zurückweisen, außer 
Schwangere, Kranke, unbegleitete Minderjährige"", sagte der Chef der Gewerkschaft der Polizei (GdP), Andreas 
Roßkopf, der ,,Bild"" vom Samstag. Die Weisung von Bundesinnenminister Alexander Dobrindt (CSU) sei ,,für die 
Beamten an der Grenze bindend"".
Roßkopf widersprach damit Äußerungen von Kanzler Friedrich Merz (CDU). Bei seinem Antrittsbesuch am Freitag 
in Brüssel hatte Merz betont, Deutschland kontrolliere ,,in etwa so wie während der Fußball-Europameisterschaft im 
vergangenen Jahr"". Die Kontrollen an allen deutschen Grenzen hatten zum Ziel, die Sicherheit während der EM zu 
gewährleisten. Bei diesen Kontrollen hatte die Bundespolizei aber keine Asylsuchenden zurückgewiesen, weil diese 
Praxis nach Ansicht der damaligen Bundesregierung gegen EU-Recht verstoßen hätte.
Auch der Vorsitzende der Deutschen Polizeigewerkschaft, Heiko Teggatz, bestätigte der ,,Bild"", dass die Beamten 
alle Flüchtlinge, mit Ausnahme von besonders gefährdeten Personen, ins Nachbarland zurückschickten. Die 
Weisung ,,schreibt Zurückweisungen zwingend vor"", sagte Teggatz. ,,Die Bundespolizei kann so verfahren, bis 
möglicherweise ein Gericht etwas anderes entscheidet.""
Angesichts der juristischen Unsicherheiten betonte GdP-Chef Roßkopf: ,,Wir haben dem Innenministerium klar 
mitgeteilt: Wenn Gerichte im Nachgang feststellen, dass das Aussetzen der europäischen Regelungen und das 
Anwenden nationaler Gesetze rechtswidrig ist, dürfen die Bundespolizisten keinesfalls belangt werden."" Die 
Verantwortung für die Maßnahmen liege ,,alleine beim Bundesinnenministerium"", erklärte Roßkopf. (AFP)
***
 Polizisten kontrollieren an der deutsch-dänischen Grenze."
2025-05,Main Corpus,2025-05(50).ZIP,Abschiebung trotz Ausbildungszusage.PDF,C:\PythonProjects\AfD-project\Corpora\Main Corpus\2025-05\raw_unarchive\Abschiebung trotz Ausbildungszusage.PDF,Abschiebung trotz Ausbildungszusage,abschiebung trotz ausbildungszusage,Frankfurter Rundschau,frankfurter rundschau,Donnerstag 15. Mai 2025,,REGION; S. 43,453,3275,653d2626f97f59cfb6516878ea992f3ecf0d6512,,unique,keep,,no,,no,,,4586,no,,,,,"Yared muss bleiben. Dieser Meinung sind mittlerweile 1790 Menschen, die die Petition gegen seine Abschiebung 
unterschrieben haben. Der Rüsselsheimer Schüler soll Deutschland verlassen, obwohl er integriert ist, einen Beruf 
in der Pflege ergreifen will und nun sogar einen entsprechenden Ausbildungsvertrag in der Tasche hat. 
Yared Tekeste Abay stammt aus Mek‘ele in Äthiopien, besucht aktuell die Werner-Heisenberg-Schule in 
Rüsselsheim, macht in drei Wochen seinen qualifizierenden Hauptschulabschluss und hat schon einen Vertrag für 
eine Ausbildung zum Altenpfleger in der Seniorenresidenz in Rüsselsheim unterschrieben. Der 20-Jährige spreche 
gut deutsch, berichtet seine Klassenlehrerin Hatice Diker. Sie war es auch, die den Stein für die Petition gegen 
Yareds Abschiebung ins Rollen brachte – zusammen mit Giorgio Nasseh, der für die SPD im Raunheimer 
Stadtparlament und im Groß-Gerauer Kreistag sitzt.
Yared reiste im November 2021 als unbegleiteter minderjähriger Flüchtling von Addis Abeba über den Luftweg mit 
Pass und deutschem Visum in die Bundesrepublik ein. Er ist Christ und gehört der Volksgruppe der Tigrayer an, 
der Menschen aus der Region Tigray im Norden Äthiopiens. Dort brach im November 2020 ein Bürgerkrieg aus, der 
binnen zwei Jahren 600000 Menschen das Leben kostete. „Yared wurde in seiner Heimat zweimal inhaftiert – wie 
fast alle seiner Volksgruppe“, sagt Giorgio Nasseh. Amnesty International spricht von einer ethnischen 
Säuberungskampagne gegen die tigrayische Bevölkerung sowie von Vertreibung hunderttausender Menschen aus 
der Region.
Am 5. Mai 2022 beantragte Yared in Deutschland Asyl. Die Behörden lehnten seinen Asylantrag aber ab. Äthiopien 
sei ein sicheres Herkunftsland, ihm drohe nun in Äthiopien keine Verfolgung mehr allein aufgrund seiner 
Zugehörigkeit zur Volksgruppe der Tigray, hieß es in der Begründung des Verwaltungsgerichts Wiesbaden. Im 
Falle einer Rückkehr nach Äthiopien könne Yared eine einfache Arbeit finden, wäre in der Lage, sein 
Existenzminimum zu sichern. Yareds Anwalt legte Berufung gegen das Gerichtsurteil ein. In den Osterferien diesen 
Jahres dann der Schock: Im Telefongespräch erfuhr seine Klassenlehrerin, der Schüler habe einen 
Abschiebebescheid vom Regierungspräsidium Darmstadt erhalten.
„Statt ihn abzuschieben, sollte ihm eine Chance auf Bildung, Ausbildung und ein sicheres Leben gegeben werden – 
zum Nutzen aller“, heißt es in der Petition, die daraufhin auf der Plattform Openpetition veröffentlicht wurde, und die 
sich an den Hessischen Landtag, das Regierungspräsidium Darmstadt und die Ausländerbehörde Rüsselsheim als 

Abschiebung trotz Ausbildungszusage
zuständige Stelle richtet. Diese Petition sei wichtig, um Integration nicht zu bestrafen, sondern zu ermöglichen, ist 
auf der Internetseite zu lesen. 
„Für mich war es bisher klar und Usus, dass jemand, der hier seinen Schulabschluss macht, nicht abgeschoben 
werden kann“, sagt Nasseh. Außerdem brauche Deutschland doch „jeden jungen Menschen in diesen 
Mangelberufen“. Aus- und Wiedereinreise zur Ausbildung wären für Yared mit hohen Kosten und langer Wartezeit 
verbunden – wenn das überhaupt möglich wäre. In der Heimat erwarte ihn die Perspektivlosigkeit, erklärt seine 
Klassenlehrerin.
Link zum PDF-Dokument"
2025-05,Main Corpus,2025-05(50).ZIP,Acht Jahre nicht zurück Gruppenvergewaltigung Abgeschobener Afghane darf vorerst nicht mehr nach Deu.PDF,C:\PythonProjects\AfD-project\Corpora\Main Corpus\2025-05\raw_unarchive\Acht Jahre nicht zurück Gruppenvergewaltigung Abgeschobener Afghane darf vorerst nicht mehr nach Deu.PDF,Acht Jahre nicht zurück Gruppenvergewaltigung Abgeschobener Afghane darf vorerst nicht mehr nach,acht jahre nicht zurück gruppenvergewaltigung abgeschobener afghane darf vorerst nicht mehr nach,Südwest Presse,südwest presse,Donnerstag 15. Mai 2025,,REGION; S. 27; Band 81; Ausg. 111,649,4735,25a3eee830565b8733bb0631cd06546ac95f8e07,,unique,keep,,no,,no,,,6096,no,,,,,"Am 30. August 2024 ist der Mann in sein Heimatland Afghanistan abgeschoben worden. Mit dem ersten 
Charterflug, der nach dem vorläufigen Abschiebestopp wieder nach Afghanistan ging. Damit sind zwei der vier 
verurteilten Männer in ihre Heimatländer abgeschoben worden, die an Halloween 2019 im Illerkirchberger Ortsteil 
Beutelreusch eine damals 14-Jährige unter Drogen gesetzt und mehrfach vergewaltigt hatten. Wie das baden-
württembergische Justizministerium mitteilt, wurde ein bei der Tat noch Minderjähriger bereits 2022 in den Irak 
abgeschoben.
Die zwei anderen Männer, die im März 2021Â wegen Vergewaltigung, schwerer Körperverletzung, Beihilfe zur 
Vergewaltigung und der Abgabe von Betäubungsmitteln an Minderjährige verurteilt worden sind, sind ebenfalls 
Afghanen. Einer von ihnen ist laut Justizministerium in Abschiebehaft und soll „zeitnah“ nach Afghanistan 
abgeschoben werden. Der vierte Mittäter sei nach dem Verbüßen seiner Strafe zwischenzeitlich aus der Haft 
entlassen worden, wegen einer anderen Verurteilung „unter anderem wegen eines tätlichen Angriffs auf 
Vollstreckungsbeamte“ aber erneut in Haft gekommen. Diese ende voraussichtlich im November 2025, auch er soll 
anschließend nach Afghanistan abgeschoben werden. Insbesondere der 2024 abgeschobene Afghanen hatte für 
reichlich Aufregung und Unmut gesorgt. Der Sexualstraftäter kam zwar unmittelbar nach der Verbüßung seiner 
Haftstrafe im Januar 2022 in Abschiebehaft. Allerdings hatte die Bundesrepublik seit der Machtübernahme der 
Taliban im August 2021 Abschiebungen nach Afghanistan ausgesetzt. Die Abschiebehaft wurde daher im März 
aufgehoben. Und weil der Mann bereits 2018, also vor der Vergewaltigung in Beutelreusch, der Gemeinde 
Illerkirchberg zur Anschlussunterbringung zugeteilt worden war, hatte diese Zuweisung rechtlich nach der Haft 
Bestand. Der Täter kam zurück nach Illerkirchberg,Â ausgerechnet an den Ort seines Verbrechens.
Zunächst hielt sich der Afghane an seine Auflagen, er musste sich zum Beispiel regelmäßig bei der Polizei in Ulm 
melden. Im Sommer 2022 tauchte er dann aber ab. Und wurde im Juni 2023 wegen Verstößen gegen seine 
Meldepflichten erneut verurteilt. Dazwischen lag eine weitere furchtbare Tat, die Illerkirchberg und die Region 
zutiefst erschütterte, auch wenn beide Verbrechen rein gar nichts miteinander zu tun hatten: Im Dezember 2022 
tötete ein Asylbewerber aus Eritrea die 14-jährige Ece in Oberkirchberg, verletzte ihre Freundin schwer. Damit 
kippte die Stimmung gegen Asylbewerber – nicht nur in der Region. Rechte versuchten, die Taten zu 
instrumentalisieren.

Acht Jahre nicht zurück Gruppenvergewaltigung Abgeschobener Afghane darf vorerst nicht mehr nach 
Deutschland kommen. Zwei seiner Mittäter sind noch hier. Von He....
Verkürzung beantragt
Das versucht die AfD noch immer: Die Fraktion hatte, zwei Jahre nach diesen Vorgängen, nun eine Debatte im 
baden-württembergischen Landtag beantragt: Die deutsche Flüchtlingspolitik sei gescheitert, sagte Daniel 
Lindenschmid dort am Mittwoch. Siegfried Lorek (CDU), Staatssekretär im Ministerium der Justiz und für Migration, 
informierte die Landtagsabgeordneten, dass für den heute 31 Jahre alten Afghanen mit dem Tag seiner Ausreise, 
also dem 30. August 2024, ein Einreise- und Aufenthaltsverbot verhängt wurde: Er darf für sechs Jahre nicht mehr 
in das Schengengebiet einreisen. Mithilfe eines Rechtsanwalts hatte der Mann, der sich wohl im Iran aufhält, 
beantragt, die sechs Jahre zu verkürzen: Seine Freundin in Deutschland habe inzwischen das gemeinsame Kind 
zur Welt gebracht, um das er sich mit ihr kümmern wolle.
Das Regierungspräsidium Tübingen lehnte das allerdings ab. Wegen der erneuten Verurteilung aus dem Jahr 2023 
wurde das Einreise- und Aufenthaltsverbot gar auf acht Jahre erhöht. Dagegen klagt der Afghane. Bei der 
Entscheidung werde das öffentliche Interesse „aufgrund der bestehenden Wiederholungsgefahr der Begehung 
neuer Straftaten“Â und die persönlichen Interessen des Betroffenen gegeneinander abgewogen, erklärt das 
Justizministerium. Das Verwaltungsgericht hat noch nicht über die Klage entschieden. Sollte das Gericht dieser 
stattgeben, sollte der Mann also früher wieder nach Deutschland einreisen dürfen, „würden wir sofort wieder die 
Abschiebung beantragen“, stellte Lorek in der Landtagsdebatte klar.
Link zum PDF-Dokument
Link zum PDF-Dokument
Graphic
 

Acht Jahre nicht zurück Gruppenvergewaltigung Abgeschobener Afghane darf vorerst nicht mehr nach 
Deutschland kommen. Zwei seiner Mittäter sind noch hier. Von He....
Der Prozess wegen der Gruppenvergewaltigung in Illerkirchberg vor dem Ulmer Landgericht fand von Juli 2020 ab 
wegen Corona im Foyer der Donauhalle statt.⇥Foto: Matthias Kessler"
2025-05,Main Corpus,2025-05(50).ZIP,An der Grenze Flüchtlinge sollen ab sofort zurückgewiesen werden. Doch die Praxis ist kompliziert.PDF,C:\PythonProjects\AfD-project\Corpora\Main Corpus\2025-05\raw_unarchive\An der Grenze Flüchtlinge sollen ab sofort zurückgewiesen werden. Doch die Praxis ist kompliziert.PDF,An der Grenze Flüchtlinge sollen ab sofort zurückgewiesen werden. Doch die Praxis ist kompliziert,an der grenze flüchtlinge sollen ab sofort zurückgewiesen werden doch die praxis ist kompliziert,Berliner Zeitung,berliner zeitung,09. Mai 2025,"Andreas Kopietz, Anne-Kattrin Palmer",POLITIK; S. 13,1061,7345,369e67ebfbdeacf9f5f5bf862f4b8b436154f700,,unique,keep,,no,,no,,,8495,no,,,,,"Am Vormittag ist es sonnig über der Stadt, das helle Licht spiegelt sich in den Oderwellen. Normalerweise wäre es 
ein Tag wie jeder andere in Frankfurt (Oder) Pendlerverkehr, Lkw aus Polen, die sich Richtung Westen schleppen. 
Doch heute ist nichts normal. Denn heute ist Tag eins der Republik Merz. Es ist kurz nach neun Uhr, als die ersten 
Kamerateams ihre Stative vor dem Grenzübergang, der über eine schmale Brücke führt, aufbauen. Kameras 
klicken, Objektive zoomen die Republik schaut nach Osten. Denn hier, an einer der symbolträchtigsten Grenzen 
Deutschlands, soll beginnen, was Friedrich Merz in unzähligen Talkshows, Interviews und 
Wahlkampfveranstaltungen versprochen hat: Ab Tag eins wird die illegale Migration gestoppt. 
Was folgt, ist eine fast surreale Mischung aus Hochsicherheit und medienwirksamer Inszenierung. Dutzende 
Polizeiwagen säumen die B112 Richtung Grenzbrücke. Beamte in schwerer Schutzkleidung stehen in Reih und 
Glied. Wer nach Deutschland will, wird angehalten, herausgewunken, befragt. Immer wieder stauen sich Autos auf 
der Brücke. Eine polnische Familie mit Berliner Kennzeichen versteht nicht, warum sie mit einem Kleinkind auf 
offener Straße warten muss.
 Linie wird umgesetzt 
In Berlin, keine Autostunde von Frankfurt (Oder) entfernt, hat das neue Kabinett am Abend zuvor die Arbeit 
aufgenommen. Mehrere Stunden nachdem Merz beinahe bei der Kanzlerwahl gescheitert war. Im ersten Wahlgang 
fiel der CDU-Mann krachend durch, 18 Abgeordnete aus seiner Koalition verweigerten ihm den Zuspruch. Ein 
Novum, das sich zum ersten Mal in der Geschichte der Bundesrepublik zutrug.
Abends hatte Merz sich wieder gesammelt. Und am Mittwoch verkündet der neue Bundesinnenminister Alexander 
Dobrindt (CSU) das, was im Wahlkampf angekündigt worden war: ab sofort Asylstopp und Kontrollen an allen 
deutschen Grenzen. Er erlässt am Mittag eine mündliche Weisung an die Bundespolizei, die Grenzkontrollen zu 
verstärken und Zurückweisungen bei illegalen Einreisen zu erhöhen. Die aktuell 11.000 Beamten werden wohl 
durch weitere 2000 bis 3000 Kräfte verstärkt.
Außerdem widerruft der CSU-Politiker eine frühere mündliche Anweisung an die Bundespolizei des Ex-
Innenministers Thomas de Maizière (CDU) aus dem Jahr 2015 schriftlich. Demnach galt bislang: 
Drittstaatsangehörigen ohne aufenthaltslegitimierende Dokumente und mit Vorbringen eines Asylbegehrens ist die 

An der Grenze Flüchtlinge sollen ab sofort zurückgewiesen werden. Doch die Praxis ist kompliziert
Einreise zu gestatten. Damals, als Kanzlerin Angela Merkel noch eine Willkommenskultur für alle Flüchtlinge 
ausgerufen hatte. Die Merkel sche Migrationspolitik hat somit ein Ende gefunden.
In Frankfurt (Oder) wird die neue Linie sofort umgesetzt. Doch es ist zunächst eine Politik der Bilder, nicht der 
Zahlen. In der Grenzstadt bedeutet das vor allem: mehr Uniformen, mehr Kontrollen. Und, jedenfalls an Tag eins 
der Republik Merz, es gibt hier keine Flüchtlinge, die man zurückweisen könnte.
Ein junger Bundespolizist, Anfang dreißig, raucht nervös an einem mobilen Kontrollpunkt. Das wird so nicht 
funktionieren , sagt er leise. Aber das soll es vielleicht auch gar nicht. Schleuser suchten sich inzwischen sowieso 
andere Wege, brächten Migranten zur grünen Grenze und nicht nach Frankfurt (Oder). Er wirkt resigniert.
Die Praxis der kriminellen Menschenschleuser ist allseits bekannt: Viele illegale Migranten kommen über die 
belarussische Grenze und werden dann mit Autos an die polnische Westgrenze gefahren. Manchmal werden sie in 
Pkw oder Transportern direkt hinübergefahren und dann in Brandenburg ausgesetzt. Die Schleuser machen dann 
noch ein Beweisfoto, das sie ihren Auftraggebern schicken, als Beweis für die erfolgreiche Schleusung und damit 
sie ihren Lohn von 600 Euro erhalten.
Andere Schleuser lassen die Migranten in Orten wie Slubice aus dem Wagen, damit sie über die Stadtbrücke nach 
Frankfurt (Oder) laufen oder eben nach Hohenwutzen oder Küstrin, 80 bzw. 30 Kilometer nördlich von Frankfurt.
Deshalb steht auch in Küstrin-Kietz ein Polizeiwagen an der Oderbrücke, auf der sich die Autos stauen. Poller 
verengen die Fahrbahn, die Fahrzeuge kommen nur langsam voran. Das habe aber nichts mit Migranten zu tun, 
sagt der Beamte, sondern damit, dass die Brücke keine Lkw mehr tragen könne. Durch die verengte Fahrbahn 
kämen sie nicht mehr hinüber. Migranten habe er heute noch keine kontrolliert, niemand haben Asyl gerufen. 
Flüchtlinge melden sich bei uns nicht an , sagt er und grinst. Mal kämen sie in Scharen, mal gar nicht, so der 
Bundespolizist.
Als Deutschland im September vergangenen Jahres die stationären Grenzkontrollen auch an der Grenze zu Polen 
einführte, bezogen uniformierte Bundespolizisten an der Stadtbrücke nach Slubice dauerhaft Stellung. Jeden Tag 
nahmen sie rund zehn Flüchtlinge in Empfang und brachten sie zur Identitätsfeststellung. Die Bundespolizei war bis 
zum Dobrindt-Erlass lediglich eine Art Empfangskomitee.
Nach und nach baute sie den Stützpunkt auf der Mittelinsel aus: ein Aufenthaltscontainer, ein Toilettencontainer, 
ein riesiges Zelt, in dem Autos kontrolliert werden, die von den Beamten herausgewunken wurden. Zwei Beamte 
stehen auch heute am Straßenrand und mustern die vorbeirollenden Fahrzeuge, die aus Polen kommen. Einer 
trägt eine MP5 von Heckler & Koch vor der Brust. Der andere hält die Anhaltekelle heraus, als ein weißer 
Transporter heranrollt. Transporter, polnische Taxen, alte VW Golfs sind besonders im Fokus. Nach welchen 
Kriterien die Bundespolizisten genau kontrollieren, ist geheim.
Es ist Mittag, die Journalisten werden nicht weniger. Bislang ist kein einziger Flüchtling hier angekommen. Dafür 
erscheint Andreas Broska, Vorsitzender der Direktionsgruppe Bundespolizei in der Gewerkschaft der Polizei (GdP). 
Man merkt schon: Es herrscht eine angespannte Stimmung und eine gewisse Unsicherheit, weil die Kollegen noch 
nicht wissen, in welche Richtung es geht , sagt er.
 Warten auf genaue Anweisung 
Er sagt das, was die meisten Bundespolizisten an dem Tag denken: Dass alle auf die genauen Dienstanweisungen 
warten ob Asylsuchende noch auf der Grenzlinie zurückgeschickt werden sollen oder ob man sie erst zur 
Dienststelle mitnimmt, um sie dann nach Polen zu übergeben. Es gebe noch nichts schriftlich.
Der Polizeigewerkschafter Broska bezweifelt derweil, dass die Pläne von Merz und Dobrindt so schnell umsetzbar 
sind. Das braucht Zeit , sagt er. Das müsse mit den Personalräten besprochen werden. Außerdem sei es nicht 
leicht, so schnell Beamte zu versetzen. Schon jetzt würden Bereitschaftspolizisten aus Bad Düben, Ratzeburg und 
Blumberg herangezogen, die in 12-Stunden-Schichten die ganze Woche über nicht zu Hause seien und in Zwei-
Bett-Zimmern übernachten müssen.
An der Grenze Flüchtlinge sollen ab sofort zurückgewiesen werden. Doch die Praxis ist kompliziert
50 Meter hinter der Stadtbrücke in Frankfurt (Oder) besitzt seit mehreren Jahren ein Grieche eine Bar. Ich bin froh, 
wenn das hier endlich aufhört. Jede Nacht kommen hier Flüchtlinge, viele junge Männer, oft mit Messern in der 
Tasche , schimpft er. Die Leute hier leben in Angst. 
Er hofft daher, dass die neue Regierung endlich strengere Grenze setzt. Er zuckt aber auch resigniert mit den 
Schultern und sagt: Hoffentlich ist das nicht alles nur Symbolpolitik."
2025-05,Main Corpus,2025-05(50).ZIP,Anti-Messer-Migranten.PDF,C:\PythonProjects\AfD-project\Corpora\Main Corpus\2025-05\raw_unarchive\Anti-Messer-Migranten.PDF,Anti-Messer-Migranten,antimessermigranten,Die Welt,die welt,Dienstag 27. Mai 2025,Andreas Rosenfelder,TITEL; KOMMENTAR; S. 1; Ausg. 101,483,3623,c288a586cf9882fd76350c0ff7a8097817aea03a,,unique,drop,commentary_noncore,no,,no,,,4422,yes,commentary_noncore,,,,"Muhammad Al Muhammad, 19 Jahre alt, im September 2022 als syrischer Flüchtling nach Deutschland 
gekommen: Vermutlich hätte es keinen überrascht, wenn nach dem jüngsten Messer-Attentat am Hamburger 
Hauptbahnhof diese Informationen durchgesickert wären über den Täter. Wenn irgendwo in Deutschland wieder 
ein Mann (wie es im neutralen Mediendeutsch meistens heißt) auf Passanten einsticht, lauert ein ganzes Milieu 
von Zynikern nur darauf, dass endlich die üblichen Details enthüllt werden: Männlicher Täter, muslimisches 
Herkunftsland, abgelehnter, geduldeter und/oder ausreisepflichtiger Asylbewerber, polizeibekannt, 
verhaltensauffällig.
Die Zyniker lauern nicht ohne Grund. Es gibt einen offensichtlichen Zusammenhang zwischen einer gescheiterten 
Migrationspolitik und der inzwischen alltäglichen Messergewalt belegt durch eine Serie bestialischer Bluttaten aus 
genau diesem Täterkreis, von Mannheim bis Solingen, von Aschaffenburg bis Bielefeld. Die Verleugnung, ja 
Tabuisierung dieses Zusammenhangs ist ein Grund für das wachsende Misstrauen der Bevölkerung. So behauptet 
der Grünen-Politiker Konstantin von Notz dieser Tage allen Ernstes, dass die Verknüpfung des Themas Migration 
mit dem Thema Sicherheit in die Irre führt . Auch ein Netzwerk regierungsnaher NGOs hat die Herstellung einer 
Verbindung zwischen Migration und Kriminalität konsequent als Falschinformation diffamiert und so politische 
Lösungen eines realen Problems blockiert. Wie so oft stärkte diese Vertuschungsstrategie genau jenes Phänomen, 
das sie verhindern wollte: Sie trug zu einem eindimensionalen Blick bei, der Migration im Umkehrschluss zur 
offiziellen Darstellung nur noch als Bedrohung identifiziert.
Dass eine pauschale Dämonisierung der Messermigranten ebenso falsch ist wie die Verklärung der 
Einwanderung, zeigt das Beispiel Muhammad Al Muhammads. Der 19-jährige Syrer hat die Hamburger 
Amokläuferin, eine frisch aus der Psychiatrie entlassene Deutsche, mutig entwaffnet zusammen mit einem 
Tschetschenen. Als alle flohen, griff Al Muhammad ein, statt dem Herdentrieb zu folgen: Ich habe mich 
entschieden, in die andere Richtung zu rennen und die Frau zu stoppen , sagte er dem Spiegel . Erst stellte der 
Tschetschene der Messerstecherin ein Bein, dann drückte der Syrer sie zu Boden und sagte in gebrochenem 
Deutsch: Wenn du aufstehen, ich schlage! 

Anti-Messer-Migranten
Das spontane Heldentum zweier Migranten hat in Hamburg verhindert, dass mehr Menschen verletzt oder getötet 
wurden so wie in Aschaffenburg der Somalier Ahmed Mohamed Odowaa half, jenen 28-jährigen Afghanen zu 
stoppen, der zuvor ein marokkanisches Kindergartenkind und einen deutschen Familienvater ermordet hatte. Es 
mag eine Rolle spielen, dass Migranten aus weniger bequemen Herkunftsländern in Krisen einen moralischen 
Kompass und eine Willenskraft aufbringen, wie sie vielen Deutschen abhanden gekommen sind.
Warum hat es Deutschland so lange nicht geschafft, mit einer maß- und planvollen Einwanderungspolitik jenen eine 
Perspektive zu bieten, die ihre Tatkraft zum Wohle des Landes einbringen wollen um ihnen zugleich aktive 
Integrationsleistungen abzuverlangen? Die deutsche Gesellschaft könnte von ihrer Leistungsbereitschaft 
profitieren. Stattdessen hat eine Migrationspolitik, die unterschiedslos alle ins Land ließ und weder forderte noch 
förderte, ein Klima aus Angst, Unsicherheit und Gewalt erzeugt. Unter diesem Staatsversagen leiden auch jene 
Migranten, die in Frieden in Deutschland leben und arbeiten wollen. Es wäre ein richtiges Zeichen, Muhammad Al 
Muhammad einen Orden zu verleihen.
Original Gesamtseiten-PDF"
2025-05,Main Corpus,2025-05(50).ZIP,Auf einen Blick Arbeitsmoral in Deutschland_ Merz relativiert Aussage ++ Einwanderer in Deutschland_.PDF,C:\PythonProjects\AfD-project\Corpora\Main Corpus\2025-05\raw_unarchive\Auf einen Blick Arbeitsmoral in Deutschland_ Merz relativiert Aussage ++ Einwanderer in Deutschland_.PDF,Auf einen Blick Arbeitsmoral in Deutschland: Merz relativiert Aussage ++ Einwanderer in Deutschland:,auf einen blick arbeitsmoral in deutschland merz relativiert aussage  einwanderer in deutschland,Die Welt,die welt,Freitag 23. Mai 2025,,POLITIK; NACHRICHTEN; S. 3; Ausg. 99,994,7312,775ad2314cd1a3a251eb0c637d8ceb8602d2323d,,unique,keep,,no,,no,,,9124,no,,,,,"Arbeitsmoral in Deutschland
Merz relativiert Aussage
Bundeskanzler Friedrich Merz hat seine Aussage relativiert, dass in Deutschland mehr gearbeitet werden müsse, 
damit das Land seinen Wohlstand sichern kann. Wir können nicht so ganz pauschal sagen, die Deutschen arbeiten 
zu wenig , sagte der CDU-Vorsitzende auf dem Tag der Bauindustrie. Es gebe zwar in der Summe ein zu geringes 
Arbeitsvolumen. Aber wir haben in Deutschland Gruppen, vor allen Dingen unter den Jüngeren, die sehr, sehr viel 
arbeiten , fügte Merz hinzu. Wir haben Millionen von Überstunden. Und in einigen Branchen gebe es wirklich eine 
sehr, sehr hohe Arbeitsbelastung . Arbeitsbereitschaft und Arbeitszeit gingen jedoch mit zunehmendem Lebensalter 
zurück. Man müsse aufpassen, dass die Menschen, die noch leistungsfähig seien und arbeiten wollten, auch noch 
unter vernünftigen Bedingungen arbeiten könnten, mahnte der Bundeskanzler.
Einwanderer in Deutschland
Bevölkerungsanteil steigt
Gut jede vierte Person in Deutschland hat eine Einwanderungsgeschichte. Der Anteil dieser Gruppe an der 
Bevölkerung stieg 2024 um knapp einen Prozentpunkt auf 25,6 Prozent, wie das Statistische Bundesamt mitteilte. 
2023 lag der Bevölkerungsanteil noch bei 24,7 Prozent. Voriges Jahr lebten in Deutschland rund 21,2 Millionen 
Menschen mit Einwanderungsgeschichte. Den Statistikern zufolge waren es 873.000 Personen mehr als 2023. 
Menschen mit Einwanderungsgeschichte sind Personen, die entweder selbst oder deren beide Elternteile seit 1950 

Auf einen Blick Arbeitsmoral in Deutschland: Merz relativiert Aussage ++ Einwanderer in Deutschland: 
Bevölkerungsanteil steigt ++ Angreifer von Bielefeld: Acht ....
nach Deutschland eingewandert sind. Sie sind jung im Vergleich zur Gesamtbevölkerung: In der Gruppe der 20- bis 
39-Jährigen hatte 2024 mehr als jede dritte Person eine Einwanderungsgeschichte.
Angreifer von Bielefeld
Acht verschiedene Namen
Im Fall des Messerangriffs vor einer Bar in Bielefeld ist der gefasste Tatverdächtige mit unterschiedlichen 
Schreibweisen seines Namens in den Systemen der Behörden aufgetaucht. Nach dpa-Informationen kannte man 
den Syrer beim Bundesamt für Migration und Flüchtlinge (BAMF) unter zwei Namen, was aber nicht mit falschen 
Angaben zusammenhing, sondern der verschiedenen Möglichkeiten der Transkription des Nachnamens geschuldet 
ist. Bedeutet: Die Behörden haben den Namen in verschiedenen Variationen aufgeschrieben. Nach Angaben des 
nordrhein-westfälischen Innenministeriums wird derzeit geprüft, warum Mahmoud M. in zwei Polizeisystemen mit 
acht sogenannten Alias-Namen aufgetaucht ist. Innenminister Herbert Reul (CDU) hatte diese Zahl zuletzt genannt.
Pflegeversicherung
DAK warnt vor Defizit
Die Finanzprobleme der Pflegeversicherung drohen sich nach Einschätzung der Kranken- und Pflegekasse DAK-
Gesundheit weiter zu verschärfen. Nach der Deutschen Presse-Agentur vorliegenden DAK-Berechnungen steuert 
die Pflegeversicherung in diesem Jahr auf ein Defizit von 1,65 Milliarden Euro zu. 2026 werde sich das 
Milliardenloch voraussichtlich auf 3,5 Milliarden Euro vergrößern. Ohne neue Finanzmittel sei spätestens zum 
Jahreswechsel 2026 eine Beitragserhöhung um mindestens 0,3 Beitragssatzpunkte unvermeidlich, sagte DAK-
Vorstandschef Andreas Storm. Für ein Kassenmitglied beispielsweise mit einem Kind werden heute 3,6 Prozent 
des Bruttoeinkommens fällig. In ihrer Prognose sieht die Hamburger Versicherung die Pflegefinanzen heute noch 
etwas kritischer als der GKV-Spitzenverband vor einigen Wochen. Der Verband hatte die Prognose eines Defizits 
von rund einer halben Milliarde Euro öffentlich gemacht.
Luxusjet aus Katar
USA nehmen Geschenk an
Trotz Korruptionsvorwürfen hat die US-Regierung einen Luxusjet aus Katar offiziell als Geschenk angenommen. 
Das US-Verteidigungsministerium kündigte umfangreiche Sicherheitsmaßnahmen an, damit die Boeing 747 für 
den Transport des Präsidenten der Vereinigten Staaten verwendet werden könne. Um den Verdacht der 
Bestechlichkeit von Präsident Donald Trump auszuräumen, geht die 400 Millionen Dollar teure Spende aus Katar 
offiziell an das Pentagon. Die Annahme des Geschenks durch das Ministerium entspreche allen Regeln und 
Vorschriften der USA, betonte Pentagonsprecher Sean Parnell. Die US-Verfassung verbietet es 
Regierungsvertretern, Geschenke, Titel oder Ähnliches von einem König, Prinzen oder ausländischen Staat ohne 
Zustimmung des US-Kongresses anzunehmen. Trump will diese Anti-Korruptions-Klausel durch die Schenkung an 
das Pentagon umgehen.
ESC-Gewinner
Beim nächsten Mal ohne Israel 
Österreichs Gewinner JJ wünscht sich den Eurovision Song Contest nächstes Jahr in Wien ohne das diesmal auf 
dem zweiten Platz gelandete Israel. Es ist sehr enttäuschend, dass Israel noch am Wettbewerb teilnimmt , zitierte 
die spanische Zeitung El País den 24-jährigen Johannes Pietsch. Ich würde mir wünschen, dass der Eurovision 
Song Contest nächstes Jahr in Wien stattfindet, ohne Israel. Aber der Ball liegt nun bei der EBU. Wir Künstler 
können uns nur dazu äußern. Die Europäische Rundfunkunion (EBU/European Broadcasting Union) ist als 
Zusammenschluss von Rundfunkanstalten aus Dutzenden Ländern der Veranstalter des Eurovision Song Contest 
(ESC). Der ausgebildete Opernsänger Pietsch hatte bei dem in der Nacht zum Sonntag in Basel ausgetragenen 
Auf einen Blick Arbeitsmoral in Deutschland: Merz relativiert Aussage ++ Einwanderer in Deutschland: 
Bevölkerungsanteil steigt ++ Angreifer von Bielefeld: Acht ....
Wettbewerb mit dem Song Wasted Love die meisten Punkte geholt und die Musikshow gewonnen. Israels 
Teilnahme am ESC wurde in den vergangenen Monaten immer wieder kritisiert. Hintergrund ist der Krieg gegen die 
Terrororganisation Hamas, den Israel im Gaza-Streifen führt. Dieser begann nach dem Massaker durch 
palästinensische Terroristen in Israel im Oktober 2023.
Neuer Zerstörer für Nordkorea
Zwischenfall bei Feier
In Nordkorea ist es Staatsmedien zufolge bei einer feierlichen Zeremonie für einen neuen Zerstörer der 
nordkoreanischen Marine zu einem schweren Unfall gekommen. Wie die staatliche nordkoreanische 
Nachrichtenagentur KCNA berichtete, ereignete sich ein schwerer Unfall , als ein neuer 5000 Tonnen schwerer 
Zerstörer in der östlichen Hafenstadt Chongjin vom Stapel gelassen wurde. Der bei der Zeremonie anwesende 
Machthaber des Landes, Kim Jong-un, sprach von einem kriminellen Akt . Laut KCNA waren unerfahrene 
Kommandeure für den Unfall verantwortlich. Bei dem Missgeschick seien einige Teile des Bodens des 
Kriegsschiffs zerdrückt worden. Dies sei durch absolute Unachtsamkeit und Verantwortungslosigkeit geschehen.
Griechenland
Erdbeben auf Urlaubsinseln
Ein Erdbeben der Stärke 6,1 hat am frühen Donnerstagmorgen mehrere griechische Urlaubsinseln erschüttert. Wie 
die US-Erdbebenwarte USGS mitteilte, ereignete sich das Beben vor den griechischen Inseln Kreta und Santorin. 
Das Epizentrum lag demnach in einer Tiefe von 68 Kilometern etwa 82 Kilometer nordöstlich von Kretas Hauptstadt 
Heraklion entfernt. Verletzte oder Schäden wurden zunächst nicht gemeldet. Erst vor einer Woche hatte ein 
Erdbeben der Stärke 6,1 südlich der Insel Kasos auch auf bei Urlaubern sehr beliebten Ägäis-Inseln wie Kos, 
Rhodos und Kreta für Erschütterungen gesorgt.
Original Gesamtseiten-PDF"
2025-05,Main Corpus,2025-05(50).ZIP,BAMF nimmt Anhörung von Syrern wieder auf Behörde will Asylanträge erneut bearbeiten. Entscheidungen.PDF,C:\PythonProjects\AfD-project\Corpora\Main Corpus\2025-05\raw_unarchive\BAMF nimmt Anhörung von Syrern wieder auf Behörde will Asylanträge erneut bearbeiten. Entscheidungen.PDF,BAMF nimmt Anhörung von Syrern wieder auf Behörde will Asylanträge erneut bearbeiten. Entscheidungen soll,bamf nimmt anhörung von syrern wieder auf behörde will asylanträge erneut bearbeiten entscheidungen soll,Die Welt,die welt,Montag 5. Mai 2025,Ricarda Breyton,Politik; S. 4; Ausg. 85,538,4011,bcd55cb8cff97b261e16b9cf1ab0f2b1fb18376d,,unique,keep,,no,,no,,,5059,no,,,,,"Das Bundesamt für Migration und Flüchtlinge (BAMF) hat angekündigt, die Bearbeitung von Asylanträgen, die von 
Syrern gestellt wurden, wieder aufzunehmen. Zuletzt habe die Behörde weder Anhörungen durchgeführt noch 
Asylentscheidungen getroffen, sagte BAMF-Abteilungsleiter Patrick Schmidtke. Wir werden wieder mit Anhörungen 
beginnen in kleinem Umfang. 
Entscheidungen soll es vorerst aber weiterhin nicht geben. Schmidtke äußerte sich auf einer Migrationsrechts-
Tagung der Akademie der Diözese Rottenburg-Stuttgart. Nach dem Sturz des Assad-Regimes im Dezember 2024 
hatte das BAMF alle Entscheidungen zu Syrern aufgrund der unsicheren Lage im Land gestoppt. Auch Anhörungen 
wurden nicht mehr durchgeführt. Rund 56.000 Syrer lebten zuletzt mit einer Aufenthaltsgestattung im Land; das 
heißt, über ihren Asylantrag wurde noch nicht entschieden. Dass man nun wieder mit den Anhörungen beginne, 
habe zwei Gründe, sagte Schmidtke. Erstens sei Deutschland wohl aktuell das einzige europäische Land, das 
keine solchen Interviews mit syrischen Asylbewerbern durchführe. Zweitens wolle das BAMF mit den Anhörungen 
zusätzliches Wissen über die Lage im Land generieren. Die Anhörungen sollen zunächst an drei BAMF-Standorten 
starten.
 Für uns ist die Lage im Moment sehr, sehr schwer zu beurteilen , sagte Schmidtke. Einschätzungen ihrer Behörde 
seien aufgrund der sehr volatilen Lage mitunter schon am kommenden Tag Schall und Rauch . Als Beispiel nannte 
er Massaker an der alawitischen Minderheit im März oder die jüngsten Angriffe auf die drusische Bevölkerung 
durch islamistische Milizen.
Der designierte Innenminister Alexander Dobrindt (CSU) hatte zuletzt betont, dass die nächste Koalition auch 
wieder Rückführungen nach Syrien durchführen wolle. Jens Spahn (CDU), der Fraktionschef der Union werden soll, 
hatte im Dezember Flüchtlinge zur Rückkehr nach Syrien ermuntert. Laut dem BAMF werden Entscheidungen alles 
andere als einfach werden: Das Herkunftsland Syrien wird ein extrem schwer zu bearbeitendes Herkunftsland für 
uns werden , sagte Schmidtke. Man dürfe nicht glauben, dass syrische Fälle nun leicht abgearbeitet werden 
könnten.

BAMF nimmt Anhörung von Syrern wieder auf Behörde will Asylanträge erneut bearbeiten. Entscheidungen soll 
es aber vorerst nicht geben
Die Ankündigung des BAMF dürfte nicht nur Asylverfahren betreffen, sondern auch mögliche Verfahren zum 
Widerruf von Schutztiteln. Das Asylrecht sieht vor, dass Schutztitel wegfallen, wenn die Voraussetzungen dafür 
nicht mehr vorliegen. Den Zeitpunkt sieht die Behörde aber offenbar noch nicht für gekommen. Aktuell leben 
975.000 Syrer in Deutschland, davon knapp 600.000 mit befristeten humanitären Aufenthaltstiteln. Dieser Titel kann 
auslaufen, wenn der Schutzstatus nicht verlängert wird. Anders sieht es bei Einbürgerungen oder 
Niederlassungserlaubnissen aus. Allein 2023 wurden rund 75.000 Syrer eingebürgert; sie können nicht mehr 
abgeschoben werden.
Verhältnismäßig sicher ist auch die Bleibeperspektive von Syrern, die eine unbefristete Niederlassungserlaubnis 
besitzen. Diesen Titel können Ausländer erhalten, die einige Voraussetzungen erfüllen. In der Regel müssen 
Betroffene seit mindestens fünf Jahren rechtmäßig in Deutschland leben, ihren Lebensunterhalt sichern, 
ausreichend Deutsch sprechen und Rentenbeiträge eingezahlt haben. Für Minderjährige gelten deutlich geringere 
Hürden. Allerdings haben offenbar bislang nur wenige Syrer versucht, eine unbefristete Niederlassungserlaubnis zu 
erhalten. Aktuell hätten nur rund 71.000 Syrer eine solche, sagte Michael Maier-Borst aus dem Arbeitsstab der 
Beauftragten der Bundesregierung für Migration, Flüchtlinge und Integration. Potenzial sieht er vor allem bei den 
Minderjährigen. Aktuell lebten mehr als 200.000 Syrer mit befristeten humanitären Titeln im Land, die unter 18 sind. 
Sie könnten leichter in unbefristete Niederlassungserlaubnisse wechseln, wenn sie noch eine Schule besuchen 
oder eine Ausbildung machen.
Original Gesamtseiten-PDF"
2025-05,Main Corpus,2025-05(50).ZIP,Bau von Container-Siedlung schreitet voran Die Unterbringung von Flüchtlingen bleibt ein Riesenprobl.PDF,C:\PythonProjects\AfD-project\Corpora\Main Corpus\2025-05\raw_unarchive\Bau von Container-Siedlung schreitet voran Die Unterbringung von Flüchtlingen bleibt ein Riesenprobl.PDF,Bau von Container-Siedlung schreitet voran Die Unterbringung von Flüchtlingen bleibt ein Riesenproblem für,bau von containersiedlung schreitet voran die unterbringung von flüchtlingen bleibt ein riesenproblem für,Rheinische Post,rheinische post,Dienstag 27. Mai 2025,Anja Settnik,S. 17,616,4458,3f3529b9416d95d1655f954dcec6b1a01d4410b2,,unique,keep,,no,,no,,,5675,no,,,,,"Anja Settnik
Goch Es ist seit Jahren sehr schwierig und wird nicht besser: Die Vielzahl an Flüchtlingen, die den Städten und 
Gemeinden monatlich zugewiesen wird, überfordert die Kommunen längst. Verfügbare Wohnungen sind auf dem 
Markt kaum mehr zu haben, andere Quartiere fehlen oft genug den Menschen, für die sie eigentlich gedacht waren 
– etwa Turnhallen oder Begegnungsstätten. Als der Gocher Bürgermeister erfuhr, dass das alte Hildegardishaus 
am Krankenhaus, das ukrainischen Frauen und ihren Kindern als Unterkunft dient, bald nicht mehr zur Verfügung 
steht, wuchs die Sorge noch einmal an. Und dann auch noch die Nachricht, dass die frühere Liebfrauenkirche 
geräumt werden muss. Dem Vernehmen nach gibt es für die Nutzung des Gebäudes, das sich bisher im Eigentum 
der katholischen Kirchengemeinde befindet, endlich eine Idee. Wohin aber mit den dort untergebrachten 
Menschen?
Für einen Teil der Ukrainerinnen wird kurzfristig Platz in einem ehemaligen Verwaltungsgebäude auf der 
Siemensstraße geschaffen. Das war zunächst so nicht vorgesehen, ist nun aber eine echte Hilfe. Im jüngsten 
Ausschuss für Senioren, Soziales, Integration und Gesundheit wurde über den Themenkomplex berichtet. Die 
Verwaltung stellte den aktuellen Stand der Unterbringungssituation vor und nannte einen wichtigen Termin: Schon 
im August soll die Containersiedlung an der Siemensstraße zur Verfügung stehen. Dort wird Platz sein für bis zu 
250 Menschen.

Bau von Container-Siedlung schreitet voran Die Unterbringung von Flüchtlingen bleibt ein Riesenproblem für 
die Kommunen. Auch in Goch ist das so, zumal zwei bis....
Bekanntlich hatte der Rat im vergangenen Jahr ein Maßnahmenpaket in Höhe von knapp 4,8 Millionen Euro 
beschlossen, um die Personen, die der Stadt Goch künftig zugewiesen werden, auch weiterhin unterbringen zu 
können. Diese Maßnahmen sind derzeit in Umsetzung: Auf dem ehemaligen Betriebsgelände der Firma Trox an 
der Siemensstraße sollen bis zu 250 Flüchtlinge untergebracht werden können. Die vorbereitenden Arbeiten für die 
Errichtung der Wohncontaineranlagen laufen, so Fachbereichsleiter Gero Guntlisbergen. Im August sollen sie 
bezugsfertig sein.
Bereits Anfang Juni wird das ehemalige Verwaltungsgebäude auf dem Firmengelände mit etwa 30 Personen 
provisorisch belegt. Da der Vermieter des Hildegardishauses, ein ehemaliges Pflegeheim an der Kalbecker Straße, 
wegen Eigenbedarfs den Vertrag mit der Stadt Goch aufgekündigt hat, müssen die dort untergebrachten 94 Frauen 
und Kinder zur Jahresmitte auf andere Liegenschaften verteilt werden. Eine dieser Liegenschaften wird das 
Verwaltungsgebäude an der Siemensstraße sein.
Die aktuell größte Flüchtlingsunterkunft der Stadt Goch, die ehemalige STG-Halle an der Marienwasserstraße, 
musste kurzfristig um 50 Plätze aufgestockt werden, auch diese Maßnahme ist mit dem Wegfall der Unterkunft im 
Hildegardishaus begründet. Im ehemaligen Hotel am Kastell sind aktuell 30 Personen im vorderen Gebäudeteil 
untergebracht. Notwendige Arbeiten am rückwärtigen Teil werden derzeit vorbereitet, hier können weitere bis zu 50 
Personen Platz finden.
Die an der Ketteler Straße geplanten Maßnahmen stehen derzeit noch aus. Dort ist bekanntlich vorgesehen, die 
ehemalige Tennishalle abzureißen und Wohncontaineranlagen aufzustellen. Wann hier der erste Schritt, der Abriss 
der Halle, erfolgt, ist aktuell noch nicht terminiert, teilt die Stadtverwaltung mit.
Fachbereichsleiter Wolfgang Peiter berichtete, dass aktuell 650 geflüchtete Menschen in städtischen 
Liegenschaften untergebracht sind. Wie sich die Lage weiter entwickelt, ist absolut unklar. Mit monatlich bis zu 30 
neu zugewiesenen Personen ist zu rechnen. Daher könne derzeit auch keine Aussage darüber getroffen werden, 
wann die ehemalige Sporthalle in Pfalzdorf sowie die Mehrzweckhalle in Nierswalde, in denen aktuell ebenfalls 
Flüchtlinge untergebracht sind, wieder anderweitig genutzt werden können. Kürzlich war dieser Schritt schon in 
Aussicht gestellt worden. Die veränderte Situation mit den gekündigten Unterkünften hat diese Hoffnung erst einmal 
wieder zunichte gemacht.
Bau von Container-Siedlung schreitet voran Die Unterbringung von Flüchtlingen bleibt ein Riesenproblem für 
die Kommunen. Auch in Goch ist das so, zumal zwei bis....
Link to PDF
Graphic
 
Derzeit laufen die Vorarbeiten, im August soll an der Siemensstraße ein Containerdorf für Flüchtlinge zum Bezug 
bereit sein. Foto: Matenaers/Stadt Goch"
2025-05,Main Corpus,2025-05(50).ZIP,Begrenzt humanitär Vor 60 Jahren führte die Bundesrepublik das individuelle Asylverfahren nach Artik.PDF,C:\PythonProjects\AfD-project\Corpora\Main Corpus\2025-05\raw_unarchive\Begrenzt humanitär Vor 60 Jahren führte die Bundesrepublik das individuelle Asylverfahren nach Artik.PDF,Begrenzt humanitär Vor 60 Jahren führte die Bundesrepublik das individuelle Asylverfahren nach Artikel 16 des,begrenzt humanitär vor 60 jahren führte die bundesrepublik das individuelle asylverfahren nach artikel 16 des,Die ZEIT (inklusive ZEIT Magazin),die zeit inklusive zeit magazin,15. Mai 2025,Michael Mayer,GESCHICHTE;Begrenzt humanitär; S. 43; Ausg. 20,1960,14623,af9f1265cf097dea6f623336a541b6d4a2c611d4,,unique,keep,,no,,no,,,16053,no,,,,,"Die Verfahren dauerten zu lange, zu viele Leute kämen ins Land, und am Ende werde man sie nicht mehr los. So 
geht die Klage heute, und so ging sie in der Bundesrepublik schon 1964. Aus Bayern kam damals ein radikaler 
Vorschlag: Weg mit den Asylverfahren! Dies wäre, hieß es zur Begründung des am 13. Februar 1964 vorgelegten 
Gesetzentwurfs, »ein bedeutsamer Schritt zur Verwaltungsvereinfachung und würde wahrscheinlich die Abwicklung 
der einschlägigen Asylfälle erheblich beschleunigen«. In einer Sitzung der Innenministerien von Bund und Ländern 
erklärte der bayerische Ministerialdirigent Alexander Mayer dazu: »Mindestens vier Fünftel der Leute, die Asyl 
begehren, würde von vornherein gesagt werden, daß Asyl überhaupt nicht in Frage komme, und sie könnten 
wahrscheinlich schon an der Grenze zum großen Teil von der Grenzpolizei gefaßt und sofort zurücküberstellt 
werden.«
Das Land Bayern konnte sich damals nicht durchsetzen - wobei humanitäre Argumente eine Nebenrolle spielten. 
Entscheidend war etwas anderes: Bund und Länder waren sich einig, dass sich die Zuwanderung nicht allein an 
den Außengrenzen kontrollieren und beschränken lasse, sondern dass es dazu Asylverfahren brauche. Am Ende 
der Debatte stand, vor genau 60 Jahren, die umfassende Einführung ebendieser Verfahren nach Artikel 16 des 
Grundgesetzes: »Politisch Verfolgte genießen Asylrecht«. Dieser Satz galt seit 1949 (ZEIT Nr. 23/24), war in der 
Praxis aber lange Zeit kaum von Bedeutung. Asylpolitisch markiert das Jahr 1965 daher eine Wende.
Die Frage, wie die Zuwanderung zu regulieren ist, begleitete die Bundesrepublik von Anfang an. Schon im Juni 
1949 verkündete ein Strategiepapier, dass es »den anhaltenden Zustrom illegaler Einwanderer und unerwünschter 
Flüchtlinge zu verhindern« gelte. Verfasst hatten es die Westalliierten, die Wege suchten, die deutsche Grenze 
effektiv zu sichern. Dies war ihnen bislang nicht gelungen, obwohl sie massiv Militär einsetzten. Vor allem nach 
Bayern reisten 1949 monatlich bis zu 4.000 ausländische Flüchtlinge illegal ein, die meisten über die 
Tschechoslowakei und Österreich; viele zogen in Staaten der Westalliierten weiter. Abhilfe, hieß es in dem 
Dokument, könnten Asylverfahren schaffen. Flüchtlinge, die an der Grenze um Asyl baten, sollten fortan in 
»besondere Aufnahmelager« gebracht werden. Hier wollte man sie »registrieren und überprüfen«, um zu 
entscheiden, wer bleiben dürfe. Erklärtes Ziel war es, die meisten in ihre Heimat zurückzuschicken. Denn die 

Begrenzt humanitär Vor 60 Jahren führte die Bundesrepublik das individuelle Asylverfahren nach Artikel 16 des 
Grundgesetzes ein. Den Innenminister stellte damal....
Alliierten waren überzeugt, dass die Beweggründe der Flüchtlinge »in der Mehrzahl der Fälle nicht stark genug 
sind, um ihre Aufnahme zu rechtfertigen«.
Die Bonner Regierung war gewillt, diesem Vorschlag zu folgen. Doch stellten die Alliierten eine Bedingung: dass 
die Bundesrepublik den anerkannten Flüchtlingen einen besonderen Schutzstatus verlieh. Dies sollte unter 
anderem verhindern, dass Flüchtlinge in die Staaten der Alliierten weiterwanderten, falls sie in Westdeutschland 
keine angemessenen Lebensbedingungen vorfanden.
Während sich die Verhandlungen über diese und andere Fragen hinzogen, stieg der Druck. Im Juni 1950 beendete 
die International Refugee Organization, die sich seit 1947 um ausländische Flüchtlinge in Westdeutschland 
gekümmert und diese in Drittstaaten umgesiedelt hatte, ihre Arbeit in der Bundesrepublik. Flüchtlinge wurden nun, 
wie das Bundesinnenministerium am 30. Juni 1950 bemängelte, meist nicht einmal mehr erfasst. Es brauchte also 
dringend ein Kontrollinstrument. Sonst öffne man »unlauteren Elementen [...] Tür und Tor«, hieß es in einer 
Besprechung der Flüchtlingsverwaltungen der westdeutschen Länder am 11. Januar 1951. Ausländische 
Flüchtlinge sollten »zwangsweise einem Lager zugeführt werden«, um sie dort nach ihren Fluchtgründen zu 
befragen. Besonders der bayerische Ministerpräsident Hans Ehard drängte auf die Einführung von Asylverfahren, 
da in Bayern aufgrund seiner Grenzlage die meisten Flüchtlinge ankamen. Am 6. Januar 1953 schließlich wurde die 
Asylverordnung erlassen. Sie ermöglichte es, die bis zu 5.000 bereits illegal im Bundesgebiet lebenden 
Nichtdeutschen und zukünftige Flüchtlinge zu überprüfen.
Von Artikel 16 war dabei noch nicht die Rede: Die Rechtsgrundlage für die Verfahren bildete nicht das 
Grundgesetz, sondern die Genfer Flüchtlingskonvention von 1951. Die wiederum galt damals de facto nur für 
Flüchtlinge aus dem sowjetischen Machtbereich, da sie ausschließlich Ereignisse aus der Zeit vor 1951 als 
Fluchtgrund anerkannte (eine Regelung, die auf die kommunistischen Machtübernahmen nach 1945 abzielte).
Zunächst verursachte das keine Schwierigkeiten, denn man hatte es kaum mit anderen Geflüchteten zu tun. Erst 
von Mitte der Fünfzigerjahre an kamen allmählich mehr Menschen infolge von Ereignissen jüngeren Datums in die 
Bundesrepublik - vor allem aus Algerien, Marokko und Tunesien. Für diese Flüchtlinge jedoch existierten keine 
Asylverfahren. Sie konnten sich lediglich, wenn sie ausgewiesen werden sollten, auf Artikel 16 berufen. Ein 
Asylverfahren folgte auch dann nicht. Und wer anschließend bleiben durfte, erhielt keinen Status als 
Asylberechtigter. Das Innenministerium erklärte dazu am 13. November 1958: »Eine ausdrückliche Feststellung, 
daß dem Ausländer der Schutz des Asyls zusteht, erübrigt sich, wenn dem Ausländer die Möglichkeit gegeben 
wird, sich im Bundesgebiet aufzuhalten.« So stand es den Behörden offen, die Betroffenen vielleicht zu einem 
späteren Zeitpunkt auszuweisen. Dazu kam es freilich äußerst selten.
Diese Situation brachte zwei Probleme mit sich: Erstens wurden die betreffenden Flüchtlinge nicht systematisch 
registriert. Und zweitens konnte man sie in der Regel selbst dann nicht abschieben, wenn man sie - etwa aufgrund 
von Vorstrafen - für gefährlich hielt. So entschied das Landgericht München 1964 im Falle eines als Spion 
verurteilten Kurden, dass dieser zwar ein erhebliches Sicherheitsrisiko darstelle, jedoch nicht in die Türkei 
abgeschoben werden könne, da ihm dort die Todesstrafe drohe.
Anders lagen die Dinge bei den Flüchtlingen, die seit 1953 auf Basis der Genfer Flüchtlingskonvention anerkannt 
wurden: Sie konnten sehr wohl in einen Verfolgerstaat ausgewiesen werden. Denn anders als das Grundgesetz 
gestattete die Konvention nach Artikel 33 die Ausweisung eines Flüchtlings, wenn dieser »aus schwerwiegenden 
Gründen als eine Gefahr für die Sicherheit des Landes anzusehen ist, in dem er sich befindet«.
Spätestens Anfang der Sechzigerjahre stieg die Zahl der Geflüchteten aus dem nichtkommunistischen Ausland 
deutlich an. Deshalb schlug das Bundesinnenministerium - angeregt durch den Bundestag - im Februar 1964 vor, 
künftig auch diese Flüchtlinge einem Asylverfahren zu unterziehen, und zwar auf Basis von Artikel 16. Dies würde 
eine umfassende Kontrolle in Form einer Registrierung und sicherheitspolizeilichen Überprüfung der Betroffenen 
ermöglichen. Bislang hielten sich diese Menschen, so klagte das Bundesinnenministerium, »mehr oder weniger 
unkontrolliert irgendwo auf«, da es bei der Erteilung einer Aufenthaltserlaubnis kaum weitere Überprüfungen gab. 
Durch ein Asylverfahren, gab der zuständige Ministerialrat Kurt Breull am 9. März 1964 zu bedenken, sei 
Begrenzt humanitär Vor 60 Jahren führte die Bundesrepublik das individuelle Asylverfahren nach Artikel 16 des 
Grundgesetzes ein. Den Innenminister stellte damal....
»wenigstens eine gewisse Sicherheit gegeben, daß diese Leute nicht an einer Stelle zusammenströmen, sondern 
in das Wirtschaftsleben eingegliedert werden«. Die Einführung von Asylverfahren diene daher »dem 
Sicherheitsbedürfnis« der Bundesrepublik »in weitestem Maße«.
Noch wichtiger war dem Bundesinnenministerium, dass man künftig auch vorbestrafte Flüchtlinge aus dem 
nichtkommunistischen Ausland würde ausweisen können. Denn diesen wollte man nach ihrer Anerkennung eine 
Rechtsstellung nach der Genfer Flüchtlingskonvention gewähren. Das war die entscheidende Neuerung des 
geplanten Ausländergesetzes: Fortan würden auch nach Artikel 16 anerkannte Flüchtlinge den strikteren 
Ausweisungsbestimmungen der Genfer Konvention unterliegen. Eine Entscheidung des 
Bundesverwaltungsgerichtes hatte diesen Schachzug ermöglicht.
Der Gesetzesvorschlag fand weithin Anklang. Nur in Bayern nicht. Hier drehte man den Spieß gewissermaßen um: 
Statt Asylverfahren für alle einzuführen, forderte man die Abschaffung sämtlicher Verfahren - auch der 1953 
eingeführten für die Flüchtlinge aus dem Sowjetbereich. Flüchtlingen sollte lediglich im Einzelfall »Schutz vor 
Ausweisung und Auslieferung an das Verfolgungsland« gewährt werden. Gegen Asylverfahren jeglicher Art sprach 
aus bayerischer Perspektive, dass diese »ziemlich lange« dauerten, wie der Vertreter des bayerischen 
Innenministeriums, Alexander Mayer, bemängelte. Oft würden die Leute »vorübergehend in Arbeit vermittelt«, und 
wenn sie dann »einige Monate gut gearbeitet« hätten, werde sie »die Ausländerbehörde nicht mehr los«.
Die bayerische Lösung hätte weitreichende Folgen gehabt. Es hätte keine bundeseinheitliche 
Anerkennungsbehörde mehr gegeben. Vielmehr wären fortan allein die lokalen Ausländerbehörden für den 
Umgang mit den Asylsuchenden zuständig gewesen. Dies stieß weder bei den übrigen Ländern auf Gegenliebe 
noch bei Bundesinnenminister Hermann Höcherl, einem CSU-Mann. »Irgendeinen Rechtsstatus« müsse man den 
»Asylanten«, die in der Bundesrepublik blieben, schon geben, wandte sein Ministerialrat Kurt Breull ein. Er 
argumentierte äußerst pragmatisch: Es sei, so heißt es im Protokoll, sinnvoll, »Ausländern, die man ohnehin nicht 
loswerden könne, weil sie einen Rechtsanspruch haben, in der Bundesrepublik zu sein, die Möglichkeit zu geben, 
sich bald und weitgehend in unser Wirtschaftsleben einzugliedern«. Verweigere man etwa die Arbeitserlaubnis, 
»mache man den Ausländer zum Asozialen oder Kriminellen«.
Auch der Ministerialdirigent im Bundesinnenministerium, Werner Füßlein, meldete Zweifel an. Es sei zwar denkbar, 
dass die lokalen Ausländerbehörden seltener einen Asylanspruch gewähren würden, als dies in 
bundeseinheitlichen Verfahren der Fall wäre. Aber es bleibe fraglich, »ob die Verwaltungsgerichte mitziehen«. 
Diese würden den Asylbewerbern letztlich doch Asyl zusprechen.
Breull und Füßlein vertraten keineswegs ausländerfreundliche Positionen. Beide waren ehemalige NSDAP-
Mitglieder; Breull kam sogar aus der völkischen Bewegung, war schon 1930 in die Partei eingetreten und hatte der 
SA angehört. Von 1949/50 an waren er und Füßlein im Bundesinnenministerium ausgerechnet für Asyl- und 
Ausländerfragen zuständig. Nach jahrelanger Erfahrung im Ministerium wussten die beiden Beamten 1964 aber 
auch, dass sich eine martialische Rhetorik oft kaum in die Praxis umsetzen ließ. Dies erklärt ihren pragmatischen 
Ansatz.
Und sie hatten Erfolg damit: Am 28. April 1965 wurde das Ausländergesetz verabschiedet, das erstmals in der 
Geschichte der Bundesrepublik einheitliche Asylverfahren für alle Flüchtlinge vorsah.
Der CSU-Bundesinnenminister Höcherl präsentierte dies als »praktisches Bekenntnis zu den unveränderlichen 
Grundsätzen der Menschlichkeit«. Das waren zwar keine leeren Worte, aber der Hauptgrund für die Einführung von 
Asylverfahren war ein anderer: der Wunsch, so viele Menschen wie möglich aufgrund fehlender Verfolgungsgründe 
abweisen zu können. Ferner erlaubten die Verfahren erstmals eine umfassende Überprüfung und Kontrolle aller ins 
Bundesgebiet einreisenden ausländischen Flüchtlinge.
In der Praxis zeigte sich, dass der zweite Punkt der entscheidende war, denn »im großen Stil abschieben«, das 
gelang schon damals nicht. Bereits in den Fünfzigerjahren nahm man im Bundesinnenministerium an, dass nur ein 
Teil der Menschen, die im Asylverfahren abgelehnt werden, auch ausgewiesen werden könnten - entweder weil sie 
staatenlos waren oder weil sie bereits zu lange im Bundesgebiet lebten. Deshalb sei, wenn »ein einmal ergangener 
Begrenzt humanitär Vor 60 Jahren führte die Bundesrepublik das individuelle Asylverfahren nach Artikel 16 des 
Grundgesetzes ein. Den Innenminister stellte damal....
Ausweisungsbefehl auf dem Papier stehenbleibt, von einer Ausweisung von vornherein abzusehen«. Der 
bayerische Vorschlag hätte daran kaum etwas geändert. Zugleich hätte er eine systematische Kontrolle der 
Eingereisten erschwert. Und das Problem an der Grenze zu lösen, war schon den Alliierten nicht gelungen.
Zum Politikum wurden die Asylverfahren nach 1973, als die Anwerbung von »Gastarbeitern« auslief. Bis dahin war 
es das Bestreben der Bundesrepublik gewesen, Menschen zur Arbeit anzulocken. Fortan ging es, unter dem 
Eindruck der Ölkrise und ihrer ökonomischen Folgen, um Abwehr. Die Asylverfahren halfen dabei. Und sollten 
zudem von einer illegalen Einreise abschrecken. Bis 1973 hatten die allermeisten illegal eingereisten Flüchtlinge 
rasch einen Arbeitsplatz gefunden - weshalb ihnen dann auch der Aufenthalt gestattet wurde; es war für sie gar 
nicht unbedingt nötig, Asyl zu beantragen. Nun musste, wer sich auf den Weg machte, damit rechnen, nicht als 
asylberechtigt anerkannt zu werden und auch auf anderem Wege kaum eine Chance zu haben, einen 
Aufenthaltstitel zu erlangen.
Anders als in den Siebzigerjahren werden heute Arbeitskräfte aller Qualifikationen dringend gesucht - und im 
Vergleich zu damals liegen die Asylbewerberzahlen deutlich höher, auch wenn sie derzeit rückläufig sind. Alles 
spricht daher dafür, durch eine gezielte Einwanderungspolitik den Druck aus dem Asylsystem zu nehmen. Was 
dieses selbst betrifft, hat sich in den ersten Jahrzehnten der Bundesrepublik ein überparteilich anzutreffender 
humanitärer Pragmatismus herausgebildet, der weithin vergessen scheint. Dabei sind, bei allen Problemen, der 
Wunsch nach einer humanitären Asylpolitik und die Notwendigkeit, die Zuwanderung zu kontrollieren, nicht 
notwendig ein Gegensatz: Die Einführung individueller Asylverfahren für alle Flüchtlinge vor 60 Jahren erfüllte 
genau diesen doppelten Zweck. Diese Verfahren abzuschaffen, wie es seit einiger Zeit manche fordern, wäre 
umgekehrt nicht nur in humanitärer Hinsicht, sondern auch sicherheitspolitisch fragwürdig.
Michael Mayer leitet den Arbeitsbereich Zeitgeschichte an der Akademie für Politische Bildung Tutzing und forscht 
zur Geschichte des Asylrechts im Grundgesetz
 Einer nach dem anderen: Asylsuchende registrieren sich bei der Polizei in Berlin-Kreuzberg 1978"
2025-05,Main Corpus,2025-05(50).ZIP,BERLIN.PDF,C:\PythonProjects\AfD-project\Corpora\Main Corpus\2025-05\raw_unarchive\BERLIN.PDF,BERLIN,berlin,Berliner Zeitung,berliner zeitung,28. Mai 2025,,BERLIN; S. 4,353,2597,66ce795d486d1f5ef452e2b3566c5244b9c96745,,unique,keep,,no,,no,,,3238,no,,,,,"Tegel bleibt deutlich länger Flüchtlingsunterkunft 
Teile des früheren Flughafengeländes in Tegel sollen bis Ende Mai 2031 und damit deutlich länger als geplant zur 
Unterbringung von Flüchtlingen genutzt werden. Das hat der Senat bei seiner jüngsten Sitzung beschlossen, teilte 
die Senatsverwaltung für Arbeit, Soziales und Integration mit. Es soll aber deutlich weniger Plätze geben. Bislang 
war eine Nutzung von Gebäuden und Teilflächen bis Ende 2025 vorgesehen. Außerdem soll auf dem Gelände des 
ehemaligen Flughafens übergangsweise ab dem kommenden Jahr ein zentrales Ankunftszentrum für 
Asylsuchende und Geflüchtete Platz finden. Geplant ist eine Kapazität von insgesamt 2.600 Plätzen. 
Zwischenzeitlich waren die Zahlen um ein Mehrfaches höher. (dpa)
 Klimaschützer kündigen neue Aktionen ab Freitag an 
 Die Klimaschutzgruppe Neue Generation, Nachfolgerin der Letzten Generation, will mit einer Protest- und 
Widerstandswoche ab Freitag in Berlin für eine andere Umweltpolitik kämpfen. Über Internet-Chatkanäle wurden für 
die Zeit bis zum 7. Juni ein Parlament der Menschen im Regierungsviertel sowie Demonstrationen und Aktionen 
am Axel-Springer-Hochhaus angekündigt. Von einer zentralen Widerstandswelle war die Rede. Wie groß die 
Beteiligung an den Aktionen tatsächlich wird, ist unklar. Im Februar hatte sich die Protestgruppe Letzte Generation, 
die jahrelang vor allem mit Sitzblockaden auf Straßen und anderen Klimaschutz-Aktionen für großes Aufsehen 
gesorgt hatte, in Neue Generation umbenannt. (dpa)
 Himmelfahrt-Prozession zieht zum Alexanderplatz 
Zu Christi Himmelfahrt zieht am Donnerstag wieder eine Prozession vom Berliner Dom zur Marienkirche am 
Alexanderplatz. Der Umzug mit Musik, Glocke, Kutsche und Pferd startet gegen 10.45 Uhr nach einem 
gemeinsamen Festgottesdienst im Dom, kündigte die Oberpfarr- und Domkirchengemeinde an. Die Kanzelrede in 
dem Gottesdienst hält die Schriftstellerin Charlotte Gneuß ( Gittersee ). Die Liturgie gestalten Domprediger Stefan 
Scholpp und Marienkirchen-Pfarrer Michael Kößling. (epd)
 Museumsdorf Düppel lädt zu Jubiläumsfest ein 
 Das Museumsdorf Düppel begeht an diesem Donnerstag sein 50-jähriges Bestehen mit einem Jubiläumsfest. Das 
Freilichtmuseum im Ortsteil Nikolassee hat ein vielseitiges Programm mit Musik und Märchen, mit altem Handwerk 
und eigens gebrautem Bier organisiert. Das Museumsdorf wurde am 29. Mai 1975 eröffnet, es entstand auf den 

BERLIN
originalen Grundrissen einer mittelalterlichen Siedlung. Das Fest beginnt um 10 Uhr, der Eintritt kostet sieben Euro, 
Kinder müssen nichts bezahlen. (BLZ)"
2025-05,Main Corpus,2025-05(50).ZIP,Eine Show an der Grenze Die Union will ihre Wahlkampfversprechen wahr machen und Asylsuchende in gro.PDF,C:\PythonProjects\AfD-project\Corpora\Main Corpus\2025-05\raw_unarchive\Eine Show an der Grenze Die Union will ihre Wahlkampfversprechen wahr machen und Asylsuchende in gro.PDF,Eine Show an der Grenze Die Union will ihre Wahlkampfversprechen wahr machen und Asylsuchende in,eine show an der grenze die union will ihre wahlkampfversprechen wahr machen und asylsuchende in,"taz, die tageszeitung",taz die tageszeitung,Samstag 17. Mai 2025,Christian Rath,POLITIK; S. 7,847,5963,d4d685530a13d89fe643b3160cbd51998e5d44c3,,unique,keep,,no,,no,,,7367,no,,,,,"Von Christian Rath
So sieht also die sogenannte Asylwende aus. In der Woche nach dem Amtsantritt von Bundeskanzler Friedrich 
Merz (CDU) baten 51 Flüchtlinge an der deutschen Grenze um Asyl, 31 von ihnen wurden zurückgewiesen. In der 
Woche davor waren 44 Asylsuchende an die Grenze gekommen, damals durften alle einreisen. Die Aufnahme von 
Asylsuchenden wurde also deutlich gesenkt aber auf extrem niedrigem Niveau. Zur Erinnerung: Im Jahr 2015, als 
die Diskussion über eine Zurückweisung an der Grenze begann, kamen 890.000 Asylsuchende nach Deutschland.
Aber Merz hat geliefert. Er versprach im Wahlkampf, es werde an seinem ersten Tag im Amt Zurückweisungen von 
Asylsuchenden geben. Und so hat es vor einer Woche nun auch der neue Bundesinnenminister Alexander Dobrindt 
(CSU) angeordnet. Nur besonders vulnerable Asylsuchende insbesondere Frauen und Kinder dürfen noch 
einreisen.
Diese Zurückweisungen sind vor allem Show, nicht nur wegen der niedrigen Zahlen. Denn wer als Flüchtling ins 
Nachbarland, etwa nach Österreich, zurückgewiesen wird, probiert es bald erneut, insbesondere an den kaum 
bewachten grünen Grenzen. Auf die Frage, wie viele Zurückgewiesene später doch noch nach Deutschland 
einreisen und Asyl beantragen, geben Innenministerium und Bundespolizei seit Tagen keine Auskunft. Das spricht 
für sich.
Aus dem gleichen Grund ist es auch schwierig, zurückgewiesene Flüchtlinge zu finden, die gegen die 
Verweigerung der Einreise klagen wollen. Warum soll jemand in Polen oder Österreich auf eine deutsche 
Gerichtsentscheidung warten, wenn er auch über die grüne Grenze einreisen kann? Kläger kann wohl nur jemand 
sein, dem dieser Weg zu beschwerlich ist, etwa eine Person mit Fußverletzung.

Eine Show an der Grenze Die Union will ihre Wahlkampfversprechen wahr machen und Asylsuchende in 
großem Stil zurückweisen. Rechtsbrüche sind eingepreist
Inzwischen hat Pro Asyl tatsächlich einen Kläger gefunden: Es gibt bereits ein Eilverfahren, das wir unterstützen , 
sagte ein Sprecher der Organisation der taz. Näheres zur Person und zur Klage werde man aber erst mitteilen, 
wenn der Kläger sicher in Deutschland sei. Das kann noch einige Wochen dauern. Die Eilverfahren an deutschen 
Verwaltungsgerichten sind schwerfällig.
Grüne, Linke und viele Asylexperten sind sich einig, dass die Zurückweisungen gegen EU-Recht verstoßen. 
Dobrindt und Merz halten die Maßnahmen jedoch für rechtlich unbedenklich. Die neue SPD-Justizministerin 
Stefanie Hubig wartet erst einmal ab. Da hier kein Gesetz geändert werden muss, hat sie keinen Hebel für ein Veto.
Juristisch beruft sich Innenminister Dobrindt auf Paragraf 18 des deutschen Asylgesetzes, der Zurückweisungen 
bei der Einreise aus einem sicheren Drittstaat ausdrücklich vorsieht.
Diese deutsche Norm wird allerdings schon lange durch EU-Recht überlagert, das Vorrang hat. In der Dublin-III-
Verordnung ist geregelt, welcher Staat für Asylverfahren in der EU zuständig ist. Meist ist es der Staat in der 
Europäischen Union, den der Flüchtling zuerst betreten hat. Um den zuständigen EU-Staat herauszufinden, dürfen 
Flüchtlinge erst einmal nach Deutschland einreisen. Oft scheitert später jedoch die Überstellung an den 
zuständigen Staat. Dann findet das Asylverfahren in Deutschland statt.
Nach Auffassung Dobrindts kann er jedoch auf diese EU-rechtlich vorgesehene Zuständigkeitsfeststellung 
verzichten, wenn er sich auf Artikel 72 des EU-Rechts beruft. Nach dieser Klausel kann von EU-Recht abgewichen 
werden, sofern es die öffentliche Sicherheit erfordert.
Genau über diese Anwendung von Artikel 72 gab es im Vorfeld einen bizarren Streit zwischen konservativen 
Medien wie der Welt und der Bundesregierung. So schrieb der Vizechefredakteur der Welt, Robin Alexander, einen 
Text mit dem Titel Merz lässt nationale Notlage bei Migration ausrufen . Kanzler Merz ließ das sofort 
dementieren: Der Bundeskanzler wird keinen nationalen Notstand ausrufen. 
Recht hatten allerdings beide. Artikel 72 wird gemeinhin Notlagenklausel genannt, auch wenn das Wort Notlage in 
der Norm gar nicht vorkommt. Allerdings muss eine solche Notlage nicht ausgerufen , sondern nur einfach vor 
Gericht nachgewiesen werden. Weil diesen feinen semantischen Unterschiede aber kaum jemand verstand, wirkte 
die Regierung plötzlich ziemlich konfus.
Viel wichtiger ist aber die Frage, ob die Berufung auf Artikel 72 denn tatsächlich trägt. Das letzte Wort hat hier der 
Europäische Gerichtshof (EuGH) in Luxemburg. Bisher hat er alle Versuche, sich auf die Notlagenklausel zu 
berufen, abgelehnt. Insbesondere Ungarn hatte dies im Asylrecht bereits mehrfach versucht.
Angesichts der aktuell nur noch geringen Asylzugangszahlen ist ein deutscher Erfolg beim EuGH so gut wie 
ausgeschlossen. Vielleicht wartet Dobrindt auch schon klammheimlich darauf, dass die Gerichte endlich 
intervenieren. Denn für die Bundespolizist:innen ist Dobrindts Grenzshow ein aufwendiges Manöver. Zusätzlich 
zu den 11.000 bereits an den deutschen Grenzen eingesetzten Beamt:innen kamen noch einmal 3.000 
Polizist:innen hinzu. Gearbeitet wird nun in Zwölfstundenschichten.
Auch die außenpolitische Belastung ist größer als gedacht. Die Nachbarstaaten folgten nämlich nicht dem 
deutschen Beispiel, wie manche in der Union erwarteten, sondern protestierten dagegen, insbesondere Polen und 
Österreich. Das beunruhigt auch die SPD, die ja im Koalitionsvertrag darauf bestanden hatte, dass die 
Zurückweisungen nur in Abstimmung mit unseren europäischen Nachbarn erfolgen. Zwar ist keine Zustimmung 
der Nachbarn erforderlich, aber dass man Proteste einfach ignoriert, dürfte auch nicht gemeint gewesen sein.
Was Merz im Eifer des Wahlkampfs wohl übersehen hat: Am ersten Tag seiner Amtszeit kann er nicht nur 
Spektakel für die Wählerschaft veranstalten, sondern repräsentiert Deutschland auf europäischer Bühne. Es war 
wenig hilfreich, dass Berlin als erste Amtshandlung erklärt, man wolle sich nicht mehr an EU-Recht halten."
2025-05,Main Corpus,2025-05(50).ZIP,Erstaufnahme-Einrichtung steht leer Flüchtlinge In Neu-Ulm kam es im März zu einer groß angelegten E.PDF,C:\PythonProjects\AfD-project\Corpora\Main Corpus\2025-05\raw_unarchive\Erstaufnahme-Einrichtung steht leer Flüchtlinge In Neu-Ulm kam es im März zu einer groß angelegten E.PDF,Erstaufnahme-Einrichtung steht leer Flüchtlinge In Neu-Ulm kam es im März zu einer groß angelegten,erstaufnahmeeinrichtung steht leer flüchtlinge in neuulm kam es im märz zu einer gross angelegten,Südwest Presse,südwest presse,Dienstag 13. Mai 2025,,ULM und NEU^-ULM / FERNSEHEN; S. 18; Band 81; Ausg. 109,628,4360,9893c29c6fc5ab41e409e4b731093efab65641f9,,unique,keep,,no,,no,,,5393,no,,,,,"Sicherheitsleute, die in gelben Warnwesten die Ein- und Ausgänge überwachen. Junge Männer, die von dem hoch 
aufragenden Gebäude hinüber zum Lidl-Markt gehen oder in den Grünflächen neben dem Discounter lagern. Und 
ab und an ein Streifenwagen der Polizei, wobei Einsätze anders als früherÂ offenbar tatsächlich selten vorkommen. 
So hat sich in den vergangenen Monaten und Jahren die Lage in der großen Erstaufnahme-Einrichtung der 
Regierung von Schwaben in Neu-Ulm dargestellt, der Anker (Abkürzung für Ankunft, Entscheidung, Rückführung) 
im früheren Hochspeicher im Starkfeld. Doch seit einigen Wochen ist dort nichts mehr los, das Haus scheint 
leerzustehen. Warum, weiß Dr. Wolfgang Miller, Pressesprecher der Augsburger Behörde.
Am 24. März dieses Jahres ist es demnach in der sogenannten „Anker-Dependance“ während routinemäßiger 
Sicherheits-Prüfungen der elektrischen Anlagen und Geräte in dem Gebäude (E-Checks) zu einem größeren 
Stromschaden gekommen. Und in der Folge musste die Massen-Unterkunft zunächst teilweise und dann komplett 
evakuiert werden.
Das erklärt Miller so: „Nachdem wir keine Bestätigung hatten, dass das Objekt gefahrlos nutzbar ist 
beziehungsweise keine Brandgefahr etwa durch Kurzschlüsse besteht und auch die Brandmeldeanlage nicht mehr 
funktionierte, haben wir nach der bereits am selben Tag durchgeführten Teilräumung entschieden, unverzüglich am 
Mittwoch, 26. März 2025, alle Stockwerke zu räumen und die Bewohner in andere Unterkünfte zu verlegen.“
Die 2021 in Betrieb genommene Anker-Dependance in Neu-Ulm hat eine Kapazität von 286 Personen und sei am 
24. März voll belegt gewesen, sagt der Sprecher weiter. Die Asylbewerber aus Neu-Ulm seien auf andere Anker-
Einrichtungen in Günzburg und Augsburg verteilt worden. „Wir konnten glücklicherweise alle Bewohner in den 
anderen Dependancen unterbringen.“
Die Räumung der Anker-Dependance Neu-Ulm und der Umzug in die anderen Unterkünfte erfolgte laut Miller per 
Bustransport oder auch mit Bahntickets und sei „unproblematisch“ verlaufen. In den beiden Wochen nach der 
Räumung hätten allerdings mehrere Menschen aus den Einrichtungen in Günzburg und Augsburg in eine 
sogenannte „Anschlussunterbringung“ verlegt werden müssen, damit die Anker weiterhin neu ankommende 

Erstaufnahme-Einrichtung steht leer Flüchtlinge In Neu-Ulm kam es im März zu einer groß angelegten 
Evakuierung: Rund 300 Asylbewerber aus dem Anker-Zentrum im S....
Asylbewerber aufnehmen konnte. Mit „Anschlussunterbringung“ sind in der Regel eher kleinere Unterkünfte 
gemeint, die etwa Städte und Landkreise für solche Personen anmelden, deren Asylverfahren abgeschlossen sind 
oder die länger als 24 Monate im Land sind.
Wie Miller weiter berichtet, ist mittlerweile zwar klar, was genau passiert ist während des E-Checks: „Aufgrund einer 
kurzfristigen Überspannung sind erhebliche Schäden an allen zu dem Zeitpunkt am Netz angeschlossenen 
Elektroinstallationen entstanden.“ Trotzdem werde es „mindestens einige Wochen“ dauern, bis die Anlage repariert 
ist. „Einen genauen Zeitpunkt der Wiederinbetriebnahme können wir derzeit daher nicht nennen.“ Sprich: 
Einstweilen bleibt es beim ungewohnten Leerstand am Rande des Handels- und Industriegebiets in Neu-Ulm.
Übrigens war dort in der Vergangenheit noch mehr los als vor der Evakuierung. Im Januar 2023 etwa waren in dem 
Gebäude um die 350 Männer untergebracht. Damals galt eine Zahl von 400 Asylbewerbern im Speicher als 
Höchstgrenze. Das hat sich inzwischen offenbar wieder geändert. Vielleicht auch aufgrund von Kritik. 
„Menschenunwürdig“ – so hat der bayerische Flüchtlingsrat die Anker-Zentren nämlich bezeichnet: „Menschen in 
so einem riesigen Ding zu kasernieren, ist keine sinnvolle Unterbringung“, sagte ein Sprecher schon vor Jahren. 
2021 stürzte in Neu-Ulm ein junger Afghane vom Dach in den Tod, mutmaßlich war das kein Unfall.Â Die 
Regierung von Schwaben bemüht sich indes, den Menschen dort Angebote zu machen, lässt auch ehrenamtliches 
Engagement von außen zu.
Link zum PDF-Dokument
Link zum PDF-Dokument

Erstaufnahme-Einrichtung steht leer Flüchtlinge In Neu-Ulm kam es im März zu einer groß angelegten 
Evakuierung: Rund 300 Asylbewerber aus dem Anker-Zentrum im S....
Graphic
 
Die Anker-Einrichtung in Neu-Ulm, in der zuletzt fast 300 Asylbewerber untergebracht waren, steht derzeit 
leer.⇥Foto: Niko Dirner"
2025-05,Main Corpus,2025-05(50).ZIP,Ex-Altenheim am Dom bleibt Flüchtlingsunterkunft Auch die Hansaringschule kann länger für die Unterb.PDF,C:\PythonProjects\AfD-project\Corpora\Main Corpus\2025-05\raw_unarchive\Ex-Altenheim am Dom bleibt Flüchtlingsunterkunft Auch die Hansaringschule kann länger für die Unterb.PDF,Ex-Altenheim am Dom bleibt Flüchtlingsunterkunft Auch die Hansaringschule kann länger für die Unterbringung,exaltenheim am dom bleibt flüchtlingsunterkunft auch die hansaringschule kann länger für die unterbringung,Rheinische Post,rheinische post,Dienstag 20. Mai 2025,,S. 20,400,2789,7c5af2faf03847a4d927d589a83a853a4ee8a361,,unique,keep,,no,,no,,,3715,no,,,,,"Wesel (rme) Die Diskussion um neue Flüchtlingsunterkünfte in Wesel schlug Anfang des Jahres hohe Wellen. Der 
Stadtrat lehnte es wie berichtet im März ab, unter den 17 potenziellen Standorten einen oder mehrere 
auszuwählen, obwohl die Verwaltung betonte, dass der vorhandene Platz nicht mehr lange reichen werde. Nun ist 
der Druck erst einmal raus: Denn der neuere Teil des ehemaligen Willibrordi-Altenheimes kann länger als 
Unterkunft genutzt werden als gedacht. Dort will das Evangelische Krankenhaus bekanntlich ein Konzept für 
Wohnen und Pflege umsetzen. Doch nicht schon zum Jahresende, sondern erst Mitte 2026 muss der sogenannte 
Sackermann-Bau für den Umbau geräumt werden. Das verschafft der Stadt Luft, wie Stadtsprecher Swen Coralic 
bestätigt.
Nicht nur das Ex-Altenheim, sondern auch die Hansaringschule können länger für die Unterbringung von 
Geflüchteten genutzt werden als ursprünglich geplant. Die Hansaringschule wird bis 2028 wieder in einen 
Grundschulstandort umgebaut, durch Änderungen in der Planung kann der Umbau aber auf Anfang 2027 
verschoben werden. Da also nicht schon Ende 2025 rund 200 Plätze wegfallen, entspannt das die Lage. Rund 100 
Plätze sind nach Auskunft der Stadt derzeit noch frei.
Schwer vorhersehbar ist allerdings die weitere Entwicklung. Die Zahl der monatlichen Zuweisung geflüchteter 
Menschen ist laut Swen Coralic derzeit sehr schwankend: Mal sind es 20 Personen, mal deutlich mehr. Im Laufe 
des Jahres werde sich aber zeigen, wie sich beispielsweise die Beschlüsse der neuen Bundesregierung, an den 
Grenzen strikter zu kontrollieren, auswirken.
Auch ist noch nicht erkennbar, ob die veränderte Lage in Syrien Einfluss auf die Zahl Geflüchteter hat – immerhin 
stellen die Menschen aus Syrien hinter den Ukrainern in Wesel die zweitstärkste Gruppe. Bisher werden der Stadt 
nicht weniger Personen aus dieser Region zugewiesen, was aber daran liegen kann, dass sie schon seit Monaten 
in den Landesunterkünften gelebt haben, bevor sie in den Kommunen ankommen, so Coralic.

Ex-Altenheim am Dom bleibt Flüchtlingsunterkunft Auch die Hansaringschule kann länger für die Unterbringung 
von Geflüchteten genutzt werden.
Auch verzeichne Wesel noch keine große Zahl an Rückkehrern nach Syrien. Die veränderten Umstände waren ein 
Grund dafür, warum die Politik nicht über neue Standorte für Unterkünfte entscheiden wollte. Die Folgen der 
jüngsten Entwicklungen wollten die Fraktionen zunächst abwarten.
Zusätzlich hat der Stadtrat in der März-Sitzung eine Resolution beschlossen, in der zum Beispiel ein Stopp der 
Zuweisungen Geflüchteter ohne Bleibeperspektive und eine angemessene Refinanzierung der Unterbringung in 
den Kommunen gefordert wird.
Link to PDF
Graphic
 
Das ehemalige Altenheim am Willibrordiplatz. Foto: Arnulf Stoffel"
2025-05,Main Corpus,2025-05(50).ZIP,Familiennachzug für Flüchtlinge wird eingeschränkt Die neue Bundesregierung hat die ersten Beschlüss(2).PDF,C:\PythonProjects\AfD-project\Corpora\Main Corpus\2025-05\raw_unarchive\Familiennachzug für Flüchtlinge wird eingeschränkt Die neue Bundesregierung hat die ersten Beschlüss(2).PDF,Familiennachzug für Flüchtlinge wird eingeschränkt Die neue Bundesregierung hat die ersten Beschlüsse im,familiennachzug für flüchtlinge wird eingeschränkt die neue bundesregierung hat die ersten beschlüsse im,Rheinische Post,rheinische post,Freitag 30. Mai 2025,Alexander HOLECEK,S. 3,463,3492,c14969dc896a3c7f9981a4c95d41f30613db82cf,exact_001,duplicate_exact,review,,no,,no,,,4644,no,,exact_001,,,"Alexander HOLECEK
Berlin (afp) Das Bundeskabinett hat am Mittwoch die zweijährige Aussetzung des Familiennachzugs für Flüchtlinge 
ohne Asylstatus beschlossen. Sie ist eine von mehreren Maßnahmen von Innenminister Alexander Dobrindt (CSU), 
um die Migrationszahlen in Deutschland zu senken. Unumstritten ist dieser Schritt nicht, doch Dobrindts 
Ministerium verweist auf die weiterhin engen Kapazitäten in den Ländern und Kommunen.
Worum geht es genau? Um eine Regelung, wonach enge Familienangehörige von subsidiär Schutzberechtigten 
nach Deutschland nachziehen können. 2016 war diese Möglichkeit schon einmal für gut zwei Jahre eingestellt – 
und 2018 mit einem Kontingent von 1000 Zuzügen pro Monat wieder eingeführt worden. Die Vergabe erfolgt über 
das Visumverfahren, die Anträge müssen in Botschaften oder Generalkonsulaten im Ausland gestellt werden. 
Diese und die in Deutschland zuständige Ausländerbehörde prüfen dann, ob die Voraussetzungen erfüllt sind.
Für wen gilt die Regelung? Für sogenannte subsidiär Schutzberechtigte. Als solcher gilt, wer weder als Flüchtling 
im Sinne der Genfer Flüchtlingskonvention noch als Asylberechtigter anerkannt wird, aber im Herkunftsland 
womöglich durch Folter, Todesstrafe oder unmenschliche Behandlung bedroht sein könnte. Subsidiär 
Schutzberechtigte bekommen eine Aufenthaltserlaubnis für zunächst drei Jahre, die aber verlängert werden kann. 
Anders als Asylbewerber dürfen sie einer Beschäftigung nachgehen.
Über den Familiennachzug können sehr enge Angehörige, also Ehegatten, minderjährige ledige Kinder und Eltern 
von minderjährigen Kindern, ein Visum beantragen. Das Bundesverwaltungsamt wählt dann aus.

Familiennachzug für Flüchtlinge wird eingeschränkt Die neue Bundesregierung hat die ersten Beschlüsse im 
Rahmen der von der Union angekündigten „Migrationswende....
Wie viele Familiennachzüge gibt es überhaupt? Das Kontingent von 1000 Nachzügen wurde zuletzt in den meisten 
Monaten ausgeschöpft. Im vergangenen Jahr seien weltweit rund 12.000 Visa über das Instrument des 
Familiennachzugs ausgestellt worden, heißt es im Gesetzentwurf, 2023 waren es demnach 11.630. Wie es aus 
dem Auswärtigem Amt hieß, waren es im laufenden Jahr bisher 5000 – im vergangenen Jahr bis zum selben 
Stichtag 5100. Die meisten davon kamen 2024 und 2025 aus Syrien, Somalia, Jemen, Afghanistan und Eritrea.
Warum ist der Familiennachzug so umstritten? Der ursprüngliche Gedanke beim Familiennachzug war ein 
humanitärer. Kinder sollten nicht von ihren Eltern getrennt aufwachsen, Ehepaare nicht dauerhaft in 
unterschiedlichen Ländern leben müssen. Die Befürworter sehen darin auch einen Beitrag zur Integration der 
Geflüchteten in Deutschland.
Gegner des Familiennachzugs weisen darauf hin, dass die Integrationskapazitäten vor Ort oft längst ausgeschöpft 
sind und nicht zusätzlich zu den bereits nach Deutschland gekommenen Geflüchteten auch noch deren Angehörige 
verkraften können. Zudem halten Kritiker das Instrument für einen sogenannten Pullfaktor, der weitere Anreize zur 
Migration nach Deutschland aus Bürgerkriegsländern schafft.
Was plant Dobrindt? Die vom Kabinett beschlossene zweijährige Aussetzung des Familiennachzugs folgt der 
Einigung von Union und SPD im Koalitionsvertrag. Dobrindt sagte, die Erfahrung von 2016 zeige, dass eine „direkte 
Entlastung“ zu erwarten sei. Der Minister hält die Aussetzung für „rechtssicher“, wenn sie zeitlich befristet ist. 
Ausnahmen für Härtefälle soll es weiterhin geben.
Link to PDF"
2025-05,Main Corpus,2025-05(50).ZIP,Familiennachzug für Flüchtlinge wird eingeschränkt Die neue Bundesregierung hat die ersten Beschlüss.PDF,C:\PythonProjects\AfD-project\Corpora\Main Corpus\2025-05\raw_unarchive\Familiennachzug für Flüchtlinge wird eingeschränkt Die neue Bundesregierung hat die ersten Beschlüss.PDF,Familiennachzug für Flüchtlinge wird eingeschränkt Die neue Bundesregierung hat die ersten Beschlüsse im,familiennachzug für flüchtlinge wird eingeschränkt die neue bundesregierung hat die ersten beschlüsse im,Rheinische Post,rheinische post,Freitag 30. Mai 2025,Alexander HOLECEK,S. 3,463,3492,c14969dc896a3c7f9981a4c95d41f30613db82cf,exact_001,duplicate_exact,review,,no,,no,,,4659,no,,exact_001,,,"Alexander HOLECEK
Berlin (afp) Das Bundeskabinett hat am Mittwoch die zweijährige Aussetzung des Familiennachzugs für Flüchtlinge 
ohne Asylstatus beschlossen. Sie ist eine von mehreren Maßnahmen von Innenminister Alexander Dobrindt (CSU), 
um die Migrationszahlen in Deutschland zu senken. Unumstritten ist dieser Schritt nicht, doch Dobrindts 
Ministerium verweist auf die weiterhin engen Kapazitäten in den Ländern und Kommunen.
Worum geht es genau? Um eine Regelung, wonach enge Familienangehörige von subsidiär Schutzberechtigten 
nach Deutschland nachziehen können. 2016 war diese Möglichkeit schon einmal für gut zwei Jahre eingestellt – 
und 2018 mit einem Kontingent von 1000 Zuzügen pro Monat wieder eingeführt worden. Die Vergabe erfolgt über 
das Visumverfahren, die Anträge müssen in Botschaften oder Generalkonsulaten im Ausland gestellt werden. 
Diese und die in Deutschland zuständige Ausländerbehörde prüfen dann, ob die Voraussetzungen erfüllt sind.
Für wen gilt die Regelung? Für sogenannte subsidiär Schutzberechtigte. Als solcher gilt, wer weder als Flüchtling 
im Sinne der Genfer Flüchtlingskonvention noch als Asylberechtigter anerkannt wird, aber im Herkunftsland 
womöglich durch Folter, Todesstrafe oder unmenschliche Behandlung bedroht sein könnte. Subsidiär 
Schutzberechtigte bekommen eine Aufenthaltserlaubnis für zunächst drei Jahre, die aber verlängert werden kann. 
Anders als Asylbewerber dürfen sie einer Beschäftigung nachgehen.
Über den Familiennachzug können sehr enge Angehörige, also Ehegatten, minderjährige ledige Kinder und Eltern 
von minderjährigen Kindern, ein Visum beantragen. Das Bundesverwaltungsamt wählt dann aus.

Familiennachzug für Flüchtlinge wird eingeschränkt Die neue Bundesregierung hat die ersten Beschlüsse im 
Rahmen der von der Union angekündigten „Migrationswende....
Wie viele Familiennachzüge gibt es überhaupt? Das Kontingent von 1000 Nachzügen wurde zuletzt in den meisten 
Monaten ausgeschöpft. Im vergangenen Jahr seien weltweit rund 12.000 Visa über das Instrument des 
Familiennachzugs ausgestellt worden, heißt es im Gesetzentwurf, 2023 waren es demnach 11.630. Wie es aus 
dem Auswärtigem Amt hieß, waren es im laufenden Jahr bisher 5000 – im vergangenen Jahr bis zum selben 
Stichtag 5100. Die meisten davon kamen 2024 und 2025 aus Syrien, Somalia, Jemen, Afghanistan und Eritrea.
Warum ist der Familiennachzug so umstritten? Der ursprüngliche Gedanke beim Familiennachzug war ein 
humanitärer. Kinder sollten nicht von ihren Eltern getrennt aufwachsen, Ehepaare nicht dauerhaft in 
unterschiedlichen Ländern leben müssen. Die Befürworter sehen darin auch einen Beitrag zur Integration der 
Geflüchteten in Deutschland.
Gegner des Familiennachzugs weisen darauf hin, dass die Integrationskapazitäten vor Ort oft längst ausgeschöpft 
sind und nicht zusätzlich zu den bereits nach Deutschland gekommenen Geflüchteten auch noch deren Angehörige 
verkraften können. Zudem halten Kritiker das Instrument für einen sogenannten Pullfaktor, der weitere Anreize zur 
Migration nach Deutschland aus Bürgerkriegsländern schafft.
Was plant Dobrindt? Die vom Kabinett beschlossene zweijährige Aussetzung des Familiennachzugs folgt der 
Einigung von Union und SPD im Koalitionsvertrag. Dobrindt sagte, die Erfahrung von 2016 zeige, dass eine „direkte 
Entlastung“ zu erwarten sei. Der Minister hält die Aussetzung für „rechtssicher“, wenn sie zeitlich befristet ist. 
Ausnahmen für Härtefälle soll es weiterhin geben.
Link to PDF"
2025-05,Main Corpus,2025-05(50).ZIP,Flammen greifen auf Ex-Kita über Polizei Kripo ermittelt nach Brand einer Gartenlaube im Laichinger.PDF,C:\PythonProjects\AfD-project\Corpora\Main Corpus\2025-05\raw_unarchive\Flammen greifen auf Ex-Kita über Polizei Kripo ermittelt nach Brand einer Gartenlaube im Laichinger.PDF,Flammen greifen auf Ex-Kita über Polizei Kripo ermittelt nach Brand einer Gartenlaube im Laichinger Mühlweg,flammen greifen auf exkita über polizei kripo ermittelt nach brand einer gartenlaube im laichinger mühlweg,Südwest Presse,südwest presse,Mittwoch 21. Mai 2025,,ALB^-DONAU^-KREIS und REGION; S. 24; Band 81; Ausg. 116,310,2279,c0c3a631dfe3027a7201b0c14040d9490df91609,,unique,keep,,no,,no,,,3310,no,,,,,"Laichingen. Die Flammen im Mühlweg in Laichingen waren am Montagabend offenbar weithin zu sehen. Daher 
schreckte die Erstmeldung nach halb neun Uhr, „ehemaliger Kindergarten am Laichinger Bleichberg brennt“, 
erstmal gehörig auf. Als die Feuerwehr Laichingen dort mit sechs Einsatzwagen und 25 Helfern eintraf, konnte sie 
jedoch genau dies noch verhindern, wie Pressesprecher Johannes Häberle auf Anfrage sagt. Lediglich eine 
Gartenlaube auf dem zugehörigen Gelände des leerstehenden Gebäudes stand in Flammen, und das Feuer hatte 
gerade auf einen Baum und das Hauptgebäude übergegriffen.
Das bis vor zwei Jahren noch zur Flüchtlingsunterbringung genutzte Gebäude konnte bis 21 Uhr zügig gelöscht 
werden, ebenso die Laube. „Daher war die Alarmierung so genau richtig“, merkt Häberle an. Notarzt und 
Rettungswagen waren umsonst angerückt, ergab auch die Durchsuchung des Gebäudes, das lediglich einen 
Brandschaden am Dach aufweist. Verletzt wurde niemand. Zur Sicherheit wurde auch der Dachstuhl des 
Nachbargebäudes inspiziert. Die Drehleiter der Feuerwehr kam auch noch zum Einsatz, um das Gelände für die 
Untersuchung der Kripo auszuleuchten. Der Einsatz der Feuerwehr unter Leitung des stellvertretenden 
Gesamtkommandanten Martin Zeifang dauerte bis gegen 22.30 Uhr. Häberle: „Glutnester auseinanderziehen, alles 
sichern und ablöschenÂ – es war aber keine Brandwache über Nacht nötig.“
War es Brandstiftung?
Die Polizei konnte am Dienstag den Sachschaden noch nicht beziffern. Wie Pressesprecherin Johanna Christau 
auf Anfrage mitteilte, hatten die Kollegen der Nachtschicht ihren vollständigen Bericht noch nicht ins entsprechende 
System eingegeben. Dass die Kriminalpolizei Ulm die Ermittlungen wegen möglicher Brandstiftung aufgenommen 
hat, sei Routine bei einem größeren Brand. Konkrete Hinweise auf eine Brandstiftung gebe es nach derzeitigem 
Kenntnisstand nicht.
Ob ein Brandgutachten in Auftrag gegeben wurde, war am Dienstag ebenfalls noch unklar. ￿Karin Mitschang

Flammen greifen auf Ex-Kita über Polizei Kripo ermittelt nach Brand einer Gartenlaube im Laichinger Mühlweg 
an ehemaliger Flüchtlingsunterkunft.
Link zum PDF-Dokument
Link zum PDF-Dokument
Graphic
 
Im Laichinger Mühlweg hat am Montagabend eine Gartenlaube gebrannt. ￿Foto: Ralf Zwiebler"
2025-05,Main Corpus,2025-05(50).ZIP,"Flüchtlingsrat NRW kritisiert Abschiebung Die Abschiebung einer türkischen Familie, die in einen Spr.PDF","C:\PythonProjects\AfD-project\Corpora\Main Corpus\2025-05\raw_unarchive\Flüchtlingsrat NRW kritisiert Abschiebung Die Abschiebung einer türkischen Familie, die in einen Spr.PDF","Flüchtlingsrat NRW kritisiert Abschiebung Die Abschiebung einer türkischen Familie, die in einen Sprung des",flüchtlingsrat nrw kritisiert abschiebung die abschiebung einer türkischen familie die in einen sprung des,Rheinische Post,rheinische post,Montag 5. Mai 2025,Alexander Riedel,S. 24,703,4951,4c14f28973c9ebb28cf927d49b6174a9f438b7d9,,unique,keep,,no,,no,,,6280,no,,,,,"Alexander Riedel
REMSCHEID Sana Piso ist verzweifelt: „Wie kann man nur so sein?“ fragt die irakische Jesidin im Anschluss an 
ihre Schilderungen – und meint das Vorgehen der Behörden am späten Abend des 17. März: Gegen 22.30 Uhr 
betraten Mitarbeiter von Polizei und Ausländerbehörde das Remscheider Mehrfamilienhaus, in dem ihr Bruder mit 
einem Großteil seiner Familie lebte – und vollzogen die Abschiebung der Ehefrau mitsamt fünf Kindern. Deren 
erzwungene Ausreise – ohne Ehemann und ältesten Sohn – endete kurze Zeit später in Shingal, in der 
nordirakischen Provinz Ninawa – jene Gegend, die durch den Völkermord des Islamischen Staates (IS) an den 
Jesiden im Jahr 2014 traurige Berühmtheit erlangt hatte. „Dort ist es für sie sehr gefährlich“, sagt Sana Piso, die im 
Jahr 2015 nach Deutschland floh. Auch nach der militärischen Niederlage des IS gilt die Region als instabil und 
umstritten. Die Organisation „Pro Asyl“ etwa bezeichnete die Lage für Jesiden in einem Beitrag im vergangenen 
Jahr als „düster.“
Die Linie der Bundesregierung ist jedoch eine andere: Seit 2017 nehme man keine Gruppenverfolgung der Jesiden 
mehr an, heißt es vom Bundesamt für Migration und Flüchtlinge (BAMF) auf Anfrage unserer Zeitung. Diese 
Entscheidung beruhe auf Lageberichten des Auswärtigen Amtes und werde durch die Rechtsprechung deutscher 
Verwaltungsgerichte bestätigt. Daher würden Entscheidungen zu jesidischen Geflüchteten seither individuell 
getroffen.
Sana Piso floh bereits im Jahr 2015 nach Deutschland und arbeitet derzeit als Reinigungskraft auf einer OP-
Station. Ihr Bruder folgte mit Ehefrau und Kindern erst im Jahr 2019. Sein Asylantrag wurde abgewiesen. 
Stattdessen lebte die Familie im Status der Duldung durch die Ausländerbehörde in Deutschland. Sozialleistungen 

Flüchtlingsrat NRW kritisiert Abschiebung Die Abschiebung einer türkischen Familie, die in einen Sprung des 
Vaters vom Balkon mündete, sorgte für Schlagzeilen. ....
habe die Familie zuletzt keine bezogen, betont ein in Deutschland lebender Verwandter. Vielmehr hätten der Mann, 
sein ältester Sohn und die älteste Tochter Arbeitsstellen gehabt. Die übrigen Kinder seien in Remscheid zur Schule 
gegangen. Eines der Mädchen wird aus dem Umfeld ihrer Klasse als „super integriert“ und „zuverlässig“ 
beschrieben.
Über die Gründe des abgelehnten Asylantrags schweigen sich die Behörden mit Verweis auf Datenschutz aus. Die 
Stadt Remscheid wiederum beruft sich auf die Vorgaben des Bundes: „Die örtliche Ausländerbehörden müssen die 
Entscheidungen des BAMF umsetzen.“ Die vorgerückte Uhrzeit der Abschiebung habe mit Vorgaben der beteiligen 
Behörden zu tun, zum Beispiel im Hinblick auf Flugzeiten.
Kritik am Vorgang kommt vom Flüchtlingsrat NRW: „Sowohl die Familientrennung als auch die Abholung zur 
Nachtzeit sind Vorgehensweisen, die insbesondere bei Betroffenheit von Kindern unbedingt zu vermeiden sind.“ 
Das offene Netzwerk, das sich für die Rechte von Flüchtlingen einsetzt, ist derzeit mit mehreren Fällen drohender 
Abschiebungen von Jesiden befasst – und nimmt dazu Stellung: „Es ist aus unserer Sicht höchst widersprüchlich, 
dass der Bundestag den Genozid an Mitgliedern dieser Religionsgemeinschaft im Irak bestätigt, dann aber 
ebensolche Menschen dorthin abgeschoben werden.“ Auch wenn es keinen akuten Genozid mehr hebe, verböten 
sich Abschiebungen von Jesiden die selbst oder durch ihre Familien und Freunde betroffen seien.
Auch der Familienvater Piso und sein Sohn seien weiterhin ausreisepflichtig, hieß es in einer Mitteilung Anfang 
April. Warum beide vor diesem Hintergrund nicht gemeinsam mit der Ehefrau und den jüngeren Kindern 
abgeschoben wurden, geht aus den Antworten nicht hervor. Inzwischen jedoch – so ist aus dem Umfeld der Pisos 
zu hören – ist auch der Vater in den Nordirak ausgereist, um seiner Familie beizustehen. Wenige Tage vor der 
Abschiebung der Pisos hatte – im selben Haus – die aus dem Ruder gelaufene Rückführung der achtköpfigen 
türkischen Familie Dogan für Aufsehen gesorgt: Der Vater war dabei vom Balkon gesprungen, musste ins 
Krankenhaus und soll inzwischen auf dem Wege der Besserung sein. Inzwischen haben Bürger eine Online-
Petition für den Verbleib der Familie in Remscheid gestartet.
Abschiebezahlensind gestiegen
82 Abschiebungen hat die Ausländerbehörde in Remscheid im Jahr 2024 vollzogen. 39 Menschen reisten freiwillig 
aus. Zu den Herkunftsländern der Betroffenen zählten unter anderem der Irak, Marokko, Tunesien und die Türkei 
sowie China und Indien, aber auch europäische Staaten im Rahmen des Dublin-Verfahrens.
67 Menschen wurden Remscheid im selben Jahr zugewiesen. Im Vorjahr hatte es 18 Abschiebungen gegeben.
Flüchtlingsrat NRW kritisiert Abschiebung Die Abschiebung einer türkischen Familie, die in einen Sprung des 
Vaters vom Balkon mündete, sorgte für Schlagzeilen. ....
Link to PDF
Graphic
 
In diesem Haus in der Nähe des Hauptbahnhofs wohnte die Familie.Foto: Henning Röser"
2025-05,Main Corpus,2025-05(50).ZIP,Flüchtlingsstadt schrumpft Einrichtung in Tegel soll verkleinert werden   künftig gibt es noch 2600.PDF,C:\PythonProjects\AfD-project\Corpora\Main Corpus\2025-05\raw_unarchive\Flüchtlingsstadt schrumpft Einrichtung in Tegel soll verkleinert werden   künftig gibt es noch 2600.PDF,Flüchtlingsstadt schrumpft Einrichtung in Tegel soll verkleinert werden künftig gibt es noch 2600 Plätze,flüchtlingsstadt schrumpft einrichtung in tegel soll verkleinert werden künftig gibt es noch 2600 plätze,Berliner Zeitung,berliner zeitung,14. Mai 2025,Elmar Schütze,BERLIN; S. 4,816,5905,4dfe8911574362b5f5fd3944bd5807c6f0b947e4,,unique,keep,,no,,no,,,6757,no,,,,,"Es ist still geworden um die Task Force für die Unterbringung von Flüchtlingen in Berlin. Und wenn es etwas Neues 
gab, stieß dies bei vielen Hauptstädtern auf wenig Akzeptanz, weil plötzlich Flüchtlinge in die Nachbarschaft zogen.
Nun wartet das Gremium mit dem Regierenden Bürgermeister Kai Wegner (CDU), Integrationssenatorin Cansel 
Kiziltepe (SPD) und dem Koordinator für die Unterbringung von Flüchtlingen, Albrecht Broemme, an der Spitze und 
einer ganzen Reihe weiterer Senatoren hintendran mit neuen Nachrichten auf. Und auch diese werden nicht allen 
gefallen.
Grundlage für die neuen Beschlüsse ist das Sinken der Flüchtlingszahlen nach Berlin. Deshalb soll die 
Flüchtlingsstadt auf dem Gelände des ehemaligen Flughafens Tegel verkleinert werden.
Schon heute sind nur noch etwa 2950 Menschen in Tegel untergebracht vor einem halben Jahr waren es noch 
mehr als 4000. Am Dienstag beschloss die Task Force in einer internen Sitzung, deren Ergebnisse der Berliner 
Zeitung vorliegen, die Kapazität von Tegel auf 2600 Plätze zu verkleinern.
 Screaning in 72 Stunden 
Die Einrichtung soll den Richtlinien des ab Sommer nächsten Jahren gültigen Gemeinsamen Europäischen 
Asylsystem (GEAS) entsprechen. Demnach sollen alle nach Berlin verteilten Asylbewerber und Flüchtlinge 
innerhalb von 72 Stunden den GEAS-Screening-Prozess durchlaufen. Dazu gehören Identifizierung sowie 
Gesundheits- und Sicherheitskontrollen.
Dagegen sollen auf dem anderen ehemaligen Innenstadtflughafen, Tempelhof, zusätzlich zu den bestehenden 
Plätzen bis zu 1100 Plätze in Wohncontainern in Holzbauweise entstehen.
Bislang ist die Nutzung von Tegel nur bis Ende des Jahres beschlossen. Jetzt soll aus der Notunterkunft ab dem 
kommenden Jahr ein Registrierzentrum für alle ankommenden Flüchtlinge werden, das fünf Jahre 
Bestandsgarantie erhält.

Flüchtlingsstadt schrumpft Einrichtung in Tegel soll verkleinert werden künftig gibt es noch 2600 Plätze
Insgesamt sehen die neuen Pläne des Senats ein generelles Umdenken mit Flüchtlingsunterkünften im Gesamten 
und mit Tegel im Speziellen vor. Nach Informationen der Berliner Zeitung soll künftig bei der Unterbringung 
möglichst genau in Flüchtlinge mit und ohne Bleibeperspektive unterschieden werden.
Menschen mit Bleibeperspektive also etwa mit Aussicht auf Asyl sollen größtenteils in 
Gemeinschaftsunterkünften untergebracht werden. Dazu zählen etwa die an mehreren Orten in der Stadt in 
Plattenbauweise errichteten oder noch entstehenden sogenannten Modularen Unterkünften (MUFs).
Ausreisepflichtige Flüchtlinge ohne Bleibeperspektive also ohne Aussicht auf Asyl oder eine andere 
Aufenthaltsgenehmigung sollen auf bereits existierende Containerdörfer in der Stadt und in das umgebaute 
Zentrum Tegel verteilt werden. Neu in Tegel entsteht ein Asyl-Ankunftszentrum. Die bisherige Einrichtung auf dem 
Gelände der früheren Karl-Bonhoeffer-Nervenklinik in Wittenau muss wegen Sanierung ohnehin für einige Jahre 
geschlossen werden. Ziel ist es, dass die Menschen dort nicht länger als ein paar Tage verbleiben, heißt es.
Womöglich löst sich mit der schleichenden Verkleinerung von Tegel ein dauerhaft schwelender Konflikt innerhalb 
der schwarz-roten Landesregierung langsam aber sicher auf. Die Unterkunft war von Beginn der Koalition an ein 
Zankapfel: Die SPD um Senatorin Kiziltepe wollte die Flüchtlingsstadt mit Verweis auf die drückende Enge und eine 
erschwerte Integration stets verkleinern und mittelfristig schließen. Stattdessen sollten vermehrt sogenannte 
dezentrale Unterkünfte in der Stadt genutzt werden.
Die CDU plädierte mit Blick auf lange Zeit steigende oder zumindest stagnierende Flüchtlingszahlen für einen 
Ausbau Tegels. Weitere dezentrale Unterkünfte lehnte die Partei dagegen ab. Zu schlecht waren und sind die 
Erfahrungen mit großen Einheiten wie einem früheren Hotel in Hohenschönhausen, gegen die die Bevölkerung 
Sturm läuft, weil die umgebende Infrastruktur für so viele neue Bewohner nicht ausgerichtet ist.
Und genau bei diesem Thema könnte sich der schwarz-rote Konflikt eher noch verschärfen. Laut der Beschlüsse 
von Dienstag stellt das Land Berlin Geld für die Ausstattung weiterer bis zu 8.700 neuer Plätze in dezentralen 
Einrichtungen bereit. Das bedeutet, dass bis auf weiteres keine Unterkünfte in Wohnquartieren geschlossen 
werden sollen.
Noch Ende vorigen Jahres hatte CDU-Fraktionschef Dirk Stettner angesichts damals steigender Flüchtlingszahlen 
und wachsender Kritik aus der Stadt für eine deutliche Vergrößerung Tegels plädiert. Bis der Bund endlich dafür 
gesorgt hat, dass der stetige Zustrom an Migranten endet, müssen wir die Menschen unterbringen. In Tegel gibt es 
schon sehr viel Platz. Es wäre wirklich kein Problem, noch 5.000 Plätze draufzupacken , sagte er.
Nun sinken die Flüchtlingszahlen, und die neue Bundesregierung unter CDU-Führung verspricht eine Reduzierung 
der illegalen Zuwanderung. Was nun, CDU?
 Kein Abschiebegewahrsam 
Stettner erinnert in seiner Antwort auf eine Anfrage der Berliner Zeitung daran, dass durch die Verkleinerung am 
bisherigen Standort und einem Ausbau in Tegel-Nord die Unterbringungsqualität insgesamt erhöht werde, was 
dringend notwendig sei. Neue, noch nicht errichtete, noch nicht beschlossene und noch nicht finanzierte weitere 
Standorte werden wir aktuell nicht aufbauen , so Stettner. Solange die Migrantenzahlen nicht signifikant sinken, 
würden bestehende Unterkünfte aber weiter verlängert. Der Ärger in den Kiezen bleibt also programmiert.
Und noch an anderen Stelle scheinen sich die Dinge anders zu entwickeln, als es die Berliner CDU schon einmal 
formuliert hat. So seien die Pläne der CDU, in Tegel ein Abschiebegewahrsam einzurichten, vom Tisch, heißt es 
aus der Task Force. So dürften die Flüchtlinge Tegel während ihrer Registrierung nicht verlassen, eine formale 
Abschiebehaft sei das aber nicht, hieß es. Die Menschen würden nicht eingesperrt."
2025-05,Main Corpus,2025-05(50).ZIP,Kirchen gegen Kabinett.PDF,C:\PythonProjects\AfD-project\Corpora\Main Corpus\2025-05\raw_unarchive\Kirchen gegen Kabinett.PDF,Kirchen gegen Kabinett,kirchen gegen kabinett,Frankfurter Rundschau,frankfurter rundschau,Mittwoch 28. Mai 2025,,TITEL; S. 1,231,1763,d39d8fe06f30e28b6910b8322f674f590c042a06,,unique,keep,,no,,no,,,2739,no,,,,,"Die Kirchen protestieren vehement gegen die von der Bundesregierung geplante Aussetzung des 
Familiennachzugs zu subsidiär geschützten Flüchtlingen. „Eltern und Kinder gehören zusammen. Geschwister 
gehören zusammen. Familien gehören zusammen“, sagte der Flüchtlingsbeauftragte der Evangelischen Kirche in 
Deutschland, Christian Stäblein. Stäblein und der katholische Bischof Stefan Heße befürchten nach eigenen 
Worten negative Folgen für die Integration, sollte der Familiennachzug nicht mehr möglich sein. 
„Der Zusammenhang und Zusammenhalt der Familie ist entscheidend für ein gutes Ankommen“, sagte Stäblein. 
Wer mit seinen Nächsten in Sicherheit leben dürfe, „findet schneller Halt, lernt leichter unsere Sprache, kann sich 
besser integrieren und wird eher Teil unserer Gesellschaft“. 
Das Bundeskabinett sollte am Mittwoch einen Gesetzentwurf von Bundesinnenminister Alexander Dobrindt (CSU) 
beraten, der den Familiennachzug für subsidiär Geschützte für zwei Jahre aussetzen soll. Wird er beschlossen, 
braucht er noch eine Mehrheit in Bundestag und -rat. Die Aussetzung des Familiennachzugs ist für die 
Bundesregierung eine Maßnahme zur Reduzierung der Fluchtmigration. Ebenfalls am Mittwoch sollte es im 
Kabinett um einen Gesetzentwurf zur Abschaffung von beschleunigten Einbürgerungen gehen. 
Subsidiären Schutz erhalten Geflüchtete, wenn sie keine individuelle Verfolgung nachweisen können, ihnen aber 
dennoch Gefahr für Leib und Leben im Heimatland droht, etwa wegen Krieg – seit einigen Jahren durften pro Monat 
tausend enge Angehörige von dieser Gruppe nach Deutschland kommen. Sie machten laut Mediendienst 
Integration 2024 rund acht Prozent der zu ihren Familien in Deutschland Nachziehenden aus.
EPD/AFP/FR
Politik
Link zum PDF-Dokument"
2025-05,Main Corpus,2025-05(50).ZIP,Landkreise pochen auf Migrationswende Einwanderung Spitzen von Schwarz_Rot treffen sich Mittwoch   N.PDF,C:\PythonProjects\AfD-project\Corpora\Main Corpus\2025-05\raw_unarchive\Landkreise pochen auf Migrationswende Einwanderung Spitzen von Schwarz_Rot treffen sich Mittwoch   N.PDF,Landkreise pochen auf Migrationswende Einwanderung Spitzen von Schwarz/Rot treffen sich Mittwoch Neues,landkreise pochen auf migrationswende einwanderung spitzen von schwarzrot treffen sich mittwoch neues,Nordwest-Zeitung,nordwestzeitung,26. Mai 2025,,NACHRICHTEN POLITIK; S. 13,579,4452,96f85343dbf9d62c76119f1eeefad172fd646407,,unique,keep,,no,,no,,,5592,no,,,,,"Berlin/wol - Am Mittwoch treffen sich die Spitzen der Koalition aus Union und SPD erstmals zu einem 
Koalitionsausschuss. Am selben Tag legt Innenminister Alexander Dobrindt (CSU) dem Kabinett die ersten 
Gesetzentwürfe zur Begrenzung der Migration nach Deutschland und zur Einbürgerung vor. Der Deutsche 
Landkreistag (DLT) erhöht im Vorfeld den Druck auf die Bundesregierung, konkrete Maßnahmen für die 
versprochene Migrationswende auf den Weg zu bringen.
DLT-Präsident Achim Brötel hält die sogenannte Migrationswende für überfällig . Dass die Zugangszahlen 
momentan sinken, ändert aus seiner Sicht daran nichts. Der Landrat des Neckar-Odenwald-Kreises forderte von 
der neuen Bundesregierung, an den ersten Maßnahmen an den Grenzen ganz konsequent weiter festzuhalten. 
Konkret hat die Bundesregierung bereits die Grenzkontrollen verstärkt und Zurückweisungen auch auf Personen 
ausgeweitet, die in Deutschland Asyl suchen.
Dem DLT-Präsidenten gehen diese Schritte nicht weit genug, weitere müssten folgen. Dazu gehören für uns auch 
zumindest temporäre Beschränkungen beim Familiennachzug. Und: Auch freiwillige Aufnahmeprogramme müssen 
endlich gestoppt werden , sagte Brötel.
Stopp von Familiennachzug und Einbürgerungen
Dem Vernehmen nach soll sich das Kabinett am Mittwoch mit der Aussetzung des Familiennachzuges für subsidiär 
Schutzberechtigte befassen. Zur Erklärung: Subsidiärer Schutz greift dann, wenn Menschen weder den 

Landkreise pochen auf Migrationswende Einwanderung Spitzen von Schwarz/Rot treffen sich Mittwoch Neues 
Gesetz zum Familiennachzug
Flüchtlingsschutz noch die Asylberechtigung bekommen, ihnen aber im Herkunftsland ernsthafter Schaden droht. 
Union und SPD haben im Koalitionsvertrag vereinbart, diesen Familiennachzug für zwei Jahre auszusetzen.
Daneben sollen dem Vernehmen nach der geplante Stopp der freiwilligen Aufnahmeprogramme, auch für 
Afghanistan, sowie die Abschaffung der von der Ampel-Koalition eingeführten Turboeinbürgerungen nach drei 
Jahren am Mittwoch auf der Tagesordnung stehen. Bei den Turboeinbürgerungen soll es koalitionsintern aber 
noch Abstimmungsbedarf geben.
Grüne sprechen von reaktiver Symbolpolitik
Aus der Opposition kam scharfe Kritik an den schwarz-roten Plänen. Die migrationspolitischen Vorstöße der 
Koalition sind falsch und kurzsichtig , sagte der Grünen-Vorsitzende Felix Banaszak. Statt konstruktiver Lösungen 
für eine moderne Einwanderungsgesellschaft gibt es nur reaktive Symbolpolitik. Laut Banaszak untergrabe der 
Stopp des Familiennachzugs die Integration derjenigen, die schon hier seien und er widerspricht den christlichen 
Werten, auf die sich die Union sonst beruft . Die Ausweitung der Grenzkontrollen ist nach den Worten des Politikers 
ein europapolitischer Blindflug .
Ganz anders fällt die Bewertung des Landkreistages aus, der die geplante Rücknahme der Turboeinbürgerungen 
ausdrücklich begrüßt, weil wir nach wie vor der festen Überzeugung sind, dass ein längerer Voraufenthalt zentrale 
Voraussetzung für eine Einbürgerung sein und bleiben muss , wie Präsident Brötel e rklärt e.
Debatte um Reform der Sozialversicherung
Eine weitere Debatte mit Konfliktpotenzial, der sich die schwarz-rote Koalition stellen muss, betrifft die 
Sozialversicherungen. Bundesfinanzminister Lars Klingbeil (SPD) drang nun auf Strukturreformen, um die Beiträge 
dauerhaft stabil zu halten. Allerdings erwarte ich von allen Verantwortlichen mehr Fantasie als Leistungskürzungen 
für die Arbeitnehmer , sagte der SPD-Chef der Bild am Sonntag . Auch eine Anhebung der Beiträge sieht Klingbeil 
als Problem . Er erklärte: Für die Arbeitnehmer, weil sie weniger Geld in der Tasche haben, für Unternehmen, weil 
sie höhere Lohnkosten haben. D eshalb müsse man die Beiträge stabilisieren .
Linke fordert mehr Fantasie
Mehr Fantasie fordert die Linke von Klingbeil selbst. Leistungskürzungen und Beitragserhöhungen für 
Arbeitnehmer sind selbstverständlich nicht das Mittel zur Stabilisierung der Sozialversicherungen , sagte Linken-
Chefin Ines Schwerdtner.
Auch Bundeskanzler Friedrich Merz (CDU) dringt auf grundlegende Reformen der großen Sozialversicherungen für 
Rente, Gesundheit und Pflege. Nötig seien laut dem CDU-Chef mehr Eigenverantwortung bei der Absicherung und 
mehr Effizienz des Versicherungssystems.
PDF-Datei dieses Dokuments
Landkreise pochen auf Migrationswende Einwanderung Spitzen von Schwarz/Rot treffen sich Mittwoch Neues 
Gesetz zum Familiennachzug"
2025-05,Main Corpus,2025-05(50).ZIP,Mehr Restriktionen in der Migrationspolitik.PDF,C:\PythonProjects\AfD-project\Corpora\Main Corpus\2025-05\raw_unarchive\Mehr Restriktionen in der Migrationspolitik.PDF,Mehr Restriktionen in der Migrationspolitik,mehr restriktionen in der migrationspolitik,Der Tagesspiegel,der tagesspiegel,Montag 26. Mai 2025,,POLITIK; Politik; S. 4,215,1687,2ad5023c3edc1a08e44f55c25cac9418f3da4220,,unique,keep,,no,,no,,,2384,no,,,,,"Bundesinnenminister Alexander Dobrindt (CSU) will dem Kabinett am Mittwoch den Gesetzentwurf zur 
Einschränkung des Familiennachzugs für bestimmte Flüchtlinge vorlegen. Einen entsprechenden Bericht der ,,Bild 
am Sonntag"" bestätigte das Innenministerium der Deutschen Presse-Agentur. Wie im Koalitionsvertrag vereinbart, 
sollen Flüchtlinge mit eingeschränktem Schutzstatus zwei Jahre lang keine Familienangehörigen mehr nach 
Deutschland holen dürfen. Härtefälle sind ausgenommen. ,,Bisher konnten 1000 Personen pro Monat nach 
Deutschland nachgezogen werden. Damit ist jetzt Schluss"", sagte Dobrindt der ,,Bild"". ,,Wir müssen die Pull-
Faktoren (Sog-Faktoren) nach Deutschland deutlich reduzieren. Auch damit zeigen wir, die Migrationspolitik in 
Deutschland hat sich geändert.""
Der Familiennachzug für Flüchtlinge ohne Asylstatus war bereits von März 2016 bis Juli 2018 von der damaligen 
schwarz-roten Koalition ausgesetzt worden. Begründet wurde dies damals mit der Absicht, eine Überlastung bei der 
Aufnahme und Integration zu vermeiden. Seit August 2018 dürfen monatlich insgesamt 1000 Menschen als 
Angehörige von Menschen mit diesem Schutzstatus einreisen.
Der Koalitionsvertrag von SPD, Grünen und FDP von 2021 sah zwar eigentlich vor, dass der Familiennachzug auch 
zu Menschen aus dieser Gruppe wieder unbegrenzt möglich werden soll. Umgesetzt wurde dieses Vorhaben aber 
nicht. 
Mehr als 30 Nichtregierungsorganisationen haben an die Bundesregierung appelliert, ihre Pläne zur Einschränkung 
des Familiennachzugs für Flüchtlinge fallen zu lassen und ihn stattdessen auszuweiten.(dpa)
***
 ,,Die Migrationspolitik hat sich geändert"" - Bundesinnenminister Alexander Dobrindt."
2025-05,Main Corpus,2025-05(50).ZIP,"Neue Unterkunft für bis zu 48 Geflüchtete Für rund 1,5 Millionen Euro errichtet die Gemeinde Wachten.PDF","C:\PythonProjects\AfD-project\Corpora\Main Corpus\2025-05\raw_unarchive\Neue Unterkunft für bis zu 48 Geflüchtete Für rund 1,5 Millionen Euro errichtet die Gemeinde Wachten.PDF","Neue Unterkunft für bis zu 48 Geflüchtete Für rund 1,5 Millionen Euro errichtet die Gemeinde Wachtendonk",neue unterkunft für bis zu 48 geflüchtete für rund 15 millionen euro errichtet die gemeinde wachtendonk,Rheinische Post,rheinische post,Samstag 24. Mai 2025,Martin van der Pütten,S. 20,780,5410,a4396adbaba0709b34ab78e99694319b0e08e828,,unique,keep,,no,,no,,,6430,no,,,,,"Martin van der Pütten
Wachtendonk 255 Geflüchtete leben aktuell in Wachtendonk. Knapp 40 von ihnen sind im vergangenen halben 
Jahr hinzugekommen, mehr als die Hälfte davon aus der Ukraine. „Rechnerisch 1,5 Flüchtlinge haben wir im 
Schnitt jede Woche aufgenommen. Die Zahlen waren mal höher, aber mit Blick auf die Ukraine und anderen 
Krisenregionen in der Welt dürfen wir uns nicht zurücklehnen“, sagte Wachtendonks Bürgermeister Paul Hoene am 
Donnerstagabend zu Beginn der Sitzung des Gemeinderates. Seit Jahren wird das Gremium ganz zu Anfang der 
Ratssitzungen über aktuelle Zahlen der Flüchtlingssituation informiert.
„Uns ist die Unterbringung bislang ganz gut gelungen, wir mussten in Wachtendonk keine Turnhallen schließen 
oder Zelte aufbauen“, sagte der Bürgermeister. 20 freie Plätze habe die Kommune aktuell für weitere Geflüchtete, 
durch das Gebäude an der Straelener Straße 4 würden in Kürze 19 weitere hinzukommen, rechnete Hoene vor. Er 
machte aber auch deutlich, dass zum Beispiel an der Kempener Straße und an der Mühlenstraße 
Unterbringungsmöglichkeiten wegfallen werden und zudem Wachtendonk bislang weniger Flüchtlinge zugewiesen 
bekommen habe als möglich. Am Ende der Rechnung waren es dann 28 Plätze zu wenig, die die Gemeinde 
vorhält. „Das wird nicht in einer Woche so weit sein, kann aber kommen, deshalb sind wir von der Verwaltung der 
Meinung, dass wir die neue Unterkunft benötigen“, sagte der Bürgermeister.
Am Loeweg 22 soll diese entstehen, direkt neben der neuen Feuerwache, und Platz für bis zu 48 Geflüchtete 
bieten. 1,59 Millionen Euro stehen dafür im Haushalt bereit, nachdem ein Architekt einen ersten Entwurf vorgelegt 
hatte. Inzwischen präferiert die Gemeinde aber die Vergabe des Auftrags an einen Generalunternehmer. Der liegt 
mit 1,54 Millionen Euro preislich noch leicht darunter. Darüber hinaus verspricht sich die Gemeinde von der 

Neue Unterkunft für bis zu 48 Geflüchtete Für rund 1,5 Millionen Euro errichtet die Gemeinde Wachtendonk 
eine neue Flüchtlingsunterkunft auf einem Grundstück am....
schlüsselfertigen Errichtung eine schnellere Ausführung und weniger Belastung für Mitarbeiter der Verwaltung. 
Nach Fertigstellung der neuen Unterkunft könne die Gemeinde dann auf einige bislang teuer angemietete 
Wohnungen verzichten, was den Haushalt entlaste.
„Nur ein Angebot einzuholen, das ist mir zu wenig“, kritisierte Christian Semrau von der Wankumer 
Wählergemeinschaft (WWG). Er befürchtet, dass die Gemeinde zu teuer bauen könnte. Man habe ja das Angebot 
des Architekten zum Vergleich, hielt die Verwaltung entgegen. Außerdem habe der Generalunternehmer für 
Kevelaer eine ähnliche Einrichtung gebaut, dort sei man sehr zufrieden.
„Wir haben schon eine Containerlösung für eine halbe Million Euro diskutiert“, gab Günter Buschhaus, ebenfalls 
WWG, zu bedenken. Im Vergleich dazu sei die Summe für ein festes Bauwerk niedrig. Georg Camp (CDU) sagte: 
„Das sind Kosten von weniger als 2000 Euro für den Quadratmeter, das ist ein sehr guter Preis.“
Martina Fenske, Vorsitzende der SPD Wachtendonk, sagte: „Wir müssen an die Folgekosten denken, das neue 
Gebäude ist auf lange Sicht viel günstiger.“ Das fand auch Heinz Wachtendorf vom Wachtendonker Bürgerverein 
und bekräftigte ein Argument der Verwaltung: „Kosten aus bestehenden Mietverhältnissen würden zudem 
eingespart.“ Ohne Gegenstimme bei nur vier Enthaltungen stimmte der Gemeinderat schließlich für den Bau der 
neuen Unterkunft am Loeweg.
Das Grundstück beinhaltet zudem eine Erweiterungsoption: Wenn die alte Schreinerei, die dort steht, abgerissen 
werden würde, böte sich in Zukunft noch Platz für ein weiteres Gebäude. Diesbezüglich hatte Henrik Kretz, 
Zugführer der Löscheinheit Wachtendonk der Feuerwehr, jedoch eine Bitte an den Rat. Er sagte: „Bedenken Sie, 
dass die Feuerwehr auch in der Lage sein muss, sich zu erweitern. In Sachen Katastrophenschutz kommt einiges 
auf uns zu.“
Zunächst einmal wird die alte Schreinerei noch stehenbleiben und daneben die neue Unterkunft gebaut. Die reine 
Bauzeit gibt der Generalunternehmer mit zwölf Monaten an. Zuvor müsse der Bau jedoch noch beantragt und 
genehmigt werden. Den Auftrag dazu wird die Gemeinde ihm nun erteilen.
Details zur geplanten Flüchtlingsunterkunft
Wohnungen In dem zweigeschossigen Neubau sollen acht gleich große Wohneinheiten entstehen, in denen je 
nach Belegung bis zu 48 Geflüchtete untergebracht werden können.
Weitere Räume In einem Zwischentrakt werden ein gemeinschaftlicher Wasch- und Trockenraum, der 
Hausanschluss- und Heizungsraum, ein Technikraum und ein Büro für den Hausmeister untergebracht.
Solaranlage Das Gebäude wird im KfW-40-Standard gebaut und deshalb auch über eine Anlage für Solarstrom 
vom Dach verfügen. Die Nebenkosten sollen dadurch und durch gute Dämmung gering ausfallen.
Neue Unterkunft für bis zu 48 Geflüchtete Für rund 1,5 Millionen Euro errichtet die Gemeinde Wachtendonk 
eine neue Flüchtlingsunterkunft auf einem Grundstück am....
Link to PDF
Graphic
 
Auf dem Grundstück am Loeweg 22 in Wachtendonk soll die neue Unterkunft für bis zu 48 Geflüchtete gebaut 
werden. Die weiße Halle bleibt zunächst stehen. Foto: vdp
So soll die neue Flüchtlingsunterkunft in Wachtendonk ausssehen. Grafik: Gemeinde

Neue Unterkunft für bis zu 48 Geflüchtete Für rund 1,5 Millionen Euro errichtet die Gemeinde Wachtendonk 
eine neue Flüchtlingsunterkunft auf einem Grundstück am...."
2025-05,Main Corpus,2025-05(50).ZIP,New Yorker_ Verdächtiger hielt sich legal in Deutschland auf(2).PDF,C:\PythonProjects\AfD-project\Corpora\Main Corpus\2025-05\raw_unarchive\New Yorker_ Verdächtiger hielt sich legal in Deutschland auf(2).PDF,New Yorker: Verdächtiger hielt sich legal in Deutschland auf,new yorker verdächtiger hielt sich legal in deutschland auf,Rheinische Post,rheinische post,Dienstag 13. Mai 2025,Sven Schalljo,S. 28,409,2931,1ffef7ae05d634aab611cc13a3aec943370fd98b,exact_002,duplicate_exact,review,,no,,no,,,3930,no,,exact_002,,,"Krefeld (svs) Die Nachricht hat Krefeld geschockt: wie am Donnerstag bekannt wurde, soll ein Angestellter der 
New-Yorker-Filiale am Mittwochabend im Aufenthaltsraum des Geschäfts seine Chefin erstochen haben. Bekannt 
wurde mittlerweile, dass der mutmaßliche Täter, der beim Verlassen des Geschäfts von der Polizei gefasst worden 
war, afghanischer Staatsbürger ist. Das sorgte im Internet für einen Sturm der Entrüstung. Speziell, dass es sich 
um einen abgelehnten Asylbewerber gehandelt haben soll, ließ die Emotionen hoch kochen.
Das besorgt zunehmend die mit dem Fall betrauten Seelsorger. „Wir appellieren an alle Bürgerinnen und Bürger, 
verantwortungsvoll mit sozialen Medien umzugehen, um die Betroffenen durch ausufernde Kommentare unter den 
Texten nicht noch weiter zu belasten und sie zu schützen. Wir hören immer wieder in den Gesprächen, dass die 
vielen Kommentare die Wunden stets aufs Neue aufreißen und die Menschen immer wieder von Neuem 
traumatisieren“, sagt der Koordinator der Seelsorge Krefeld, Dietmar Krebbers.
Auch die Staatsanwaltschaft betont, dass Asyl nicht der einzige Weg sei, sich legal in Deutschland aufzuhalten. 
„Die Tatsache, dass der Verdächtige legal bei New Yorker arbeitete, belegt, dass er eine Arbeitserlaubnis und 
mithin einen legalen Rechtsstatus hat“, betont die für die Pressearbeit im Fall verantwortliche Staatsanwältin 
Hannah Kleinhanß auf Anfrage.
Zum Fall selbst würde der Beschuldigte weiter schweigen. Motivlage und Tatablauf seien weiter Gegenstand der 
Ermittlungen. Immerhin gibt es weitere Hintergründe zu dem Mann. „Wir wissen, dass er sich bereits seit 2016 in 
Deutschland aufhält – nach unseren Kenntnissen, wie gesagt, legal. Auch ist er nach aktuellen Erkenntnissen 
bisher nie polizeilich in Erscheinung getreten. Es gab also in jedem Falle kein Fehlverhalten, das über eine 
Ordnungswidrigkeit hinaus gegangen wäre, soweit wir wissen“, betont die Sprecherin.
Die Stadt Krefeld als verantwortliche Stelle für die Aufenthaltsverfahren bestätigt die Angaben der 
Staatsanwaltschaft. „Der Tatverdächtige reiste 2016 erstmals in Deutschland ein, und wir können bestätigen, dass 
er einen Asylantrag gestellt hat, der abgelehnt worden ist“, schreibt ein Stadt-Sprecher auf Anfrage. Illegal habe er 
sich aber deshalb nicht im Land aufgehalten. „Im Asyl-Folgeverfahren wurde 2022 durch das Bundesamt für 

New Yorker: Verdächtiger hielt sich legal in Deutschland auf
Migration und Flüchtlinge (BAMF) ein Abschiebungsverbot und damit eine Aufenthaltserlaubnis nach Paragraf 25 
Absatz 3 des Aufenthaltsgesetzes festgestellt“, heißt es weiter. Der Paragraf regelt die Aufnahme aus humanitären 
Gründen – allerdings nur so lange keine schweren Straftaten vorliegen, was im Falle einer Verurteilung hinfällig 
wäre.
Link to PDF
Graphic
 
Auch am Montag liegen immer noch große Mengen Blumen im Eingangsbereich der New-Yorker-Filiale in Krefeld. 
Foto: Angela Mühlenhaupt"
2025-05,Main Corpus,2025-05(50).ZIP,New Yorker_ Verdächtiger hielt sich legal in Deutschland auf.PDF,C:\PythonProjects\AfD-project\Corpora\Main Corpus\2025-05\raw_unarchive\New Yorker_ Verdächtiger hielt sich legal in Deutschland auf.PDF,New Yorker: Verdächtiger hielt sich legal in Deutschland auf,new yorker verdächtiger hielt sich legal in deutschland auf,Rheinische Post,rheinische post,Dienstag 13. Mai 2025,Sven Schalljo,S. 15,409,2931,1ffef7ae05d634aab611cc13a3aec943370fd98b,exact_002,duplicate_exact,review,,no,,no,,,3932,no,,exact_002,,,"Krefeld (svs) Die Nachricht hat Krefeld geschockt: wie am Donnerstag bekannt wurde, soll ein Angestellter der 
New-Yorker-Filiale am Mittwochabend im Aufenthaltsraum des Geschäfts seine Chefin erstochen haben. Bekannt 
wurde mittlerweile, dass der mutmaßliche Täter, der beim Verlassen des Geschäfts von der Polizei gefasst worden 
war, afghanischer Staatsbürger ist. Das sorgte im Internet für einen Sturm der Entrüstung. Speziell, dass es sich 
um einen abgelehnten Asylbewerber gehandelt haben soll, ließ die Emotionen hoch kochen.
Das besorgt zunehmend die mit dem Fall betrauten Seelsorger. „Wir appellieren an alle Bürgerinnen und Bürger, 
verantwortungsvoll mit sozialen Medien umzugehen, um die Betroffenen durch ausufernde Kommentare unter den 
Texten nicht noch weiter zu belasten und sie zu schützen. Wir hören immer wieder in den Gesprächen, dass die 
vielen Kommentare die Wunden stets aufs Neue aufreißen und die Menschen immer wieder von Neuem 
traumatisieren“, sagt der Koordinator der Seelsorge Krefeld, Dietmar Krebbers.
Auch die Staatsanwaltschaft betont, dass Asyl nicht der einzige Weg sei, sich legal in Deutschland aufzuhalten. 
„Die Tatsache, dass der Verdächtige legal bei New Yorker arbeitete, belegt, dass er eine Arbeitserlaubnis und 
mithin einen legalen Rechtsstatus hat“, betont die für die Pressearbeit im Fall verantwortliche Staatsanwältin 
Hannah Kleinhanß auf Anfrage.
Zum Fall selbst würde der Beschuldigte weiter schweigen. Motivlage und Tatablauf seien weiter Gegenstand der 
Ermittlungen. Immerhin gibt es weitere Hintergründe zu dem Mann. „Wir wissen, dass er sich bereits seit 2016 in 
Deutschland aufhält – nach unseren Kenntnissen, wie gesagt, legal. Auch ist er nach aktuellen Erkenntnissen 
bisher nie polizeilich in Erscheinung getreten. Es gab also in jedem Falle kein Fehlverhalten, das über eine 
Ordnungswidrigkeit hinaus gegangen wäre, soweit wir wissen“, betont die Sprecherin.
Die Stadt Krefeld als verantwortliche Stelle für die Aufenthaltsverfahren bestätigt die Angaben der 
Staatsanwaltschaft. „Der Tatverdächtige reiste 2016 erstmals in Deutschland ein, und wir können bestätigen, dass 
er einen Asylantrag gestellt hat, der abgelehnt worden ist“, schreibt ein Stadt-Sprecher auf Anfrage. Illegal habe er 
sich aber deshalb nicht im Land aufgehalten. „Im Asyl-Folgeverfahren wurde 2022 durch das Bundesamt für 

New Yorker: Verdächtiger hielt sich legal in Deutschland auf
Migration und Flüchtlinge (BAMF) ein Abschiebungsverbot und damit eine Aufenthaltserlaubnis nach Paragraf 25 
Absatz 3 des Aufenthaltsgesetzes festgestellt“, heißt es weiter. Der Paragraf regelt die Aufnahme aus humanitären 
Gründen – allerdings nur so lange keine schweren Straftaten vorliegen, was im Falle einer Verurteilung hinfällig 
wäre.
Link to PDF
Graphic
 
Auch am Montag liegen immer noch große Mengen Blumen im Eingangsbereich der New-Yorker-Filiale in Krefeld. 
Foto: Angela Mühlenhaupt"
2025-05,Main Corpus,2025-05(50).ZIP,Petition für afghanische Familie.PDF,C:\PythonProjects\AfD-project\Corpora\Main Corpus\2025-05\raw_unarchive\Petition für afghanische Familie.PDF,Petition für afghanische Familie,petition für afghanische familie,Frankfurter Rundschau,frankfurter rundschau,Donnerstag 22. Mai 2025,,FRANKFURT; S. 37,219,1548,9fa3f4a998a014b9a162a8c896ce614dfe05032f,,unique,keep,,no,,no,,,2415,no,,,,,"Der Zentralrat der afghanischen Hindus und Sikhs kritisiert die Abschiebung der Familie Kapoor aus Frankfurt und 
fordert in einer Petition deren sofortige Rückkehr: Die Familie, die der verfolgten religiösen Minderheit der Sikh in 
Afghanistan angehöre, sei seit 2018 in Deutschland wohnhaft und gut integriert, heißt es.
Am 16. April ist die vierköpfige Familie „ohne Vorwarnung aus dem Alltag gerissen“ worden, so der Zentralrat, der 
seinen Sitz in Frankfurt hat. „Bei einem Termin in der Ausländerbehörde Frankfurt wurde sie durch die Polizei 
abgeführt und nach Indien abgeschoben.“ Dort habe sie jedoch keinerlei soziale oder kulturelle Bindung. 
Die Kinder Angad (16) und Gunit (12) besuchten eine Schule in Frankfurt. Der Ältere stand kurz vor dem 
Hauptschulabschluss. Die Petition des Zentralrats richtet sich unter anderem an das Hessische Innenministerium 
und das Bundesamt für Migration und Flüchtlinge. Darin fordert der Zentralrat die sofortige Rückholung der Familie 
und ein dauerhaftes Bleiberecht für sie. Auch dürften Abschiebungen nicht mehr unangekündigt durchgeführt 
werden, insbesondere nicht bei schulpflichtigen Kindern. 
Darüber hinaus sollten afghanische Sikh und Hindus im deutschen Asylverfahren als schutzbedürftig angekündigt 
werden.
Die FR berichtet in den kommenden Tagen in ihrem Politik-Teil ausführlich über den Fall.
Die Petition ist auf openpetition zu finden: https://www.openpetition.de/petition/online/von-frankfurt-ins-ungewisse-
diese-abschiebung-darf-nicht-das-letzte-wort-sein
Link zum PDF-Dokument"
2025-05,Main Corpus,2025-05(50).ZIP,POLITIK.PDF,C:\PythonProjects\AfD-project\Corpora\Main Corpus\2025-05\raw_unarchive\POLITIK.PDF,POLITIK,politik,Berliner Zeitung,berliner zeitung,26. Mai 2025,,POLITIK; S. 13,307,2332,fc953b9bbea90ba27d988cd42f302ab3b00970df,,unique,keep,,no,,no,,,3493,no,,,,,"Dobrindt legt Gesetz zum Familiennachzug vor 
 Bundesinnenminister Alexander Dobrindt (CSU) will dem Kabinett am Mittwoch den Gesetzentwurf zur 
Einschränkung des Familiennachzugs für bestimmte Flüchtlinge vorlegen. Wie im Koalitionsvertrag vereinbart, 
sollen Flüchtlinge mit eingeschränktem Schutzstatus zwei Jahre lang keine Familienangehörigen mehr nach 
Deutschland holen dürfen. Härtefälle sind ausgenommen. Bisher konnten 1000 Personen pro Monat nach 
Deutschland nachgezogen werden. Damit ist jetzt Schluss , sagte Dobrindt der Bild-Zeitung. Wir müssen die Pull-
Faktoren (Sog-Faktoren) nach Deutschland deutlich reduzieren. Auch damit zeigen wir, die Migrationspolitik in 
Deutschland hat sich geändert. (dpa)
 Cem Özdemir soll Kretschmann beerben 
 Der ehemalige Bundeslandwirtschaftsminister Cem Özdemir zieht als Spitzenkandidat der baden-
württembergischen Grünen in die Landtagswahl 2026. Er erhielt beim Parteitag in Heidenheim 97 Prozent der 
Stimmen für eine Kandidatur als Ministerpräsident. Özdemir soll den Grünen nach 15 Jahren Amtszeit von 
Ministerpräsident Winfried Kretschmann die Macht sichern. Die Grünen liegen allerdings in den Umfragen seit 
vielen Monaten deutlich hinter der CDU. (dpa)
 Dokumentationszentrum erinnert an NSU-Verbrechen 
 Fast 20 Jahre nach den letzten Morden der rechtsextremen Terrorgruppe Nationalsozialistischer Untergrund 
(NSU) ist am Sonntag in Chemnitz das bundesweit erste Dokumentationszentrum zu diesen Verbrechen eröffnet 
worden. Der Lern- und Erinnerungsort nimmt vor allem die NSU-Opfer und ihre Angehörigen sowie die Folgen für 
die Gesellschaft in den Blick. An der Eröffnung nahm unter anderem die Tochter des Dortmunder NSU-Opfers 
Mehmet Kubasik, Gamze Kubasik, teil. (epd)
 Festnahmen nach missglücktem Stapellauf 
 Nach der Panne beim Stapellauf eines Kriegsschiffs in Nordkorea sind laut staatlichen Medienberichten drei 
Mitarbeiter der Werft festgenommen worden. Für das Unglück wurden die leitenden Angestellten verantwortlich 
gemacht. Der 5000-Tonnen-Zerstörer war am Mittwoch beim Stapellauf im Hafen von Chongjin beschädigt worden. 
Satellitenbilder zeigten das Schiff auf der Seite liegend, teilweise von blauen Planen bedeckt und zum Teil unter 
Wasser. Machthaber Kim Jong Un hatte nach dem Vorfall von einem kriminellen Akt gesprochen. (dpa)

POLITIK"
2025-05,Main Corpus,2025-05(50).ZIP,Polizei führte Angreifer aus Bielefeld unter acht Namen(2).PDF,C:\PythonProjects\AfD-project\Corpora\Main Corpus\2025-05\raw_unarchive\Polizei führte Angreifer aus Bielefeld unter acht Namen(2).PDF,Polizei führte Angreifer aus Bielefeld unter acht Namen,polizei führte angreifer aus bielefeld unter acht namen,Rheinische Post,rheinische post,Freitag 23. Mai 2025,,S. 6,305,2230,e09edfddc0faef8cf5c5bb093bdcda8af59fa84f,exact_003,duplicate_exact,review,,no,,no,,,3119,no,,exact_003,,,"Düsseldorf (dpa) Im Fall des Messerangriffs vor einer Bar in Bielefeld ist der gefasste Tatverdächtige mit 
unterschiedlichen Schreibweisen seines Namens in den Systemen der Behörden aufgetaucht. Nach dpa-
Informationen kannte man den Syrer beim Bundesamt für Migration und Flüchtlinge unter zwei Namen, was aber 
nicht mit falschen Angaben zusammenhing, sondern der verschiedenen Möglichkeiten der Transkription des 
Nachnamens geschuldet ist. Bedeutet: Die Behörden haben den Namen in verschiedenen Variationen 
aufgeschrieben. Mehrfachidentitäten wie es sie vor dem Jahr 2017 öfter gab, sind heute wegen der zentralen 
Erfassung von biometrischen Daten von Asylsuchenden nicht mehr möglich.
Nach Angaben des NRW-Innenministeriums werde derzeit geprüft, warum Mahmoud M. in zwei Polizeisystemen 
mit acht sogenannten Alias-Namen aufgetaucht ist. Innenminister Herbert Reul (CDU) hatte diese Zahl zuletzt 
genannt. Strafrechtlich war der Mann der Polizei in der Zeit vor Sonntag nicht aufgefallen. Offen ist derzeit noch, 
wie diese unterschiedlichen Schreibweisen in diese Systeme gekommen sind. Möglich ist unter anderem eine 
Zeugenaussage, die der Tatverdächtige mal getätigt haben könnte. Nach Angaben eines Sprechers dauert die 
Prüfung an.
Mahmoud M. soll nach Angaben des NRW-Fluchtministeriums aus Syrien über die Türkei und dann über die 
sogenannte Balkan-Route nach Deutschland gekommen sein. Sein Schutzersuchen begründete er mit dem Krieg in 
Syrien und der Verfolgung vermeintlicher Regimekritiker durch die damalige Regierung. Im August 2023 stellte er 
einen Asylantrag. Im folgenden Dezember wurde ihm subsidiärer Schutz zuerkannt. Dieser eingeschränkte 
Schutzstatus greift, wenn weder der Flüchtlingsschutz noch die Asylberechtigung infrage kommt, jedoch im 
Herkunftsland ernsthafter Schaden droht.
Der 35 Jahre alte Tatverdächtige lebte in Harsewinkel bei Bielefeld. Er soll in der Nacht zu Sonntag vor einer Bar 
mit Messern auf Gäste eingestochen haben. Mehrere Menschen wurden lebensgefährlich verletzt. Seit 
Dienstagabend ermittelt die Bundesanwaltschaft in Karlsruhe in dem Fall, weil die Tat möglicherweise religiös 
motiviert war.
Link to PDF

Polizei führte Angreifer aus Bielefeld unter acht Namen"
2025-05,Main Corpus,2025-05(50).ZIP,Polizei führte Angreifer aus Bielefeld unter acht Namen.PDF,C:\PythonProjects\AfD-project\Corpora\Main Corpus\2025-05\raw_unarchive\Polizei führte Angreifer aus Bielefeld unter acht Namen.PDF,Polizei führte Angreifer aus Bielefeld unter acht Namen,polizei führte angreifer aus bielefeld unter acht namen,Rheinische Post,rheinische post,Freitag 23. Mai 2025,,S. 6,305,2230,e09edfddc0faef8cf5c5bb093bdcda8af59fa84f,exact_003,duplicate_exact,review,,no,,no,,,3134,no,,exact_003,,,"Düsseldorf (dpa) Im Fall des Messerangriffs vor einer Bar in Bielefeld ist der gefasste Tatverdächtige mit 
unterschiedlichen Schreibweisen seines Namens in den Systemen der Behörden aufgetaucht. Nach dpa-
Informationen kannte man den Syrer beim Bundesamt für Migration und Flüchtlinge unter zwei Namen, was aber 
nicht mit falschen Angaben zusammenhing, sondern der verschiedenen Möglichkeiten der Transkription des 
Nachnamens geschuldet ist. Bedeutet: Die Behörden haben den Namen in verschiedenen Variationen 
aufgeschrieben. Mehrfachidentitäten wie es sie vor dem Jahr 2017 öfter gab, sind heute wegen der zentralen 
Erfassung von biometrischen Daten von Asylsuchenden nicht mehr möglich.
Nach Angaben des NRW-Innenministeriums werde derzeit geprüft, warum Mahmoud M. in zwei Polizeisystemen 
mit acht sogenannten Alias-Namen aufgetaucht ist. Innenminister Herbert Reul (CDU) hatte diese Zahl zuletzt 
genannt. Strafrechtlich war der Mann der Polizei in der Zeit vor Sonntag nicht aufgefallen. Offen ist derzeit noch, 
wie diese unterschiedlichen Schreibweisen in diese Systeme gekommen sind. Möglich ist unter anderem eine 
Zeugenaussage, die der Tatverdächtige mal getätigt haben könnte. Nach Angaben eines Sprechers dauert die 
Prüfung an.
Mahmoud M. soll nach Angaben des NRW-Fluchtministeriums aus Syrien über die Türkei und dann über die 
sogenannte Balkan-Route nach Deutschland gekommen sein. Sein Schutzersuchen begründete er mit dem Krieg in 
Syrien und der Verfolgung vermeintlicher Regimekritiker durch die damalige Regierung. Im August 2023 stellte er 
einen Asylantrag. Im folgenden Dezember wurde ihm subsidiärer Schutz zuerkannt. Dieser eingeschränkte 
Schutzstatus greift, wenn weder der Flüchtlingsschutz noch die Asylberechtigung infrage kommt, jedoch im 
Herkunftsland ernsthafter Schaden droht.
Der 35 Jahre alte Tatverdächtige lebte in Harsewinkel bei Bielefeld. Er soll in der Nacht zu Sonntag vor einer Bar 
mit Messern auf Gäste eingestochen haben. Mehrere Menschen wurden lebensgefährlich verletzt. Seit 
Dienstagabend ermittelt die Bundesanwaltschaft in Karlsruhe in dem Fall, weil die Tat möglicherweise religiös 
motiviert war.
Link to PDF

Polizei führte Angreifer aus Bielefeld unter acht Namen"
2025-05,Main Corpus,2025-05(50).ZIP,"Sieben Jahre Hölle Der Schutz von Frauen vor gewalttätigen Männern in Deutschland ist mangelhaft, we.PDF","C:\PythonProjects\AfD-project\Corpora\Main Corpus\2025-05\raw_unarchive\Sieben Jahre Hölle Der Schutz von Frauen vor gewalttätigen Männern in Deutschland ist mangelhaft, we.PDF","Sieben Jahre Hölle Der Schutz von Frauen vor gewalttätigen Männern in Deutschland ist mangelhaft, weil",sieben jahre hölle der schutz von frauen vor gewalttätigen männern in deutschland ist mangelhaft weil,Berliner Zeitung,berliner zeitung,17. Mai 2025,Martin Rücker,LEBEN; S. 28,2685,18244,90a859726cc1b45003646f4336cc760f7361151e,,unique,keep,,no,,no,,,19459,no,,,,,"Als Elena das erste Mal von den Behörden im Stich gelassen wird, ahnt sie nicht, welche dramatische Folgen das 
für ihr Leben haben wird. Es beginnt vor zehn Jahren. 2015 kommt der Mann, der in diesem Text Matei heißen soll, 
mit einem Visum über die Grenze nach Deutschland. Er stammt aus Moldau. In seiner Heimat gab es Ärger mit der 
Polizei, offenbar hatte Matei schon in jungen Jahren eine stattliche kriminelle Karriere hingelegt. So erzählt es 
Elena, die ebenfalls eigentlich einen anderen Namen trägt.
Mit dem Visum hätte Matei nur für wenige Monate in Deutschland bleiben dürfen. Doch kaum in Berlin 
angekommen, habe er seinen Pass verbrannt. Mit neuer Frisur und unter falschem Namen, so viel ist aktenkundig, 
stellt er einen Asylantrag. Es ist das Flüchtlingsjahr : Vor dem Berliner Lageso, dem damals für Migration 
zuständigen Landesamt für Gesundheit und Soziales, spielen sich chaotische Szenen ab. Sie sorgen bundesweit 
für Schlagzeilen, werden zum Symbol für die mit dem Zustrom gnadenlos überforderten Behörden.
Anderthalb Jahre dauert es, bis das Lageso Mateis Asylantrag ablehnt. Doch er bleibt in Berlin, und das Amt 
bezahlt ihm einen Wohnheimplatz. Zuletzt stellt das Landesamt für Einwanderung Mitte 2021 in einem Bescheid 
noch einmal fest: Der Mann ist zum Verlassen der Bundesrepublik Deutschland verpflichtet . Doch freiwillig reist er 
nicht aus, und abgeschoben wird er nicht, obwohl der versuchte Asylbetrug bei den Ämtern längst bekannt ist.
Als Elena ihn in einem Berliner Flüchtlingscafé kennenlernt, ist Matei schon fast zwei Jahre in Deutschland. Diese 
erste Begegnung ist sieben Jahre her, als Elena davon erzählt. Es waren sieben Jahre Hölle , sagt sie. Die Brille 
sitzt tief auf ihrer Nase, die Augen blicken immer wieder über den Rand, und immer wieder füllen sie sich mit 
Tränen.
Ein paar gute Tage gab es, ganz am Anfang. Elena beschreibt Matei als großen, durchtrainierten Mann, der 
Kampfsport macht. Mehrfach treffen sich beide in dem Café, Elena verliebt sich schnell. Plötzlich Mateis 
Flüchtlingsausweis ist abgelaufen und der Platz im Wohnheim damit weg steht er mit seinen Koffern vor ihrer Tür. 
Er habe eine herzzerreißende Geschichte erzählt, zieht bei ihr ein.

Sieben Jahre Hölle Der Schutz von Frauen vor gewalttätigen Männern in Deutschland ist mangelhaft, weil 
Behörden und Politik zögern. Mütter sind auch noch nach d....
 Ohne ein Wort zu sagen 
Schon bald aber habe Matei fast nur noch trinkend oder kiffend vor dem Computer gesessen. Er habe sie 
angeschrien, ihr gedroht, sie geschlagen und bestimmt, wann und wie oft sie zum Sex bereitzustehen habe. 
Zugleich habe er sie mit anderen Frauen betrogen. Regelmäßig sei er für mehrere Tage verschwunden, ohne ein 
Wort zu sagen, wo er bleibe und wann er zurückkehre. Mehrfach ruft Elena die Polizei. Andere Male fügt sie sich. 
Man kann nicht jeden blauen Fleck dokumentieren , sagt sie. Zwischendurch habe sich Matei immer wieder von 
seiner charmanten Seite gezeigt. Ich wäre mit ihm bis ans Ende der Welt gegangen, so verliebt war ich , sagt 
Elena.
Sie hat harte Jahre und gescheiterte Beziehungen hinter sich, ist Anfang 40, mit Matei verbindet sie die Hoffnung 
auf ein kleines bisschen Glück. Sein Verhalten begründet er ihr gegenüber mit einer schweren, von Gewalt 
geprägten Kindheit. Damit erreicht er, dass sie ihm verzeiht. Und sich an jenen Momenten festhält, in denen Matei 
sich wieder einmal von seiner charmanten Seite zeigt. Wie nur kann sie erreichen, dass er immer so ist?
Jede dritte Frau in Deutschland wird mindestens einmal Opfer von körperlicher oder sexualisierter Gewalt, der 
Täter ist häufig ihr Partner oder Ex-Partner. Für 2023 erfasst die Kriminalitätsstatistik mehr als 256.000 Opfer von 
häuslicher Gewalt durch Partner oder andere Familienmitglieder. Die Fallzahlen steigen seit Jahren, wobei noch 
eine beträchtliche Dunkelziffer hinzukommen dürfte.
70 Prozent der Opfer sind weiblich, drei Viertel der Täter männlich. Fast jeden Tag kommt es in Deutschland zu 
einem Femizid, der Tötung einer Frau, weil sie eine Frau ist. Allein im Jahr 2023 starben 155 Frauen durch die 
Hand ihres Partners oder Ex-Partners. Noch als Kanzlerkandidat nannte Friedrich Merz (CDU) die Zahlen 
alarmierend und beschämend , und die gerade aus dem Amt geschiedene Bundesinnenministerin Nancy Faeser 
(SPD) sagte: Wir brauchen ein stärkeres Schutz- und Hilfesystem für Frauen .
Die Politik hat das Problem erkannt. Die öffentliche Debatte dreht sich dabei vor allem um Täter ausländischer 
Herkunft. Doch zwischen der geografischen Herkunft eines Menschen und seiner Gewaltbereitschaft bestehe kein 
Zusammenhang. Die Kategorie Ausländer trage nichts zur Erklärung von hohen oder niedrigen Kriminalitätszahlen 
bei, sagt die Kriminologin Gina Rosa Wollinger. Die Forschung zeige, dass kriminalitätsfördernde Umstände in 
den jeweiligen Lebensumständen begründet lägen: Vor allem Armut und mangelnde Bildungsteilhabe sind zentrale 
Faktoren. 
Dass die Statistik einen überproportionalen Anteil an Tatverdächtigen mit Migrationshintergrund ausweist, führen 
Experten einerseits auf die soziale Herkunft der Täter und auf Gewalterfahrungen, die viele in ihren Heimatländern 
machen mussten, zurück. Andererseits auf statistische Effekte: Die jährlichen Daten zeichnen kein Bild der 
tatsächlichen Kriminalität, sondern nur der polizeilich erfassten, und das ist verzerrt. So zeigen Studien, dass fremd 
wirkende Personen häufiger angezeigt und häufiger von der Polizei kontrolliert werden. Auch in den Medien wird 
überdurchschnittlich oft über Taten berichtet, die von Ausländern begangen werden, zeigte eine Studie im Jahr 
2018.
Elena ist gesellschaftlich engagiert, sie demonstriert gegen den Rechtsextremismus, gegen die AfD und immer 
wieder auch gegen Abschiebungen. Im Falle ihres Ex-Partners aber wäre sie froh, die Behörden hätten den 
Moldauer aus dem Land gebracht, wie es eigentlich längst beschlossen war. Komischerweise , sagt Elena, würde 
sich die Debatte über Abschiebungen vor allem um Menschen aus Syrien und anderen arabischen Ländern drehen 
und nicht um Straftäter, unabhängig von ihrer Herkunft.
 Dann bringt er mich um 
Sie selbst kann sich lange nicht lösen. Mal textet sie Matei ein Ich liebe dich aufs Handy und schreibt Freunden 
fast zeitgleich, dass sie Angst um ihr Leben habe. Für Elena fühlt sich das nicht wie ein Widerspruch an: Immer 
wenn ich mich trennen wollte, wurde er ganz nett. Bis ich ihm wieder vertraut habe und in der Falle saß. Für 
Außenstehende ist oft schwer nachvollziehbar, wie lange Gewaltopfer anscheinend freiwillig beim Täter bleiben. 
Es wirken die Mechanismen psychischer Gewalt: Elena beschreibt eine Mischung aus Drohungen und Angst, aus 
Sieben Jahre Hölle Der Schutz von Frauen vor gewalttätigen Männern in Deutschland ist mangelhaft, weil 
Behörden und Politik zögern. Mütter sind auch noch nach d....
Zuneigung und immer wieder aufkeimender Hoffnung. Trotz aller Erniedrigungen scheint ein Leben ohne den 
gewalttätigen Partner wie die schlechtere Alternative.
Vor vier Jahren eskaliert die Gewalt, und Elena verliert ihre Wohnung. Ihr Vermieter kündigt ihr fristlos, nachdem 
sich Nachbarn über den ständigen Lärm beschwert haben, der die Gewaltorgien und Polizeieinsätze begleitet. Ich 
kann die Nachbarn verstehen , sagt Elena heute. Die hätten nicht sehen können, was hinter der Wohnungstür 
passiert. Matei sei nach außen einnehmend aufgetreten.
Wie stark ihre emotionale Abhängigkeit war, hat sie erst im Nachhinein gemerkt. Er hatte mich psychisch zu 
seinem Sklaven gemacht , sagt sie heute. Bei der Zwangsräumung dachte ich überhaupt nicht darüber nach, wo 
ich jetzt schlafen kann sondern nur darüber, ob er jetzt abgeschoben wird. Dabei landet sie, die studiert und in 
Leitungspositionen gearbeitet hat, nun vorübergehend in einer Obdachlosenunterkunft.
Ihren Ex-Partner nennt sie heute einen Heiratsschwindler mit Abschiebebescheid . Denn früh schon habe Matei 
auf eine Hochzeit gedrungen. Elena ist bereits einmal geschieden und zögert. Auch Mateis Verhalten lässt sie vor 
diesem Schritt zurückschrecken. Vielleicht ist es das einzige, worauf sich Elena nicht einlässt. Heute glaubt sie, 
dass Matei sie nur heiraten wollte, um sich ein Bleiberecht in Deutschland zu sichern. Sie zeigt Screenshots von 
Chats, in denen er gegenüber Freunden damit prahlt, sie ohnehin nur auszunutzen.
Aber sie trennt sich nicht. Und wird sogar schwanger von Matei. 2022 kommt ihr Kind zur Welt. Elena hält das im 
ersten Moment des Glücks für eine gute Nachricht. Ich dachte: Jetzt habe ich etwas, um ihn zu zwingen, nett zu 
mir zu sein , sagt sie. Sie weist Matei als Vater aus. Er hat nun, so wie sie, das Sorgerecht für das Kind. Und er 
kann nicht mehr abgeschoben werden. Nicht ihre Lage verbessert sich durch das gemeinsame Kind, sondern 
seine.
Matei bleibt gewalttätig. Und Elena fällt es noch schwerer, sich zu trennen. Das war Dauerstress , sagt sie. Er hat 
mir gesagt: Wenn er sein Kind nicht bekommt, dann bringt er mich um. 
Die Möglichkeiten, ein Gewaltopfer zu schützen, schrumpfen, wenn es sich mit dem Täter die Elternschaft teilt, 
sagen Experten wie die Psychotherapeutin Fanny Schuster, die an der Traumaambulanz der Charité im St.-
Hedwig-Krankenhaus betroffene Frauen begleitet. Mit jedem Kind steigt auch die Zahl der Beteiligten. Beim Verein 
Bora, der Frauen berät, führt man Gewalttaten oft auf behördliches Versagen zurück. Um die Frauen und Kinder 
wirklich zu schützen, müssten Stellen wie Polizei und Jugendamt eng zusammenarbeiten, doch dem stehe 
beispielsweise der Datenschutz entgegen: Wird die Polizei im Notfall herbeigerufen, informiert sie das Jugendamt 
oft gar nicht.
Auch Elena sucht Hilfe beim Jugendamt. Das bestätigen Unterlagen, die die Berliner Zeitung einsehen konnte. 
Mehrfach sprechen Jugendamtsmitarbeiter mit ihr und Matei, mit dem Kinderarzt, der Kitaleitung und mit Menschen 
aus dem Umfeld der Familie eine therapeutische Clearingmaßnahme , wie eine solche Hilfe für Familien in 
Krisensituationen im Amtsdeutsch heißt. Es ist eine Maßnahme, die zusammenführen soll, was längst nicht mehr 
zusammengeht und die für Elena nichts verbessert.
Vor einigen Monaten findet sie endlich die Kraft, ihre Beziehung zu beenden. Mein Kind hat eineinhalb Jahre 
Gewalt erlebt, das reicht. Matei muss aus ihrer Wohnung ausziehen und steht nur einen Tag später wieder vor 
der Tür, um das Kind zu sehen. Seitdem streiten die Eltern um das Umgangsrecht. Das Jugendamt will dem Kind 
seinen Vater nicht nehmen. Also behält Matei das Recht, das Kind stundenweise zu sehen, zeitweise in 
Anwesenheit von Jugendamtsmitarbeitern. Elena bleibt dazu verdammt, ihrem Peiniger immer wieder aufs neue zu 
begegnen.
 In der Therapie mit Betroffenen von Gewalt geht es darum, Dinge abzuschließen. Wenn es weiter Kontakt zu dem 
Täter gibt, wird das deutlich erschwert , sagt die Psychotherapeutin Fanny Schuster. Hinzu kommt das Gefühl: Ich 
gebe mein Kind in die Obhut eines Menschen, der mir gegenüber gewalttätig war. Mitunter soll die Mutter das Kind 
auch noch dazu motivieren, zum Vater zu gehen. Sie darf nicht schlecht über ihren Ex-Partner sprechen, weil ihr 
das sonst negativ ausgelegt werden könnte und Konsequenzen für das Sorgerecht haben könnte. Dies alles sei für 
Sieben Jahre Hölle Der Schutz von Frauen vor gewalttätigen Männern in Deutschland ist mangelhaft, weil 
Behörden und Politik zögern. Mütter sind auch noch nach d....
die Betroffenen sehr belastend. Es ist außerdem eine Situation, die es nach geltendem Recht gar nicht geben 
dürfte.
Um Gewaltopfer vor allem also Frauen und Kinder zu schützen, gibt es die sogenannte Istanbul-Konvention, ein 
Übereinkommen des Europarates gegen häusliche und geschlechtsspezifische Gewalt. Es ist ein völkerrechtlich 
bindender Vertrag.
 In der Bundesregierung sind wir fest entschlossen, die Istanbul-Konvention umzusetzen , sagte die damalige grüne 
Bundesfamilienministerin Lisa Paus im Sommer 2024 da war das Abkommen seit zehn Jahren in Kraft und seit 
sechs Jahren geltendes Recht in Deutschland. Die Ampelkoalition beschloss eine Gewaltschutzstrategie und die 
Einrichtung einer nationalen Koordinierungsstelle. Noch gibt es sie nicht.
2022 rügten die Experten des Europarates Deutschland wegen gravierender Defizite bei der Umsetzung der 
Konvention. Ende 2024 stellte das Deutsche Institut für Menschenrechte, das offiziell mit der Evaluation beauftragt 
ist, erneut ein schlechtes Zeugnis aus: In Bund und Ländern bestehe dringender Handlungsbedarf, um ein 
funktionierendes Schutz- und Unterstützungssystem für Betroffene zu schaffen .
Im Abkommen heißt es: Gewaltopfer sollen Tätern nicht mehr begegnen müssen. Um das zu erreichen, könnten 
Behörden beispielsweise ein Annäherungsverbot erlassen doch das kollidiert in Deutschland mit dem 
Familienrecht, wenn Opfer und Täter sich das Sorgerecht für ein Kind teilen oder der Täter ein Umgangsrecht mit 
dem Kind hat. Das ist ein Widerspruch. Wir haben Fälle, in denen Behörden die Gewalt gegen eine Mutter 
anerkennen und ein Annäherungsverbot für den Täter verhängt haben beim Sorge- oder Umgangsrecht wird das 
aber nicht ausreichend berücksichtigt , sagt die Traumatherapeutin Schuster. Wäre die Istanbul-Konvention 
konsequent umgesetzt, wäre dieses Dilemma nicht mehr so groß. Die beteiligten Behörden müssten dann 
vermutlich stärker gemeinsam agieren und klarere Entscheidungen treffen, die den Opferschutz und das 
Kindeswohl berücksichtigen. 
 Probleme beginnen beim Begriff Täter 
Als der Berliner Senat im Herbst 2023 einen Landesaktionsplan zur Umsetzung der Istanbul-Konvention 
veröffentlichte, bekannte er sich dazu, Täter stärker in die Verantwortung zu nehmen. Sie sollten zum Beispiel 
therapeutisch an sich arbeiten müssen. Bisher, bemängeln Fachleute, wird in Deutschland eher den Opfern ihr 
Verhalten zum Vorwurf gemacht.
Ämter würden es kritisch sehen, wenn eine Frau sich nicht sofort von einem gewalttätigen Mann trenne, beobachtet 
Claudia Cohn, Geschäftsführerin des Vereins Bora. Dabei gibt es viele Gründe für das Zögern der Frauen: Angst 
vor dem Täter, emotionale Abhängigkeit, die nicht enden wollende Hoffnung auf einen echten Vater für das 
gemeinsame Kind.
Auch für die Behörden ist die Abwägung kompliziert. Was, wenn ein Mann seiner Ex-Partnerin gegenüber 
gewalttätig ist, nicht aber dem Kind gegenüber? Hat das Kind dann ein Recht auf seinen Vater? Was macht es mit 
der Mutter, wenn sie gezwungen ist, den Täter ständig zu sehen, bei Übergaben und was mit dem Kind, wenn die 
Mutter massiv darunter leidet? Die Probleme beginnen bereits beim Begriff Täter : Als solcher gilt erst, wer 
rechtskräftig verurteilt ist. Bis das geschieht, kann es dauern, schließlich gibt es für häusliche Gewalt oft keine 
eindeutigen Beweise. In der Zwischenzeit müssen Entscheidungen getroffen werden, für die Frau und das Kind.
Bora-Geschäftsführerin Cohn wünscht sich, dass schneller und konsequenter gehandelt wird, dem gewalttätigen 
Elternteil das Aufenthaltsbestimmungsrecht entzogen, das Umgangsrecht ausgesetzt wird. Das Credo der Istanbul-
Konvention: Gewaltopfer und Kinder, die die Gewalt miterleben mussten, sollen keinen Kontakt zum Täter haben 
müssen. In vielen Fällen machen die Behörden das nicht , sagt Cohn.
So leben Gewaltopfer im Schwebezustand und unter Druck, sich richtig verhalten zu müssen. Gefühle zu 
zeigen, auszuticken, zu weinen und zu schreien das ist für die Ämter immer falsch , sagt Cohn. Es könnte als 
Zeichen psychischer Labilität gewertet werden und das Jugendamt misstrauisch machen. Was dann? Kühl und 
Sieben Jahre Hölle Der Schutz von Frauen vor gewalttätigen Männern in Deutschland ist mangelhaft, weil 
Behörden und Politik zögern. Mütter sind auch noch nach d....
kontrolliert bleiben, wenn der Partner vor der Tür steht, um das Kind abzuholen? Würde das nicht darauf hindeuten, 
dass alles gar nicht so schlimm war? Der Fokus ist falsch , sagt Cohn. Die gewaltausübende Person muss in den 
Fokus, nicht das Opfer. 
Zusätzlich sorge das Schamgefühl vieler Frauen dafür, dass sie im Hilfesystem gar nicht ankommen. 
Akademikerinnen würden es meiden, sich an Sozialarbeiter zu wenden. Doch selbst diejenigen, die Hilfe suchen, 
finden nicht immer einen Platz.
Der Verein Frauenhauskoordinierung schätzt, dass im Jahr 2023 bundesweit mehr als 14.000 Frauen mit 16.000 
Kindern Schutz in einem Frauenhaus gefunden haben. Rund 400 dieser Einrichtungen mit insgesamt 7700 Plätzen 
gibt es in Deutschland nach der Istanbul-Konvention müssten es jedoch 21.000 Plätze sein, denn Deutschland hat 
sich dazu verpflichtet, ausreichend Schutzräume zu schaffen.
 Derzeit fehlen etwa 13.000 Frauenhausplätze in Deutschland , bestätigt Juliane Fiegler, Sprecherin des Vereins 
Frauenhauskoordinierung. Eine Onlinekarte zur Frauenhaus-Suche belegt: Die meisten Einrichtungen sind 
ausgelastet und müssen hilfesuchende Frauen abweisen. Ende 2024 verabschiedete die Ärztekammer Berlin eine 
Resolution, in der sie die hohe Zahl an Gewalttaten gegen Frauen als ebenso alarmierend wie vermeidbar 
beschreibt wenn es nur eine bessere Koordination und klare Zuständigkeiten bei den Berliner Behörden sowie 
ausreichend Schutzräume für gewaltbetroffene Frauen gäbe.
Wie weit Anspruch und Wirklichkeit auseinanderklaffen, zeigen Aussagen der gerade abgetretenen 
Familienministerin Paus. Deutschland hat ein Gewaltproblem , sagte sie noch im April. Wir müssen alles tun, um 
Femizide und Gewalt gegen Frauen zu verhindern. Doch dabei lässt man sich Zeit. So verabschiedeten Bundestag 
und Bundesrat kürzlich ein Gewalthilfegesetz und verankerten darin einen Rechtsanspruch für gewaltbetroffene 
Frauen und Mädchen auf Hilfe. Ab dem Jahr 2032.
Auch Elena hofft auf einen Platz im Frauenhaus, sollte sie Matei in Zukunft nicht aus dem Weg gehen können. Ich 
habe riesige Angst davor, ihm wieder zu begegnen , sagt sie. Bei jedem Gang zur Kita blicke sie sich um, ob er an 
einer Ecke auf sie warte.
Das Umgangsrecht wurde Matei kürzlich entzogen, er darf sein Kind momentan nicht sehen. Doch weil das 
Sorgerecht weiter geteilt bleibt, lebt Elena in ständiger Sorge, dass sich daran wieder etwas ändern könnte. Denn 
ihr Ex-Partner lässt nicht locker."
2025-05,Main Corpus,2025-05(50).ZIP,So läuft es derzeit in der ZUE in Orsoy Die Bezirksregierung Düsseldorf hatte wieder zu einer Bürger.PDF,C:\PythonProjects\AfD-project\Corpora\Main Corpus\2025-05\raw_unarchive\So läuft es derzeit in der ZUE in Orsoy Die Bezirksregierung Düsseldorf hatte wieder zu einer Bürger.PDF,So läuft es derzeit in der ZUE in Orsoy Die Bezirksregierung Düsseldorf hatte wieder zu einer,so läuft es derzeit in der zue in orsoy die bezirksregierung düsseldorf hatte wieder zu einer,Rheinische Post,rheinische post,Samstag 31. Mai 2025,Uwe Plien,S. 26,727,4970,44d87d317a9f5842c8bd92d27ce6bc78ae041d01,,unique,keep,,no,,no,,,5893,no,,,,,"Uwe Plien
Orsoy In der Zentralen Unterbringungs-Einrichtung (ZUE) im alten Orsoyer Marienhospital hat es eine Veränderung 
gegeben. Seit Februar wird das Haus in der Trägerschaft der Bezirksregierung Düsseldorf von Olfa Borghol 
geleitet. Die 36-Jährige, die selbst noch im Orsoyer Krankenhaus geboren wurde, stellte sich den Orsoyern in der 
Bürgersprechstunde vor, zu der die Bezirksregierung wieder in die Orsoyer Kirche eingeladen hatte.
Rund 30 Frauen und Männer waren diesmal gekommen, um zu erfahren, was sich in der Flüchtlingseinrichtung 
getan hat. Neben Olfa Borghol moderierte Birgit Langshausen, zuständige Dezernentin der Bezirksregierung, die 
Sitzung. Die Polizei war mit dem Leiter der Kamp-Lintforter Wache, Ulrich Hoppmann, und Bezirksdienstpolizist 
Marcus Goebels gekommen, Bürgermeister Dietmar Heyde und Beigeordneter Stephan Pfeffer sprachen für die 
Stadtverwaltung.
Syrer, Türken, Afghanen, Iraker und Iraner – das seien momentan die am stärksten vertretenen Nationalitäten im 
Haus, sagte Birgit Langshausen. 325 Bewohnerinnen und Bewohner gibt es aktuell, davon 197 alleinreisende 
Männer und 34 alleinreisende Frauen, 48 Eltern sowie 45 Kinder – 24 im Alter von null bis sechs, elf von sieben bis 
elf und zehn von zwölf bis 17 Jahren. Die meisten Einzelpersonen werden, so wurde gesagt, nach durchschnittlich 
einem Jahr, Familien nach drei bis vier Monaten in kommunale Einrichtungen in NRW vermittelt.
Wie bei jeder Bürgersprechstunde gab es Stimmen, die sich offen über die Flüchtlinge und deren Verhalten 
beschweren, und solche, die um Verständnis für die Menschen werben, die oftmals von Krieg und Flucht 
traumatisiert sind. Sie machten Dreck, spuckten auf Gehwege und Straßen und seien nicht immer freundlich, wurde 

So läuft es derzeit in der ZUE in Orsoy Die Bezirksregierung Düsseldorf hatte wieder zu einer 
Bürgersprechstunde zur Situation in der Orsoyer ZUE eingeladen. Es....
gesagt. Wenn man sie vernünftig anspreche, könne man mit ihnen klarkommen, lautete die Gegenmeinung über 
die Flüchtlinge.
Polizeiwachleiter Ulrich Hoppmann konnte den geäußerten Verdacht, die Flüchtlinge steigerten die Kriminalitätsrate 
in Orsoy, nicht bestätigen. Es stimme, dass ein Mann, der kürzlich in der Rheinberger Innenstadt mit einem Messer 
herumgefuchtelt hatte, aus der ZUE stammte. Aber das sei keine Orsoy-spezifische Auffälligkeit und natürlich 
bekomme der Mann seine Strafe. Einen Tatverdächtigen, der für einen Großteil der Autoaufbrüche im Ort in letzter 
Zeit verantwortlich sein soll, habe man geschnappt. Niemand aus der ZUE – das sagte Hoppmann ganz deutlich.
Breiten Raum nahm eine Debatte darüber ein, ob und wie man zumindest einige der Bewohner in Arbeit bringen 
könne. Gemeinnützige Arbeit könnten sie doch durchaus verrichten, hieß es. Grundsätzlich ja, doch sei das wegen 
verschiedener Auflagen nicht so ganz einfach umzusetzen. Stephan Pfeffer, seit kurzem Leiter des 
Dienstleistungsbetriebs der Stadt (DLB), bot an, alles zu versuchen, ZUE-Bewohner aufzunehmen, wenn die 
Rahmenbedingungen passten. Vor allem müssten die Leute der deutschen Sprache mächtig sein. Damit diese 
Voraussetzung gegeben ist, werden den Bewohnern in der ZUE unter anderem Deutschkurse angeboten.
Enttäuscht wurde die in einer der letzten Bürgersprechstunden genährte Hoffnung, dass die Stadt vom Land für 
Orsoy Extra-Geld bekommen könne, um wegen der 300 bis 400 zusätzlichen Menschen im Ortsteil in die 
Infrastruktur investieren zu können. In zusätzliche Sitzbänke beispielsweise. „Wir haben alles geprüft, aber es 
stehen leider keine Mittel dafür bereit, tut mir leid“, so Dezernentin Langshausen.
Zwei Punkte, die manchen Orsoyern Sorgen bereiten, ist die Nähe zum Rhein und das Fahrradfahren. Auch wenn 
die ZUE viel dafür tue und die DLRG-Gruppe Orsoy regelmäßig informiere, bestehe immer die Angst, dass 
Flüchtlinge im Rhein schwimmen gehen könnten, was lebensgefährlich ist. Und wenn sie auf Orsoyer Straßen 
Radfahren übten und dabei Autos beschädigten, gehe das meist schlecht für die Eigentümer der Wagen aus. Denn 
solche Schäden sind nicht versichert.
Ein Sommerfest inder ZUE am 5. Juli
Termine Rund um die Herbstferien soll es die nächste Bürgersprechstunde zur ZUE in Orsoy geben. Am Samstag, 
5. Juli, von 14 bis 17 Uhr, findet zum zweiten Mal ein Sommerfest mit Programm in der Einrichtung statt mit dem 
Ziel, dass sich Bürgerinnen und Bürger und Bewohnerinnen und Bewohner kennen lernen können.
Kontakt Der Betreuungsdienst in der ZUE ist bei Fragen, Kritik und Anregungen rund um die Uhr erreichbar unter 
der Nummer 0160 92307298 oder per Mail unter orsoy-umfeld@eu-homecare.com
So läuft es derzeit in der ZUE in Orsoy Die Bezirksregierung Düsseldorf hatte wieder zu einer 
Bürgersprechstunde zur Situation in der Orsoyer ZUE eingeladen. Es....
Link to PDF
Graphic
 
Beim ersten Sommerfest in der ZUE im vergangenen Jahr führten einige Bewohner Tänze aus ihren Heimatländern 
auf. Archiv-Foto: Olaf ostermann"
2025-05,Main Corpus,2025-05(50).ZIP,Stabile Lage bei Flüchtlingsunterbringung Aktuell hat die Stadt ausreichend Platz für geflüchtete Me.PDF,C:\PythonProjects\AfD-project\Corpora\Main Corpus\2025-05\raw_unarchive\Stabile Lage bei Flüchtlingsunterbringung Aktuell hat die Stadt ausreichend Platz für geflüchtete Me.PDF,Stabile Lage bei Flüchtlingsunterbringung; Aktuell hat die Stadt ausreichend Platz für geflüchtete Menschen.,stabile lage bei flüchtlingsunterbringung aktuell hat die stadt ausreichend platz für geflüchtete menschen,Rheinische Post,rheinische post,Donnerstag 15. Mai 2025,Uli Rentzsch,S. 18,694,5103,4699ba6878fa304b9223bfccac9078a83a9b8dee,,unique,keep,,no,,no,,,6155,no,,,,,"Uli Rentzsch
Nettetal Die Unterbringung für geflüchtete Menschen ist in Nettetal gesichert, die Stadt liegt sehr gut im Soll. Diese 
erfreuliche Nachricht teilte der Erste Beigeordnete der Stadt, Andreas Rudolph, auf Nachfrage mit. Aber das Thema 
bleibt aktuell, schon deshalb, weil eine zuverlässige, die Zukunft betreffende Prognose nicht auf die Zahl genau 
realisierbar ist.
In den aktuell 28 Gemeinschaftsunterkünften besteht Raum für 753 Plätze, beginnend bei einer zweieinhalb 
Zimmerwohnung als kleinste Einheit bis hin zu den großen Gemeinschaftsunterkünften wie etwa an der 
Buschstraße in Kaldenkirchen. „Aktuell sind etwa 570 Plätze belegt“, erläuterte Rudolph, das entspreche einer 
Auslastung von 75 Prozent.
Die geflüchteten Menschen werden der Stadt von der Bezirksregierung Arnsberg zugewiesen. Immer noch gilt eine 
Aufnahmeverpflichtung. Nach der sogenannten Wohnsitzauflage, nämlich der Verpflichtung, anerkannte Flüchtlinge 
aufzunehmen, verzeichnet Nettetal eine Übererfüllung - zumindest aktuell, wie Rudolph bestätigte. Laut der 
aktuellen Prognose kommen jeden Monat 20 Personen nach Nettetal und brauchen einen Platz in einer 
Gemeinschaftsunterkunft. Laut der aktuellen Prognose ziehen monatlich aber ebenso viele Flüchtlinge aus den 
Gemeinschaftsunterkünften aus. Das habe vornehmlich mit den Auszügen ukrainischer Familien zu tun. Die 
Gründe dafür liegen einerseits in einer Rückkehr in die Ukraine, meist um Angehörige zu beerdigen, andererseits in 
der Perspektive, hier vor Ort Arbeit zu finden und Fuß zu fassen. Daher ist die Lage zur Zeit erfreulich stabil.
Im Dezember 2024 lag die Auslastung der belegbaren Plätze noch zwischen 83 und 85 Prozent. Eine kritische 
Grenze, wie der Erste Beigeordnete im Sozialausschuss berichtet hatte. Man könne, gab er zu bedenken, die 

Stabile Lage bei Flüchtlingsunterbringung; Aktuell hat die Stadt ausreichend Platz für geflüchtete Menschen. 
Das ist erfreulich. Allerdings verlassen zunehmend ....
geflüchteten Menschen nicht wahllos verteilen: Familien, allein reisende junge Männer, Fluchtgemeinschaften, 
soziale Gründe. So bleibt rein rechnerisch zwar ein 15-prozentiger Leerstand in den Unterkünften, dieser lässt sich 
aber praktisch nicht belegen. „Und man muss bedenken“, so Rudolph, „dass wir diese Auszüge nicht beeinflussen 
können.“
Er hat auch noch eine gute Nachricht für den Vereins- und Schulsport: Die Sporthalle an der Süchtelner Straße in 
Lobberich wurde länger als Unterkunft für geflüchtete Menschen benutzt. Sie kann, wenn alle Arbeiten ohne 
größere Verzögerungen erledigt werden, nach den Sommerferien wieder genutzt werden.„Das Ziel der Stadt 
Nettetal war immer, die Halle möglichst schnell wieder freizugeben“, erklärte Rudolph. Das ist zum 31. März 
geschehen. Inzwischen hat der städtische Nettebetrieb mit den notwendigen Arbeiten begonnen, aktuell wird der 
Hallenboden saniert.
Die Halle an der Süchtelner Straße gilt als sogenannte Notunterkunft, konzipiert für 100 Personen, zuletzt 
ausgelastet zu 85 Prozent. Den Standard, den das Nettetaler Flüchtlingskonzept vorsieht, kann man in einer 
Notunterkunft nicht erfüllen. Gemeint sind der integrative Aspekt, die Sprache erlernen, die Selbstversorgung oder 
der strukturierte Tagesablauf. In einer Sporthalle sei das schwierig, die Unverletztlichkeit einer Wohnung aber 
definitiv ein hohes Gut, das müsse man den Menschen zugestehen. Untergebracht wurden die geflüchteten 
Menschen aus der Sporthalle beispielsweise in den Unterkünften an der Buschstraße in Kaldenkirchen oder auch in 
Hampoel in Leuth. Übrigens: Die Wohncontainer auf dem ehemaligen Schulhof der Lobbericher Hauptschule 
bleiben bestehen.
Lara Lutz, die den Bereich Senioren, Wohnen und Soziales leitet, nennt die aktuellen Zahlen: In den Unterkünften 
sind insgesamt 193 Personen aus der Ukraine untergebracht, das entspreche einem Anteil von 34,3 Prozent. Aus 
Syrien kamen 100 Personen (17,8 Prozent), aus dem Irak und Afghanistan jeweils 43 Personen (7,6 Prozent) und 
aus der Türkei 28 Personen (fünf Prozent). „Rund 73 Prozent der geflüchteten Menschen stammen aus diesen fünf 
Herkunftsländern“, sagte Lara Lutz.
Zahlen und Fakten zur Situation
Anteil In Nettetal sind insgesamt 1895 geflüchtete Personen wohnhaft. Das entspricht einem Anteil von 4,3 Prozent 
an der Gesamtbevölkerung in Nettetal.
Job Aktuell sucht die Stadt Nettetal einen Fachkraft für die soziale Betreuung von Menschen mit Fluchthintergrund. 
Weitere Informationen findet man im Karriereportal der Stadt Nettetal.
Auskunft Jeweils aktuelle Daten zur Unterbringung von Asylbewerbern finden sich ebenfalls auf der Internetseite 
der Stadt Nettetal: Startseite > Leben in Nettetal > Soziales > Migration und Integration > Unterbringung von 
Asylbewerbern.
Stabile Lage bei Flüchtlingsunterbringung; Aktuell hat die Stadt ausreichend Platz für geflüchtete Menschen. 
Das ist erfreulich. Allerdings verlassen zunehmend ....
Link to PDF
Graphic
 
Die Lobbericher Sporthalle an der Süchtelner Straße soll nach den Sommerferien wieder für den Schul- und 
Vereinssport nutzbar sein. Foto: Uli Rentzsch"
2025-05,Main Corpus,2025-05(50).ZIP,"Stadt lehnt Flüchtlingskarte vorerst ab Am Montag kommt um 17 Uhr der Ausschuss für Soziales, Ordnun.PDF","C:\PythonProjects\AfD-project\Corpora\Main Corpus\2025-05\raw_unarchive\Stadt lehnt Flüchtlingskarte vorerst ab Am Montag kommt um 17 Uhr der Ausschuss für Soziales, Ordnun.PDF","Stadt lehnt Flüchtlingskarte vorerst ab Am Montag kommt um 17 Uhr der Ausschuss für Soziales, Ordnung und",stadt lehnt flüchtlingskarte vorerst ab am montag kommt um 17 uhr der ausschuss für soziales ordnung und,Rheinische Post,rheinische post,Montag 5. Mai 2025,Ina Bodenröder,S. 17,672,5065,4bb4f1933e2659569409e8588d4f563a18e02822,,unique,keep,,no,,no,,,6427,no,,,,,"Ina Bodenröder
Leichlingen Es gibt Fragen zur Bezahlkarte für Flüchtlinge, die kann nicht mal das Land NRW beantworten – 
obwohl es bereits Anfang des Jahres mit der Einführung begonnen hat. Auch deshalb empfiehlt die 
Stadtverwaltung, aktuell abzuwarten, bis mehr Licht ins Dunkel kommt. Die Politik muss nun beraten, wie sie mit 
dem Thema umgeht.
Die „Bezahlkarte für die Gewährung von Leistungen nach dem Asylbewerberleistungsgesetz“ wurde bereits 2023 
auf Bundesebene vereinbart. Doch der Umsetzungsprozess gestaltet sich offenbar behäbig. Allein in NRW müssen 
396 Kommunen und fünf Bezirksregierungen als Leistungsbehörden nach dem Asylbewerberleistungesetz 
(AsylbLG) entscheiden, ob sie Leistungen als Geld- oder Sachleistungen, Wertgutscheinen oder über die 
Bezahlkarte gewähren.
Die Bezahlkartenverordnung NRW sieht vor, dass leistungsberechtigte Personen, die den Kommunen seit 1. 
Januar 2025 zugewiesen werden, Mittel über die Bezahlkarte beziehen. Seit März sollte sie Standard sein. 
Allerdings gibt es eine „Opt-Out-Regelung“, die es den Städten erlaubt, von dieser Vorschrift abzuweichen. Das 
müsste der Rat dann beschließen.
Mitte Januar hatte die Stadtverwaltung an einer Informationsveranstaltung des Flucht- und Integrationsministeriums 
NRW teilgenommen, tauscht sich seither mit anderen Kommunen aus. „Eine flächendeckende Einführung ist nach 
bereits erfolgten Meldungen aus anderen Kommunen, einem Anschreiben des Städte- und Gemeindebunds NRW 
an das Ministerium und auch einem regionalen Austausch der Kommunen im Rheinisch-Bergischen Kreis aktuell 
nicht zu erwarten“, heißt es in der Beratungsvorlage des Sozialausschusses.

Stadt lehnt Flüchtlingskarte vorerst ab Am Montag kommt um 17 Uhr der Ausschuss für Soziales, Ordnung und 
bürgerschaftliche Beteiligung zusammen. Diskutiert wir....
Bei der Bezahlkarte handelt es sich um eine Visa-Karte, die nur vom Sozialamt aufgeladen werden kann. 
Zahlungen können mit der Karte, einem Smartphone oder online ausgeführt werden. Daueraufträge sind nicht 
möglich, Auslandszahlungen und PayPal sind gesperrt. Nach dem „Whitelist“-Verfahren muss das Sozialamt die 
jeweilige Iban vor einer Zahlung genehmigen und freischalten. Bis zu 50 Euro Bargeld können monatlich 
abgehoben werden.
Die Stadtverwaltung listet verschiedene Argumente für und gegen die Bezahlkarte auf: Auslandszahlungen sollen 
durch die eingeschränkten Überweisungsfunktionen der Karte gestoppt und so auch Zahlungen an Schlepper 
verhindert werden. Bargeld, so ein weiteres Pro-Argument, sei ein Anreiz für irreguläre Migration und locke 
Geflüchtete speziell nach Deutschland. Und: Durch die bargeldlose Aufladung der Bezahlkarte solle der 
Verwaltungs- und Personalaufwand verringert werden.
Gegenargumente: Die Zahl der Zahlungen von Asylbewerbern ins Ausland ist unklar, weil es keine stichhaltigen 
Zahlen darüber gibt. Schlepper ließen sich im Voraus bezahlen. Es ändere sich nichts an der Leistungshöhe, 
sodass Deutschland ein beliebtes Fluchtziel bleibe. Die Bargeldgrenze der Karte werde bereits einfach umgangen – 
durch Bargeldabhebungen beim Discounter als Teil des Einkaufs.
Für Leichlingen hebt die Verwaltung hervor: Bereits etablierte bargeldlose Systeme wie Überweisungen auf 
Basiskonten und Schecks funktionieren unkompliziert. „Ein Großteil der in Leichlingen zugewiesenen Asylbewerber 
verfügt bereits über ein Girokonto einer Bank, sodass eine Umstellung das bisher gut funktionierende 
Zahlungssystem sogar konterkarieren würde“. Menschen aus der Ukraine bekommen ohnehin keine Bezahlkarte. 
Insgesamt stiege der Verwaltungsaufwand enorm, weil Bargeldgrenzen geprüft und genehmigt werden und 
Überweisungen von Sozialamt für jeden einzelnen Fall geprüft, genehmigt und dokumentiert/gepflegt werden 
müssten.
Besitzt ein Geflüchteter kein Smartphone oder einen PC, wird es noch komplizierter, weil die Stadt dann für einen 
Zugang sorgen muss. Der Aufwand für die Kostenerstattung mit dem Land dürfte steigen, da die Kommunen in 
Vorleistung gehen müssen. „Fraglich ist, ob der Aufwand und die daraus resultierenden zusätzlichen 
Personalkosten die Wirkung der Maßnahme rechtfertigen“, sagt die Stadt. Und dann noch das: Das Hamburger 
Sozialgericht sagt, dass die Beschränkung auf 50 Euro Bargeld pro Monat nicht rechtmäßig sei.
Wenig Antworten vom Land
Das NRW-Ministerium für Flucht und Integration hatte am 7. Februar einen Fragen- und Antwortenkatalog zur 
Verfügung gestellt. Die Stadt sagt, dass „das Ministerium selbst Fragestellungen der einzelnen Kommunen nicht 
vollumfänglich beantworten konnte, sodass die Umsetzung der Einführung der Bezahlkarte nach heutigem Stand in 
ihrer Effizienz angezweifelt werden darf und eine abwartende Haltung unserer Kommune bekräftigt“.
Stadt lehnt Flüchtlingskarte vorerst ab Am Montag kommt um 17 Uhr der Ausschuss für Soziales, Ordnung und 
bürgerschaftliche Beteiligung zusammen. Diskutiert wir....
Link to PDF
Graphic
 
Die Leichlinger Stadtverwaltung rät der Politik, die Einführung der Bezahlkarte für Flüchtlinge abzuwarten. Foto: 
Tittel/dpa"
2025-05,Main Corpus,2025-05(50).ZIP,Studie wirft Regierung falschen Asylkurs vor(2).PDF,C:\PythonProjects\AfD-project\Corpora\Main Corpus\2025-05\raw_unarchive\Studie wirft Regierung falschen Asylkurs vor(2).PDF,Studie wirft Regierung falschen Asylkurs vor,studie wirft regierung falschen asylkurs vor,Frankfurter Rundschau,frankfurter rundschau,Dienstag 20. Mai 2025,,POLITIK; S. 5,483,3752,d9adbf40923080e45bc348cee1789c7ae2c7201b,exact_004,duplicate_exact,review,,no,,no,,,4807,no,,exact_004,,,"Friedrich Merz will die deutsche Asyl- und Migrationspolitik grundlegend verändern – das kündigte der neue 
Bundeskanzler im Wahlkampf bei nahezu jeder Gelegenheit an. Schärfere Grenzkontrollen, schnellere 
Abschiebungen, insgesamt weniger Migration in die Bundesrepublik – und das ab Tag eins, wie die Union mehrfach 
klarmachte. Die Ankündigungen stoßen bei vielen Deutschen auf offene Ohren – jedoch gehen sie an einer 
realistischen Asyl- und Migrationspolitik vorbei. Diesen Vorwurf formulierten am Montag Wissenschaftlerinnen und 
Wissenschaftler bei der Vorstellung des „Report Globale Flucht 2025“ in Berlin. Statt erfolgversprechende 
Maßnahmen zu stärken, könnte Schwarz-Rot genau dort das Geld streichen.
„Auf Deutschland konzentrierte Debatten waren und sind häufig aufgeheizt, orientieren sich aber wenig an Fakten 
und wissenschaftlichen Ergebnissen“, sagte Benjamin Etzold vom Bonn Internationsal Centre for Conflict Studies, 
bei der Vorstellung des Migrationsreports. „Die deutsche Flüchtlingspolitik wird den globalen Herausforderungen 
nicht gerecht“, führte er aus. 
Zu viele Alleingänge
Der Vorwurf: Deutschland setzt in der Flüchtlingspolitik zu sehr auf nationale Alleingänge, statt sich nüchtern mit 
den weltweiten Herausforderungen und daraus resultierenden Lösungswegen auseinanderzusetzen. Laut Etzold 
wird die „globale Dimension von Flucht und Vertreibung weitestgehend ignoriert“. „Diese nationale Engführung der 
Diskussion steht wirklichen Lösungen im Weg.“ 
Deutsche Politik solle aus ihrem „immer wieder erklärten Krisen- und Notfallmodus heraustreten“, so die Forderung. 
Die Debatte um Flucht und Migration müsse versachlicht und auf tatsächliche Herausforderungen konzentriert 
werden. „Einfache und symbolpolitische Maßnahmen, die auf Deutschland und seine Grenzen beschränkt sind, 
sind hierzu jedoch nicht geeignet“, so Etzolds Kritik.
Die internationale Zusammenarbeit müsse wieder mehr in den Fokus gerückt und der Fokus auf die 
Fluchtursachenbekämpfung gelegt werden. Konkret: Es geht darum, die Lebensumstände der Menschen vor Ort zu 
verbessern, um Gründe für die Flucht zu verhindern. Nur so könne Deutschland irregulärer Migration vorbeugen.
Regierung will kürzen

Studie wirft Regierung falschen Asylkurs vor
Der Koalitionsvertrag zwischen Union und SPD kündigt Kürzungen der Gelder für Entwicklungsleistungen an. Für 
die Forschenden klarer Grund zur Kritik am migrationspolitischen Weg von Schwarz-Rot: „Wir sehen, dass im 
aktuellen Koalitionsvertrag Evidenz fehlt.“ Die Wissenschaftler:innen wollen die neue Entwicklungsministerin Alabali 
Radovan nun beim Wort nehmen, die Fluchtursachenbekämpfung als einen der zentralen Punkte in der künftigen 
Entwicklungszusammenarbeit zu bestimmen. 
Etzold lobte, dass im Entwicklungsministerium und im Auswärtigen Amt genügend Fachleute die Probleme richtig 
benennen würden. Kanzler Friedrich Merz sei deshalb „letztlich nur anzuraten, auf die sehr kompetenten Stimmen 
innerhalb seiner Regierung zu hören“, so Etzold.
Unterdessen kritisierte die Gewerkschaft der Polizei (GdP), dass die in der vergangenen Woche verschärften 
Kontrollen und Zurückweisungen von Asylsuchenden an der deutschen Grenze personell nicht lange durchzuhalten 
seien. Dass sie bald zurückgefahren werden, ist jedoch laut Bundesinnenministerium nicht zu erwarten. 
Aktuell seien die Vorgaben nur zu schaffen, „weil Dienstpläne umgestellt wurden, die Fortbildungen der Einheiten 
aktuell auf Eis liegen und derzeit der Abbau von Überstunden gestoppt ist“, sagte der Vorsitzende der 
Bundespolizei in der GdP, Andreas Roßkopf, den Zeitungen der Funke Mediengruppe. „Klar ist: Die intensiven 
Kontrollen kann die Polizei nur noch einige Wochen aufrechterhalten.“
Link zum PDF-Dokument"
2025-05,Main Corpus,2025-05(50).ZIP,Studie wirft Regierung falschen Asylkurs vor.PDF,C:\PythonProjects\AfD-project\Corpora\Main Corpus\2025-05\raw_unarchive\Studie wirft Regierung falschen Asylkurs vor.PDF,Studie wirft Regierung falschen Asylkurs vor,studie wirft regierung falschen asylkurs vor,Frankfurter Rundschau,frankfurter rundschau,Dienstag 20. Mai 2025,,POLITIK; S. 5,483,3752,d9adbf40923080e45bc348cee1789c7ae2c7201b,exact_004,duplicate_exact,review,,no,,no,,,4808,no,,exact_004,,,"Friedrich Merz will die deutsche Asyl- und Migrationspolitik grundlegend verändern – das kündigte der neue 
Bundeskanzler im Wahlkampf bei nahezu jeder Gelegenheit an. Schärfere Grenzkontrollen, schnellere 
Abschiebungen, insgesamt weniger Migration in die Bundesrepublik – und das ab Tag eins, wie die Union mehrfach 
klarmachte. Die Ankündigungen stoßen bei vielen Deutschen auf offene Ohren – jedoch gehen sie an einer 
realistischen Asyl- und Migrationspolitik vorbei. Diesen Vorwurf formulierten am Montag Wissenschaftlerinnen und 
Wissenschaftler bei der Vorstellung des „Report Globale Flucht 2025“ in Berlin. Statt erfolgversprechende 
Maßnahmen zu stärken, könnte Schwarz-Rot genau dort das Geld streichen.
„Auf Deutschland konzentrierte Debatten waren und sind häufig aufgeheizt, orientieren sich aber wenig an Fakten 
und wissenschaftlichen Ergebnissen“, sagte Benjamin Etzold vom Bonn Internationsal Centre for Conflict Studies, 
bei der Vorstellung des Migrationsreports. „Die deutsche Flüchtlingspolitik wird den globalen Herausforderungen 
nicht gerecht“, führte er aus. 
Zu viele Alleingänge
Der Vorwurf: Deutschland setzt in der Flüchtlingspolitik zu sehr auf nationale Alleingänge, statt sich nüchtern mit 
den weltweiten Herausforderungen und daraus resultierenden Lösungswegen auseinanderzusetzen. Laut Etzold 
wird die „globale Dimension von Flucht und Vertreibung weitestgehend ignoriert“. „Diese nationale Engführung der 
Diskussion steht wirklichen Lösungen im Weg.“ 
Deutsche Politik solle aus ihrem „immer wieder erklärten Krisen- und Notfallmodus heraustreten“, so die Forderung. 
Die Debatte um Flucht und Migration müsse versachlicht und auf tatsächliche Herausforderungen konzentriert 
werden. „Einfache und symbolpolitische Maßnahmen, die auf Deutschland und seine Grenzen beschränkt sind, 
sind hierzu jedoch nicht geeignet“, so Etzolds Kritik.
Die internationale Zusammenarbeit müsse wieder mehr in den Fokus gerückt und der Fokus auf die 
Fluchtursachenbekämpfung gelegt werden. Konkret: Es geht darum, die Lebensumstände der Menschen vor Ort zu 
verbessern, um Gründe für die Flucht zu verhindern. Nur so könne Deutschland irregulärer Migration vorbeugen.
Regierung will kürzen

Studie wirft Regierung falschen Asylkurs vor
Der Koalitionsvertrag zwischen Union und SPD kündigt Kürzungen der Gelder für Entwicklungsleistungen an. Für 
die Forschenden klarer Grund zur Kritik am migrationspolitischen Weg von Schwarz-Rot: „Wir sehen, dass im 
aktuellen Koalitionsvertrag Evidenz fehlt.“ Die Wissenschaftler:innen wollen die neue Entwicklungsministerin Alabali 
Radovan nun beim Wort nehmen, die Fluchtursachenbekämpfung als einen der zentralen Punkte in der künftigen 
Entwicklungszusammenarbeit zu bestimmen. 
Etzold lobte, dass im Entwicklungsministerium und im Auswärtigen Amt genügend Fachleute die Probleme richtig 
benennen würden. Kanzler Friedrich Merz sei deshalb „letztlich nur anzuraten, auf die sehr kompetenten Stimmen 
innerhalb seiner Regierung zu hören“, so Etzold.
Unterdessen kritisierte die Gewerkschaft der Polizei (GdP), dass die in der vergangenen Woche verschärften 
Kontrollen und Zurückweisungen von Asylsuchenden an der deutschen Grenze personell nicht lange durchzuhalten 
seien. Dass sie bald zurückgefahren werden, ist jedoch laut Bundesinnenministerium nicht zu erwarten. 
Aktuell seien die Vorgaben nur zu schaffen, „weil Dienstpläne umgestellt wurden, die Fortbildungen der Einheiten 
aktuell auf Eis liegen und derzeit der Abbau von Überstunden gestoppt ist“, sagte der Vorsitzende der 
Bundespolizei in der GdP, Andreas Roßkopf, den Zeitungen der Funke Mediengruppe. „Klar ist: Die intensiven 
Kontrollen kann die Polizei nur noch einige Wochen aufrechterhalten.“
Link zum PDF-Dokument"
2025-05,Main Corpus,2025-05(50).ZIP,Stufen der Zurückweisung Ungesteuerte Zuwanderung überfordert jede Gesellschaft_ Das haben andere Lä.PDF,C:\PythonProjects\AfD-project\Corpora\Main Corpus\2025-05\raw_unarchive\Stufen der Zurückweisung Ungesteuerte Zuwanderung überfordert jede Gesellschaft_ Das haben andere Lä.PDF,Stufen der Zurückweisung Ungesteuerte Zuwanderung überfordert jede Gesellschaft: Das haben andere,stufen der zurückweisung ungesteuerte zuwanderung überfordert jede gesellschaft das haben andere,Die Welt,die welt,Montag 19. Mai 2025,Dorothea Siems,FORUM; LEITARTIKEL; S. 7; Ausg. 95,1005,7451,603cdb0d229f6c5fc2122743242e45fd7a9874ba,,unique,keep,,no,,no,,,9136,yes,commentary_noncore,,,,"Die Mehrheit der Deutschen wünscht eine Kehrtwende in der Migrationspolitik. Die unkontrollierte Zuwanderung ist 
seit 2015, als die damalige Bundeskanzlerin Angela Merkel entschied, die Grenzen in der Flüchtlingskrise 
offenzuhalten, ein Konjunkturprogramm für die AfD. Doch nicht nur die allzu großzügig gehandhabte Asylpolitik, 
sondern auch der beschleunigte Wandel der Gesellschaft, die zusehends bunter wird, empfinden viele 
Bundesbürger als belastend.
Das gilt häufig selbst für diejenigen, die Fachkräftezuwanderung für notwendig erachten. Die neue 
Bundesregierung hat eine Verschärfung der Asylpolitik angekündigt. Doch darüber hinaus braucht es eine ehrliche 
Debatte darüber, wie sich Deutschland als Einwanderungsland verändert und wie sich dieser Wandel besser als 
bisher managen und auch bremsen lässt. Die grassierende Furcht, im eigenen Land heimatlos zu werden, droht 
ansonsten die Gesellschaft immer mehr zu spalten. In Großbritannien hat die Labour-Regierung jetzt eine 
drastische Verschärfung ihrer Migrationspolitik beschlossen. Premierminister Keir Starmer will den Import billiger 
Arbeitskräfte beenden, nur noch Akademiker ins Land lassen und den Familiennachzug erschweren. Dass ein 
Linker, der früher offene Grenzen propagierte, die Kehrtwende ausruft, ist bemerkenswert.
Auch in Deutschland gibt es Bewegung. Mit Cem Özdemir hat jüngst sogar ein führender Grüner im FAZ -Interview 
eingeräumt, dass man unterschätzt habe, wie sehr Zuwanderung eine Zumutung ist für die, die schon da sind . 
Den ehemaligen Bundeslandwirtschaftsminister mit türkischen Wurzeln werden selbst die hartgesottenen 
Befürworter des Merkel-Kurses nicht als rechten Populisten diffamieren können. Zumal sein Hinweis auf die 
übermäßige Belastung des Wohnungsmarktes und der Schulen, die auf den starken Zustrom der Migranten in 
keiner Weise vorbereitet waren, nur zu berechtigt ist. Mit seiner grenzenlosen Willkommenspolitik hat sich 
Deutschland binnen eines Jahrzehnts in eine unhaltbare Situation gebracht.

Stufen der Zurückweisung Ungesteuerte Zuwanderung überfordert jede Gesellschaft: Das haben andere 
Länder längst verstanden. Die Japaner etwa arbeiten lieber län....
Lehrreich ist ein Blick über den Tellerrand. Bereist man verschiedene Länder, fällt auf, wie stark Migration eine 
Gesellschaft prägt und dass sie trotz der Globalisierung kein Naturgesetz ist. Japan altert wie Deutschland rasant 
und lässt dennoch kaum Zuwanderung zu. Der Ausländeranteil beträgt dort nur rund zwei Prozent. Dagegen sind 
hierzulande 30 Prozent der Bevölkerung zugewandert oder haben mindestens ein Elternteil, das aus dem Ausland 
stammt. In Japan erachtet man die in heutiger Zeit ungewöhnliche ethnische Homogenität als Stärke.
Zwar schwächt die schrumpfende Bevölkerung das Wirtschaftswachstum. Doch die rigide Migrationspolitik 
entspricht den Wünschen der japanischen Bürger, die sich im Alter lieber von einem Roboter als von einem 
Ausländer pflegen lassen wollen. Auch die verbreitete Arbeit im Rentenalter meist in einem deutlich weniger 
anspruchsvollen Job als dem einst erlernten wird lieber hingenommen als stattdessen immer mehr Fremde ins 
Land zu lassen. Die weltweit höchste Staatsverschuldung von 260 Prozent der wirtschaftlichen Jahresleistung zeigt 
indes, dass Japan bisher keine nachhaltige Antwort auf die demografisch bedingte Wachstumsschwäche gefunden 
hat.
Die Kanadier haben einen völlig anderen Weg gewählt. Seit vier Jahrzehnten wirbt das Land um qualifizierte 
Zuwanderer. In den Großstädten ist die Bevölkerung heute so bunt wie sonst nirgends auf der Welt. Wir lieben die 
Vielfalt lautet das Mantra, das von der Politik und der Gesellschaft gelebt wird. Zwar gibt es auch in Kanada 
Migranten, die trotz akademischer Ausbildung Taxi fahren. Und Diskriminierung kommt vor. Doch beim Vergleich 
mit dem Nachbarstaat USA oder mit Deutschland und Frankreich zeigt das kanadische Modell, dass eine kluge 
Steuerung der Migration nicht nur möglich, sondern auch nötig ist, um dem Thema die politische Sprengkraft zu 
nehmen.
Immer wieder sind in den vergangenen Jahren deutsche Regierungsdelegationen nach Ottawa gepilgert, um sich 
die Vorzüge des kanadischen Systems erläutern zu lassen. Doch gefruchtet hat das bisher nicht. Die wichtigsten 
Regeln des bewunderten Zuwanderungslandes hat bisher noch keine Bundesregierung übernommen. So lässt 
Kanada nur Migranten ins Land, die man zuvor überprüft und für passend befunden hat. Das gilt nicht nur für 
Arbeitsmigranten, die einen Großteil der Zuwanderer ausmachen, sondern ebenso für die Flüchtlinge, die in weit 
geringerer Anzahl ins Land dürfen.
Die Kanadier steuern den Zustrom konsequent nach den Bedürfnissen des eigenen Arbeitsmarktes. Das 
Auswahlverfahren, das auf Qualifikation, Alter und Sprachkenntnissen basiert, wird stetig mit Blick auf 
Mangelberufe und regionale Engpässe angepasst. Während die jungen Fachkräfte gerne mit Partner und Kindern 
mit offenen Armen empfangen werden, sind die Kanadier hart gegenüber illegaler Einwanderung. Neben der 
strengen Auswahl ist eine vorbildliche Integrationspolitik der zweite Faktor, der für den Erfolg entscheidend ist. 
Anders als hierzulande ist das kanadische Schulsystem auf den stetigen Zustrom an Neuzugängen eingestellt. 
Jedes ankommende Kind erhält bei Bedarf umgehend intensive Sprachförderung, um rasch in einer Regelschule 
mithalten zu können. Auch am Arbeitsplatz und in den Gemeinden sind, meist ehrenamtlich, Integrationshelfer im 
Einsatz, die den Neulingen bei der Eingewöhnung zur Seite stehen und von vornherein jede Form der ethnischen 
Absonderung verhindern.
In Kanada empfindet die heimische Bevölkerung anders als in Deutschland die Veränderungen infolge der 
Migration nicht im gleichen Maße als belastend und gar bedrohlich. Das Miteinander funktioniert in dem 
nordamerikanischen Land, weil dort jeder die westlichen Werte von Freiheit und Demokratie akzeptieren muss, 
ebenso wie das Leistungsprinzip. Dieser gemeinsame Nenner mag einem Japaner zu klein erscheinen, doch für 
Deutschland wäre er ein großer Fortschritt. Zu japanischen Verhältnissen können wir nicht zurückkehren, weil der 
gesellschaftliche Wandel unumkehrbar ist auch wenn mancher Populist davon träumt. Doch von Kanada müssen 
wir lernen, wie man fleißige Talente anzieht und in die Gesellschaft integriert. In Deutschland gibt es zu viele 
Migranten, die im Sozialsystem landen selbst wenn dies meist gar nicht von vornherein ihr Ziel war.
Merkels fatale Weichenstellung zu korrigieren, wird eine der wichtigsten Aufgaben der neuen Bundesregierung 
sein. Angesichts der eklatanten Integrationsdefizite wird die angekündigte Asylwende aber nicht ausreichen, um 
Ruhe in das Migrationsthema zu bekommen. Auch bei der Zuwanderung von Arbeitskräften aus Nicht-EU-Staaten 
wurden die Hürden ähnlich wie vor einigen Jahren in Großbritannien immer weiter gesenkt. Doch die Wirtschaft 
Stufen der Zurückweisung Ungesteuerte Zuwanderung überfordert jede Gesellschaft: Das haben andere 
Länder längst verstanden. Die Japaner etwa arbeiten lieber län....
und vor allem der Staatshaushalt profitieren auf längere Sicht nur von qualifizierter Zuwanderung, nicht von 
Hilfskräften, die lediglich Handlangertätigkeiten erledigen. Und eine deutlich geringere Migration wäre auch 
gesellschaftlich verträglicher.
Merkels fatale Weichenstellung zu korrigieren, wird eine der wichtigsten Aufgaben
Original Gesamtseiten-PDF"
2025-05,Main Corpus,2025-05(50).ZIP,Tegel bleibt länger Die Unterkunft soll bis 2031 bestehen. Auch Ankunftszentrum ist geplant.PDF,C:\PythonProjects\AfD-project\Corpora\Main Corpus\2025-05\raw_unarchive\Tegel bleibt länger Die Unterkunft soll bis 2031 bestehen. Auch Ankunftszentrum ist geplant.PDF,Tegel bleibt länger Die Unterkunft soll bis 2031 bestehen. Auch Ankunftszentrum ist geplant,tegel bleibt länger die unterkunft soll bis 2031 bestehen auch ankunftszentrum ist geplant,"taz, die tageszeitung",taz die tageszeitung,Mittwoch 28. Mai 2025,,BERLIN AKTUELL; S. 22,194,1436,d381d9a5ee8fbaef4ca1d020ac8ec002dd668d21,,unique,keep,,no,,no,,,2278,no,,,,,"Teile des früheren Flughafengeländes in Tegel sollen bis Ende Mai 2031 und damit deutlich länger als geplant zur 
Unterbringung von Flüchtlingen genutzt werden.
Das hat der Senat bei seiner jüngsten Sitzung beschlossen. Wie die Senatsverwaltung für Arbeit, Soziales und 
Integration mitteilte, soll es aber deutlich weniger Plätze als bisher geben. Bislang war eine Nutzung von Gebäuden 
und Teilflächen bis Ende 2025 vorgesehen.
Außerdem soll auf dem Gelände des ehemaligen Flughafens im Nordwesten Berlins übergangsweise ein zentrales 
Ankunftszentrum für Asylsuchende und Geflüchtete Platz finden, teilte die Verwaltung von Sozialsenatorin Cansel 
Kiziltepe (SPD) mit. Ab dem kommenden Jahr sollen dort den Angaben zufolge alle in Berlin ankommenden 
geflüchteten und asylsuchenden Menschen registriert und vorübergehend untergebracht werden.
Geplant ist eine Kapazität von insgesamt 2.600 Plätzen. Zwischenzeitlich waren die Zahlen um ein Mehrfaches 
höher. Tegel war 2022 nach Beginn des russischen Angriffskriegs auf die Ukraine als Ankunftszentrum konzipiert 
worden.
Dort sollten die geflüchteten Menschen aus der Ukraine zunächst einige Tage dort bleiben, dann aber in andere 
Bundesländer weiterreisen oder anderswo in Berlin unterkommen.
Allerdings wurden schon bald Tausende Menschen dort untergebracht, unter anderem in sogenannten 
Leichtbauhallen. An der Massenunterkunft für Flüchtlinge gab es immer wieder Kritik. (dpa)"
2025-05,Main Corpus,2025-05(50).ZIP,Unterkunft Tegel.PDF,C:\PythonProjects\AfD-project\Corpora\Main Corpus\2025-05\raw_unarchive\Unterkunft Tegel.PDF,Unterkunft Tegel,unterkunft tegel,Der Tagesspiegel,der tagesspiegel,Mittwoch 14. Mai 2025,,TITEL BERLIN; S. B1,194,1371,de97d996bcae2eacedeee2d55d8d261482ddc60d,,unique,keep,,no,,no,,,1837,no,,,,,"Der Senat will Teile des früheren Flughafengeländes in Tegel deutlich länger als geplant nutzen. Dort sollen 
weiterhin Flüchtlinge untergebracht werden, allerdings in geringerem Umfang und erheblich kürzer als bisher. Über 
die Pläne hatte der Tagesspiegel bereits berichtet hatte. Die Taskforce zur Integration und Unterbringung von 
Geflüchteten hat sich bei ihrer jüngsten Sitzung am Dienstag darauf verständigt. Das erfuhr der Tagesspiegel aus 
Taskforce-Kreisen. Bislang war eine Nutzung von Gebäuden und Teilflächen bis Ende 2025 vorgesehen. Nun ist 
eine Verlängerung um weitere fünf Jahre geplant. Die Zahl der Plätze in der Geflüchtetenunterkunft, die bisher als 
die größte Deutschlands galt, soll auf 2600 reduziert werden. Vor allem aber Tegel künftig in erster Linie wieder 
Ankunftszentrum sein, so wie ursprünglich 2022 nach Beginn des russischen Angriffskriegs auf die Ukraine und der 
Ankunft der ersten ukrainischen Geflüchteten in Berlin. Auch für den Standort am ehemaligen Flughafen Tempelhof 
plant der Senat Änderungen. Dort sollen nach Wünschen der Taskforce zusätzlich zu den bestehenden Plätzen bis 
zu 1.100 weitere Plätze in Wohncontainern entstehen, die in Holzbauweise errichtet werden sollen. Zudem sollen 
dezentral in ganz Berlin 8.700 weitere Plätze in kleinen Unterkünften für Geflüchtete geschaffen werden. Anna 
Thewalt (mit dpa)
***"
2025-05,Main Corpus,2025-05(50).ZIP,Was bringt das  Chancen-Aufenthaltsrecht _ Die Ampel-Koalition gewährte rund 83.000 ausreisepflichti.PDF,C:\PythonProjects\AfD-project\Corpora\Main Corpus\2025-05\raw_unarchive\Was bringt das  Chancen-Aufenthaltsrecht _ Die Ampel-Koalition gewährte rund 83.000 ausreisepflichti.PDF,Was bringt das Chancen-Aufenthaltsrecht ? Die Ampel-Koalition gewährte rund 83.000 ausreisepflichtigen,was bringt das chancenaufenthaltsrecht  die ampelkoalition gewährte rund 83000 ausreisepflichtigen,Die Welt,die welt,Mittwoch 7. Mai 2025,Ricarda Breyton,Politik; S. 4; Ausg. 87,1088,7984,5b1bc4de3273222f97d559a2636a3648a0e6fcd3,,unique,keep,,no,,no,,,8934,no,,,,,"Manchmal geht es schnell mit den Abschiebungen. So wie bei dem ausreisepflichtigen Moldauer, den die 
Bundespolizei in Stralsund aufgriff. Am 23. April wurde er entdeckt, am 24. April saß er im Flieger Richtung Heimat, 
wie die Polizei mitteilte. Möglich wurde die Schnell-Ausreise nur, weil an dem Tag ohnehin ein Abschiebeflug nach 
Moldau ging. Ein Sonderfall.
Denn in der Regel kommt die Politik mit den Rückführungen gar nicht so schnell hinterher, wie Personen neu ins 
Land kommen. Während die Zahl der abgelehnten Asylbewerber über die Jahre auf einem hohen Niveau bleibt, 
gelingen Abschiebungen verhältnismäßig selten, auch weil oft Identitätspapiere fehlen. Viele abgelehnte 
Asylbewerber bleiben in Deutschland und führen über Jahre ein Dasein im gesellschaftlichen Graubereich. 
Allerdings sank die Zahl der Ausreisepflichtigen zuletzt trotzdem drastisch. Von 291.292 im Juni 2021 auf 226.882 
im Juni 2024. Schuld sind nicht etwa vermehrte freiwillige Ausreisen sondern ein Experiment, das die Ampel-
Koalition startete und das nun erste Ergebnisse zeigt.
2022 führten SPD, Grüne und FDP ein sogenanntes Chancen-Aufenthaltsrecht für einige Ausreisepflichtige ein. 
Wer bestimmte Kriterien erfüllte (Einreise vor dem 31. Oktober 2017, nicht erheblich straffällig), konnte ein 18-
monatiges Probeaufenthaltsrecht erhalten. In dieser Zeit sollte er sich ganz legal um noch fehlende 
Voraussetzungen für ein reguläres Bleiberecht bemühen können, also die Sicherung des Lebensunterhalts zum 
Beispiel oder die Klärung der Identität, ohne Sorge haben zu müssen, direkt abgeschoben zu werden. Der Staat 
ging gewissermaßen in Vorleistung: Statt darauf zu beharren, dass die Menschen ausreisen, sollten sie Zeit 
bekommen, sich um einen legalen Aufenthaltstitel zu bemühen. Man wolle die Unsicherheit für Menschen beenden, 
die schon Teil unserer Gesellschaft geworden sind , sagte Innenministerin Nancy Faeser (SPD). Nun zeigt sich: 
Aufgegangen ist diese Rechnung Stand jetzt nur zum Teil.

Was bringt das Chancen-Aufenthaltsrecht ? Die Ampel-Koalition gewährte rund 83.000 ausreisepflichtigen 
Migranten ein temporäres Bleiberecht. Es sollte ihnen Ze....
Zwar haben insgesamt bis Ende März 2025 83.273 Ausländer laut Innenministerium dieses Chancen-
Aufenthaltsrecht erhalten. Allerdings ist der Titel inzwischen bei rund 50.000 von ihnen abgelaufen. Rund 15.000 
schafften bislang den Sprung in ein reguläres Bleiberecht, bei vielen ist die Perspektive aktuell unklar. So teilte ein 
Sprecher des Innenministeriums auf WELT-Anfrage mit, dass bis Ende März 14.880 Personen aus dem Chancen-
Aufenthaltsrecht in ein Bleiberecht nach den Paragrafen 25a oder 25b des Aufenthaltsgesetzes gewechselt seien. 
Diese Titel sind die Einzigen, die Inhaber eines Chancen-Aufenthaltsrechts direkt offenstehen, wenn sie die 
Voraussetzungen erfüllen. Dazu gehört etwa die Sicherung des Lebensunterhalts, die Klärung der Identität oder 
Sprachkenntnisse.
5227 Personen fielen hingegen nach dem Chancen-Aufenthaltsrecht in eine Duldung zurück, weil sie die 
Voraussetzungen für ein reguläres Bleiberecht nicht erfüllten. 25.737 Personen befinden sich aktuell in einer Art 
Schwebezustand. Ende März hätten diese Migranten eine sogenannte Fiktionsbescheinigung innegehabt oder 
einen Antrag auf einen Aufenthaltstitel gestellt, sagt der Sprecher. Die Fiktionsbescheinigung erteilen 
Ausländerbehörden, wenn die Gültigkeit eines Titels abgelaufen ist, aber noch nicht über einen Folgetitel 
entschieden wurde.
Solange die Menschen eine Fiktionsbescheinigung haben, gelten einige Bedingungen des ursprünglichen 
Aufenthaltstitels fort. Für Ex-Inhaber des Chancen-Aufenthaltsrechts kann das zum Beispiel heißen: Sie bekommen 
bei Bedarf weiterhin Bürgergeld und nicht die niedrigeren Asylbewerberleistungen für Ausreisepflichtige obwohl 
die Gültigkeit des Chancen-Aufenthaltsrechts bereits abgelaufen ist.
Es sei ein Erfolg, dass so viele Langzei t-Geduldete mit ihrer Antragstellung gezeigt haben, dass sie die Chance 
nutzen möchten, über die Klärung ihrer Identität und die Aufnahme einer Erwerbstätigkeit eine langfristigere 
Bleibeperspektive zu erhalten , sagte der Sprecher des Innenministeriums. Ein Erfolg sei es auch, dass dieser Weg 
bei 14.880 Personen in einen rechtssicheren Aufenthalt geführt habe. Ähnliches erwarte man auch bei vielen 
anderen Personen, die aktuell noch im Stadium des Chancen-Aufenthaltsrechts seien oder eine 
Fiktionsbescheinigung hätten.
Deutlich kritischer äußern sich Ausländerbehörden. Für ein abschließendes Fazit des Chancen-Aufenthaltsrechts 
ist es zu früh , sagte der Leiter der Berliner Ausländerbehörde, Engelhard Mazanke WELT. Sein aktueller Eindruck 
sei aber: Diese Probeaufenthaltserlaubnis ist nicht nur administrativ wahnsinnig aufwendig, sie ist auch, was die 
Frist anbelangt, nicht gelungen. Wenn im Moment 25.000 Personen eine Fiktionsbescheinigung hätten, dann 
könne man nur zwei Schlüsse ziehen: Entweder sind die Ausländerbehörden überlastet mit der Vielzahl von 
Anträgen, oder die Leute haben es noch nicht geschafft, die Voraussetzungen für den Folge-Aufenthaltstitel zu 
erfüllen. Für seine Behörde treffe beides zu. Probleme bereitet offenbar weiterhin die Klärung der Identität. In 
Berlin bleibe es für viele Betroffene ein großes Problem, gültige Identitätsdokumente zu beschaffen, sagte 
Mazanke. Manche Herkunftsstaaten verlangten, dass die Menschen dafür in die Heimat reisen. Das sei für viele 
aber nicht zumutbar. Andere haben einen Pass, rücken ihn aber weiterhin nicht raus. Sie wissen: Solange die 
Behörden ihre Identität nicht kennen, können sie unter keinen Umständen abgeschoben werden. 
Es klingt paradox, denn das Chancen-Aufenthaltsrecht sollte ja gerade vor Abschiebung schützen. Die Idee: Wenn 
Menschen wissen, dass sie ganz legal in Deutschland bleiben dürfen, legen sie auch ihren Pass vor. Dafür hätten 
sie allerdings auch zugleich ihren Lebensunterhalt sichern müssen und straffrei bleiben müssen. Für manche war 
das offenbar nicht ausreichend attraktiv. Für andere bleiben laut Mazanke Hürden bei der Arbeitsaufnahme. 
Geduldete hätten erst nach vier Jahren einen vollen Zugang zum Arbeitsmarkt, davor stehe die 
Beschäftigungsaufnahme unter dem Vorbehalt der Ausländerbehörde und der Bundesagentur für Arbeit. Das ist 
administrativ aufwendig und schreckt Arbeitgeber ab. 
Andererseits: Rund 15.000 Menschen gelang es bislang offenbar, einen Job anzunehmen, die Sprache zu erlernen 
und die Identität klären. Die Organisation Pro Asyl begrüßte deswegen das neue Recht. Es ist positiv, dass so 
viele Menschen das Chancen-Aufenthaltsrecht in Anspruch genommen haben und nun in Folgeaufenthaltstitel 
wechseln , sagte der flüchtlingspolitische Sprecher Tareq Alaows. Das bestätige, was man seit Jahren feststelle: 
Wenn man den Menschen einen sicheren Status gibt, einen Zugang zu Sprachkursen und eine Arbeitserlaubnis, 
Was bringt das Chancen-Aufenthaltsrecht ? Die Ampel-Koalition gewährte rund 83.000 ausreisepflichtigen 
Migranten ein temporäres Bleiberecht. Es sollte ihnen Ze....
dann kommen sie schneller in der Gesellschaft an. Man fordere, das Chancen-Aufenthaltsrecht zu entfristen und 
nicht nur Menschen zugutekommen zu lassen, die vor einem bestimmten Stichtag gekommen sind .
Das sieht die kommende Koalition allerdings nicht vor. Das Chancen-Aufenthaltsrecht läuft Ende 2025 aus. Eine 
Folgeregelung ist nicht geplant. Das neue Recht sei von Anfang an ein schlechtes Gesetz gewesen, das die 
Ausländerbehörden komplett überfordere, sagt der innenpolitische Sprecher der Unionsfraktion, Alexander Throm 
(CDU), WELT. Es belohnt Ausreisepflichtige, die jahrelang gegen Recht und Gesetz verstoßen haben. In 
Deutschland gebe es bereits unzählige gesetzliche Chancen auf ein Bleiberecht, wenn man sich gesetzestreu 
verhalte.
Original Gesamtseiten-PDF
Graphic
 
Bundespolizist an Bord eines Abschiebefluges: Ausreisepflichtige können derzeit unter Umständen legal in 
Deutschland bleiben"
2025-05,Main Corpus,2025-05(50).ZIP,"Was Griechenland vom deutschen Abschiebeplan hält Das Bundesamt für Migration plant, Asylbewerber in.PDF","C:\PythonProjects\AfD-project\Corpora\Main Corpus\2025-05\raw_unarchive\Was Griechenland vom deutschen Abschiebeplan hält Das Bundesamt für Migration plant, Asylbewerber in.PDF","Was Griechenland vom deutschen Abschiebeplan hält Das Bundesamt für Migration plant, Asylbewerber in das",was griechenland vom deutschen abschiebeplan hält das bundesamt für migration plant asylbewerber in das,Die Welt,die welt,Mittwoch 21. Mai 2025,Philipp Woldin,Politik; S. 4; Ausg. 97,816,6098,1591e0d46d2e19156789702d6ea810a45fafe41c,,unique,keep,,no,,no,,,7594,no,,,,,"Es war eine Nachricht, die aufhorchen ließ: Deutschland möchte wieder verstärkt nach Griechenland abschieben 
das geht aus einem Schreiben des Bundesinnenministeriums an die Länder hervor, das die Behörde Anfang Mai 
verschickte. Das Bundesamt für Migration und Flüchtlinge (BAMF) werde wieder Rückführungen ermöglichen 
ausgenommen davon sind nur sogenannte vulnerable Gruppen wie Familien, Frauen und Kinder sowie erkrankte 
Menschen.
Bei der betroffenen Zielgruppe handelt es sich also primär um junge, alleinreisende und gesunde Männer, die 
schon in Griechenland registriert oder anerkannt waren und danach dennoch nach Deutschland weiterreisten. Seit 
14 Jahren verzichtete das BAMF auf Rückführungen nach Griechenland, weil deutsche Gerichte die Versorgung 
von Migranten in dem EU-Land als katastrophal und ungenügend einstuften. Das sogenannte Dublin-System, 
wonach der jeweilige EU-Ersteinreisestaat für die Versorgung des betreffenden Asylbewerbers ist, war auch an 
dieser Schnittstelle praxisuntauglich geworden.
Doch Mitte April befand mit dem Bundesverwaltungsgericht in Leipzig erstmals eine deutsche höchstrichterliche 
Instanz: Migranten droht in Griechenland keine extreme Härte. Der Maßstab sei, ob den Migranten in Griechenland 
Brot, Bett und Seife zur Verfügung stünden, sagte damals der Vorsitzende Richter Robert Keller. Das ist nicht viel, 
das wissen wir auch. Das ist ein harter Maßstab. Das Gericht wies in einer Grundsatzentscheidung die Klage eines 
staatenlosen Mannes aus dem Gaza-Streifen und eines Somaliers ab. Beiden hatte Griechenland einen 
internationalen Flüchtlingsschutz gewährt, sie erhielten jeweils eine befristete Aufenthaltserlaubnis. Sie reisten 
jedoch weiter nach Deutschland und stellten erneut einen Asylantrag.

Was Griechenland vom deutschen Abschiebeplan hält Das Bundesamt für Migration plant, Asylbewerber in das 
Land zurückzuführen. Aber Athen hat eine ganz eigene Si....
Das neue Vorgehen des Bundesinnenministeriums war nach dieser Entscheidung aus Leipzig also erwartbar und 
folgerichtig. Auch, weil die Bundesregierung mit ihrer neuen Sicht auf die Situation in Griechenland nicht allein 
steht. Die Europäische Kommission hatte in einer wenig beachteten Stellungnahme von Anfang April dieses Jahres 
erklärt, dass sich die Situation in Griechenland tatsächlich deutlich verbessert habe. Griechenland hat in den 
letzten Jahren ein gutes nationales Migrationsmanagementsystem mit der erforderlichen Infrastruktur, Ausrüstung 
und den erforderlichen Instrumenten entwickelt , heißt es in dem Papier. Probleme wie die Überbelegung und 
unzureichende Aufnahmebedingungen in den Asyl-Unterkünften seien verbessert worden.
Und dann der entscheidende Punkt: Auf dieser Grundlage gelangt die Kommission zu dem Schluss, dass im Asyl- 
und Aufnahmesystem auf dem griechischen Festland keine systemischen Mängel mehr bestehen, auch wenn in 
bestimmten Aspekten des Migrationsmanagements möglicherweise weiterhin Verbesserungen erforderlich sind. 
Und weiter: Griechenland kann sich wieder auf die gleiche Weise am Dublin-System zur Überstellung von 
Asylbewerbern beteiligen wie andere Mitgliedstaaten. 
NGOs wie Pro Asyl hatten die Situation in Griechenland immer wieder kritisiert und auch Klagen gegen 
Rücküberstellungen angestrebt. Geschäftsführer Karl Kopp prognostiziert nun: Es wird zwar keine 
Massenabschiebungen nach Griechenland geben, weil die griechische Regierung nicht mitspielt. Aber an der 
unwürdigen Situation für Schutzsuchende in Hellas wird sich nichts ändern. Mit dem Asylbescheid kommt in 
Griechenland für viele die Obdachlosigkeit. Es müsse mehr Druck auf die griechische Regierung ausgeübt werden, 
damit diese endlich die dringend notwendigen Reformen einleite, sodass in Griechenland auch geflüchtete 
Menschen ein Leben in Würde führen könnten.
Um welche Größenordnungen geht es in der aktuellen Debatte? Laut einer Antwort des Bundesinnenministeriums 
auf eine schriftliche Frage des stellvertretenden AfD-Fraktionsvorsitzenden Sebastian Münzenmaier wurden im 
Jahr 2024 insgesamt 62.800 Asylbewerber registriert, die bereits in einem anderen EU-Land Asyl beantragt hatten. 
2025 waren es bislang rund 12.000 Personen. Münzenmaier kommentierte: Die Zahlen zeigen klar: Die Pull-
Faktoren sind real. Und die müssen endlich abgeschaltet werden. Das heiße: ausschließlich Bett, Brot, Seife statt 
Taschengeld und Bezahlkarte. Das würde auch die Bundespolizei an den Grenzen massiv entlasten.
Laut dem Asylrechtsexperten Daniel Thym von der Universität Konstanz sind allein im vergangenen Jahr rund 
25.000 Menschen nach Deutschland weitergereist, die in Griechenland schon einen Schutzstatus hatten. Zu dieser 
Personengruppe liege nun das erste Urteil des Bundesverwaltungsgerichts vor, bisher hatten nur untere Instanzen 
entschieden , so Thym. Diese Migranten erhielten in Deutschland zumeist eine Duldung, sie waren also 
ausreisepflichtig. Bei einer Rückführung war und ist Deutschland aber von der Kooperation von Griechenland 
abhängig.
Die ersten griechischen Reaktionen auf das neue deutsche Vorgehen sind wenig begeistert. Wir werden 
gegenüber dem Antrag nicht besonders freundlich sein , erklärte Migrationsminister Makis Voridis. In Griechenland 
sieht man gar nicht ein, sich um die Migranten zu kümmern, wenn die Europäische Union aus Athens Sicht 
wenig tut, um die Probleme an den Außengrenzen zu beheben. Minister Voridis führte die griechische Sicht schon 
Ende April näher aus: Griechenland ist derzeit bezogen auf die Einwohnerzahl das zweitbelastetste Land in der 
EU in Sachen Migration, weil es ein Erstaufnahmeland ist. Auch bei der Zahl der Asylanträge. Da können wir jetzt 
nicht über Rückführungen sprechen. 
Der Minister erklärte weiter: Eine Diskussion kann sich um Rückführungen drehen, aber eine andere muss sich um 
die Lastenverteilung drehen. Die Frage wird also sein: Wie sollen Rückführungen stattfinden, wenn vorher keine 
Lastenverteilung erfolgt ist? Ob die neue Marschroute des Bundesinnenministeriums also zum Gamechanger 
wird, ist sehr unklar.
Original Gesamtseiten-PDF"
2025-05,Main Corpus,2025-05(50).ZIP,Werdender Vater soll in den Irak zurück Wenige Tage vor seinem Integrationstest wurde der Kurde Must.PDF,C:\PythonProjects\AfD-project\Corpora\Main Corpus\2025-05\raw_unarchive\Werdender Vater soll in den Irak zurück Wenige Tage vor seinem Integrationstest wurde der Kurde Must.PDF,Werdender Vater soll in den Irak zurück Wenige Tage vor seinem Integrationstest wurde der Kurde Mustafa N.,werdender vater soll in den irak zurück wenige tage vor seinem integrationstest wurde der kurde mustafa n,"taz, die tageszeitung",taz die tageszeitung,Donnerstag 22. Mai 2025,Karoline Gebhardt,NORD AKTUELL; S. 26-27,608,4451,190117edd8f8538dada65ff5846b97ba65ae2b2d,,unique,keep,,no,,no,,,5832,no,,,,,"Von Karoline Gebhardt
Mustafa N. hat sich ein neues Leben in Niedersachsen aufgebaut. Seit mehr als sechs Jahren lebt der Kurde, der 
aus der Autonomen Region Kurdistans im Norden Iraks kommt, in Deutschland, zuletzt im Landkreis Harburg. Nun 
soll der 27-Jährige in den Irak abgeschoben werden und wurde in Abschiebehaft genommen. Der Flüchtlingsrat 
Niedersachsen und Penager, die bundesweite Online-Beratungsstelle für Geflüchtete, fordern einen umgehenden 
Stopp der geplanten Abschiebung.
Als Mustafa N. am 29. April festgenommen worden ist, stand er kurz davor, alle Voraussetzungen für eine 
Aufenthaltserlaubnis zu erfüllen. In der Woche nach seiner Festnahme hätte er den Integrationstest Mein Leben in 
Deutschland absolvieren sollen, für den er bereits angemeldet war.
Laut Simon Wittekindt vom Flüchtlingsrat Niedersachsen verfügt Mustafa N. zweifelsohne über die notwendigen 
Grundkenntnisse der Rechts- und Gesellschaftsordnung sowie der Lebensverhältnisse in Deutschland . Außerdem 
spreche und schreibe er sicher in der deutschen Sprache. Der Abschluss eines Sprachzertifikats auf Niveau B1 
stand auch kurz bevor, auch wenn dieser für die Erteilung einer Aufenthaltserlaubnis gar nicht erforderlich ist. Wir 
fordern daher, Mustafa N. die Teilnahme am Integrationstest und an der Sprachprüfung zu ermöglichen und ihm ein 
Aufenthaltsrecht zu erteilen , sagt Wittekindt der taz.
Mehr als zweieinhalb Jahre arbeitete Mustafa N. in der Gastronomie und sorgte so für seinen Lebensunterhalt. 
Dann wurde ihm die Arbeitserlaubnis entzogen. Laut Mustafa N. mit der Begründung, er solle sich vorerst auf 
Sprach- und Integrationskurse konzentrieren. Das niedersächsische Innenministerium ließ eine Nachfrage des taz 
dazu unbeantwortet. Seine Partnerin, die in Süddeutschland lebt, und mit der er eine Fernbeziehung führt, ist im 
fünften Monat schwanger. Auch ihr droht die Abschiebung.

Werdender Vater soll in den Irak zurück Wenige Tage vor seinem Integrationstest wurde der Kurde Mustafa N. 
in Abschiebehaft genommen. Der Flüchtlingsrat Nieders....
Grund für die bevorstehende Abschiebung sei, sagt Wittekindt, dass Mustafa N. die Anforderungen zur Erteilung 
einer Aufenthaltserlaubnis nicht erfüllt habe. Der 27-Jährige sei ein paar Tage unabgemeldet nicht in seiner 
Unterkunft gewesen. Dabei ist er stets zu allen Terminen erschienen , sagt Wittekindt. Bei einem solchen Termin 
wurde er dann festgenommen. Am Folgetag ordnete ein Richter des Amtsgerichts Hannover die Abschiebehaft an.
Derzeit ist Mustafa N. in der Abteilung Langenhagen der Justizvollzugsanstalt Hannover inhaftiert. Räumlich 
werden Menschen, denen die Abschiebung droht, von anderen Vollzugsformen getrennt. Außerdem sind täglicher 
Besuch, mehrstündiger Aufenthalt im Freien, Internetzugang und Handybesitz möglich. Dennoch gab es in der 
Vergangenheit Kritik an der gleichzeitigen Unterbringung von Gefangenen im Strafvollzug und Menschen in 
Abschiebehaft, da trotz der speziellen Haftbedingungen von einer sogenannten Übersicherung auszugehen sei.
Der Flüchtlingsrat Niedersachsen kritisiert das Vorgehen der Ausländerbehörde und des Innenministeriums scharf. 
Während das Innenministerium die Durchführung prüft, hält die Ausländerbehörde an ihrem Vorgehen fest.
Abschiebungen in den Irak sind in Deutschland umstritten. Der Irak gilt noch immer als unsicheres Land, von 
Reisen rät das Auswärtige Amt ab. Es müsse landesweit mit schweren Anschlägen und offenen bewaffneten 
Auseinandersetzungen gerechnet werden, so die Begründung.
Immer wieder gab es Phasen, in denen Abschiebungen in den Irak ausgesetzt wurden. Im April 2024 entschied das 
niedersächsische Innenministerium, Abschiebungen in den Irak wiederaufzunehmen. Bereits diese 
Grundsatzentscheidung hält der Flüchtlingsrat für falsch, und fordert, sie rückgängig zu machen. Den konkreten 
Fall hält Wittekindt für einen Skandal: Die Abschiebung eines werdenden Vaters stellt eine erhebliche Gefahr für 
das Leben und die körperliche Unversehrtheit von Herrn N. dar. 
Der genaue Zeitpunkt der Abschiebung steht bisher noch nicht fest. Die Haft wurde bis zum 10. Juni angeordnet. 
Mustafa N. hat über einen Rechtsanwalt Beschwerde eingelegt. Diese könne sich laut Wittekindt aber bis zu zwei 
Jahre ziehen. Eine Abschiebung sei in dieser Zeit dennoch möglich.
 Die Abschiebung eines werdenden Vaters stellt eine erhebliche Gefahr für das Leben und die körperliche 
Unversehrtheit von Herrn N. dar"
2025-05,Main Corpus,2025-05(50).ZIP,Wie Tunesien für Europa die Drecksarbeit macht Zu Tausenden werden afrikanische Migranten gewaltsam.PDF,C:\PythonProjects\AfD-project\Corpora\Main Corpus\2025-05\raw_unarchive\Wie Tunesien für Europa die Drecksarbeit macht Zu Tausenden werden afrikanische Migranten gewaltsam.PDF,Wie Tunesien für Europa die Drecksarbeit macht Zu Tausenden werden afrikanische Migranten gewaltsam an,wie tunesien für europa die drecksarbeit macht zu tausenden werden afrikanische migranten gewaltsam an,"taz, die tageszeitung",taz die tageszeitung,Dienstag 06. Mai 2025,Mirco Keilberth,AUSLAND; S. 11,742,5105,f8669ba0d7ba81b6d7fc01d8fe9bbac0582bca59,,unique,keep,,no,,no,,,6822,no,,,,,"Aus Tunis Mirco Keilberth
Mit der Räumung weiterer informeller Lager rund um die Hafenstadt Sfax setzen Tunesiens Polizei und 
Nationalgarde ihre Mitte April gestartete Kampagne gegen illegale Migration aus Afrika nach Europa fort. Nach 
Angaben des Innenministeriums vom Wochenende wurden in privaten Olivenhainen mittlerweile Zelte von 7.000 
aus Subsahara-Afrika kommenden Menschen mit Planierraupen und Baggern zerstört. Staatliche Medien zeigen 
Aufnahmen von brennenden Holzlatten und Plastikplanen, aus denen bis zu 30.000 Migrant:innen in den 
vergangenen zwei Jahren bis zu zwanzig informelle Camps errichtet hatten.
Nach Schätzungen tunesischer Menschenrechtsaktivisten leben bis zu 100.000 Westafrikaner und Sudanesen als 
Flüchtlinge in Tunesien. Bis zu einer Rede von Präsident Kais Saied im Februar 2023, in der er die afrikanischen 
Migrant:innen als Teil einer Verschwörung gegen die arabische Identität Nordafrikas bezeichnete, waren viele als 
Tagelöhner in Cafés oder in der Landwirtschaft beschäftigt. Doch heute dürfen Tunesier die Afrikaner weder 
anstellen noch an sie Wohnungen vermieten. Ihnen bleibt nur noch die Flucht nach vorn Richtung Europa.
 Da ich in Sierra Leone weder die Aussicht auf Arbeit habe, noch ein sicheres Leben führen kann, warte ich auf die 
Gelegenheit, nach Europa zu gelangen , sagt Abubakr Bangura, der zusammen mit acht Landsleuten in einem Zelt 
lebt. Fünf Mal wurde der 28-Jährige zusammen mit seiner Frau und seiner 3-jährigen Tochter von der tunesischen 
Nationalgarde aus einem schrottreifen Metallboot auf dem Mittelmeer geholt. Wir sind während der Polizeirazzien 
einfach tiefer in die Olivenhaine geflohen , sagt Bangura und bekräftigt seinen Plan, die Überfahrt nach Lampedusa 
so oft zu wagen, bis es klappt.

Wie Tunesien für Europa die Drecksarbeit macht Zu Tausenden werden afrikanische Migranten gewaltsam an 
der Reise über das Mittelmeer gehindert und stattdessen n....
Er hat Glück, dass er die Rettung auf hoher See überlebt hat. Mehrere Gerettete berichten der taz, dass die 
Besatzungen der tunesischen Patrouillenboote die Außenbordmotoren der mit bis zu 45 Menschen beladenen 8-
Meter-Boote gleich bei ihrem Auffinden konfiszieren, aber die Insassen erst nach Stunden des bangen Wartens 
wieder an Land bringen.
 Die Frauen und Kinder wurden im Hafen von Sfax ausgeladen , sagt Keba, ein 21-jähriger Senegalese, am Telefon 
über eine solche Aktion. Die Männer an Bord mussten die letzten Kilometer schwimmen. Ob alle an Bord es bis 
zum rettenden Ufer schafften, weiß er nicht. Im Hafen von Sfax wurden die Geretteten in Busse verladen und an 
die algerische Grenze gefahren. Im Niemandsland nahe der Stadt Tebessa lauerten uns bewaffnete Männer auf. 
Die Unbekannten übergaben Keba und seine Gruppe in einem Waldstück nahe der Grenze zu Tunesien an die 
algerische Armee, von dort dann ging es weiter in die Wüstenstadt Assamaka in Niger. Heute lebt Keba in der Stadt 
Agadez in einem Auffanglager der UN-Migrationsorganisation IOM (Internationale Organisation für Migration), aus 
dem heraus er der taz von seinem Schicksal berichtet.
 Viele der aus den Camps bei Sfax Deportierten irren im Grenzgebiet herum, ohne Geld, Lebensmittel oder 
ausreichend Wasser , berichtet Ibrahim Foufana, ein Arzt aus Sierra Leone, der in mehreren Camps provisorische 
Feldkliniken aufgebaut hat. Doch nach mehreren Wochen kommen sie über Agadez oder die Schleichpfade an der 
algerischen Grenze wieder zurück. Das Freiwilligenteam des 28-Jährigen behandelt Verletzungen, die sich die 
Camp-Bewohner bei den Gewaltmärschen und Räumungsaktionen zugezogen haben. Da weder tunesische 
Hilfsorganisationen, IOM oder das UN-Flüchtlingshilfswerk Unhcr der Vereinten Nationen Zugang haben, sterben 
jede Wochen Patienten an Infektionen oder Schwäche. Selbst für die Behandlung von Platzwunden durch 
Schlagstöcke haben wir nicht genügend Verbandsmaterial oder Desinfektionsmittel , sagt Foufana, wir erhalten 
Lebensmittelspenden von tunesischen Nachbarn und halten als Gemeinschaft eng zusammen. Obwohl hier 
Menschen aus zwölf Ländern zusammenleben, ohne Hilfe von außen. 
Die zähe Selbstorganisation der Migrant:innen durchkreuzt die zwischen Brüssel und Tunis koordinierte 
Abschreckungsstrategie. Nur die inhumane Lage in den Camps würde weitere Menschen davon abhalten, sich aus 
Westafrika nach Europa auf den Weg zu machen, so ein EU-Diplomat gegenüber der taz im vergangenen Herbst. 
Italiens Innenminister Matteo Piantedosi bezeichnete die Kooperation mit Tunesien und Libyen noch Anfang April 
als Erfolgsmodell.
Doch in der letzten Aprilwoche kamen 1.800 Menschen per Boot aus Tunesien auf Lampedusa an, im gesamten 
Monat ist die Zahl im Vergleich zum Vorjahr um 30 Prozent gestiegen. Ibrahim Foufana hat eine einfache Erklärung 
dafür: Die tagtäglichen Gefahren in ihrer Heimat sind abschreckender als das, was sie auf der Reise nach Europa 
erleben. Ich verstehe nicht, warum man uns nicht zumindest wie Menschen behandelt. 
ZitatIch bin ein taz-Blindtext. Von Geburt an. Es hat lange gedauert, bis ich begriffen habe,
flüchtlingspolitik"
2025-05,Main Corpus,2025-05(50).ZIP,Wie weiter an den Grenzen_ Bundespolizisten fordern klare Linien für den Umgang mit illegalen Flücht.PDF,C:\PythonProjects\AfD-project\Corpora\Main Corpus\2025-05\raw_unarchive\Wie weiter an den Grenzen_ Bundespolizisten fordern klare Linien für den Umgang mit illegalen Flücht.PDF,Wie weiter an den Grenzen? Bundespolizisten fordern klare Linien für den Umgang mit illegalen Flüchtlingen,wie weiter an den grenzen bundespolizisten fordern klare linien für den umgang mit illegalen flüchtlingen,Berliner Zeitung,berliner zeitung,19. Mai 2025,"Andreas Kopietz, Anne-Kattrin Palmer",POLITIK; S. 13,1113,8012,522f87279448708b7f1d7f2d7ae496bd2432adf1,,unique,keep,,no,,no,,,9228,no,,,,,"Seit zwei Wochen sind die Kontrollen an den Grenzen zu den EU-Nachbarstaaten verschärft worden. Wer keinen 
Anspruch auf Schutz nach deutschem Recht geltend machen kann, muss draußen bleiben. Ausnahmen gelten für 
Schwangere, Kranke und unbegleitete Minderjährige. Die Bundespolizei greift dabei auf das nationale Asylgesetz 
zurück, das Maßnahmen zur Wahrung der inneren Sicherheit erlaubt. 
 Laut Bundesinnenminister Alexander Dobrindt gab es in den sieben Tagen seit seiner Weisung eine deutliche 
Steigerung der Zurückweisungen um 45 Prozent. 739 Versuche der illegalen Einreise seien gestoppt worden, in 
der Woche davor seien es nur 511 gewesen. Zudem seien zwar 51 Asylgesuche gestellt worden, aber 32-mal seien 
die Personen zurückgewiesen worden. In der Vorwoche habe es 44 Asylgesuche gegeben alle durften nach 
Deutschland einreisen, denn da gab es Dobrindts Order noch nicht.
Heiko Teggatz, stellvertretender Bundesvorsitzender der Deutschen Polizeigewerkschaft und dort zuständig für die 
Bundespolizei, verschärft derweil die Debatte um die Flüchtlingspolitik. Im Gespräch mit der Berliner Zeitung stellt 
er klar: Grenzkontrollen wirken doch solange Deutschland attraktiv bleibt, werde der Zustrom nicht enden. Er 
verweist dabei ausdrücklich auf das dänische Modell als politisches Vorbild. Ähnlich klingt auch die Gewerkschaft 
der Polizei (GdP): Deutschland müsse weniger attraktiv für die illegale Migration werden, indem man die Anreize 
verringert.
Mit seiner Weisung vom 7. Mai hat Dobrindt das Wahlversprechen eines faktischen Einreiseverbots umgesetzt, 
das CDU-Chef Friedrich Merz im Januar gegeben hatte. Im Koalitionsvertrag einigten sich Union und SPD auf den 
Kompromiss, dass Zurückweisungen in Abstimmung mit unseren europäischen Nachbarn vorgenommen werden 
sollen.
 Gemeinden am Limit 
Am Freitag verteidigte der CSU-Politiker seinen Kurs im Bundestag: Die Bürger, sie erwarten von uns einen 
Politikwechsel , betonte Dobrindt. Dieser habe an den Grenzen begonnen. Illegale Migration gefährde die Stabilität 
Deutschlands und Europas. Die Integrationsfähigkeit eines Landes hat aus Sicht des neuen Ministers schlichtweg 
eine Belastungsgrenze, und deswegen müssen wir handeln . Städte, Gemeinden und Landkreise seien am Limit. 

Wie weiter an den Grenzen? Bundespolizisten fordern klare Linien für den Umgang mit illegalen Flüchtlingen
Für den Innenminister ist das nur ein erster Schritt beim Kurswechsel in der Migrationspolitik. Er kündigte an, dass 
die Begrenzung der Migration wieder als Ziel im Aufenthaltsgesetz festgeschrieben werden solle.
Das rief am Freitag erneut heftige Kritik bei den Grünen und der Linkspartei hervor. Sie sind gegen eine härtere 
Gangart. Der Vize-Vorsitzende der Grünen-Fraktion, Konstantin von Notz, monierte beispielsweise, Dobrindt 
vergrätze mit seinen Plänen einen Großteil der europäischen Nachbarn und schade den Grenzregionen und der 
deutschen Wirtschaft.
Während Kanzler Friedrich Merz den Kurs als notwendige Rückkehr zur Ordnung verteidigt, wächst andernorts die 
Kritik. Polen verweigerte jüngst die Rücknahme zweier afghanischer Flüchtlinge und berief sich auf die Dublin-
Verordnung. Auch in der Schweiz und in Österreich wird das deutsche Vorgehen aufmerksam registriert.
Eine Sprecherin des Eidgenössischen Justiz- und Polizeidepartements (EJPD) / Staatssekretariat für Migration 
(SEM) sagt der Berliner Zeitung: Das Bundesamt für Zoll und Grenzsicherheit, BAZG, stellt seit den neuesten 
Ankündigungen keine Veränderungen an der Grenze zwischen Deutschland und der Schweiz fest. Sie fügt hinzu: 
Die Schweiz beobachtet die Entwicklung der Lage aber laufend. Und sollte sich die Situation verändern, behält sich 
der Bundesrat eine entsprechende Reaktion vor. Man erwarte, dass das bilaterale Rückübernahmeabkommen 
zwischen Deutschland und der Schweiz, das Dublin-Recht sowie die Genfer Flüchtlingskonvention weiterhin 
beachtet werden.
Auch im EU-Nachbarstaat Österreich zeigt man sich noch gelassen. Das sei der Kurs, den auch Österreichs 
Bundeskanzler Christian Stocker von der ÖVP vorgegeben habe, hieß es am Freitag. Ein Kurs, den der 
konservative Volkspartei-Mann schon vorab mit dem CDU-Mann Friedrich Merz abgesprochen habe.
Der Vorsitzende der DPolG Bundespolizeigewerkschaft, Heiko Teggatz, bewertet die Maßnahmen als klaren 
Wendepunkt und verweist darauf, dass viele EU-Staaten jahrelang selbst gegen Dublin-Regeln verstoßen hätten 
und nun überrascht seien, dass Deutschland Konsequenzen zieht. Jetzt merken sie: Deutschland lässt nicht mehr 
alles durchgehen. 
Bereits jetzt sei ein Rückgang der Flüchtlingszahlen zu verzeichnen. Schon unter Nancy Faeser habe sich die 
Entwicklung abgezeichnet, nun wirke auch die Verschärfung an den Grenzen: Schleusungen seien spürbar 
schwieriger und teurer geworden. Für ihn steht fest: Das Asylrecht bleibt unangetastet. Jeder, der das Wort Asyl 
sagt, wird erfasst und wenn er an der Grenze zurückgewiesen wurde, gilt er im nächsten Land als Dublin-Fall. 
Entscheidend sei künftig der Nachweis, dass Schutzsuchende direkt nach Deutschland gekommen sind was laut 
Teggatz 99,9 Prozent nicht belegen könnten. Wer durch sichere Drittstaaten reise, solle in Deutschland kein 
Bleiberecht mehr haben.
Doch der neue Kurs hat seinen Preis: Die Einsatzbelastung für die Bundespolizei ist hoch. Zwölf-Stunden-
Schichten, teils sieben Tage am Stück, sind inzwischen Standard. In einem Brief an Innenminister Alexander 
Dobrindt fordert Teggatz 3000 zusätzliche Tarifkräfte, die vollzugsfremde Aufgaben übernehmen könnten etwa 
Datenerfassung, Zeltaufbau oder Sachbearbeitung. Bereits 1993 habe ein ähnliches Modell an der Ostgrenze 
erfolgreich funktioniert.
Im Gegensatz zur DPolG sieht die Gewerkschaft der Polizei (GdP) die stationären Grenzkontrollen nach wie vor 
skeptisch. Sie spricht sich unter anderem für den Einsatz moderner Technik und eine verstärkte Schleierfahndung 
entlang der grünen Grenze aus den Waldgebieten und Flüssen, durch die Schleuser die Migranten schicken.
 Stau für den Handel 
Die GdP fordert seit Jahren ein modernes Bundespolizeigesetz. Das jetzige stamme aus den 90er-Jahren, sagt 
Andreas Broska, Vorsitzender der Direktionsgruppe Bundespolizei. Wir brauchen dringend KI-basierte Technik, 
auch Drohnen, Fahrzeuge, Erfassung, die den Kollegen helfen, besser Schleuser und unerlaubte Einreisen 
festzustellen. Wie Teggatz unterstreicht er, dass die Kontrollen für die Bundespolizisten eine enorme Belastung 
seien. 
Wie weiter an den Grenzen? Bundespolizisten fordern klare Linien für den Umgang mit illegalen Flüchtlingen
Außerdem führten die Maßnahmen zu vielen Staus. In der EU gilt Freizügigkeit, und die Kontrollen haben 
Auswirkungen auf die Wirtschaft. Händler und Arbeitnehmer finden es nicht toll, wenn sie eine Stunde länger 
brauchen, um zur Arbeit zur kommen. Ein Aspekt, den Dobrindt bislang nicht beobachtet haben will. Der 
Bundesinnenminister betonte am Freitag, dass es keine Probleme gebe.
Broska sagt auch: Im Wahlkampf habe man sicher ein Zeichen gegen Kritiker setzen wollen. Aber am Ende sind 
wir der Auffassung, dass es eine gesamteuropäische Lösung geben muss. Das wird Deutschland allein nicht 
schaffen können. 
Geht es nach Teggatz, reicht es allerdings nicht aus, illegale Migration nur an den Grenzen zu stoppen. Er sagt: 
Wenn man wirklich etwas gegen illegale Migration tun will, muss man an die Pull-Faktoren ran. Ich plädiere für ein 
System wie in Dänemark: Unterkunft, Essen, medizinische Grundversorgung aber kein Komfort. Der 
Bundespolizist weiter: In Dänemark bekommt man 1,50 Euro am Tag. Das wirkt. Wer keinen echten Anspruch hat, 
will da gar nicht hin. Deutschland muss das Aufenthaltsgesetz verschärfen zum Beispiel bei Angriffen auf 
Polizisten. 
Auch nach Meinung des GdP-Mannes Broska kommt es darauf an, illegale Migration unattraktiv machen: Dass 
man Kürzungen im Sozialsystem vornimmt oder weitere Anreize wegnimmt. Das ist sicher nicht so medienwirksam 
wie die Kontrollen, aber ganz wichtig."
2025-05,Main Corpus,2025-05(50).ZIP,"Wir backen das Eberswalde ist die Stadt, in der Amadeu Antonio starb. Die AfD ist hier inzwischen st.PDF","C:\PythonProjects\AfD-project\Corpora\Main Corpus\2025-05\raw_unarchive\Wir backen das Eberswalde ist die Stadt, in der Amadeu Antonio starb. Die AfD ist hier inzwischen st.PDF","Wir backen das Eberswalde ist die Stadt, in der Amadeu Antonio starb. Die AfD ist hier inzwischen stärkste",wir backen das eberswalde ist die stadt in der amadeu antonio starb die afd ist hier inzwischen stärkste,"taz, die tageszeitung",taz die tageszeitung,Dienstag 13. Mai 2025,Sezen Moeliker,INLAND; S. 7,1343,8924,932b85a8f639793ee9175ec1090a592a0cf5b319,,unique,keep,,no,,no,,,10567,no,,,,,"Aus Eberswalde Sezen Moeliker
Eine Bäckerei ist ein guter Ort, um zu arbeiten, wenn man die Sprache noch nicht beherrscht. Man braucht gute 
Augen , sagt Björn Wiese, die sehen können, wie man Brot backt. Die Sprache kommt dann später. Irgendwann 
müsse man die Fachbegriffe lernen. Zum Beispiel, dass das Brotformen wirken heißt. Oder dass wir dieses 
Plastik, mit dem man den Teig abstecht, einen Teigschaber nennen , erklärt Wiese.
Björn Wiese, 52, eröffnete seine Bäckerei in Eberswalde in Brandenburg im Jahr 1998. Seit 2016 arbeiten dort 
auch viele Menschen mit Fluchtgeschichte. Bäcker Wiese ist zudem eines von 4.000 Mitgliedern des Netzwerks 
Unternehmen integrieren Flüchtlinge . Dieses Netzwerk ist die größte Organisation in Deutschland, die sich für die 
Beschäftigung und Ausbildung von Gefüchteten engagiert.
Im vergangenen Jahr, so die Projektleiterin Sarah Strobel, traten 500 neue Unternehmen dem Netzwerk bei. Wir 
stellen immer wieder fest, dass gerade dann, wenn das politische und gesellschaftliche Klima schwieriger wird, 
viele neue Mitglieder zu uns stoßen , sagt Strobel. Viele Unternehmen nutzen ihre Mitgliedschaft im Netzwerk, um 
ein Zeichen zu setzen und zu zeigen, dass sie offen für die Beschäftigung und Ausbildung von Flüchtlingen sind. 
In Eberswalde ist eine solche Offenheit gegenüber Gefüchteten nicht selbstverständlich. Bei den letzten 
Bundestagswahlen erzielte die AfD hier mit über 31 Prozent die meisten Stimmen. Die Stadt mit ihren 43.000 
Einwohnern (Stand 2023) hat zudem nicht gerade eine glorreiche Vergangenheit , wie Wiese sagt. Anfang der 
1990er Jahre war Eberswalde stark vom Rechtsextremismus geprägt den sogenannten Baseballschlägerjahren . 
Eines der ersten Opfer rassistischer Gewalt nach der Wende war der 28-jährige Amadeu Antonio aus Angola, der 
1990 nach einem brutalen Angriff von Neonazis in Eberswalde starb.

Wir backen das Eberswalde ist die Stadt, in der Amadeu Antonio starb. Die AfD ist hier inzwischen stärkste 
Kraft und das Klima für Geflüchtete wenig einladend. ....
Als 2015 viele Geflüchtete nach Deutschland kamen, seien Menschen aus Eberswalde auf die Straße gegangen, 
um zu protestieren, erinnert sich Wiese. Wir wollen diese Busse mit Geflüchteten hier nicht haben , hätten sie 
gerufen. Ich weiß, sie hatten Angst vor Fremden und dachten, jemand würde ihnen etwas wegnehmen , sagt 
Wiese. Aber ich fand das wirklich nicht in Ordnung. Das hat mich, auch wegen der Vergangenheit, schon berührt. 
Er und ein Freund überlegten damals: Was könnten wir dagegen tun? Ich hatte keine Lust, dass in Eberswalde 
wieder so etwas passiert , sagt Wiese. Also schmiedeten die beiden einen Plan. Sie luden Menschen mit 
Fluchtgeschichte ein, in ihrer mobilen Bäckerei mitten in der Stadt Brot zu backen. Später stellte Björn Wiese auch 
Geflüchtete in seiner Bäckerei ein oder bot ihnen Ausbildungsplätze an. Im Laufe der Jahre haben etwa 25 
Personen mit Fluchtgeschichte bei ihm gearbeitet, einige davon haben eine Ausbildung in der Bäckerei absolviert. 
Alle haben einen von der Bäckerei finanzierten Deutschkurs besucht.
Seitdem habe sich das politische Klima noch einmal deutlich verändert, erzählt Wiese. Jetzt, wo die AfD so groß 
geworden ist , sei es manchmal schwierig, Menschen mit Flüchtlings- oder Migrationshintergrund langfristig in der 
Stadt zu halten.
Trotz des Personalmangels, der in ganz Deutschland spürbar ist, kann Wiese prinzipiell genügend Arbeitskräfte 
finden, um seine Bäckerei am Laufen zu halten. Doch die Personalfluktuation, vor allem bei Menschen mit 
Migrationshintergrund, sei hoch. Viele zögen zum Beispiel nach Nordrhein-Westfalen. Dort sei das Leben für sie 
etwas entspannter, meinten sie. Ein ehemaliger Mitarbeiter mit Migrationshintergrund erzählte mir, dass er neulich 
Geld abheben wollte und von einem Passanten gefragt wurde, ob er sein ,Bürgergeld abholen wolle , erzählt 
Wiese.
Auch die 31-jährige Sumeia aus Libyen merkt, dass einige Leute in Deutschland sie hier nicht haben wollen. Sie 
arbeitet seit letztem Sommer als Verkäuferin bei der Bäckerei Wiese und lebt seit fast drei Jahren in Deutschland. 
Sie möchte nicht, dass ihr Nachname in diesem Artikel genannt wird. Zwei Jahre lang lebte sie in einer 
Flüchtlingsunterkunft in Neuruppin. Einige Menschen, denen sie dort begegnete, seien rassistisch gewesen, erzählt 
sie. Als sie dort zum Arbeitsamt ging, sei ihr gesagt worden, dass es keine Arbeit für sie gebe. ,Wir wollen nur 
Ukrainer , sagten sie. 
Durch einen Freund fand Sumeia schließlich einen Job in der Bäckerei Wiese und eine Wohnung in Eberswalde. 
Damit hatte sie Glück. Die fehlende Möglichkeit, eine Wohnung zu finden, ist einer der Hauptgründe, warum 
Geflüchtete keine Anstellung bei einem Arbeitgeber finden, wie eine jährliche Umfrage des Netzwerks 
Unternehmen integrieren Flüchtlinge zeigt.
In den ersten Monaten sei sie nervös gewesen, wenn sie zur Arbeit ging, erzählt Sumeia. In der Bäckerei gingen ihr 
viele Gedanken gleichzeitig durch den Kopf. Wie formuliere ich diesen Satz noch einmal gegenüber einem 
Kunden? Ich war aufgeregt, alleine hinter dem Tresen zu stehen. Ein Kollege ermutigte mich, es trotzdem zu tun. 
Jetzt stehe ich immer öfter alleine dort. 
Am Arbeitsplatz laufe es gut zwischen deutschen und internationalen Mitarbeitern, sagt Wiese. Natürlich gebe es in 
jedem Team von Zeit zu Zeit Spannungen, aber nicht unbedingt aufgrund kultureller oder religiöser Unterschiede. 
Ich habe die Erfahrung gemacht, dass Syrer und Afghanen sehr fleißig sind, aber sich erst daran gewöhnen 
müssen, dass die Deutschen mehr Wert auf eine Work-Life-Balance legen. Dann müsse man laut Wiese einfach 
erklären, was hier in Deutschland üblich sei.
 Vor einiger Zeit hatten wir viele syrische Mitarbeiter, die untereinander manchmal Arabisch sprachen , sagt Wiese. 
Das ist an sich kein Problem, aber es kann dazu führen, dass sich andere Mitarbeiter ausgeschlossen fühlen. 
Deshalb habe ich sie darum gebeten, ein wenig darauf zu achten. 
Ali Alarib ist seit 2021 Küchenchef im Café der Bäckerei Wiese. Er floh vor etwa 10 Jahren als 17-Jähriger aus 
Syrien nach Deutschland. Alarib findet es schwierig, als syrischer Mann in Deutschland zu leben. Es falle ihm 
schwer, Freunde unter den Deutschen zu finden. Sie sind so verschlossen , sagt er. Bis jetzt habe er keine 
Freunde in seinem Alter. Ich kenne nur die älteren Leute, die mir zum Beispiel früher geholfen haben. Bei der 
Wir backen das Eberswalde ist die Stadt, in der Amadeu Antonio starb. Die AfD ist hier inzwischen stärkste 
Kraft und das Klima für Geflüchtete wenig einladend. ....
Arbeit knüpfte er jedoch glücklicherweise soziale Kontakte, und seine Kollegen und er gingen regelmäßig 
gemeinsam essen.
Es war nicht sein Traum, Koch zu werden, sagt Alarib. Als Kind wollte er eigentlich im medizinischen Bereich 
arbeiten. Aber in Deutschland sei ihm sehr schnell klar geworden, wie schwierig der Zugang zu den Studiengängen 
oder Ausbildungsplätzen ist, die ihn interessierten. Ich habe mich überall beworben als Elektriker, als 
Klimaanlagenreparateur. Aber niemand hat mich eingestellt , erzählt Alarib. Schließlich bekam er im 
Jugendzentrum für Flüchtlinge das Angebot, eine Ausbildung zum Koch zu machen. Wir geben dir die Chance , 
sagten sie. Und er nutzte diese Chance.
Das Wahlergebnis hat Alarib nicht überrascht. Wir Flüchtlinge in Brandenburg sind es gewohnt, dass man uns 
nicht mag. Die Menschen sind einfach nicht freundlich zu uns. Er erinnert sich an eine Situation, als er mit einem 
Freund afrikanischer Herkunft an einer Bushaltestelle wartete und ein Auto vor ihnen anhielt. Der Fahrer, ein weißer 
Deutscher, habe ihnen den Mittelfinger gezeigt und sei dann davongefahren. Daran bin ich inzwischen gewöhnt , 
sagt Alarib. Ich habe viel für die Deutschen getan. Ich arbeite freiwillig als Helfer in der Ambulanz und bringe 
kleinen Kindern das Schwimmen bei. Aber weil es so offensichtlich ist, dass einige Leute mich hier nicht haben 
wollen, habe ich das Gefühl, dass ich dafür nichts zurückbekomme. 
Auch Verkäuferin Sumeia hat ähnliche Situationen erlebt. Vor einigen Wochen habe sie in der Nähe des Bahnhofs 
in Eberswalde ein Mann verfolgt, der betrunken war. ,Du musst Deutschland verlassen! , schrie er mich an. Ich 
hatte Herzklopfen vor Angst und bin schnell in einen Supermarkt geflüchtet, um mich sicherer zu fühlen. Danach 
erzählte sie einem Freund, was passiert war. Es sei besser, nachts nicht allein auf die Straße zu gehen, habe der 
zu ihr gesagt. Es war erst sechs Uhr , sagt Sumeia. Aber vielleicht hat er ja recht. Heute geht sie nachts nicht 
mehr allein auf die Straße und meidet den Bahnhof.
Trotzdem möchte sich Sumeia eine Zukunft in Deutschland aufbauen. In Libyen hatte sie Business Management 
und Design studiert. Ihr Traum ist es, irgendwann als Innenarchitektin zu arbeiten.
 Wir Flüchtlinge in Brandenburg sind es gewohnt, dass man uns nicht mag"
2025-05,Main Corpus,2025-05(50).ZIP,Wir werden nie wieder zur alten Migrationspolitik zurückkehren Schweden hat sich vom liberalsten zum.PDF,C:\PythonProjects\AfD-project\Corpora\Main Corpus\2025-05\raw_unarchive\Wir werden nie wieder zur alten Migrationspolitik zurückkehren Schweden hat sich vom liberalsten zum.PDF,Wir werden nie wieder zur alten Migrationspolitik zurückkehren Schweden hat sich vom liberalsten zum,wir werden nie wieder zur alten migrationspolitik zurückkehren schweden hat sich vom liberalsten zum,Berliner Zeitung,berliner zeitung,31. Mai 2025,Len Sander,STADTGESPRÄCH; S. 10,1236,8677,e8c91f9c4759149ff8e867e57b1516c50168ed8d,,unique,keep,,no,,no,,,10129,no,,,,,"Mit seinem gestylten Haar und dem perfekt getrimmten Bart könnte Johan Forssell als Herrenmodel klassischer 
Schule durchgehen. Trifft man ihn, ist jeder Blickkontakt präzise, wirkt jedes Lächeln überlegt. Vielleicht ist das der 
Grund dafür, dass der 45-Jährige auf Instagram einige Zehntausende Follower gesammelt hat, die ihn im 
Wahlkampf oder auf Presseterminen begleiten.
Dabei spricht der Politiker der Moderaten Sammlungspartei von harten Themen. Als schwedischer 
Migrationsminister ist Forssell für eine der striktesten Einwanderungspolitiken in Europa verantwortlich. 
Bei unserem Gespräch in einem nüchternen Meetingraum des schwer gesicherten Migrationsministeriums in 
Stockholm drückt er sich bedacht aus; er spricht geschliffenes Englisch mit leichtem Akzent. Forssell erklärt, wie es 
zu der seit 2015 vollzogenen Migrationsumkehr seines Landes kam, was seine Regierung vorhat und was er 
Friedrich Merz raten würde, der dem schwedischen Weg zu folgen scheint.
Herr Forssell, wie würden Sie Ihr Ziel als Migrationsminister beschreiben? 
Wir wurden mit dem klaren Auftrag der schwedischen Bevölkerung gewählt, die Zuwanderung in den Griff zu 
bekommen. In den vorigen Jahrzehnten waren wir Einwanderung gegenüber sehr offen. In den 1970er-Jahren gab 
es eine Verlagerung bei der Zuwanderung: von hoch qualifizierten Arbeitsmigranten zu Asylbewerbern.
 Der Zustrom im Jahr 2015 war so groß wie nie zuvor. In nur einem Jahr haben wir 163.000 Asylbewerber 
aufgenommen. Man sollte dabei bedenken, dass Schweden bloß zehn Millionen Einwohner hat in dieser Zeit 
waren wir pro Kopf eines der größten Aufnahmeländer von Asylbewerbern. 
Ich war in dieser Zeit Abgeordneter im Parlament, und dort wurde Zuwanderung als das Beste überhaupt 
beschrieben. Es wurde behauptet, sie würde keinerlei Herausforderungen und keine Probleme mit sich bringen. 
Das fand ich verstörend.

Wir werden nie wieder zur alten Migrationspolitik zurückkehren Schweden hat sich vom liberalsten zum 
striktesten Einwanderungsland Europas entwickelt. Im Interv....
Weil es Probleme gab? 
Ich will mich deutlich ausdrücken: Die meisten Leute, die nach Schweden kommen, sind sehr anständig; sie wollen 
einen Job finden, ein besseres Leben führen. Aber so einfach ist das nicht, denn Schwedens Arbeitsmarkt ist sehr 
spezialisiert. Und wenn man keine Schule besucht hat, kein einziges Wort Schwedisch spricht, kann man nicht 
einfach wohin gehen und sagen: Hallo, gebt mir bitte einen Job! Das dauert. 
Als Beispiel: Ich war vor kurzem in Philipstad, einem kleinen Ort, vor 30 Jahren hatte er 30.000 Einwohner. Dann 
sank die Zahl auf 8000 Einwohner vor zehn Jahren, und während der Flüchtlingskrise kamen 3000 Menschen 
hinzu, die meisten davon aus Somalia. Heute kämpft Philipstad mit der höchsten Arbeitslosenquote in Schweden. 
Es hat die höchsten Sozialversicherungskosten, die niedrigste Bildungsrate. 
Ab 2015 bekamen wir massive Probleme im Land in Zusammenhang mit der Integration. Das offensichtlichste 
davon ist ein Mangel an Recht und Ordnung. In den vergangenen Jahren hatte Schweden im Grunde eine 
Schießerei am Tag.
Erstmalig seit vielen Jahren sank 2024 die Nettomigration nach Schweden im Vergleich zum Jahr davor. Ihre 
Vorgängerin feierte das. Warum werten Sie es als Erfolg? 
Das ist nichts, was wir feiern, das wäre der falsche Ausdruck. Nichtsdestotrotz hatten wir im vergangenen Jahr die 
niedrigste Anzahl von Asylbewerbern seit 1996. Das ist eine historische Verschiebung. Wir müssen langfristig auf 
diesem Kurs bleiben, ansonsten wird Integration unmöglich.
 Es geht dabei nicht nur um die Zahlen, sondern darum, wer genau nach Schweden kommt. Im vergangenen Jahr 
waren 75 Prozent der Ankommenden keine Flüchtlinge. Sie beantragten Asyl, aber die Einwanderungsbehörde 
kam zu dem Schluss, dass sie die Kriterien nicht erfüllten. Mit begrenzten Ressourcen müssen wir uns auf 
diejenigen konzentrieren, die am dringendsten unsere Hilfe benötigen. Das ist nicht nur für unsere humanitären 
Anstrengungen wesentlich, sondern auch dafür, dass die Bevölkerung weiterhin die Asylpolitik befürwortet. 
Zugleich müssen Menschen, die keine Flüchtlinge sind, in ihre Heimat zurückkehren. Damit haben wir 
Schwierigkeiten, sowohl in Schweden als auch in ganz Europa.
Auch wenn Sie die Zuwanderungszahlen gesenkt haben, hat Schweden nach wie vor ein massives Problem mit 
Gang-Kriminalität. Wie sind diese Themen miteinander verknüpft? Glauben Sie, dass die Verringerung von 
Migration das Problem lösen kann?
 Ein Großteil von Schwedens Problemen mit innerer Sicherheit und Gang-Kriminalität steht im Zusammenhang mit 
Migration und Integrationsdefiziten. Es sind Entwicklungen, die sich in den letzten 20 Jahren verschärft haben. 
Migration ist nicht die einzige Ursache, aber eine wichtige. Als kleines Land kann Schweden nicht sehr viele 
Asylbewerber aufnehmen, ohne Wohnungsmangel und Arbeitslosigkeit hervorzurufen. Was Kriminalität befördert. 
Wir setzen weitreichende Reformen der inneren Sicherheit und Strafverfolgung um, aber damit sie funktionieren, 
muss die Asylmigration auf einem niedrigen Stand bleiben. Auch wenn sich unser Tun nicht darauf beschränkt.
Wie Sie bereits erwähnt haben, war die Flüchtlingskrise von 2015 ein Wendepunkt für Ihr Land. Selbst die damalige 
Mitte-Links-Regierung entschied sich, Schwedens Migrationspolitik umzukrempeln. Was hat zu dieser 
Verschiebung geführt? 
Es hat sehr lange gedauert, aber schlussendlich verstanden die Sozialdemokraten und die Grünen: Entweder 
ändern wir unsere Politik oder wir verlieren unser Amt. Ganz einfach. Dennoch räumten sie abgelehnten 
Asylbewerbern das Bleiberecht ein. Das war dann auch der Grund dafür, dass wir vor zwei Jahren gewählt wurden. 
Heutzutage wollen die Grünen und die Linken in die Zeit vor 2015 zurück. Darum glaube ich, dass die Migration bei 
der kommenden Wahl im nächsten Jahr eines der wichtigsten Themen sein wird.
Wir werden nie wieder zur alten Migrationspolitik zurückkehren Schweden hat sich vom liberalsten zum 
striktesten Einwanderungsland Europas entwickelt. Im Interv....
Viele europäische Staaten bewegen sich bei der Migration in die Richtung des Weges, den Schweden 
eingeschlagen hat. Verstehen Sie sich als Pioniere? 
Schweden hatte im Vergleich zu den anderen skandinavischen Ländern einen Sonderweg gewählt und er ging 
nicht gut aus. Dennoch ist Schweden das beste Land der Welt! Aber es ist ein Fakt, dass wir nie wieder zur alten 
Migrationspolitik zurückkehren werden. Seit 2022 wurde die Zahl der Asylbewerber um mehr als 40 Prozent 
reduziert. 
Es ist faszinierend, dass wir vor zehn Jahren diese extreme Ausnahme waren. Heutzutage scheint Schweden den 
Weg zu weisen. Meine Kollegen in Brüssel sind mit ähnlichen Zahlen wie 2015 konfrontiert. Sie fragen mich immer: 
Was macht ihr, das so gut funktioniert? Was ist das Geheimnis? 
Was antworten Sie ihnen? 
Wir sind uns sehr klar darin, was wir erreichen wollen. Wir waren auch sehr erfolgreich darin, unsere 
Migrationspolitik der Bevölkerung zu erklären, warum sie genau so notwendig ist. Und warum es nicht darum geht, 
Menschen aus anderen Teilen der Welt nicht zu mögen. Wir wollen das Recht auf Asyl in Schweden bewahren.
Bundeskanzler Merz ist von einem ähnlichen Ansatz überzeugt: Er will die Zustimmungswerte der AfD durch gute 
Regierungsarbeit verkleinern. Kann gute Politik helfen, Wähler von den Rechtsparteien zurückzugewinnen? 
Ich glaube schon. Es ist wichtig für die Menschen, das Gefühl zu haben, dass wir die Dinge unter Kontrolle haben. 
Deswegen wurden wir in der Wahl von 2022 so stark unterstützt. Die Vorgängerregierung wurde als realitätsfremd 
angesehen. Denn sie arbeitete als Minderheitsregierung mit Parteien zusammen, die einen ganz anderen Ansatz 
bei der Asylmigration verfolgen. 
Kluge Öffentlichkeitsarbeit kann zu kurzfristigem politischen Erfolg führen. Aber nachhaltiges Vertrauen entsteht 
nur, wenn man die Probleme löst, mit denen die Menschen tagtäglich zu tun haben.
Was würden Sie Friedrich Merz raten, um seine Kanzlerschaft zum Erfolg zu führen? 
Wir kooperieren seit Jahren sehr eng mit Deutschland. Da die CDU und die Moderaten zur derselben 
Parteienfamilie gehören, wollen wir Deutschland dabei helfen, erfolgreich zu sein. 
Mein wichtigster Ratschlag ist, dass keine einzelne Reform alles löst. Man muss Staatsbürgerschaft, 
Aufenthaltstitel, Verhaltensregeln, Abschiebungen bei schweren Verbrechen und anderes zusammendenken und 
adressieren. Eine wichtige Herausforderung, sowohl für Deutschland als auch für Schweden, ist das Fehlen eines 
funktionierenden Rückkehrsystems. Erfolg ist möglich, wenn alle diese Bereiche in Angriff genommen werden."
2025-05,Main Corpus,2025-05(50).ZIP,Wird Tegel das neue Moria_ Die Notunterkunft wird Zentrum für Asylsuchende nach den neuen EU-Regeln.PDF,C:\PythonProjects\AfD-project\Corpora\Main Corpus\2025-05\raw_unarchive\Wird Tegel das neue Moria_ Die Notunterkunft wird Zentrum für Asylsuchende nach den neuen EU-Regeln.PDF,Wird Tegel das neue Moria? Die Notunterkunft wird Zentrum für Asylsuchende nach den neuen EU-Regeln.,wird tegel das neue moria die notunterkunft wird zentrum für asylsuchende nach den neuen euregeln,"taz, die tageszeitung",taz die tageszeitung,Freitag 30. Mai 2025,Susanne Memarnia,BERLIN AKTUELL; S. 22,733,5263,75aa026843a52c76cebbc1659d299821fb932ee5,,unique,keep,,no,,no,,,6814,no,,,,,"Von Susanne Memarnia
Flüchtlingsorganisationen sehen den neuen Beschluss des Senats zur Notunterkunft in Tegel mit großer Sorge. Der 
Sprecher von Pro Asyl, Tareq Alaows, befürchtet, dass Tegel unter den EU-Regeln zum Gemeinsamen 
Europäischen Asylsystem (Geas) das größte Haftzentrum für Asylsuchende in Deutschland, vielleicht sogar in 
Europa wird. Tegel könnte das neue Moria werden , sagte Alaows der taz in Anspielung auf ein Flüchtlingslager in 
Griechenland, das aufgrund skandlöser Zustände international für Empörung sorgte.
Auch beim Flüchtlingsrat lässt die Ankündigung von CDU und SPD, Tegel werde zum zentralen Ankunftszentrum 
nach den Geas-Regeln, die Alarmglocken klingeln. Unter dem Deckmantel eines einheitlichen Verfahrens droht 
eine massive Einschränkung des individuellen Asylrechts inklusive Schnellverfahren, eingeschränkter Rechtsmittel 
und haftähnlicher Unterbringung , sagt Mitarbeiterin Djairan Jekta der taz.
Der Senat hatte am Dienstag auf Vorlage der zuständigen Senatorin für Integration, Cansel Kiziltepe (SPD), eine 
Verlängerung der Unterbringung von Geflüchteten in Tegel bis 2031 beschlossen. Bisher lief die Genehmigung nur 
bis Ende 2025. Zugleich sollen die Kapazitäten von 7.000 auf 2.600 Plätze verkleinert, die Zelte abgebaut und 
durch Container ersetzt werden.
Ab kommendem Jahr soll Tegel übergangsweise zum zentralen Ankunftszentrum für Asylsuchende nach den 
Geas-Regeln werden. Das derzeitige Ankunftszentrum auf dem Gelände der ehemaligen Karl-Bonhoeffer-
Nervenklinik entspreche nicht den EU-Standards, es soll laut Senat saniert werden.
Zu Geas gehören die zentrale Unterbringung von neu ankommenden Asylsuchenden und das so genannte 
Screening, bei dem es um Identität, Gesundheitszustand und Bleibeperspektive geht. Was genau die neuen Geas-

Wird Tegel das neue Moria? Die Notunterkunft wird Zentrum für Asylsuchende nach den neuen EU-Regeln. 
Flüchtlingsorganisationen befürchten das Schlimmste
Regeln für den Asylprozess hierzulande bedeuten, ist noch nicht klar, weil die Richtlinien noch nicht in nationales 
Recht überführt wurden.
Nach taz-Informationen stellt sich der Senat unter anderem auf die Vorgabe ein, dass Menschen ohne gute 
Bleibeperspektive nach dem Screening, das etwa eine Woche dauern soll, nicht in eine Gemeinschaftunterkunft in 
der Stadt verteilt werden, sondern in Tegel bleiben müssen. Gleiches könnte für Dublin-Fälle gelten, für die andere 
EU-Länder zuständig sind. Damit würde Tegel nicht nur Aufnahmezentrum sondern auch eine Art Gewahrsam bis 
zur Abschiebung.
Auch an den EU-Außengrenzen sollen laut Geas Aufnahmelager entstehen, in denen Flüchtlinge interniert werden. 
Solche mit schlechter Bleibeperspektive sollen in der Regel gar nicht erst einreisen dürfen. Laut Alaows soll das 
Screening normalerweise in diesen Lagern geschehen. Dass nun auch für Tegel von einem Screening die Rede 
ist, weist darauf hin, dass hier Ähnliches geplant ist wie an den Außengrenzen. 
Auch die Zahl der Plätze in Tegel weise in die Richtung einer riesigen Haftanstalt, so der Experte von Pro Asyl. 
Tatsächlich sind laut Senatsbeschluss von den geplanten 2.600 Plätzen im neuen Ankunftszentrum nur 600 für das 
Screening vorgesehen wofür die übrigen gedacht sind, wird nicht erwähnt.
Dem Flüchtlingsrat gibt die Kapazität von Tegel ebenfalls zu denken: Große Sammelunterkünfte schaffen 
Abhängigkeit, Isolation, Gewalt, Krankheiten und erschweren gesellschaftliche Teilhabe, insbesondere wenn sie mit 
restriktiven Verfahren verknüpft sind , so Jekta.
Vor zwei Wochen hatte die beim Regierenden Bürgermeister Kai Wegner (CDU) angesiedelte Task-Force 
Unterbringung noch weitere Vorschläge gemacht. Dazu gehörten unter anderem der Ausbau der Unterbringung am 
ehemaligen Flughafen Tempelhof sowie die Festlegung, bis zu 8.700 weitere Plätze in dezentralen Unterkünften 
schaffen zu wollen. Zu all em beschloss der Senat am Dienstag nichts offenbar gibt es dazu keine Einigkeit in der 
Koalition aus CDU und SPD.
Die Notunterkunft in Tegel war kurz nach Beginn des Ukrainekriegs Anfang 2022 entstanden. Ursprünglich war sie 
nur als Verteilzentrum geplant, von dem aus Kriegsflüchtlinge binnen weniger Tage in andere deutsche Kommunen 
oder in Gemeinschaftsunterkünfte in Berlin gebracht werden sollten. Mit der Zeit wurde Tegel jedoch zu 
Deutschlands größter Notunterkunft, in der skandalöse Zustände herrschen.
Menschen müssen teils weit länger als ein Jahr in Großzelten leben, in denen jeweils bis zu 320 Menschen auf 
engstem Raum untergebracht sind. Laut einem aktuellen Bericht von RTL, das eine Undercover -Reporterin 
einschleuste, kostet jeder Platz pro Tag 400 Euro.
In den vergangenen Monaten wurde Tegel immer leerer, Mitte Mai lebten dort laut Landesflüchtlingsamt knapp 
3.000 Menschen. Ohnehin kommen in Berlin immer weniger neue Flüchtlinge an. Bis Ende April nahm Berlin 2.278 
Geflüchtete auf 30 Prozent weniger als im Vorjahreszeitraum.
Der Senatsbeschluss von Dienstag schafft außerdem die Voraussetzungen für die Umsetzung des Projekts Urban 
Tech Republic sowie des Wohnungsbauprojekts Schumacher-Quartier . Auch die Berliner Feuerwehr- und 
Rettungsakademie will auf dem früheren Flughafengelände bauen.
 Eine massive Einschränkung des individuellen Asylrechts"
2025-05,Main Corpus,2025-05(50).ZIP,Zehn Jahre Flüchtlingshilfe_ Ein Erfolgsmodell Integration Noch immer sind zahlreiche Ehrenamtliche(2).PDF,C:\PythonProjects\AfD-project\Corpora\Main Corpus\2025-05\raw_unarchive\Zehn Jahre Flüchtlingshilfe_ Ein Erfolgsmodell Integration Noch immer sind zahlreiche Ehrenamtliche(2).PDF,Zehn Jahre Flüchtlingshilfe: Ein Erfolgsmodell Integration Noch immer sind zahlreiche Ehrenamtliche in,zehn jahre flüchtlingshilfe ein erfolgsmodell integration noch immer sind zahlreiche ehrenamtliche in,Nordwest-Zeitung,nordwestzeitung,03. Mai 2025,,WILDESHAUSEN; S. 13,498,3863,074e9b365efc55436a2fb231c644478eb64deb4f,,unique,keep,,no,,no,,,5120,no,,,,,"Wardenburg - Menschen, die mit kaum mehr als einem Rucksack und einer Plastiktüte auf Bahnhöfen stranden ; 
überfüllte Schlauchboote, die auf abenteuerliche Weise übers Mittelmeer nach Europa unterwegs sind; verzweifelte 
Familien mit kleinen Kinder, die zu Fuß nach Zuflucht suchen diese Bilder aus dem Jahr 2015 sind noch bei vielen 
Deutschen präsent. Die damalige Flüchtlingswelle ausgelöst vor allem durch verheerende Krisenherde in Syrien, 
Afghanistan und Afrika stellte Deutschland und seine Kommunen vor eine gewaltige Herausforderung.
Hilfsbereitschaft
Mit der Flüchtlingswelle kam auch die Welle der Hilfsbereitschaft. Auch zehn Jahre später sind viele der damals 
gegründeten Flüchtlingshilfegruppen immer noch aktiv und leisten wertvolle Integrationsarbeit. Eine der wohl 
emsigsten Gruppen im Landkreis Oldenburg ist die Wardenburger Flüchtlingshilfe, die zusammen mit dem Offenen 
Teehaus der evangelischen Kirchengemeinde kaum nachgelassen hat, ihren Beitrag zur Eingliederung von 
Geflüchteten zu leisten. Ein Jahrzehnt gelebter Solidarität soll in Wardenburg am 31. August mit einem 
kunterbunten Familienfest gefeiert werden (siehe Info-Kasten).
Die Liste der Angebote und Hilfen ist lang: darunter die mobile Fahrradwerkstatt , eine Fahrradvermittlung, eine 
Fußballgruppe und eine Nähgruppe, die bis heute bestehen. Aber auch einzelne, zeitlich begrenzte Projekte wie 
Zirkus für Kinder , Chancenwerkstatt zur Ausbildungs- und Jobvermittlung, Töpferkurse , Hilfe beim Deutschlernen 
und gemeinsames Kochen wurden und werden organisiert.

Zehn Jahre Flüchtlingshilfe: Ein Erfolgsmodell Integration Noch immer sind zahlreiche Ehrenamtliche in 
Wardenburg aktiv dabei Viele Angebote
Einzelne Patenschaften
 Einzelne Ehrenamtliche übernehmen Familienpatenschaften und begleiten die Menschen mit jeweils individuell 
erforderlicher Unterstützung bei Arztbesuchen, Behördengängen, Asylverfahren, Papierkram und bei der Job- und 
Wohnungssuche , zählt Detlef Bollmann auf. Der Tungeler ist nicht nur Mitbegründer der Wardenburger 
Flüchtlingshilfe, sondern als deren offizieller Sprecher auch von der Gemeinde legitimiert. Wir sind kein Verein, 
sondern angegliedert an die evangelische Kirchengemeinde Wardenburg. 
Die meisten der ehemaligen Asylbewerberinnen und -bewerber, die überwiegend aus Syrien, Afghanistan, Irak, 
Iran, Ukraine und Türkei stammen, haben mittlerweile in Wardenburg ihre zweite Heimat gefunden, freut sich 
Flüchtlingshelferin Sabine Neumeister. Die Kinder wurden schnell in die Kitas und Schulen aufgenommen, die 
Schutzsuchenden besuchten Sprach- und Integrationskurse und im Laufe der Jahre fand ein Großteil von ihnen 
einen Ausbildungsplatz oder eine Arbeitsstelle. 
Wichtig: Offenes Teehaus
Ein wichtiger Ort, Geflüchtete und Einheimische zusammenzubringen, um sich gegenseitig zu unterstützen und zu 
vernetzen, war von Anfang an das Offene Teehaus im evangelischen Gemeindehaus. Durch diese regelmäßigen 
Treffen einmal im Monat sind viele freundschaftliche Kontakte entstanden , weiß Pastorin Imke Gießing. Das Team 
der Ehrenamtlichen, zu dem inzwischen auch ehemalige Geflüchtete gehören, trifft sich weiterhin regelmäßig, um 
unter anderem gemeinsam Feste und Ausflüge zu unternehmen.
Die Anzahl der Ehrenamtlichen ist auch nach zehn Jahren noch konstant: Es sind nicht mehr alle dieselben einige 
gingen, andere kamen neu hinzu , so Bollmann. Der harte Kern an Aktiven bestehe aus über 30 Leuten, aber es 
bestehe ein Pool aus rund 90 Freiwilligen, wenn es darum gehe, spontan zu helfen oder einzelne Projekte 
mitzubetreuen. Die Wardenburger Gruppe kann noch immer sehr viele Menschen mobilisieren , zeigt sich auch 
Ute Frankenfeld, Integrationsbeauftragte des Landkreises Oldenburg, beeindruckt. In fast allen Kommunen, bis auf 
Hude, sind noch immer Flüchtlingshilfegruppen tätig.
PDF-Datei dieses Dokuments"
2025-05,Main Corpus,2025-05(50).ZIP,Zehn Jahre Flüchtlingshilfe_ Ein Erfolgsmodell Integration Noch immer sind zahlreiche Ehrenamtliche.PDF,C:\PythonProjects\AfD-project\Corpora\Main Corpus\2025-05\raw_unarchive\Zehn Jahre Flüchtlingshilfe_ Ein Erfolgsmodell Integration Noch immer sind zahlreiche Ehrenamtliche.PDF,Zehn Jahre Flüchtlingshilfe: Ein Erfolgsmodell Integration Noch immer sind zahlreiche Ehrenamtliche in,zehn jahre flüchtlingshilfe ein erfolgsmodell integration noch immer sind zahlreiche ehrenamtliche in,Nordwest-Zeitung,nordwestzeitung,16. Mai 2025,,WARDENBURGER; S. 36,498,3865,8d9de95658e50f38dc63f82243cf4b50b859da7e,,unique,keep,,no,,no,,,5122,no,,,,,"Wardenburg - Menschen, die mit kaum mehr als einem Rucksack und einer Plastiktüte auf Bahnhöfen stranden ; 
überfüllte Schlauchboote, die auf abenteuerliche Weise übers Mittelmeer nach Europa unterwegs sind; verzweifelte 
Familien mit kleinen Kinder, die zu Fuß nach Zuflucht suchen diese Bilder aus dem Jahr 2015 sind noch bei vielen 
Deutschen präsent. Die damalige Flüchtlingswelle ausgelöst vor allem durch verheerende Krisenherde in Syrien, 
Afghanistan und Afrika stellte Deutschland und seine Kommunen vor eine gewaltige Herausforderung.
Hilfsbereitschaft
Mit der Flüchtlingswelle kam auch die Welle der Hilfsbereitschaft. Auch zehn Jahre später sind viele der damals 
gegründeten Flüchtlingshilfegruppen immer noch aktiv und leisten wertvolle Integrationsarbeit. Eine der wohl 
emsigsten Gruppen im Landkreis Oldenburg ist die Wardenburger Flüchtlingshilfe, die zusammen mit dem Offenen 
Teehaus der evangelischen Kirchengemeinde kaum nachgelassen hat, ihren Beitrag zur Eingliederung von 
Geflüchteten zu leisten. Ein Jahrzehnt gelebter Solidarität soll in Wardenburg am 31. August mit einem 
kunterbunten Familienfest gefeiert werden (siehe Info-Kasten).
Die Liste der Angebote und Hilfen ist lang: darunter die mobile Fahrradwerkstatt , eine Fahrradvermittlung, eine 
Fußballgruppe und eine Nähgruppe, die bis heute bestehen. Aber auch einzelne, zeitlich begrenzte Projekte wie 
Zirkus für Kinder , Chancenwerkstatt zur Ausbildungs- und Jobvermittlung, Töpferkurse , Hilfe beim Deutschlernen 
und gemeinsames Kochen wurden und werden organisiert.

Zehn Jahre Flüchtlingshilfe: Ein Erfolgsmodell Integration Noch immer sind zahlreiche Ehrenamtliche in 
Wardenburg aktiv dabei Viele Angebote
Einzelne Patenschaften
 Einzelne Ehrenamtliche übernehmen Familienpatenschaften und begleiten die Menschen mit jeweils individuell 
erforderlicher Unterstützung bei Arztbesuchen, Behördengängen, Asylverfahren, Papierkram und bei der Job- und 
Wohnungssuche , zählt Detlef Bollmann auf. Der Tungeler ist nicht nur Mitbegründer der Wardenburger 
Flüchtlingshilfe, sondern als deren offizieller Sprecher auch von der Gemeinde legitimiert. Wir sind kein Verein, 
sondern angegliedert an die evangelische Kirchengemeinde Wardenburg. 
 Die meisten der ehemaligen Asylbewerberinnen und -bewerber, die überwiegend aus Syrien, Afghanistan, Irak, 
Iran, Ukraine und Türkei stammen, haben mittlerweile in Wardenburg ihre zweite Heimat gefunden, freut sich 
Flüchtlingshelferin Sabine Neumeister. Die Kinder wurden schnell in die Kitas und Schulen aufgenommen, die 
Schutzsuchenden besuchten Sprach- und Integrationskurse und im Laufe der Jahre fand ein Großteil von ihnen 
einen Ausbildungsplatz oder eine Arbeitsstelle . 
Wichtig: Offenes Teehaus
Ein wichtiger Ort, Geflüchtete und Einheimische zusammenzubringen, um sich gegenseitig zu unterstützen und zu 
vernetzen, war von Anfang an das Offene Teehaus im evangelischen Gemeindehaus. Durch diese regelmäßigen 
Treffen einmal im Monat sind viele freundschaftliche Kontakte entstanden , weiß Pastorin Imke Gießing. Das Team 
der Ehrenamtlichen, zu dem inzwischen auch ehemalige Geflüchtete gehören, trifft sich weiterhin regelmäßig, um 
unter anderem gemeinsam Feste und Ausflüge zu unternehmen.
Die Anzahl der Ehrenamtlichen ist auch nach zehn Jahren noch konstant: Es sind nicht mehr alle dieselben einige 
gingen, andere kamen neu hinzu , so Bollmann. Der harte Kern an Aktiven bestehe aus über 30 Leuten, aber es 
bestehe ein Pool aus rund 90 Freiwilligen, wenn es darum gehe, spontan zu helfen oder einzelne Projekte 
mitzubetreuen. Die Wardenburger Gruppe kann noch immer sehr viele Menschen mobilisieren , zeigt sich auch 
Ute Frankenfeld, Integrationsbeauftragte des Landkreises Oldenburg, beeindruckt. In fast allen Kommunen, bis auf 
Hude, sind noch immer Flüchtlingshilfegruppen tätig.
PDF-Datei dieses Dokuments"
2025-05,Main Corpus,2025-05(50).ZIP,Zeuge schildert Hamburger Messerangriff.PDF,C:\PythonProjects\AfD-project\Corpora\Main Corpus\2025-05\raw_unarchive\Zeuge schildert Hamburger Messerangriff.PDF,Zeuge schildert Hamburger Messerangriff,zeuge schildert hamburger messerangriff,Der Tagesspiegel,der tagesspiegel,Montag 26. Mai 2025,,PANORAMA; S. 23,263,1786,8c1e42b3dd37738b44d3dc524b61a25cbfbdbe8b,,unique,keep,,no,,no,,,2411,no,,,,,"Der Messerangriff am Hamburger Hauptbahnhof mit 18 Verletzten am Freitag ,,konnte durch das sehr schnelle 
Eingreifen zweier Passanten unterbrochen werden"". Das teilte die Polizei bereits kurz danach mit - der ,,Spiegel"" 
hat nun mit einem dieser Passanten telefoniert. Es handelt sich demnach um Muhammad Al Muhammad, einen 19-
jährigen Syrer, der im Jahr 2022 als Flüchtling nach Deutschland kam. Al Muhammad schildert die Messerattacke 
der 39-jährigen Deutschen wie folgt:
Viele Menschen seien auf dem Bahnsteig in eine Richtung gerannt, weg von der Frau mit dem Messer - doch Al 
Muhammad habe das Gegenteil getan. ,,Ich habe mich entschieden, in die andere Richtung zu rennen und die Frau 
zu stoppen"", wird er im ,,Spiegel"" zitiert. Ein anderer Passant - ein Tschetschene - habe der Frau ins Knie getreten 
und sie damit zu Fall gebracht. Al Muhammad habe sie dann auf dem Boden festgehalten. Er habe ihr gedroht, sie 
zu schlagen, wenn sie aufsteht - doch sie habe keinen Widerstand geleistet. 
Ungefähr zwei Minuten später sei die Polizei zur Verhaftung der Frau eingetroffen. Nach seiner Befragung hätten 
sich die Beamten bei Al Muhammad bedankt und ihm einen Cappuccino ausgegeben - sehr zu seiner Freude.
Drei Frauen im Alter von 24, 52 und 85 Jahren und ein 24-Jähriger waren bei der Messerattacke lebensgefährlich 
verletzt worden. Doch ihr Zustand hat sich stabilisiert. Außerdem wurden sieben Menschen schwer und weitere 
sieben Menschen leicht verletzt. Der 39-jährigen Angreiferin wird versuchter Totschlag und gefährliche 
Körperverletzung vorgeworfen. Sie wurde in eine psychiatrische Klinik eingewiesen. Vor dem Haftrichter hat die 
Verdächtige die Tathandlung eingeräumt. (TMA/dpa)
***
 Einige der Verletzten konnten die Krankenhäuser inzwischen wieder verlassen."
2025-05,Main Corpus,2025-05(50).ZIP,Zu viert auf 20 Quadratmetern Malda und Ali wohnen mit ihren Kindern in der Flüchtlingsunterkunft An.PDF,C:\PythonProjects\AfD-project\Corpora\Main Corpus\2025-05\raw_unarchive\Zu viert auf 20 Quadratmetern Malda und Ali wohnen mit ihren Kindern in der Flüchtlingsunterkunft An.PDF,Zu viert auf 20 Quadratmetern Malda und Ali wohnen mit ihren Kindern in der Flüchtlingsunterkunft An der,zu viert auf 20 quadratmetern malda und ali wohnen mit ihren kindern in der flüchtlingsunterkunft an der,Rheinische Post,rheinische post,Samstag 24. Mai 2025,,S. 26,1142,7379,9715474b3d690e32828d7abc20cf4dc2551d4823,,unique,keep,,no,,no,,,8262,no,,,,,"Dinslaken (nm) Die Wände des 20 Quadratmeter großen Raumes sind weiß gestrichen und ansonsten kahl. An der 
Wand gegenüber der Tür, direkt unter dem einzigen Fenster in dem Zimmer, steht eine große braune Couch. Sie 
sieht abgenutzt aus. Auch die Matratze, die vor dem Sofa liegt, scheint verschlissen. Das Zimmer und dessen 
Einrichtung machen einen trostlosen Eindruck. Trotzdem sind Malda und Ali dankbar für das, was sie hier haben, 
betonen sie. Hier, das ist die Flüchtlingsunterkunft An der Fliehburg in Dinslaken. Dort leben der 26-Jährige und die 
23-Jährige seit Ende 2023 gemeinsam mit ihrem vierjährigen Sohn Mustafa und seit Anfang des Jahres auch mit 
der vier Monate alten Tochter Iman.
Dass die Familie vereint zusammen ist, war nicht immer so. Weil Malda der Pass in ihrem eigenen Heimatland in 
Syrien abgenommen wurde und sie so erst einmal kein Visum fürs Ausland beantragen konnte, hat sich ihr 
Ehemann Anfang 2022 zunächst alleine auf den Weg gemacht. 15 Tage sei er vom syrischen Heimatort des 
Ehepaares, Qamischli, ins über 3500 Kilometer entfernte Deutschland geflüchtet. Mitgenommen habe er alleine 
das, was er am Körper trug, erzählt er im Gespräch, das von einem Dolmetscher begleitet wird. Mehrmals sei er 
während seiner Fluchtversuche an Grenzübergängen festgenommen und zurückgeschickt worden.
Angst habe er gehabt, vor allem aber um seine Ehefrau und den damals zweijährigen Mustafa. Erst über ein Jahr 
später hätten sich die beiden nämlich auf den Weg zu Ali machen können. Die Beschreibung der Flucht der jungen 
Mutter und ihres Kleinkindes klingt dabei wie ein Horrorfilm: An der Grenze zur Slowakei sei sie festgenommen 
worden, mehrere Tage hatte sie keinen Kontakt zu Ali. Er habe nicht gewusst, wo sie ist und was mit ihr und ihrem 
Kind geschieht. Schleuser hätten ihr das ganze Geld, das sie dabeihatte, abgenommen. Fünf Tage lang mussten 
Mutter und Kind hungern, weil sie nichts zu essen kaufen konnte. „Der Kleine hat oft nach seinem Papa geschrien“, 
erinnert sich Malda, woraufhin ihm die Schleuser Beruhigungsmittel verabreicht hätten. Die Geflüchteten durften an 
Grenzstellen keinen Mucks von sich geben, um nicht aufzufallen, beschreibt sie. Malda habe „nur Angst“ gehabt – 
um ihr Kind und vor den Schleusern selbst.

Zu viert auf 20 Quadratmetern Malda und Ali wohnen mit ihren Kindern in der Flüchtlingsunterkunft An der 
Fliehburg. Sie kommen aus Syrien und haben eine spannen....
Doch sie und Mustafa haben es geschafft, kamen in der Erstaufnahmestelle in Bochum an. Dort sah sie endlich 
ihren Ali wieder. „Das war so ein gutes Gefühl. Wir konnten es kaum glauben, dass wir es geschafft hatten“, 
beschreibt Ali. Nach fünf Monaten in Unterbringungen in Mönchengladbach und Castrop-Rauxel kam die junge 
Familie nach Dinslaken in die von der Caritas betriebene Unterkunft An der Fliehburg. „Meine Eltern, die auch in 
Bochum wohnen, wollten, dass wir da bleiben. Aber uns gefiel Dinslaken auf Anhieb sehr gut“, erklärt Ali.
Seitdem wohnt die Familie in der Flüchtlingsunterkunft mit der Nummer 31. Die Zahl prangt groß in Rot auf einem 
langen Container mit Holzverkleidung. Sechs Familien mit jeweils vier Personen wohnen mit Ali, Malda, Mustafa 
und der kleinen Iman auf einer Ebene, der zweiten Etage. Kurz vor einer Glastür, die den ersten Gebäudeteil, in 
dem viele alleinstehende Männer wohnen, von dem Teil der Familien trennt, befinden sich die Bäder. Sie sind 
aufgeteilt in ein Männer- und ein Frauen-WC. Sechs Duschen stehen zur Verfügung, aufgereiht wie die 
Duschkabinen im Schwimmbad. Daneben befinden sich die abschließbaren Toiletten. Gegenüber sind die 
Waschbecken angeordnet. Auch hier ist die Einrichtung einfach gehalten, aber sauber.
Schräg gegenüber dem Zimmer der jungen Familie befindet sich die Gemeinschaftsküche, die sich alle auf dem 
Flur teilen müssen. Teller, Pfannen, Gewürze stapeln sich dort auf einem Fachlastregal. Rechts an der Seite steht 
ein Tisch, ebenfalls vollgestellt mit Geschirr. Gerade scheint jemand Pasta gekocht zu haben. Die dampfenden 
Nudeln befinden sich noch in einem Sieb.
Gegenüber steht eine Gastrospüle aus Edelstahl, daneben zwei Öfen mit jeweils vier Herdplatten. Dafür, dass hier 
so viele Menschen dieselbe Küche nutzen, sieht der Herd sehr gepflegt aus. Dennoch wirkt die Küche unordentlich. 
Malda grinst. „Es ist nicht einfach, sich die Küche mit so vielen Menschen zu teilen. Wir versuchen Rücksicht zu 
nehmen. Das klappt dann irgendwie“, sagt sie. Jede Familie koche für sich selbst. Vor allem Malda nutze die Küche 
oft, weil sie für Mustafa gerne frisch das Essen zubereitet.
Ansonsten verbringe sie viel Zeit auf dem Zimmer. Ali sei gerne draußen unterwegs, war für einige Zeit bei einer 
Zeitarbeitsfirma angestellt. Da Mustafa den Tag über in der Kita ist, ist Malda oft mit Iman alleine. „Wenn ich hier so 
alleine sitze, nie was anderes sehe, weil bei uns der Schlafplatz im Wohnbereich ist, der Kühlschrank von uns im 
selben Zimmer steht, dann werde ich manchmal traurig“, gibt sie zu. Bis vor Kurzem sei sie zum Frauenfrühstück 
gegangen, das regelmäßig in der Cafeteria auf dem Fliehburg-Gelände stattfindet. Doch seit Iman da ist, schaffe 
sie das nicht mehr, begründet die 23-Jährige.
Das Baby schläft während des Besuchs die meiste Zeit ruhig im Kinderwagen. „Sie ist immer so lieb und schläft 
nachts sogar oft durch“, erklärt die junge Mutter und blickt ihre Tochter liebevoll an. Das sei ein großer Vorteil. 
Schließlich schlafen alle in einem Zimmer. Papa Ali auf der schmalen Couch, sie direkt auf der Matratze. Und direkt 
neben Mama Malda und dem Baby der kleine Mustafa.
Doch die Schlafsituation soll sich bald ändern. Die Familie hat eine Wohnung in Aussicht und wird in naher Zukunft 
die Flüchtlingsunterkunft An der Fliehburg verlassen können. „Die Matratzen, den Kühlschrank und den Fernseher 
wollen wir mitnehmen“, erklärt Ali. Den Rest der ärmlichen Ausstattung im Zimmer, zwei Regale, wollen sie 
Nachbarn schenken. Diese hätten schon geweint, als sie hörten, Malda, Ali und die Kinder ziehen in ihre erste 
eigene Wohnung in der neuen Heimat. Doch für die junge Familie bedeutet ein richtiges Zuhause alles. Malda 
strahlt: Eine eigene Wohnung, dann sei es endlich wieder ein bisschen wie damals in Qamischli, ihrem Heimatort.
Caritas stellt Erstausstattung
Gewohnheit Wie Guido Busch von der Caritas erklärt, würden alle Erstankömmlinge für ihre Zimmer eine erste 
Ausstattung erhalten. Darunter befänden sich immer auch ein Bett und eine Matratze. Viele, wie eben auch Ali und 
Malda, mögen es jedoch lieber, nur mit einer Matratze direkt auf dem Boden zu schlafen, berichtet Busch. Die 
weitere Einrichtung ihrer Zimmer, welche die Caritas über Spenden erhält, dürften sich die Familien dann selbst 
aussuchen.
Zu viert auf 20 Quadratmetern Malda und Ali wohnen mit ihren Kindern in der Flüchtlingsunterkunft An der 
Fliehburg. Sie kommen aus Syrien und haben eine spannen....
Link to PDF
Graphic
 
In verschiedenen Wohneinheiten leben manchmal vierköpfige Familien auf 20 Quadratmetern Wohnfläche. Foto: 
Markus Joosten

Zu viert auf 20 Quadratmetern Malda und Ali wohnen mit ihren Kindern in der Flüchtlingsunterkunft An der 
Fliehburg. Sie kommen aus Syrien und haben eine spannen....
Die Flüchtlingsunterkunft An der Fliehburg: Hier leben auch Malda, Ali und ihre beiden Kinder (Archivbild). Foto: 
Weißenfels"
2025-05,Main Corpus,2025-05(50).ZIP,"„Integration ist Daueraufgabe“ Viele Kommunen klagen über Überforderung durch immer mehr Migranten,.PDF","C:\PythonProjects\AfD-project\Corpora\Main Corpus\2025-05\raw_unarchive\„Integration ist Daueraufgabe“ Viele Kommunen klagen über Überforderung durch immer mehr Migranten,.PDF","„Integration ist Daueraufgabe“ Viele Kommunen klagen über Überforderung durch immer mehr Migranten, um",integration ist daueraufgabe viele kommunen klagen über überforderung durch immer mehr migranten um,Südwest Presse,südwest presse,Freitag 9. Mai 2025,,THEMEN DES TAGES / POLITIK; S. 3; Band 81; Ausg. 106,374,2673,5eb24607140d0b8a12a9a71a7f4b838c5f3f6011,,unique,keep,,no,,no,,,3571,no,,,,,"Bis Ende 2023 saß André Berghegger für die CDU im Bundestag. Er hat dort die Höhepunkte der 
Flüchtlingsbewegungen Richtung Deutschland und die Debatten darüber erlebt. Seit dem 1. Januar ist Berghegger 
Hauptgeschäftsführer des Deutschen Städte- und Gemeindebundes
Ihr Verband hat die Ankündigungen der neuen Koalition in Sachen Migration grundsätzlich positiv beurteilt. Was 
genau erwarten Sie?
André Berghegger: Wir erwarten, dass aus den guten Ansätzen und Ankündigungen auch Taten werden. Es 
braucht eine echte Migrationswende nach dem Prinzip Steuern, Ordnen und Begrenzen. Dabei dürfen wir nicht 
immer nur auf die Zahlen der Zuzüge schauen, sondern müssen auch betrachten, wie viele Menschen in den 
letzten 10 Jahren bereits zu uns gekommen sind.
Und was fehlt Ihnen noch im Koalitionsvertrag?
Das klare Bekenntnis, dass der Bund die Verantwortung für Ausreisen und Rückführungen übernimmt. Gerade hier 
braucht es schlanke Verfahren und eine Zuständigkeit aus einer Hand. Dadurch senden wir die Signale, dass 
diejenigen unser Land verlassen müssen, die kein Bleiberecht haben.
Worin bestehen die Hauptbelastungen durch die Migration für die Kommunen?
Die Hauptbelastung sind die Unterbringung und Integration vor Ort. Insbesondere die Integration ist eine 
Daueraufgabe, die einem Marathon gleicht. Diese erfordert viele personelle und finanzielle Ressourcen. Daher 
brauchen wir eine Atempause bei den Zuzügen.
Es sind nicht alle Kommunen gleichermaßen betroffen. Gibt es regionale oder andere Schwerpunkte?
Das lässt sich nicht pauschal sagen. Es kommt auf die jeweilige Verteilung in den Bundesländern an. Der Fokus bei 
der Verteilung muss zukünftig mehr in die Richtung gehen, dass Integration vor Ort möglich ist. Es müssen 
potenzielle und geeignete Arbeitsplätze sowie die soziale Infrastruktur zur Verfügung stehen.

„Integration ist Daueraufgabe“ Viele Kommunen klagen über Überforderung durch immer mehr Migranten, um 
die sie sich kümmern müssen. Ändert sich das bald?
In manchen Orten stehen mittlerweile Flüchtlingsunterkünfte leer. Was soll damit geschehen?
Das kommt auf die Unterkünfte an. Einige Unterkünfte können sicherlich auch zu anderen Zwecken genutzt 
werden. Wichtig ist jedoch, dass wir für etwaige zukünftige Fluchtbewegungen auch Unterbringungskapazitäten 
vorhalten. Diese Reserven müssen Bund und Länder den Kommunen dann aber vollständig ausfinanzieren. 
⇥André Bochow
Link zum PDF-Dokument
Link zum PDF-Dokument

„Integration ist Daueraufgabe“ Viele Kommunen klagen über Überforderung durch immer mehr Migranten, um 
die sie sich kümmern müssen. Ändert sich das bald?
Graphic
 
Dr. André Berghegger. ⇥Foto: DStGB/ Tanja Fügener"
