batch_id,corpus_name,source_archive,file_name,file_path,title_original,title_normalized,publication,publication_normalized,date,byline,section,word_count,body_char_count,body_hash_exact,duplicate_group_id,duplicate_category,keep_drop_review,drop_reason,kept_representative_of_group,representative_selection_reason,malformed_flag,malformed_reason,notes,raw_text_chars,low_value_flag,low_value_reason,exact_duplicate_group,near_duplicate_group,repeated_variant_group,body_text
2020-08,Main Corpus,2020-08(50).ZIP,_Die Hilfsbereitschaft ist ungebrochen_ UNHCR-Repräsentant Frank Remus über zivilgesellschaftliches.PDF,C:\PythonProjects\AfD-project\Corpora\Main Corpus\2020-08\raw_unarchive\_Die Hilfsbereitschaft ist ungebrochen_ UNHCR-Repräsentant Frank Remus über zivilgesellschaftliches.PDF,"""Die Hilfsbereitschaft ist ungebrochen"" UNHCR-Repräsentant Frank Remus über zivilgesellschaftliches",die hilfsbereitschaft ist ungebrochen unhcrrepräsentant frank remus über zivilgesellschaftliches,Der Tagesspiegel,der tagesspiegel,Samstag 29. August 2020,,SONDERTHEMEN FQT:SPÄT; S. 002; Ausg. Der Tagesspiegel Nr. 24285 VOM 29.08.2020 SEITE 002,1014,7095,0c36de9ed80544f87abcde270ccdb0c59e1732a5,,unique,keep,,no,,no,,,8455,no,,,,,"Herr Remus, als 2015 die erste große Welle Geflüchteter Deutschland erreichte, löste das eine beachtliche 
Hilfsbereitschaft aus. Was ist von dem Geist noch übrig?
Ich bin ja erst seit März hier und dann bald in den Corona-Modus gekommen, was in unserem Fall Homeoffice für 
alle hieß. Deswegen habe ich noch keinen umfassenden Überblick. Aber inzwischen sind ja die ersten 47 
unbegleiteten, minderjährigen Flüchtlinge aus Griechenland in Deutschland angekommen. Wir haben sie seitdem 
begleitet, auch über das Internet mit ihnen selbst Kontakt gehalten, und verfolgen weiter, wie es ihnen geht. In 
diesem Zusammenhang ist mir sehr deutlich geworden, wie viel Engagement in der Zivilgesellschaft nach wie vor 
vorhanden ist.
In wie fern?
Als die Kinder im April in Hannover ankamen, kam es am Ende doch recht plötzlich. Es konnte nicht sehr viel 
organisiert werden. Da haben vor allem die Menschen der Kinder- und Jugendeinrichtung in der Nähe von Bad 
Essen, wo die Kinder untergebracht waren, schnell Hilfe angeboten. Quasi aus dem Nichts heraus haben 
Freiwillige, unterstützt von den Behörden dort ein Freizeitlager mit allen möglichen Aktivitäten für die Kinder auf die 
Beine gestellt und Dolmetscher halfen, Sprachbarrieren zu überwinden. Das hat auch die Kinder beeindruckt und 
sie fühlten sich gut aufgehoben. Also, meines Erachtens hat die Hilfsbereitschaft gar nicht nachgelassen.
Immer wieder versuchen rechte Gruppierungen und Parteien, Vorbehalte gegen Zuwanderer zu schüren. Das hat 
sich also nicht negativ ausgewirkt?
Nein, ich glaube kaum. Wegen Corona bin ich sehr viel in der Stadt zu Fuß unterwegs. Immer wieder fallen mir 
Botschaften auf, die dafür werben, weitere Menschen aus Lagern wie Moria aufzunehmen. Es ist außerdem 
erstaunlich, wie viele Menschen nach wie vor für die Flüchtlinge spenden. Jährlich erhält unser Partner in 
Deutschland, die UNO- Flüchtlingshilfe rund 23 Millionen Euro für UNHCR Projekte weltweit. Trotz Corona ist es 
dieses Jahr nicht etwa weniger geworden, sondern sogar noch gut 1,5 Millionen Euro mehr, Stand heute.

""Die Hilfsbereitschaft ist ungebrochen"" UNHCR-Repräsentant Frank Remus über zivilgesellschaftliches 
Engagement, erfolgreiche Integration und die deutsche EU-Rat....
Ende 2015 ging es darum, die Angekommenen vernünftig unterzubringen, dann waren Sachen wie Kinderkleidung 
und Fahrräder gefragt. Danach mussten viele durch den Behördendschungel gelotst werden. Welche Hilfe wird 
heute gebraucht?
Der Schwerpunkt liegt jetzt mit Sicherheit auf der Integration. Dabei beeindruckt mich momentan ganz besonders 
das Engagement in der Privatwirtschaft. Viele Firmen, darunter auch zahlreiche große Unternehmen wie die 
Deutsche Bahn oder Volkswagen, um nur einige zu nennen, bilden Flüchtlinge aus und übernehmen einige von 
ihnen. Fast 50 Prozent der erwerbsfähigen Flüchtlinge, die 2015/2016 zu uns gekommen sind, haben inzwischen 
eine Arbeit. Das ist ein Erfolg.
Was ist für die Integration noch wichtig?
Natürlich spielen auch die Schulen und der ganze Bildungsbereich eine wichtige Rolle. Und auch hier hilft die 
Zivilgesellschaft zusätzlich und durchaus erfolgreich. Aber der wichtigste Punkt ist wohl die Sprache. Immerhin 85 
Prozent haben inzwischen an einem Deutschkurs teilgenommen. Das fällt vor allem jungen Menschen leichter. 
Manche ältere haben dagegen noch nicht das notwendige Niveau erreicht. Hier ist die Unterstützung der 
Gemeinschaft besonders wichtig.
Welche Möglichkeiten gibt es, auch im Ausland zu helfen?
Sehr viele Deutsche engagieren sich über Nichtregierungsorganisationen. Ein Beispiel sind Ärzte ohne Grenzen, 
die auch in Griechenland aktiv sind. Besonders bei jungen Menschen ist die Bereitschaft groß. Griechenland steht 
dabei natürlich immer wieder im Fokus. Schließlich wird über die Lage in den Flüchtlingscamps viel berichtet. Aber 
auch in unserer Organisation bieten sich immer wieder junge Leute an, fragen nach Praktika und sind hoch 
motiviert, für uns zu arbeiten - manchmal auch unter sehr schwierigen Sicherheitsbedingungen. Eine deutsche 
Kollegin war zum Beispiel für uns im Jemen unterwegs. Das ist schon nicht so ganz einfach.
Sie waren vor Berlin viel im Ausland. Wie hat man die deutsche Hilfsbereitschaft dort wahrgenommen?
Als Deutschland sich 2015 entschlossen hat, die Flüchtlinge aus Ungarn nicht abzuweisen und sich den 
Herausforderungen zu stellen, war ich gerade in Wien. Auch dort hatten sich spontan am Hauptbahnhof Menschen 
versammelt, die den Flüchtlingen Proviant, Hygieneartikel und anderes zugesteckt haben. Dabei sind die 
Flüchtlinge in Wien nur umgestiegen und weitergefahren. Aber mein Eindruck ist schon, dass man im Ausland 
überwiegend großen Respekt davor hat, dass Deutschland damals diese Entscheidung getroffen hat, 
Verantwortung übernahm und aus meiner Sicht damit eine humanitäre Katastrophe verhindert hat.
Wie wirkt sich die Corona-Pandemie auf Ihre Arbeit aus?
Wir haben uns von Anfang an intensiv damit beschäftigt. Haben uns verschiedene Einrichtungen angeschaut, 
geguckt was läuft, was nicht. Daraus haben wir eine Handlungsempfehlung erarbeitet, die wir im Mai den Behörden 
übergeben haben. Das ist sehr gut angekommen. Überhaupt ist Deutschland eines der Länder, das seine Grenzen 
trotz Corona für Asylsuchende nie richtig zu gemacht hat. Vielleicht auch Dank unseres Einwirkens. Das ist ein 
Erfolg. Das Virus hat also sicherlich Dinge verändert und gezeigt, wo es Schwierigkeiten in den Einrichtungen gibt, 
aber insgesamt ist es doch sehr gut gelungen, die Lage im Griff zu behalten. In Deutschland ist meines Wissens 
kein Flüchtling wegen Corona diskriminiert oder anders behandelt worden als andere Menschen.
Die aktuelle Entwicklung im Libanon und in Belarus, die anhaltenden Konflikte in Syrien und der Ostukraine - Es 
sieht nicht so aus, als seien Hilfsangebote für Geflüchtete in Deutschland bald überflüssig. Was muss künftig 
besser laufen als zuletzt?
Deutschland hat insgesamt die Flüchtlingskrise sehr gut gemeistert. Das Wichtigste ist jetzt, dass diese Erfahrung 
dabei hilft, auch in ganz Europa die Lage für Asylsuchende zu verbessern. Vor allem vor dem Hintergrund, dass in 
vielen Ländern wie etwa im Libanon oder in Jordanien, wo sehr viele Flüchtlinge unter schwierigen Bedingungen 
leben, den Menschen langsam die Mittel ausgehen, sich weiterhin ausreichend zu versorgen. Man kann also nicht 
""Die Hilfsbereitschaft ist ungebrochen"" UNHCR-Repräsentant Frank Remus über zivilgesellschaftliches 
Engagement, erfolgreiche Integration und die deutsche EU-Rat....
ausschließen, dass die Flüchtlingszahlen in Europa demnächst wieder steigen. Darauf sind die EU-Länder aber 
nicht vorbereitet. Deutschland muss deshalb die Ratspräsidentschaft dafür nutzen, Fortschritte beim Aufbau eines 
praktikablen und nachhaltigen Asylsystems für die gesamte Europäische Union zu erzielen.
Das Interview führte Matthias Matern
Graphic
 
Sich begegnen. In vielen Orten gibt es heute Treffpunkte, bei denen sich Geflüchtete und Deutsche besser 
kennenlernen. Oft können so Vorbehalte abgebaut werden. Foto: Getty Images R"
2020-08,Main Corpus,2020-08(50).ZIP,_Ein Fanal der Zuversicht_.PDF,C:\PythonProjects\AfD-project\Corpora\Main Corpus\2020-08\raw_unarchive\_Ein Fanal der Zuversicht_.PDF,"""Ein Fanal der Zuversicht""",ein fanal der zuversicht,Frankfurter Rundschau,frankfurter rundschau,Montag 31. August 2020,,POLITIK; S. 4,878,6361,55ace1008c586b5401c8c700146feef0b8ce4f82,,unique,keep,,no,,no,,,7582,no,,,,,"Frau Münkler, Herr Münkler, fünf Jahre nach Merkels Satz ""Wir schaffen das"" zur Flüchtlingsbewegung 2015 liegt 
die Frage nahe: Haben wir es geschafft? Und wenn ja, was? 
Herfried Münkler: Wir haben ungefähr die Hälfte des Weges geschafft. Etwa die Hälfte der Neuankömmlinge ist in 
den Arbeitsmarkt integriert worden. Und das ist ziemlich viel, wenn man bedenkt, dass die allermeisten zunächst 
befähigt werden mussten. Wir haben deutlich mehr geschafft, als die Skeptiker und Pessimisten 2015 gedacht 
haben. Und gegen die Skeptiker und Pessimisten war damals auch dieser Satz gerichtet. Er war ein Fanal der 
Zuversicht. ""Wir haben so vieles geschafft - wir schaffen das!"" lautete ja der vollständige Satz.
Marina Münkler: Zum ersten Mal überhaupt hat sich die deutsche Politik vorgenommen, das zu schaffen - nämlich 
die Neuankömmlinge zu integrieren. In früheren Jahrzehnten gab es immer die Diskrepanz zwischen einem 
liberalen Asylrecht und der erklärten Politik, Asylbewerber eben nicht zu integrieren, ihnen keinen Zugang zu 
Sprachkursen und zum Arbeitsmarkt zu ermöglichen.
2015 war plötzlich vieles möglich, weil Politik und Gesellschaft im Krisenmodus agierten. Und in den Folgejahren 
kritisierten viele, warum denn dort Geld und Lösungen möglich waren, und es in Deutschland auf vielen anderen 
Feldern - Schule, Digitalisierung - nicht voranging. Woran lag das? 
Herfried Münkler: Weil Politik und Verwaltung nur unter dem Druck einer Krise unkonventionell handeln können. 
Das haben wir jetzt bei der Politik zur Überwindung der wirtschaftlichen Folgen des Corona-Lockdowns erneut 
gesehen. 2015 hat Merkel die Aufnahme der Flüchtlinge als humanitären Akt kommuniziert.
War es denn einer - und war er alternativlos? 
Herfried Münkler: Merkel hat das Territorium der Bundesrepublik als Auffangbecken für ein europäisches Problem 
angeboten, in der Hoffnung, das Problem der Verteilung der Flüchtlinge später wieder europäisch lösen zu können. 
Letzteres ist ihr nicht gelungen. Es ging damals darum, ob man die Massen, die bereits in Ungarn waren, über 
Österreich nach Deutschland holt. Wäre das nicht geschehen, hätten die Ungarn die Menschen vermutlich über die 
Balkanroute zurück abgeschoben - und das hätte die Stabilität der Balkanstaaten akut gefährdet und damit 
erheblich größere Probleme ausgelöst.

""Ein Fanal der Zuversicht""
Aber warum konnte das Problem der Zuwanderung über die Balkanroute derart eskalieren? 
Herfried Münkler: Weil die europäischen Staaten so naiv waren, anzunehmen, dass das Schengen-System 
funktionieren würde und Griechenland als erster Ankunftsstaat in der EU mit den Flüchtlingen klar käme. Politik 
handelt oft erst, wenn ein Problem unübersehbar groß geworden ist.
Heißt das, die heutige Situation in den griechischen Flüchtlingslagern, das fortgesetzte Sterben im Mittelmeer ist 
schlicht nicht groß genug, damit Europa handelt? 
Marina Münkler: Eigentlich kann niemand die Situation in den griechischen Lagern weiter dulden, das ist eine 
humanitäre Katastrophe. Aber sie ist nicht groß genug, dass die Regierungen wieder auf einen Krisenmodus 
umstellen.
2015 sagte die Grünen-Fraktionsvorsitzende Katrin Göring-Eckardt: ""Unser Land wird sich ändern, und zwar 
drastisch. Und ich freue mich drauf!"" Hat sich die Bundesrepublik verändert? 
Herfried Münkler: Die Flüchtlingskrise 2015 war zunächst einmal eine Bestätigung der Zivilgesellschaft - 
Hunderttausende freiwillige Helfer haben Ungeheures geleistet, haben ein neues Selbstbewusstsein 
herausgebildet, mit allen Erfahrungen und auch Rückschlägen, die damit verbunden sind. Auf der anderen Seite ist 
eine rechtspopulistische, nationalistische bis rechtsextreme Partei in alle Landtage und den Bundestag eingezogen. 
Das kann man auch als europäische Normalisierung sehen - alle europäischen Parlamente müssen mit solchen 
Parteien leben.
Marina Münkler: Dieses Erstarken des Rechtsextremismus unter dem Gewand des Rechtspopulismus finde ich 
schon besorgniserregend.
Noch ein Blick zurück: Zunächst gab es einen Taumel der Hilfsbereitschaft und Willkommenskultur, dann kam der 
Schock der Neujahrsnacht in Köln. Warum hat dieses Ereignis so tiefe Spuren hinterlassen? 
Marina Münkler: Das ist eine Kippfigur, die öffentliche Wahrnehmung ist von einem Klischee ins andere gefallen. Im 
Herbst 2015 dominierte das Klischee der lieben, armen Flüchtlinge, nach Köln dann das Klischee der Gruppen 
männlicher junger Muslime, die Frauen verachten und entsprechend mit ihnen umgehen. Das sind aber nur die 
zwei Seiten derselben Medaille. Das zweite Bild hat sich dann bei vielen verfestigt, nicht zuletzt, weil es von rechts 
entsprechend benutzt worden ist. Nach Köln begann die Karriere der irreführenden, von interessierten Gruppen 
gestreuten Informationen in den sozialen Medien und das Misstrauen gegenüber den Qualitätsmedien.
Die letzten beiden Faktoren kennzeichnen auch die Verschwörungserzählungen rund um die Pandemie und die 
Proteste gegen die Corona-Maßnahmen. Einige Gruppen skandieren wieder ""Merkel muss weg"" - verbinden sich 
hier die Proteste gegen die Flüchtlingspolitik mit etwas Neuem? 
Marina Münkler: Ich sehe dort vor allem Verschwörungserzählungen, die ja oft zugleich Konversionserzählungen 
sind - also eine Abkehr von der politisch konformen Welt der sogenannten ""Schlafschafe"". Solche Erzählungen sind 
anschlussfähig für Rechtsextreme, und daher versuchen sie, sich dranzuhängen. Ob sie damit erfolgreich sind, ist 
nicht ausgemacht. Die Rechten hoffen auf die Eskalation, um dann Unzufriedene einzufangen, und auf die Folgen 
einer Rezession. Die Regierung gibt sehr viel Geld aus, um die Folgen einer Rezession abzumildern. Das ist richtig 
- auch um eine mögliche Eskalation zu verhindern.
Herfried Münkler: Das verzweifelte Hoffen auf einen Zusammenbruch der Ökonomie war in der Geschichte eher bei 
den Linken verortet. Jetzt ist die Linke, inklusive der Linkspartei, damit beschäftigt, den Zusammenhalt der 
Gesellschaft zu stärken und die Rechten setzen auf eine ökonomische Untergangserzählung. Das ist neu.
Interview: Jan Sternberg
ZU DEN PERSONEN 
""Ein Fanal der Zuversicht""
 Marina Münkler ist Literaturwissenschaftlerin, Herfried Münkler ist Politikwissenschaftler.
 Das Ehepaar schreibt zusammen auch Bücher zu aktuellen Themen, zuletzt ""Abschied vom Abstieg"" 
(2019) und ""Die neuen Deutschen"" (2016). jps"
2020-08,Main Corpus,2020-08(50).ZIP,Abschiebung des Auto-Attentäters war ausgesetzt Anschlag Berliner Polizei ermittelt wegen versuchten.PDF,C:\PythonProjects\AfD-project\Corpora\Main Corpus\2020-08\raw_unarchive\Abschiebung des Auto-Attentäters war ausgesetzt Anschlag Berliner Polizei ermittelt wegen versuchten.PDF,Abschiebung des Auto-Attentäters war ausgesetzt Anschlag Berliner Polizei ermittelt wegen versuchten,abschiebung des autoattentäters war ausgesetzt anschlag berliner polizei ermittelt wegen versuchten,Südwest Presse,südwest presse,Freitag 21. August 2020,,POLITIK; S. 4; Band 76; Ausg. 193,425,3128,d2b84c176b98a1e0745f986ac958ca7edd6bd813,,unique,keep,,no,,no,,,4176,no,,,,,"Berlin. Nach dem islamistischen Auto-Anschlag von Berlin ermittelt die Polizei wegen versuchten Mordes in drei 
Fällen. Ein 30-jähriger Iraker hatte am Dienstagabend auf der Stadtautobahn Jagd auf Motorradfahrer gemacht. 
Sechs Menschen wurden verletzt, drei davon schwer. Der Täter kam 2016 als Flüchtling nach Deutschland. Obwohl 
sein Antrag auf Asyl abgelehnt worden war, erfolgte keine Abschiebung. Antworten auf die wichtigsten Fragen.
Warum war der Täter nicht schon längst in seine Heimat zurückgeschickt worden? Sarmad A. lebte in Berlin als 
geduldeter Flüchtling. Seine Abschiebung war bis zum Dezember dieses Jahres ausgesetzt worden. Ein Sprecher 
der Berliner Senatsverwaltung für Inneres erklärte den Verzicht auf eine Abschiebung auf Anfrage so: Berlin 
schiebe „nur in Einzelfällen“ in den Irak ab – etwa bei schweren Gewalttaten oder der Einschätzung einer Person 
als Gefährder mit Anschlagspoten zial. Über die Aktivitäten von Samrad A. hätten aber bisher „keine 
staatsschutzrelevanten Erkenntnisse“ vorgelegen.
Können Iraker überhaupt abgeschoben werden? Ja, auch wenn sich Bund und Länder 2016 darauf geeinigt haben, 
dass solche Abschiebungen nur im Ausnahmefall durchgeführt werden dürfen. Begründung: Der Irak wie auch 
Syrien seien Krisengebiete mit prekärer Sicherheitslage. Deshalb könne niemandem zugemutet werden, dorthin 
zurückzukehren. Flüchtlinge aber, die in Deutschland schwere Straftaten begangen haben, werden in einzelnen 
Fällen in ihre Heimat zurückgeflogen. Bedingung ist, dass ihnen in ihrer Heimat weder Todesstrafe noch Folter 
drohen. Laut Bundesregierung befanden sich im Jahr 2019 unter den rund 22 000 Abgeschobenen 862 Iraker.
Welche Rolle spielen psychische Erkrankungen bei Abschiebungen? Seit Inkrafttreten des 2019 beschlossenen 
„Geordnete-Rückkehr-Gesetzes“ muss bei Abschiebungen auf psychische Erkrankungen weniger Rücksicht 
genommen werden als früher. Über Samrad A. ist bekannt, dass er 2018 nach mehreren Körperverletzungsdelikten 
wegen phasenweiser Schuldunfähigkeit in die Psychiatrie eingewiesen wurde, aus der er aber kurze Zeit später 
wieder entlassen wurde. Bei der Frage, ob er abgeschoben werden kann, hat sein Geisteszustand aber offenbar 
keine Rolle gespielt.
Wäre eine Überwachung als Gefährder möglich gewesen? Nein. Zwar sprachen Berliner Ermittler am Donnerstag 
von einem „bizarren religiösen Wahn“, in dem sich der Attentäter befinde. Er soll im Anschluss an eine in einem 
Flüchtlingswohnheim begangene Körperverletzung auch schon mal einen islamischen Gebetsteppich ausgerollt 

Abschiebung des Auto-Attentäters war ausgesetzt Anschlag Berliner Polizei ermittelt wegen versuchten 
Mordes. Täter hatte erfolglos Asyl beantragt.
haben. Aber „staatschutzrelevante Informationen“ über Sarmad A. hätten nicht vorgelegen, teilte die 
Innenverwaltung mit.
Warum hat man Sarmad A. nicht nach Finnland zurückgeschickt, wo er 2015 einen ersten Asylantrag gestellt hat? 
Die Frist, in der eine solche Zurückschiebung erfolgen muss, beträgt in der Regel sechs Monate. Die wurde aber 
nicht genutzt. Michael Gabel
Link zum PDF-Dokument
Link zum PDF-Dokument"
2020-08,Main Corpus,2020-08(50).ZIP,"An der Grenze Vor fünf Jahren entschied Angela Merkel, mehrere Hunderttausend Flüchtlinge ins Land z.PDF","C:\PythonProjects\AfD-project\Corpora\Main Corpus\2020-08\raw_unarchive\An der Grenze Vor fünf Jahren entschied Angela Merkel, mehrere Hunderttausend Flüchtlinge ins Land z.PDF","An der Grenze Vor fünf Jahren entschied Angela Merkel, mehrere Hunderttausend Flüchtlinge ins Land zu",an der grenze vor fünf jahren entschied angela merkel mehrere hunderttausend flüchtlinge ins land zu,Die ZEIT (inklusive ZEIT Magazin),die zeit inklusive zeit magazin,20. August 2020,Caterina Lobenstein,DOSSIER;An der Grenze; S. 11-13; Ausg. 35,6153,43710,337526d8a7895e36b7365228cfeb7d528c9450e0,,unique,keep,,no,,no,,,45252,no,,,,,"Spätsommer 2015: In Syrien ist seit vier Jahren Krieg. Der »Islamische Staat« rückt vor, das Assad-Regime 
bombardiert aus der Luft, selbst Kinder werden an die Front geschickt. In den Flüchtlingslagern der Nachbarstaaten 
Jordanien und Libanon gehen die Nahrungsmittel aus.
Auch in Afghanistan fliehen die Menschen vor Terror und Krieg, ebenso im Irak und in Nigeria. Und vielerorts treibt 
die Armut die Menschen aus ihrer Heimat. In dieser Situation entscheidet Angela Merkel, mehrere Hunderttausend 
Flüchtlinge und Migranten ins Land zu lassen. Fortan gilt sie weltweit als Fürsprecherin der Menschlichkeit, als 
»Flüchtlingskanzlerin«.
Tatsächlich werden die Grenzen der Menschlichkeit bald enger gezogen. In Deutschland und Europa beginnt 
damals ein Drama um Öffnung und Abschottung, das bis heute andauert. Es treten auf: Flüchtlinge und Schlepper, 
Grenzpolizisten und Seenotretter, Nationalisten und Humanisten, Demokraten und Autokraten. Die folgenden 
Seiten erzählen diese Geschichte anhand von Nachrichten aus den vergangenen fünf Jahren. Die meisten 
Ereignisse haben sich zugetragen, als das Land längst wieder über andere Themen sprach.
26. August 2015
In Ungarn, an der EU-Außengrenze, kommen seit Wochen Tausende Flüchtlinge und Migranten an. Allein an 
diesem Mittwoch sind es mehr als 3000. Sie übernachten auf der Straße, in Parks und Unterführungen. Eigentlich 
müssten sie sich hier registrieren lassen und einen Asylantrag stellen. Deutschland jedoch hatte kurz zuvor 
verkündet, dass syrische Flüchtlinge künftig auch in der Bundesrepublik um Asyl bitten können. Die Nachricht 
verbreitet sich rasant. Die meisten Flüchtlinge wollen nicht in Ungarn bleiben, sondern weiter nach Deutschland. 
Zunächst wird die Polizei sie durchwinken und in die Züge Richtung Nordwesten lassen. Wenig später jedoch 
verriegeln die Polizisten die Bahnsteige.
Am selben Tag besucht Bundeskanzlerin Angela Merkel ein Flüchtlingsheim im sächsischen Heidenau. Sie wird 
von wütenden Bürgern empfangen: »Volksverräterin! Hure! Fotze!«, schreien sie. Merkel erwidert: »Es gibt keine 

An der Grenze Vor fünf Jahren entschied Angela Merkel, mehrere Hunderttausend Flüchtlinge ins Land zu 
lassen. Und heute? Eine Geschichte in 110 Nachrichten\x{20....
Toleranz gegenüber denen, die die Würde anderer Menschen infrage stellen. Es gibt keine Toleranz gegenüber 
denen, die nicht bereit sind zu helfen.«
27. August 2015
In einer Pannenbucht an der österreichischen Autobahn A4 nahe Parndorf wird ein Kühllaster mit 71 Leichen 
gefunden: Flüchtlinge aus Syrien, Afghanistan, dem Irak und dem Iran.
29. August 2015
 Die Bild- Zeitung startet in ihrer Samstagsausgabe eine Solidaritätsaktion für Flüchtlinge: »Refugees welcome 
wir helfen!« 
31. August 2015
Angela Merkel hält ihre Sommerpressekonferenz. Sie sagt zum ersten Mal den Satz, der später berühmt und 
berüchtigt werden wird: »Wir schaffen das.«
1. September 2015
 Am Budapester Bahnhof Keleti stauen sich Hunderte Menschen, der Bahnhofsvorplatz verwandelt sich in ein 
provisorisches Flüchtlingslager. Einige Flüchtlinge rufen nach Angela Merkel. »Deutschland! Deutschland!«, 
skandieren sie, »Germany, help us!«
2. September 2015
An der türkischen Küste wird der Leichnam des zweijährigen syrischen Flüchtlingsjungen Alan Kurdi angespült. Das 
Bild des toten Kindes, das bäuchlings in der Brandung liegt, verbreitet sich weltweit.
4. September 2015
Am Budapester Bahnhof Keleti machen sich Hunderte Flüchtlinge zu Fuß auf den Weg. Sie wollen nach Österreich 
laufen. Angela Merkel bekommt einen Anruf vom österreichischen Kanzler Werner Faymann. Die Lage sei 
unkontrollierbar geworden. Merkel entscheidet, die Flüchtlinge aufzunehmen offenbar, um gewaltsame Szenen 
und hässliche Bilder an der deutschen Grenze zu vermeiden. Die Flüchtlinge sollen angesichts der Notlage in 
Ungarn ausnahmsweise die Grenze passieren dürfen, ohne Kontrolle und Registrierung. Es wird jedoch keine 
Ausnahme bleiben.
5. September 2015
Am Münchner Hauptbahnhof kommen an einem einzigen Wochenende rund 20.000 Menschen an. Freiwillige 
Helfer empfangen sie mit Applaus. In ganz Deutschland bilden sich Gruppen ehrenamtlicher Flüchtlingshelfer. Die 
Kanzlerin genießt hohe Beliebtheit. Im September liegen ihre Zustimmungswerte im Deutschlandtrend bei 63 
Prozent.
6. September 2015
 Die Bilder der Flüchtlinge, die in Deutschland jubelnd empfangen werden, gehen um die Welt. Die New York 
Times und Al-Dschasira berichten von der deutschen »Willkommenskultur«. Zugleich werden in der Woche nach 
Merkels Entscheidung, die Grenze offen zu halten, acht Angriffe auf Flüchtlingsheime verübt. Bis zum Ende des 
Jahres wird es mehr als 90 Brandanschläge auf Asylunterkünfte geben. 
10. September 2015
An der Grenze Vor fünf Jahren entschied Angela Merkel, mehrere Hunderttausend Flüchtlinge ins Land zu 
lassen. Und heute? Eine Geschichte in 110 Nachrichten\x{20....
In einem Flüchtlingsheim in Berlin-Spandau lässt sich Merkel mit Asylbewerbern fotografieren. Die Fotos werden 
von ihren Kritikern als »Einladung« für Tausende weitere Flüchtlinge bezeichnet. Am selben Tag melden sich die 
Innenminister der Länder zu Wort. Sie warnen vor einem Kollaps der Erstaufnahmeeinrichtungen.
11. September 2015
 Merkel gibt der Rheinischen Post ein Interview: »Das Grundrecht auf Asyl für politisch Verfolgte kennt keine 
Obergrenze«, sagt sie. In der Passauer Neuen Presse erscheint am selben Tag ein Gespräch mit dem Ex-
Innenminister Hans-Peter Friedrich. Der CSU-Mann sagt: »Wir haben die Kontrolle verloren.« Er warnt davor, dass 
sich unter die Flüchtlinge auch IS-Terroristen schmuggeln könnten. 
13. September 2015
Deutschland führt Grenzkontrollen ein. Bundesinnenminister Thomas de Maizière will so »zu einem geordneten 
Verfahren bei der Einreise« kommen. Flüchtlinge und Migranten sollen jetzt kontrolliert werden. Abgewiesen 
werden sie nicht.
14. September 2015
Ungarn beendet den Bau eines 175 Kilometer langen Grenzzauns zu Serbien und versperrt damit die Route der 
Flüchtlinge und Migranten, die nun nach Kroatien ausweichen. Mehrere EU-Politiker hatten Ungarns 
Ministerpräsidenten Viktor Orbán dafür kritisiert: »Es ist eine Illusion, zu glauben, mit derartigen Maßnahmen 
Flüchtlinge abzuhalten«, sagte Österreichs Innenministerin Johanna Mikl-Leitner. Frankreichs Außenminister 
Laurent Fabius rügte, Ungarn respektiere die europäischen Werte nicht.
15. September 2015
Österreich führt Kontrollen an seinen Grenzen zu Ungarn, Italien, Slowenien und der Slowakei ein.
18. September 2015
Ungarn beginnt mit dem Bau eines weiteren Zauns diesmal an der Grenze zu Kroatien.
22. September 2015
Die EU-Innenminister beschließen eine Quote zur Verteilung der Flüchtlinge. Nicht einstimmig, sondern per 
Mehrheitsbeschluss und auf massiven Druck Deutschlands. Viele Staaten fühlen sich übergangen. Die Slowakei 
und Ungarn werden später vor den Europäischen Gerichtshof ziehen. Die Quotenregelung wird nicht funktionieren.
23. September 2015
Die EU-Staats- und Regierungschefs vereinbaren, sogenannte Hotspots einzurichten: Ankunfts- und 
Registrierzentren an den Außengrenzen der EU. Die Hotspots sollen Ordnung und Sicherheit schaffen. Stattdessen 
aber verursachen sie jede Menge Probleme. Eines davon heißt Moria, ein Hotspot-Lager auf der griechischen Insel 
Lesbos, das eigentlich nur für knapp 3000 Menschen gedacht ist aber wenige Jahre später auf mehr als 20.000 
anschwellen wird.
26. September 2015
Der Thüringer AfD-Chef Björn Höcke, der Demonstrationen gegen Merkels Flüchtlingspolitik organisiert, spricht vor 
der Jugendorganisation seiner Partei. »Immer mehr Deutsche hören jetzt auch das Grollen eines heraufziehenden 
Gewitters«, sagt er. Durch die niedrige Geburtenrate in Deutschland und die hohe Zahl von Flüchtlingen stelle sich 
»zum ersten Mal nach tausend Jahren Geschichte die Frage nach Finis Germaniae«. Höcke gilt in dieser Zeit als 
völkischer Außenseiter.
28. September 2015
An der Grenze Vor fünf Jahren entschied Angela Merkel, mehrere Hunderttausend Flüchtlinge ins Land zu 
lassen. Und heute? Eine Geschichte in 110 Nachrichten\x{20....
Die Taliban erobern Kundus. Neben Syrien ist Afghanistan das Land, aus dem die meisten Flüchtlinge nach 
Deutschland kommen. Zwei Tage später zieht Russland in den Syrienkrieg. Russische Kampfjets werfen Bomben 
über Homs und anderen syrischen Städten ab.
7. Oktober 2015
 Bundeskanzlerin Merkel ist zu Gast bei Anne Will: »Sie können die Grenzen nicht schließen«, sagt sie. »Wenn 
man einen Zaun baut, werden sich die Menschen andere Wege suchen.« In Griechenland kommen mittlerweile 
6000 Menschen täglich an. 
16. Oktober 2015
An der türkisch-bulgarischen Grenze wird ein Flüchtling aus Afghanistan von einem bulgarischen Grenzbeamten 
erschossen.
25. Oktober 2015
 Vertreter des Verfassungsschutzes und anderer Sicherheitsbehörden warnen in der Welt am Sonntag, 
Deutschland importiere »islamistischen Extremismus, arabischen Antisemitismus, nationale und ethnische Konflikte 
anderer Völker sowie ein anderes Rechts- und Gesellschaftsverständnis«. Die bürgerliche Mitte, die »diese 
Zuwanderung mehrheitlich nicht will«, radikalisiere sich. Die Grenzen müssten sofort geschlossen werden. »Die 
deutschen Sicherheitsbehörden sind und werden nicht in der Lage sein, diese importierten Sicherheitsprobleme 
und die hierdurch entstehenden Reaktionen aufseiten der deutschen Bevölkerung zu lösen.« 
Am selben Tag treffen sich in Brüssel Vertreter der EU- und Balkanstaaten zu einem Sondergipfel. Sie diskutieren 
»Sofortmaßnahmen« zur Reduktion der Flüchtlingszahlen auf der Balkanroute.
In Polen wird an diesem Tag gewählt. Die nationalkonservative und europaskeptische PiS erlangt die absolute 
Mehrheit.
26. Oktober 2015
In Passau kommen an einem einzigen Tag 8000 Menschen an. Der Passauer Landrat spricht von einer 
»Völkerwanderung«. In einem Brandbrief an Angela Merkel schreibt er, er könne für Leib und Leben der Flüchtlinge 
keine Garantie mehr geben. Der bayerische Ministerpräsident und CSU-Chef Horst Seehofer fordert 
Grenzschließungen und droht mit »bayerischer Notwehr«.
28. Oktober 2015
Nahe der griechischen Insel Lesbos kentert ein Flüchtlingsboot. 42 Menschen ertrinken, darunter 20 Kinder. Im 
ganzen Oktober sterben in der Ägäis 220 Menschen; im zentralen Mittelmeer auf der Route von Libyen nach Italien 
sind es 163. Insgesamt verlieren 2015 laut offiziellen Angaben mehr als 3700 Bootsflüchtlinge auf der Flucht über 
das Meer ihr Leben. Die tatsächliche Zahl dürfte höher liegen.
29. Oktober 2015
Anhaltende Luftangriffe auf Idlib und Aleppo im Norden Syriens. Zehntausende Menschen fliehen.
31. Oktober 2015
CSU-Chef Seehofer reist nach Berlin ins Kanzleramt. Er fordert von Merkel eine Obergrenze für Asylbewerber. 
Nach geltendem EU-Recht ist eine solche Begrenzung unzulässig.
5. November 2015
An der Grenze Vor fünf Jahren entschied Angela Merkel, mehrere Hunderttausend Flüchtlinge ins Land zu 
lassen. Und heute? Eine Geschichte in 110 Nachrichten\x{20....
Die Bundesregierung erwägt, Flüchtlinge, die in Griechenland ankommen, in die Türkei zurückzuschicken. Ein Plan, 
der schon länger kursiert und bald Gestalt annehmen wird.
11. November 2015
Slowenien baut einen Stacheldrahtzaun an der Grenze zu Kroatien. Am selben Tag beginnt in Malta der Afrika-
Gipfel der EU. Die europäischen Staats- und Regierungschefs einigen sich mit ihren afrikanischen Kollegen auf 
einen »Aktionsplan«. Sie wollen Fluchtursachen bekämpfen. Die Europäer stellen den Afrikanern dafür 1,8 
Milliarden Euro in Aussicht.
13. November 2015
IS-Terroristen stürmen das Bataclan-Theater in Paris und verüben weitere Anschläge in der Stadt. 130 Tote, 683 
Verletzte. Einer der Attentäter war im Treck der Flüchtlinge über die Balkanroute eingereist. Frankreich führt 
strenge Grenzkontrollen ein. Am selben Tag kündigt Österreich an, einen Zaun an der Grenze zu Slowenien zu 
bauen.
19. November 2015
Mazedonien und andere Balkanstaaten schließen ihre Grenze für einen Teil der Flüchtlinge. Nur noch Syrer, 
Afghanen und Iraker dürfen durch. Einige Iraner lassen sich aus Protest den Mund zunähen und starten einen 
Hungerstreik. An den Grenzübergängen stauen sich Hunderte, trotz winterlicher Temperaturen campieren sie im 
Freien. Hilfsorganisationen schicken Ärzte. Sie behandeln nicht nur Unterkühlungen, sondern auch Wunden, die 
sich nur durch körperliche Gewalt erklären lassen. Viele Flüchtlinge und Migranten erzählen, sie seien von der 
mazedonischen Polizei geschlagen und getreten worden.
20. November 2015
Merkel ist zu Besuch beim CSU-Parteitag in München. Die Christsozialen haben die Forderung nach einer 
Obergrenze zu ihrem wichtigsten Thema gemacht. Der Zentralrat der Juden in Deutschland schließt sich der 
Forderung später an aus Sorge vor antisemitischen Übergriffen durch arabische Flüchtlinge. Merkel sagt: 
»Abschottung und Nichtstun sind keine Lösung im 21. Jahrhundert.« Einige Wochen später wird sie von mehreren 
CSU-Abgeordneten zum Rücktritt aufgefordert.
28. November 2015
Mazedonien baut einen Grenzzaun zu Griechenland.
29. November 2015
In Brüssel treffen die EU-Staats- und Regierungschefs den türkischen Ministerpräsidenten Ahmet Davutolu. Sie 
versprechen der Türkei Milliarden Euro wenn diese sich verpflichtet, Flüchtlinge und Migranten von der Überfahrt 
nach Europa abzuhalten. In den folgenden Monaten werden deutsche und türkische Regierungsvertreter die Details 
verhandeln.
30. Dezember 2015
In Griechenland sind im Jahr 2015 offiziell mehr als 850.000 Menschen angekommen. Gut 80 Prozent stammen 
aus Kriegs- und Krisenstaaten wie Syrien, Afghanistan oder dem Irak.
31. Dezember 2015
In ihrer Neujahrsansprache wiederholt Angela Merkel ihre Worte vom Spätsommer: »Wir schaffen das.«
1. Januar 2016
An der Grenze Vor fünf Jahren entschied Angela Merkel, mehrere Hunderttausend Flüchtlinge ins Land zu 
lassen. Und heute? Eine Geschichte in 110 Nachrichten\x{20....
Die Kölner Silvesternacht wird zum Wendepunkt in der Debatte um die Flüchtlingspolitik. Die Bilanz der Nacht: Eine 
unbekannte Zahl von Männern, vor allem aus Nordafrika und dem Nahen Osten, viele von ihnen Asylbewerber, 
haben Hunderte Frauen belästigt und bestohlen, in einigen Fällen auch vergewaltigt. Nur drei Sexualstraftäter 
werden überführt. Der Präsident des Bundeskriminalamts, Holger Münch, sieht einen »Zusammenhang zwischen 
dem Auftreten des Phänomens und der starken Zuwanderung gerade in 2015«. Später wird sogar Donald Trump 
im Wahlkampf auf die Ereignisse von Köln verweisen.
14. Januar 2016
Vor dem Berliner Kanzleramt hält ein Bus mit 31 syrischen Flüchtlingen. Der Landrat der bayerischen Stadt 
Landshut hat ihn nach Berlin geschickt, aus Protest gegen die Kanzlerin. »Wir schaffen es nicht«, sagt er.
18. Januar 2016
Österreichs Außenminister Sebastian Kurz fordert ebenfalls eine Obergrenze für Flüchtlinge. Laut Kurz ist die 
Behauptung, man könne Grenzen nicht schließen, »schlicht und ergreifend falsch«.
29. Januar 2016
In einer Umfrage des Meinungsforschungsinstituts Insa wünschen sich 40 Prozent der Deutschen den Rücktritt von 
Bundeskanzlerin Merkel.
30. Januar 2016
 Die AfD-Chefin Frauke Petry sagt in einem Interview mit dem Mannheimer Morgen, Grenzpolizisten müssten 
»notfalls auch von der Schusswaffe Gebrauch machen«. 
7. Februar 2016
Kämpfe in Aleppo und zahlreichen weiteren syrischen Städten. Rund 90.000 Vertriebene stecken im Norden des 
Landes vor der syrisch-türkischen Grenze fest.
21. Februar 2016
Mazedonien schließt seine Grenze jetzt auch für Menschen aus Afghanistan. Nahe des griechischen Grenzdorfs 
Idomeni stauen sich Tausende Menschen.
25. Februar 2016
Auf Drängen Merkels bricht ein Verband von Nato-Kriegsschiffen Richtung Ägäis auf eine Drohkulisse gegen 
Schleuser und Flüchtlinge.
28. Februar 2016
 Im Hafen der italienischen Insel Lampedusa läuft die Aquarius zu ihrer ersten Mission aus, eines von rund 
einem Dutzend zivilen Rettungsschiffen, die in den folgenden Jahren Zehntausende Menschen retten werden. 
Kritiker werfen den Rettern vor, das Geschäft der Schleuser zu unterstützen. Die italienische Küstenwache, die für 
die Koordination der Einsätze zuständig ist, arbeitet mit den Rettern zusammen. Aber nicht mehr lange. 
 Am selben Tag ist Angela Merkel erneut zu Gast bei Anne Will. »Wenn der eine seine Grenze definiert, muss 
der andere leiden«, sagt sie. »Das ist nicht mein Europa!« Mittlerweile ist Ungarn mit Zäunen abgeriegelt, in 
Bulgarien versperrt ein Stacheldrahtzaun mit Wärmebildkameras Flüchtlingen den Weg, innerhalb der EU gibt es 
vielerorts Grenzkontrollen. Der Schengenraum, der Freizügigkeit innerhalb Europas garantieren soll, existiert 
faktisch nicht mehr. Um ihn vor dem endgültigen Kollaps zu bewahren, werden die EU-Staats- und 
Regierungschefs die Außengrenze fortan umso schärfer bewachen. 
An der Grenze Vor fünf Jahren entschied Angela Merkel, mehrere Hunderttausend Flüchtlinge ins Land zu 
lassen. Und heute? Eine Geschichte in 110 Nachrichten\x{20....
29. Februar 2016
 In Idomeni versuchen Hunderte Flüchtlinge, die griechisch-mazedonische Grenze zu stürmen. Die Polizei setzt 
Tränengas ein. 
7. März 2016
Sondergipfel in Brüssel mit Vertretern der EU und der türkischen Regierung. Der Flüchtlingsdeal steht. Die 
Europäer versprechen sechs Milliarden Euro, Visa-Erleichterungen, Beitrittsgespräche. Die Türkei verpflichtet sich, 
Flüchtlinge fortan von der Überfahrt nach Griechenland abzuhalten.
9. März 2016
Slowenien verriegelt seine Grenze zu Griechenland, gefolgt von Kroatien, Serbien und Mazedonien. Die 
Balkanroute ist damit faktisch geschlossen.
13. März 2016
Landtagswahl in Baden-Württemberg. Die AfD erhält aus dem Stand 15 Prozent der Stimmen. Die CDU verliert 12 
Prozent.
18. März 2016
Der Europäische Rat stimmt einstimmig für den EU-Türkei-Deal. Dank des Abkommens und der Schließung der 
Balkanroute sinken die Flüchtlingszahlen in der Ägäis bald deutlich. Genau wie das öffentliche Interesse an den 
Menschen, die sich nach wie vor auf der Flucht befinden.
19. März 2016
Im Norden Syriens sind mehr als 100.000 Menschen auf der Flucht Richtung Türkei, werden aber nicht ins Land 
hineingelassen. Nach dem Deal mit der EU hat die Türkei, in der bereits rund drei Millionen syrische Flüchtlinge 
leben, ihre Grenze weitgehend verriegelt. Betonmauern versperren den Weg, drei Meter hoch, Hunderte Kilometer 
lang. Soldaten patrouillieren mit Gewehren, moderne Sensoren registrieren selbst kleinste Bewegungen. Den 
Grenzwall, den Merkel nie wollte, hat Erdoan für sie errichtet.
21. März 2016
In Idomeni, wo sich mittlerweile mehr als 10.000 Menschen stauen, versucht ein Mann sich anzuzünden.
22. März 2016
In Brüssel sprengen sich drei IS-Terroristen in die Luft. Sie töten 32 Menschen, mehr als 300 werden verletzt.
4. April 2016
Auf den griechischen Inseln, die kein Flüchtling mehr Richtung europäisches Festland verlassen darf, werden 
einige Syrer in die Türkei abgeschoben. Eigentlich sieht der EU-Türkei-Deal vor, dass alle zurückgeschickt werden. 
Dieser Plan aber geht nicht auf. Unter anderem, weil Griechenlands Behörden überlastet und viele Gerichte der 
Auffassung sind, die Türkei sei für Flüchtlinge kein sicherer Ort. In den Lagern auf Lesbos, Samos und den anderen 
Ägäis-Inseln stauen sich fortan Tausende Menschen.
12. April 2016
In Italien kommen an einem einzigen Tag mehr als 2200 Flüchtlinge an. Während die Fluchtroute über die Ägäis 
und den Balkan nun weitgehend versperrt ist, kommen über das zentrale Mittelmeer zwischen Libyen und Italien 
An der Grenze Vor fünf Jahren entschied Angela Merkel, mehrere Hunderttausend Flüchtlinge ins Land zu 
lassen. Und heute? Eine Geschichte in 110 Nachrichten\x{20....
jeden Monat weiterhin Zehntausende Menschen. Insgesamt erreichen 2016 mehr als 180.000 Bootsflüchtlinge das 
Land, sie kommen vor allem aus Eritrea, dem Sudan und Westafrika.
4. Mai 2016
Medien berichten, die Türkei baue Selbstschussanlagen an der Grenze zu Syrien.
18. Mai 2016
Die EU-Außenminister beraten, wie sich die Zahl der Überfahrten und der Toten im Mittelmeer senken ließe. Da die 
meisten Migranten und Flüchtlinge von Libyen nach Europa ablegen, beschließen die Minister, die libysche 
Küstenwache zu »ertüchtigen«, sie also mit Geld, Material und Trainings zu unterstützen. Das Problem: Der 
zerfallene Staat Libyen hat seit Jahren keine funktionierende Küstenwache mehr. Deshalb übernehmen bislang 
meist die Europäer die Rettung der Flüchtlinge vor der libyschen Küste. Das wird sich jedoch bald ändern.
21. Juni 2016
Die jordanisch-syrische Grenze wird teilweise verriegelt, ein nahegelegener Wüstenstreifen zur militärischen 
Sperrzone erklärt. Das Lager Berm, ein riesiges provisorisches Flüchtlingscamp, das innerhalb dieser Zone liegt, ist 
nun von der Außenwelt abgeschnitten. Dort sitzen 60.000 Syrer fest, rund die Hälfte sind Kinder, die Lebensmittel 
werden knapp. Hilfsorganisationen bekommen keinen Zugang, kaum jemand weiß, wie es den Menschen dort geht.
23. Juni 2016
In Großbritannien stimmen 52 Prozent der Wähler für einen Austritt aus der EU. Laut Umfragen halten 75 Prozent 
der Brexit-Befürworter eine restriktivere Migrationsspolitik für das drängendste politische Thema.
20. Juli 2016
In Nigeria fliehen immer mehr Menschen vor der islamistischen Miliz Boko Haram. In mehreren Flüchtlingslagern im 
Norden des Landes wird der Nahrungsmittelnotstand ausgerufen. 500.000 Menschen gehen Wasser und 
Lebensmittel aus, sie sind von medizinischer Hilfe abgeschnitten. Aus Nigeria stammen 21 Prozent der Flüchtlinge, 
die 2016 über das zentrale Mittelmeer in die EU gelangen.
24. Juli 2016
Im bayerischen Ansbach zündet ein syrischer Flüchtling eine Splitterbombe. 15 Menschen werden bei dem 
Anschlag verletzt.
2. Oktober 2016
In Kabul unterzeichnet Innenminister Thomas de Maizière ein Rückführungsabkommen mit Afghanistan. Wegen der 
Sicherheitslage dort wurden Afghanen bislang kaum abgeschoben. Nun aber gebe es ausreichend »sichere 
Regionen«, sagt de Maizière. Laut den Vereinten Nationen jedoch hat sich die Lage in Afghanistan zuletzt 
verschlechtert, die UN vermelden die höchste Zahl ziviler Opfer seit 2009.
10. Oktober 2016
Angela Merkel fliegt nach Niger, ein wichtiges Transitland für afrikanische Migranten und Flüchtlinge. Sie verspricht 
dem Land mehr als 70 Millionen Euro wenn es dafür die Migrationsrouten sperrt.
16. Oktober 2016
In Freiburg wird eine Studentin vergewaltigt und ermordet von einem Flüchtling aus Afghanistan, der 2013 als 
vermeintlich Minderjähriger in Griechenland registriert worden war. Später stellt sich heraus, dass er bereits in 
An der Grenze Vor fünf Jahren entschied Angela Merkel, mehrere Hunderttausend Flüchtlinge ins Land zu 
lassen. Und heute? Eine Geschichte in 110 Nachrichten\x{20....
Griechenland eine Frau überfallen und schwer verletzt hatte. Der griechischen Polizei soll er gesagt haben: »Es 
war doch nur eine Frau.«
17. November 2016
Im ausgebombten Ost-Aleppo schließt nach einem erneuten Luftangriff das letzte verbliebene Kinderkrankenhaus.
14. Dezember 2016
Die ersten 34 Afghanen werden vom Flughafen Frankfurt nach Kabul abgeschoben.
20. Dezember 2016
Auf dem Berliner Breitscheidplatz steuert der IS-Attentäter Anis Amri einen Lkw in einen Weihnachtsmarkt und tötet 
zwölf Menschen. Amri war 2015 als Asylbewerber eingereist und unter wechselnden Identitäten in Europa 
unterwegs gewesen.
7. Januar 2017
In einem verschneiten Wald im bulgarisch-türkischen Grenzgebiet werden zwei erfrorene Iraker gefunden, 28 und 
35 Jahre alt.
15. Januar 2017
Vor der libyschen Küste kentert ein Flüchtlingsboot. Fast 180 Menschen gelten danach als vermisst, vier Menschen 
überleben. Flüchtlinge, die es aus Libyen nach Europa schaffen, berichten seit Jahren von schweren 
Misshandlungen: Sie würden in den libyschen Lagern gefoltert und währenddessen gezwungen, ihre Verwandten 
anzurufen, damit diese ein Lösegeld zahlen, meist über eine Mobilfunk-App.
29. Januar 2017
Ein vertraulicher Bericht der deutschen Botschaft in Niger, einem Nachbarland von Libyen, gelangt an die 
Öffentlichkeit. Darin ist die Rede von »allerschwersten, systematischen Menschenrechtsverletzungen« in den 
libyschen Lagern: »Exekutionen nicht zahlungsfähiger Migranten, Folter, Vergewaltigungen, Erpressungen sowie 
Aussetzungen in der Wüste sind dort an der Tagesordnung (...) Augenzeugen sprachen von exakt fünf 
Erschießungen wöchentlich in einem Gefängnis mit Ankündigung und jeweils freitags, um Raum für 
Neuankömmlinge zu schaffen, d. h. den menschlichen ]Durchsatz[ und damit den Profit der Betreiber zu erhöhen.« 
Die Diplomaten sprechen von »KZ-ähnlichen Verhältnissen«. Ihr Bericht ging ans Bundeskanzleramt und mehrere 
Ministerien.
3. Februar 2017
Die Staats- und Regierungschefs der EU treffen sich auf Malta und beraten die »Eindämmung der 
Flüchtlingsströme« auf dem zentralen Mittelmeer. Sie wollen mit Libyen einen ähnlichen Deal wie mit der Türkei: 
Geld gegen Flüchtlingsabwehr. Da Libyen ein Bürgerkriegsland ist, in dem Flüchtlinge gefoltert werden, ist es 
völkerrechtswidrig, sie dorthin zurückzubringen. Deshalb sollen das nicht die Europäer, sondern libysche 
Küstenwächter übernehmen. Am Ende des Gipfeltreffens unterzeichnen die Staats- und Regierungschefs der EU 
die »Erklärung von Malta«. Später werden einige von ihnen dafür vor dem Internationalen Strafgerichtshof in Den 
Haag verklagt wegen Verbrechen gegen die Menschlichkeit.
19. Februar 2017
Die irakische Regierung kündigt an, die Stadt Mossul vom IS zurückzuerobern. Zehntausende Menschen fliehen.
9. März 2017
An der Grenze Vor fünf Jahren entschied Angela Merkel, mehrere Hunderttausend Flüchtlinge ins Land zu 
lassen. Und heute? Eine Geschichte in 110 Nachrichten\x{20....
Die Organisation Ärzte ohne Grenzen listet auf, was ihre Mitarbeiter in den letzten 13 Monaten Flüchtlinge an der 
ungarisch-serbischen Grenze behandelt haben: Schläge (54 Fälle), Hundebisse (24 Fälle), Reizungen durch 
Tränengas und Pfefferspray (15 Fälle) und sonstige Verletzungen (35 Fälle). Einer der Ärzte sagt: »Die Menschen 
erzählen uns, dass sie sich auf den Boden legen müssen und Polizisten mit Stiefeln auf sie treten, dass oft ihre 
Kleider und Schuhe konfisziert werden, sodass sie barfuß durch Schnee und Kälte nach Serbien zurücklaufen 
müssen. Die Quetschungen und andere Symptome, die unsere Teams sehen, entsprechen den Misshandlungen, 
die die Menschen beschreiben.«
2. April 2017
Der italienische Innenminister Marco Minniti trifft rund 60 Stammesführer aus Libyen und verhandelt mit ihnen 72 
Stunden lang über die Abriegelung der libyschen Südgrenze, wo eine der Hauptmigrationsrouten verläuft. »Die 
Grenze im Süden Libyens zu sichern bedeutet auch, die Grenze Südeuropas zu sichern«, sagt Minniti.
11. April 2017
In Libyen berichtet die Internationale Organisation für Migration von Sklavenmärkten, auf denen Flüchtlinge und 
Migranten als Arbeitskräfte feilgeboten würden. Frauen würden als Sexsklavinnen missbraucht.
11. Mai 2017
 Während eines geheimen Treffens auf Sizilien besprechen Mitarbeiter des italienischen Geheimdienstes mit 
Angehörigen der libyschen Küstenwache, wie sich Flüchtlinge stoppen lassen. Später enthüllt die italienische 
Zeitung Avvenire, dass es sich bei einem der Libyer, der bei dem Treffen als Kommandant der Küstenwache 
vorgestellt worden war, um Abd al-Rahman Milad handelt, einen berüchtigten Menschenhändler, der vom UN-
Sicherheitsrat für einen Menschenschmuggler gehalten und für den Tod mehrerer Flüchtlinge verantwortlich 
gemacht wird. Ein einflussreicher Beamter des deutschen Innenministeriums kommentiert die bilateralen 
Abkommen zwischen Italien und Libyen im vertraulichen Gespräch später so: Er sei »froh, gar nicht so genau zu 
wissen, was die Italiener da verhandelt haben«. 
15. Mai 2017
 Auf dem griechischen Festland, wo Tausende Migranten und Flüchtlinge auf der Straße leben, häufen sich 
Berichte über minderjährige Flüchtlinge, die sich prostituieren, offenbar um Geld für Schleuser zu verdienen. Der 
Spiegel etwa zitiert einen Psychologen des griechischen Sozialministeriums, der sagt, seit Anfang 2016 seien 
mehr als 6500 Berichte über Missbrauch, sexuelle Ausbeutung und andere Arten von Übergriffen auf minderjährige 
Flüchtlinge bei ihm eingegangen. 
24. September 2017
Bei der Bundestagswahl erreicht die AfD fast 13 Prozent. Bisher war sie nicht im Parlament vertreten jetzt ist sie 
stärkste Oppositionspartei. Die Regierungsparteien fahren das schlechteste Ergebnis seit 1949 ein.
27. September 2017
 Im Mittelmeer trifft ein italienisches Marineschiff auf ein überfülltes Flüchtlingsboot. Eigentlich hatten europäische 
Marineschiffe jahrelang Flüchtlinge gerettet. Nun aber versperrt das Schiff den Menschen den Weg und wartet, bis 
die libysche Küstenwache kommt, um die Menschen aus dem seeuntüchtigen Schlauchboot zu holen und zurück 
nach Libyen zu bringen. An der Reling des italienischen Schiffs hängt ein Banner: »Keep away!«
6. November 2017
Im Mittelmeer filmen Aktivisten der Organisation Seawatch ein Rettungsmanöver der libyschen Küstenwache. Auf 
dem Video sieht man, wie Gerettete an Bord des libyschen Schiffs mit Seilen verprügelt werden. Und wie die Libyer 
mit hoher Geschwindigkeit losfahren, obwohl noch ein Mensch an der Außenleiter hängt. Ein Helikopter des 
An der Grenze Vor fünf Jahren entschied Angela Merkel, mehrere Hunderttausend Flüchtlinge ins Land zu 
lassen. Und heute? Eine Geschichte in 110 Nachrichten\x{20....
italienischen Militärs beobachtet sie dabei. Als die Italiener den Mann an der Leiter entdecken, rufen sie über Funk: 
»Libysche Küstenwache, stoppen Sie den Motor! Hier spricht der italienische Marinehelikopter! Sie haben eine 
Person an der Leiter. Wir fordern Sie auf, zu stoppen! Jetzt! Jetzt! Jetzt!« Die Libyer fahren unbeirrt weiter.
14. November 2017
Der amerikanische Nachrichtensender CNN veröffentlicht erstmals Filmmaterial, das die Existenz der 
Sklavenmärkte in Libyen belegen soll. Das Video zeigt eine nächtliche Auktion in einem Hinterhof. Dort wird unter 
anderem ein Mann aus Nigeria als »großer, starker Junge für die Feldarbeit« angepriesen. Anschließend wird er 
versteigert, für umgerechnet 800 Dollar.
21. November 2017
In Serbien wird das sechsjährige afghanische Mädchen Madina Hussini von einem Zug erfasst und getötet. Das 
Mädchen und seine Familie hatten versucht, über die grüne Grenze nach Kroatien zu kommen, um dort um Asyl zu 
bitten. Laut der Menschenrechtsorganisation Amnesty International wurden sie jedoch von kroatischen Polizisten 
unrechtmäßig zurück nach Serbien geschickt. Die Polizisten hätten sie angewiesen, den Bahngleisen zu folgen. Die 
Polizei bestreitet das.
31. Dezember 2017
Angela Merkel hält ihre Neujahrsansprache. Die Flüchtlinge kommen darin nicht mehr vor.
24. April 2018
Geberkonferenz für Syrien in Brüssel. Von der Summe, die Hilfsorganisationen benötigen, um Kriegsgeschädigte 
und Binnenflüchtlinge zu versorgen, ist erst ein knappes Viertel zugesagt. Bundesaußenminister Heiko Maas 
verspricht eine Milliarde Euro, zusätzlich zu laufenden Verpflichtungen. Laut den Vereinten Nationen sind in Syrien 
mehr als 13 Millionen Menschen auf humanitäre Hilfe angewiesen.
25. Juni 2018
 Auf dem Dresdner Neumarkt spricht Pegida-Mitgründer Siegfried Däbritz vor seinen Anhängern über das 
deutsche Rettungsschiff Lifeline, das zur selben Zeit mit 234 Flüchtlingen an Bord ziellos auf dem Mittelmeer 
treibt, weil kein europäischer Staat es einlaufen lassen will. Die Pegida-Demonstranten skandieren: »Absaufen! 
Absaufen!« 
28. Juni 2018
Die libysche Küstenwache bekommt eine eigene Seenotrettungszone zugeteilt. Von nun an koordiniert nicht mehr 
Italien, sondern Libyen die Rettungseinsätze im Mittelmeer. Der Rückführung der schiffbrüchigen Flüchtlinge nach 
Libyen steht nichts mehr im Weg das Ziel der europäischen Abkommen mit Libyen ist erfüllt. Nur die zivilen Retter 
beharren darauf, die Menschen nach Europa zu bringen. Sie werden von der italienischen Regierung nun immer 
öfter behindert: Strafverfahren werden verhängt, Schiffe beschlagnahmt, Kapitäne verklagt. Und: Die Italiener und 
andere EU-Mittelmeeranrainer verbieten den zivilen Rettern, ihre Häfen anzusteuern.
10. Juli 2018
In München startet ein Abschiebeflug nach Kabul, an Bord 69 abgelehnte afghanische Asylbewerber. Horst 
Seehofer hat an diesem Tag Geburtstag. Er sagt: »Ausgerechnet an meinem 69. Geburtstag sind 69 das war von 
mir so nicht bestellt Personen nach Afghanistan zurückgeführt worden.« Einer der Abgeschobenen wird sich nach 
seiner Ankunft in Kabul erhängen.
28. Juli 2018
An der Grenze Vor fünf Jahren entschied Angela Merkel, mehrere Hunderttausend Flüchtlinge ins Land zu 
lassen. Und heute? Eine Geschichte in 110 Nachrichten\x{20....
In Spanien kommen innerhalb von zwei Tagen 1200 Migranten und Flüchtlinge an. Seit die Libyer vor ihrer Küste 
Flüchtlinge abfangen, hat sich die Fluchtroute nach Westen verlagert. Insgesamt landen an Spaniens Küsten 2018 
mehr als 58.000 Bootsflüchtlinge sieben Mal mehr als zwei Jahre zuvor. Die Zahl der Ertrunkenen steigt dort im 
selben Zeitraum von 77 auf 811.
26. August 2018
In Chemnitz wird ein Mann erstochen. Als Täter werden zwei Flüchtlinge ausgemacht. Die Tat hält die deutsche 
Öffentlichkeit wochenlang in Aufruhr.
Am selben Tag brechen in Tripolis heftige Kämpfe aus, der libysche Bürgerkrieg flammt neu auf. Auch 
Flüchtlingslager werden bombardiert. Laut Hilfsorganisationen leben dort vor allem Menschen, die von der 
libyschen Küstenwache auf dem Mittelmeer abgefangen wurden.
12. September 2018
Die EU-Kommission schlägt vor, die Grenzschutzagentur Frontex massiv aufzustocken: von gut 2000 auf rund 
10.000 Stellen im Jahr 2020.
17. September 2018
Der Sachverständigenrat deutscher Stiftungen für Integration und Migration veröffentlicht die erste repräsentative 
Studie zum Integrationsklima seit 2015. Das Ergebnis sei angesichts der medial aufgeheizten Debatten 
»überraschend«, schreiben die Verfasser: Eine Mehrheit der Deutschen will den Zuzug von Asylbewerbern 
begrenzen, findet aber, die Bundesrepublik solle weiterhin welche aufnehmen. Allerdings gebe es regionale 
Unterschiede: Dort, wo weniger Migranten lebten, seien die Vorbehalte größer. Zwischen Ost und West sei die 
gesellschaftliche Spaltung beim Thema Integration seit 2015 deutlich gewachsen.
19. September 2018
In Moria, wo jetzt 9000 Menschen leben, wird die Lage prekärer. Die Psychologin Katrin Glatz-Brubakk, die 
Flüchtlingskinder in Moria behandelt, sagt: »Immer mehr Kinder hören auf zu spielen, viele haben Angst, aus ihrem 
Zelt herauszugehen. Manche reißen sich die Haare heraus oder schlagen den Kopf auf den Boden, manche 
schreien viel, andere hören auf zu sprechen.« In den ersten beiden Septemberwochen kamen allein auf Lesbos 
1500 neue Flüchtlinge an. Weil die Menschen nicht aufs Festland dürfen, aber auch nicht, wie im EU-Türkei-Deal 
vereinbart, zurück in die Türkei gebracht werden, sind die Lager völlig überfüllt.
23. Oktober 2018
An einer Raststätte im Saarland, an der A 620 nahe der französischen Grenze, werden in einem Kühltransporter 
fünf Iraker gefunden. Laut Polizei wären sie beinahe erfroren und erstickt.
20. November 2018
 Italienische Behörden kündigen an, das zivile Rettungsschiff Aquarius zu beschlagnahmen wegen angeblicher 
Fehler bei der Entsorgung von Bordabfällen. 
6. Dezember 2018
 Das Rettungsschiff Aquarius beendet seinen Einsatz im Mittelmeer. Der politische Druck sei zu groß geworden, 
sagen die Betreiber. 
10. Februar 2019
An der Grenze Vor fünf Jahren entschied Angela Merkel, mehrere Hunderttausend Flüchtlinge ins Land zu 
lassen. Und heute? Eine Geschichte in 110 Nachrichten\x{20....
Im Hafen von Palma de Mallorca steht ein Mann vor einem Schiff mit dunkelblauem Rumpf und weint: der Vater 
von Alan Kurdi, der mittlerweile im Irak lebt. Er hatte auf dem Mittelmeer seine Frau und seine beiden Söhne 
verloren. Jetzt ist er angereist, um ein ziviles Rettungsschiff zu taufen: auf den Namen seines Sohnes.
3. Juni 2019
Die Menschenrechtsanwälte Omer Shatz und Juan Branco reichen beim Internationalen Strafgerichtshof in Den 
Haag Klage gegen europäische Politiker und Beamte ein, darunter Angela Merkel. Shatz, der an den Universitäten 
Sciences Po und Yale lehrt, sagt, die Toten im Mittelmeer seien »fester Bestandteil des Plans, die Migrationsströme 
aus Afrika einzudämmen. Diese Politik wurde in den letzten fünf Jahren vorsätzlich entworfen und umgesetzt. Sie 
ist keine Tragödie: Sie ist ein Verbrechen gegen die Menschlichkeit.« Die Chefanklägerin des Gerichtshofes, Fatou 
Bensouda, untersucht bereits seit 2017 mutmaßliche Verbrechen, die in den libyschen Lagern begangen wurden. 
Mit ihrer Klage wollen die beiden Anwälte bewirken, dass die Untersuchungen auf europäische Politiker 
ausgeweitet werden, die für die Kooperation mit Libyen verantwortlich sind.
Am selben Tag veröffentlichen die Stadt Potsdam und sieben weitere Kommunen einen Appell. Sie bekräftigen 
darin ihren Willen, Flüchtlinge aufzunehmen, »dem Sterben an den Grenzen Europas Einhalt zu gebieten und die 
humanitäre Katastrophe auf dem Mittelmeer unverzüglich zu beenden«. Bis heute haben sich mehr als 150 weitere 
Städte und Gemeinden zu »sicheren Häfen« erklärt. Auch einige Bundesländer wollen freiwillig mehr Menschen 
aufnehmen. Sie bekommen von der Bundesregierung jedoch bis heute keine Erlaubnis. Die setzt auf eine 
»europäische Lösung«.
12. Juni 2019
 Vor der libyschen Küste rettet das Schiff Seawatch 53 Menschen. Am Steuer steht eine 31-jährige deutsche 
Kapitänin namens Carola Rackete. Nachdem sie 17 Tage vergeblich einen europäischen Hafen gesucht hatte, um 
die Menschen an Land zu lassen, fährt sie gegen den Willen der italienischen Regierung in den Hafen von 
Lampedusa ein. Als sie von Bord geht, wird sie festgenommen. Wenig später kommt sie frei. 
2. Juli 2019
In Tadschura, einem Stadtteil von Tripolis, wird ein Lager für Flüchtlinge und Migranten bombardiert. Etwa 60 
Insassen sterben.
23. August 2019
An der belgischen Küste wird die Leiche eines 48-jährigen Mannes aus dem Irak angespült. Er wollte durch den 
Ärmelkanal nach Großbritannien schwimmen mit einer selbst gebastelten Schwimmweste aus leeren 
Plastikflaschen. Laut Medienberichten soll der Mann zuvor vergeblich versucht haben, in Deutschland Schutz zu 
bekommen.
12. Oktober 2019
Der internationale Gerichtshof in Den Haag nimmt die Klage gegen Angela Merkel und weitere europäische 
Politiker und Beamte an.
30. Oktober 2019
Der italienische Außenminister Luigi Di Maio spricht im italienischen Parlament. Er sagt, die Zahl der 
Bootsflüchtlinge aus Libyen sei innerhalb von zwei Jahren von 170.000 auf 2000 gefallen: »Das Abkommen 
funktioniert.« Auch die Zahl der Toten im zentralen Mittelmeer ist gesunken, von knapp 2900 im Jahr 2017 auf 750 
im Jahr 2019.
30. Januar 2020
An der Grenze Vor fünf Jahren entschied Angela Merkel, mehrere Hunderttausend Flüchtlinge ins Land zu 
lassen. Und heute? Eine Geschichte in 110 Nachrichten\x{20....
Griechenland kündigt an, einen schwimmenden Zaun im Mittelmeer zu installieren, um Flüchtlinge abzuhalten. Im 
Lager Moria auf Lesbos hausen mittlerweile mehr als 20.000 Asylbewerber. Für sie alle stellt die griechische 
Regierung nur zwei Ärzte bereit. Insgesamt stecken auf den griechischen Inseln 40.000 Schutzsuchende fest. 
Einige deutsche Politiker fordern, zumindest minderjährige Bewohner zu evakuieren. Zwei Monate später wird in 
Hannover ein Flugzeug landen mit 47 jungen Flüchtlingen aus Griechenland an Bord.
19. Februar 2020
Schwere Kämpfe und Luftangriffe in Idlib lösen eine Massenflucht aus. Seit Dezember 2019 wurden im Nordwesten 
Syriens rund 900.000 Menschen vertrieben.
27. Februar 2020
Der türkische Präsident Recep Tayyep Erdoan demonstriert seine Macht gegenüber den Europäern: Er kündigt an, 
»die Schleusen zu öffnen«, sich also nicht mehr an den EU-Türkei-Deal zu halten. In den folgenden Tagen steigt 
die Zahl der Flüchtlinge und Migranten in Griechenland. Die griechische Grenzpolizei setzt Blendgranaten und 
Tränengas ein.
1. März 2020
Griechenland setzt das Asylrecht aus. Der griechische Ministerpräsident Kyriakos Mitsotakis kündigt an, den »Grad 
der Abschreckung an unseren Grenzen auf ein Maximum zu erhöhen«. Kommissionspräsidentin Ursula von der 
Leyen stellt sich hinter die Griechen: Sie seien der »Schild Europas«.
4. März 2020
An der griechisch-türkischen Grenze wird ein Pakistaner erschossen, offenbar von einem griechischen 
Grenzbeamten. Hundert Abgeordnete des EU-Parlaments fordern die Aufklärung des Falls, bislang ohne Erfolg. Ob 
die Maßnahmen der griechischen Grenzpolizisten internationalem Recht entsprechen, könne laut EU-
Innenkommissarin Ylva Johannsson »niemand sicher sagen«.
22. März 2020
In Syrien wird der erste Corona-Fall gemeldet. Wegen der Pandemie werden überall auf der Welt Hilfslieferungen 
für Flüchtlinge gekürzt. Legale Ausreiseprogramme und Evakuierungsflüge werden weitgehend ausgesetzt.
12. Mai 2020
 Der britische Guardian veröffentlicht Fotos von Flüchtlingen, die von der kroatischen Grenzpolizei aufgegriffen 
und mit roter Farbe angesprüht worden seien, sie tragen rote Kreuze auf kurz geschorenem Haar. Die Kreuze 
dienen offenbar als Markierung, um die Menschen bei einem erneuten Grenzübertritt zu identifizieren. 
5. Juli 2020
 Das Frachtschiff Talia rettet im Mittelmeer über 50 Menschen. Tagelang wartet es vor der Küste Maltas, weil 
kein Hafen die Menschen aufnehmen will. Sie müssen in schmutzigen Ställen verharren. Die Talia transportiert 
normalerweise Tiere. 
23. Juli 2020
Bundesinnenminister Horst Seehofer trifft sich mit europäischen Amtskollegen in Wien. »Die Migration auf der 
Westbalkanroute steigt«, sagt er. »Der Zustand ungeordneter Migration muss beendet werden.«
Im Jahr 2015 sind 1.065.000 Asylbewerber in die EU gelangt. Fünf Jahre später waren es in den ersten sieben 
Monaten des Jahres 2020 nur noch 41.129.
An der Grenze Vor fünf Jahren entschied Angela Merkel, mehrere Hunderttausend Flüchtlinge ins Land zu 
lassen. Und heute? Eine Geschichte in 110 Nachrichten\x{20....
Seit 2015 haben laut offiziellen Angaben 15.602 Menschen ihr Leben im Mittelmeer verloren.
Die Zahl der Flüchtlinge weltweit ist seit dem Sommer 2015 gestiegen: Damals waren 65 Millionen Menschen auf 
der Flucht. Heute sind es fast 80 Millionen.
 Lesen Sie zu Integration auch Wissen, Seite 29: Fünf Jahre danach »Wir schaffen das!« 
***
HINTER DER GESCHICHTE
Die Recherche: Die Autorin ist seit 2015 an den Grenzen der EU unterwegs, unter anderem in Griechenland, 
auf dem Balkan, im Mittelmeer. Diese Chronik stützt sich auf eigene Recherchen vor Ort, auf Gespräche in 
Brüssel und Berlin, auf Medienberichte, Statistiken, Augenzeugenberichte und Dokumentationen unter anderem 
des UN-Flüchtlingshilfswerks, der Internationalen Organisation für Migration, von Ärzte ohne Grenzen, Human 
Rights Watch, Amnesty International sowie lokaler Menschenrechtsgruppen und auf Recherchen der Kollegen 
Robin Alexander, Stephan Detjen und Maximilian Steinbeis. 
 Ein Boot voller Flüchtlinge landet im November 2015 am Ufer der griechischen Insel Lesbos
 Flüchtlinge protestieren am Budapester Bahnhof Keleti
 Der syrische Junge Alan Kurdi liegt tot in der Brandung
 Flüchtlingstreck auf der österreichischen Autobahn
 Ungarische Soldaten bewachen die Grenze zu Serbien
 Zeltlager im griechischen Idomeni an der Grenze zu Mazedonien
 Der Terroranschlag vom Berliner Breitscheidplatz
 Türkische Soldaten patrouillieren an der Grenze zu Syrien
 Ein Lager für Migranten und Flüchtlinge in Libyen
 Pegida-Demonstranten protestieren in Berlin
 Zivilisten fliehen aus dem syrischen Idlib"
2020-08,Main Corpus,2020-08(50).ZIP,Bei vielen ist Asylstatus noch ungeklärt In den Langenfelder Unterkünften leben noch 442 Flüchtlinge.PDF,C:\PythonProjects\AfD-project\Corpora\Main Corpus\2020-08\raw_unarchive\Bei vielen ist Asylstatus noch ungeklärt In den Langenfelder Unterkünften leben noch 442 Flüchtlinge.PDF,"Bei vielen ist Asylstatus noch ungeklärt; In den Langenfelder Unterkünften leben noch 442 Flüchtlinge, 82",bei vielen ist asylstatus noch ungeklärt in den langenfelder unterkünften leben noch 442 flüchtlinge 82,Rheinische Post,rheinische post,Dienstag 25. August 2020,"Schmidt-Elmendorff, Dorothee",S. 23,683,5046,9c9a56c1de9b6dde06a703f3be6aaca0a995d39a,,unique,keep,,no,,no,,,6334,no,,,,,"D. Schmidt-Elmendorff
Langenfeld /Monheim Seit März beherrscht die Corona-Pandemie die Tagespolitik, sie hat die Flüchtlingskrise, die 
noch vor fünf Jahren als größte zu bewältigende Herausforderung galt, völlig verdrängt. Dennoch ringen die 
Kommunen auch heute noch mit den Folgen. 2015 wohnten etwa 1000 Flüchtlinge in den Unterkünften der Stadt 
Langenfeld und den Erstaufnahmeeinrichtungen des Landes. Immerhin noch 442 Menschen leben in den 
Unterkünften der Stadt, teilt Stadtsprecher Andreas Voss mit. 82 davon haben eine Anerkennung und befinden sich 
damit im Leistungsbezug nach dem SGB II. Oder sie arbeiten und verdienen sich ihren Lebensunterhalt selber. 138 
genießen eine Duldung, ein Fall ohne eine so genannte ungeklärte Identität sei nicht darunter. Um ihre Vermittlung 
in Arbeit bemühten sich das Jobcenter bzw. der Integration-Point, das Integrationsbüro und die Flüchtlingshilfe.
„Viele Flüchtlinge sind sprachlich inzwischen auf einem Niveau, wo sie in den Arbeitsmarkt integriert werden 
können“, sagt Frank Schöler vom Vorstand der Flüchtlingshilfe. Der Verein kümmere sich um die Übersetzung und 
Anerkennung von Ausbildungs- und Hochschulabschlüssen. Ein Problem sei, dass es für viele handwerkliche 
Berufe im arabischen Raum keinen Ausbildungsnachweis wie den deutschen Gesellenbrief gebe. Daher müsse 
man durch Praktika ergründen, welche Fertigkeiten die Leute tatsächlich beherrschten. „Das ist aufwändig.“ Bei der 
Vermittlung in den Arbeitsmarkt beteilige man sich nicht an regulären Stellenausschreibungen, sondern nutze die 
Kontakte der 120 bis 130 Ehrenamtler zu den örtlichen Industrieverbänden. „Wir versuchen die Unternehmer 
persönlich anzusprechen“, so Schöler. Wenn die Flüchtlinge eine eigene Wohnung bezogen hätten, wie das bei 61 
gelungen sei, stünden sie auch nicht mehr als Flüchtlinge auf der Schwelle, sondern einfach als Nicht-Deutsche. 
Ein weiterer Tätigkeitsbereich sei die Hilfe bei Behördengängen und -anträgen: „Es kommen ja ständig neue 
Herausforderungen auf die Leute zu: Ein neuer Status bringt neue Formulare mit sich“, so Schöler. Und wenn man 

Bei vielen ist Asylstatus noch ungeklärt; In den Langenfelder Unterkünften leben noch 442 Flüchtlinge, 82 
werden nicht mehr von der Kommune finanziert. In Monhe....
verbindliche juristische Aussagen brauche, die über die in Jahren gewachsene Expertise der Helfer hinausgingen, 
kooperiere der Verein mit einem Förderprojekt in Velbert, das auf Asylfragen spezialisierte Juristen beschäftige.
Die Stadt Monheim hatte die Betreuung der Flüchtlinge schon 2014 in die Hände von Profis gelegt. Weil aber der 
Stadt kaum noch Asylbewerber zugewiesen werden, soll der Stellenumfang bei den beiden Trägern der 
„Willkommenskultur“, dem SKFM und dem Beratungscentrum, auf jeweils 2,5 Stellen reduziert werden (bisher 3,5). 
Das sind gut 100.000 Euro weniger Kosten im Jahr. Sie sollen aber weiterhin in der Lage sein, ihre Beratungs- und 
Unterstützungsangebote fortzuführen. Von den einst 700 zugewiesenen Asylbewerbern befinden sich aktuell 
(Stand Februar 2020) noch 238 im Asylbewerberleistungsbezug. „Sie befinden sich noch im Verfahren, sie sind 
noch nicht anerkannt“, erklärt Dietmar Marx, Abteilungsleiter Soziales. Viele, die eine Anerkennung haben, 
wechselten in den Leistungsbezug des Sozialgesetzbuches II.
Die beiden Träger betreuen zurzeit noch 526 Personen. Dem Beratungscentrum ist es gelungen, seit 2016 
insgesamt 118 Menschen in sozialversicherungspflichtige Jobs zu bringen. Indes dürfte diese Zahl (Stand Februar) 
infolge der Corona-Krise inzwischen gesunken sein.
141 Menschen waren zum Stichtag in einer schulischen oder beruflichen Ausbildung oder nahmen an einem 
Sprach- und Integrationskursus (87) teil. Die Stadt Monheim hatte frühzeitig internationale Klassen eingerichtet, in 
denen die „Seiteneinsteiger“ eine gesonderte Sprachförderung erhielten. Mittlerweile werden alle Kinder und 
Jugendlichen in Regelklassen unterrichtet. Um ihnen die nötige Betreuung bei Hausaufgaben zu gewähren, haben 
90 Prozent dieser Kinder einen Ganztagsplatz in der Grundschule.
Ende Juni wurde die provisorische Asylbeweberunterkunft an der Bregenzer Straße geschlossen. Alle Bewohner 
sind inzwischen in die kernsanierte Unterkunft an der Niederstraße (42) sowie in Wohnungen umgezogen. Die 
gerade leer gezogene Unterkunft an der Rhenaniastraße wird jetzt abgerissen.
Beratungscentrum ebnet Weg in Arbeitsmarkt
Ergänzend zu den Beratungsangeboten des Integration-Points unterstützt das Beratungscentrum in Monheim 
Geflüchtete bei der Integration in den Arbeitsmarkt. Auch in den kommenden zwei Jahren soll sich die Hilfe auf die 
Erstellung von Bewerbungsunterlagen und die Unterstützung im Bewerbungsprozess konzentrieren. Die Mitarbeiter 
sollen bei Bedarf Auszubildende in Betriebe begleiten. Zudem klären sie rechtliche Fragestellungen bzgl. der 
Anerkennung von Schul- und Berufsabschlüssen und sue beraten bei der Beantragung einer Arbeitserlaubnis. 
Weitere Aufgaben sind die Rechts- und die Psychosoziale Beratung."
2020-08,Main Corpus,2020-08(50).ZIP,Chronik.PDF,C:\PythonProjects\AfD-project\Corpora\Main Corpus\2020-08\raw_unarchive\Chronik.PDF,Chronik,chronik,Nordwest-Zeitung,nordwestzeitung,10. August 2020,,HINTERGRUND; S. 4,299,2309,266dce5fff35cb7d6b28b8dbdce080134c3f3919,,unique,keep,,no,,no,,,3389,no,,,,,"Im August 2015 sagte Bundeskanzlerin Angela Merkel (CDU) zur massenhaften Einwanderung von Migranten und 
zu den Sorgen, ob Deutschland das bewältigen könne, auf einer Pressekonferenz den legendären Satz: Wir 
schaffen das. Ein Überblick:
September 2015: Deutschland und Österreich entscheiden, Tausende Flüchtlinge und Migranten aufzunehmen, 
die in Ungarn gestrandet sind. Die EU-Staats- und Regierungschefs beschließen, 160 000 Flüchtlinge auf die 
Mitgliedsländer zu verteilen.
Oktober 2015: Der Bundestag beschließt das sogenannte Asylpaket I. In die Länder Albanien, Kosovo und 
Montenegro können Menschen nun leichter abgeschoben werden. Asylbewerber sollen möglichst nur 
Sachleistungen erhalten, Flüchtlinge mit guter Bleibeperspektive dürfen an Integrationskursen teilnehmen.
November 2015: Die Koalition verständigt sich auf besondere Aufnahmeeinrichtungen für Flüchtlinge mit geringen 
Bleibe-Chancen. Zudem wird eine zweijährige Aussetzung des Familiennachzugs bei Flüchtlingen mit niedrigerem 
Schutzstatus beschlossen.
März 2016: Nach Slowenien, Kroatien und Serbien schließt auch Mazedonien seine Grenze für Flüchtlinge und 
andere Migranten. Damit ist die Balkanroute faktisch dicht. Zugleich kommt es zum sogenannten EU- Türkei-
Abkommen. Die EU und die Türkei einigen sich darauf, Migranten, die illegal in Griechenland ankommen, in die 
Türkei zurückzuschicken. Im Gegenzug soll für jeden zurückgenommenen Syrer ein anderer Syrer legal und direkt 
von der Türkei aus in die EU kommen.

Chronik
August 2016: Das Integrationsgesetz tritt in Kraft. Danach entfällt in den meisten Regionen die sogenannte 
Vorrangprüfung, anerkannte Flüchtlinge dürfen für drei Jahre ihren Wohnort nicht frei wählen, Geduldete erhalten 
einen Aufenthaltsstatus für die gesamte Dauer der Berufsausbildung plus sechs Monate zur Jobsuche im 
Anschluss.
August 2018: Enge Angehörige von Flüchtlingen mit eingeschränktem Schutzstatus im Rahmen von Kontingenten 
dürfen wieder nach Deutschland nachkommen. Monatlich können bis zu 1000 Menschen aufgenommen werden.
August 2019: Das Abschiebungssystem wird verschärft, die Asylbewerberleistungen angepasst.
April 2020: Die ersten Kinder und Jugendlichen aus mehreren Flüchtlingslagern auf den griechischen Inseln treffen 
in Deutschland ein.
PDF-Datei dieses Dokuments"
2020-08,Main Corpus,2020-08(50).ZIP,Dank  Mamas  Hilfe in Deutschland angekommen Migration Mohammad Nabizadeh hatte bei der Ankunft kein.PDF,C:\PythonProjects\AfD-project\Corpora\Main Corpus\2020-08\raw_unarchive\Dank  Mamas  Hilfe in Deutschland angekommen Migration Mohammad Nabizadeh hatte bei der Ankunft kein.PDF,Dank Mamas Hilfe in Deutschland angekommen Migration Mohammad Nabizadeh hatte bei der Ankunft kein,dank mamas hilfe in deutschland angekommen migration mohammad nabizadeh hatte bei der ankunft kein,Nordwest-Zeitung,nordwestzeitung,10. August 2020,,HINTERGRUND; S. 4,433,2937,eb6047e1ae05fcb7afe77c8e9405092741e3f626,,unique,keep,,no,,no,,,4029,no,,,,,"Leichlingen - Albträume, Bilder von Gewalt, Angst um Mutter und fünf Geschwister, Trauer um den Vater viel 
Last und Bürde auf jungen, schmalen Schultern. Dazu die lange quälende Ungewissheit, ob er bleiben darf. Fünf 
Jahre ist es her, dass Mohammad als minderjähriger Flüchtling vor dem Terror der Taliban flüchtete. Ich war fast 
zwei Monate unterwegs, meistens zu Fuß, es war sehr hart. Ich war kaputt, meine Schuhe waren kaputt. Ich hatte 
Schmerzen , schildert Mohammad Nabizadeh. Nach großen Strapazen erreicht er Bayern. Er spricht kein Wort 
Deutsch, ein paar Brocken Englisch.
Rucksäcke über Bord
Mohammad ist 16, als sein Vater ihm aufträgt, schnell aus Afghanistan zu flüchten, weil die Taliban mordend 
heranziehen.Mohammad kommt über den Iran, die Türkei, im Schlauchboot über die Ägäis nach Griechenland und 
schließlich ins bergische Leichlingen. Das Jugendamt kümmert sich in Süddeutschland um ihn. Der nun 17-Jährige 
trifft auf Familie Hariegel, die ihn seitdem unterstützt.
Nach zermürbenden Jahren des Hoffens und Bangens scheint sicher: Ohne die beharrliche Hilfe von Frauke 
Hariegel Mutter zweier Söhne in Mohammads Alter wäre er im Behörden-Dschungel und Zuständigkeits-Wirrwarr 

Dank Mamas Hilfe in Deutschland angekommen Migration Mohammad Nabizadeh hatte bei der Ankunft kein 
Gepäck Mehrfach Unterkunft gewechselt
wohl verloren gegangen. Ich hätte es nicht geschafft ohne sie , sagt Mohammad. Er nennt sie Mama , siezt sie 
aber. In Afghanistan sagen wir Sie zu den Eltern, aus Respekt. Und Mohammad ist Mama fest ans Herz 
gewachsen.
Deutsch gelernt
Vor wenigen Tagen ist er 22 Jahre alt geworden, wirkt aufmerksam, höflich, zugewandt, spricht gut Deutsch. Die 
ersten Worte, die er hier gelernt hat, waren Warten und Geduld , betont Frauke Hariegel. Was sich von der Asyl-
Antragstellung Anfang 2016 bis zum gerichtlich beschlossenen Abschiebeverbot im April 2020 und dem erst jüngst 
eingetroffenen letzten BAMF-Bescheid abgespielt hat, ist für juristische Laien schwer nachvollziehbar. Dass es 
beide viel Kraft kostete, liegt nahe.
2015 wurden laut Deutschem Jugendinstitut und Statistischem Bundesamt rund 42 310 unbegleitete Minderjährige, 
2016 fast 44 950 allein geflüchtete Kinder und Jugendliche in die Obhut der Jugendämter genommen. Danach sank 
die Zahl stark auf rund 22 490 im Jahr 2017 und 12 210 (2018). Bis zur Volljährigkeit ist ihre Duldung vorgesehen, 
sie sind vor Abschiebung geschützt.
Die nervliche Belastung setzt Mohammad zu. Mehrfach musste er die Unterkunft wechseln, wohnt aktuell mit zwei 
anderen Männern in einem Zimmer. Die Miete und seinen Lebensunterhalt finanziert er selbst, arbeitet seit einigen 
Monaten bei einer Brunnenbaufirma, fühlt sich dort sehr wohl. Mohammad ist froh, in Deutschland zu sein.
PDF-Datei dieses Dokuments

Dank Mamas Hilfe in Deutschland angekommen Migration Mohammad Nabizadeh hatte bei der Ankunft kein 
Gepäck Mehrfach Unterkunft gewechselt"
2020-08,Main Corpus,2020-08(50).ZIP,"Der entrückte Minister Er galt als Flüchtlingsgegner, jetzt holt er Flüchtlinge ins Land. Im Herbst(2).PDF","C:\PythonProjects\AfD-project\Corpora\Main Corpus\2020-08\raw_unarchive\Der entrückte Minister Er galt als Flüchtlingsgegner, jetzt holt er Flüchtlinge ins Land. Im Herbst(2).PDF","Der entrückte Minister Er galt als Flüchtlingsgegner, jetzt holt er Flüchtlinge ins Land. Im Herbst seiner Karriere",der entrückte minister er galt als flüchtlingsgegner jetzt holt er flüchtlinge ins land im herbst seiner karriere,Die ZEIT (inklusive ZEIT Magazin),die zeit inklusive zeit magazin,13. August 2020,Paul Middelhoff,POLITIK;Der entrückte Minister; S. 10; Ausg. 34,2387,15549,fcd813cb2ca9c695057f0c3e919a304349bf76ef,variant_001,regional_variant,review,,no,,no,,,17274,no,,,near_001,variant_001,"Manchmal ist Horst Seehofer einfach weg. Einen Gesprächstermin lässt er kurzfristig absagen, er hat doch keine 
Zeit. In Krisenzeiten verbarrikadierte er sich schon mit Tütensuppen, Dosenravioli und ein paar Litern Milch und 
schaltete sein Handy aus. Und als ihn an einem Abend im Herbst 2015 die Kanzlerin anrief, um mit ihm über die 
Flüchtlinge zu sprechen, die sich aus Ungarn auf den Weg Richtung Deutschland gemacht hatten, ging er nicht ran.
Wenn Horst Seehofer weg ist, ist er meist in Gerolfing. Hier, am Rande von Ingolstadt, stellen die Leute am Tag der 
Müllabfuhr ihre Tonnen in die Sonne, mal steckt ein kleiner Holzkeil zwischen Klappe und Rand, damit alles gut 
trocknet. Im Schlehenweg weht die blau-weiße Landesfahne, im Akazienweg steht ein kleiner Marienaltar, am 
Ortsausgang liegt der Getränkemarkt Hörl.
Am Wochenende geht der Bundesinnenminister hier manchmal mit seiner Frau Karin an der Donau spazieren. Die 
beiden leben im Ort. In den Gärten stehen meterhohe Sonnenblumen und voll behangene Apfelbäume. In Gerolfing 
hat alles seine Ordnung und seinen festen Platz. Zum Wegsein ist Gerolfing genau richtig.
Seehofer hat hier immer Zuflucht gefunden. Als vor fünf Jahren täglich mehr als zehntausend Flüchtlinge nach 
Bayern kamen und ihm, der damals Ministerpräsident des Freistaats war, in München der CSU-Vorstand im 
Nacken saß. Als sein Vorgänger Edmund Stoiber ständig anrief und von ihm einen härteren Kurs gegen die 
Kanzlerin verlangte. Da war Gerolfing der Ausweg, wenn auch manchmal nur für ein paar Stunden, bis zum 
nächsten Morgen. Dann sprang ihn gleich wieder die Weltlage an.
Gerolfing und Syrien, das ganz Kleine und das ganz Große, Sentimentalität und Härte, all das liegt bei Horst 
Seehofer eng beieinander. Von den Politikern, die in den letzten Jahrzehnten die Republik geprägt haben, ist er 
vielleicht der undurchschaubarste, ganz sicher ist er einer der widersprüchlichsten. Er sieht sich als Mann des 
Volkes, dabei ist er ein absoluter Einzelgänger; seine Kollegen in Bayern sagen, er sei in Berlin isoliert. Er war in 
seiner Partei immer einer von den Linken, geprägt von der christlichen Soziallehre. Heute gilt er in der Öffentlichkeit 
als der kaltherzige Gegenspieler Merkels in der Flüchtlingskrise. Einer, der sich zu freuen scheint, wenn an seinem 

Der entrückte Minister Er galt als Flüchtlingsgegner, jetzt holt er Flüchtlinge ins Land. Im Herbst seiner Karriere 
ist Seehofer selbst Parteifreunden manchmal ....
69. Geburtstag 69 Afghanen abgeschoben werden. Ein Betonkopf, dem die bayerischen Befindlichkeiten und sein 
verwundetes Ego offenbar wichtiger sind als die ertrinkenden Menschen im Mittelmeer.
Und doch ist er seit einiger Zeit nicht mehr derselbe: Seit Monaten bemüht er sich darum, dass Flüchtlingskinder 
von den griechischen Inseln evakuiert werden. Erst vor zwei Wochen landete eine Maschine in Berlin-Schönefeld, 
an Bord Minderjährige aus dem Kongo, dem Irak und Somalia, mit ihren Familien, ausgeflogen aus Griechenland. 
Zwar hat er Berlin und Thüringen gerade die Aufnahme weiterer Kinder verboten. Das Evakuierungsprogramm soll 
aber weitergehen. Auch will Seehofer jetzt, da Deutschland die EU-Ratspräsidentschaft innehat, die kollabierte 
europäische Flüchtlingspolitik reformieren. Er will dafür sorgen, dass die Verteilung der Menschen auf die EU-
Mitgliedsstaaten endlich funktioniert. Und er plant, dafür sogar zu jenen EU-Staats- und -Regierungschefs zu 
reisen, die sich bislang noch gegen seine Pläne wehren obwohl er das Fliegen eigentlich scheut. Der Hardliner gibt 
jetzt den Humanisten. Eine Kehrtwende in der Flüchtlingspolitik. Aber wie passt das alles zusammen?
Horst Seehofer hat seine Politik immer mit seiner Herkunft begründet: Sein Vater war Lastwagenfahrer, den Eltern 
fehlte das Geld, um ihrem Sohn ein Studium zu finanzieren. Seehofer kämpfte sich hoch, von Ingolstadt aus durch 
die Bierzelte des Freistaats bis in den Bundestag, ein bisschen wie ein bayerischer Gerhard Schröder. Seehofer 
mag ein Einzelkämpfer sein, einer, der sich in seiner Karriere nie auf politische Netzwerke verlassen hat, aber ein 
paar treue Verbündete hatte er immer: die »kleinen Leute«. Sie tauchen in unzähligen seiner Reden auf, mit ihnen 
begründet Seehofer seine Politik. Indem er sie beschwört, versichert er sich, selbst noch immer ein Mann des 
Volkes zu sein, den Bezug zur echten Welt nicht verloren zu haben, zu Gerolfing. Auch nach über 40 Jahren in der 
Politik. Als er Anfang des vergangenen Jahres seine Abschiedsrede als CSU-Vorsitzender hielt, gab er seiner 
Partei mit: »Verachtet mir die kleinen Leute nicht.«
Für Seehofer, so schien es lange, sind diese kleinen Leute Ingolstädter, Weimarer, Bochumer. Keine Syrer oder 
Eritreer.
Seehofer weiß, dass er so gesehen wird. Aber er ist mit dieser Darstellung überhaupt nicht einverstanden. Nur 
durch seine Härte in der Flüchtlingskrise habe sich die Situation überhaupt wieder in den Griff bekommen lassen. 
So erklärt Seehofer es, wenn er öffentlich über seinen neuen Kurs spricht. Und nur weil er höchstpersönlich die 
Dinge wieder in Ordnung gebracht und dafür gesorgt habe, dass weniger Menschen nach Deutschland kommen, 
könne es sich die Republik heute leisten, überhaupt auf Humanität zu setzen. So schaut Seehofer auf die letzten 
Jahre und auf sich selbst.
Ganz so einfach ist es aber nicht. Man würde Seehofer gerne selbst fragen, was hinter seinem Schlingerkurs 
steckt. Warum er mit seiner Blockadehaltung fast die Regierung zerriss. Und warum er, der irgendwann sogar unter 
einigen CSUlern als Scharfmacher galt, nun eine Politik vertritt, die selbst manchen Grünen und Flüchtlingshelfern 
Respekt abverlangt zumindest, was die Evakuierungen aus den griechischen Lagern betrifft, bei denen ihn zurzeit 
kaum ein EU-Staat unterstützt. Man wüsste gern, warum in seiner Welt nun auf einmal auch die Syrer und die 
Eritreer zu den kleinen Leuten dazugehören. Aber Seehofer lässt sich dazu nicht befragen, er ist weg, mal wieder.
Man muss sich Seehofers Widersprüchen also von außen annähern. Am besten spricht man dazu mit Leuten, die 
ihn gut kennen: den alten Männern der CSU, die ihn seit Jahrzehnten umgeben, mit ihm in den Achtzigern im 
Bundestag saßen, die ihm als Minister dienten (es waren tatsächlich fast nur Männer). Sie haben ihn in seinen 
besten Jahren erlebt, als rebellischen Sozialpolitiker in Berlin, der im Streit um Merkels Kopfpauschale seinen 
Posten in der Unionsfraktion hinwarf. Und sie waren bei ihm, als er in der Flüchtlingskrise zunehmend die Fassung 
verlor.
Männer wie Alfred Sauter. Sauter, 70 Jahre, ist ein schmaler Mann. Er sitzt an einem Konferenztisch in seiner 
Münchner Kanzlei, am Kopfende des Raumes steht meterweise juristische Fachliteratur. Sauter ist gemeinsam mit 
Seehofer in den Bundestag eingezogen, im Jahr 1980, die beiden waren damals Anfang 30. Im CSU-Kosmos ist 
Sauter eine Rarität: Er ist ein Vertrauter von Horst Seehofer. Einer, der nicht nur über Seehofer spricht, sondern mit 
ihm. Es gibt davon nicht allzu viele.
Der entrückte Minister Er galt als Flüchtlingsgegner, jetzt holt er Flüchtlinge ins Land. Im Herbst seiner Karriere 
ist Seehofer selbst Parteifreunden manchmal ....
 Eigentlich sei Seehofer kein Hardliner, sagt Sauter. Tatsächlich sei ihm seit je an den Schwachen gelegen. »Aber 
im Jahr 2015 war in der CSU communis opinio, dass es mit dem Kurs der Kanzlerin so nicht mehr weitergeht.« 
Die Kommunen meldeten völlige Überlastung, die CSU-Landtagsfraktion, zu der bis heute auch Sauter gehört, sah 
nicht ein, warum ausgerechnet Bayern die Hauptlast der Krise schultern musste. »Es gab in der Partei kaum mehr 
jemanden, der sich für einen gemäßigten Kurs eingesetzt hat. Und das hat auch auf Seehofer durchgeschlagen.« 
Um zu verstehen, wie es damals in Seehofer aussah, hilft ein Blick zurück auf den Spätsommer 2015: 
Hunderttausende Asylsuchende waren auf dem Weg nach Deutschland, per Bus, in Zügen, zu Fuß. Schulen in 
Bayern setzten den Sportunterricht aus, in den Turnhallen schliefen jetzt Familien mit Kindern. Im syrischen 
Bürgerkrieg warf das Assad-Regime Fassbomben auf Wohngebiete ab und raubte so immer mehr Menschen ihre 
Heimat. Und in Berlin versuchte Merkel, den ungarischen Ministerpräsidenten Viktor Orbán dazu zu bewegen, 
seine Grenzen nicht zu schließen. Die Deutschen schwankten zwischen Willkommenseuphorie und Zweifeln. Der 
Zwiespalt, der durch das Land ging, er zerrte auch an Seehofer. Und von ihm wurde erwartet, dass er handelt.
Aber wie handeln, wenn sich an der Ursache des Problems wenig ändern lässt? In seiner Not wählt Seehofer ein 
Mittel, das der CSU noch stets das liebste gewesen ist: derbes Reden. Seehofer sei eigentlich kein Mann der 
eisernen Faust, sagt Sauter. Keiner, der auf den Tisch haut und dann nicht mehr mit sich reden lässt. »Aber 
Seehofers klare Kante war eben auch ein Ausdruck der Stimmung in der Partei.« Mit der Zeit, so scheint es, wurde 
Seehofer zum Gefangenen seines eigenen Tons.
Zur humanitären Krise kommt ein strategisches Problem: Die Anti-Euro-Partei AfD, die zu diesem Zeitpunkt fast 
schon wieder verschwunden war, erhält durch das Migrationsthema neuen Aufwind. Und Seehofer will um jeden 
Preis verhindern, dass eines der großen CSU-Dogmen stürzt: Es darf, so hat es der Übervater Strauß einst verfügt, 
keine demokratisch legitimierte Partei rechts der CSU geben.
Damit er die AfD einhegen kann, glaubt Seehofer, muss Merkel ihren Kurs ändern. Und er wird sie dazu bewegen. 
Oder zwingen, wenn nötig. Seehofer lässt die Kanzlerin auf dem Parteitag 2015 wie ein Schulmädchen vor der 
versammelten CSU auflaufen, erwägt eine Verfassungsgerichtsklage gegen Merkels Regierung, der seine Partei ja 
selbst angehört. Auf dem Höhepunkt des Streits erklärt er, er lasse sich nicht von Merkel absetzen, jener Frau, der 
er angeblich in den Sattel verholfen habe. Merkel aber macht all das nur noch sturer. Irgendwann kündigt Seehofer 
seinen Rücktritt an. Und tritt dann doch nicht zurück.
Denn am Ende hat er den letzten Schritt immer gescheut, er ist nicht gegangen, hat die Klage nie eingereicht. 
Seehofer will zwar die Stimme der kleinen Leute sein, aber kein Systemsprenger. So wird er mit jeder seiner 
Attacken kleiner. Und die AfD in Bayern immer größer: Das Ergebnis der CSU bei der Landtagswahl 2018 ist 
katastrophal, die absolute Mehrheit, die Seehofer einst erkämpft hatte, ist dahin. Die Partei hat nicht nur Stimmen 
verloren: Weder das »C« noch das »S« der CSU sind in diesen Tagen erkennbar.
War es das wert? Anruf bei Theo Waigel, einem der Großen in der CSU. Unter Franz Josef Strauß aufgestiegen, 
Finanzminister während der Wiedervereinigung. Heute ist Waigel 81 und Ehrenvorsitzender der CSU, eine Art 
Stammesältester, der über die Geschicke seiner Partei wacht. Anders als Sauter ist Waigel kein Seehofer-Freund. 
Aber er weiß, wie es ist, in der Politik alt zu werden. Und er kennt sich aus mit Erbfolgekriegen.
Denn um zu verstehen, wie in der öffentlichen Wahrnehmung aus dem Herz-Jesu-Mann Seehofer das kalte Herz 
der Regierung werden konnte, muss man wissen, dass er nicht nur in Berlin gegen Merkel kämpfte. Sondern auch 
in München gegen seinen Widersacher Markus Söder.
»In der Flüchtlingskrise hatte Söder bereits die klare Perspektive, dass er es zum Ministerpräsidenten schaffen 
kann«, sagt Waigel. »Und da ist er gegenüber der Führung aktiv geworden«. Heißt: gegenüber Seehofer. Als der 
sich noch um einen Gesprächskanal nach Berlin bemüht, stellt Söder schon das im Grundgesetz verankerte Recht 
auf Asyl infrage und denkt darüber nach, Zäune rund um Bayern zu bauen. Bei der aufgepeitschten Basis kommt 
das gut an. Söder treibt Seehofer vor sich her, nimmt ihm erst das Amt des Ministerpräsidenten ab und dann den 
Parteivorsitz. »Söder war schließlich stark genug, sich durchzusetzen. Bei Seehofer hat die Kraft nicht mehr 
gereicht, das zu verhindern«, sagt Waigel.
Der entrückte Minister Er galt als Flüchtlingsgegner, jetzt holt er Flüchtlinge ins Land. Im Herbst seiner Karriere 
ist Seehofer selbst Parteifreunden manchmal ....
Für Seehofer kommt die Wende im Januar 2019. Die CSU hat genug von ihm, lässt ihn einfach fallen, kein großer 
Abschied, kaum mehr Applaus, als er seine Abschiedsrede hält. Und das nach zehn Jahren Vorsitz. Mit einem 
Schlag ist Seehofer die Partei los. Und damit auch den Druck. Einige Monate später schlägt er vor, ein Viertel der 
auf dem Mittelmeer geretteten Menschen in Deutschland aufzunehmen. Und wird nun seinerseits von der Union als 
zu lasch attackiert. Seinen Kritikern entgegnet er, es sei unglaublich, dass er sich »für die Rettung von Menschen 
vor dem Ertrinken rechtfertigen muss«.
Wer Seehofer heute in Berlin erlebt, der sieht einen Mann, der zwar noch mit einem Bein im politischen Alltag steht. 
Der mit dem anderen Bein aber bereits die Ahnenhalle der CSU betreten hat. Dort sitzen Männer wie Erwin Huber, 
Günther Beckstein, Edmund Stoiber und auch Theo Waigel. Sie vermessen einander: Wie viel Strauß steckt in 
jedem von ihnen? Wer wird in die Geschichte Bayerns eingehen? Und wer wird vergessen werden? In diesem 
Kreis nennt man einander »Erzfeind« oder wirft einander vor, »nie durchgehende inhaltliche Linien« gehabt zu 
haben. Die brutalen CSU-internen Kämpfe der vergangenen zwanzig Jahre haben ihnen allen tiefe Wunden 
zugefügt. Seehofer passt gut hierher.
Die CSU von heute aber, so scheint es, hat er hinter sich gelassen. Obwohl auch er zu den Ehrenvorsitzenden 
gehört, hat Seehofer seit seinem Abtritt noch kein einziges Vorstandstreffen besucht. Ihn schmerze es wohl zu 
sehr, denen in die Augen zu schauen, die ihn damals abgesägt haben, vor allem Söder, sagt einer, der ihn gut 
kennt. In Berlin wiederum gilt er einigen als Di-Mi-Do-Minister: Dienstag, Mittwoch, Donnerstag, dann geht es 
zurück nach Gerolfing.
In der Spätphase ist das Wegsein zum Merkmal von Seehofers Politik geworden. Dabei ist das Dasein immer sein 
Anspruch gewesen. Er selbst sieht sich als jemanden, der dem Volkswillen Geltung verleiht. Aber was, wenn sich 
dieses Volk immer weiter diversifiziert? Wenn in Bayern die jungen Leute nicht mehr die CSU, sondern die Grünen 
wählen, weil die weniger rabiat mit Flüchtlingen umgehen? Oder die Alten die AfD? Wenn Seehofer das Gefühl für 
die kleinen Leute entglitten ist? Vielleicht hat Seehofer Deutschland nie so treffend verkörpert wie in diesen letzten 
wirren Jahren.
Sein Versuch, die europäische Migrationspolitik neu zu ordnen, ist Seehofers letztes großes Projekt. Seine 
Kollegen in Bayern sagen, er wolle auf gar keinen Fall als der hartherzige Migrationsbekämpfer in die Geschichte 
eingehen. »Dass Seehofer jetzt einen milderen Kurs bei der Flüchtlingspolitik fährt, wirkt wie die Rückkehr zum 
alten Sozialpolitiker, der er früher einmal war«, sagt Theo Waigel. Nach Jahren der brutalen Konflikte scheint es, 
als wolle Seehofer Frieden schließen. Mit der Kanzlerin, vielleicht auch mit sich selbst. Sein Humanismus ist auch 
Egoismus: Er will gut dastehen am Ende seiner Karriere.
 Seehofer will im Herbst 2021 mit der Politik aufhören. Dem Spiegel sagte er dazu vor einigen Monaten: »Ich 
bin dann ein unpolitischer Mensch. Sie werden mich in keinem Aufsichtsrat finden. Sie werden mich mit der 
aktuellen Politik nicht locken können, auch wenn sie mich vielleicht noch so ärgert.« Horst Seehofer ist dann 
einfach weg. Aber diesmal so richtig. 
 Seehofer tut besonders gern Dinge für die »kleinen Leute«. Aber wer soll das sein?
Er schien gefangen zu sein im eigenen Ton"
2020-08,Main Corpus,2020-08(50).ZIP,"Der entrückte Minister Er galt als Flüchtlingsgegner, jetzt holt er Flüchtlinge ins Land. Im Herbst.PDF","C:\PythonProjects\AfD-project\Corpora\Main Corpus\2020-08\raw_unarchive\Der entrückte Minister Er galt als Flüchtlingsgegner, jetzt holt er Flüchtlinge ins Land. Im Herbst.PDF","Der entrückte Minister; Er galt als Flüchtlingsgegner, jetzt holt er Flüchtlinge ins Land. Im Herbst seiner Karriere",der entrückte minister er galt als flüchtlingsgegner jetzt holt er flüchtlinge ins land im herbst seiner karriere,Die ZEIT (inklusive ZEIT Magazin),die zeit inklusive zeit magazin,13. August 2020,Paul Middelhoff,POLITIK;Der entrückte Minister; S. 10; Ausg. 34,2387,15557,81f97e03347ce915fa42f112070678d58a8a655f,variant_001,regional_variant,review,,no,,no,,,17274,no,,,near_001,variant_001,"Manchmal ist Horst Seehofer einfach weg. Einen Gesprächstermin lässt er kurzfristig absagen, er hat doch keine 
Zeit. In Krisenzeiten verbarrikadierte er sich schon mit Tütensuppen, Dosenravioli und ein paar Litern Milch und 
schaltete sein Handy aus. Und als ihn an einem Abend im Herbst 2015 die Kanzlerin anrief, um mit ihm über die 
Flüchtlinge zu sprechen, die sich aus Ungarn auf den Weg Richtung Deutschland gemacht hatten, ging er nicht 
ran.
Wenn Horst Seehofer weg ist, ist er meist in Gerolfing. Hier, am Rande von Ingolstadt, stellen die Leute am Tag 
der Müllabfuhr ihre Tonnen in die Sonne, mal steckt ein kleiner Holzkeil zwischen Klappe und Rand, damit alles 
gut trocknet. Im Schlehenweg weht die blau-weiße Landesfahne, im Akazienweg steht ein kleiner Marienaltar, 
am Ortsausgang liegt der Getränkemarkt Hörl.
Am Wochenende geht der Bundesinnenminister hier manchmal mit seiner Frau Karin an der Donau spazieren. Die 
beiden leben im Ort. In den Gärten stehen meterhohe Sonnenblumen und voll behangene Apfelbäume. In 
Gerolfing hat alles seine Ordnung und seinen festen Platz. Zum Wegsein ist Gerolfing genau richtig.
Seehofer hat hier immer Zuflucht gefunden. Als vor fünf Jahren täglich mehr als zehntausend Flüchtlinge nach 
Bayern kamen und ihm, der damals Ministerpräsident des Freistaats war, in München der CSU-Vorstand im 
Nacken saß. Als sein Vorgänger Edmund Stoiber ständig anrief und von ihm einen härteren Kurs gegen die 
Kanzlerin verlangte. Da war Gerolfing der Ausweg, wenn auch manchmal nur für ein paar Stunden, bis zum 
nächsten Morgen. Dann sprang ihn gleich wieder die Weltlage an.
Gerolfing und Syrien, das ganz Kleine und das ganz Große, Sentimentalität und Härte, all das liegt bei Horst 
Seehofer eng beieinander. Von den Politikern, die in den letzten Jahrzehnten die Republik geprägt haben, ist er 
vielleicht der undurchschaubarste, ganz sicher ist er einer der widersprüchlichsten. Er sieht sich als Mann des 
Volkes, dabei ist er ein absoluter Einzelgänger; seine Kollegen in Bayern sagen, er sei in Berlin isoliert. Er war in 
seiner Partei immer einer von den Linken, geprägt von der christlichen Soziallehre. Heute gilt er in der 
Öffentlichkeit als der kaltherzige Gegenspieler Merkels in der Flüchtlingskrise. Einer, der sich zu freuen scheint, 

Der entrückte Minister; Er galt als Flüchtlingsgegner, jetzt holt er Flüchtlinge ins Land. Im Herbst seiner Karriere 
ist Seehofer selbst Parteifreunden manchmal....
wenn an seinem 69. Geburtstag 69 Afghanen abgeschoben werden. Ein Betonkopf, dem die bayerischen 
Befindlichkeiten und sein verwundetes Ego offenbar wichtiger sind als die ertrinkenden Menschen im Mittelmeer.
Und doch ist er seit einiger Zeit nicht mehr derselbe: Seit Monaten bemüht er sich darum, dass Flüchtlingskinder 
von den griechischen Inseln evakuiert werden. Erst vor zwei Wochen landete eine Maschine in Berlin-Schönefeld, 
an Bord Minderjährige aus dem Kongo, dem Irak und Somalia, mit ihren Familien, ausgeflogen aus 
Griechenland. Zwar hat er Berlin und Thüringen gerade die Aufnahme weiterer Kinder verboten. Das 
Evakuierungsprogramm soll aber weitergehen. Auch will Seehofer jetzt, da Deutschland die EU-
Ratspräsidentschaft innehat, die kollabierte europäische Flüchtlingspolitik reformieren. Er will dafür sorgen, dass 
die Verteilung der Menschen auf die EU-Mitgliedsstaaten endlich funktioniert. Und er plant, dafür sogar zu jenen 
EU-Staats- und -Regierungschefs zu reisen, die sich bislang noch gegen seine Pläne wehren - obwohl er das 
Fliegen eigentlich scheut. Der Hardliner gibt jetzt den Humanisten. Eine Kehrtwende in der Flüchtlingspolitik. Aber 
wie passt das alles zusammen?
Horst Seehofer hat seine Politik immer mit seiner Herkunft begründet: Sein Vater war Lastwagenfahrer, den Eltern 
fehlte das Geld, um ihrem Sohn ein Studium zu finanzieren. Seehofer kämpfte sich hoch, von Ingolstadt aus durch 
die Bierzelte des Freistaats bis in den Bundestag, ein bisschen wie ein bayerischer Gerhard Schröder. Seehofer 
mag ein Einzelkämpfer sein, einer, der sich in seiner Karriere nie auf politische Netzwerke verlassen hat, aber ein 
paar treue Verbündete hatte er immer: die »kleinen Leute«. Sie tauchen in unzähligen seiner Reden auf, mit 
ihnen begründet Seehofer seine Politik. Indem er sie beschwört, versichert er sich, selbst noch immer ein Mann 
des Volkes zu sein, den Bezug zur echten Welt nicht verloren zu haben, zu Gerolfing. Auch nach über 40 Jahren 
in der Politik. Als er Anfang des vergangenen Jahres seine Abschiedsrede als CSU-Vorsitzender hielt, gab er 
seiner Partei mit: »Verachtet mir die kleinen Leute nicht.«
Für Seehofer, so schien es lange, sind diese kleinen Leute Ingolstädter, Weimarer, Bochumer. Keine Syrer oder 
Eritreer.
Seehofer weiß, dass er so gesehen wird. Aber er ist mit dieser Darstellung überhaupt nicht einverstanden. Nur 
durch seine Härte in der Flüchtlingskrise habe sich die Situation überhaupt wieder in den Griff bekommen lassen. 
So erklärt Seehofer es, wenn er öffentlich über seinen neuen Kurs spricht. Und nur weil er höchstpersönlich die 
Dinge wieder in Ordnung gebracht und dafür gesorgt habe, dass weniger Menschen nach Deutschland kommen, 
könne es sich die Republik heute leisten, überhaupt auf Humanität zu setzen. So schaut Seehofer auf die letzten 
Jahre und auf sich selbst.
Ganz so einfach ist es aber nicht. Man würde Seehofer gerne selbst fragen, was hinter seinem Schlingerkurs 
steckt. Warum er mit seiner Blockadehaltung fast die Regierung zerriss. Und warum er, der irgendwann sogar 
unter einigen CSUlern als Scharfmacher galt, nun eine Politik vertritt, die selbst manchen Grünen und 
Flüchtlingshelfern Respekt abverlangt - zumindest, was die Evakuierungen aus den griechischen Lagern betrifft, 
bei denen ihn zurzeit kaum ein EU-Staat unterstützt. Man wüsste gern, warum in seiner Welt nun auf einmal auch 
die Syrer und die Eritreer zu den kleinen Leuten dazugehören. Aber Seehofer lässt sich dazu nicht befragen, er 
ist weg, mal wieder.
Man muss sich Seehofers Widersprüchen also von außen annähern. Am besten spricht man dazu mit Leuten, die 
ihn gut kennen: den alten Männern der CSU, die ihn seit Jahrzehnten umgeben, mit ihm in den Achtzigern im 
Bundestag saßen, die ihm als Minister dienten (es waren tatsächlich fast nur Männer). Sie haben ihn in seinen 
besten Jahren erlebt, als rebellischen Sozialpolitiker in Berlin, der im Streit um Merkels Kopfpauschale seinen 
Posten in der Unionsfraktion hinwarf. Und sie waren bei ihm, als er in der Flüchtlingskrise zunehmend die 
Fassung verlor.
Männer wie Alfred Sauter. Sauter, 70 Jahre, ist ein schmaler Mann. Er sitzt an einem Konferenztisch in seiner 
Münchner Kanzlei, am Kopfende des Raumes steht meterweise juristische Fachliteratur. Sauter ist gemeinsam mit 
Seehofer in den Bundestag eingezogen, im Jahr 1980, die beiden waren damals Anfang 30. Im CSU-Kosmos ist 
Der entrückte Minister; Er galt als Flüchtlingsgegner, jetzt holt er Flüchtlinge ins Land. Im Herbst seiner Karriere 
ist Seehofer selbst Parteifreunden manchmal....
Sauter eine Rarität: Er ist ein Vertrauter von Horst Seehofer. Einer, der nicht nur über Seehofer spricht, sondern 
mit ihm. Es gibt davon nicht allzu viele.
 Eigentlich sei Seehofer kein Hardliner, sagt Sauter. Tatsächlich sei ihm seit je an den Schwachen gelegen. 
»Aber im Jahr 2015 war in der CSU communis opinio, dass es mit dem Kurs der Kanzlerin so nicht mehr 
weitergeht.« Die Kommunen meldeten völlige Überlastung, die CSU-Landtagsfraktion, zu der bis heute auch 
Sauter gehört, sah nicht ein, warum ausgerechnet Bayern die Hauptlast der Krise schultern musste. »Es gab in 
der Partei kaum mehr jemanden, der sich für einen gemäßigten Kurs eingesetzt hat. Und das hat auch auf 
Seehofer durchgeschlagen.« 
Um zu verstehen, wie es damals in Seehofer aussah, hilft ein Blick zurück auf den Spätsommer 2015: 
Hunderttausende Asylsuchende waren auf dem Weg nach Deutschland, per Bus, in Zügen, zu Fuß. Schulen in 
Bayern setzten den Sportunterricht aus, in den Turnhallen schliefen jetzt Familien mit Kindern. Im syrischen 
Bürgerkrieg warf das Assad-Regime Fassbomben auf Wohngebiete ab und raubte so immer mehr Menschen ihre 
Heimat. Und in Berlin versuchte Merkel, den ungarischen Ministerpräsidenten Viktor Orbán dazu zu bewegen, 
seine Grenzen nicht zu schließen. Die Deutschen schwankten zwischen Willkommenseuphorie und Zweifeln. Der 
Zwiespalt, der durch das Land ging, er zerrte auch an Seehofer. Und von ihm wurde erwartet, dass er handelt.
Aber wie handeln, wenn sich an der Ursache des Problems wenig ändern lässt? In seiner Not wählt Seehofer ein 
Mittel, das der CSU noch stets das liebste gewesen ist: derbes Reden. Seehofer sei eigentlich kein Mann der 
eisernen Faust, sagt Sauter. Keiner, der auf den Tisch haut und dann nicht mehr mit sich reden lässt. »Aber 
Seehofers klare Kante war eben auch ein Ausdruck der Stimmung in der Partei.« Mit der Zeit, so scheint es, 
wurde Seehofer zum Gefangenen seines eigenen Tons.
Zur humanitären Krise kommt ein strategisches Problem: Die Anti-Euro-Partei AfD, die zu diesem Zeitpunkt fast 
schon wieder verschwunden war, erhält durch das Migrationsthema neuen Aufwind. Und Seehofer will um jeden 
Preis verhindern, dass eines der großen CSU-Dogmen stürzt: Es darf, so hat es der Übervater Strauß einst 
verfügt, keine demokratisch legitimierte Partei rechts der CSU geben.
Damit er die AfD einhegen kann, glaubt Seehofer, muss Merkel ihren Kurs ändern. Und er wird sie dazu bewegen. 
Oder zwingen, wenn nötig. Seehofer lässt die Kanzlerin auf dem Parteitag 2015 wie ein Schulmädchen vor der 
versammelten CSU auflaufen, erwägt eine Verfassungsgerichtsklage gegen Merkels Regierung, der seine Partei 
ja selbst angehört. Auf dem Höhepunkt des Streits erklärt er, er lasse sich nicht von Merkel absetzen, jener Frau, 
der er angeblich in den Sattel verholfen habe. Merkel aber macht all das nur noch sturer. Irgendwann kündigt 
Seehofer seinen Rücktritt an. Und tritt dann doch nicht zurück.
Denn am Ende hat er den letzten Schritt immer gescheut, er ist nicht gegangen, hat die Klage nie eingereicht. 
Seehofer will zwar die Stimme der kleinen Leute sein, aber kein Systemsprenger. So wird er mit jeder seiner 
Attacken kleiner. Und die AfD in Bayern immer größer: Das Ergebnis der CSU bei der Landtagswahl 2018 ist 
katastrophal, die absolute Mehrheit, die Seehofer einst erkämpft hatte, ist dahin. Die Partei hat nicht nur Stimmen 
verloren: Weder das »C« noch das »S« der CSU sind in diesen Tagen erkennbar.
War es das wert? Anruf bei Theo Waigel, einem der Großen in der CSU. Unter Franz Josef Strauß aufgestiegen, 
Finanzminister während der Wiedervereinigung. Heute ist Waigel 81 und Ehrenvorsitzender der CSU, eine Art 
Stammesältester, der über die Geschicke seiner Partei wacht. Anders als Sauter ist Waigel kein Seehofer-
Freund. Aber er weiß, wie es ist, in der Politik alt zu werden. Und er kennt sich aus mit Erbfolgekriegen.
Denn um zu verstehen, wie in der öffentlichen Wahrnehmung aus dem Herz-Jesu-Mann Seehofer das kalte Herz 
der Regierung werden konnte, muss man wissen, dass er nicht nur in Berlin gegen Merkel kämpfte. Sondern auch 
in München gegen seinen Widersacher Markus Söder.
»In der Flüchtlingskrise hatte Söder bereits die klare Perspektive, dass er es zum Ministerpräsidenten schaffen 
kann«, sagt Waigel. »Und da ist er gegenüber der Führung aktiv geworden«. Heißt: gegenüber Seehofer. Als der 
sich noch um einen Gesprächskanal nach Berlin bemüht, stellt Söder schon das im Grundgesetz verankerte 
Der entrückte Minister; Er galt als Flüchtlingsgegner, jetzt holt er Flüchtlinge ins Land. Im Herbst seiner Karriere 
ist Seehofer selbst Parteifreunden manchmal....
Recht auf Asyl infrage und denkt darüber nach, Zäune rund um Bayern zu bauen. Bei der aufgepeitschten Basis 
kommt das gut an. Söder treibt Seehofer vor sich her, nimmt ihm erst das Amt des Ministerpräsidenten ab und 
dann den Parteivorsitz. »Söder war schließlich stark genug, sich durchzusetzen. Bei Seehofer hat die Kraft nicht 
mehr gereicht, das zu verhindern«, sagt Waigel.
Für Seehofer kommt die Wende im Januar 2019. Die CSU hat genug von ihm, lässt ihn einfach fallen, kein großer 
Abschied, kaum mehr Applaus, als er seine Abschiedsrede hält. Und das nach zehn Jahren Vorsitz. Mit einem 
Schlag ist Seehofer die Partei los. Und damit auch den Druck. Einige Monate später schlägt er vor, ein Viertel 
der auf dem Mittelmeer geretteten Menschen in Deutschland aufzunehmen. Und wird nun seinerseits von der 
Union als zu lasch attackiert. Seinen Kritikern entgegnet er, es sei unglaublich, dass er sich »für die Rettung von 
Menschen vor dem Ertrinken rechtfertigen muss«.
Wer Seehofer heute in Berlin erlebt, der sieht einen Mann, der zwar noch mit einem Bein im politischen Alltag 
steht. Der mit dem anderen Bein aber bereits die Ahnenhalle der CSU betreten hat. Dort sitzen Männer wie Erwin 
Huber, Günther Beckstein, Edmund Stoiber und auch Theo Waigel. Sie vermessen einander: Wie viel Strauß 
steckt in jedem von ihnen? Wer wird in die Geschichte Bayerns eingehen? Und wer wird vergessen werden? In 
diesem Kreis nennt man einander »Erzfeind« oder wirft einander vor, »nie durchgehende inhaltliche Linien« 
gehabt zu haben. Die brutalen CSU-internen Kämpfe der vergangenen zwanzig Jahre haben ihnen allen tiefe 
Wunden zugefügt. Seehofer passt gut hierher.
Die CSU von heute aber, so scheint es, hat er hinter sich gelassen. Obwohl auch er zu den Ehrenvorsitzenden 
gehört, hat Seehofer seit seinem Abtritt noch kein einziges Vorstandstreffen besucht. Ihn schmerze es wohl zu 
sehr, denen in die Augen zu schauen, die ihn damals abgesägt haben, vor allem Söder, sagt einer, der ihn gut 
kennt. In Berlin wiederum gilt er einigen als Di-Mi-Do-Minister: Dienstag, Mittwoch, Donnerstag, dann geht es 
zurück nach Gerolfing.
In der Spätphase ist das Wegsein zum Merkmal von Seehofers Politik geworden. Dabei ist das Dasein immer sein 
Anspruch gewesen. Er selbst sieht sich als jemanden, der dem Volkswillen Geltung verleiht. Aber was, wenn sich 
dieses Volk immer weiter diversifiziert? Wenn in Bayern die jungen Leute nicht mehr die CSU, sondern die 
Grünen wählen, weil die weniger rabiat mit Flüchtlingen umgehen? Oder die Alten die AfD? Wenn Seehofer das 
Gefühl für die kleinen Leute entglitten ist? Vielleicht hat Seehofer Deutschland nie so treffend verkörpert wie in 
diesen letzten wirren Jahren.
Sein Versuch, die europäische Migrationspolitik neu zu ordnen, ist Seehofers letztes großes Projekt. Seine 
Kollegen in Bayern sagen, er wolle auf gar keinen Fall als der hartherzige Migrationsbekämpfer in die Geschichte 
eingehen. »Dass Seehofer jetzt einen milderen Kurs bei der Flüchtlingspolitik fährt, wirkt wie die Rückkehr zum 
alten Sozialpolitiker, der er früher einmal war«, sagt Theo Waigel. Nach Jahren der brutalen Konflikte scheint es, 
als wolle Seehofer Frieden schließen. Mit der Kanzlerin, vielleicht auch mit sich selbst. Sein Humanismus ist 
auch Egoismus: Er will gut dastehen am Ende seiner Karriere.
 Seehofer will im Herbst 2021 mit der Politik aufhören. Dem Spiegel sagte er dazu vor einigen Monaten: »Ich 
bin dann ein unpolitischer Mensch. Sie werden mich in keinem Aufsichtsrat finden. Sie werden mich mit der 
aktuellen Politik nicht locken können, auch wenn sie mich vielleicht noch so ärgert.« Horst Seehofer ist dann 
einfach weg. Aber diesmal so richtig. 
Er schien gefangen zu sein im eigenen Ton
 Seehofer tut besonders gern Dinge für die »kleinen Leute«. Aber wer soll das sein?"
2020-08,Main Corpus,2020-08(50).ZIP,Der Flüchtling mit zwei Namen(2).PDF,C:\PythonProjects\AfD-project\Corpora\Main Corpus\2020-08\raw_unarchive\Der Flüchtling mit zwei Namen(2).PDF,Der Flüchtling mit zwei Namen,der flüchtling mit zwei namen,Frankfurter Rundschau,frankfurter rundschau,Freitag 21. August 2020,,HESSEN; S. D4,514,3820,b8becf6e4a790bac47aece11bc94ec0c8db07307,exact_001,duplicate_exact,review,,no,,no,,,4530,no,,exact_001,,,"VON JUTTA RIPPEGATHER
Aufgefallen war es bei der misslungenen Abschiebung. Die Polizei übergab Tarek Ramdani bei der Gelegenheit 
einen Strafbefehl über 1500 Euro. Dieses Behördenpapier war auf Sofian ben Abdalah ausgestellt - einen 
Menschen, der gar nicht existiere, sagt Kurt Bunke. Bis heute sei unklar, welcher Name damals auf den 
Abschiebeunterlagen gestanden habe. 
Bunke ist Flüchtlingshelfer im mittelhessischen Cölbe. Er gehört zum Unterstützerkreis einer fünfköpfigen 
algerischen Familie. Sie war im Januar 2019 nur nicht abgeschoben worden, weil laut Medienberichten der Pilot 
sich geweigert hatte, die damals hochschwangere Frau mitzunehmen.
Besagter Strafbefehl machte Bunke stutzig. Bei weiteren Recherchen stellte er fest, dass Tarek Ramdani bei den 
Behörden nicht nur zwei Identitäten besitzt. Die Vergehen seiner beiden Brüder würden ebenfalls in der Akte ben 
Abdalah geführt und damit ihm zur Last gelegt. Der jüngere war nach einer Abschiebung wieder illegal eingereist, 
das Betrugsverfahren gegen den älteren wurde eingestellt. 
Bis zu dieser Erkenntnis musste Bunke zahlreiche Akten durchwühlen, und er habe bereits erfolglos die Polizei 
gebeten, ihren Fehler zu korrigieren. ""Ich habe einige Zeit gebraucht, bis ich das Absurdistan verstanden habe."" 
Vater Tarek Ramdani fällt bei den Behörden unter die Rubrik ""Intensivtäter"". 20 Straftaten warf der Leiter der 
Zentralen Ausländerbehörde des Regierungspräsidiums Gießen ihm in einem öffentlichen Vortrag in Marburg vor. 
Zwölf davon haben nicht stattgefunden oder wurden nicht zur Anklage gebracht, hat Bunke herausgefunden. Die 
übrigen acht Delikte waren unerlaubter Aufenthalt vor dem Asylantrag, Diebstahl, Fahren nur mit dem algerischen 
Führerschein. Einmal hatte Ramdani bei der Polizei zunächst den Fantasienamen Sofian ben Abdalah angegeben. 
Dass er gleich zu Beginn der Ermittlungen seine wahre Identität preisgegeben hatte, wurde offenkundig nie 
aktenkundig.
Einen Menschen mit diesem Namen gibt es nicht. Für die Polizei, so scheint es, allerdings schon. Immer wieder 
findet Tarek Ramdani ist seinem Briefkasten behördliche Schreiben an diese nicht existente Person. ""Ihm werden 
Straftaten zur Last gelegt, mit denen er nichts zu tun hat"", sagt Bunke. Der Familienvater bekam auch schon eine 

Der Flüchtling mit zwei Namen
an ihn adressierte Mitteilung, wonach die Ermittlungen gegen Sofian ben Abdalah in einem Betrugsverfahren 
eingestellt worden seien. Dabei hatte er rein gar nichts mit der Sache zu tun.
Bunke kommt zu dem Schluss, dass da gründlich etwas schiefläuft: ""Der Intensivtäter Sofian ben Abdalah ist eine 
konstruierte Sammelpersönlichkeit."" Der hessische Datenschutzbeauftragte sei eingeschaltet, der Rechtsanwalt 
des Algeriers bemühe sich ebenfalls, dem ""Spiel mit den Identitäten"" ein Ende zu bereiten. Für die Familie ist das 
essenziell. Die Abschiebung hängt wie ein Damoklesschwert über ihr. Die Ausländerbehörde hat die ab 1. August 
fällige höhere Unterstützung nach dem Asylbewerberleistungsgesetz wegen angeblicher Identitätsverweigerung 
abgelehnt. Den Eltern wird auch vorgeworfen, die Abschiebung im Januar 2019 ""rechtsmissbräuchlich und 
widerständig"" abgebrochen zu haben. Ein Gespräch mit dem Piloten würde das Gegenteil beweisen, sagt Bunke. 
Für die Strafbefehle sei die Zentrale Ausländerbehörde des Regierungspräsidiums Gießen (RP) nicht zuständig, 
sagt Behördensprecher Thorsten Haas. Sondern einzig für die ausländerrechtlichen Angelegenheiten. Da die 
Familie nicht ausreise, werde sie ""zu gegebener Zeit"" abgeschoben. Die Vorwürfe Bunkes entbehrten jeglicher 
Grundlage: Es existiere ""kein Zusammenhang zwischen Aliaspersonalien, die der Betroffene genutzt hat, und den 
Entscheidungen zur Anerkennung der Flüchtlingseigenschaft"". 
Der fünfköpfigen Familie droht die Abschiebung"
2020-08,Main Corpus,2020-08(50).ZIP,Der Flüchtling mit zwei Namen.PDF,C:\PythonProjects\AfD-project\Corpora\Main Corpus\2020-08\raw_unarchive\Der Flüchtling mit zwei Namen.PDF,Der Flüchtling mit zwei Namen,der flüchtling mit zwei namen,Frankfurter Rundschau,frankfurter rundschau,Mittwoch 19. August 2020,,HESSEN; S. F16,514,3820,b8becf6e4a790bac47aece11bc94ec0c8db07307,exact_001,duplicate_exact,review,,no,,no,,,4532,no,,exact_001,,,"VON JUTTA RIPPEGATHER
Aufgefallen war es bei der misslungenen Abschiebung. Die Polizei übergab Tarek Ramdani bei der Gelegenheit 
einen Strafbefehl über 1500 Euro. Dieses Behördenpapier war auf Sofian ben Abdalah ausgestellt - einen 
Menschen, der gar nicht existiere, sagt Kurt Bunke. Bis heute sei unklar, welcher Name damals auf den 
Abschiebeunterlagen gestanden habe. 
Bunke ist Flüchtlingshelfer im mittelhessischen Cölbe. Er gehört zum Unterstützerkreis einer fünfköpfigen 
algerischen Familie. Sie war im Januar 2019 nur nicht abgeschoben worden, weil laut Medienberichten der Pilot 
sich geweigert hatte, die damals hochschwangere Frau mitzunehmen.
Besagter Strafbefehl machte Bunke stutzig. Bei weiteren Recherchen stellte er fest, dass Tarek Ramdani bei den 
Behörden nicht nur zwei Identitäten besitzt. Die Vergehen seiner beiden Brüder würden ebenfalls in der Akte ben 
Abdalah geführt und damit ihm zur Last gelegt. Der jüngere war nach einer Abschiebung wieder illegal eingereist, 
das Betrugsverfahren gegen den älteren wurde eingestellt. 
Bis zu dieser Erkenntnis musste Bunke zahlreiche Akten durchwühlen, und er habe bereits erfolglos die Polizei 
gebeten, ihren Fehler zu korrigieren. ""Ich habe einige Zeit gebraucht, bis ich das Absurdistan verstanden habe."" 
Vater Tarek Ramdani fällt bei den Behörden unter die Rubrik ""Intensivtäter"". 20 Straftaten warf der Leiter der 
Zentralen Ausländerbehörde des Regierungspräsidiums Gießen ihm in einem öffentlichen Vortrag in Marburg vor. 
Zwölf davon haben nicht stattgefunden oder wurden nicht zur Anklage gebracht, hat Bunke herausgefunden. Die 
übrigen acht Delikte waren unerlaubter Aufenthalt vor dem Asylantrag, Diebstahl, Fahren nur mit dem algerischen 
Führerschein. Einmal hatte Ramdani bei der Polizei zunächst den Fantasienamen Sofian ben Abdalah angegeben. 
Dass er gleich zu Beginn der Ermittlungen seine wahre Identität preisgegeben hatte, wurde offenkundig nie 
aktenkundig.
Einen Menschen mit diesem Namen gibt es nicht. Für die Polizei, so scheint es, allerdings schon. Immer wieder 
findet Tarek Ramdani ist seinem Briefkasten behördliche Schreiben an diese nicht existente Person. ""Ihm werden 
Straftaten zur Last gelegt, mit denen er nichts zu tun hat"", sagt Bunke. Der Familienvater bekam auch schon eine 

Der Flüchtling mit zwei Namen
an ihn adressierte Mitteilung, wonach die Ermittlungen gegen Sofian ben Abdalah in einem Betrugsverfahren 
eingestellt worden seien. Dabei hatte er rein gar nichts mit der Sache zu tun.
Bunke kommt zu dem Schluss, dass da gründlich etwas schiefläuft: ""Der Intensivtäter Sofian ben Abdalah ist eine 
konstruierte Sammelpersönlichkeit."" Der hessische Datenschutzbeauftragte sei eingeschaltet, der Rechtsanwalt 
des Algeriers bemühe sich ebenfalls, dem ""Spiel mit den Identitäten"" ein Ende zu bereiten. Für die Familie ist das 
essenziell. Die Abschiebung hängt wie ein Damoklesschwert über ihr. Die Ausländerbehörde hat die ab 1. August 
fällige höhere Unterstützung nach dem Asylbewerberleistungsgesetz wegen angeblicher Identitätsverweigerung 
abgelehnt. Den Eltern wird auch vorgeworfen, die Abschiebung im Januar 2019 ""rechtsmissbräuchlich und 
widerständig"" abgebrochen zu haben. Ein Gespräch mit dem Piloten würde das Gegenteil beweisen, sagt Bunke. 
Für die Strafbefehle sei die Zentrale Ausländerbehörde des Regierungspräsidiums Gießen (RP) nicht zuständig, 
sagt Behördensprecher Thorsten Haas. Sondern einzig für die ausländerrechtlichen Angelegenheiten. Da die 
Familie nicht ausreise, werde sie ""zu gegebener Zeit"" abgeschoben. Die Vorwürfe Bunkes entbehrten jeglicher 
Grundlage: Es existiere ""kein Zusammenhang zwischen Aliaspersonalien, die der Betroffene genutzt hat, und den 
Entscheidungen zur Anerkennung der Flüchtlingseigenschaft"". 
Der fünfköpfigen Familie droht die Abschiebung"
2020-08,Main Corpus,2020-08(50).ZIP,Die große Integrations-Bilanz Insgesamt lief die Eingliederung der Flüchtlinge in den Arbeitsmarkt b.PDF,C:\PythonProjects\AfD-project\Corpora\Main Corpus\2020-08\raw_unarchive\Die große Integrations-Bilanz Insgesamt lief die Eingliederung der Flüchtlinge in den Arbeitsmarkt b.PDF,Die große Integrations-Bilanz Insgesamt lief die Eingliederung der Flüchtlinge in den Arbeitsmarkt besser als,die grosse integrationsbilanz insgesamt lief die eingliederung der flüchtlinge in den arbeitsmarkt besser als,Die Welt,die welt,Donnerstag 20. August 2020,Christine Haas,Wirtschaft; S. 10; Ausg. 194,1164,8636,a79c4f2de1640b62c927478ec2d783090356fe79,,unique,keep,,no,,no,,,10249,no,,,,,"Zeugnisse und Qualifikationsnachweise zählen normalerweise viel bei Thyssenkrupp. Doch als ab Mitte 2015 
Hunderttausende Flüchtlinge nach Deutschland kamen, wollte der Industriekonzern ihnen wie viele andere 
Unternehmen schnell Arbeit bieten. ""Wenn wir da mit der typisch deutschen Bürokratie rangegangen wären, hätten 
wir bis heute keinen einzigen eingestellt"", sagt Volker Grigo, Ausbildungsleiter in der Stahlsparte.
Direkte Anstellungen waren selten, sagt Grigo. Fast immer wären ein Praktikum oder eine Ausbildung vorgeschaltet 
gewesen. Zusätzliche 230 Praktikanten- und 150 Ausbildungsplätze besetzte Thyssenkrupp mit Flüchtlingen, in fast 
allen Berufen vom Maschinenanlageführer bis zum Fachinformatiker. Was danach folgte? ""Echt viel Arbeit"", sagt 
Grigo. Die ständigen Absprachen mit Behörden, Sozialarbeitern und Psychologen waren das eine. Das andere war 
das Einspielen im Ausbildungsalltag, berichtet Grigo: Deutsch lernen, in der Berufsschule mithalten, sich an die 
deutsche Pünktlichkeit gewöhnen.
Zwar schafften das nicht alle, doch Grigo spricht insgesamt von gelungener Integration. Von den 50 Azubis, für die 
er zuständig war, sind noch alle im Unternehmen. Bei einigen läuft die Ausbildung noch, die meisten haben den für 
Absolventen üblichen Jahresvertrag bekommen. ""Der Großteil hat hier im Unternehmen eine Perspektive"", sagt er. 
Gut fünf Jahre nach dem Höhepunkt des Flüchtlingszuzugs liegen auch Ökonomen genügend Daten vor, um eine 
Zwischenbilanz zu ziehen. Und es lief besser, als es die schwierigen Umstände erwarten ließen. Doch einige 
Indikatoren zeigen auch, dass es dauerhafte Probleme gibt. Und dass die Corona-Krise erzielte Fortschritte zu 
zerstören droht.
Das Deutsche Institut für Wirtschaftsforschung (DIW) in Berlin präsentierte am Mittwoch ein positives Fazit. 
Grundlage sind repräsentative Befragungen von fast 8000 Menschen, die zwischen 2013 und 2016 in die 
Bundesrepublik geflohen sind. 43 Prozent waren demnach 2018 in Voll- oder Teilzeitbeschäftigung, selbstständig, 

Die große Integrations-Bilanz Insgesamt lief die Eingliederung der Flüchtlinge in den Arbeitsmarkt besser als 
erwartet, so eine Auswertung. Doch oft macht sich ....
in Ausbildung oder Praktikum. ""Das ist durchaus ein Erfolg"", sagt DIW-Forscherin Felicitas Schikora. Schließlich 
seien die Betroffenen erst wenige Jahre in Deutschland. Das Institut für Arbeitsmarkt- und Berufsforschung (IAB) 
hatte ebenfalls vor wenigen Monaten eine Analyse veröffentlicht, derzufolge etwa jeder zweite Flüchtling fünf Jahre 
nach Ankunft einen Job hat. Der Start in die Erwerbstätigkeit gelingt demnach etwas schneller als in der 
Vergangenheit. Grund ist dem IAB zufolge die bessere Verfassung des Arbeitsmarkts. ""Zudem wird seit 2015 
deutlich mehr in Sprach- und andere Integrationsprogramme für Asylbewerber und anerkannte Geflüchtete 
investiert, als es damals der Fall war"", heißt es in dem Bericht.
Auch der Anteil der sozialversicherungspflichtig Beschäftigten ist höher als früher. Wido Geis-Thöne, Forscher am 
arbeitgebernahen Institut der deutschen Wirtschaft (IW) in Köln, verweist auf die acht wichtigsten 
Asylherkunftsländer Afghanistan, Eritrea, Irak, Iran, Nigeria, Pakistan, Somalia und Syrien: Hier lag der Anteil Ende 
vergangenen Jahres bei 31 Prozent. ""Die Arbeitsmarktintegration gelingt schneller und besser als erwartet"", sagt 
er. ""Wir sind weiterhin auf einem guten Weg bei der Integration von geflüchteten Menschen in den Arbeitsmarkt"", 
heißt es auch von der Bundesvereinigung der Deutschen Arbeitgeberverbände (BDA).
Allerdings zeigen die Zahlen im Umkehrschluss auch, dass mehr als die Hälfte der Flüchtlinge keine Arbeit hat. 
Dabei hatten sie laut den Befragungen des DIW selbst höhere Erwartungen an ihren Job-Erfolg. Zwei Drittel 
schätzten 2016 die Wahrscheinlichkeit, zwei Jahre später erwerbstätig zu sein, als hoch ein. Für ein Drittel trat das, 
anders als erhofft, aber nicht ein. Frauen bleiben deutlich häufiger erwerbslos als Männer. Schon der IAB-Bericht 
hatte betont, dass das besonders für Frauen mit Kleinkindern gilt, was auch an fehlender externer Betreuung liegt. 
Enttäuschte Erwartungen sind laut DIW-Forscherin Schikora ein Problem, denn sie könnten sich negativ auf die 
Integration auswirken. Rund jeder sechste Beschäftigte aus den acht Asylherkunftsländern hatte allerdings nur eine 
ausschließlich geringfügige Beschäftigung, im Vergleich zu weniger als einem Zehntel bei den Inländern. ""Auch 
wenn die Geflüchteten eine erste Beschäftigung gefunden haben, reicht das erzielte Einkommen oft noch nicht aus, 
um die Familie zu ernähren"", erklärt IW-Experte Geis-Thöne.
Dabei spielt auch die Art der ausgeübten Tätigkeiten ein Rolle. Gut die Hälfte der sozialversicherungspflichtig 
Beschäftigten aus den Asylherkunftsländer hatte Helferjobs, zeigen Berechnungen des IW. Für die 
Gesamtbevölkerung liegt der Wert nur bei 16 Prozent. Damit die Flüchtlinge in Zukunft noch besser am 
Arbeitsmarkt Fuß fassen und verstärkt auch Fachkraftstellen besetzen können, muss ihre Qualifizierung noch 
weiter vorangetrieben werden, sagt Geis-Thöne. Allerdings können sie auch vor dem Hintergrund ihres häufig 
niedrigen Bildungsstands voraussichtlich nur einen begrenzten Beitrag zur Milderung des Fachkräftemangels 
leisten.
Das sieht man auch bei Thyssenkrupp so. ""Für uns war das Programm damals vor allem soziales Engagement. Es 
ist aber eindeutig nicht der Königsweg, um Fachkräftemangel zu bekämpfen"", sagt Grigo. Zu groß sei der Aufwand, 
um Sprachkenntnisse und berufliche Qualifikation zu gewährleisten. Das zusätzliche Schaffen von 
Ausbildungsplätzen für Flüchtlinge hat der Konzern aktuell eingestellt. Bewerben können sie sich natürlich immer 
noch, allerdings auf die gleichen Plätze wie alle anderen auch.
Wie nachteilig die geringe Qualifikation ist, zeigt sich in der momentanen Krisensituation allerdings besonders 
deutlich. Denn viele Flüchtlinge arbeiten in Branchen, die viele Arbeitskräfte entlassen haben. Dazu zählen etwa die 
Zeitarbeit und die Gastronomie. In diesen Bereichen sind viele Flüchtlinge arbeitslos geworden. ""Die aktuelle 
Situation auf dem Arbeitsmarkt betrifft Geflüchtete leider besonders stark, da sie beispielsweise ihre Beschäftigung 
erst vor kurzem begonnen haben oder Förderangebote nicht stattfinden können"", heißt es von der BDA. Damit die 
Integration gelingt, blieben gute Sprachförderung und zielgenaue Qualifizierung aber weiter die Grundlage.
Die Betroffenen hätten mit vielen Nachteilen zu kämpfen, sagt auch Anja Piel, Vorstandsmitglied des Deutschen 
Gewerkschaftsbunds. Soziale Kontakte über den Arbeitsplatz, die Schule oder zivilgesellschaftliche Initiativen 
fänden nicht mehr statt. ""Für viele Familien mit Kindern, besonders solche, die noch in Gemeinschaftsunterkünften 
leben müssen, ist an Home-Schooling nicht zu denken"", sagt Piel. ""Für Geflüchtete, bei denen Beschäftigung oder 
Ausbildung Grundlage für ihren Aufenthalt in Deutschland sind, wirkt der Arbeitsplatzverlust existenzbedrohend."" 
Aus Corona lernen heiße auch, die Integration in die Gesellschaft und den Arbeitsmarkt zu verbessern. ""Ein 
Die große Integrations-Bilanz Insgesamt lief die Eingliederung der Flüchtlinge in den Arbeitsmarkt besser als 
erwartet, so eine Auswertung. Doch oft macht sich ....
weiteres Problem ist: Anerkannte Geflüchtete haben zunächst nur für ein bis drei Jahre einen sicheren Aufenthalt"", 
sagt die Gewerkschafterin. Dann werden sie neu geprüft. Das sei der Grund für die überdurchschnittlich häufige 
Beschäftigung in prekären Verhältnissen. ""Um diesen Teufelskreis der Abhängigkeit zu durchbrechen, muss 
spätestens nach einem Jahr Aufenthalt die Möglichkeit für einen unbefristeten Aufenthaltstitel eingeräumt werden"", 
so ihr Appell.
Auch im Handwerk, wo viele Flüchtlinge arbeiten und ausgebildet werden, verweist man auf enorme Corona-
Einschränkungen. Der Zentralverband des Deutschen Handwerks (ZDH) berichtet, es sei wegen der 
Kontaktbeschränkungen und abgesagter Veranstaltungen ""äußerst schwierig und teils auch unmöglich, neue 
Bewerber zu rekrutieren"". Vereinzelt könne es aber zu positiven Effekten kommen, heißt es. Hilfsarbeiter, die als 
erste unter den Krisenfolgen leiden, würden nun mitunter den Wert einer echten Ausbildung erkennen. IW-Forscher 
Geis-Thöne hält zudem für wahrscheinlich, dass die Schäden nicht von Dauer sind. Wenn die Krise überwunden 
ist, sagt er, könnte die Beschäftigung der Flüchtlinge bald wieder über den Werten von 2019 liegen.
Original Gesamtseiten-PDF
Graphic
 
Der Start in die Erwerbstätigkeit gelingt vielen mittlerweile schneller als in der Vergangenheit"
2020-08,Main Corpus,2020-08(50).ZIP,Die Legende vom liberalen Laschet.PDF,C:\PythonProjects\AfD-project\Corpora\Main Corpus\2020-08\raw_unarchive\Die Legende vom liberalen Laschet.PDF,Die Legende vom liberalen Laschet,die legende vom liberalen laschet,Frankfurter Rundschau,frankfurter rundschau,Samstag 8. August 2020,,POLITIK; S. 2,573,4049,236f77fb8b24a233fb3cff4bab5847efc8e1b014,,unique,keep,,no,,no,,,5072,no,,,,,"VON STEPHAN HEBEL
Es dürfte in der CDU Leute geben, denen es schon nach dem ersten Googlen reicht. Armin Laschet, 59, hat mal für 
Rita Süssmuth gearbeitet! Das war die Christdemokratin, die schon vor 20 Jahren feststellte, was ein stramm 
rechter Unionist so gar nicht hören wollte: ""Deutschland ist faktisch ein Einwanderungsland."" Und noch 
""schlimmer"": Laschet wurde 2005 in Nordrhein-Westfalen Deutschlands erster Minister für Integration. 
So ein Mann war für die Rechten schon immer unwählbar, auch bevor er sich mit seinem Corona-
Krisenmanagement vom Favoriten zum Außenseiter machte. Das passt zu dem Muster, nach dem das Rennen um 
den Parteivorsitz allgemein betrachtet wird: Laschet, der ""Liberale"", gegen Merz, den Mann vom rechten Flügel. 
Aber so einfach ist die Gemengelage dann doch nicht.
Natürlich hat die Geschichte vom liberalen Laschet ihren wahren Kern. Er hat früh Kontakt zu den Grünen gesucht, 
und er hat 2015 die angeblich so liberale Flüchtlingspolitik der Kanzlerin Angela Merkel verteidigt. 
Gerade in dieser Woche schien es, als wolle der nordrhein-westfälische Ministerpräsident die humanitäre Karte 
besonders spektakulär spielen. Erst reiste er nach Athen, wo er das sagte, was auch Merkel gesagt hätte: Jetzt 
müsse aber bald mal Ordnung in die europäische Migrationspolitik, natürlich verbunden mit der ""Sicherung der 
Außengrenzen"", die im Klartext nichts anderes meint als die Abschottung Europas gegen Geflüchtete. Liberal? Nun 
ja.
Dann aber ging es weiter nach Lesbos, zur Besichtigung des Elendslagers Moria. Nur dass die Menschen, die im 
""wilden"" Teil des Camps lagern, kein Interesse hatten an ""Kondolenzbesuchen"", wie der Grünen-Politiker Erik 
Marquardt diese Reisen nennt. Sie protestierten, und Laschet machte aus Sicherheitsgründen kehrt. 
Danach sprach der Vorsitz-Kandidat voller Empathie vom ""Aufschrei der Verzweifelten"". Aber davon, dass 
Deutschland in einer eigenen humanitären Anstrengung dem Elend ein Ende machen könnte, sprach er nicht. So 
verbindet sich bei ihm, ganz ähnlich wie bei Merkel, ein nicht unangenehmer, maßvoller Ton mit einem Handeln, 
das in weiten Teilen auch dem rechten Flügel der Union gefallen könnte. 

Die Legende vom liberalen Laschet
Es ist sicher kein Zufall, dass der NRW-Ministerpräsident sich so rechtsaußen-freundlich im Ton vergriff, als es um 
die Corona-infizierten Arbeiterinnen und Arbeiter bei Tönnies ging: Dass ""Rumänen und Bulgaren da eingereist 
sind und da der Virus herkommt"", ließ er verlauten. Die Pandemie, von Ausländern importiert: So etwas hört man 
im rechten Spektrum gern. Und die nachgeschobenen Relativierungen ändern daran nichts. 
Es ist auch kein Zufall, dass Laschet den prominenten CDU-Rechtsausleger Wolfgang Bosbach eine Kommission 
zur inneren Sicherheit leiten ließ, die, wenig überraschend, vor allem für mehr Überwachung und schärfere Gesetze 
plädiert. Und schließlich: Wer sich die freundlichen Ausführungen des Vorsitz-Kandidaten zur ""multikulturellen 
Gesellschaft"" näher anschaut, stößt auf eine interessante Argumentation: Unter Leitkultur, so Laschet in einem 
Aufsatz 2016, verstehe er vor allem ""eine Identität, welche die gemeinsame Basis unserer multikulturellen 
Gesellschaft vollendet"". Und wie könnte der Beitrag der Zugewanderten aussehen? Sie sollen vor allem 
konservative Werte wieder stärker in Deutschland verankern.
""Respekt vor der Religion""
Neben ""interkulturellen Kompetenzen"" zählte der Christdemokrat auf: ""sozialen Aufstiegswillen"", ""eine gewisse 
Anpassungsfähigkeit"", ""Wertschätzung der Familie"", und schließlich: ""Auch was den Respekt vor der Religion 
angeht, kann sich unsere Gesellschaft viel bei den Zuwanderern abschauen."" Natürlich nur, wenn sie vorher ""ihr 
Verhältnis zu salafistischen Strömungen klären"".
Zugewanderte, die diese Tugenden pflegen, würden auch die Parteifreunde vom ganz rechten Rand wohl dulden. 
Mit einem Vorsitzenden Laschet könnten sie besser leben, als sie selber glauben.
Graphic
 
Henning Kaiser/dpaLaschet weiß, was das rechte Spektrum hören will. Kaiser/dpa"
2020-08,Main Corpus,2020-08(50).ZIP,Die meisten kommen aus Syrien.PDF,C:\PythonProjects\AfD-project\Corpora\Main Corpus\2020-08\raw_unarchive\Die meisten kommen aus Syrien.PDF,Die meisten kommen aus Syrien,die meisten kommen aus syrien,Frankfurter Rundschau,frankfurter rundschau,Montag 31. August 2020,,POLITIK; S. 4,612,4124,f08c52bde88aba9874f682eb903b772f797e04b0,,unique,keep,,no,,no,,,5325,no,,,,,"Spätestens seit 2015 erhitzt die Debatte über die Asylpolitik die Gemüter. Was hat die Politik seitdem bewirkt? Was 
ist Fakt und was nicht? 
Wie viele Menschen flüchten aktuell noch über das Mittelmeer nach Europa? 
Über die Jahre gesehen sinken die Zahlen - zuletzt unter anderem auch wegen der Corona-Pandemie. Zwischen 
dem 1. Januar und dem 20. August kamen gut 42 000 Menschen nach Europa, neun von zehn nahmen dabei den 
gefährlichen Seeweg übers Mittelmeer. Schon vor der Corona-Krise gingen nach Angaben der Internationalen 
Organisation für Migration (IOM) die Zahlen zurück: 2015 erreichten knapp 1,05 Millionen Flüchtlinge Europa, 2019 
waren es nur noch etwas mehr als 128 000. Seit 2015 kamen auf dem Mittelmeer mehr als 17 000 Menschen ums 
Leben oder gelten als vermisst, 2020 sind es bisher rund 500.
In welchem Land der Europäischen Union beantragen die meisten Menschen Asyl? 
Zwischen 2010 und 2019 stellten etwa 2,1 Millionen Menschen in Deutschland erstmals einen Asylantrag, 2019 
waren es etwa 142 500. Nach absoluten Zahlen ist Deutschland seit Jahren das beliebteste Zielland in der EU. Im 
Verhältnis zu Bevölkerung und Wirtschaftskraft zeigt sich aber ein differenzierteres Bild bei der Aufnahme von 
Geflüchteten: Dem Flüchtlingshilfswerk UNHCR zufolge liegt Deutschland (Stand: Ende 2019) mit 137 Geflüchteten 
pro 10 000 Einwohnern hinter Schweden (253), Malta (202) und Österreich (152). In der Slowakei, Kroatien, 
Tschechien, Portugal und Rumänien kommen demnach gerade einmal jeweils zwei Geflüchtete auf 10 000 
Einwohner. Vergleicht man das Bruttoinlandsprodukt der Länder mit der Zahl der Flüchtlinge, denen sie Asyl 
gewähren, liegt Deutschland nach UNHCR-Angaben EU-weit auf Platz sieben, weltweit auf Platz 66.
Wer sind die Menschen, die nach Deutschland kommen? 
Seit 2013 machen Syrer den größten Anteil der Asylsuchenden aus; im laufenden Jahr (Januar bis Juli) wurde jeder 
dritte Erstantrag von einem Menschen aus dem Bürgerkriegsland gestellt. Der Irak (knapp zehn Prozent), 
Afghanistan (knapp acht) und die Türkei (knapp sechs) folgen. Etwa ein Drittel der bisherigen Asylanträge in 
diesem Jahr wurde für Kinder unter vier Jahren gestellt. Der relativ hohe Anteil junger Menschen erklärt sich etwa 
dadurch, dass Eltern für ihre hier geborenen Kinder Asyl beantragen. Der Anteil der Minderjährigen liegt 2020 
bislang bei 54 Prozent. Insgesamt gibt es etwas mehr männliche als weibliche Antragsteller (57 zu 43 Prozent). Am 

Die meisten kommen aus Syrien
größten ist der Unterschied in der Gruppe der 18- bis unter 25-Jährigen: Hier kommen 68 Prozent der Anträge von 
Männern, 32 Prozent von Frauen.
Wie viele Schutzsuchende haben einen Job? 
Aus den Hauptherkunftsländern wie Afghanistan oder Syrien waren im Mai 2020 weniger als ein Drittel der 
Asylbewerber in einem sozialversicherungspflichtigen Beschäftigungsverhältnis. Die Quote der Deutschen lag bei 
62,5 Prozent, wie es in einem Bericht der Bundesarbeitsagentur (BA) heißt. Die Integration in den Arbeitsmarkt 
brauche einen langem Atem. Trotzdem sei die Entwicklung positiv: Im Frühsommer 2015 hatte die Quote bei 
Schutzsuchenden noch bei rund 18 Prozent gelegen. Bei Vollzeitjobs handelte es sich in zwei Drittel der Fälle um 
eine Arbeit mit geringem Lohn. Generell rutschen nach BA-Angaben Flüchtlinge sehr schnell in die Arbeitslosigkeit. 
Die Wahrscheinlichkeit ist mehr als doppelt so hoch wie bei Ausländern insgesamt.
Welche Straftaten begehen geflüchtete Menschen? 
Das Bundeskriminalamt (BKA) veröffentlicht jährlich Zahlen über die Kriminalität von Zuwanderern. Dazu zählen 
Menschen mit Asylstatus, Duldung oder unerlaubtem Aufenthalt. 2019 lag der Anteil der Straftaten, bei denen 
mindestens ein Zuwanderer tatverdächtig war, im Verhältnis zu allen Delikten bei 9,0 Prozent - ein leichter 
Rückgang im Vergleich zum Vorjahr. Zwischen 2015 (6,5 Prozent) und 2018 (9,7 Prozent) war der Anteil noch 
gestiegen. Wurde 2019 gegen Zuwanderer ermittelt, so ging es in drei von vier Fällen um Körperverletzung. dpa
Graphic
 
Andreas Gebert/dpaSeptember 2015: Ankunft am Münchener Hauptbahnhof. Gebert/dpa"
2020-08,Main Corpus,2020-08(50).ZIP,Die Richtung stimmt Ein aktueller Bericht zeigt_ Die Integration von jungen Flüchtlingen funktionier.PDF,C:\PythonProjects\AfD-project\Corpora\Main Corpus\2020-08\raw_unarchive\Die Richtung stimmt Ein aktueller Bericht zeigt_ Die Integration von jungen Flüchtlingen funktionier.PDF,Die Richtung stimmt Ein aktueller Bericht zeigt: Die Integration von jungen Flüchtlingen funktioniert,die richtung stimmt ein aktueller bericht zeigt die integration von jungen flüchtlingen funktioniert,Berliner Zeitung,berliner zeitung,20. August 2020,Tanja Brandes,WIRTSCHAFT; S. 5,532,3767,11cb9371a9c3bbebbd5db717283deb2c36f76b0c,,unique,keep,,no,,no,,,4821,no,,,,,"Wir schaffen das. Im August 2015, auf dem Höhepunkt der Zuwanderungsbewegung nach Deutschland, sagte 
Bundeskanzlerin Angela Merkel ihren inzwischen berühmten Satz. Fünf Jahre später zeigt sich: Geschafft ist noch 
nicht alles, aber zumindest die Richtung stimmt. Zu diesem Zwischenfazit kommt ein aus vier Teilstudien 
bestehender Bericht des Deutschen Instituts für Wirtschaftsforschung (DIW) zur Integration von Geflüchteten.
 Die Studien zeigen, dass in vielen Bereichen die Integration von Geflüchteten gut gelungen ist , sagte C. Katharina 
Spieß, Ökonomin und Leiterin der Abteilung Bildung und Familie am DIW Berlin und eine der Autorinnen des 
Berichtes, bei der Vorstellung der Studie am Mittwoch in Berlin. Das gelte vor allem für den schulischen Bereich.
Zugang zu Bildung und die Förderung der Teilhabe am Sozialleben und am Arbeitsmarkt sind dem DIW-Bericht 
zufolge auch die Schlüssel für die erfolgreiche Integration geflüchteter Menschen. Dabei spiele die von 
Zugewanderten mitgebrachte Bildung eine zentrale Rolle.
Zwar haben die Geflüchteten gemessen an den Standards der Bundesrepublik oft einen niedrigeren 
Bildungsabschluss. Betrachtet man die Bildungsabschlüsse aus der Perspektive des Herkunftslandes ergibt sich 
ein anderes Bild: So zählen 75 Prozent der Syrerinnen und Syrer, die die größte Gruppe unter den Asylsuchenden 
ausmachen, dem DIW-Bericht zufolge zu der höher gebildeten Bevölkerungshälfte.
Das, so schreiben die Autorinnen der Studie, wirke sich auch positiv auf die Integration im Zielland aus: 
Zugewanderte, die in der Herkunftsgesellschaft zur gebildeteren Hälfte gehören, lernten schneller Deutsch, seien 
gesünder und erfolgreicher auf dem Arbeitsmarkt. Inzwischen gehen 43 Prozent der Geflüchteten einer geregelten 
Beschäftigung nach. Nicht immer haben sich dabei ihre Erwartungen erfüllt: So rechneten 2016 mehr als 60 
Prozent der geflüchteten Menschen damit, innerhalb von zwei Jahren eine Arbeit zu finden tatsächlich gelungen 
ist es aber nur 32 Prozent von ihnen.
Ein besonderes Augenmerk legt der DIW-Bericht auf die Situation von Kindern und Jugendlichen und zieht ein 
positives Fazit: Mehr als 50 Prozent der Kinder und Jugendlichen mit Fluchthintergrund nutzen das Angebot von 
Ganztagesangeboten, 52 Prozent sind in Sportvereinen engagiert. Mehr als 80 Prozent fühlen dabei eine enge 
Verbundenheit mit ihrer Schule von den 15-Jährigen, die anlässlich der PISA-Studie 2018 befragt wurden, sagten 
das nur 75 Prozent. Und der DIW-Bericht zeigt auch: Die allermeisten Kinder und Jugendlichen mit 

Die Richtung stimmt Ein aktueller Bericht zeigt: Die Integration von jungen Flüchtlingen funktioniert
Fluchthintergrund sprechen mit ihren Freunden und Freundinnen überwiegend Deutsch. Bei den 12-Jährigen gilt 
das sogar für 90 Prozent.
Frauenförderung reicht nicht aus
Der Zugang zu Bildung und Freizeitangeboten ist nach Ansicht der DIW-Forscherinnen daher eine der 
Grundvoraussetzungen für erfolgreiche Integration. Genauso wie die Förderungen von Frauen: Hier gibt es dem 
Bericht zufolge noch erheblichen Verbesserungsbedarf. So hätten Frauen in der Regel seltener soziale Kontakte 
als Männer und gingen auch weniger häufig einer Beschäftigung nach. Nach den Erkenntnissen der Studie liegt 
das vor allem an immer noch nicht ausreichenden Betreuungsangeboten für Kinder was zur Folge habe, dass in 
der Regel die Frauen zu Hause bei den Kindern blieben.
Ein gemischtes Bild zeigt der DIW-Bericht auch bei den Sorgen bezüglich der Zuwanderung: Während die große 
Besorgnis der einheimischen Bevölkerung angesichts der Fluchtbewegung nach Deutschland in den letzten fünf 
Jahren immer weiter abgenommen hat, steigt bei den Geflüchteten selbst die Sorge vor Rassismus und 
Ausländerfeindlichkeit wieder an."
2020-08,Main Corpus,2020-08(50).ZIP,Die Zahl der Flüchtlinge steigt wieder Mehr als 2000 Asylbewerber wurden seit Beginn der Pandemie in(2).PDF,C:\PythonProjects\AfD-project\Corpora\Main Corpus\2020-08\raw_unarchive\Die Zahl der Flüchtlinge steigt wieder Mehr als 2000 Asylbewerber wurden seit Beginn der Pandemie in(2).PDF,Die Zahl der Flüchtlinge steigt wieder Mehr als 2000 Asylbewerber wurden seit Beginn der Pandemie in,die zahl der flüchtlinge steigt wieder mehr als 2000 asylbewerber wurden seit beginn der pandemie in,Rheinische Post,rheinische post,Donnerstag 6. August 2020,"Mayntz, Gregor",S. 4,639,4651,dfb80a7e14b09afb127ee3dd4b2f9c4708f4163d,exact_002,duplicate_exact,review,,no,,no,,,6121,no,,exact_002,,,"Gregor Mayntz
Berlin Die Zahl der Asylbewerber ist nach einem deutlichen Absacken in den ersten Monaten der Corona-Pandemie 
wieder gestiegen. Wie das Bundesamt für Migration und Flüchtlinge am Mittwoch Nachmittag mitteilte, wurden im 
Juli 8865 Anträge registriert. Im Mai war die Zahl bis auf 4329 gesunken. Im Bundesinnenministerium wird 
geschätzt, dass aktuell täglich zwischen 300 und 400 Flüchtlinge eintreffen – womit die Zahlen wieder an die 
Größenordnungen von vor der Corona-Krise heranreichen.
Derweil betrifft das Virus auch zahlreiche Flüchtlinge. Nach einer Umfrage unter den Ländern wurden bereits mehr 
als 2000 in den Aufnahmezentren positiv auf Covid-19 getestet. Eine genaue Zahl ist wegen unterschiedlicher 
statistischer Erhebungen der zuständigen Bundesländer derzeit kaum möglich. So meldete das bayerische 
Innenministerium, dass bis zum Mittwoch alles in allem 1926 Personen, die in bayerischen Asylunterkünften 
untergebracht sind, positiv getestet wurden. Das Flüchtlingsministerium in NRW meldet dagegen jeden Mittwoch 
Stichtagszahlen, die nicht zusammengezählt werden dürften. Für Anfang Juni werden hier 69 positiv getestete 
Asylbewerber aufgeführt, für den 29. Juli sind es acht. Die Zahlen dazwischen schwanken zwischen drei und 25.
Verschiedene Bundesländer testen lediglich verdachtsabhängig, wenn die Befragungen der Ankömmlinge, ihr 
Reiseweg und eine Fiebermessung dies nahelegen. In Bayern wird dagegen jeder Asylsuchende getestet. Seit dem 
10. Juli seien das mehr als 2200 Personen gewesen, berichtete das Innenministerium in München. Aktuell 
befänden sich 58 aktiv infizierte Personen in bayerischen Asylunterkünften.

Die Zahl der Flüchtlinge steigt wieder Mehr als 2000 Asylbewerber wurden seit Beginn der Pandemie in 
deutschen Aufnahmeeinrichtungen positiv auf Corona getestet....
In Baden-Württemberg wurden seit Ende Februar 4952 Flüchtlinge auf Corona getestet, bei 435 von ihnen stellte 
sich eine Infektion heraus. Hessen gehört zu den Ländern, die nur bei Verdacht eine Untersuchung veranlassen – 
und wurde in neun Fällen auf eine Covid-19-Erkrankung aufmerksam. Alle Personen seien jedoch inzwischen 
wieder genesen. Rheinland-Pfalz veranlasste in seinen vier Aufnahmeeinrichtungen bei 162 Asylbewerbern einen 
Corona-Test. Hierunter war jedoch kein einziger positiv. Im Saarland ließ die Landesaufnahmestelle 946 Tests 
durchführen, darunter ergaben acht ein positives Ergebnis. Derzeit befinde sich aber keine einzige der positiv 
getesteten Personen mehr in der Einrichtung.
Schleswig-Holstein lässt alle ins Land kommenden Asylbewerber unmittelbar nach ihrer Ankunft auf das 
Coronavirus testen und isoliert sie anschließend für zwei Wochen. Seit Ende April habe es hier keine neuen Fälle 
von Covid-19 gegeben, obwohl pro Woche rund 100 Flüchtlinge im Norden ankommen. In Kiel ist nicht bekannt, 
dass sich jemand in den Einrichtungen selbst angesteckt habe. Ähnliches meldet Mecklenburg-Vorpommern. Seit 
Beginn der Pandemie seien hier 54 Bewohner positiv getestet worden, 53 davon wieder genesen, lediglich eine 
infizierte Person befinde sich in einer separaten Unterkunft.
Dieses Bild zeichnen alle zuständigen Behörden: In jedem Bundesland reichen demnach die Kapazitäten 
problemlos aus, um Flüchtlinge mit Symptomen oder positiven Tests unter Quarantäne-Bedingungen 
unterzubringen. Das sei vor allem durch die stark sinkenden Flüchtlingszahlen seit März möglich gewesen, gelinge 
aber auch in Zeiten steigender Zahlen.
Diese Entwicklung wird auch aus den Beobachtungen des Flüchtlingshilfswerks der Vereinten Nationen rund ums 
Mittelmeer deutlich. Waren im Januar noch mehr als 8000 Ankommende gezählt worden, ging die Zahl in den 
folgenden Monaten bis auf 1315 im April zurück. Im Juli registrierte das Hilfswerk schon wieder deutlich über 
10.000 in Europa eintreffende Flüchtlinge, vornehmlich in Italien, Spanien und Griechenland.
Vor diesem Hintergrund sieht es Unions-Innenexperte Thorsten Frei als unerlässlich an, unabhängig von Corona 
die deutsche EU-Ratspräsidentschaft zu nutzen, um zu einer gerechteren Verteilung von Migranten innerhalb 
Europas zu kommen. Es müsse ein Mechanismus entwickelt werden, der eine Sekundärmigration, also die 
Weiterreise innerhalb der Europäischen Union, verhindere.
Frei wies darauf hin, dass die Koalition mit insgesamt acht Migrationsgesetzen für eine bessere Steuerung und 
sinkende Zahlen gesorgt habe. Umso bedauerlich sei es, dass die Grünen eine Ausweitung der Liste sicherer 
Herkunftsländer weiterhin blockierten. Es bleibe dennoch Ziel der Union, da es ein effektives Mittel zur 
Beschleunigung der Asylverfahren darstelle."
2020-08,Main Corpus,2020-08(50).ZIP,Die Zahl der Flüchtlinge steigt wieder Mehr als 2000 Asylbewerber wurden seit Beginn der Pandemie in.PDF,C:\PythonProjects\AfD-project\Corpora\Main Corpus\2020-08\raw_unarchive\Die Zahl der Flüchtlinge steigt wieder Mehr als 2000 Asylbewerber wurden seit Beginn der Pandemie in.PDF,Die Zahl der Flüchtlinge steigt wieder Mehr als 2000 Asylbewerber wurden seit Beginn der Pandemie in,die zahl der flüchtlinge steigt wieder mehr als 2000 asylbewerber wurden seit beginn der pandemie in,Rheinische Post,rheinische post,Donnerstag 6. August 2020,"Mayntz, Gregor",S. 4,639,4651,dfb80a7e14b09afb127ee3dd4b2f9c4708f4163d,exact_002,duplicate_exact,review,,no,,no,,,6106,no,,exact_002,,,"Gregor Mayntz
Berlin Die Zahl der Asylbewerber ist nach einem deutlichen Absacken in den ersten Monaten der Corona-Pandemie 
wieder gestiegen. Wie das Bundesamt für Migration und Flüchtlinge am Mittwoch Nachmittag mitteilte, wurden im 
Juli 8865 Anträge registriert. Im Mai war die Zahl bis auf 4329 gesunken. Im Bundesinnenministerium wird 
geschätzt, dass aktuell täglich zwischen 300 und 400 Flüchtlinge eintreffen – womit die Zahlen wieder an die 
Größenordnungen von vor der Corona-Krise heranreichen.
Derweil betrifft das Virus auch zahlreiche Flüchtlinge. Nach einer Umfrage unter den Ländern wurden bereits mehr 
als 2000 in den Aufnahmezentren positiv auf Covid-19 getestet. Eine genaue Zahl ist wegen unterschiedlicher 
statistischer Erhebungen der zuständigen Bundesländer derzeit kaum möglich. So meldete das bayerische 
Innenministerium, dass bis zum Mittwoch alles in allem 1926 Personen, die in bayerischen Asylunterkünften 
untergebracht sind, positiv getestet wurden. Das Flüchtlingsministerium in NRW meldet dagegen jeden Mittwoch 
Stichtagszahlen, die nicht zusammengezählt werden dürften. Für Anfang Juni werden hier 69 positiv getestete 
Asylbewerber aufgeführt, für den 29. Juli sind es acht. Die Zahlen dazwischen schwanken zwischen drei und 25.
Verschiedene Bundesländer testen lediglich verdachtsabhängig, wenn die Befragungen der Ankömmlinge, ihr 
Reiseweg und eine Fiebermessung dies nahelegen. In Bayern wird dagegen jeder Asylsuchende getestet. Seit dem 
10. Juli seien das mehr als 2200 Personen gewesen, berichtete das Innenministerium in München. Aktuell 
befänden sich 58 aktiv infizierte Personen in bayerischen Asylunterkünften.

Die Zahl der Flüchtlinge steigt wieder Mehr als 2000 Asylbewerber wurden seit Beginn der Pandemie in 
deutschen Aufnahmeeinrichtungen positiv auf Corona getestet....
In Baden-Württemberg wurden seit Ende Februar 4952 Flüchtlinge auf Corona getestet, bei 435 von ihnen stellte 
sich eine Infektion heraus. Hessen gehört zu den Ländern, die nur bei Verdacht eine Untersuchung veranlassen – 
und wurde in neun Fällen auf eine Covid-19-Erkrankung aufmerksam. Alle Personen seien jedoch inzwischen 
wieder genesen. Rheinland-Pfalz veranlasste in seinen vier Aufnahmeeinrichtungen bei 162 Asylbewerbern einen 
Corona-Test. Hierunter war jedoch kein einziger positiv. Im Saarland ließ die Landesaufnahmestelle 946 Tests 
durchführen, darunter ergaben acht ein positives Ergebnis. Derzeit befinde sich aber keine einzige der positiv 
getesteten Personen mehr in der Einrichtung.
Schleswig-Holstein lässt alle ins Land kommenden Asylbewerber unmittelbar nach ihrer Ankunft auf das 
Coronavirus testen und isoliert sie anschließend für zwei Wochen. Seit Ende April habe es hier keine neuen Fälle 
von Covid-19 gegeben, obwohl pro Woche rund 100 Flüchtlinge im Norden ankommen. In Kiel ist nicht bekannt, 
dass sich jemand in den Einrichtungen selbst angesteckt habe. Ähnliches meldet Mecklenburg-Vorpommern. Seit 
Beginn der Pandemie seien hier 54 Bewohner positiv getestet worden, 53 davon wieder genesen, lediglich eine 
infizierte Person befinde sich in einer separaten Unterkunft.
Dieses Bild zeichnen alle zuständigen Behörden: In jedem Bundesland reichen demnach die Kapazitäten 
problemlos aus, um Flüchtlinge mit Symptomen oder positiven Tests unter Quarantäne-Bedingungen 
unterzubringen. Das sei vor allem durch die stark sinkenden Flüchtlingszahlen seit März möglich gewesen, gelinge 
aber auch in Zeiten steigender Zahlen.
Diese Entwicklung wird auch aus den Beobachtungen des Flüchtlingshilfswerks der Vereinten Nationen rund ums 
Mittelmeer deutlich. Waren im Januar noch mehr als 8000 Ankommende gezählt worden, ging die Zahl in den 
folgenden Monaten bis auf 1315 im April zurück. Im Juli registrierte das Hilfswerk schon wieder deutlich über 
10.000 in Europa eintreffende Flüchtlinge, vornehmlich in Italien, Spanien und Griechenland.
Vor diesem Hintergrund sieht es Unions-Innenexperte Thorsten Frei als unerlässlich an, unabhängig von Corona 
die deutsche EU-Ratspräsidentschaft zu nutzen, um zu einer gerechteren Verteilung von Migranten innerhalb 
Europas zu kommen. Es müsse ein Mechanismus entwickelt werden, der eine Sekundärmigration, also die 
Weiterreise innerhalb der Europäischen Union, verhindere.
Frei wies darauf hin, dass die Koalition mit insgesamt acht Migrationsgesetzen für eine bessere Steuerung und 
sinkende Zahlen gesorgt habe. Umso bedauerlich sei es, dass die Grünen eine Ausweitung der Liste sicherer 
Herkunftsländer weiterhin blockierten. Es bleibe dennoch Ziel der Union, da es ein effektives Mittel zur 
Beschleunigung der Asylverfahren darstelle."
2020-08,Main Corpus,2020-08(50).ZIP,"Ein Satz für die Geschichtsbücher _Wir schaffen das_, sagte die Kanzlerin zu Beginn der Flüchtlingsk.PDF","C:\PythonProjects\AfD-project\Corpora\Main Corpus\2020-08\raw_unarchive\Ein Satz für die Geschichtsbücher _Wir schaffen das_, sagte die Kanzlerin zu Beginn der Flüchtlingsk.PDF","Ein Satz für die Geschichtsbücher ""Wir schaffen das"", sagte die Kanzlerin zu Beginn der Flüchtlingskrise. Das",ein satz für die geschichtsbücher wir schaffen das sagte die kanzlerin zu beginn der flüchtlingskrise das,Welt am Sonntag,welt am sonntag,30. August 2020,Robin Alexander,FORUM; ESSAY; S. 11; Ausg. 35,1074,7759,37552e4aff701f830d65e0230eca71a53776d2a2,,unique,keep,,no,,no,,,9386,yes,commentary_noncore,,,,"Als Bundeskanzlerin Angela Merkel am 31. August 2015 ihre alljährliche Sommerpressekonferenz beginnt, steht 
die wichtigste Botschaft bereits fest. Der Auftritt der Kanzlerin vor der Weltpresse hat wegen einer Krisensitzung 
des EU-Rates verschoben werden müssen. In einer dramatischen Brüsseler Nachtsitzung hatte Merkel den 
""Grexit"", den Rauswurf Griechenlands aus dem gemeinsamen Währungsraum, abwenden können. Bis zur 
Jahresmitte galt 2015 noch als Schicksalsjahr der Euro-Zone.
Erst ab dem Sommer bestimmte eine neue Krise die Schlagzeilen: Immer mehr Migranten waren auf dem Weg 
nach Zentraleuropa. Beim Bundesamt für Migration und Flüchtlinge wurden so viele Asylanträge gestellt, dass die 
Behörde die Anträge nicht mehr zeitnah bearbeiten konnte und dazu übergegangen war, Syrern nur auf Grundlage 
von Dokumenten und ohne Gespräch mit einem deutschen Beamten Asyl zu gewähren. Auch die Kommunen 
konnten die vielen Ankommenden nur noch provisorisch unterbringen. In dieser Lage lautete Merkels Botschaft: 
""Deutschlands Gründlichkeit ist super. Aber es wird jetzt deutsche Flexibilität gebraucht.""
Erinnert werden heute jedoch andere Worte: ""Wir schaffen das!"" Dieser Satz gilt mittlerweile als Merkels zentrale 
Aussage in der damaligen Krise. Tatsächlich sagte die Kanzlerin: ""Deutschland ist ein starkes Land. Das Motiv, mit 
dem wir an diese Dinge herangehen, muss sein: Wir haben so vieles geschafft - wir schaffen das! Wir schaffen das, 
und dort, wo uns etwas im Wege steht, muss es überwunden werden, muss daran gearbeitet werden."" Auch dies 
stand schon im Manuskript von Merkels Eingangsstatement. Aber weder die Kanzlerin noch ihre Mitarbeiter hatten 
den Satz als historisches Zitat geplant. Es handelte sich im Gegenteil um einen ""Merkel-Standard"", den die 
Kanzlerin schon oft bemüht hatte. In ihrer Neujahrsansprache 2009 hatte sie etwa zur Weltfinanzkrise gesagt: ""Wir 
wollen stärker aus ihr herausgehen, als wir hineingekommen sind. Das geht, das können wir gemeinsam schaffen!"" 
Auch in der Euro-Krise hat Merkel die Formel benutzt und bei zahlreichen anderen Gelegenheiten. So erregte 
Merkels ""Wir schaffen das"" auf der Pressekonferenz auch kaum Aufmerksamkeit. Es gab keine einzige Nachfrage, 
was sie genau damit meinte - stattdessen fragten die Journalisten über eine Stunde lang nach allen möglichen 
Details ihrer Flüchtlingspolitik. Der Satz wurde erst nachträglich mit enormer Bedeutung aufgeladen.

Ein Satz für die Geschichtsbücher ""Wir schaffen das"", sagte die Kanzlerin zu Beginn der Flüchtlingskrise. Das 
ist jetzt fünf Jahre her. Aber bis heute wird über....
Anfang September 2016 schnitt die AfD in Mecklenburg-Vorpommern zum ersten Mal bei einer Landtagswahl 
stärker ab als die CDU. Als dann auch bei der Wahl zum Berliner Abgeordnetenhaus am 18. September eine 
Niederlage drohte, gab die Kanzlerin die unhaltbar gewordene Position schließlich auf: Ihr Ausspruch sei ""zu einer 
Art schlichtem Motto, fast zu einer Leerformel"" geworden, die sie ""am liebsten kaum noch wiederholen"" möge. 
Nach der Berlin-Wahl räumte die Kanzlerin eine Teilschuld am schlechten Abschneiden ein und erkannte zum 
ersten Mal an, dass die von ihr bekämpfte Schließung der Balkanroute auch zum Sinken der Flüchtlingszahlen 
beigetragen habe. Merkel wollte den Satz jetzt aus der Welt schaffen - aber das sollte ihr nicht mehr gelingen. Er 
hatte sich verselbstständigt.
Lange nachdem mit der Schließung der Balkanroute und dem EU-Türkei-Deal die politischen Leitentscheidungen 
zur Beendigung der Krise getroffen wurden, toben in Deutschland noch heute Sprachkämpfe. Die Diskussion über 
die Bewertung politischer Entscheidungen verschiebt sich in einen Streit um ihre Benennung. Das beginnt mit der in 
der Nacht vom 4. auf den 5. September 2015 getroffenen Entscheidung Merkels, Migranten aus Ungarn nach 
Deutschland zu holen. Wer dies mit dem naheliegenden Begriff ""Grenzöffnung"" bezeichnet, löst Stürme der 
Empörung aus. Das Argument lautet: Da die deutsch-österreichische Grenze als europäische Binnengrenze im 
""Schengen-System"" vorher nicht geschlossen war, hätte sie denklogisch auch nicht geöffnet werden können.
Das Gegenargument geht so: Die Bundesregierung legte zuvor gegenüber der ungarischen Regierung großen Wert 
darauf, dass diese Migranten laut der ""Dublin-Vereinbarung"" nicht nach Deutschland kommen durften - und änderte 
dann ihre Meinung. Für diese Migranten und die Hunderttausenden, die ihnen folgten, öffneten sich die Grenzen 
also sehr wohl. Die zentralen politischen Akteure sprachen damals ständig von einer ""Grenzöffnung"". Wenige Tage 
vor der Entscheidung plädierte etwa die innenpolitische Sprecherin der Linksfraktion, Ulla Jelpke, im 
Innenausschuss des Bundestages angesichts der ""menschenunwürdigen Bedingungen in Ungarn dafür, die 
deutschen Grenzen für Flüchtlinge zu öffnen"".
Auch die Bundesregierung begann ab Oktober 2015, sich an der semantischen Front zu verkämpfen: So lehnte die 
Kanzlerin monatelang die Einrichtung eines ""Krisenstabs"" im Innenministerium ab, da der Eindruck vermieden 
werden sollte, das Land sei in einer Krise. Der Begriff ""Krise"" durfte in keinem offiziellen Dokument auftauchen. Als 
im Oktober dann nicht nur auf der Arbeitsebene des Ministeriums, sondern sogar im Kabinett Zuständigkeiten 
zusammengefasst wurden, war der entsprechende Beschluss überschrieben mit: ""Bewältigung der Flüchtlingslage"". 
Jetzt wurde ein Krisenstab geschaffen, der so groß war, dass gegenüber dem Kanzleramt sogar Büros angemietet 
werden mussten. Offiziell hieß er aber ""Koordinierungsstab Flüchtlingspolitik"".
Die semantischen Kämpfe überdauern die politischen hier ebenfalls: Der ""Koordinierungsstab"" ist längst wieder 
aufgelöst, die Flüchtlingskrise schon Geschichte, aber die Opposition will noch immer nichts von ihr wissen. Als der 
Autor dieses Textes im September 2018 in der ZDF-Talkshow ""Markus Lanz"" zum dritten Jahrestag des Beginns 
der Flüchtlingskrise befragt wird, unterbricht die ebenfalls geladene ehemalige Verbraucherschutzministerin und 
Fraktionsvorsitzende der Grünen, Renate Künast, schon die Frage. Es habe niemals eine Flüchtlingskrise gegeben, 
insistiert sie. Wer das Wort benutze, betreibe ""das Geschäft der AfD"". Da Künast selbst keinen Vorschlag für einen 
vermeintlich neutralen Begriff machen will, einigt sich die Runde darauf, fortan nur noch von ""den Geschehnissen 
des Septembers 2015"" zu sprechen. Doch in dieser Terminologie ist ein für durchschnittliche Zuschauer 
verständliches Gespräch kaum mehr möglich. Vor der Ausstrahlung wird dieser Teil der Talksendung deshalb 
herausgeschnitten.
Fünf Jahre nach Angela Merkels ""Wir schaffen das"" ist die Flüchtlingskrise aus dem Zentrum der politischen 
Auseinandersetzung verschwunden. Dies hat vor allem mit einer neuen Krise zu tun: der Corona-Pandemie. Wie 
Deutschland aus dieser hervorgeht, ist noch völlig offen. Allerdings kann als ein erster Trend beobachtet werden, 
dass die Bundesregierung durch entschlossenes Handeln vorher verlorenes Vertrauen zumindest teilweise 
zurückgewinnen konnte. Vielleicht bietet sich jetzt auch Journalisten und Historikern die Chance, die 
Schützengräben der erstarrten Front eines semantischen Stellungskrieges zu verlassen und sich den Ereignissen 
mit neuer Unvoreingenommenheit zu nähern.
Ein Satz für die Geschichtsbücher ""Wir schaffen das"", sagte die Kanzlerin zu Beginn der Flüchtlingskrise. Das 
ist jetzt fünf Jahre her. Aber bis heute wird über....
 Robin Alexander ist Autor des Bestsellers ""Die Getriebenen. Merkel und die Flüchtlingspolitik: Report aus dem 
Innern der Macht"". Dieser Text ist die gekürzte Fassung eines Beitrags für ""Aus Politik und Zeitgeschichte"" der 
Bundeszentrale für politische Bildung. 
Original Gesamtseiten-PDF"
2020-08,Main Corpus,2020-08(50).ZIP,Ein Satz und seine Karriere.PDF,C:\PythonProjects\AfD-project\Corpora\Main Corpus\2020-08\raw_unarchive\Ein Satz und seine Karriere.PDF,Ein Satz und seine Karriere,ein satz und seine karriere,Frankfurter Rundschau,frankfurter rundschau,Samstag 29. August 2020,,POLITIK; S. 2,1439,9896,c59f0dae76119d9a3f6879b819009f2eb8570833,,unique,keep,,no,,no,,,10670,no,,,,,"Nichts an diesem Satz ist kompliziert. Subjekt, Prädikat, Objekt. Es ist die einfachste Konstruktion, die die deutsche 
Sprache hergibt: ""Wir schaffen das.""
Drei Wörter. Punkt. Kein Fragezeichen, keine Ausflüchte, kein Zweifel, damals jedenfalls. Es ist ein Zeugnis der 
Zuversicht. Die ikonische Beschwörungsformel aus dem Jahr 2015 ist zum Mantra der gesamten Kanzlerschaft von 
Angela Merkel geworden, zu ihrem politischen Credo - vielfach parodiert, kritisiert und in Politik und Popkultur heftig 
ventiliert.
Es ist der 31. August 2015. Merkel sitzt in der Bundespressekonferenz. Sie spricht von ""unendlich vielen 
Tragödien"", von ""unfassbarem Gräuel"" und ""Bildern, die unsere Kraft übersteigen"". Vier Tage zuvor waren 71 
Menschen tot in einem luftdicht verschlossenen Kühltransporter in Österreich entdeckt worden. 800 000 Flüchtlinge 
werden in jenem Jahr nach Deutschland kommen.
Merkel beschwört das Grundrecht auf Asyl, die Menschenwürde und die Humanität, sie lobt die ""geordneten 
Verhältnisse"" im Land und spricht vom Mut, ""das Richtige und das Notwendige zu tun"". Es ist ein Appell ans 
Gemeinwesen, ein Vertrauensvotum in die deutsche Zivilgesellschaft. Nicht mehr und nicht weniger.
""Ich sage ganz einfach: Deutschland ist ein starkes Land."" Und dann: ""Das Motiv, in dem wir an diese Dinge 
herangehen, muss sein: Wir haben so vieles geschafft - wir schaffen das. Wir schaffen das, und wo uns etwas im 
Wege steht, muss es überwunden werden.""
Immer wieder in der Geschichte kristallisierte sich in einer einzigen, prägnanten Losung eine ganze politische 
Agenda, eine komplexe Vorstellung vom richtigen Leben. Wie bei Martin Luther Kings ""I have a dream"". Wie bei 
John F. Kennedys ""Ich bin ein Berliner!"" Wie beim kraftvollen Fanal der Montagsdemos in der DDR (""Wir sind das 
Volk!""). Und wie schon vor mehr als zweitausend Jahren bei Ciceros stolzem Ausruf ""Ich bin ein Bürger Roms"". 
Subjekt, Prädikat, Objekt, schon damals.

Ein Satz und seine Karriere
Auch Barack Obamas Slogan ""Yes, we can"" gehört in die Riege dieser rhetorischen Superhits, ebenso Michail 
Gorbatschows ""Wer zu spät kommt, den bestraft das Leben"" oder auch ""Je suis Charlie"". Und ja, auch Greta 
Thunbergs wütendes ""How dare you"", das sie einer ignoranten Welt zornig entgegenschleuderte.
Es sind Sätze, die zu Popsongs wurden, zu Soundbites, die schnell größer wurden als die Summe ihrer Teile. Der 
clevere Slogan ist die Königsdisziplin der Redekunst. ""Seelenführung im Horizonte der Vernunft"" nannte Walter 
Jens die Rhetorik.
Sie ist in Deutschland als Werkzeug der Manipulation verschrien, seit Hitler und Goebbels sich ihrer bemächtigten, 
um einen Weltenbrand zu legen. Auch deshalb sind politische Slogans meist so wachsweich und vage in diesem 
Land. Bloß nicht den Verdacht erregen, mit den Mitteln der politischen Verführung Massensuggestion zu betreiben. 
Bloß nicht festlegen. Bloß nicht festgenagelt werden können.
Wir schaffen das. Die Worte bündeln den ganzen moralischen Kodex der Pfarrerstochter Merkel, die angesichts 
des Leides an den Grenzen gar nicht anders konnte, als die Flüchtlinge nicht im Niemandsland zurückzulassen, 
sondern auf eine flehende Bitte der österreichischen Regierung zu reagieren und die - im Schengen-System ja 
bereits offenen - Grenzen nicht zu schließen.
Der häufige Vorwurf, Merkel habe ""die Grenzen geöffnet"" und sich im Alleingang über Gesetze hinweggesetzt ist 
nach Einschätzung maßgeblicher Fachleute und auf der Basis mehrerer Urteile nicht zu halten. Was bereits offen 
ist, kann man nicht öffnen.
Hohe Gerichte haben entschieden, dass damals kein Recht gebrochen wurde, allenfalls Ausnahmeregelungen im 
Dublin-Verfahren zwischenzeitlich verstärkt genutzt. Wurden trotzdem Fehler gemacht? Gewiss. Frühe 
Warnzeichen für die sich zuspitzende Situation wurden ignoriert, die Vorbereitung begann viel zu spät, das Dublin-
System erwies sich als untauglich zur solidarischen Verteilung der Ankömmlinge in Europa. Und viele Kommunen 
wurden mit der großen Zahl von Flüchtlingen im Verhältnis zur Einwohnerzahl vollkommen überfordert.
Hinzu kam: Merkel tauchte im Sommer 2015 lange ab, statt dem Land detailliert zu erklären, warum die Situation 
nicht auf Jahre hinaus der neue Normalfall in Deutschland, sondern das Resultat einer Hilfsmaßnahme von 
begrenzter Dauer war.
Um so mächtiger die Wirkung ihres Satzes ""Wir schaffen das"". Er entwickelte in kürzester Zeit eine gewaltige Kraft, 
einerseits als Motto der Willkommenskultur, andererseits als Zündstoff für all jene, die die Lage nutzten, um zornig 
ein universales Horrorgemälde zu pinseln. ""Wir wollen das gar nicht schaffen!"", zürnte der brandenburgische AfD-
Landesvorsitzende Alexander Gauland. Es war die Zeit, als die AfD in den Umfragen bei vier Prozent lag und die 
Ankunft der Geflüchteten der Partei ""wie ein Geschenk"" (Gauland) in den Schoß fiel. Nach der Amokfahrt in 
Münster 2018, bei der vier Menschen starben, twitterte Beatrix von Storch (AfD) ""WIR SCHAFFEN DAS"" mit einem 
wütenden Emoji, bevor sich herausstellte, dass der Täter, der einen VW-Bus in eine Menschenmenge gefahren 
hatte, ein psychisch kranker deutscher Staatsbürger war.
""Die einwanderungsfeindliche Rechte hängte Merkel den Satz um den Hals wie ein Gewicht aus Blei"", schrieb das 
US-Magazin ""The Atlantic"". Aber auch gemäßigte Kollegen nutzten ihn. ""Wir schaffen das nicht ohne Weiteres"", 
sagte etwa Bundesinnenminister Thomas de Mazière (CDU). ""Wir schaffen das nicht"", fürchtete auch Tübingens 
Oberbürgermeister Boris Palmer (Grüne).
Tatsächlich kann der ""banale Satz"" (Merkel) aus dem Kontext gelöst ja wirklich wirken, als fuße die Zuversicht der 
Kanzlerin ausschließlich auf einem zweckdienlich-naiven Optimismus, als bagatellisiere er die gewaltigen Hürden 
auf dem Weg zu Integration und wechselseitiger Toleranz. Seine größte Stärke - seine Schlichtheit - ist zugleich 
seine angreifbarste Schwäche. ""Wir schaffen das""? Klingt das nicht irgendwie auch nach ""Passt schon""? Nach 
""Kinder, wird schon werden""? Nach Doris Day, die ""Que sera sera"" singt? 
Denn man kann ja mit Recht fragen: Wer ist eigentlich ""wir""? Was genau heißt ""schaffen""? Und was ist dieses 
""das"", das ""wir"" da schaffen? Gleichzeitig aber ist der Satz gerade in seiner Abstraktheit und Allgemeinheit auch 
couragiert. Denn er bedeutet: Was immer da kommen mag, es wird das Land nicht überfordern. Mehrfach wird 
Ein Satz und seine Karriere
Merkel den Satz wiederholen. Dabei hat sie ihn gar nicht erfunden. Schon eine Woche vor ihrem Auftritt 2015 hatte 
Vizekanzler Sigmar Gabriel gesagt: ""Jetzt müssen wir europäische Werte unter Beweis stellen. Ich bin sicher, wir 
schaffen das."" Und nur einen Tag vor Merkels Pressekonferenz zitierte die ""Bild am Sonntag"" auch Wolfgang 
Schäuble mit: ""Wir schaffen das.""
Warum wurde dieses ""bescheiden anmutende und dabei heroische Wahlwort"" (die Holocaust-Überlebende Ruth 
Klüger) erst durch die Kanzlerin zum Fall für die Geschichtsbücher? Vielleicht, weil er auf das Herrlichste den 
nüchternen Pragmatismus dieser Frau symbolisiert, die des Glamours und der Theatertränen gänzlich unverdächtig 
ist und Emotion und Egomanie in einem Ausmaß verweigert, das gelegentlich die Grenze zur Provokation streift.
In der Politik, diesem ""Paradies zungenfertiger Schwätzer"" (George Bernhard Shaw), fällt ein simpler Satz eben 
manchmal auf wie ein Schwarzweißfoto im bunten Reklamegewitter am New Yorker Times Square. Aber so ist das 
mit einem Satz, der die komplexe Gegenwart in drei klare Worte bündelt: Er entwickelt ein Eigenleben, wird 
missbraucht und lädt sich mit Bedeutung weit jenseits seines eigentlichen Kontextes auf. 
Hunderte Journalisten titelten wahlweise ""Ja, wir schaffen das!"" (""Spiegel Online""), ""Wir müssen das schaffen"" 
(""Wiener Zeitung""), ""Wir schaffen das, ich kann nicht anders"" (""F.A.Z.) oder ""Obergrenze - Das schaffen wir nicht"" 
(""Stern"").
Pop und Politik weideten sich an dem Satz. Mindestens 26 Bücher spielen im Titel mit Merkels Satz. Protest-T-
Shirts mit dem Slogan ""Wir schaffen das NICHT"" gibt's für 18,99 Euro. Der ""Spiegel"" kalauerte im März 2016 auf 
der Titelseite mit einem groß gedruckten ""Wir schaffen das?..."" - gefolgt von der kleineren Zeile ""...?offene Europa 
ab und riskieren unsere Zukunft"". Und Großbritanniens Premierminister sagte 2019 nach einem Treffen mit Merkel 
zum Brexit feixend ""Wir schaffen das"". Auf Deutsch. Merkel selbst staunte später über die Karriere der Sentenz - 
und distanzierte sich davon, weil sie nicht reduziert werden wollte auf diese ""übertrieben oft wiederholten drei 
Wörter"". 
Der Satz sei ""fast zu einer Leerformel geworden"", klagte sie in der ""Wirtschaftswoche"". ""Manch einer fühlt sich von 
ihm sogar provoziert."" Dabei sei er ""anspornend, dezidiert anerkennend"" gemeint gewesen. Später sprach sie von 
einer ""unergiebigen Endlosschleife"".
""Basta""-Kanzler Gerhard Schröder hat sich mit der jovial-anbiedernden Bitte ""Hol mir mal 'ne Flasche Bier"" ins 
Lexikon der Politrethorik eingetragen. Merkel wird man für ihr ""Wir schaffen das"" erinnern. Die Antwort auf die 
Frage freilich, ob ""wir"" ""das"" tatsächlich geschafft haben, steht noch aus. Sicher ist, dass Deutschland der 
Gedanke, ein Einwanderungsland zu sein, fünf Jahre nach jenem Sommer 2015 weiterhin unendlich schwerfällt. 
Das liegt auch daran, dass eine offene Debatte darüber von allen Seiten instrumentalisiert und ideologisch 
aufgeladen wird. ""Wir schaffen das"" war nur ein Impuls, kein Rezept.
Gleichzeitig aber gilt, was Bundespräsident Joachim Gauck im August 2016 sagte: ""Ich mag mir eine 
Regierungschefin nicht vorstellen, die vor das Volk tritt und sagt: Wir schaffen das nicht.""
Leitartikel Seite 13
Fast ist das Motto zur Leerformel geworden
Botschaft der Hoffnung - und Zündstoff für Hass
Graphic
 
AFPMerkel wollte damals ""das Richtige und das Notwendige"" tun: Menschen helfen. GUENTER 
SCHIFFMANN/AFP
Ein Satz und seine Karriere"
2020-08,Main Corpus,2020-08(50).ZIP,Flüchtlingsunterkunft steht zum Verkauf.PDF,C:\PythonProjects\AfD-project\Corpora\Main Corpus\2020-08\raw_unarchive\Flüchtlingsunterkunft steht zum Verkauf.PDF,Flüchtlingsunterkunft steht zum Verkauf,flüchtlingsunterkunft steht zum verkauf,Frankfurter Rundschau,frankfurter rundschau,Samstag 1. August 2020,,HESSEN; S. F16,537,3846,1fc891de9f56bdd910402b5168325483a12ac175,,unique,keep,,no,,no,,,4703,no,,,,,"VON HOLGER PEGELOW
Als immer mehr Flüchtlinge nach Deutschland kamen und auch Karben mehr Menschen aufnehmen musste, hat 
die Stadt viele Plätze geschaffen. Sie kaufte unter anderem das Gebäude des ehemaligen Güse-Verlages. Doch 
nun hat sich die Lage entspannt, die Flüchtlinge können ausziehen. Deshalb plant die Stadt eine gewerbliche 
Nutzung. Die Verhandlungen laufen.
An das Jahr 2015 erinnern sich viele Verantwortliche in der Stadt noch sehr genau. Die Zahl der Flüchtlinge, die 
nach Deutschland kamen, stieg täglich. Die Kreise und deren Städte gerieten unter Druck, sie mussten möglichst 
viele Wohnplätze zur Verfügung stellen. Und Karben hatte im Gegensatz etwa zum benachbarten Bad Vilbel 
beschlossen, keine Wohncontainer im Stadtgebiet aufzustellen. Da kam es der städtischen 
Wohnungsbaugesellschaft (Wobau) gerade recht, dass der damalige Inhaber des Güse-Verlags der Stadt sein 
stillliegendes Verlagsgebäude im Spitzacker anbot. 
Seinerzeit war Otmar Stein (CDU) Erster Stadtrat und im Aufsichtsrat der Wobau. Die kaufte das gesamte Gebäude 
plus Grundstück, dessen Gesamtfläche 4441 Quadratmeter beträgt; auf 600 Quadratmeter summieren sich die 
Flächen für Wohn- und Geschäftsgebäude, hinzu kommen Lagerflächen. Das Wohnhaus sei in gutem Zustand und 
sei mit nur geringen Mitteln zu einer Flüchtlingsunterkunft umzubauen, befand Stein.
Letztlich standen am Spitzacker 54 Plätze für Flüchtlinge zur Verfügung. Davon ist nur noch rund die Hälfte belegt, 
wie aus einer Antwort der Stadt auf eine Anfrage der Freien Wähler hervorgeht. Auch in anderen 
Flüchtlingsunterkünften ist viel Platz, seit sich die Zuwanderung merklich abgeschwächt hat. Derzeit wohnen nach 
Angaben von Bürgermeister Guido Rahn (CDU) rund 90 Flüchtlinge in den noch fünf städtischen Unterkünften. 
""Ohne den Spitzacker können wir 114 Flüchtlingsunterkünfte bereitstellen"", teilt er auf Anfrage mit. In Spitzenzeiten 
hatte man für rund 240 Flüchtlinge in sieben Objekten Unterkünfte bereitgestellt. Ohne den Spitzacker? In der Tat 
plant die Stadt, die in Okarben noch verbliebenen Flüchtlinge - unter ihnen 13 anerkannte Asylbewerber - woanders 
unterzubringen. Damit würde der Spitzacker in den nächsten Wochen geräumt und stünde für eine andere Nutzung 
zur Verfügung. Dem Vernehmen nach aber nicht für Wohnzwecke. Denn Otmar Stein steht wegen dieses 

Flüchtlingsunterkunft steht zum Verkauf
Gebäudes bereits wieder in Verhandlungen. Dabei geht es dem Vernehmen nach um die Ansiedlung eines 
Gewerbebetriebs mit rund 50 Angestellten. 
Auf Anfrage teilt er mit, das Gewerbeobjekt Spitzacker 10 habe seinen Dienst als Flüchtlingsunterkunft erfüllt. ""Da 
die Wobau sich nicht unbedingt mit der Vermietung und Unterhaltung von Gewerbeimmobilien beschäftigen will, 
sondern der Schwerpunkt im Wohnungsbau liegt, haben wir uns um den Verkauf dieses Objektes bemüht"", betont 
er. 
Man stehe kurz vor einem Vertragsabschluss für das gesamte Anwesen an ein Unternehmen aus Frankfurt, das 
eines seiner Tochterunternehmen nach Karben umsiedeln werde. ""Damit hat die Wobau wieder zusätzliche 
Liquidität für die anstehenden Wohnungsbauvorhaben.""
WOHNPLÄTZE 
 Nach Angaben des Magistrats aus dem Mai gab es am Spitzacker in Okarben 26 freie Plätze für 
Flüchtlinge, in der Bahnhofstraße waren es drei, im Fasanenhof fünf, und in den beiden Gebäuden in der Max-
Planck-Straße acht beziehungsweise zehn freie Wohnplätze. 
 In der Statistik ist auch verzeichnet, dass in den Flüchtlingsunterkünften im Stadtgebiet 35 anerkannte 
Flüchtlinge leben. Weitere 104 befanden sich in laufenden Asylverfahren.
 Das Haus in der Bahnhofstraße habe der Kreis Anfang des Jahres übernommen. Von den vier 
verbleibenden Gemeinschaftsunterkünften soll eine weitere - die am Spitzacker - aufgelöst werden. Die dort 
verbliebenen Personen würden in andere Unterkünfte umziehen. pe"
2020-08,Main Corpus,2020-08(50).ZIP,Gefährliches Schweigen Horst Seehofer und die AfD warnten vor der  Herrschaft des Unrechts    weil d.PDF,C:\PythonProjects\AfD-project\Corpora\Main Corpus\2020-08\raw_unarchive\Gefährliches Schweigen Horst Seehofer und die AfD warnten vor der  Herrschaft des Unrechts    weil d.PDF,Gefährliches Schweigen Horst Seehofer und die AfD warnten vor der Herrschaft des Unrechts weil die,gefährliches schweigen horst seehofer und die afd warnten vor der herrschaft des unrechts weil die,"taz, die tageszeitung",taz die tageszeitung,Samstag 08. August 2020,Christian Rath,HINTERGRUND; S. 22,1141,8221,b2865028e92a6c760b41f3d1983cc6553b0455d9,,unique,keep,,no,,no,,,9999,no,,,,,"Aus Freiburg von Christian Rath
Begeht die Regierung seit 2015 Rechtsbruch, weil sie Geflüchtete nicht an der Grenze zurückweist? Die AfD 
behauptet das bis heute. Auch Innenminister Horst Seehofer (CSU) erhebt den Vorwurf immer wieder. Eine 
juristische Klärung hat bisher nicht stattgefunden weil das Bundesverfassungsgericht im entscheidenden Moment 
versagt hat.
Allein 2015 kamen eine Million Flüchtlinge nach Deutschland. Die Grenzen wurden für sie zwar nicht geöffnet, da in 
der EU die Binnengrenzen grundsätzlich offen sind. Die entscheidende Frage war, ob die Grenzen hätten 
geschlossen werden müssen.
Die Flüchtlingsgegner beriefen sich auf Paragraf 18 des Asylgesetzes. Danach müssen Flüchtlinge an der 
deutschen Grenze zurückgewiesen werden, wenn sie über einen sicheren Drittstaat einreisen.
Dieser Paragraf steht zwar noch im Gesetz, ist aber längst durch vorrangiges EU-Recht überlagert. Nach der 
Dublin-III-Verordnung der EU müssen Flüchtlinge, die an der Grenze Asyl beantragen, zunächst einreisen können, 
damit in einem geordneten Verfahren das Land festgestellt wird, das für das Asylverfahren zuständig ist.
In der Bundesregierung musste der damalige Innenminister Thomas de Mazière (CDU) entscheiden, ob die 
Grenzen für Flüchtlinge geschlossen werden oder offen bleiben. In seinem Haus wurden beide Positionen 
vertreten. Dieter Romann, Chef der Bundespolizei, hatte bereits ein Konzept zur Abriegelung der Grenze nach 
Österreich ausgearbeitet. Doch de Maizière folgte den Hausjuristen Hans-Heinrich von Knobloch (Leiter der 

Gefährliches Schweigen Horst Seehofer und die AfD warnten vor der Herrschaft des Unrechts weil die 
Grenzen für Flüchtlinge offen blieben. Das Bundesverfassu....
Abteilung Staats-, Verfassungs- und Verwaltungsrecht) und Christian Klos (Leiter des Referats für Ausländerrecht). 
Vor allem Letzterer hatte auf das vorrangige EU-Recht hingewiesen.
Faktisch kamen die Flüchtlinge dann nicht nur zur Klärung des zuständigen Dublin-Staates nach Deutschland, 
sondern erhielten in der Regel auch ihr Asylverfahren in Deutschland. Obwohl nach der Dublin-III-Verordnung in 
der Regel der Staat der Einreise (etwa Italien) zuständig gewesen wäre, übernahm Deutschland meist die 
Verfahren. Für die Flüchtlingsgegner war dies ein weiterer Beleg für ihre Rechtsbruch-These.
Die Dublin-Regeln gelten inzwischen als grob ungerecht und es wird seit Jahren über eine Reform verhandelt. 
Indem Deutschland also doch einen fairen Anteil der Flüchtlinge aufnahm, wurde das Land nicht übermäßig, 
sondern angemessen belastet. So gab es 2017 in der EU rund 647.000 Asylverfahren, davon 198.000 in 
Deutschland, also knapp ein Drittel. Ein derartiger Anteil wird wohl auch am Ende der Neuaushandlung der Dublin-
Regeln herauskommmen.
Deutschland hat die Dublin-Regeln auch nicht verletzt, als es die Möglichkeit zur Überstellung der Flüchtlinge an 
den Einreisestaat nur begrenzt wahrnahm. Entweder machte Deutschland von seinem Selbsteintrittsrecht 
Gebrauch oder man verpasste Dublin-Fristen für die Überstellung in den zuständigen Staat, was ebenfalls zu einer 
deutschen Zuständigkeit führte. Überstellungen nach Griechenland waren wegen der desolaten Zustände dort 
ohnehin gerichtlich verboten.
Für die AfD wurde der Vorwurf des Rechtsbruchs schnell zu einem zentralen Agitationsinhalt, der auch gut zur 
Parteigeschichte passte. Schon bei ihrer Gründung 2013 stand für die AfD ein anderer vermeintlicher Rechtsbruch 
im Mittelpunkt: die Euro-Rettung durch die Europäische Zentralbank unter vermeintlichem Bruch des Verbots der 
Staatsfinanzierung.
Das Thema war im Sommer 2015 allerdings nicht mehr prominent, die AfD stand in Umfragen nur noch bei drei 
Prozent. Nachdem sie begann, die massenhafte Flüchtlingszuwanderung anzuprangern, erlebte sie einen neuen 
Aufschwung, der sie bei der Bundestagswahl 2017 mit 12,6 Prozent der Stimmen zur stärksten Oppositionsfraktion 
machte. Die These vom Rechtsbruch erleichterte auch das Zusammengehen von national-bürgerlichen Milieus, die 
eigentlich zu verfassungswidrigen Positionen Abstand halten wollten, mit offen rassistischen Kreisen. Es ging ja um 
die vermeintliche Verteidigung des deutschen Rechts.
Und die AfD stand nicht allein. Horst Seehofer, damals CSU-Chef und bayerischer Ministerpräsident, drohte der 
Bundesregierung Ende 2015 mit einer Verfassungsklage. Im Februar 2016 sprach er mit Blick auf die deutsche 
Flüchtlingspolitik sogar von einer Herrschaft des Unrechts . Er hat sich nie von dieser Formulierung distanziert.
Zur Wirkmächtigkeit der Rechtsbruchthese trug auch bei, dass sie sogar von einzelnen ehemaligen 
Verfassungsrichtern vertreten wurde. Udo Di Fabio fertigte ein entsprechendes Gutachten für die bayerische 
Staatsregierung an. Auch Hans-Jürgen Papier, Expräsident des Bundesverfassungsgerichts, hielt in Interviews und 
in einem Gutachten für die FDP-Fraktion, die sofortige Zurückweisung von Flüchtlingen an der Grenze für 
obligatorisch.
Nicht einmal die Bundesregierung bekannte sich klar zum Vorrang des Europarechts, um sich spätere 
Zurückweisungen an der Grenze offenzuhalten. So sagte Innenminister de Maizière in einem Interview Ende 2015, 
der Verzicht auf Zurückweisungen sei bisher eine politische Entscheidung gewesen. Damit hatte er die 
Wahrnehmung befeuert, die Regierung kümmere sich nicht um die Rechtslage.
Auch die politischen Verteidiger der deutschen Flüchtlingspolitik beriefen sich oft nicht auf das Europarecht, 
sondern auf das deutsche Grundrecht auf Asyl, obwohl dieses 1993 von CDU/CSU und SPD weitgehend 
abgeschafft worden war. Doch wer aus Inkompetenz oder Kalkül lieber mit dem Grundgesetz argumentierte als mit 
dem vorrangigen EU-Recht, lieferte nur den Rechten eine Vorlage. Denn im Grundgesetz-Artikel 16a stand seit 
1993 die AfD/Seehofer-Position: Wer aus einem sicheren Drittstaat einreist, kann sich nicht auf das deutsche Asyl-
Grundrecht berufen.
Gefährliches Schweigen Horst Seehofer und die AfD warnten vor der Herrschaft des Unrechts weil die 
Grenzen für Flüchtlinge offen blieben. Das Bundesverfassu....
Im Sommer 2018 hatte sich die Debatte einigermaßen beruhigt. Die Flüchtlingszahlen waren stark 
zurückgegangen. Da propagierte Horst Seehofer wie aus dem Nichts die Asylwende . In einem Masterplan 
Migration wollte er sofortige Zurückweisungen an der Grenze einführen und wärmte damit den alten Topos wieder 
auf. Dies führte zu einem erbitterten Streit mit Kanzlerin Angela Merkel und fast zum Platzen der 
Fraktionsgemeinschaft von CDU und CSU.
Vermutlich hätte wohl nur das Bundesverfassungsgericht dem Gerede von der angeblichen Herrschaft des 
Unrechts wirkungsvoll die Legitimation entziehen können. Karlsruhe kam aber zunächst nicht zum Zuge, weil 
Bayern im Frühjahr 2016 auf die angedrohte Verfassungsklage verzichtete. Eine Chance ergab sich erst, als die 
neue AfD-Bundestagsfraktion im Mai 2018 eine Organklage einreichte. Die Rechte des Bundestags seien verletzt, 
so die AfD, weil die Bundesregierung jahrelang die Zurückweisungspflicht aus Paragraf 18 Asylgesetz missachtete, 
ohne dies durch ein neues Gesetz zu legalisieren.
Eigentlich musste man der AfD fast schon dankbar sein für diese Klage, da sie den Verfassungsrichtern endlich die 
Gelegenheit zur autoritativen Klarstellung der Rechtslage gab. Doch das Gericht hat die Chance ungenutzt 
verstreichen lassen. Im Dezember 2018 teilten die Richter nur mit, die Klage sei unzulässig. Die AfD-Fraktion 
könne sich hier nicht auf Rechte des Bundestags berufen. Kein Wort zur Sache. Die AfD wurde inhaltlich mit ihrer 
Rechtsauffassung in keiner Weise korrigiert.
Nun muss das Bundesverfassungsgericht nicht zwingend etwas zur Begründetheit von unzulässigen Klagen sagen. 
Aber es hätte dies durchaus tun können. Es gibt auch genügend Beispiele, bei denen die Karlsruher Richter ihre 
Rechtsmeinung trotz Unzulässigkeit der Klage mitteilten weil es ihnen wichtig war.
Hier aber war es den Verfassungsrichtern offensichtlich nicht wichtig, obwohl die AfD von Hochverrat und 
Widerstandsrecht sprach und obwohl die Demokratie bei einem Teil der Bevölkerung in eine ernsthafte 
Legitimationskrise geraten war.
Die Flüchtlingsgegner beriefen sich auf Paragraf 18 des Asylgesetzes"
2020-08,Main Corpus,2020-08(50).ZIP,Haben wir es geschafft_ Migration Fünf Jahre nach der Flüchtlingswelle   Wie gut gelang die Integrat.PDF,C:\PythonProjects\AfD-project\Corpora\Main Corpus\2020-08\raw_unarchive\Haben wir es geschafft_ Migration Fünf Jahre nach der Flüchtlingswelle   Wie gut gelang die Integrat.PDF,Haben wir es geschafft?; Migration Fünf Jahre nach der Flüchtlingswelle Wie gut gelang die Integration in den,haben wir es geschafft migration fünf jahre nach der flüchtlingswelle wie gut gelang die integration in den,Nordwest-Zeitung,nordwestzeitung,10. August 2020,,HINTERGRUND; S. 4,436,3194,a388f239799a21edd98e8c1756a58c646eadc9b6,,unique,keep,,no,,no,,,4472,no,,,,,"Berlin - Chaos in Deutschland. Auf einen strapaziösen Sommer folgt ein turbulenter Herbst. Jeden Monat erreichen 
viele Zehntausend Schutzsuchender das Land. Die Behörden kommen nicht hinterher mit der Registrierung und 
Unterbringung. Im August 2015 sagt Angela Merkel einen Satz, der positiv auf die Einstellung zu den Flüchtlingen 
wirken soll. Mit ihrem beschwörenden Wir schaffen das provoziert sie aber auch viele. Wie ist der Stand der 
Integration heute vor allem auf dem Arbeitsmarkt?
Über 800 000 Menschen
Am Ende waren 2015 deutlich mehr als 800 000 Asylbewerber nach Deutschland gekommen. Nie zuvor in der 
Geschichte der Bundesrepublik waren es innerhalb eines Jahres so viele. Im davorliegenden Rekordjahr 1992 
waren es nur halb so viele Schutzsuchende. Die Flüchtlinge waren aber oft wenig vorbereitet auf die Migration. 
Qualifikationen und Fähigkeiten passten oft wenig zu den Anforderungen in Deutschland. Deutsch konnten viele bei 
der Ankunft nicht. Geflüchtete haben aus vielen Gründen schlechtere Voraussetzungen für die Integration in den 
Arbeitsmarkt, das Bildungssystem und andere gesellschaftliche Bereiche als Migrantinnen und Migranten, die auf 
anderen Wegen nach Deutschland gekommen sind, etwa über Erwerbsmigration oder Familiennachzug , schreibt 
der Arbeitsmarktforscher Herbert Brücker in einer aktuellen Studie.
Die Bundesregierung sieht Deutschland in der Migrationspolitik heute besser sortiert als 2015 , wie Arbeitsminister 
Hubertus Heil (SPD) sagt. Nach teils erbittertem Streit zwischen CDU und CSU und zwischen Union und SPD sind 

Haben wir es geschafft?; Migration Fünf Jahre nach der Flüchtlingswelle Wie gut gelang die Integration in den 
Arbeitsmarkt?
Gesetze für leichtere Abschiebungen, für bessere Integration und für Fachkräfteeinwanderung auf den Weg 
gebracht worden. Doch wie gut haben es die Flüchtlinge in den deutschen Arbeitsmarkt geschafft?
Tatsächlich fällt die Bilanz nach fünf Jahren gemischt aus. Ungefähr die Hälfte der erwerbsfähigen Flüchtlinge, die 
heute in Deutschland sind, hat einen Job. Wiederum die Hälfte davon arbeitet auf Fachkräfteniveau, sagt Daniel 
Terzenbach, Vorstandsmitglied der Bundesagentur für Arbeit (BA) in Nürnberg.
Deutliche Unterschiede
Deutschland liegt laut BA bei der Integration von Geflüchteten in den Arbeitsmarkt besser als andere Länder. Es 
gebe jedoch deutliche Unterschiede bei den Betroffenen, sagt Terzenbach. Frauen seien schwieriger zu 
integrieren. Ein Grund sind traditionelle Rollenmuster. Deswegen nähmen sie oft nicht in ausreichendem Maße an 
Integrations- und Qualifizierungskursen teil. Der Eintritt in den deutschen Arbeitsmarkt gelang für diese 
Ankömmlinge aber unterm Strich besser, als bei den Flüchtlingen im Zuge der Balkankriege in den 1990er Jahren, 
betont Brücker.
In diesen Monaten haben es Geringqualifizierte auf dem Jobmarkt oft besonders schwer. Sie verlieren in der Krise 
leichter ihren Job, wie Terzenbach sagt. Flüchtlinge sind stark betroffen. Denn: Keine formale Qualifikation und 
schlechte Sprachkenntnisse insbesondere wenn diese beiden Merkmale zusammenkommen, führt das häufiger 
zum Arbeitsplatzverlust , so der BA-Mann.
PDF-Datei dieses Dokuments"
2020-08,Main Corpus,2020-08(50).ZIP,Hier gibt es auch syrische Spezialitäten Flüchtlinge In Hude Mohamad Almurad baut sich eine neue Exi.PDF,C:\PythonProjects\AfD-project\Corpora\Main Corpus\2020-08\raw_unarchive\Hier gibt es auch syrische Spezialitäten Flüchtlinge In Hude Mohamad Almurad baut sich eine neue Exi.PDF,Hier gibt es auch syrische Spezialitäten; Flüchtlinge In Hude Mohamad Almurad baut sich eine neue Existenz,hier gibt es auch syrische spezialitäten flüchtlinge in hude mohamad almurad baut sich eine neue existenz,Nordwest-Zeitung,nordwestzeitung,08. August 2020,,HUDE; S. 15,489,3156,81a82593a552c65312cd2859c79e98b4a6cc664d,,unique,keep,,no,,no,,,4083,no,,,,,"Hude/Bookholzberg - Stolz zeigt Mohamad Almurad die Außenterrasse des Restaurants Damaskus . Alles 
selber gebaut , sagt der 40-Jährige aus Hude, der sich als Flüchtling in Deutschland eine neue Existenz für sich 
und seine Familie aufbaut. Der Name Damaskus für das kleine Restaurant an der Stedinger Straße 67 in 
Bookholzberg hat einen Bezug zur Heimat von Mohamad Almurad.
Im Boot übers Meer
Er lebte mit seiner Familie in Syrien und arbeitete als Lkw-Fahrer in Dubai, erzählt er. Dann kam der Krieg, und die 
Anrufe seiner Frau nahmen zu, dass sie es vor Angst nicht mehr aushalte. Nach Dubai durfte er seine Familie nicht 
holen, obwohl er dort arbeitete. So fiel der Beschluss vor dem Krieg in Syrien in den Libanon zu flüchten, wie es 
rund 1,5 Millionen Syrer taten. Doch auch im Libanon war es schwer für die syrischen Flüchtlinge, überhaupt zu 
überleben. Mohamad Almurad schlug sich als Maurer durch.
2015 machten sich Almurads dann mit sechs Kindern auf den Weg in den Westen. Mit dem Schlauchboot ging es 
von der Türkei über das Mittelmeer nach Griechenland. Weitere Familienmitglieder waren auch dabei. 46 Leute auf 
einem kleinen Boot , erzählt der Geflüchtete. Das Risiko war groß, gar nicht anzukommen. Doch es ging gut.
Von Griechenland ging es unter anderem auch zu Fuß über die Balkanroute Richtung Westen. Mit zwei kleinen 
Kindern auf den Schultern, manchmal 40 Kilometer an zwei Tagen. Almurads landeten in Wildeshausen und Ende 
2015 dann in Hude.

Hier gibt es auch syrische Spezialitäten; Flüchtlinge In Hude Mohamad Almurad baut sich eine neue Existenz 
auf
Gut zurechtgefunden
Mohamad Almurad hat sich mittlerweile ganz gut zurechtgefunden. Er wollte nicht rumsitzen, sondern etwas tun. 
Und er ist ein geschäftstüchtiger Mensch. So hat er mittlerweile eine kleine Abrissfirma übernommen. Und stolz ist 
er auf das Lokal Damaskus in Bookholzberg, welches er mit seinem Bruder aufgebaut hat und jetzt von ihm 
übernimmt.
Unterstützt von Jamal, dem Cousin seiner Frau, der mit ihnen nach Deutschland flüchtete, betreibt er das Lokal. Mit 
dem Syrer Shadi, der früher viele Jahre in ägyptischen Hotels gearbeitet hat, steht ihm ein Koch zur Seite, der 
leckere Gerichte mit viel Liebe zubereitet.
Arabische Küche
Natürlich gibt es Döner, Pizza und Pasta, auch außer Haus. Doch die syrisch-arabische Küche, die sich auf der 
Speisekarte wiederfindet, verspricht ganz besondere Geschmackserlebnisse, gerade auch wegen der verwendeten 
Gewürze. Shawarma nennt sich zum Beispiel das frisch gegrillte Hähnchenfleisch vom Spieß in einer Teigtasche. 
Manakish sind kleine arabische Pizzen.
In Hude wurde die Familie von Ehrenamtlichen des Netzwerks Asyl betreut. Christina Baeck, die ganz in der Nähe 
wohnt, lernte mit Mohamads Frau Hanaa Deutsch und unterstützte gemeinsam mit ihrem Mann Arndt die Familie, 
wenn es zum Beispiel um den Papierkram ging, der schon für Deutsche schwer verständlich ist. Wir haben es gut 
getroffen mit unseren Nachbarn , ist Almurad dankbar für die Unterstützung.
PDF-Datei dieses Dokuments

Hier gibt es auch syrische Spezialitäten; Flüchtlinge In Hude Mohamad Almurad baut sich eine neue Existenz 
auf"
2020-08,Main Corpus,2020-08(50).ZIP,Kaum Chancen auf Schutz.PDF,C:\PythonProjects\AfD-project\Corpora\Main Corpus\2020-08\raw_unarchive\Kaum Chancen auf Schutz.PDF,Kaum Chancen auf Schutz,kaum chancen auf schutz,Frankfurter Rundschau,frankfurter rundschau,Samstag 15. August 2020,,POLITIK; S. 4,370,2669,32a47fe44c53c06a9f0f663e89450c232d59d5f0,,unique,keep,,no,,no,,,3706,no,,,,,"Asylbewerber aus Belarus werden in Deutschland sehr selten als politisch Verfolgte anerkannt. Das sagte ein 
Sprecher des Bundesamtes für Migration und Flüchtlinge (Bamf) dem Redaktionsnetzwerk Deutschland (RND). 
""Die Gesamtschutzquote liegt zwischen 1,3 und 4,4 Prozent"", so der Sprecher. Diese Quote umfasst eine 
Anerkennung als politisch Verfolgter nach Artikel 16a Grundgesetz, den Status als Flüchtling nach UN-
Flüchtlingskonvention, den sogenannten subsidiären Schutz oder den Schutz vor Abschiebung, der unter anderem 
dann greift, wenn die Lebensbedingungen im Herkunftsland als unzumutbar gelten.
Zum Vergleich: Bei Geflüchteten aus der Türkei beträgt die Gesamtschutzquote dem Sprecher zufolge knapp 50 
Prozent. Dabei gilt Belarus seit Jahrzehnten als Diktatur, während die Türkei immer noch Mitglied der Nato und 
zumindest offiziell weiter Beitrittskandidat zur Europäischen Union ist. Hier stieg die Schutzquote erst in den letzten 
Jahren deutlich an - nach dem von Präsident Recep Tayyip Erdogan niedergeschlagenen Putschversuch und 
seinem zunehmend autoritären Kurs.
Insgesamt bewegt sich die Zahl der Antragsteller aus Belarus laut Bamf auf einem bisher ebenfalls niedrigen 
Niveau. So begehrten im vorigen Jahr 264 Frauen und Männer von dort politisches Asyl in Deutschland und im Jahr 
davor 178. Im Januar 2020 waren es 14, im Februar 21, im März 23, im Juni null und im Juli sechs. Zahlen für 
August liegen noch nicht vor. Bei Antragstellern aus der Ost-Ukraine und der von Russland annektierten Krim 
verhielt es sich trotz der dortigen politischen Turbulenzen ähnlich. 
Der Vorsitzende der Linksfraktion im Bundestag, Dietmar Bartsch, forderte angesichts der geringen Schutzquote 
bei Antragstellern aus Belarus Korrekturen: ""Wenn ich die Bilder aus Belarus sehe, dann sollte Deutschland seine 
Maßstäbe bei der Anerkennung von Flüchtlingen jedenfalls noch einmal überprüfen. Das gilt zumindest so lange, 
wie Alexander Lukaschenko regiert.""
Der Geschäftsführer der Flüchtlingshilfsorganisation Pro Asyl, Günter Burkhardt, sagte: ""Die 
Menschenrechtssituation in Belarus ist in der deutschen Öffentlichkeit und der Entscheidungspraxis des 
Bundesamtes bisher nicht ausreichend wahrgenommen worden. Die Ereignisse der letzten Tage erfordern eine 
Neubewertung."" Allerdings habe die Opposition offenbar lange Zeit auf eine Veränderung im Land selbst gesetzt, 

Kaum Chancen auf Schutz
fügte Burkhardt hinzu. Und Belarus bleibe aus deutscher Sicht ""eine Blackbox"". Wie sich die Lage in dem Land 
entwickle, lasse sich nicht vorhersagen.
Graphic
 
picture alliance/dpaEuropa muss helfen: Das fordern auch Menschen in Frankfurt. S. SUPINSKY /AFP"
2020-08,Main Corpus,2020-08(50).ZIP,Khairul ist jetzt Mühlen-Koch Als Khairul Bepari vor vier Jahren als Flüchtling nach Deutschland kam.PDF,C:\PythonProjects\AfD-project\Corpora\Main Corpus\2020-08\raw_unarchive\Khairul ist jetzt Mühlen-Koch Als Khairul Bepari vor vier Jahren als Flüchtling nach Deutschland kam.PDF,"Khairul ist jetzt Mühlen-Koch; Als Khairul Bepari vor vier Jahren als Flüchtling nach Deutschland kam, sprach",khairul ist jetzt mühlenkoch als khairul bepari vor vier jahren als flüchtling nach deutschland kam sprach,Rheinische Post,rheinische post,Freitag 21. August 2020,"Settnik, Anja",S. 16,662,4426,bb25b7a62423d05a8ac11bd78fff6c6fe660ba4d,,unique,keep,,no,,no,,,5678,no,,,,,"ANJA SETTNIK
kalkar Kräuterbutter und Dressing anrühren, Roastbeef vorbereiten, Salat waschen und anrichten, eine 
Champignonsauce zubereiten – das sind die Aufgaben, die der Kollege der vorangegangenen Schicht ihm 
handschriftlich auf einem Zettel hinterlassen hat. Khairul kann die schwierigen Worte lesen, er versteht sie und er 
weiß, was er zu tun hat. Vor vier Jahren hätte der 34-Jährige nur hilflos mit den Schultern zucken können, denn 
Khairul kam als Asylbewerber aus Bangladesch und sprach kein Wort Deutsch. Viele Stunden Sprachunterricht und 
eine komplette Ausbildung später ist er fertiger Koch, der ganze Stolz seiner Kollegen im Brauhaus Kalkarer Mühle. 
Sie alle haben auf ihre Weise am Erfolg des jungen Mannes mitgearbeitet.
Allen voran sicherlich Pächter Frank Ligensa. Der Hotelfachmann aus Bergisch Gladbach, der sich nach einigen 
Jahren im früheren Gocher Restaurant „ter Kelling“ mit 28 Jahren in Kalkar selbstständig machte, hat Khairul 
Bepari vor drei Jahren eingestellt. „Wir lernten uns kennen, als ich draußen die Tische abwischte und er mich 
ansprach. Er wollte unbedingt Koch lernen und nervte mich so lange, bis ich den Versuch wagte“, erinnert sich der 
Wirt schmunzelnd. Bekanntlich ist es nicht einfach, Personal für die Gastronomie zu finden, und der Mann aus dem 
indischen Subkontinent war entschlossen, seinen Weg zu gehen. Außerdem ist Ligensa selbst Mitglied des 
Prüfungsausschusses. „Da sähe es schlecht aus, wenn ich in meinem Restaurant nicht ausbilden würde.“
„Ich wollte immer Koch werden“, sagt Khairul. Aber zu Hause sei eine Ausbildung nicht möglich gewesen, da 
konnte er nur seiner Mutter zuschauen. Die hat ihm unter anderem beigebracht, wie ein würziges Curry entsteht; 
das Mühlen-Personal und eine Gruppe, die dies eigens bestellte, durfte Mamas Spezialgericht schon genießen.

Khairul ist jetzt Mühlen-Koch; Als Khairul Bepari vor vier Jahren als Flüchtling nach Deutschland kam, sprach 
er kein Wort Deutsch. Ein Jahr später startete er ....
In Deutschland ohne gute Sprachkenntnisse eine Lehre samt der dazugehörigen Prüfung zu bestehen, ist alles 
andere als einfach. „Khairul hat in seinem ersten Jahr in Deutschland zwei Sprachkurse besucht, aber das reichte 
sicherlich noch nicht aus, um in der Berufsschule mitzukommen“, sagt Ligensa. Doch jeder kleine Misserfolg habe 
Khairuls Ehrgeiz neu entfacht. „Eine alte Dame aus dem Betreuten Wohnen nebenan und eine pensionierte 
Lehrerin gaben ihm Nachhilfe. Wir im Restaurant sprachen ganz viel mit ihm, malten Dinge auf, wenn er ein Wort 
nicht verstand, und wiederholten alles, bis er es drauf hatte. Und natürlich übten wir intensiv alle praktischen 
Sachen und erklärten, worauf es bei der Prüfung ankommt.“ Kalkulation, Wareneinsatz, Rechnungen schreiben, 
Umgang mit Gästen – auch so etwas gehört zur Koch-Ausbildung.
In seiner Wohnung habe der junge Mann außerdem viel ferngesehen – das habe ihm sicher sprachlich genutzt. Da 
er alleine nach Deutschland kam und sich sehr auf den Beruf konzentriert hat, gibt es bislang wenig Ablenkung. 
Jahrelang war Khairul absolut fokussiert auf seine Prüfung. Und ist jetzt entsprechend froh. „Natürlich bleibt er bei 
uns“, sagt Frank Ligensa, dessen kleines Team de Mann aus Bangladesch schon lange ins Herz geschlossen hat. 
 Einen Satz Messer hat er vom Chef geschenkt bekommen, die er fein säuberlich in einer speziellen Tasche 
aufbewahrt, und seine schwarze Koch-Kluft (es muss auch in der Küche nicht immer weiß sein) trägt er mit Stolz.
Frank Ligensa lobt übrigens das Klever Berufskolleg, das auch während des Lockdowns immer für die Azubis und 
deren Ausbilder ansprechbar gewesen und sehr kreativ gewesen sei, wenn es sprachliche Barrieren gab. Die 
bestandene Prüfung sollte jetzt übrigens dazu führen, dass Khairul dauerhaft bleiben kann. Bislang war er 
geduldeter Flüchtling, bald sollte seine Arbeits- und Aufenthaltserlaubnis dauerhaft sein. Ein neues Ziel hat der 
entschlossene Jung-Koch schon vor Augen. „Ich will den Führerschein machen und ein Auto kaufen, dann bin ich 
ganz selbstständig“, sagt er.
Corona-angepassteÖffnungszeiten
Ab mittags Das Brauhaus Kalkarer Mühle ist derzeit werktags ab 13 Uhr bis 21 Uhr durchgehend geöffnet, Montag 
ist Ruhetag. Samstags öffnet Frank Ligensa um 15 Uhr, sonntags um 12 Uhr.
Draußen Wer nicht gerne drinnen sitzt, findet draußen viel Platz: vor der Mühle und vor allem dahinter Richtung 
Sportplatz."
2020-08,Main Corpus,2020-08(50).ZIP,Laschet in der „Hölle“ Flüchtlinge NRW-Ministerpräsident hört „Aufschrei der Verzweifelten“ im griec.PDF,C:\PythonProjects\AfD-project\Corpora\Main Corpus\2020-08\raw_unarchive\Laschet in der „Hölle“ Flüchtlinge NRW-Ministerpräsident hört „Aufschrei der Verzweifelten“ im griec.PDF,Laschet in der „Hölle“; Flüchtlinge NRW-Ministerpräsident hört „Aufschrei der Verzweifelten“ im griechischen,laschet in der hölle flüchtlinge nrwministerpräsident hört aufschrei der verzweifelten im griechischen,Südwest Presse,südwest presse,Mittwoch 5. August 2020,,POLITIK; S. 2; Band 76; Ausg. 179,395,2884,66bb94c5ca7961c99ee1ae308c833af8cbc118dc,,unique,keep,,no,,no,,,4067,no,,,,,"Moria. Seit Beginn der Pandemie haben Besucher keinen Zutritt zum Camp Moria auf der griechischen Insel 
Lesbos. Aber für den Ministerpräsidenten von Nordrhein-Westfalen, Armin Laschet, machen die griechischen 
Behörden eine Ausnahme. Schließlich ist Laschet nicht nur Regierungschef des bevölkerungsreichsten deutschen 
Bundeslandes, sondern auch Kandidat für den CDU-Vorsitz und damit Bewerber um die Nachfolge Angela Merkels 
im Kanzleramt. Und Deutschland ist nun einmal in der Migrationspolitik der wichtigste europäische Partner für die 
Griechen.
Doch der Besuch verläuft anders als geplant. Nachdem Laschet das eigentliche Camp besichtigt hat, das aus 
Wohn- und Bürocontainern besteht, will er auch den „wilden“ Teil des Lagers sehen. Weil es in den Containern 
keine freien Schlafplätze mehr gibt, hausen in den umliegenden Olivenhainen die meisten der fast 14 000 
Bewohner Morias. Sie wohnen in Campingzelten und Verschlägen, die sie selbst aus Latten und Plastikplanen 
gezimmert haben. Hier gibt es weder Strom noch fließendes Wasser oder Toiletten. Die Bewohner bezeichnen 
diesen Teil des Lagers als „Hölle“.
Sicherheitskräfte beunruhigt
Die Menschen hier sind gut vernetzt. Fast jeder hat ein Smartphone. Laschet ist noch gar nicht in Athen gelandet, 
da hat sich die Nachricht von seinem bevorstehenden Besuch im Camp bereits verbreitet. Das Gerücht macht die 
Runde, der „Ministerpräsident von Deutschland“ sei im Anflug. Eigentlich schmeichelhaft für Laschet. Aber in Moria 
führt die Fehlinformation zu großer Aufregung.
Als Laschets Wagenkonvoi vorfährt, rufen hunderte Migranten „Free Moria“, befreit Moria. Starke Polizeikräfte 
schirmen Laschet zwar ab, aber der örtliche Sicherheitschef äußert dennoch Bedenken: Die geplante Visite sei zu 
gefährlich, man könne den Besucher nicht wirksam schützen, falls es zu Ausschreitungen komme. Laschet bricht 
den Besuch vorzeitig ab. Er habe in Moria einen „Aufschrei der Verzweifelten“ gehört, sagt der Ministerpräsident 
später. Die Situation dort sei „für alle bedrückend“.
Geordneter verläuft sein Besuch in Kara Tepe, einem Flüchtlingslager am Rand der Inselhauptstadt Mytilini. Hier 
leben unter besseren Bedingungen etwa 1400 besonders schutzbedürftige Migranten, überwiegend Familien mit 
kleinen Kindern.

Laschet in der „Hölle“; Flüchtlinge NRW-Ministerpräsident hört „Aufschrei der Verzweifelten“ im griechischen 
Lager Moria.
„Die Europäische Union muss jetzt wach werden“, fordert Laschet. Die deutsche EU-Ratspräsidentschaft biete die 
Chance für eine „dauerhafte Lösung“ des Flüchtlingsproblems. Europa dürfe die griechische Regierung und die 
Bewohner auf Lesbos nicht allein lassen. Seit Jahren fordert Athen eine gerechtere Verteilung der Geflüchteten in 
Europa. Allerdings weigern sich mehrere osteuropäische Länder, Flüchtlinge aufzunehmen. Gerd Höhler
Link zum PDF-Dokument
Link zum PDF-Dokument"
2020-08,Main Corpus,2020-08(50).ZIP,Mehr als 1700 minderjährige Flüchtlinge werden in Deutschland vermisst Wo sind sie_.PDF,C:\PythonProjects\AfD-project\Corpora\Main Corpus\2020-08\raw_unarchive\Mehr als 1700 minderjährige Flüchtlinge werden in Deutschland vermisst Wo sind sie_.PDF,Mehr als 1700 minderjährige Flüchtlinge werden in Deutschland vermisst Wo sind sie?,mehr als 1700 minderjährige flüchtlinge werden in deutschland vermisst wo sind sie,Der Tagesspiegel,der tagesspiegel,Samstag 8. August 2020,Katja Demirci und Julia Prosinger,MEHRBERLIN FQT:SPÄT; S. 002; Ausg. Der Tagesspiegel Nr. 24264 VOM 08.08.2020 SEITE 002,4027,27886,cb72a89ad74f8a7fc748cf91dd40cad4f4d4ccca,,unique,keep,,no,,no,,,28961,no,,,,,"Daniel Jasch, Sozialpädagoge
Michael Heinisch-Kirch, Vorsitzender der SozDia-Stiftung
Ismael, 17, war abgetaucht
Am Schlesischen Tor, zwischen U-Bahn-Gleisen und Spree, deutet ein junger Mann auf ein Stück Rasen. Dort 
habe er manchmal geschlafen, sagt er, den Kopf jetzt tief in die Kapuze, die knöchernen Hände in die 
Hosentaschen versenkt. Seine großen Augen suchen die Gegend nach einem Jungen ab, mit dem er sich hier 
letzten Sommer zusammengetan hat. ""Vielleicht hat er heute eine Wohnung, vielleicht gibt's ihn nicht mehr"", sagt 
Ismael. Der Anwesende und der Gesuchte: beide unbegleitete minderjährige Geflüchtete und - zumindest zeitweise 
- untergetaucht. Wie viele von ihnen in Berlin leben, weiß niemand genau.
Die wenigen Schritte zum Biergarten humpelt Ismael, er setzt sich in die hinterste Ecke, schließt die Augen. 
Manchmal streicht er sich mit den Händen über die Arme, dann ist der Schmerz besonders stark. Ismael hat 
Rheuma. Wenn er spricht, flüstert er oft. Er bestellt eine Cola.
Ismael soll er hier zu seinem Schutz heißen, ein häufiger Name in dem westafrikanischen Land, aus dem er vor gut 
zwei Jahren geflohen ist. Ein brandenburgisches Jugendamt nahm ihn in Obhut. Er floh auch von dort, tauchte 
unter in Berlin. Verschwunden aus dem Zugriff der Behörden lebte er ein halbes Jahr lang auf der Straße. Den 
vergangenen Winter überstand er nur knapp.
Ismael sei 17 Jahre alt, sagen seine Betreuer. Die Ausländerbehörde schätzt ihn auf 19. Das Berliner 
Oberlandesgericht hat entschieden, dass er vorläufig in Deutschland geduldet ist. Er selber sagt wenig an diesem 
Sommertag am Schlesischen Tor, an dem der Regen auf die Dachplane prasselt. Es sei denn, es geht um Fußball.
Mehr als 1700 minderjährige Geflüchtete, die ohne Begleitung Erwachsener nach Deutschland kamen, sind derzeit 
vermisst gemeldet, Stand Januar 2020 machen sie 20 Prozent aller in Deutschland vermissten Personen aus. Die 

Mehr als 1700 minderjährige Flüchtlinge werden in Deutschland vermisst Wo sind sie?
Mehrheit sind Jugendliche zwischen 14 und 17 Jahren, aber auch viele Kinder, 13 Jahre alt und jünger, sind 
verschwunden. Die meisten kommen aus Afghanistan, Syrien, Marokko, Guinea und Somalia.
Vonseiten der Bundesregierung heißt es, eine genaue Erhebung der tatsächlich vermissten unbegleiteten 
minderjährigen Flüchtlinge sei nicht möglich. Weil die Namen der entsprechenden Personen oft unterschiedlich 
geschrieben würden, komme es zu Mehrfacherfassungen, Papiere gebe es häufig nicht, genauso wenig wie 
erkennungsdienstliche Behandlung. Die Vermisstenstatistik der Polizei sei lediglich als Annäherung zu betrachten, 
sie ändere sich auch täglich. Dennoch bleibt eine erschreckend hohe Zahl.
Wo sind diese jungen Menschen? Welche Gründe stecken hinter ihrem Verschwinden? In welche Gefahren können 
sie geraten? Und was macht der Staat, um die Schutzbefohlenen, die er durch seine Jugendämter in Obhut nimmt, 
zu begleiten?
Bei Xenion, einem Berliner Verein, der Geflüchteten wie Ismael psychosoziale Hilfe anbietet und in den 
vergangenen Jahren mehrere Hundert Vormundschaften übernommen hat, erzählt eine Mitarbeiterin am Telefon, 
sie sei einmal so lange U8 gefahren, bis sie ihr Mündel wiedergefunden hatte.
Wer in Deutschland minderjährig registriert wird, hat ein Recht auf einen Vormund. Das kann ein Amtsvormund 
sein, mit bis zu 50 Mündeln in Stoßzeiten, ein Verein wie Xenion oder ein Einzelvormund, also engagierte Berliner 
und Berlinerinnen, die Xenion auch vermittelt und schult.
Meist würden sie genau spüren, wenn sie dabei seien, einen jungen Menschen zu verlieren, erzählen die 
Mitarbeiterinnen von Xenion. Sei er erst mal mit einem Einzelvormund in Kontakt oder habe eine Beziehung zu 
einem ihrer Mitarbeiter aufgebaut, sei es eher unwahrscheinlich, dass er untertaucht. Jüngere Kinder fänden sich 
leichter ins System ein.
Donata von der Heydte, Mitarbeiterin bei Xenion, kann von Mündeln erzählen, die sie tagelang vermisst hatten. Nur 
durch Zufall, als sie eine Vermisstenanzeige bei der Polizei stellten, erfuhren sie, derjenige säße dort längst in U-
Haft. Hätte man, fragen sich die Kolleginnen bei Xenion, die Eltern eines deutschen Kindes nicht kontaktiert? Es sei 
jedenfalls nicht selbstverständlich, dass sich die Polizei bei ihnen regelmäßig erkundige, ob die Kinder wieder 
aufgetaucht seien.
Viele der Jugendlichen seien es seit Jahren gewohnt, auf der Straße zu leben, hätten Missbrauch oder Krieg hinter 
sich gelassen. Laut einer Umfrage des Bundesfachverbands unbegleitete minderjährige Flüchtlinge (BumF) 
berichten fast 70 Prozent der jungen Männer und gut 60 Prozent der Frauen von Gewalterfahrungen im Heimatland 
oder auf der Flucht.
Von der Heydte erzählt von zwei Waisenbrüdern aus Nordafrika, die sich dort fünf Jahre auf der Straße 
durchgeschlagen hätten, bevor sie nach Deutschland kamen. ""Ich fände es super, wenn die hier um zehn Uhr im 
Bett wären und ihre Astrid-Lindgren-Bücher zuklappen würden"", sagt sie. ""Aber diese Jugendlichen haben 
traumatische Ohnmachtserfahrungen gemacht, nach denen es schwerfällt, Regeln nicht als reines Instrument 
erneuter Machtausübung zu begreifen.""
Sie berichtet von einem syrischen Kurden, der immer wieder verschwand, bei seiner Freundin unterkam, aus 
Einrich tungen flog, seine Asylanhörung verpasste. Es habe lange gedauert, bis man bei ihm eine geistige 
Behinderung festgestellt habe. ""Bis heute kann es passieren, dass so jemand durchs Raster fällt"", sagt sie.
Was bei Ismael zum Verschwinden geführt hat?
Wer als unbegleiteter Minderjähriger in Berlin ankommt, der wird zunächst in der Zehlendorfer Clearingstelle 
Wupperstraße registriert. Die Senatsverwaltung für Bildung, Jugend und Familie nimmt den Jugendlichen vorläufig 
in Obhut. Wer 14 Jahre alt ist oder älter, landet derzeit anschließend mit großer Wahrscheinlichkeit in einem 
Backsteinhaus am Müggelsee, der Erstaufnahme-Einrichtung ""JoNa"" der Lichtenberger SozDia-Stiftung. Dort findet 
das sogenannte Vor-Clearing statt: ankommen, durchatmen, schauen, wie es weitergeht.
Mehr als 1700 minderjährige Flüchtlinge werden in Deutschland vermisst Wo sind sie?
So erklärt es Michael Heinisch-Kirch, Vorstandsvorsitzender der Stiftung. Der 56-Jährige, ein bulliger Typ mit 
verwuscheltem blonden Haar, ist Gründer der Stiftung, die sich seit mehr als einem Vierteljahrhundert sozial 
engagiert. Zu DDR-Zeiten hat er als Sozialdiakon in Weißensee gearbeitet, 2006 wurde er als Diakon in Berlin 
eingesegnet.
Wenn Michael Heinisch-Kirch von den rund 20 Jugendlichen spricht, die im JoNa unterkommen können, benutzt er 
oft das Wort ""begleiten"". Zum einen, weil die ein Dutzend Mitarbeiter vor Ort die jungen Männer und Frauen 
tatsächlich zu Terminen mit dem Jugendamt und dem Landesamt für Einwanderung, Ex-Ausländerbehörde, 
begleiten. Doch es schwingt mehr mit. Vielleicht die Gelassenheit, alle mit ihren individuellen (Flucht-)Geschichten 
so zu akzeptieren, wie sie sind. Ihnen die Hand zu reichen - aber sie nicht festzuhalten.
Wer im JoNa unterkommt, hat offenbar Glück gehabt. Das Haus sei schön, die Atmosphäre angenehm, heißt es. 
""In aller Regel sind die Jugendlichen allein oder zu zweit im Zimmer"", sagt Michael Heinisch-Kirch, der, selber 
Vater, im Übrigen auch weiß, was entscheidend zum Wohlbefinden eines Jugendlichen egal welcher Herkunft und 
welches Aufenthaltsstatus beiträgt: eine stabile W-Lan-Verbindung. Denn obwohl unbegleitet, hätten die meisten 
doch eine Person aus der unmittelbaren Familie, mit der sie regelmäßig in Kontakt seien.
""Die, die wir erleben, sind in der Regel sehr aktive junge Menschen"", sagt Heinisch-Kirch. ""Vielen kann man auch 
mal was zumuten, mit ihnen kann man gut arbeiten."" Einen weiten Weg allein zurücklegen, mit all den Widrigkeiten, 
die eine Flucht beinhaltet, mit all den Entscheidungen, die getroffen werden müssen, das braucht Stärke und 
Selbstständigkeit. Viele, die in Deutschland ankommen, auch das klingt in Gesprächen immer wieder durch, wissen 
ganz genau, was sie möchten, sie haben Pläne und Ziele.
Andererseits ist das Vor-Clearing im JoNa vielleicht die erste Gelegenheit, sich zu erinnern, dass man gerade mal 
15, 16, 17 Jahre alt ist.
Michael Heinisch-Kirch sagt: ""Diese jungen Menschen sind häufig einfach fertig. Aus welchem Grund und mit 
welchem Druck sie auch immer gekommen sind. Deswegen sagen wir: Schlafen, Versorgung, Zähneputzen, 
Dusche, Essen, Ansprechpartner - das ist alles einfach da.""
Auch Ismael war im Juni vor zwei Jahren bei JoNa gelandet. Die ersten Wochen, erinnert er sich, seien schön 
gewesen. Er habe in Berlin Menschen kennengelernt, die seine Sprache sprechen, Fula. Er habe die Stadt 
erkundet. Dann sagte man ihm, dass er in zwei Wochen weitermüsse. Nach Brandenburg.
Wie alle Geflüchteten, die Deutschland erreichen, wurde er nach dem sogenannten Königsteiner Schlüssel 
""verteilt"": ein akribisches Quotensystem, das sich nach Bevölkerungszahl und Steuereinkommen errechnet. Wer 
die Quote erfüllt hat, nimmt keine Geflüchteten mehr auf - und schickt sie ins nächstgelegene Bundesland mit 
Kapazitäten. Von Berlin aus landen die Minderjährigen daher oft in Brandenburg, Mecklenburg-Vorpommern, 
Sachsen oder Sachsen-Anhalt.
""In meinem Kopf wurde alles crazy"", erinnert Ismael sich und stützt jetzt, wie so oft, die Stirn in die Handfläche. Es 
vergehen Minuten, bevor er wieder spricht. Freunde von ihm hätten in Berlin bleiben dürfen, er nicht. Er konnte das 
nicht verstehen. Ismael sagt, er sei allein in den Zug nach Brandenburg gestiegen. Er habe dort gleich gemerkt, 
dass er nicht bleiben wolle. Die Betreuer seien streng gewesen. Außerdem: Er hatte sich doch gerade erst 
eingelebt.
Ismael rannte davon. Das starre Verteilsystem, darin sind sich Experten einig, ist seit Jahren ein großes Problem.
Insgesamt leben Stand Juni in Deutschland 24 510 unbegleitete minderjährige Geflüchtete und junge Volljährige in 
sogenannter ""jugendhilferechtlicher Zuständigkeit"". In Berlin werden 1671 junge Flüchtlinge betreut, davon sind 503 
unbegleitete Minderjährige, 1168 Volljährige. Das Landeskriminalamt zählt Ende Juli acht vermisst gemeldete.
Heinisch-Kirch und sein Team sprechen für jeden Jugendlichen eine Empfehlung aus. Was die Verteilung angeht 
zum einen. Zum anderen auch, was die Bedürfnisse des Jugendlichen am neuen Ort betrifft. ""Aber federführend"", 
sagt Heinisch-Kirch, ""ist das dann zuständige, kostentragende Jugendamt.""
Mehr als 1700 minderjährige Flüchtlinge werden in Deutschland vermisst Wo sind sie?
Verteilt werden darf ein Jugendlicher laut Gesetz nicht, wenn ""dadurch dessen Wohl gefährdet würde"". Doch wie 
hoch wird dieses Wohl eingeschätzt, wenn Kindeswohl traditionell vor allem durch die Abwesenheit von Gewalt 
definiert wird? Und was ist, wenn das Wohl gerade nicht beinhaltet, zur Schule zu gehen? Nicht, weil man nicht will, 
sondern weil es schlicht nicht geht?
Michael Heinisch-Kirch erzählt die Geschichte eines Jungen, der Geld habe verdienen müssen, um seine in Libyen 
sitzende Mutter freizukaufen. ""Der sagt: Was willst du von mir, ich kann nicht zur Schule gehen, ich habe dafür 
keine Zeit, keinen Tag."" Den müsse man lassen, sagt er. In der Nähe und ansprechbar bleiben, egal was er tut. 
Das jedenfalls sei sein Verständnis von dem, was Jugendhilfe zu leisten habe.
Es ist zu viel verlangt von einem System, Einzelfälle aufzufangen. Oder nicht?
Wenn überall betont wird, die Zahl der in Deutschland unbegleitet einreisenden Minderjährigen sei drastisch 
gesunken, von rund 36 000 im Jahr 2016 auf 2690 in 2019, wäre es dann nicht möglich, das aus dem Chaos der 
Jahre 2015 und 2016 geborene Verteilsystem ein wenig anzupassen?
Würde dies vielleicht verhindern, dass auch 2020 noch immer junge Menschen wie Ismael aus ihren Unterkünften 
verschwinden? Wenn das Kindeswohl nicht weitgehend über ihren Köpfen verhandelt würde, sondern - wie 
theoretisch vorgesehen - mit ihnen?
Paragraf 42a ff. des Achten Sozialgesetzbuches legt die Inobhutnahme für jugendliche Geflüchtete genau fest. Er 
wurde ergänzt, als im November 2015 das Gesetz zur Verbesserung der Unterbringung, Versorgung und 
Betreuung ausländischer Kinder und Jugendlicher erlassen wurde, das derzeit evaluiert wird. Einen Anspruch auf 
einen Übersetzer enthält der Paragraf bislang nicht.
Ismael spricht Französisch, Fula und mittlerweile ein bisschen Deutsch. Aber er hat auch Dinge erlebt, ob auf der 
Flucht oder zuvor in Westafrika, über die er nicht sprechen kann. Wenn man ihn nach seiner Heimat fragt, erzählt 
er kurz von den Bergen. Dann redet er vom Fußballspielen. Von Blaise Matuidi, dem Franzosen, der bei Juve 
spielt. Von einer Knöchelverletzung bei einem Spiel in seinen ersten Berliner Wochen. Die Kapuze streicht er jetzt 
erstmals vom Kopf.
Zwei Mal büchste Ismael aus Brandenburg aus. Kam mal beim Jugendnotdienst unter, mal im Obdachlosenheim. 
Dann verbrachte er wieder Tage im Görlitzer Park, den Rucksack mit den Tabletten gegen seine Krankheiten 
immer dabei, am Wittenbergplatz gibt es einen Arzt, der ihn ohne Papiere behandelt. Rheuma habe er seit seiner 
Kindheit.
Ismael zeigt jetzt auf sein Kinn, seine Wange, zieht seine Jacke zur Seite: Narben. ""Streit mit anderen Afrikanern im 
Görlitzer Park"". Ein paar Zusammenstöße mit der Polizei habe es ebenfalls gegeben. Er habe, sagt er zögernd, 
versucht, mit Drogen zu dealen, um ein bisschen Geld zu verdienen. Aber das versuchten zu viele andere auch.
Für das Schicksal der Kinder und Jugendlichen ist entscheidend, was in den ersten Tagen und Wochen nach ihrer 
Ankunft geschieht. Es ist auch der Zeitraum, in dem die meisten abtauchen - und von Jugendämtern und 
Wohneinrichtungen als vermisst gemeldet werden.
Mahmoud, 21, kann erzählen, wie es sich anfühlt, allein in ein fremdes Land zu kommen. Ihm ist es ganz anders 
ergangen als Ismael, gesund sieht er aus, wohlernährt, glücklich, als er an einem Sommertag in einem Café am 
Halleschen Tor wartet. Sein Deutsch ist fast perfekt.
Hier um die Ecke war er vor fünf Jahren zunächst provisorisch in einem Hostel untergebracht. Ein Jahr dauerte es, 
bis er vollständig registriert war, in einer betreuten WG nach seiner Flucht zur Ruhe kam. Einige Jungs von damals 
seien gleich wieder verschwunden. ""Sie wollten weiter zu Verwandten oder haben die Unsicherheit nicht 
ausgehalten. Ich weiß nicht, wo sie heute sind.""
Viele seiner Mitschüler aus einer Charlottenburger Willkommensklasse hätten auch Mist gebaut. Er habe sie in der 
S-Bahn getroffen, mit Markenklamotten und dicken Uhren, und habe geahnt: ""Die dealen jetzt"". Einige andere seien 
Mehr als 1700 minderjährige Flüchtlinge werden in Deutschland vermisst Wo sind sie?
untergetaucht, weil sie drogenabhängig geworden seien oder Schulden angehäuft hätten. ""Zu Hause hätten die 
Eltern das kontrolliert, in unserer Heimat Syrien macht man so was nicht"", sagt Mahmoud, der eigentlich anders 
heißt.
Er habe auch Leute gekannt, die sich das Deutschlernen leichter vorgestellt hätten, die am Heimweh und der 
Sehnsucht nach ihrer Familie zugrunde gegangen seien, einer habe versucht, sich umzubringen. ""Manche haben 
sich zurück auf den Weg in die Türkei gemacht, wo ihre Eltern feststeckten. Die haben sich nirgends abgemeldet"", 
erzählt Mahmoud und lacht. Eine absurde Vorstellung für ihn, dass ein Jugendlicher die Behörden über seinen 
Verbleib informiere.
Niemand habe ihnen damals sagen können, wie wahrscheinlich es sei, dass sie ihre Familien nachholen könnten, 
wie lange es dauern würde, bis sie eine bessere Unterkunft bekämen. ""Jugendliche sind ungeduldig"", sagt er. Und 
manche würden hier erst so richtig ihre Pubertät nachholen, die sie in Jahren von Krieg und Flucht verpasst hatten.
Mahmoud hatte Glück. Er fand eine ehrenamtliche Vormundin, die ihm beim Deutschlernen half, den Kontakt zu 
seiner Familie hielt, ihm einen Ausbildungsplatz verschaffte und ihn jetzt dabei unterstützt, eine eigene Firma 
aufzubauen. In seiner Berliner WG hatte er einen jungen Betreuer, fühlte sich verstanden.
""Ich bin damals ja selbst abgehauen"", fällt ihm plötzlich ein. Als er nach seiner Reise über den Balkan und 
Österreich in München angekommen sei, habe die Polizei ihn aufgegriffen, ihn in eine Unterkunft gebracht, obwohl 
er nach Berlin weiterreisen wollte. In Berlin lebte sein Onkel, seine Eltern wünschten sich, dass er in dessen Nähe 
zöge. Mahmoud blieb nur wenige Stunden in München. Unter dem Vorwand, zum Supermarkt gehen zu wollen, 
schlich er aus der Unterkunft, stieg in den Zug, landete Stunden später in der Zehlendorfer Clearingstelle 
Wupperstraße. Anders als Ismael durfte er in Berlin bleiben.
Ob Jugendliche hier ankommen können, hat oft mit Glück zu tun. Und mit den richtigen Kontakten.
Wer einen Ort sucht, wo Menschen bedingungslose Unterstützung erfahren, sollte in die Moabiter Turmstraße 
fahren. Hier sitzt das BBZ, das ""Beratungs- und Betreuungszentrum für junge Geflüchtete und Migrant*innen""; hier 
arbeitet Daniel Jasch, ein Mann, der sich als ""Kämpfer"" bezeichnet.
Am Eingang kontrolliert Jasch, 42, offenes Jeanshemd überm Skater-Shirt, akribisch Masken und 
Handdesinfektion. Würde man einen der Berater anstecken, erklärt er atemlos, oder gar einen der ratsuchenden 
Geflüchteten, könnte das Coronavirus sich in den engen Unterkünften rasch ausbreiten.
An der Wand hängen Schaubilder über das deutsche Schulsystem, von der Turmstraße schallen Polizeisirenen 
herauf. Bei Tee und Akten versucht Jasch, Politikwissenschaftler, Sozialpädagoge, Ethnologe, zu erklären, welche 
zahlreichen Kinderrechtsverletzungen er und seine Kollegen in den vergangenen Jahren erlebt hätten. Das beginne 
damit, dass Kinder monatelang auf die Einschulung warteten, und ende damit, dass manche mit dem 18. 
Geburtstag einfach aus ihrer Unterkunft geschmissen würden, obwohl die Jugendhilfe bis zum 27. Lebensjahr 
verlängert werden kann - vorausgesetzt, man weiß über dieses Recht Bescheid und hat jemanden, der sich 
einsetzt.
""Diese Kinder müssen von Anfang an wissen, dass sie hier sehr stark kämpfen müssen. Die Behörden stellen sich 
ihnen oft komplett in den Weg. Das System ist nicht auf Willkommen eingestellt - sondern auf ein ,so wenig wie 
möglich'.""
Daniel Jasch versucht als Einzelperson auszugleichen, dass die Jugendlichen keine Lobby haben, keine Eltern, die 
ihre Rechte durchsetzen. Auch für Ismael hat er das in der Vergangenheit getan. Er hat ihm einen Anwalt vermittelt 
und dafür gesorgt, dass das Berliner Jugendamt seinen Fall übernimmt. Dass er im Projekt S27 am Schlesischen 
Tor Deutschunterricht bekommt und in einer betreuten WG im Berliner Süden ein Einzelzimmer bewohnt, wo er 
nachts, wenn ihn die Gelenkschmerzen wach halten, laut Musik hören kann.
Und er hat immer wieder betont, dass es sich bei Ismael um einen Minderjährigen handele, um ein Kind. Besonders 
viel Unrecht, sagt Jasch, geschehe bei der Alterseinschätzung. Für die Jugendlichen bedeutet es einen großen 
Mehr als 1700 minderjährige Flüchtlinge werden in Deutschland vermisst Wo sind sie?
Unterschied, ob sie als voll- oder minderjährig eingestuft werden. Minderjährige, deren Alter falsch eingeschätzt 
wird, sind vom Jugendhilfesystem ausgeschlossen. Kinderschutzstandards gelten nicht mehr für sie, sie haben 
keinen Zugang zur Kinder- und Jugendlichen-Psychiatrie. Ismaels Betreuer versuchen ihm derzeit einen 
Therapieplatz zu verschaffen.
Viele Geflüchtete, und etwa 50 Millionen Kinder weltweit, kommen aus Ländern, in denen keine Geburtsurkunden 
erstellt werden. Wenn keine Ausweispapiere das Alter eindeutig festlegen, erfolgt in Deutschland eine ""qualifizierte 
Inaugenscheinnahme"". Dabei befragen zwei Sachbearbeiter des Jugendamtes die Geflüchteten, erklärt Jasch, im 
Zweifel fordern sie an, dass das Alter medizinisch festgesetzt wird, also die Handwurzelknochen geröntgt, das 
Schlüsselbein, die Zähne oder auch die Genitalien untersucht werden. Die Behörde, die später die Kosten für den 
Jugendlichen tragen muss, entscheidet darüber, ob sie dies tun will - für Jasch ein Interessenskonflikt.
Viele Jugendliche, das hat eine Studie des BumF rausgefunden, empfinden dieses teilweise stundenlange 
Verfahren als Tortur. Wollen sie sich dieser nicht unterziehen, werden sie in der Regel volljährig geschätzt.
Ohne Hilfe von Sozialarbeitern oder Beratern wie Daniel Jasch lässt sich ein falsch festgesetztes Alter kaum 
korrigieren. Gibt es hingegen falsche Papiere, die im Menschenhandel entstanden sind, um eine Person 
arbeitsfähig zu machen oder weil Jugendliche sich auf der Flucht älter gemacht haben beziehungsweise von 
Schleppern älter gemacht wurden, ist es fast unmöglich, die Behörden von der Minderjährigkeit zu überzeugen. 
Laut der Berliner Senatsverwaltung ist ein solcher Zweifelsfall gegeben, wenn der Jugendliche bereits anderswo 
unter einer anderen Identität gespeichert wurde.
Die Alterseinschätzung ist nicht das einzige Thema, bei dem Jasch leidenschaftlich werden kann. Das gesamte 
Verteilerverfahren nennt er eine ""Blackbox"". Jugendliche wie Ismael tauchten immer wieder bei ihm auf, auch wenn 
sie längst in andere Bundesländer verteilt wurden. ""In Deutschland steht nicht das Kindeswohl an erster Stelle, 
sondern die Frage: Erfüllen wir die Zahlen? Warum verteilen wir Kinder, wenn wir einfach Gelder verteilen 
könnten?"", fragt er. ""Kindsein vor Ausländerrecht"" - das wünscht er sich.
Die Jugendlichen, sagt Jasch, befänden sich in einem permanenten Spannungsfeld zwischen den Behörden. Dabei 
habe er auch häufig Rassismus beobachtet. Er erzählt von einem Jungen, der nach Görlitz verteilt worden war, wo 
er in der Schule mit Affenlauten verhöhnt, im Jugendamt auch im Winter ans offene Fenster gesetzt worden sei. 
Angeblich, weil er stinke. Bis zu dessen Volljährigkeit war es Jasch nicht gelungen, ihn dauerhaft nach Berlin zu 
holen.
Obwohl sich manche Jugendliche wünschen, zu Bekannten oder entfernten Verwandten weiterzureisen - auch das 
ein Grund für ihr Verschwinden, wie eine Studie des BumF ermittelte - beziehungsweise in deren Nähe ""verteilt"" zu 
werden, wird dem Wunsch in der Praxis nicht immer entsprochen. Familie, das ist vor dem Gesetz ein eng 
gefasster Begriff. ""Die Eingrenzung auf die Kernfamilie ist ein Problem, auch auf europäischer Ebene"", heißt es 
beim BumF. In der Online-Umfrage des Verbandes geben rund 40 Prozent der Fachkräfte an, dass eine 
Familienzusammenführung innerhalb Deutschlands schwierig sei.
Wohnt die Familie in einem anderen europäischen Land, erscheint den Jugendlichen die Weiterreise auf eigene 
Faust oft als einzige Möglichkeit. Die Kinderhilfsorganisation Save the Children fordert daher, 
Familienzusammenführungen innerhalb der EU zu beschleunigen.
Experten beim BumF sagen außerdem, die Gefahr des Untertauchens sei groß, ""wenn die Jugendlichen Angst vor 
einer Abschiebung haben oder keine Perspektive für sich im System sehen"". Dabei werden unbegleitete 
Minderjährige in Deutschland in jedem Fall ""geduldet"", bis sie 18 sind. Auch deshalb beantragt nicht jeder 
Geflüchtete Asyl.
Fragt man Ismael, warum er seine Heimat verlassen hat, welche Familienmitglieder dort noch leben, fällt er in eine 
Art Sekundenschlaf. Auch auf die Flucht route will er nicht angesprochen werden. Kurz berichtet er von Madrid und 
von Paris, das ihm gut gefallen habe.
Mehr als 1700 minderjährige Flüchtlinge werden in Deutschland vermisst Wo sind sie?
Ob er, wie tausend andere westafrikanische Migranten, im Schlauchboot die gefährlichen 14 Kilometer zur 
südspanischen Küste gereist ist? Ist er vor einem kriegerischen Konflikt geflohen, vor Verfolgung, vor Vertreibung? 
Gibt es bei ihm ""kinderspezifische Fluchtgründe"" wie ""Zwangsrekrutierungen als Kindersoldat, 
geschlechtsspezifische Verfolgung oder Kinderprostitution"", wie es in einem aktuellen Bericht der Bundesregierung 
zur Situation der unbegleiteten Minderjährigen heißt? Sophia Eckert von Save the Children berichtet von 
afghanischen Jungs, die bereits mit elf Jahren aus Ausbildungslagern fliehen oder aus Furcht davor, von militanten 
Gruppen rekrutiert zu werden.
Immer wieder werden allein geflüchtete Kinder und Jugendliche in der öffentlichen Diskussion abwertend und 
pauschalisierend als ""Ankerkinder"" bezeichnet. Als jene, die von ihrer Familie entsandt worden sind, um in Europa 
Asyl zu beantragen und Eltern und Geschwister nachzuholen. In der Praxis ist das allerdings oft nicht einfach. 
Jenen, die nach der Genfer Flüchtlingskonvention als Flüchtlinge anerkannt wurden, wird, sofern sie den Antrag auf 
Familienzusammenführung ""frühzeitig"" stellen, selbiges erleichtert. Ansonsten ist es den sogenannten subsidiär 
Schutzberechtigten möglich, also jenen, denen im Herkunftsland ernsthafter Schaden droht - zum Beispiel der Tod.
Sophia Eckert von Save the Children sagt: ""Egal, weswegen ein Kind hierherkommt, es ist in erster Linie Kind und 
somit besonders schutzbedürftig.""
Abgesehen davon sind viele der einreisenden Kinder und Jugendlichen Halb- oder Vollwaisen, auch das steht im 
Bericht der Bundesregierung. So handele es sich etwa bei über einem Fünftel der Jugendlichen aus Afghanistan 
um Vollwaisen. Auch viele Unbegleitete aus afrikanischen Staaten hätten einen oder sogar beide Elternteile 
verloren. Einige haben Geschwister, viele sind ganz allein unterwegs.
Sie sind auch anfällig für etwas, das in den Diskussionen um unbegleitete Minderjährige immer wieder auftaucht, 
vage, als unbekannte Größe und Bedrohung: Menschenhandel.
Im Chaos-Sommer von 2015, als die Geflüchteten in langen Schlangen vor dem Moabiter Lageso standen und 
Anwohner sie mit Wasser versorgten, seien abends merkwürdige Gestalten durch die Reihen gegangen, erzählt 
eine Freiwillige, die für ""Moabit Hilft"" aktiv war.
Es seien Vans mit getönten Scheiben aufgetaucht, Männer hätten den Jugendlichen einen Schlafplatz versprochen 
- letztere habe sie nie wiedergesehen. Ob sie zu jenen gehörten, die sich später im Tiergarten prostituierten, ob sie 
illegal in Restaurants oder auf dem Bau arbeiten mussten, lässt sich schwer rausfinden. Es war auch die Zeit, in der 
Silvio S. den Flüchtlingsjungen Mohamed entführen, missbrauchen und ermorden konnte.
Wie viele der mehr als 1700 vermissten Jugendlichen Menschenhandel zum Opfer fallen, kann niemand sagen. Der 
BumF hat in einer Studie herausgefunden, dass knapp die Hälfte der Minderjährigen von Ausbeutungs- und 
Menschenhandelserfahrungen berichten.
Daniel Jasch, der Kämpfer von der Turmstraße, kann von Fällen erzählen, wo die Jugendlichen irgendwo 
aufgewacht seien, untergebracht mit anderen - sich aber nicht mehr ans Einschlafen erinnern konnten - und Fotos 
für Pässe gemacht wurden. Für ihn starke Anzeichen für Menschenhandel.
Bei Xenion berichten sie von Akten, auf denen von Anfang an ""vermisst"" stand. Die Behörde habe ihnen eine 
Vormundschaft übertragen, ohne dass ein Mündel vorhanden gewesen sei. Besonders junge Vietnamesen, 
erzählen die Mitarbeiterinnen, stünden unter hohem Druck: Sie müssten oft die Schlepper bezahlen, hier Geld 
verdienen. Viele würden sich in eine Parallelwelt verabschieden. Wenn sie mitbekommen, dass ihr Mündel nicht zur 
Schule, sondern vermutlich in ein Nagelstudio geht, können die Vormünder oft wenig tun - wollen ihre Schützlinge 
auch nicht gefährden.
Ismael, der Verschwundene, ist nach seinem halben Jahr auf Berliner Straßen wieder im System angekommen. Er 
lernt Deutsch, er hat Menschen um sich, die sich kümmern, die es gut mit ihm meinen.
Im Biergarten am Schlesischen Tor sagt er jetzt, Ende Juli, er wolle eine Ausbildung machen. Elektriker werden. 
Irgendwann Ausweispapiere bekommen und zurück in seine Heimat reisen - aber nur auf Besuch. Schließlich sei er 
Mehr als 1700 minderjährige Flüchtlinge werden in Deutschland vermisst Wo sind sie?
ja mit Grund von dort weg. Der Regen prasselt immer heftiger. Ismaels Nase läuft. ""Wann wird es Sommer?"", fragt 
er.
Graphic
 
Foto: Kitty Kleist-Heinrich R"
2020-08,Main Corpus,2020-08(50).ZIP,"Mehr Sprachkurse, weniger Bürokratie Erkelenzer Unternehmen fordern bessere Bedingungen für die Eins.PDF","C:\PythonProjects\AfD-project\Corpora\Main Corpus\2020-08\raw_unarchive\Mehr Sprachkurse, weniger Bürokratie Erkelenzer Unternehmen fordern bessere Bedingungen für die Eins.PDF","Mehr Sprachkurse, weniger Bürokratie Erkelenzer Unternehmen fordern bessere Bedingungen für die",mehr sprachkurse weniger bürokratie erkelenzer unternehmen fordern bessere bedingungen für die,Rheinische Post,rheinische post,Samstag 15. August 2020,"Streckmann, Carolin",S. 26,438,3122,5893719ca9c9773e64914d0c2cadccd62dfd5089,,unique,keep,,no,,no,,,4239,no,,,,,"Carolin Streckmann
Erkelenz Bilal ist ein junger Mann, der seit einiger Zeit im Autohaus Bonsels & Weitz in Erkelenz arbeitet. Er kommt 
aus Pakistan, hier in Deutschland möchte er arbeiten und ist auch sehr engagiert, berichtet Willi Weitz, der zu dem 
Treffen des Unternehmernetzwerks in sein Autohaus eingeladen hat. Leider hat Bilal jedoch Probleme mit seiner 
Arbeitserlaubnis, nach einer „Dummheit“, wie Weitz sagt, soll er abgeschoben werden. Da sein Bruder in seinem 
Heimatland erst vor Kurzem schwer misshandelt wurde, hat Bilal Weitz zufolge „panische Angst“ vor der Rückkehr.
Der Fall von Bilal ist das eindringlichste Beispiel, das bei dem Treffen des Unternehmernetzwerks vorgestellt wird. 
Es soll zeigen, wie sich die Unternehmer in Erkelenz um die Integration von Flüchtlingen bemühen und auf welche 
Probleme sie dabei stoßen. Zu hören bekam diese Beispiele Andreas Bothe, Staatssekretär im Ministerium für 
Kinder, Familie, Flüchtlinge und Integration des Landes Nordrhein-Westfalen, der zu einem Austausch über die 
Einstellung und Integration von Flüchtlingen nach Erkelenz gekommen ist und verspricht, die Anregungen 
mitzunehmen. Unternehmer und Flüchtlingshelfer zeigten dem Staatssekretär auf, wo es ihrer Meinung nach die 
größten Probleme gibt: bei der Bürokratie und bei der Sprache.
Bei dem Treffen waren auch drei der vier Erkelenzer Bürgermeisterkandidaten da. Während Stephan Muckel (CDU) 
und Katharina Gläsmann (SPD) sich im Anschluss an die Berichte für das Engagement der Unternehmen und 
ehren- und hauptamtlichen Flüchtlingshelfer bedanken, steuert Hans-Josef Dederichs (Grüne) auch seine eigene 
Sicht auf die Integration in Erkelenz bei: „Als Polizist kenne ich eigentlich nur die Fälle, wo es nicht so gut klappt. 
Und das sind sehr wenige.“
Astrid Hasen, Geschäftsführerin des Hotels und Restaurants Schwanenhof in Bellinghoven, vergleicht den hohen 
bürokratischen Aufwand bei der Einstellung von Flüchtlingen mit den schnellen Soforthilfen in der Pandemie. 

Mehr Sprachkurse, weniger Bürokratie Erkelenzer Unternehmen fordern bessere Bedingungen für die 
Einstellung von Flüchtlingen.
„Corona hat gezeigt, dass es anders gehen kann.“ Deswegen fordert sie auch in Bezug auf die Integration von 
Flüchtlingen einen „vertretbaren bürokratischen Aufwand“. Haustechniker Karsten Groob wiederum beschwert sich 
über die unzureichenden Sprach-Angebote. „Das halte ich für sehr wichtig, da muss viel mehr gemacht werden.“
Die Unternehmer machen deutlich, dass sie Flüchtlinge einstellen wollen und auch müssen, um dem 
Fachkräftemangel zu begegnen. Dabei sei Erkelenz ein gutes Beispiel für gelingende Flüchtlingsarbeit, „weil hier 
alle Hand in Hand zusammenarbeiten“, sagt Saida Piecuch vom Migrationsfachdienst der Diakonie in Jülich. „Wir 
leisten gute Arbeit, aber wir stoßen auch an unsere Grenzen.“ Auch aufgrund gesetzlicher Regelungen, wie sie 
betont. „Die Stadt ist geprägt vom Engagement der Bürger und Unternehmen“, sagt Hans-Heiner Gotzen, Erster 
Beigeordneter der Stadt. Er wünscht sich daher politische Lösungen, um den Arbeitgebern zu helfen. „Das ist sehr 
wichtig.“"
2020-08,Main Corpus,2020-08(50).ZIP,Merkels selbstbefreites Regieren(2).PDF,C:\PythonProjects\AfD-project\Corpora\Main Corpus\2020-08\raw_unarchive\Merkels selbstbefreites Regieren(2).PDF,Merkels selbstbefreites Regieren,merkels selbstbefreites regieren,Rheinische Post,rheinische post,Samstag 29. August 2020,"Dunz, Kristina",S. 2,274,1827,cdcbfd203266c5cb5f108d5ae7bc40a0e6b319ba,exact_003,duplicate_exact,review,,no,,no,,,2707,no,,exact_003,,,"Kristina Dunz
Angela Merkel würde es wieder so machen. Sie würde, wie sie deutlich macht, auch heute nicht die Grenzen 
schließen, wenn Zehntausende Flüchtlinge davor stünden. Für die Kanzlerin bleibt es eine Frage der Humanität, 
Bitten um Asyl anzuhören und dann zu entscheiden, ob und wie man hilft. Die Polarisierung, die Merkel mit ihrem 
Satz „Wir schaffen das“ vor fünf Jahren in Deutschland auslöste, hat sich gelegt, auch wenn es noch genügend 
Probleme mit der Integration der vielen Menschen gibt, für die Deutschland das Sehnsuchtsland war. Mehr noch: 
Merkels Kanzlerschaft ist nach 15 Jahren so ungefährdet wie nie. Und das, obwohl sie eine noch größere Krise 
bekämpfen muss: die Corona-Pandemie. Diese lenkt jedoch von Problemen ab, die die Koalition sonst hätte 
meistern müssen. Allen voran den Klimawandel.
Die Kanzlerin hat sich mit ihrem frühen Verzicht auf eine weitere Kanzlerkandidatur selbst befreit. Kein Druck mehr, 
den nächsten CDU-Parteitag glanzvoll zu überstehen, keine Erwartungen mehr an sie, Konkurrenten im Wahlkampf 
kleinzukriegen. Sie kann sich einfach aufs Regieren konzentrieren. Dazu kommt, dass Bürger gnädiger mit ihr 
werden, je näher der Abschied rückt. Was auch mit der Verunsicherung zu tun hat, dass nicht klar ist, wer das 
schwere Erbe antreten und wie es weiterentwickelt werden wird. Dazu gehören der Klimaschutz, die Digitalisierung 
und der Zusammenhalt der Gesellschaft. In allen drei Bereichen dürften große Lücken klaffen, wenn Merkel ihr Amt 
übergibt. Mag sie noch so befreit auftreten, die verbleibende Zeit wird hier kaum für nachhaltige Lösungen reichen. 
Und in die Verlängerung wird Merkel nicht gehen. Einen besseren Abschluss als mit ihrem erneut international 
anerkannten Krisenmanagement kann sie auch nicht finden.
Bericht „Ich sitz’ ja noch hier“, Politik"
2020-08,Main Corpus,2020-08(50).ZIP,Merkels selbstbefreites Regieren.PDF,C:\PythonProjects\AfD-project\Corpora\Main Corpus\2020-08\raw_unarchive\Merkels selbstbefreites Regieren.PDF,Merkels selbstbefreites Regieren,merkels selbstbefreites regieren,Rheinische Post,rheinische post,Samstag 29. August 2020,"Dunz, Kristina",S. 2,274,1827,cdcbfd203266c5cb5f108d5ae7bc40a0e6b319ba,exact_003,duplicate_exact,review,,no,,no,,,2692,no,,exact_003,,,"Kristina Dunz
Angela Merkel würde es wieder so machen. Sie würde, wie sie deutlich macht, auch heute nicht die Grenzen 
schließen, wenn Zehntausende Flüchtlinge davor stünden. Für die Kanzlerin bleibt es eine Frage der Humanität, 
Bitten um Asyl anzuhören und dann zu entscheiden, ob und wie man hilft. Die Polarisierung, die Merkel mit ihrem 
Satz „Wir schaffen das“ vor fünf Jahren in Deutschland auslöste, hat sich gelegt, auch wenn es noch genügend 
Probleme mit der Integration der vielen Menschen gibt, für die Deutschland das Sehnsuchtsland war. Mehr noch: 
Merkels Kanzlerschaft ist nach 15 Jahren so ungefährdet wie nie. Und das, obwohl sie eine noch größere Krise 
bekämpfen muss: die Corona-Pandemie. Diese lenkt jedoch von Problemen ab, die die Koalition sonst hätte 
meistern müssen. Allen voran den Klimawandel.
Die Kanzlerin hat sich mit ihrem frühen Verzicht auf eine weitere Kanzlerkandidatur selbst befreit. Kein Druck mehr, 
den nächsten CDU-Parteitag glanzvoll zu überstehen, keine Erwartungen mehr an sie, Konkurrenten im Wahlkampf 
kleinzukriegen. Sie kann sich einfach aufs Regieren konzentrieren. Dazu kommt, dass Bürger gnädiger mit ihr 
werden, je näher der Abschied rückt. Was auch mit der Verunsicherung zu tun hat, dass nicht klar ist, wer das 
schwere Erbe antreten und wie es weiterentwickelt werden wird. Dazu gehören der Klimaschutz, die Digitalisierung 
und der Zusammenhalt der Gesellschaft. In allen drei Bereichen dürften große Lücken klaffen, wenn Merkel ihr Amt 
übergibt. Mag sie noch so befreit auftreten, die verbleibende Zeit wird hier kaum für nachhaltige Lösungen reichen. 
Und in die Verlängerung wird Merkel nicht gehen. Einen besseren Abschluss als mit ihrem erneut international 
anerkannten Krisenmanagement kann sie auch nicht finden.
Bericht „Ich sitz’ ja noch hier“, Politik"
2020-08,Main Corpus,2020-08(50).ZIP,NACHRICHTEN(2).PDF,C:\PythonProjects\AfD-project\Corpora\Main Corpus\2020-08\raw_unarchive\NACHRICHTEN(2).PDF,NACHRICHTEN,nachrichten,Der Tagesspiegel,der tagesspiegel,Samstag 8. August 2020,,POLITIK FQT:SPÄT; S. 004; Ausg. Der Tagesspiegel Nr. 24264 VOM 08.08.2020 SEITE 004,283,2180,60aeceef3a0dd0df94deb261062133c7d8e60e77,,unique,keep,,no,,no,,,3290,no,,,,,"DEUTSCHLAND
Seehofer stoppt auch Thüringen
bei Flüchtlingsaufnahme
Erfurt/Berlin - Das Bundesinnenministerium hat nach Berlin auch Thüringen eine Absage für die geplante Aufnahme 
von zusätzlich 500 Flüchtlingen von den griechischen Inseln erteilt. Der Thüringer Migrationsminister Dirk Adams 
(Grüne) teilte am Freitag in Erfurt mit, dass das Ministerium kein Einvernehmen zum Thüringer 
Landesaufnahmeprogramm erklärt habe. Adams fügte hinzu, er sei enttäuscht. Diese Entscheidung und ihre 
Begründung würden nun geprüft. Das Bundesinnenministerium gibt in seiner Begründung an, es müsse verhindert 
werden, dass ""für denselben Personenkreis die Aufnahme in Deutschland aufgrund zweier verschiedener 
Rechtsgrundlagen und mit zwei verschiedenen Rechtsfolgen erfolgt."" epd/dpa
BELGIEN
Katalanischer Ex-Minister wird nicht nach Spanien ausgeliefert
Brüssel - Der von Spanien mit einem Europäischen Haftbefehl gesuchte katalanische Ex-Minister Lluís Puig wird 
von Belgien nicht ausgeliefert. Das zuständige Gericht in Brüssel habe am Freitag die Vollstreckung des 
Haftbefehls abgelehnt, teilte die Staatsanwaltschaft mit. Das Gericht sei der Auffassung, dass die spanische 
Behörde, die den Haftbefehl ausgestellt hatte, dazu gar nicht befugt gewesen sei. Ex-Kulturminister Lluís Puig hatte 
sich nach dem verbotenen Unabhängigkeitsreferendum in Katalonien 2017 mit dem früheren Regierungschef 
Carles Puigdemont nach Belgien abgesetzt. dpa
HONGKONG
US-Regierung verhängt Sanktionen gegen Regierungschefin Lam
Washington/Hongkong - Nach der Verschiebung der Wahl in Hongkong haben die USA Sanktionen gegen die 
Regierungschefin der chinesischen Sonderverwaltungszone, Carrie Lam, erlassen. Das teilte das US-
Finanzministerium am Freitag mit. Die USA werfen Lam vor, die Autonomie der chinesischen 

NACHRICHTEN
Sonderverwaltungszone zu untergraben. Mögliches Vermögen von Lam und zehn weiteren Offiziellen in den USA 
werde eingefroren. Betroffen sind auch Hongkongs Polizeichef Chris Tang und Sicherheitsminister John Lee. Das 
Verhältnis zwischen den USA und China ist nicht zuletzt wegen der Einführung eines Sicherheitsgesetztes für 
Hongkong angespannt. dpa/AFP
Graphic
 
R"
2020-08,Main Corpus,2020-08(50).ZIP,NACHRICHTEN.PDF,C:\PythonProjects\AfD-project\Corpora\Main Corpus\2020-08\raw_unarchive\NACHRICHTEN.PDF,NACHRICHTEN,nachrichten,Frankfurter Rundschau,frankfurter rundschau,Freitag 14. August 2020,,POLITIK; S. 7,495,3724,8d713c0f234abd35ad2ad415b3d6b8d392d76a59,,unique,keep,,no,,no,,,5232,no,,,,,"AfD Solingen: Ermittlungen wegen Volksverhetzung 
Wegen eines Beitrags der Solinger AfD auf ihrer Facebook-Seite ermitteln Polizei und Staatsanwaltschaft wegen 
Volksverhetzung. Das hat ein Sprecher der Wuppertaler Staatsanwaltschaft am Donnerstag bestätigt. Zuerst hatte 
das ""Solinger Tageblatt"" berichtet. Dabei gehe es um einen Vergleich von abgelehnten Asylbewerbern mit 
Hausmüll. Die AfD hatte sich in dem Beitrag dafür ausgesprochen, zur Finanzierung eines Krankenhausbetriebs 
abgelehnte Asylbewerber abzuschieben. Dann folgt der Vergleich mit Müll, den man besser entsorge, statt darüber 
zu diskutieren, wie man den Gestank besser ertrage. dpa
SPD: Klage gegen Seehofers Nein zu Flüchtlingen 
Die SPD im Bundestag will die Absage von Bundesinnenminister Horst Seehofer (CSU) an eine freiwillige 
Aufnahme zusätzlicher Flüchtlinge durch Berlin und Thüringen nicht einfach hinnehmen. ""Berlin und Thüringen 
sollten gegen die Entscheidung des Innenministeriums klagen"", sagte der Migrationsexperte der Fraktion, Lars 
Castellucci, dem ""Spiegel"". Zugleich forderte er Seehofer in dieser Frage zu mehr Gesprächsbereitschaft auf. Die 
Länder haben sich bereit erklärt, Sonderkontingente von besonders schutzbedürftigen Flüchtlingen aus den 
überfüllten Lagern auf griechischen Inseln aufzunehmen. Seehofer erteilte den Anträgen jedoch eine Absage. afp
Gasstreit: Erdogan warnt vor Eskalation 
Kurz vor einer Sondersitzung der EU-Außenminister spitzt sich der Streit um Gasvorkommen im Mittelmeer 
zwischen der Türkei und Griechenland zu. Nach Berichten über eine Kollision zwischen einem türkischen und 
einem griechischen Schiff im östlichen Mittelmeer warnte der türkische Präsident Recep Tayyip Erdogan vor einer 
Eskalation. ""Wir haben ihnen gesagt, seht, greift bloß unsere Oruc Reis nicht an. Solltet Ihr unsere Oruc Reis 
angreifen, werdet Ihr einen hohen Preis dafür bezahlen. Und heute haben sie ihre erste Antwort bekommen"", sagte 
Erdogan am Donnerstag in Ankara. In der griechischen Presse kursierten seit dem Morgen verschiedene Gerüchte 
über einen Vorfall. Aus Athen wurden die Gerüchte zunächst weder bestätigt noch dementiert. dpa
Afghanistan gründet Frauenrat 
Afghanistans Präsident Aschraf Ghani hat vor Friedensgesprächen mit den Taliban die Gründung eines Hohen 
Rats für Frauen angekündigt. Dem Rat sollen 26 Gesellschaftsvertreter, darunter Aktivistinnen, Menschenrechtler 

NACHRICHTEN
sowie Politiker und Beamte angehören, die sich für die Sicherung von Frauenrechten einsetzen, hieß es in einer 
Mitteilung des Präsidentenbüros am Donnerstag. Unterdessen forderten Hunderte Frauen die Taliban in einem 
offenen Brief, der auf der Website des TV-Senders ""Tolonews"" veröffentlicht wurde, dazu auf, ihre Rechte in 
Friedensgesprächen zu respektieren. ""Wir werden nicht zulassen, dass unser Platz und unser Beitrag zum 
Wiederaufbau unseres Landes ausgelöscht oder rückgängig gemacht wird"", hieß es in dem Schreiben, das fast 400 
Frauen verschiedener Generationen unterzeichnet hatten. Während des Taliban-Regimes in den 1990er Jahren 
waren Frauen vom öffentlichen Leben ausgeschlossen. dpa
Kämpfe zwischen Armee und Islamisten in Mosambik 
Im Norden Mosambiks kämpfen Armee und Islamisten um die Kontrolle über die Hafenstadt Mocimboa da Praia. 
Regierungstruppen hätten mit einer Offensive begonnen, um die Stadt zurückzuerobern, berichtete die britische 
BBC am Donnerstag. Islamisten, die zum ""Islamischen Staat"" (IS) gehören sollen, hatten am Mittwoch die Kontrolle 
über den Ort übernommen. In den vergangenen Tagen hatten bereits schwere Kämpfe in der Region 
stattgefunden. Lokalen Medienberichten zufolge flüchteten Soldaten der Regierungsarmee vor den 
radikalislamischen Gruppen. epd"
2020-08,Main Corpus,2020-08(50).ZIP,Saudische Geflüchtete brauchen mehr Schutz.PDF,C:\PythonProjects\AfD-project\Corpora\Main Corpus\2020-08\raw_unarchive\Saudische Geflüchtete brauchen mehr Schutz.PDF,Saudische Geflüchtete brauchen mehr Schutz,saudische geflüchtete brauchen mehr schutz,Welt am Sonntag,welt am sonntag,23. August 2020,Khulud Alharthi,FORUM; FÜR DIE FREIHEIT; S. 11; Ausg. 34,688,4673,b13a66f37cad4b2894c7f339c0643619aebebd5b,,unique,keep,,no,,no,,,5617,no,,,,,"In den vergangenen drei Jahren sind 139 Asylsuchende aus Saudi-Arabien nach Deutschland gekommen. Die 
Mehrheit sind Frauen und Mädchen. Bei der Flucht aus Saudi-Arabien gibt es einige schwierige Hürden, und sie 
enden nicht an der deutschen Grenze.
In Deutschland werden Flüchtlinge gemäß ihrer Nationalität auf die Länder verteilt. Und alle aus Saudi-Arabien 
kommen nach Halberstadt in Sachsen-Anhalt. Für die Dauer ihres Asylverfahrens sowie weitere drei Jahre dürfen 
sie das Bundesland in der Regel nicht verlassen. Ein gefährlicher Umstand, denn er erleichtert es ihren Familien, 
sie ausfindig zu machen, nachdem sie vor ihnen geflohen sind.
Es gibt verschiedene Berichte von Frauen, die darauf hindeuten, dass die Botschaft Saudi-Arabiens in Berlin den 
Familien hilft, die Frauen in Deutschland zu finden. Einige vermuten sogar, dass Spione der Botschaft in Sachsen-
Anhalt die Frauen beschatten. Nichts davon ist bewiesen, aber ein solches Vorgehen wäre ein lebensbedrohliches 
Risiko für das Leben der Geflüchteten. Viele dieser Mädchen und Frauen erhalten Morddrohungen von ihren 
Familien. Und einige von ihnen wurden in Sachsen-Anhalt ausfindig gemacht - an dem Ort, wo sie sich endlich 
sicher fühlen sollten nach ihren langen und schrecklichen Erfahrungen.
Nachdem die Behörden nichts zur Verbesserung dieses Umstands beigetragen hatten, wandten sich einige der 
Frauen an die Säkulare Flüchtlingshilfe. Der Verein hat das Problem öffentlich gemacht und dafür gesorgt, dass 
zwölf Frauen aus Halberstadt in andere Städte verteilt wurden. Einige Mitglieder haben auch Geflüchtete bei sich 
zu Hause aufgenommen. Die aus Saudi-Arabien geflohene Menschenrechtlerin und Ex-Muslimin Rana Ahmed ist 
auch Mitglied in der Säkularen Flüchtlingshilfe und fordert mehr Hilfe für die Frauen. Sie sagte mir: ""Die Mehrheit 
hat Gewalt und sexuellen Missbrauch erlitten, die Frauen haben Depressionen und brauchen psychische und 
soziale Unterstützung.""
Ich habe viele Berichte gesehen, die eine Verschlechterung des psychischen Zustands nach der Flucht bestätigen. 
Die Frauen sind oft schwer traumatisiert, manche versuchen sich das Leben zu nehmen, denn sie verlieren jede 
Hoffnung. Ihr Leben ist bedroht und ihre Zukunft ungewiss. Sie kommen mit dem Traum von einem besseren Leben 
in Sicherheit und sind von der Realität vor Ort in Halberstadt schockiert. Einige berichteten von Rassismus und 
Diskriminierung durch die Mitarbeiter des Flüchtlingszentrums, die doch eigentlich vom Staat bezahlt werden, um 

Saudische Geflüchtete brauchen mehr Schutz
den Frauen zu helfen und sie zu schützen. Auch von Übergriffen im Camp durch Flüchtlinge aus anderen Ländern 
und durch Sicherheitskräfte wird berichtet.
Als ich meine Flucht nach Deutschland plante, habe ich im Internet von der Situation der weiblichen Flüchtlinge in 
Sachsen-Anhalt gelesen. Ich zögerte, ob Deutschland das richtige Zielland für mich ist. Die albtraumhafte 
Vorstellung, nach der Flucht in Deutschland von meiner Familie verfolgt und gefunden zu werden, war kaum zu 
ertragen, also traf ich extra Vorkehrungen.
Ich kontaktierte eine Anwältin, die mich schützen und dafür sorgen sollte, dass ich nicht dasselbe erlebe, wofür ich 
sehr dankbar bin. Nichtsdestoweniger hat meine Familie mich verfolgt und es geschafft, mich aufzuspüren. Es war 
schockierend, und es bestätigt auch meinen Verdacht, dass die Botschaft Saudi-Arabiens den Familien 
systematisch bei der Suche nach den Frauen und Mädchen hilft.
Flüchtlinge aus Saudi-Arabien haben das Recht auf Schutz. Die Behörden müssen ihre besonderen Bedürfnisse 
besser wahrnehmen. Die Umstände, die sie durchlitten haben, sind kaum vorstellbar. Sie haben es verdient, wie 
Menschen behandelt zu werden. Denn sie kommen nach Deutschland, weil sie der Regierung und den Behörden 
hier ihr Vertrauen schenken, weil sie glauben, hier endlich sicher zu sein vor der Gewalt ihrer Familien.
Nur weil die Zahl der in Deutschland ankommenden Saudis vergleichsweise klein ist, sind sie als Menschen doch 
nicht weniger bedeutsam. Es darf nicht dazu führen, dass ihre Fälle als nebensächlich abgehandelt und sie an 
einen Ort geschickt werden, an dem sie Diskriminierungen und Übergriffe zu befürchten haben. Sie sollten 
stattdessen besser geschützt werden und das Recht haben, dorthin zu ziehen, wo sie die besten Möglichkeiten für 
einen Neustart ihres Lebens haben.
 Khulud Alharthi, 24, ist 2019 aus Saudi-Arabien geflohen. Sie hat dem Islam abgeschworen. In WELT AM 
SONNTAG schreibt sie über ihren Weg in die Freiheit und darüber, was wir tun sollten, um unsere Werte zu 
verteidigen. Ihre Kolumne erscheint alle 14 Tage. 
Original Gesamtseiten-PDF"
2020-08,Main Corpus,2020-08(50).ZIP,Schmeckt nach Heimat Das Essen in Deutschland ist seit dem Flüchtlingssommer 2015 vielfältiger gewor(2).PDF,C:\PythonProjects\AfD-project\Corpora\Main Corpus\2020-08\raw_unarchive\Schmeckt nach Heimat Das Essen in Deutschland ist seit dem Flüchtlingssommer 2015 vielfältiger gewor(2).PDF,Schmeckt nach Heimat Das Essen in Deutschland ist seit dem Flüchtlingssommer 2015 vielfältiger geworden.,schmeckt nach heimat das essen in deutschland ist seit dem flüchtlingssommer 2015 vielfältiger geworden,Berliner Zeitung,berliner zeitung,21. August 2020,Jordan Raza,BERLIN; S. 11,540,3812,072362f1ed80052330b01705d1cdbea9722bacfc,exact_004,duplicate_exact,review,,no,,no,,,4760,no,,exact_004,,,"Petersiliensalat, Auberginen-Paste mit Granatapfel oder frittierte Bällchen aus Kichererbsen. Oder anders: Tabuleh, 
Baba Ghanoush und Falafel. Mit uns Flüchtlingen kamen auch viele neue Gerichte nach Deutschland , sagt der 
27-jährige Salah Dahhan, der 2015 von Syrien nach Deutschland floh und nun mit anderen Landsleuten im Berliner 
Imbiss Refueat arbeitet. Wir bringen arabisches Streetfood auf die Straße , sagt er. Damit sind sie nicht die 
Einzigen.
Deutschland sei schon immer ein Multi-Kulti-Land gewesen, die Esskultur sei jedoch seit dem Flüchtlingssommer 
2015 deutlich vielfältiger geworden, sagt Ragaei El Shamarka, Koch und Mitglied im Verband der Köche 
Deutschlands (VKD). Vor allem arabische Gerichte wie Okraschoten oder afrikanische Speisen wie die Würzsauce 
Chakalaka hätte man vor vielen Jahren nur in ausgewählten Märkten kaufen können. Und was früher Döner war, 
ist heute Schawarma ein arabisches Gericht aus Scheibenfleisch , sagt der gebürtige Ägypter.
Ein anstrengender Beruf
Die Vielfalt der kulinarischen Angebote in Deutschland sei einzigartig und auch den Mitarbeitern aus allen Nationen 
zu verdanken, betont auch die Geschäftsführerin des Deutschen Hotel- und Gaststättenverbandes (Dehoga), 
Sandra Warden. Wohl kaum eine Branche ist so international wie das Gastgewerbe. Mit Stand 31. Dezember 
2019 waren laut der Bundesagentur für Arbeit knapp 34 Prozent der sozialversicherungspflichtig Beschäftigten im 
Gastgewerbe ausländischer Herkunft. Zu ihnen zählen allerdings auch Zuwanderer, die nicht als Flüchtlinge 
kamen, sondern beispielsweise als Studenten, Ehepartner oder Erwerbsmigranten. 
Eine explizite Statistik, wie viele Geflüchtete im Gastgewerbe arbeiten, gibt es laut der Bundesagentur für Arbeit 
nicht. Unter den knapp 34 Prozent sind auch 13.783 Menschen aus Syrien. Acht von ihnen arbeiten bei Refueat in 
Berlin.
 Sie prägen die Essenskultur, indem sie Gerichte aus ihrer Heimat kochen , sagt Refueat-Geschäftsführer Aymann 
Azzawi, der selbst in Berlin geboren ist und syrische Wurzeln hat. Bei ihm können die Flüchtlinge die Tagesgerichte 
selbst wählen. Salah beispielsweise kocht am liebsten Muluchiya ein arabisches Gericht aus grünen 

Schmeckt nach Heimat Das Essen in Deutschland ist seit dem Flüchtlingssommer 2015 vielfältiger geworden. 
Und die Gastronomie-Branche bunter
spinatähnlichen Blättern, Jutenmalve, das er von zu Hause kennt. Das schmeckt den Deutschen , sagt Salah und 
lacht.
Eine Statistik, wie viele der Flüchtlinge sich in Deutschland für eine Ausbildung als Koch oder Köchin entscheiden, 
gibt es laut dem Bundesinstitut für Berufsbildung (BIBB) nicht. Der Kochverband beobachtet jedoch, dass nur 
wenige eine Ausbildung beginnen. Der körperlich anstrengende Beruf entspreche nicht immer den Erwartungen der 
jungen Menschen, sagt VKD-Präsident Richard Beck. Außerdem gingen einige davon aus, ein Studium absolvieren 
zu können. Sie wendeten sich nach der Integrationsphase von einer Ausbildung ab.
Vom Hobby zum Beruf
Von denjenigen, die dennoch eine Ausbildung beginnen, schaffen demnach viele den Abschluss nicht. Die 
Durchfallquote der Flüchtlinge in den Abschlussprüfungen zum Koch ist relativ hoch. Wer durchhält, hat oft mit der 
Theorie zu kämpfen, denn die Theorieprüfung braucht ein schulisches Niveau, das in einigen Ländern nicht 
gegeben ist , sagt Beck. Der fachpraktische Teil wiederum falle vielen leichter.
Vielen gelingt aber auch der Quereinstieg in den Kochberuf einer von ihnen ist Salah. Der Syrer ist eigentlich 
gelernter Kfz-Mechaniker. Kochen war für ihn früher nur ein Hobby. Seit fünf Monaten ist es nun mein Beruf , sagt 
Salah, der schon wieder hinter der Theke im Imbiss steht und die Bestellung des nächsten Kunden entgegennimmt. 
Er möchte den Falafel-Teller mit Tabuleh und Baba Ghanoush. (dpa)"
2020-08,Main Corpus,2020-08(50).ZIP,Schmeckt nach Heimat Das Essen in Deutschland ist seit dem Flüchtlingssommer 2015 vielfältiger gewor.PDF,C:\PythonProjects\AfD-project\Corpora\Main Corpus\2020-08\raw_unarchive\Schmeckt nach Heimat Das Essen in Deutschland ist seit dem Flüchtlingssommer 2015 vielfältiger gewor.PDF,Schmeckt nach Heimat; Das Essen in Deutschland ist seit dem Flüchtlingssommer 2015 vielfältiger geworden.,schmeckt nach heimat das essen in deutschland ist seit dem flüchtlingssommer 2015 vielfältiger geworden,Berliner Zeitung,berliner zeitung,21. August 2020,Jordan Raza,BERLIN; S. 11,540,3813,072362f1ed80052330b01705d1cdbea9722bacfc,exact_004,duplicate_exact,review,,no,,no,,,4761,no,,exact_004,,,"Petersiliensalat, Auberginen-Paste mit Granatapfel oder frittierte Bällchen aus Kichererbsen. Oder anders: Tabuleh, 
Baba Ghanoush und Falafel. Mit uns Flüchtlingen kamen auch viele neue Gerichte nach Deutschland , sagt der 
27-jährige Salah Dahhan, der 2015 von Syrien nach Deutschland floh und nun mit anderen Landsleuten im Berliner 
Imbiss Refueat arbeitet. Wir bringen arabisches Streetfood auf die Straße , sagt er. Damit sind sie nicht die 
Einzigen.
Deutschland sei schon immer ein Multi-Kulti-Land gewesen, die Esskultur sei jedoch seit dem Flüchtlingssommer 
2015 deutlich vielfältiger geworden, sagt Ragaei El Shamarka, Koch und Mitglied im Verband der Köche 
Deutschlands (VKD). Vor allem arabische Gerichte wie Okraschoten oder afrikanische Speisen wie die Würzsauce 
Chakalaka hätte man vor vielen Jahren nur in ausgewählten Märkten kaufen können. Und was früher Döner war, 
ist heute Schawarma ein arabisches Gericht aus Scheibenfleisch , sagt der gebürtige Ägypter.
Ein anstrengender Beruf
Die Vielfalt der kulinarischen Angebote in Deutschland sei einzigartig und auch den Mitarbeitern aus allen Nationen 
zu verdanken, betont auch die Geschäftsführerin des Deutschen Hotel- und Gaststättenverbandes (Dehoga), 
Sandra Warden. Wohl kaum eine Branche ist so international wie das Gastgewerbe. Mit Stand 31. Dezember 
2019 waren laut der Bundesagentur für Arbeit knapp 34 Prozent der sozialversicherungspflichtig Beschäftigten im 
Gastgewerbe ausländischer Herkunft. Zu ihnen zählen allerdings auch Zuwanderer, die nicht als Flüchtlinge 
kamen, sondern beispielsweise als Studenten, Ehepartner oder Erwerbsmigranten. 
Eine explizite Statistik, wie viele Geflüchtete im Gastgewerbe arbeiten, gibt es laut der Bundesagentur für Arbeit 
nicht. Unter den knapp 34 Prozent sind auch 13.783 Menschen aus Syrien. Acht von ihnen arbeiten bei Refueat in 
Berlin.
 Sie prägen die Essenskultur, indem sie Gerichte aus ihrer Heimat kochen , sagt Refueat-Geschäftsführer Aymann 
Azzawi, der selbst in Berlin geboren ist und syrische Wurzeln hat. Bei ihm können die Flüchtlinge die Tagesgerichte 
selbst wählen. Salah beispielsweise kocht am liebsten Muluchiya ein arabisches Gericht aus grünen 

Schmeckt nach Heimat; Das Essen in Deutschland ist seit dem Flüchtlingssommer 2015 vielfältiger geworden. 
Und die Gastronomie-Branche bunter
spinatähnlichen Blättern, Jutenmalve, das er von zu Hause kennt. Das schmeckt den Deutschen , sagt Salah und 
lacht.
Eine Statistik, wie viele der Flüchtlinge sich in Deutschland für eine Ausbildung als Koch oder Köchin entscheiden, 
gibt es laut dem Bundesinstitut für Berufsbildung (BIBB) nicht. Der Kochverband beobachtet jedoch, dass nur 
wenige eine Ausbildung beginnen. Der körperlich anstrengende Beruf entspreche nicht immer den Erwartungen der 
jungen Menschen, sagt VKD-Präsident Richard Beck. Außerdem gingen einige davon aus, ein Studium absolvieren 
zu können. Sie wendeten sich nach der Integrationsphase von einer Ausbildung ab.
Vom Hobby zum Beruf
Von denjenigen, die dennoch eine Ausbildung beginnen, schaffen demnach viele den Abschluss nicht. Die 
Durchfallquote der Flüchtlinge in den Abschlussprüfungen zum Koch ist relativ hoch. Wer durchhält, hat oft mit der 
Theorie zu kämpfen, denn die Theorieprüfung braucht ein schulisches Niveau, das in einigen Ländern nicht 
gegeben ist , sagt Beck. Der fachpraktische Teil wiederum falle vielen leichter.
Vielen gelingt aber auch der Quereinstieg in den Kochberuf einer von ihnen ist Salah. Der Syrer ist eigentlich 
gelernter Kfz-Mechaniker. Kochen war für ihn früher nur ein Hobby. Seit fünf Monaten ist es nun mein Beruf , sagt 
Salah, der schon wieder hinter der Theke im Imbiss steht und die Bestellung des nächsten Kunden entgegennimmt. 
Er möchte den Falafel-Teller mit Tabuleh und Baba Ghanoush. (dpa)"
2020-08,Main Corpus,2020-08(50).ZIP,Schmerzgriffe nur mit Ansage Gerichte erklären Göttinger Polizeieinsatz für rechtswidrig.PDF,C:\PythonProjects\AfD-project\Corpora\Main Corpus\2020-08\raw_unarchive\Schmerzgriffe nur mit Ansage Gerichte erklären Göttinger Polizeieinsatz für rechtswidrig.PDF,Schmerzgriffe nur mit Ansage; Gerichte erklären Göttinger Polizeieinsatz für rechtswidrig,schmerzgriffe nur mit ansage gerichte erklären göttinger polizeieinsatz für rechtswidrig,"taz, die tageszeitung",taz die tageszeitung,Samstag 22. August 2020,Reimar Paul,NORD AKTUELL; S. 54,275,2087,532d619c4db1a0b4c581443a9d83e8aca6fb0c79,,unique,keep,,no,,no,,,2967,no,,,,,"Ein ruppiger Einsatz der Göttinger Beweissicherungs- und Festnahmeeinheit (BFE) gegen Abschiebungsgegner im 
Frühjahr 2014 war rechtswidrig. Das hat jetzt das Niedersächsische Oberverwaltungsgericht (OVG) festgestellt. Es 
bestätigte eine Entscheidung des Verwaltungsgerichts (VG) Göttingen vom Mai 2019 und wies die Berufung der 
Polizei ab. Der OVG-Beschluss ist juristisch nicht mehr anfechtbar.
Am Morgen des 10. April 2014 hatten mehrere Dutzend Menschen gegen die Abschiebung eines Mannes aus 
Somalia protestiert und dabei das Treppenhaus des Gebäudes blockiert, in dem der Flüchtling wohnte. Die 
Göttinger BFE räumte die Treppe gewaltsam.
Mehr als ein Dutzend Menschen seien durch Faustschläge, Schmerzgriffe, Hundebisse und den Einsatz von 
Pfefferspray im geschlossenen Treppenhaus verletzt worden, berichteten damals Zeugen der taz. Die Grüne 
Jugend Göttingen beschrieb den Einsatz als beängstigend und vollkommen skrupellos . Mehrere Demonstranten 
hätten Beulen, Prellungen und Blutergüsse davongetragen. Die Abschiebung wurde unmittelbar nach dem Einsatz 
abgebrochen.
Die Klage eines heute 28-jährigen er hatte sich an den Protesten beteiligt richtete sich gegen den nicht 
angekündigten Einsatz von Reizgas im Treppenhaus sowie gegen Schmerzgriffe und Faustschläge gegen seinen 
Kopf. Der Mann verlor das Bewusstsein und musste von Sanitätern behandelt werden.
Dieses Vorgehen sei rechtswidrig gewesen, befand schon das Verwaltungsgericht. Und zwar schon aus formalen 
Gründen: Die Polizei hätte ankündigen müssen, dass sie die Nervendrucktechnik anwenden und Demonstranten 
Schmerzen zufügen wolle. Die Einschätzung des Verwaltungsgerichts wurde jetzt vom OVG bestätigt.
Zu der Frage, ob Reizgas in geschlossenen Räumen sowie Schmerzgriffe und Faustschläge überhaupt 
verhältnismäßig sind, um eine Blockade aufzulösen, äußerten sich die Gerichte nicht. Das Thema ist aber nicht 
vom Tisch. Der Anwalt Sven Adam kündigte eine Schmerzensgeldklage seines Mandanten an. Reimar Paul

Schmerzgriffe nur mit Ansage; Gerichte erklären Göttinger Polizeieinsatz für rechtswidrig"
2020-08,Main Corpus,2020-08(50).ZIP,"Schwächen der Migrationspolitik Ein Gemisch aus Abschiebungsdefizit, mangelnder Einreisesteuerung un.PDF","C:\PythonProjects\AfD-project\Corpora\Main Corpus\2020-08\raw_unarchive\Schwächen der Migrationspolitik Ein Gemisch aus Abschiebungsdefizit, mangelnder Einreisesteuerung un.PDF","Schwächen der Migrationspolitik; Ein Gemisch aus Abschiebungsdefizit, mangelnder Einreisesteuerung und",schwächen der migrationspolitik ein gemisch aus abschiebungsdefizit mangelnder einreisesteuerung und,Die Welt,die welt,Dienstag 25. August 2020,Marcel Leubecher,Politik; S. 5; Ausg. 198,1050,7897,47a211046106f015ce828457ecbd9defbf81f4b2,,unique,keep,,no,,no,,,9188,no,,,,,"Wie nach jeder schweren Straftat stellen sich auch nach dem jüngsten Terroranschlag in Berlin Fragen. Vor allem: 
Warum konnte das passieren - und was wäre zu tun, um die Wahrscheinlichkeit für solche Taten künftig zu 
reduzieren?
Eine gleichermaßen banale wie wahre Antwort lässt sich jetzt schon geben: Der abgelehnte Asylbewerber konnte 
auf der Berliner Autobahn gezielt mit einem Auto Fahrzeuge rammen, Jagd auf Motorräder machen und drei 
Menschen schwer verletzen, weil er in Deutschland lebte und nicht abgeschoben worden war.
Doch warum wurde er nicht abgeschoben? Der Berliner Innensenator Andreas Geisel (SPD) begründete im 
Abgeordnetenhaus die Duldung des Täters in Deutschland mit einem Zirkelschluss: Der Attentäter sei nach der 
Ablehnung seines Asylantrages 2017 nicht abgeschoben worden, weil Deutschland eben seit Jahren abgesehen 
von Schwerkriminellen keine Menschen in den Irak zurückschicke. Die vor dem Anschlag vorliegenden 
Erkenntnisse über den 30-Jährigen seien dafür nicht ausreichend gewesen. Er sei lediglich wegen 
Körperverletzung und Widerstands gegen Vollstreckungsbeamte in Erscheinung getreten.
Die Einschätzung, dass der Irak nach der Entmachtung des Islamischen Staates noch immer zu unsicher sei, um 
abgelehnte Asylbewerber abgesehen von Schwerkriminellen und terroristischen Gefährdern abzuschieben, trifft die 
Bundesregierung vor allem auf Grundlage regelmäßiger Lageanalysen des Auswärtigen Amtes. Doch sprechen 
mehrere Argumente gegen diese Einschätzung. Zum einen hoben bis zur Corona-Pandemie täglich Maschinen in 
Richtung Bagdad aus der Bundesrepublik ab, wie man auf den Startplänen der großen Flughäfen ablesen kann. 
Auch kehrten seit 2016 mehrere Tausend Iraker jährlich mit den geförderten freiwilligen Ausreisen in ihre Heimat 
zurück. Und vor allem spricht die Asylstatistik des Bundesamtes für Migration und Flüchtlinge (BAMF) eine 
eindeutige Sprache: Seit Jahren werden weniger als die Hälfte der hier ankommenden Iraker als schutzberechtigt 
anerkannt. Im vergangenen Jahr waren es rund 35Prozent. Das BAMF und anschließend meist die 
Verwaltungsgerichte kommen also auf Grundlage ihrer Informationen, die sich ebenfalls maßgeblich auf die 

Schwächen der Migrationspolitik; Ein Gemisch aus Abschiebungsdefizit, mangelnder Einreisesteuerung und 
fahrlässigem Umgang mit der Identitätsfeststellung verurs....
Lageberichte des Auswärtigen Amtes beziehen, zu dem Ergebnis, dass mehrheitlich weder Verfolgung noch 
Gefechtsgefahr noch andere triftige Gefahren für Leib und Leben drohen.
Erhellend ist ein etwas genauerer Blick in die Entscheidungsstatistik des BAMF: So entschied das Amt in diesem 
Jahr bis Ende Juli über die Asylanträge von 8431 Irakern. Elf von ihnen erhielten Asyl, das sind nur jene wenigen 
Verfolgten, die vorher noch in keinem sicheren Drittstaat waren. Weitere 2113 erhielten Flüchtlingsschutz, das sind 
ebenfalls individuell Verfolgte, die allerdings über als sicher klassifizierte Staaten nach Deutschland einreisten. Nur 
330 erhielten den sogenannten subsidiären Schutz, das sind umgangssprachlich Kriegsflüchtlinge, die also nicht 
persönlich verfolgt werden, die aber wegen der allgemeinen Gefechtslage in ihrer Herkunftsregion fliehen mussten. 
Weitere 450 erhielten schließlich einen Abschiebungsschutz, diesen Titel bekommt, wer weder verfolgt noch von 
Gefechten bedroht ist, bei dem aber andere gewichtige Gefahr droht. 3244 wurden abgelehnt, und bei weiteren 
2283 endete der Asylantrag ebenfalls negativ, wegen einer sonstigen Verfahrenserledigung, etwa weil der Antrag 
zurückgezogen wurde oder der Antragssteller nicht mehr auffindbar ist.
Aus der Statistik wird deutlich, dass die ankommenden Iraker meist nicht als schutzberechtigt anerkannt werden, 
die abgelehnten Asylbewerber allerdings auf Grundlage derselben Erkenntnisse nicht abgeschoben werden.
Kurz zusammengefasst: Das BAMF erkennt nur in einem Bruchteil der Anträge von Irakern, dass erhebliche Kriegs- 
oder Terrorgefahren drohen, und sieht auch nur wenige sonstige Gefahren. Trotzdem geht die Bundesregierung 
immer noch davon aus, dass die Sicherheitslage zu fragil ist, um abgelehnte Asylbewerber abzuschieben - 
abgesehen von Schwerkriminellen und Gefährdern. Bei diesen Extremfällen gewichtet das Gesetz das 
Sicherheitsinteresse der Bundesrepublik an der Ausreise höher als das Interesse des Ausländers am Verbleib.
Abgesehen von diesem Abschiebungsdefizit spielt bei dem Berliner Attentäter auch noch eine Rolle, dass seine 
Identität bis heute nicht glaubhaft geklärt wurde. Näheres werden die Ermittlungen der kommenden Wochen 
ergeben, der Innenausschuss des Bundestages wird sich nach WELT-Informationen am 9. September mit dem Fall 
befassen. Dass es dort noch Bedarf an Aufklärung gibt, macht die Aussage von Innensenator Geisel klar, der vor 
dem Senat bezüglich der Identitätsfeststellungsschwierigkeiten die Fahrlässigkeit offenbarte, mit der immer noch 
auf diesem Feld agiert wird: ""Die Situation ist tatsächlich so, dass wir uns auf die Schilderungen des Täters 
beziehen, der geschildert hat, dass er aus dem Irak stammt"", sagte der SPD-Politiker. ""Da er aber über keinen 
Pass verfügt"" habe, seien ""entsprechende Nachweise in den letzten Jahren nicht verifiziert worden"".
Nach wie vor kommen mehr als die Hälfte aller einreisenden volljährigen Asylbewerber ohne Identitätspapiere an, 
deswegen ist bis heute die mangelnde Identitätsfeststellung samt den Folgeproblemen bei der Beschaffung von 
Reisepapieren und der Rücknahmebereitschaft der Herkunftsländer das Haupthindernis bei der Rückführung der 
inzwischen mehr als 270.000 ausreisepflichtigen Ausländer. Mehr als 220.000 von ihnen sind geduldet, so wie der 
polizeibekannte Islamist, der vergangene Woche den Terroranschlag verübte.
Doch warum lebte der Iraker überhaupt hier? Weil er 2016 unerlaubt einreiste und die Bundesregierung damals wie 
heute unerlaubte Einreisen in der Regel nicht verhindert, sobald jemand angibt, Schutz zu suchen. Klassischen 
Grenzschutz mit Zurückweisungen von Asylbewerbern lehnt die Bundesregierung ab, weil die Befürchtung groß ist, 
dass stationäre Grenzkontrollen das Bestehen der EU gefährden könnten.
Weil Schwarz-Rot die unerlaubte Einreise von schon in sicheren Staaten befindlichen Schutzsuchenden nicht 
verhindern möchte, hatten Unionspolitiker im Vorlauf des vor einem Jahr verabschiedeten Gesetzespakets zur 
Migrationspolitik darauf gedrungen, unerlaubt nach Deutschland weiterreisende Asylbewerber von Sozialleistungen 
auszuschließen. Dieser Vorstoß fand aber in der Koalition keine Mehrheit.
Bleibt also nach wie vor nur das, was auch bei dem Berliner Attentäter damals eigentlich möglich gewesen wäre: 
nämlich unerlaubt eingereiste Asylbewerber in den zuständigen Staat zurückzubringen, so wie es die Dublin-
Verordnung vorsieht. Der Iraker hatte, bevor er am 16. März 2016 einreiste, schon in Finnland Asyl beantragt, 
dorthin wurde er aber nicht innerhalb der geltenden Sechs-Monats-Frist zurückgebracht - weswegen das Verfahren 
auf Deutschland überging. Bis heute gelang es aber trotz aller Anstrengungen nicht, die Dublin-Überstellungen in 
Schwächen der Migrationspolitik; Ein Gemisch aus Abschiebungsdefizit, mangelnder Einreisesteuerung und 
fahrlässigem Umgang mit der Identitätsfeststellung verurs....
relevantem Umfang zu steigern. Und von jenen wenigen Tausend Migranten, bei denen es jährlich gelingt, reist 
ungefähr jeder Dritte später erneut unerlaubt nach Deutschland, wie WELT AM SONNTAG recherchiert hatte.
Aktuell hat die Bundesregierung aber keine Maßnahmen angekündigt, um an den genannten 
Möglichkeitsbedingungen solcher Taten wie in Berlin wesentliche Änderungen vorzunehmen.
Original Gesamtseiten-PDF
Graphic
 
Das Bild nach dem Anschlag auf der Berliner A100: Ein Polizist vor einem Autowrack, nachdem der Attentäter 
absichtlich Autos gerammt und Motorradfahrer gejagt hatte"
2020-08,Main Corpus,2020-08(50).ZIP,Sehenden Auges in die Krise Flüchtlinge Als vor fünf Jahren immer mehr Menschen nach Deutschland str.PDF,C:\PythonProjects\AfD-project\Corpora\Main Corpus\2020-08\raw_unarchive\Sehenden Auges in die Krise Flüchtlinge Als vor fünf Jahren immer mehr Menschen nach Deutschland str.PDF,Sehenden Auges in die Krise Flüchtlinge Als vor fünf Jahren immer mehr Menschen nach Deutschland,sehenden auges in die krise flüchtlinge als vor fünf jahren immer mehr menschen nach deutschland,Südwest Presse,südwest presse,Dienstag 25. August 2020,,POLITIK; S. 3; Band 76; Ausg. 196,847,5701,47b5c10c5b0075ddd9f8333290617fd4e192305f,,unique,keep,,no,,no,,,7746,no,,,,,"Wir schaffen das.“ Diese drei Worte von Bundeskanzlerin Angela Merkel stehen wie wenige für das Drama, in 
dessen Strudel auch Deutschland vor genau fünf Jahren gezogen wird. Innerhalb weniger Wochen stellen 
hunderttausende Ankommende aus Syrien, Irak, Afghanistan und Dutzenden anderen Ländern das Projekt des 
zusammenwachsenden Europas auf eine seiner größten Proben und führen die Bundesrepublik an ihre 
Belastungsgrenze. Noch heute sind die Verwerfungen in Gesellschaft und Politik zu spüren, die der 
Massenansturm ausgelöst hat: ein Land zwischen Willkommenskultur und Fremdenhass. Mit dem Abstand der fünf 
Jahre stellt sich die Frage: „Haben wir das geschafft?“ In unserer Serie wollen wir diese Frage beantworten.
Die Nacht, in der die deutsche Nationalelf Polen mit 3:1 bezwang, war keine normale für die deutsche 
Bundeskanzlerin. Es war die Nacht vom 4. zum 5. September 2015, als Angela Merkel einen Schritt tat, der in die 
deutsche Geschichte einging. Sie öffnete die Grenzen für Tausende Flüchtlinge, die in der ungarischen Hauptstadt 
Budapest unter unwürdigen Umständen hausten und sich schließlich zu Fuß auf den Weg Richtung Deutschland 
machten.
Der Druck hatte sich über Monate und Jahre aufgebaut. Er wurde genährt von Bildern überladener Schlauchboote, 
die auf offenem Meer kenterten. Von Menschen, die in orangefarbenen Rettungswesten auf dem Wasser trieben – 
im zentralen Mittelmeer und der Ägäis. Von Menschenschlangen, die sich von Griechenland quer durch 
Südosteuropa bis nach Ungarn zogen. Von dem Laster, in dessen Inneren am 27. August auf einem 
österreichischen Parkplatz 71 erstickte Flüchtlinge gefunden wurden. Und vom zweijährigen Alan Kurdi. Ein 
syrischer Junge, der im weichen Sand der türkischen Küste liegt, als würde er schlafen. Doch er schlief nicht. Er 
hatte die gefährliche Überfahrt von der türkischen Küste auf die griechischen Inseln nicht überlebt. Fast 3800 
Menschen verloren nach einer UN-Zählung im Jahr 2015 ihr Leben im Mittelmeer. Und das waren nur diejenigen, 
von denen die Welt erfuhr.
Es hatte rechtzeitig warnende Stimmen gegeben, was sich da vor den Toren Europas anbahnte, wie im Rückblick 
auch der CDU-Außenpolitiker Norbert Röttgen einräumt. „Die Flüchtlingskrise ist ja nicht vom Himmel gefallen“, 

Sehenden Auges in die Krise Flüchtlinge Als vor fünf Jahren immer mehr Menschen nach Deutschland 
strömten, kam das nicht von ungefähr. Warnzeichen gab es seit J....
sagte er in einem Interview dieser Zeitung. „Hier offenbarte sich eine Ignoranz, als wir dem Ruf der 
Hilfsorganisationen nicht genügend Gehör geschenkt haben.“
Wie stark der Sog Europas war, hatte man ahnen können, als man in den Jahren zuvor beobachtet hatte, wie 
afrikanische Flüchtlinge die Zäune der spanischen Exklaven Ceuta und Melilla am nördlichen Rand Marokkos 
erklommen. Im Jahr 2013 ertranken 366 Menschen, als ihr Kutter vor der italienischen Insel Lampedusa sank. Im 
Jahr darauf machten sich dem UN-Flüchtlingshilfswerks zufolge bereits fast 230 000 Menschen über das 
Mittelmeer in Richtung Europa auf.
Nicht nur der Arabische Frühling mit seinen teils bürgerkriegsähnlichen Zuständen hat seit 2011 eine 
Flüchtlingswelle ausgelöst. Auch Libyen ist im Chaos versunken. Und in Syrien tobt seit 2011 ein Bürgerkrieg, der 
mehr als sechs Millionen Menschen in die Flucht trieb.
Von den griechischen Ägäis-Inseln melden die Behörden einen ungekannten Ansturm. Italien und Griechenland 
dringen seit Jahren in Brüssel darauf, dass die Europäische Union ihnen einen Teil der ankommenden Menschen 
abnehmen soll. Doch bei den Regierungen der meisten EU-Staaten stoßen sie auf taube Ohren, auch bei Angela 
Merkel. Bis sie sich angesichts der quer durch Ungarn marschierenden Flüchtlinge in der Nacht zum 5. September 
dazu entschließt, sie als humanitäre Geste aufzunehmen.
In Absprache mit Ungarns Ministerpräsident Viktor Orban und dem österreichischen Bundeskanzler Werner 
Faymann kommen an diesem Wochenende allein 22 000 Menschen in München an – stürmisch begrüßt von 
Freiwilligen, die alle Ankommenden mit Beifall, Blumen, Plüschtieren, Kleidung und Essen willkommen heißen. Die 
Bilder gehen um die Welt – die „Willkommenskultur“ ist geboren. In den folgenden Tagen werden Selfies von 
Merkel folgen, die sie mit Flüchtlingen in einem Heim in Berlin-Spandau zeigen. Zugleich spricht sich herum, dass 
Syrern in Deutschland ohne große Formalitäten Aufnahme gewährt wird. Der Zulauf von Menschen nimmt weiter 
zu.
Als die Bundesregierung am 13. September vor der Frage steht, die Grenzen wieder dicht zu machen und 
Asylbewerber dort abzuweisen, entscheidet sich Merkel dagegen. So werden im Jahr 2015 insgesamt 890 000 
Flüchtlinge nach Deutschland kommen, und im Jahr darauf noch einmal 280 000. Ihre Unterbringung wird zum 
Stresstest für Deutschlands Kommunen, ihre Integration ebenso. Das alles ist noch nicht abzusehen, als Merkel am 
31. August in ihrer Sommerpressekonferenz den Satz sagt, der ihr bis heute nachhängt: „Wir schaffen das.“
Sehenden Auges in die Krise Flüchtlinge Als vor fünf Jahren immer mehr Menschen nach Deutschland 
strömten, kam das nicht von ungefähr. Warnzeichen gab es seit J....

Sehenden Auges in die Krise Flüchtlinge Als vor fünf Jahren immer mehr Menschen nach Deutschland 
strömten, kam das nicht von ungefähr. Warnzeichen gab es seit J....
Link zum PDF-Dokument
Link zum PDF-Dokument
Graphic
 
Ein Selfie, das in die Geschichte einging: Kanzlerin Angela Merkel lässt sich im September 2015 in Berlin mit einem 
Flüchtling fotografieren. Foto: Bernd von Jutrczenka/dpa
Ein Bild, das für Entsetzen sorgte: Der kleine Syrer Alan Kurdi wird tot in der Türkei angeschwemmt. 
Foto:EPA/Dogan News Agency/dpa"
2020-08,Main Corpus,2020-08(50).ZIP,Sein Chef gibt ihn so schnell nicht wieder her Flüchtlinge In Hude Mohamad Hosaini ist Schuhmacher a.PDF,C:\PythonProjects\AfD-project\Corpora\Main Corpus\2020-08\raw_unarchive\Sein Chef gibt ihn so schnell nicht wieder her Flüchtlinge In Hude Mohamad Hosaini ist Schuhmacher a.PDF,Sein Chef gibt ihn so schnell nicht wieder her Flüchtlinge In Hude Mohamad Hosaini ist Schuhmacher aus,sein chef gibt ihn so schnell nicht wieder her flüchtlinge in hude mohamad hosaini ist schuhmacher aus,Nordwest-Zeitung,nordwestzeitung,03. August 2020,,HUDE; S. 13,491,3269,452cc568caa592d153fd6c28583994d26d3d10e2,,unique,keep,,no,,no,,,4342,no,,,,,"Hude/Bremen - Er ist eine Spitzenkraft. Unheimlich verantwortungsbewusst und rundherum ein ganz toller Kollege 
, sagt Andree Marten. Er ist voll des Lobes über seinen Mitarbeiter und will den Mann auch nicht wieder hergeben. 
Marten, Inhaber eines Orthopädieservices in Bremen, hat jahrelang vergeblich versucht, europaweit über das 
Arbeitsamt einen fähigen Schuh- und Schäftemacher zu finden, der sein Handwerk versteht. Doch diese Menschen 
sind rar.
Seit 2015 in Hude
Mehr durch Zufall traf er dann auf Mohamad Hosaini aus Hude. Der 49-Jährige aus Afghanistan hatte mit seiner 
Familie im Iran gelebt und war 2015 dann über die Türkei und in einem Schlauchboot über das Mittelmeer als 
Flüchtling in Deutschland und schließlich in Hude gelandet. Erst waren sie in der Jugendherberge untergebracht, 
später bekam die Familie eine Wohnung in Hude-Süd zugewiesen, wo sie auch heute noch lebt.
Mohamad Hosaini hatte, so erzählt er, schon gut 25 Jahre als Schuhmacher gearbeitet. Und auch in Deutschland 
wollte er unbedingt wieder in diesem Beruf tätig werden, erzählt.
Er machte Deutschkurse, auch einen Sprachkursus mit verpflichtenden Berufspraktika bei einem Schuhmacher. 
Und am Ende trafen Andree Marten und Mohamad Hosaini eines Tages bei einem anderen Schuhmacherkollegen 
aufeinander.

Sein Chef gibt ihn so schnell nicht wieder her Flüchtlinge In Hude Mohamad Hosaini ist Schuhmacher aus 
Leidenschaft Feste Anstellung in Bremen
Voll des Lobes
Mohamad Hosaini beherrsche sein Handwerk wie kein anderer, sagt Andree Marten. Bei der individuellen 
Maßanfertigung von Schuhen komme es schließlich auf den Millimeter an. Der Schäftemacher fertigt die Oberteile 
von Schuhen. Nach den Maßen der Füße legt er Schnittmuster an, schneidet Leder und Stoffe zu und näht diese 
zusammen. Präzision ist dabei das A & O, damit die handgefertigten Schuhe dem Kunden dann auch passen.
Andree Marten stellte Mohamad Hosaini im vergangenen Juni mit einem unbefristeten Vertrag ein. Schon bald soll 
Hosaini die Leitung der Abteilung zur Fertigung der Schuhoberteile übernehmen, wünscht sich sein Chef. Weitere 
Fachkräfte würden dringend gesucht, die dann unter der Regie von Mohamad Hosaini arbeiten sollen.
Für Mohamad Hosaini und seine Familie ist das Anerkennungsverfahren als Flüchtling noch nicht abgeschlossen. 
Ich werde alles daran setzen, dass er hier bleiben kann , sagt sein Chef in Bremen. Den Mann könne man ihm nicht 
wegnehmen. Ersatz lasse sich nicht finden.
Hosaini ist mit Frau und drei Kindern nach Deutschland gekommen. Ein viertes Kind wurde hier geboren. Die 
älteren Kinder besuchen die Schule in Hude, sind aktiv in den örtlichen Vereinen. Ehefrau Maryam (36) möchte 
auch gerne arbeiten, wenn das jüngste Kind größer ist, sagt der Familienvater.
Netzwerk Asyl
Die Huderin Karin Rohde vom ehrenamtlichen Netzwerk Asyl betreut die Familie und freut sich, dass Mohamad den 
Job in Bremen gefunden hat, der ihm so viel Freude macht. Da war er sehr hartnäckig. Er wollte auch nichts 
anderes machen , sagt Karin Rohde. Ich liebe diese Arbeit , sagt der Schuhmacher aus Leidenschaft.
PDF-Datei dieses Dokuments

Sein Chef gibt ihn so schnell nicht wieder her Flüchtlinge In Hude Mohamad Hosaini ist Schuhmacher aus 
Leidenschaft Feste Anstellung in Bremen"
2020-08,Main Corpus,2020-08(50).ZIP,Unter einem Dach Wer kümmert sich künftig um Wohnungslose_ Streit um Standort für gesamtstädtische S.PDF,C:\PythonProjects\AfD-project\Corpora\Main Corpus\2020-08\raw_unarchive\Unter einem Dach Wer kümmert sich künftig um Wohnungslose_ Streit um Standort für gesamtstädtische S.PDF,Unter einem Dach Wer kümmert sich künftig um Wohnungslose? Streit um Standort für gesamtstädtische,unter einem dach wer kümmert sich künftig um wohnungslose streit um standort für gesamtstädtische,Der Tagesspiegel,der tagesspiegel,Donnerstag 13. August 2020,,BERLIN FQT:SPÄT; S. 008; Ausg. Der Tagesspiegel Nr. 24269 VOM 13.08.2020 SEITE 008,487,3822,21d7157269ef5d88028376f565530b1d1e8cb5e8,,unique,keep,,no,,no,,,4676,no,,,,,"Sozialsenatorin Elke Breitenbach (Linke) will das Verfahren bei der Unterbringung wohnungsloser Menschen in 
Berlin verbessern und zentral steuern. ""Wir wollen eine qualitative Verbesserung der Unterbringung von 
Geflüchteten und Wohnungslosen mit und ohne Flüchtlingshintergrund"", sagte Breitenbach am Mittwoch. Noch ist 
offen, welche Behörde die gesamtstädtische Steuerung der Unterbringung übernimmt. Darüber würden nun 
""Diskussionsprozesse"" beginnen, sagte Breitenbach. Im Gespräch sind das 2015 während der Flüchtlingskrise in 
die Schlagzeilen geratene Landesamt für Gesundheit und Soziales (Lageso) und das 2016 geschaffene Landesamt 
für Flüchtlingsangelegenheiten (LAF). Und dort gibt es Widerstand.
Eine Entscheidung gebe es noch nicht, betonte Breitenbach. Trotzdem sind Mitarbeiter im LAF alarmiert. Das LAF 
mit seinen 530 Mitarbeitern übernimmt die Registrierung, medizinische Versorgung und Unterbringung der 
Flüchtlinge, die in neun Aufnahmeeinrichtungen und 75 Gemeinschaftsunterkünften untergebracht werden. In den 
Aufnahmeeinrichtungen leben zurzeit 2000 Schutzsuchende, in den Gemeinschaftsunterkünften rund 18 000 
Flüchtlinge. Darunter sind rund 10 000 Flüchtlinge, die bereits einen anerkannten Status haben. LAF-Mitarbeiter 
achten auch auf die Qualitätssicherung in den Unterkünften.
Sollte das Lageso die Steuerung der Unterbringung übernehmen, befürchten Mitarbeiter eine Zerschlagung des 
Landesamtes. Denn rund 170 Mitarbeiter, die bisher für die Unterbringung verantwortlich sind, müssten ins Lageso 
wechseln. Was im LAF bliebe, wäre lediglich ein Rumpfgerüst. Man sei ein ""funktionierendes System für die 
Betreuung von Geflüchteten"", heißt es aus dem LAF. Warum solle man diese Aufgabe abgeben.
Auch wenn Breitenbach betont, dass es noch keine Entscheidung gibt: In einem Gesetzesentwurf über die 
Änderung des bisher geltenden Gesetzes über das LAF , der dem Tagesspiegel vorliegt, steht in der Begründung, 
dass das Lageso für ""Aufgaben zuständig"" sein solle, ""die im Zuge der gesamtstädtischen Steuerung"" von 
wohnungslosen Menschen durchzuführen seien. Dazu zählten auch die Bereitstellung von Plätzen in 
Gemeinschaftsunterkünften. Das LAF sei ""hinsichtlich der Unterbringung insoweit zuständig"", als die Behörde nur 
noch die Zuweisung eines Platzes in einer Unterkunft vornehme. Die Verantwortung für die 
Gemeinschaftsunterkünfte soll demnach aufs Lageso übergehen. Derzeit arbeiten dort rund 900 Beschäftigte.

Unter einem Dach Wer kümmert sich künftig um Wohnungslose? Streit um Standort für gesamtstädtische 
Steuerung
Breitenbach sagte, sie habe keinen möglichen Gesetzesentwurf unterschrieben und warte den Diskussionsprozess 
ab. Letztendlich darüber entscheiden werde das Abgeordnetenhaus.
Eine Steuerung für ganz Berlin aus einer Hand soll verhindern, dass Betroffene von den Bezirken oft dort 
untergebracht würden, wo ein Platz frei sei, sagte die Linke-Politikerin am Mittwoch. ""Es gibt dabei einen 
unglaublichen Wildwuchs."" Teils laufe die Unterbringung ohne vertragliche Grundlage und ohne Qualitätsstandards 
ab. Geplant sei nun eine ""gesamtstädtische Steuerung"" über Bezirks- und Behördengrenzen hinweg. Dabei seien 
einheitliche Qualitätskriterien vorgesehen, um Wohnungslose gezielter und vor allem nach ihren individuellen 
Bedürfnissen unterzubringen.
Nach Angaben von Breitenbachs Staatssekretär Alexander Fischer wurde für das Verfahren eine Software 
entwickelt. Auf diese Weise soll jede Bezirks- und Landesbehörde per Knopfdruck feststellen können, welche 
Unterkunft mit welchen Hilfs- und Betreuungsangeboten verfügbar ist. Das digitale System habe einen ersten 
Testdurchlauf erfolgreich überstanden. Ab Februar 2021 plant die Sozialverwaltung einen ersten Modellversuch in 
der Praxis. Sabine Beikler
Graphic
 
Foto: Paul Zinken / dpa
Breitenbach R"
2020-08,Main Corpus,2020-08(50).ZIP,"Von Willkommensein bis Obergrenze Migration Auch wenn der humanitäre Anspruch eingelöst wurde, bleib.PDF","C:\PythonProjects\AfD-project\Corpora\Main Corpus\2020-08\raw_unarchive\Von Willkommensein bis Obergrenze Migration Auch wenn der humanitäre Anspruch eingelöst wurde, bleib.PDF","Von Willkommensein bis Obergrenze Migration Auch wenn der humanitäre Anspruch eingelöst wurde, bleiben",von willkommensein bis obergrenze migration auch wenn der humanitäre anspruch eingelöst wurde bleiben,Nordwest-Zeitung,nordwestzeitung,31. August 2020,,HINTERGRUND; S. 4,474,3422,e4c4d4d82c16c88040cbb6c422652068a63c3699,,unique,keep,,no,,no,,,5203,no,,,,,"Berlin - Als Bundeskanzlerin Angela Merkel (CDU) am 31. August 2015 vor der Bundespressekonferenz fast 
beiläufig Wir schaffen das! sagte, ahnte sie wohl kaum, wie sehr sich an dieser Aussage die Geister scheiden 
würden. Die eigentliche Zäsur fand wenige Tage darauf statt: in der Nacht vom 4. auf den 5. September. Nach 
einem aufreibenden 16-Stunden-Tag entschloss sich die Kanzlerin unter dem Druck der Ereignisse Tausende 
vorrangig syrische Flüchtlinge, die in Ungarn festsaßen, in Zügen nach Deutschland zu holen. Kritiker bewerteten 
dies als Merkels Grenzöffnung .
Spätestens damit wurde die Versicherung Wir schaffen das! zum Gradmesser ihrer Flüchtlingspolitik zugleich 
aber auch zur Handlungsmaxime Hunderttausender freiwilliger Helfer. Bereits am 19. August hatte die Regierung 
ihre Flüchtlingsprognosen auf 800 000 Ankommende für das laufende Jahr hochgesetzt. Bis Mitte 2016 sollten es 
rund 1,4 Millionen werden. Doch bei der besagten Pressekonferenz in Berlin stand die Flüchtlingskrise gar nicht im 
Mittelpunkt, sondern die Zukunft des Euroraumes.
Dabei war die Fluchtbewegung längst absehbar und Europa war daran nicht unbeteiligt. Der Bürgerkrieg in Syrien 
spitzte sich zu. Millionen Menschen flohen oder wurden vertrieben. Das hinderte die EU nicht, ihre Finanzzusagen 
für das UN-Flüchtlingshilfswerk UNHCR zu kürzen, ohne eine Perspektive für eine gemeinsame Flüchtlingspolitik 
zu entwickeln. Hinzu kamen Schutzsuchende aus dem Irak, Afghanistan, Eritrea und Nordafrika. Sie alle strebten 
nach Mitteleuropa, vor allem über die Ägäis und die sogenannte Balkanroute. Im Sommer staute sich der Tross 

Von Willkommensein bis Obergrenze Migration Auch wenn der humanitäre Anspruch eingelöst wurde, bleiben 
Grundprobleme ungelöst
zunächst in Ungarn, bis sich am 4. August Tausende mit dem March of hope (Marsch der Hoffnung) über die 
Autobahn Richtung Österreich und Deutschland auf den Weg machten.
Allein am Wochenende nach Merkels Entscheidung trafen gut 20 000 Flüchtlinge auf dem Münchner Hauptbahnhof 
ein. Sie waren herzlich von spontan hilfsbereiten Bürgern empfangen worden.
Im Jahr 2015 waren insgesamt 890 000 Menschen in Zelten, Turnhallen, Schulen oder Landschulheimen 
untergekommen. Über Nacht hatten Malteser oder das Technische Hilfswerk Unterkünfte gebaut. Bürger spendeten 
ihre Kleider, sie boten Deutschunterricht, Hilfe bei Behördengängen oder gar Unterkunft an.
Die beispiellose Welle der Hilfsbereitschaft, die schon bald als Willkommenskultur betitelt wurde, nährte die 
Zuversicht, dass die Herausforderung zu bewältigen sei. Doch Merkels Entscheidung polarisierte die Gesellschaft. 
Zu den Skeptikern gehörte Bayerns damaliger Ministerpräsident Horst Seehofer (CSU). Für ihn war die 
Grenzöffnung schon am Tag danach ein Fehler.
Aus den Vorwürfen von Kontrollverlust und Staatsversagen konnte wiederum die fast abgeschriebene AfD neue 
Kraft schöpfen und sich binnen weniger Jahre zur größten Oppositionspartei im Bundestag entwickeln. Zu den 
Schattenseiten gehören auch Hass und Hetze. Allein für 2015 registrierten die Sicherheitsbehörden über 1000 
Angriffe auf Asylunterkünfte, darunter mehr als 90 Brandstiftungen.
Auf die teils harsche Kritik gab sich Merkel selbstbewusst: Wenn wir jetzt anfangen, uns noch entschuldigen zu 
müssen dafür, dass wir in Notsituationen ein freundliches Gesicht zeigen, dann ist das nicht mehr mein Land. 
PDF-Datei dieses Dokuments"
2020-08,Main Corpus,2020-08(50).ZIP,Wer ist _Wir__.PDF,C:\PythonProjects\AfD-project\Corpora\Main Corpus\2020-08\raw_unarchive\Wer ist _Wir__.PDF,"Wer ist ""Wir""?",wer ist wir,Frankfurter Rundschau,frankfurter rundschau,Samstag 29. August 2020,,MEINUNG; S. 13,692,4917,bf065b26dc3506bc59e2691a0d1adacacef32d5f,,unique,drop,commentary_noncore,no,,no,,,5766,yes,commentary_noncore,,,,"Das Fünfjahresjubiläum von Merkels Satz ""Wir schaffen das"" hat eine wahre Statistiken-Flut mit sich gebracht: 
Wieviele Flüchtlinge sind in Arbeit? Welche Bildungserfolge können sie vorweisen? Wie viele haben eine eigene 
Wohnung? Und: Was hat das alles ""den deutschen Steuerzahler"" gekostet? Merkels Versprechen wird an den 
immergleichen Maßstäben gemessen. 
Es ist bemerkenswert, wie einig man sich zu sein scheint, was ""Schaffen"" in dem Zusammenhang bedeutet. Denn 
all diese Kennzahlen sind zwar ohne Zweifel wichtig - und zum Teil sehr ermutigend. 
Doch zugleich hat dieses leistungsorientierte Verständnis vom ""Schaffen"", dieses Aufzählen von 
Arbeitsmarktzahlen und Kosten einen merkwürdigen Beigeschmack - wenn man es im Lichte der politischen 
Entwicklung betrachtet. Das wichtigste Ziel kann nicht darin bestehen, die Menschen, die da nach Deutschland 
gekommen sind, so geräuschlos wie möglich in die großen Masse namens deutsche Gesellschaft zu integrieren - 
und dabei zu ignorieren, wohin diese Masse als Ganzes steuert.
Seit 2017 sitzt eine in Teilen rechtsextreme Partei im Bundestag, ist in mehreren Landtagen die zweitstärkste Kraft, 
und hat es über weite Strecken geschafft, die öffentliche Debatte vor sich herzutreiben. Seit 2015 gab es in 
Deutschland weit über 10 000 Übergriffe auf Geflüchtete und Flüchtlingsunterkünfte, und mindestens 21 Menschen 
sind dem rechtem Terror zum Opfer gefallen. Und sowohl die deutsche als auch die gesamte EU-Politik hat sich in 
einer so angsterfüllten Abwehrhaltung verrannt, dass auch fünf Jahre nach 2015 keine sinnvolle Asylpolitik in 
Aussicht ist. Aus dieser Perspektive betrachtet, haben wir es nicht geschafft, noch lange nicht. 
Selbstverständlich hat die Zäsur 2015 viel Positives hervorgebracht: Millionen Menschen halfen ehrenamtlich, 
Kommunalpolitiker wuchsen über sich hinaus, Firmen gingen aktiv auf die Neuankömmlinge zu. Viele Geflüchtete 
konnten sich durch die Kraftanstrengung ein selbstbestimmtes Leben aufbauen.
Doch auch die Solidarität und das Engagement kommen in den Bilanzen zu kurz. Wer damals half, gilt heute oft als 
""Gutmensch"", auf die Phase der Willkommenskultur blicken viele in der Politik, als sei sie ein peinlicher Ausrutscher 
gewesen, dem glücklicherweise eine Rückkehr zur Rationalität folgte. Zur Rationalität und zu den Statistiken.

Wer ist ""Wir""?
Doch wirtschaftliche Kennzahlen als wichtigsten Maßstab für das Schaffen oder Nicht-Schaffen heranzuziehen, 
können sich nur jene leisten, die sich von dem offenen Rassismus und Rechtsextremismus in Teilen des Landes 
nicht bedroht fühlen, ihn als quasi-normales Nebenprodukt der Zuwanderung abtun können.
Das führt zu einem weiteren Punkt. Der interessanteste - wenn auch meist übergangene - Teil von Merkels 
berühmtem Satz ist aus einem Abstand von fünf Jahren betrachtet nicht das ""Schaffen"", sondern das ""Wir"".
Wen schließt dieses ""Wir"" alles ein? Es ist eine - vielleicht die - zentrale Frage in den Einwanderungsländern dieser 
Welt, zu denen Deutschland schon viel, viel länger gehört als 2015. Auch wenn das nicht alle wahrhaben wollten. 
Jahrzehntelang haben Millionen sogenannter Gastarbeiter, Balkanflüchtlinge oder Spätaussiedler aus der 
Sowjetunion in Deutschland gelebt. Sie wurden nicht von allen als Teil der deutschen Gesellschaft angesehen. Die 
Unvereinbarkeit zwischen dem ""Wir"" und dem ""Die"" blieb oft bestehen. Zum ""Wir"" gehörten Paul, Lisa und 
Wolfgang, aber nicht Melek, Bilal und Ljubica.
An den Schaltstellen der Gesellschaft sitzen kaum Personen mit Migrationsgeschichte - obwohl mehr als ein Viertel 
aller Menschen in Deutschland eine haben. Das bedeutet auch, dass ihre spezifischen Bedürfnisse - etwa der 
Schutz vor rassistischen Übergriffen - in den Talkshows der Öffentlich-Rechtlichen wie in den Parlamenten 
unterrepräsentiert sind. Und Deutschland droht, mit den vielen Menschen, die seit 2015 gekommen sind, den 
gleichen Fehler wieder zu machen. 
Die gute Nachricht: Die Kinder und Enkel früherer Zuwanderergenerationen fordern ihren Platz in der Gesellschaft 
ein. Sie tun das in vielen Fällen nicht, indem sie sich geräuschlos eingliedern, sondern lautstark, unbequem und oft 
auch wütend. 
Sie haben die Gesellschaft verändert und tun dies weiter. Deutschland könnte kaum etwas Besseres passieren. 
Nicht, weil Menschen, die selbst Ausgrenzungserfahrungen machen, automatisch weltoffener und moralisch 
überlegener sind. Sondern weil wir alle uns dadurch mit der Frage auseinandersetzen müssen, was eine 
Gesellschaft zusammenhält, wenn die Mythen der gemeinsamen Abstammung, der ""Leitkultur"" oder des einen 
Gottes nicht mehr tragen. 
Wir werden wohl nie sagen können: ""Jetzt haben wir es geschafft - ein für alle Mal und hundertprozentig."" Aber das 
ist auch nicht nötig. Wir tasten uns ran, gemeinsam. Und wenn wir dabei unsere Maßstäbe auch mal in Frage 
stellen: Umso besser. 
Berichte S. 2 bis 4 
Alicia Lindhoff"
2020-08,Main Corpus,2020-08(50).ZIP,Wer kanns besser_ LAF oder Lageso_ Rot-Rot-Grün will die Unterbringung von Flüchtlingen und Wohnungs.PDF,C:\PythonProjects\AfD-project\Corpora\Main Corpus\2020-08\raw_unarchive\Wer kanns besser_ LAF oder Lageso_ Rot-Rot-Grün will die Unterbringung von Flüchtlingen und Wohnungs.PDF,Wer kanns besser: LAF oder Lageso? Rot-Rot-Grün will die Unterbringung von Flüchtlingen und,wer kanns besser laf oder lageso rotrotgrün will die unterbringung von flüchtlingen und,"taz, die tageszeitung",taz die tageszeitung,Freitag 14. August 2020,Susanne Memarnia,BERLIN AKTUELL; S. 22,451,3312,b2e6299d8ce6ab8892f7d42d237a9dad5f8309ab,,unique,keep,,no,,no,,,4546,no,,,,,"Von Susanne Memarnia
Kommt das Comeback des Lageso? Vor fünf Jahren erlangte das Landesamt für Gesundheit und Soziales 
bundesweit traurige Berühmtheit, als es sich unfähig zeigte, die steigende Zahl von Flüchtlingen zeitnah und 
angemessen unterzubringen. Vor vier Jahren wurden dem Amt die Zuständigkeit für diesen Bereich entzogen und 
ein eigenes Landesamt für Flüchtlingsunterbringung (LAF) gegründet. Nun steht die Frage im Raum, das Lageso 
erneut für die Unterbringung zuständig zu machen. Das LAF würde damit einen erklecklichen Teil seiner gut 500 
MitarbeiterInnen verlieren. In der Frage sei aber noch keine Entscheidung getroffen, betonte Sozialsenatorin Elke 
Breitenbach am Mittwoch. Sie wolle dazu bis Anfang kommenden Jahres einen Vorschlag an Senat und 
Abgeordnetenhaus machen.
Die Linken-Politikerin widersprach damit einem Bericht der Berliner Morgenpost, die über eine angebliche 
Zerschlagung des LAF als feststehende Tatsache berichtet hatte. Der Bericht hatte innerhalb des LAF offenbar für 
viel Unmut gesorgt.
Hintergrund der Umstrukturierung ist ein zentrales Projekt des Senats, das die Situation von Wohnungslosen in 
Berlin elementar verbessern soll. Geschehen soll dies durch die sogenannte Gesamtstädtische Steuerung der 
Unterbringung (GStU), die den Zuständigkeitswirrwarr bei der Unterbringung beenden und für eine gleichbleibend 
gute Qualität der Unterkünfte sorgen soll.
Bislang sind die Bezirke zuständig für die Unterbringung von Wohnungslosen, während sich das Land also derzeit 
das LAF um die Unterbringung von AsylbewerberInnen kümmert. Theoretisch muss damit jeder Flüchtling, der 

Wer kanns besser: LAF oder Lageso? Rot-Rot-Grün will die Unterbringung von Flüchtlingen und 
Wohnungslosen zentralisieren. Das könnte bedeuten, dass das Landesfl....
sein Asylverfahren beendet hat, aus seinem LAF-Heim ausziehen und vom Bezirk mit Wohnraum versorgt 
werden, also entweder eine Wohnung oder einen Platz in einer bezirklichen Einrichtung zugewiesen bekommen. 
Weil es aber weder genug Wohnungen noch genügend Heimplätze gibt, bleiben die sogenannten Statuswechsler 
in den Flüchtlingsheimen. Aktuell sind laut Breitenbach mehr als 50 Prozent der BewohnerInnen in LAF-Heimen 
solche, deren Unterbringung eigentlich in die Verantwortung der Bezirke fällt.
Hinzu kommt: Die Qualität der Plätze, vor allem in den Bezirken, ist sehr unterschiedlich; teilweise kooperieren die 
Bezirke auch mit InhaberInnen sogenannter Läusepensionen , wo sie für viel Geld miserable Zimmer ohne jegliche 
Sozialbetreuung anmieten. Die GStU soll damit Schluss machen: Alle Unterkünfte werden Bett für Bett in einer 
neuen Software erfasst, sodass Bezirke und Land jederzeit einen Überblick haben, wo aktuell etwas frei ist. Zudem 
soll das Programm Besonderheiten wie Barrierefreiheit oder die Eignung für Kinder/Familien berücksichtigen. Und: 
Für alle Heime sollen einheitliche Qualitätsstandards gelten, deren Einhaltung kontrolliert wird.
Staatssekretär Alexander Fischer ließ eine leichte Präferenz für das Lageso erkennen. Er sehe dort 
verwaltungsmäßig sehr gute Möglichkeiten , das Amt habe die Atempause genutzt, die es durch die Herausnahme 
der Flüchtlingsunterbringung gewonnen habe. Breitenbach stellte dagegen klar: Ich sag nicht, das soll ins Lageso. 
Ich will die Diskussion."
2020-08,Main Corpus,2020-08(50).ZIP,Wie gut Geflüchtete integriert sind.PDF,C:\PythonProjects\AfD-project\Corpora\Main Corpus\2020-08\raw_unarchive\Wie gut Geflüchtete integriert sind.PDF,Wie gut Geflüchtete integriert sind,wie gut geflüchtete integriert sind,Der Tagesspiegel,der tagesspiegel,Donnerstag 20. August 2020,,WIRTSCHAFT FQT:SPÄT; S. 016; Ausg. Der Tagesspiegel Nr. 24276 VOM 20.08.2020 SEITE 016,445,3203,a92af6bb1638c1b1535c0e22cf602007ba6feb6a,,unique,keep,,no,,no,,,4577,no,,,,,"Berlin - Fünf Jahre nach dem Höhepunkt der Zuwanderung von Geflüchteten nach Deutschland zeigen Studien, 
dass die Integration recht gut verlaufen ist. Ein Ergebnis: 43 Prozent haben einen Job gefunden. Dies sei durchaus 
ein Erfolg, sagte Studienautorin Felicitas Schikora. Immerhin wäre es nicht leicht, die deutsche Sprache zu 
erlernen. Die Anerkennung von Abschlüssen dauere mitunter lange.
Die meisten Flüchtlinge bringen gute Voraussetzungen mit, da sie in ihrer Heimat zur besser gebildeten Hälfte der 
Gesellschaft gehörten. Dies trifft etwa auf drei Viertel der Syrer zu. Die Soziologin Cornelia Kristen erklärt, diese 
Gruppe sei oft gesünder und erfolgreicher bei der Arbeitssuche. Ihre Kinder erhielten eine bessere Schulbildung. 
Und wer hat es schwer? ""Insbesondere weibliche Geflüchtete, Geflüchtete mit schlechterer psychischer Gesundheit 
und Geflüchtete mit Grundschulbildung konnten ihre hohen Erwartungen an eine Erwerbstätigkeit nicht erfüllen"", 
heißt es in einer der vier veröffentlichten Arbeiten.
Eine andere Untersuchung kommt zu dem Schluss, dass Kinder und Jugendliche an Schulen meist gut 
eingebunden sind. Außerhalb davon sieht es anders aus. So liegt die Mitgliederquote in Sportvereinen um 18 
Prozentpunkte niedriger als bei Gleichaltrigen ohne Migrationshintergrund. Gerade der gemeinsame Sport könne 
aber zur Integration beitragen, mahnte DIW-Expertin Katharina Spieß. Hinzu kommt: Weniger als die Hälfte der 
Geflüchteten hat Kontakt zu Deutschen. Frauen und Geflüchtete in Gemeinschaftsunterkünften noch seltener.
Die Sorgen in der Bevölkerung vor Zuwanderung nahmen laut dem Forschungsinstitut seit 2016 ab, lagen aber 
noch über dem Niveau des Jahres 2013. Der Anteil der Befragten, die sich ""große Sorgen"" machen, sank von 46 
Prozent im Jahr 2016 auf 32 Prozent im Jahr 2018. Auf der anderen Seite steigen laut dem DIW die Sorgen der 
Geflüchteten vor Fremdenfeindlichkeit. Die vier Studien basieren auf einer repräsentativen Befragung von 8000 
Geflüchteten durch das sozio-oekonomische Panel am DIW, das Institut für Arbeitsmarkt- und Berufsforschung und 
das Forschungszentrum des Bundesamtes für Migration und Flüchtlinge.
Die Corona-Pandemie hat den positiven Trend bei der Arbeitsmarktintegration von Flüchtlingen derweil zum 
Erliegen gebracht. Geflüchtete seien die Gruppe am Arbeitsmarkt, ""die am stärksten von Entlassungen betroffen 
ist"", sagte IAB-Migrationsforscher Herbert Brücker. Sie übten häufig Berufe aus, die sich nicht im Homeoffice 
erledigen ließen, etwa Sicherheitsdienste oder Tätigkeiten in der Gastronomie. ""Hinzu kommt, dass sie erst seit 
kurzer Zeit beschäftigt waren oder nur befristete Verträge hatten"", sagte Brücker. Bis zum Frühjahr sei die 
Erwerbstätigkeit stetig gestiegen.

Wie gut Geflüchtete integriert sind
Mit Blick auf die Äußerungen von Bundeskanzlerin Angela Merkel (CDU) zur Flüchtlingskrise 2015 sagte Brücker: 
""Wenn Sie mich fragen: Stimmt der Merkel-Satz ,Wir schaffen das' aus heutiger Sicht? Dann sage ich: Ja, bis zum 
Ausbruch der Coronakrise waren wir wirklich auf sehr gutem Wege, die Arbeitsmarktintegration der 1,2 Millionen 
Geflohenen schneller als in der Vergangenheit zu schaffen."" Marie Rövekamp"
2020-08,Main Corpus,2020-08(50).ZIP,Wir waren auf so gutem Wege Analyse Angela Merkels Satz „Wir schaffen das!“ ist fünf Jahre her. In l(2).PDF,C:\PythonProjects\AfD-project\Corpora\Main Corpus\2020-08\raw_unarchive\Wir waren auf so gutem Wege Analyse Angela Merkels Satz „Wir schaffen das!“ ist fünf Jahre her. In l(2).PDF,Wir waren auf so gutem Wege Analyse Angela Merkels Satz „Wir schaffen das!“ ist fünf Jahre her. In loser,wir waren auf so gutem wege analyse angela merkels satz wir schaffen das ist fünf jahre her in loser,Rheinische Post,rheinische post,Montag 17. August 2020,"Marschall, Birgit",S. 2,1035,7072,0cc2ab6bece3ffe1aa2c7766c653c9973bcf82f6,exact_005,duplicate_exact,review,,no,,no,,,8476,yes,commentary_noncore,exact_005,,,"Birgit Marschall
Am 31. August 2015, auf dem damals erst vorläufigen Höhepunkt der Flüchtlingskrise, stellt sich Bundeskanzlerin 
Angela Merkel (CDU) den bohrenden Fragen der Hauptstadtjournalisten. Tausende Flüchtlinge drängen zu dieser 
Zeit täglich über die deutsche Grenze, weitere Menschenmassen sind zu erwarten, Deutschland wird geradezu 
überrannt. Sie kommen aus den Kriegsgebieten im Irak, Afghanistan und Syrien, aber auch aus Nordafrika und 
dem Balkan. Da sagt Merkel einen Satz, der Geschichte machen wird, den berühmten Satz vom „Wir schaffen 
das!“.
Tatsächlich waren es mehrere zusammenhängende Sätze: „Deutschland ist ein starkes Land. Das Motiv, mit dem 
wir an diese Dinge herangehen, muss sein: Wir haben so vieles geschafft – wir schaffen das!“. Merkels Parole am 
Ende dieser Passage hat polarisiert wie keine andere in ihrer Kanzlerschaft: Viele Menschen reagierten mit Beifall, 
doch noch mehr Menschen fühlten sich überfordert und übergangen. In einer lockeren Folge erinnern wir in den 
nächsten Tagen an das Geschehen von damals, an die Wirkung des Satzes, und ziehen am Ende eine Bilanz, wie 
diese drei Worte Merkels Kanzlerschaft verändert haben.
Emotionen überdauern oft die Fakten, doch nur Daten und Fakten liefern ein Mindestmaß an Objektivität. Fünf 
Jahre nach Merkels Ausspruch lässt sich anhand von Arbeitsmarktdaten eine erste Bilanz ziehen: Wie ist die 
Integration von mehr als einer Million Menschen in den Arbeitsmarkt gelungen?
Dazu hat das an die Bundesagentur für Arbeit angegliederte Institut für Arbeitsmarkt- und Berufsforschung (IAB) 
unlängst eine ausführliche Studie vorgelegt. Auf der Grundlage von Langzeit-Befragungen bei Geflohenen, die das 

Wir waren auf so gutem Wege Analyse Angela Merkels Satz „Wir schaffen das!“ ist fünf Jahre her. In loser 
Folge widmen wir uns der Frage, wo wir heute stehen. Vi....
sogenannte Sozio-Ökonomische Panel lieferte, und Daten des Bundesamtes für Migration und Flüchtlinge konnten 
IAB-Migrationsforscher Herbert Brücker und sein Team wichtige Ergebnisse herausfiltern. „Wenn Sie mich fragen: 
Stimmt der Merkel-Satz ‚Wir schaffen das‘ aus heutiger Sicht? Sage ich: Ja, bis zum Ausbruch der Corona-Krise 
waren wir wirklich auf sehr gutem Wege, die Arbeitsmarktintegration der 1,2 Millionen Geflohenen schneller als in 
der Vergangenheit zu schaffen“, sagt Brücker.
Fünf Jahre nach dem Zuzug gingen im zweiten Halbjahr 2018 bereits mit 49 Prozent der Geflüchteten knapp die 
Hälfte einer Erwerbstätigkeit nach, so das zentrale Ergebnis der IAB-Studie. Bei in früheren Jahren Geflüchteten, 
etwa während der Balkankriege in den 90er Jahren, waren es dagegen nach fünf Jahren nur 44 Prozent, die einen 
Job vorweisen konnten.
„Der grundsätzlich positive Trend hat sich bis Ende 2019, also vor dem Ausbruch der Corona-Krise, fortgesetzt. 
Nach fünf Jahren hat rund die Hälfte derer, die 2013 bis 2016 zu uns geflüchtet sind, einen Job“, betont Brücker. 
Sein Team hat weitere Indizien dafür gefunden, dass die Arbeitsmarktintegration nach der letzten Flüchtlingswelle 
besser funktionierte als nach früheren Wellen. So hatten Geflüchtete, die zwischen 1990 und 2013 nach 
Deutschland gekommen sind, durchschnittlich nach 60 Monaten einen Job. Bei den seit 2013 Geflüchteten war das 
schon nach 50 Monaten der Fall.
„Wir haben vieles einfach richtig gemacht: die Beschleunigung der Asylverfahren, das flächendeckende Angebot 
von Sprachkursen, die engagierte Arbeitsvermittlung, die Anstrengungen der Unternehmen und das hohe 
ehrenamtliche Engagement“, lobt Brücker. Positiv sei auch der hohe Fachkräfteanteil. „Nur 25 Prozent der 
Geflohenen haben eine Hochschule oder Ausbildungseinrichtung besucht, aber 57 Prozent arbeiten als Fachkräfte 
oder in akademischen Berufen. Sie haben den Sprung geschafft, weil sie ähnliche Berufe in ihren Heimatländern 
ausgeübt haben“, sagt Brücker.
Zur Wahrheit gehört aber auch, dass die andere Hälfte der Geflohenen auch fünf Jahre nach dem Zuzug noch nicht 
erwerbstätig ist und dass diese Menschen überwiegend von staatlichen Leistungen abhängig sind. Vor allem 
Frauen gelingt der Sprung in die Erwerbstätigkeit viel seltener.
Eine weitere Studie des Deutschen Instituts für Wirtschaftsforschung (DIW), die in dieser Woche veröffentlicht 
werden soll, kommt zu dem Ergebnis, dass sich die hohen Erwartungen von etwa einem Drittel der Geflohenen 
nicht erfüllt haben. Häufig seien dies Frauen, Menschen mit geringer psychischer Gesundheit und einer niedrigen 
Schulbildung.
„Es gab und gibt auch Defizite“, sagt Brücker. Dass Schutzsuchende nach ihrer Ankunft ein Jahr oder länger 
herumsitzen müssten, bevor sie mit einem Integrations- oder Sprachkurs beginnen könnten, sei unnötig verlorene 
Zeit. Zudem gelinge es nicht, die hohen Bildungspotenziale der Geflüchteten auszuschöpfen. „60 bis 70 Prozent 
der Erwachsenen wollen in Deutschland Bildungsabschlüsse nachholen, doch nur 25 Prozent haben bisher an 
einer Bildungsmaßnahme teilgenommen. Der Zugang zu Schulen, Ausbildung und Universitäten muss für 
erwachsene Geflüchtete einfacher werden.“
Die Corona-Krise bedeutet jetzt einen erheblichen Rückschlag für die Integration der Flüchtlinge. „Leider wirkt sich 
die Corona-Krise sehr schlecht auf die Beschäftigung Geflohener aus: Sie sind die Gruppe am Arbeitsmarkt, die am 
stärksten von Entlassungen betroffen ist“, sagt Brücker. Denn Flüchtlinge üben häufig Berufe aus, die sich nicht im 
Homeoffice erledigen lassen, etwa Sicherheitsdienste oder Tätigkeiten in der Gastronomie. Hinzu kommt, dass sie 
erst seit kurzer Zeit beschäftigt sind, und das oft befristet.
Auch Kanzlerin Merkel konnte allerdings vor fünf Jahren nicht voraussehen, dass eine Pandemie viele Erfolge 
zunichtemachen würde.
Asylanträge vor und nach dem Corona-Ausbruch
Wir waren auf so gutem Wege Analyse Angela Merkels Satz „Wir schaffen das!“ ist fünf Jahre her. In loser 
Folge widmen wir uns der Frage, wo wir heute stehen. Vi....
Im Januar hat das Bundesamt für Migration und Flüchtlinge (Bamf) 12.212 Erst-Asylanträge gemeldet und 1975 
Folgeanträge. Im Vormonat waren es weniger: 8359 Erst- und 1492 Folgeanträge. Im Vergleich zum Wert von 
Januar 2019 ist die Zahl jedoch zurückgegangen. Damals waren es 14.534 Erst- und 2517 Folgeanträge.
Bereits im Februar ging die Zahl der Asylanträge zurück: 10.140 Erst- und 1788 Folgeanträge. Ab März wird der 
Rückgang noch deutlicher – was insbesondere auf den Ausbruch der Corona-Pandemie zurückzuführen ist. Im 
März stellten 7120 Personen einen Erst- und 949 einen Folge-Asylantrag. Den niedrigsten Wert in diesem Jahr 
meldete das Bamf im Mai. Da waren es 3777 Erst- und 552 Folgeanträge.
Im Juni stieg die Zahl der Antragssteller erstmals wieder: 47894 Erst- und 787 Folgeanträge. Im Juli verzeichnete 
das Bamf 7588 Erst- und 1277 Folgeanträge. Gegenüber dem Vormonat stieg die Zahl der Erstanträge um 58,4 
Prozent, die der
Folgeanträge um 62,3 Prozent. Im Vergleich zum Vorjahr (Juli 2019: 12.298/1810) gingen die Zahl der Erstanträge 
um 38,3 Prozent und die der Folgeanträge um 29,4 Prozent zurück."
2020-08,Main Corpus,2020-08(50).ZIP,Wir waren auf so gutem Wege Analyse Angela Merkels Satz „Wir schaffen das!“ ist fünf Jahre her. In l.PDF,C:\PythonProjects\AfD-project\Corpora\Main Corpus\2020-08\raw_unarchive\Wir waren auf so gutem Wege Analyse Angela Merkels Satz „Wir schaffen das!“ ist fünf Jahre her. In l.PDF,Wir waren auf so gutem Wege Analyse Angela Merkels Satz „Wir schaffen das!“ ist fünf Jahre her. In loser,wir waren auf so gutem wege analyse angela merkels satz wir schaffen das ist fünf jahre her in loser,Rheinische Post,rheinische post,Montag 17. August 2020,"Marschall, Birgit",S. 2,1035,7072,0cc2ab6bece3ffe1aa2c7766c653c9973bcf82f6,exact_005,duplicate_exact,review,,no,,no,,,8461,yes,commentary_noncore,exact_005,,,"Birgit Marschall
Am 31. August 2015, auf dem damals erst vorläufigen Höhepunkt der Flüchtlingskrise, stellt sich Bundeskanzlerin 
Angela Merkel (CDU) den bohrenden Fragen der Hauptstadtjournalisten. Tausende Flüchtlinge drängen zu dieser 
Zeit täglich über die deutsche Grenze, weitere Menschenmassen sind zu erwarten, Deutschland wird geradezu 
überrannt. Sie kommen aus den Kriegsgebieten im Irak, Afghanistan und Syrien, aber auch aus Nordafrika und 
dem Balkan. Da sagt Merkel einen Satz, der Geschichte machen wird, den berühmten Satz vom „Wir schaffen 
das!“.
Tatsächlich waren es mehrere zusammenhängende Sätze: „Deutschland ist ein starkes Land. Das Motiv, mit dem 
wir an diese Dinge herangehen, muss sein: Wir haben so vieles geschafft – wir schaffen das!“. Merkels Parole am 
Ende dieser Passage hat polarisiert wie keine andere in ihrer Kanzlerschaft: Viele Menschen reagierten mit Beifall, 
doch noch mehr Menschen fühlten sich überfordert und übergangen. In einer lockeren Folge erinnern wir in den 
nächsten Tagen an das Geschehen von damals, an die Wirkung des Satzes, und ziehen am Ende eine Bilanz, wie 
diese drei Worte Merkels Kanzlerschaft verändert haben.
Emotionen überdauern oft die Fakten, doch nur Daten und Fakten liefern ein Mindestmaß an Objektivität. Fünf 
Jahre nach Merkels Ausspruch lässt sich anhand von Arbeitsmarktdaten eine erste Bilanz ziehen: Wie ist die 
Integration von mehr als einer Million Menschen in den Arbeitsmarkt gelungen?
Dazu hat das an die Bundesagentur für Arbeit angegliederte Institut für Arbeitsmarkt- und Berufsforschung (IAB) 
unlängst eine ausführliche Studie vorgelegt. Auf der Grundlage von Langzeit-Befragungen bei Geflohenen, die das 

Wir waren auf so gutem Wege Analyse Angela Merkels Satz „Wir schaffen das!“ ist fünf Jahre her. In loser 
Folge widmen wir uns der Frage, wo wir heute stehen. Vi....
sogenannte Sozio-Ökonomische Panel lieferte, und Daten des Bundesamtes für Migration und Flüchtlinge konnten 
IAB-Migrationsforscher Herbert Brücker und sein Team wichtige Ergebnisse herausfiltern. „Wenn Sie mich fragen: 
Stimmt der Merkel-Satz ‚Wir schaffen das‘ aus heutiger Sicht? Sage ich: Ja, bis zum Ausbruch der Corona-Krise 
waren wir wirklich auf sehr gutem Wege, die Arbeitsmarktintegration der 1,2 Millionen Geflohenen schneller als in 
der Vergangenheit zu schaffen“, sagt Brücker.
Fünf Jahre nach dem Zuzug gingen im zweiten Halbjahr 2018 bereits mit 49 Prozent der Geflüchteten knapp die 
Hälfte einer Erwerbstätigkeit nach, so das zentrale Ergebnis der IAB-Studie. Bei in früheren Jahren Geflüchteten, 
etwa während der Balkankriege in den 90er Jahren, waren es dagegen nach fünf Jahren nur 44 Prozent, die einen 
Job vorweisen konnten.
„Der grundsätzlich positive Trend hat sich bis Ende 2019, also vor dem Ausbruch der Corona-Krise, fortgesetzt. 
Nach fünf Jahren hat rund die Hälfte derer, die 2013 bis 2016 zu uns geflüchtet sind, einen Job“, betont Brücker. 
Sein Team hat weitere Indizien dafür gefunden, dass die Arbeitsmarktintegration nach der letzten Flüchtlingswelle 
besser funktionierte als nach früheren Wellen. So hatten Geflüchtete, die zwischen 1990 und 2013 nach 
Deutschland gekommen sind, durchschnittlich nach 60 Monaten einen Job. Bei den seit 2013 Geflüchteten war das 
schon nach 50 Monaten der Fall.
„Wir haben vieles einfach richtig gemacht: die Beschleunigung der Asylverfahren, das flächendeckende Angebot 
von Sprachkursen, die engagierte Arbeitsvermittlung, die Anstrengungen der Unternehmen und das hohe 
ehrenamtliche Engagement“, lobt Brücker. Positiv sei auch der hohe Fachkräfteanteil. „Nur 25 Prozent der 
Geflohenen haben eine Hochschule oder Ausbildungseinrichtung besucht, aber 57 Prozent arbeiten als Fachkräfte 
oder in akademischen Berufen. Sie haben den Sprung geschafft, weil sie ähnliche Berufe in ihren Heimatländern 
ausgeübt haben“, sagt Brücker.
Zur Wahrheit gehört aber auch, dass die andere Hälfte der Geflohenen auch fünf Jahre nach dem Zuzug noch nicht 
erwerbstätig ist und dass diese Menschen überwiegend von staatlichen Leistungen abhängig sind. Vor allem 
Frauen gelingt der Sprung in die Erwerbstätigkeit viel seltener.
Eine weitere Studie des Deutschen Instituts für Wirtschaftsforschung (DIW), die in dieser Woche veröffentlicht 
werden soll, kommt zu dem Ergebnis, dass sich die hohen Erwartungen von etwa einem Drittel der Geflohenen 
nicht erfüllt haben. Häufig seien dies Frauen, Menschen mit geringer psychischer Gesundheit und einer niedrigen 
Schulbildung.
„Es gab und gibt auch Defizite“, sagt Brücker. Dass Schutzsuchende nach ihrer Ankunft ein Jahr oder länger 
herumsitzen müssten, bevor sie mit einem Integrations- oder Sprachkurs beginnen könnten, sei unnötig verlorene 
Zeit. Zudem gelinge es nicht, die hohen Bildungspotenziale der Geflüchteten auszuschöpfen. „60 bis 70 Prozent 
der Erwachsenen wollen in Deutschland Bildungsabschlüsse nachholen, doch nur 25 Prozent haben bisher an 
einer Bildungsmaßnahme teilgenommen. Der Zugang zu Schulen, Ausbildung und Universitäten muss für 
erwachsene Geflüchtete einfacher werden.“
Die Corona-Krise bedeutet jetzt einen erheblichen Rückschlag für die Integration der Flüchtlinge. „Leider wirkt sich 
die Corona-Krise sehr schlecht auf die Beschäftigung Geflohener aus: Sie sind die Gruppe am Arbeitsmarkt, die am 
stärksten von Entlassungen betroffen ist“, sagt Brücker. Denn Flüchtlinge üben häufig Berufe aus, die sich nicht im 
Homeoffice erledigen lassen, etwa Sicherheitsdienste oder Tätigkeiten in der Gastronomie. Hinzu kommt, dass sie 
erst seit kurzer Zeit beschäftigt sind, und das oft befristet.
Auch Kanzlerin Merkel konnte allerdings vor fünf Jahren nicht voraussehen, dass eine Pandemie viele Erfolge 
zunichtemachen würde.
Asylanträge vor und nach dem Corona-Ausbruch
Wir waren auf so gutem Wege Analyse Angela Merkels Satz „Wir schaffen das!“ ist fünf Jahre her. In loser 
Folge widmen wir uns der Frage, wo wir heute stehen. Vi....
Im Januar hat das Bundesamt für Migration und Flüchtlinge (Bamf) 12.212 Erst-Asylanträge gemeldet und 1975 
Folgeanträge. Im Vormonat waren es weniger: 8359 Erst- und 1492 Folgeanträge. Im Vergleich zum Wert von 
Januar 2019 ist die Zahl jedoch zurückgegangen. Damals waren es 14.534 Erst- und 2517 Folgeanträge.
Bereits im Februar ging die Zahl der Asylanträge zurück: 10.140 Erst- und 1788 Folgeanträge. Ab März wird der 
Rückgang noch deutlicher – was insbesondere auf den Ausbruch der Corona-Pandemie zurückzuführen ist. Im 
März stellten 7120 Personen einen Erst- und 949 einen Folge-Asylantrag. Den niedrigsten Wert in diesem Jahr 
meldete das Bamf im Mai. Da waren es 3777 Erst- und 552 Folgeanträge.
Im Juni stieg die Zahl der Antragssteller erstmals wieder: 47894 Erst- und 787 Folgeanträge. Im Juli verzeichnete 
das Bamf 7588 Erst- und 1277 Folgeanträge. Gegenüber dem Vormonat stieg die Zahl der Erstanträge um 58,4 
Prozent, die der
Folgeanträge um 62,3 Prozent. Im Vergleich zum Vorjahr (Juli 2019: 12.298/1810) gingen die Zahl der Erstanträge 
um 38,3 Prozent und die der Folgeanträge um 29,4 Prozent zurück."
2020-08,Main Corpus,2020-08(50).ZIP,Wo wir fünf Jahre nach der Flüchtlingskrise stehen Am 31. August 2015 sagte Kanzlerin Merkel den Sat.PDF,C:\PythonProjects\AfD-project\Corpora\Main Corpus\2020-08\raw_unarchive\Wo wir fünf Jahre nach der Flüchtlingskrise stehen Am 31. August 2015 sagte Kanzlerin Merkel den Sat.PDF,Wo wir fünf Jahre nach der Flüchtlingskrise stehen Am 31. August 2015 sagte Kanzlerin Merkel den Satz Wir,wo wir fünf jahre nach der flüchtlingskrise stehen am 31 august 2015 sagte kanzlerin merkel den satz wir,Berliner Zeitung,berliner zeitung,29. August 2020,"Tanja Brandes, Fatima Krumm, Toni Spangenberg",REPORT; S. 2,1046,7317,72526548057d3fe28ff976dcd98786a81fb37e3a,,unique,keep,,no,,no,,,8483,no,,,,,"Fünf Jahre ist es her, dass Angela Merkel ihren inzwischen berühmt gewordenen Satz sagte. Die Frage, ob wir es 
tatsächlich geschafft haben, ob die Integration von rund einer Million Menschen in Deutschland gelungen ist, wurde 
seither viele Male heftig und oft emotional diskutiert. Doch wie steht es tatsächlich um die Menschen, die vor fünf 
Jahren in Deutschland Schutz suchten? Zeit für einen objektiven Blick auf die Fakten.
Wie viele Menschen kamen zu uns und wo sind sie jetzt? 
Die höchste Zahl an Asylbewerbern (745.545) seit Anbeginn der Bundesrepublik kam im Jahr 2016 nach 
Deutschland. 2015 waren knapp 300.000 weniger Asylanträge gestellt worden. Eine solche Welle hat es annähernd 
nur 23 Jahre zuvor gegeben, im Jahr 1992, mit 438.191 Asylanträgen. Seit 1953 haben circa 5,9 Millionen 
Menschen einen Asylantrag in Deutschland gestellt, davon das Gros von 5 Millionen ab 1990, 1,7 Millionen waren 
es ab 2015. Seit 2017 ist die Zahl der Asylanträge rückläufig, sie liegt allerdings noch immer sechsstellig über den 
Zahlen zwischen 2004 und 2012.
Nach dem Königsteiner Schlüssel muss Berlin aktuell 5,1 Prozent der Asylbewerber aufnehmen, real waren es 
2019 mit 8221 Anträgen 5,8 Prozent. Im Jahr 2016 wurden in der Hauptstadt 27.247 Anträge (3,8 Prozent) gestellt. 
Brandenburg muss der Quote nach drei Prozent aufnehmen: Im vergangenen Jahr wurden dort 4151 Anträge 
gestellt, 2016 waren es noch 18.112. In absoluten Zahlen kamen die meisten Asylbewerber (196.734) nach 
Nordrhein-Westfalen.
Im Juli 2020 waren nach Angaben des Bundesinnenministeriums 272.000 Menschen ausreisepflichtig. Davon sind 
jedoch 221.000 Personen geduldet. Doch viele akzeptieren die Entscheidungen nicht. Knapp eine viertel Million 
Asylklagen lagen im Mai dieses Jahres bei den deutschen Gerichten. Im vergangenen Jahr wurden dort 14,5 
Prozent aller Entscheide des BAMF aufgehoben. Im Jahr 2017 waren es noch 22 Prozent, 2015 lediglich 4,2 
Prozent.
Woher kamen die Zuwanderer der letzten fünf Jahre?

Wo wir fünf Jahre nach der Flüchtlingskrise stehen Am 31. August 2015 sagte Kanzlerin Merkel den Satz Wir 
schaffen das! . Haben wir es geschafft? Aktuelle Zahl....
Die meisten Asylbewerber der vergangenen vier Jahre stammen nach Angaben des Bundesamts für Migration aus 
Syrien, beziehungsweise der arabischen Republik. Im ersten Halbjahr 2020 stammen ein Drittel aller Asylanträge 
von Syrern. Auf Platz zwei der meisten Staatsangehörigkeiten liegt der Irak. Die Herkunftsstaaten Afghanistan, 
Türkei, Nigeria, Iran rangierten in den vergangenen vier Jahren nah beieinander. Auf Platz sieben sind die Fälle mit 
ungeklärten Staatsangehörigkeiten. Danach folgen Somalia, Eritrea und Georgien. 2015 und 2016 hingegen waren 
statt der Türkei, Georgien und Somalia die Länder Albanien, Pakistan und die Russische Föderation in der Liste der 
zehn Hauptherkunftsstaaten.
Haben die Menschen Arbeit gefunden?Tatsächlich ist die Erwerbsquote von Geflüchteten seit 2015 kontinuierlich 
gestiegen. Lag sie im Jahr 2016 bei durchschnittlich 14 Prozent, stieg dieser Wert im Jahr 2018 um 29 
Prozentpunkte auf durchschnittlich 43 Prozent. 2020 gingen fast 50 Prozent der Zuwanderer einer Arbeit nach oder 
hatten eine Ausbildungsstelle gefunden.
Einer Untersuchung des Instituts für Arbeitsmarkt- und Berufsforschung (IAB) zufolge haben 68 Prozent der 
erwerbstätigen Geflüchteten eine Vollzeit- oder Teilzeitarbeit, 17 Prozent gehen einer bezahlten Ausbildung nach 
und drei Prozent einem bezahlten Praktikum. Zwölf Prozent sind geringfügig beschäftigt.
Die Studie zeigt auch, dass Männer deutlich häufiger eine Arbeitsstelle gefunden haben als Frauen. Allerdings geht 
das Gefälle mit steigender Aufenthaltsdauer zurück: Laut IAB waren zwei Jahre nach dem Zuzug 25 Prozent der 
Männer, aber nur fünf Prozent der Frauen erwerbstätig, fünf Jahre nach dem Zuzug 57 Prozent der Männer und 29 
Prozent der Frauen.
Doch wie gut ein Mensch auf dem Arbeitsmarkt angekommen ist, hängt nicht nur mit der reinen Erwerbstätigkeit 
zusammen, sondern auch damit, ob sie den eigenen Erwartungen entspricht. In einem aus vier Teilstudien 
bestehenden Bericht hat das Deutsche Institut für Wirtschaftsforschung (DIW) Berlin untersucht, mit welchen 
Erwartungen Geflüchtete nach Deutschland kamen.
Die Ergebnisse: Zwei von drei Geflüchteten schätzten 2016 ihre Chancen, bereits zwei Jahre später erwerbstätig 
zu sein, als hoch ein. Ein Drittel hatte eher keine Beschäftigung erwartet. Während sich für rund die Hälfte der 
Geflüchteten ihre positiven wie negativen Erwartungen bestätigt haben, konnte ein Drittel anders als erhofft 
keinen Arbeitsplatz finden.
Und wie steht es um den Bildungsgrad der Geflüchteten? Gemessen am Bildungsniveau in Deutschland haben die 
Menschen, die in den letzten fünf Jahren ins Land kamen, einen etwas geringeren Bildungsstand. Allerdings gehört 
die Mehrheit von ihnen zum gebildeteren Teil ihres jeweiligen Herkunftslandes. So gehörten laut DIW etwa 75 
Prozent der syrischen und 66 Prozent der afghanischen Zuwanderer zur besser gebildeten Hälfte der Menschen in 
ihren Herkunftsländern.
Wie steht es um das Einwanderungsgesetz?
Im Zuge der Flüchtlingskrise 2015 nahm auch die Diskussion um ein Einwanderungsgesetz an Fahrt auf. Seit dem 
1. März dieses Jahres ist das sogenannte Fachkräfteeinwanderungsgesetz Realität. Mit dem Gesetz will die GroKo 
den Rahmen für eine gezielte und gesteigerte Zuwanderung von qualifizierten Fachkräften aus Nicht-EU-Ländern 
schaffen, wie das BMI auf seiner Webseite schreibt. Ziel sei es, das Problem des Fachkräftemangels zu lösen. So 
sollen beispielsweise IT-Fachkräfte ohne Abschluss Zugang zum Arbeitsmarkt bekommen, sofern sie 
Berufserfahrung haben. Auch die Vorrangprüfung für ähnlich qualifizierte Bewerber aus Deutschland und der EU 
entfällt. Allein 2015 kamen 1.125.419 Menschen aus Drittstaaten nach Deutschland, lediglich 38.836 von ihnen als 
Arbeitsmigranten. 2018 erhöhte sich diese Zahl auf 60.857 Personen, wie eine Auswertung der Bertelsmann-
Stiftung zeigt.
Schon die FDP machte sich im Bundestagswahlkampf 2017 für ein entsprechendes Gesetz stark. Auch die Grünen 
forderten es. Das Gesetz der GroKo weise ihrer Meinung nach jedoch Schwachstellen auf. Für viele 
Einwanderungswillige stellt das Zuständigkeitswirrwarr zwischen vielen Stellen und Behörden weiterhin eine große 
Herausforderung dar , sagt Filiz Polat, Sprecherin für Migration der Grünen im Bundestag, der Berliner Zeitung. Die 
Wo wir fünf Jahre nach der Flüchtlingskrise stehen Am 31. August 2015 sagte Kanzlerin Merkel den Satz Wir 
schaffen das! . Haben wir es geschafft? Aktuelle Zahl....
Regierung habe die komplexen Verfahren zur Anerkennung der Berufsabschlüsse und damit das größte Hindernis 
bei der Fachkräfteeinwanderung nicht angetastet. Gerade für kleine und mittlere Unternehmen ist es fast 
unmöglich, Arbeitskräfte aus dem Ausland zu bekommen - weil sie den bürokratischen Dschungel kaum 
durchblicken können. 
Das Fachkräfteeinwanderungsgesetz ist laut Polat kein modernes Einwanderungsgesetz . Sie fordert weniger 
Bürokratie, mehr Transparenz und eine Vereinfachung des Familiennachzugs für Arbeitsmigranten. Wir schlagen 
in unserem Entwurf für ein Einwanderungsgesetz eine Talentkarte vor, analog zum Punktesystem in den 
klassischen Einwanderungsländern."
2020-08,Main Corpus,2020-08(50).ZIP,Wohnzimmer bleibt Schutzraum Nächtliche Polizeiaktionen in Unterkünften für Geflüchtete sind ohne Du.PDF,C:\PythonProjects\AfD-project\Corpora\Main Corpus\2020-08\raw_unarchive\Wohnzimmer bleibt Schutzraum Nächtliche Polizeiaktionen in Unterkünften für Geflüchtete sind ohne Du.PDF,Wohnzimmer bleibt Schutzraum Nächtliche Polizeiaktionen in Unterkünften für Geflüchtete sind ohne,wohnzimmer bleibt schutzraum nächtliche polizeiaktionen in unterkünften für geflüchtete sind ohne,"taz, die tageszeitung",taz die tageszeitung,Mittwoch 19. August 2020,Kai von Appen,HAMBURG AKTUELL; S. 28,392,3096,8fd5713cb439e619b1ffbb529fdcaf57cea6720e,,unique,keep,,no,,no,,,4416,no,,,,,"Von Kai von Appen
Nächtliche Razzien von Ausländerbehörde und Polizei in Wohnunterkünften für Geflüchtete, um Ausreisepflichtige 
aufzustöbern, sind ohne richterlichen Durchsuchungsbeschluss im Prinzip rechtswidrig. Das bestätigte am Dienstag 
das Hamburgische Oberverwaltungsgericht (OVG) und wies die Klage des Einwohnerzentralamts der Hansestadt 
gegen ein Urteil des Verwaltungsgerichts vom Februar 2019 zurück, das die kirchliche Flüchtlingshilfe Fluchtpunkt 
angestrengt hatte. Das Verwaltungsgerichtsurteil hat Bestand , erklärte OVG-Sprecher Max Plog der taz. Wir 
haben die Bestätigung bekommen, dass es keine Erlaubnis gibt, in Wohnräume von Flüchtlingen einfach 
einzudringen , sagt Fluchtpunkt-Leiterin Anne Harms der taz.
Das Verwaltungsgericht hatte sich in seinem Grundsatzbeschluss auf die Rechtsprechung des 
Bundesverfassungsgerichts berufen, demzufolge Flüchtlingsunterkünfte als Schutzräume gedacht seien, in denen 
sich räumliche Sphäre und Privatleben entfalten sollen. Deshalb seien sie als geschützte Wohnung nach Artikel 
13 Grundgesetz anzusehen.
Im Schlaf überrascht
In dem konkreten Fall ging es um eine jesidische Familie aus dem Irak, die nach dem Dublin-III-Abkommen in die 
Niederlande abgeschoben werden sollte und in der Flüchtlingsunterkunft Neuer Curslacker Deich wohnte. Das 
Bundesamt für Migration und Flüchtlinge hatte ihren Asylantrag verworfen, weil die Familie zunächst in Holland Asyl 
beantragt hatte.

Wohnzimmer bleibt Schutzraum Nächtliche Polizeiaktionen in Unterkünften für Geflüchtete sind ohne 
Durchsuchungsbeschluss rechtswidrig. Das bestätigt das Oberver....
Die Beamten verschafften sich mit einem Universalschlüssel, den ihnen Fördern und Wohnen, der städtische 
Träger der Unterkunft, zur Verfügung stellte, Zutritt zum Container mit den beiden Wohnzimmern und überraschten 
die Familie im Schlaf. Die durfte auf die Schnelle nur das Notwendigste zusammenpacken, die Möglichkeit einen 
Rechtsbeistand zu Hilfe zu holen, gab es nicht. Die Abschiebung misslang teilweise, weil die Frau hochschwanger 
war.
Vor dem Verwaltungsgericht argumentierte das für die Hamburger Ausländerbehörde zuständige 
Einwohnerzentralamt, dass die Razzia nach dem hamburgischen Vollstreckungsrecht auch ohne richterliche 
Anordnung zulässig gewesen sei und dass es sich bei der nächtlichen Polizeiaktion nicht um eine Durchsuchung 
im förmlichen Sinne gehandelt habe, sondern lediglich um eine Begehung . Durch diese Nachschau habe 
sichergestellt werden sollen, dass sich alle Ausreisepflichtigen in dem Container befanden.
Das ließ das Verwaltungsgericht nicht gelten. Ungeachtet der Frage, wie intensiv das Durchstöbern der Wohnung 
gewesen sei, sei bereits das Eindringen in die Wohnräume ohne Einwilligung der Betroffenen laut Artikel 13 des 
Grundgesetzes ein Verstoß gegen den Grundsatz der Unverletzbarkeit der Wohnung, urteilten die 
VerwaltungsrichterInnen. Anders als eine Justizvollzugsanstalt gelte eine Erstaufnahmeeinrichtung nicht als 
geschlossene Einrichtung. Das Asylgesetz verwendet selbst den Begriff des Wohnens , konstatiert das Gericht."
2020-08,Main Corpus,2020-08(50).ZIP, Jagende AfD ohne Beute ANALYSE Die 2015 noch junge AfD bekam durch die Flüchtlingskrise erst richti(2).PDF,C:\PythonProjects\AfD-project\Corpora\Main Corpus\2020-08\raw_unarchive\ Jagende AfD ohne Beute ANALYSE Die 2015 noch junge AfD bekam durch die Flüchtlingskrise erst richti(2).PDF,Jagende AfD ohne Beute ANALYSE Die 2015 noch junge AfD bekam durch die Flüchtlingskrise erst richtig,jagende afd ohne beute analyse die 2015 noch junge afd bekam durch die flüchtlingskrise erst richtig,Rheinische Post,rheinische post,Donnerstag 27. August 2020,"Dunz, Kristina",S. 5,516,3593,1544e7fcc1362feb77ed7657f6718341fb8510b1,variant_002,regional_variant,drop,commentary_noncore,no,,no,,,5094,yes,commentary_noncore,,near_002,variant_002,"Kristina Dunz
Berlin Die AfD war schon wieder im Abstieg begriffen, als ein Thema ihren parlamentarischen Aufstieg sicherte, das 
für Millionen Menschen Todesgefahr bedeutet: Flucht. Hunderttausende von ihnen bahnten sich 2015 den Weg 
nach Deutschland und Bundeskanzlerin Angela Merkel begründete eine bis dahin nicht gekannte 
Willkommenskultur mit einem einzigen Satz: „Wir schaffen das.“ Für die AfD eine willkommene Angriffsfläche.
Sie missdeutete diesen Satz als arrogante Haltung einer Kanzlerin, die ihre Bürger mit den Folgen alleinlasse. Die 
AfD wurde so zum Sprachrohr vieler Menschen, die nicht nur berechtigte Kritik an der Flüchtlingspolitik hatten, 
sondern sich auch aus anderen Gründen abgehängt fühlten oder mit Merkel den Ausverkauf Deutschlands 
fürchteten. Buhmänner waren immer Flüchtlinge. Die AfD eroberte damit alle Parlamente. Bundestagsfraktionschef 
Alexander Gauland kündigte nach Einzug in den Bundestag 2017 an, Merkel „zu jagen“. Jagen bedeutet Beute 
machen. Drei Jahre später steht die Partei aber zerstritten und ohne rechtes Thema da. Merkel dagegen ist nach 
ihrem damaligen Tief in den Umfragen wieder ganz oben. Je besser Deutschland den Umgang, die Integration und 
auch nötige Abschiebung von Flüchtlingen in den Griff bekommt, desto kleiner wird der Rückhalt für die AfD und 
desto größer die innerparteiliche Zerrissenheit. Deren Co-Parteichef Jörg Meuthen müht sich um einen 
rechtskonservativen Kurs in Abgrenzung zum rechtsradikalen und teils auch rechtsextremen und vom 
Verfassungsschutz in den Fokus genommenen Treiben mancher Anhänger. Auf Konfrontation geht Meuthen – zu 
Gaulands Leidwesen – zum brandenburgischen Ex-AfD-Chef Andreas Kalbitz, der im Streit um seinen 
Parteiausschluss zuletzt vor Gericht unterlag. Der AfD-Bundesvorstand hatte Kalbitz‘ Parteimitgliedschaft im Mai 
annulliert, weil er frühere Mitgliedschaften in rechtsextremen Organisationen verschwiegen haben soll. Meuthen 
weiß, dass die AfD zwar in Ostdeutschland vor allem wegen Kalbitz und des Scharfmachers Björn Höcke in 
Thüringen Wahlergebnisse über 20 Prozent eingefahren hat – im Westen mit einem Rechtsaußenkurs aber Wähler 

 Jagende AfD ohne Beute ANALYSE Die 2015 noch junge AfD bekam durch die Flüchtlingskrise erst richtig 
Rückenwind. Je besser Deutschland aber die Herausforderung....
abschreckt. Das Gerichtsurteil bewertet Meuthen nun als „Schlussstrich“. Es möge wieder Ruhe einkehren, hofft er. 
Kalbitz aber hat sich weitere Klagen offen gehalten.
Der 79-Jährige Gauland klagte in der „Welt am Sonntag“: „Ich kann die Partei nicht zusammenhalten, wenn sie sich 
auf diese Weise auseinanderdividiert.“ Er hoffe, dass es nicht zum „Zerfall der Partei“ kommt. Aber er fürchte, die 
AfD gehe schwierigen Zeiten entgegen, wovor er sie kaum bewahren könne. Gauland baut damit einem möglichen 
eigenen Problem vor: Dass er die Partei nicht auf ihrer Höhe von 2017 (12,6 Prozent) als stärkste Oppositionskraft 
halten kann. Die Umfragewerte sind derzeit einstellig. Er versucht, Meuthen dafür die Verantwortung zuzuschieben. 
Zur Ruhe wird die AfD vorerst kaum kommen. Vor allem aber deshalb, weil sie nicht mehr so durchdringt. Den Euro 
gibt es noch, die EU ebenso und auch die von ihr „gejagte“ Merkel. Der Partei fehlen Thema und Angriffsfläche. 
Merkel hat aus der Flüchtlingskrise gelernt und erklärt in der Corona-Krise mehr als damals ihre Politik. Covid-19 
macht den Menschen auch Angst. Aber gemessen an den Umfragen setzen sie offenbar auf etwas, was Merkel in 
Pandemie-Zeiten vielleicht gedacht, aber so nicht gesagt hat: „Wir schaffen das.“"
2020-08,Main Corpus,2020-08(50).ZIP, Jagende AfD ohne Beute ANALYSE Die 2015 noch junge AfD bekam durch die Flüchtlingskrise erst richti.PDF,C:\PythonProjects\AfD-project\Corpora\Main Corpus\2020-08\raw_unarchive\ Jagende AfD ohne Beute ANALYSE Die 2015 noch junge AfD bekam durch die Flüchtlingskrise erst richti.PDF,Jagende AfD ohne Beute; ANALYSE Die 2015 noch junge AfD bekam durch die Flüchtlingskrise erst richtig,jagende afd ohne beute analyse die 2015 noch junge afd bekam durch die flüchtlingskrise erst richtig,Rheinische Post,rheinische post,Donnerstag 27. August 2020,"Dunz, Kristina",S. 5,516,3593,8613aa06bb18d83e8ef61573002c80a254d95327,variant_002,regional_variant,drop,commentary_noncore,no,,no,,,5079,yes,commentary_noncore,,near_002,variant_002,"Kristina Dunz
Berlin Die AfD war schon wieder im Abstieg begriffen, als ein Thema ihren parlamentarischen Aufstieg sicherte, das 
für Millionen Menschen Todesgefahr bedeutet: Flucht. Hunderttausende von ihnen bahnten sich 2015 den Weg 
nach Deutschland und Bundeskanzlerin Angela Merkel begründete eine bis dahin nicht gekannte 
Willkommenskultur mit einem einzigen Satz: „Wir schaffen das.“ Für die AfD eine willkommene Angriffsfläche.
Sie missdeutete diesen Satz als arrogante Haltung einer Kanzlerin, die ihre Bürger mit den Folgen alleinlasse. Die 
AfD wurde so zum Sprachrohr vieler Menschen, die nicht nur berechtigte Kritik an der Flüchtlingspolitik hatten, 
sondern sich auch aus anderen Gründen abgehängt fühlten oder mit Merkel den Ausverkauf Deutschlands 
fürchteten. Buhmänner waren immer Flüchtlinge. Die AfD eroberte damit alle Parlamente. Bundestagsfraktionschef 
Alexander Gauland kündigte nach Einzug in den Bundestag 2017 an, Merkel „zu jagen“. Jagen bedeutet Beute 
machen. Drei Jahre später steht die Partei aber zerstritten und ohne rechtes Thema da. Merkel dagegen ist nach 
ihrem damaligen Tief in den Umfragen wieder ganz oben. Je besser Deutschland den Umgang, die Integration und 
auch nötige Abschiebung von Flüchtlingen in den Griff bekommt, desto kleiner wird der Rückhalt für die AfD und 
desto größer die innerparteiliche Zerrissenheit. Deren Co-Parteichef Jörg Meuthen müht sich um einen 
rechtskonservativen Kurs in Abgrenzung zum rechtsradikalen und teils auch rechtsextremen und vom 
Verfassungsschutz in den Fokus genommenen Treiben mancher Anhänger. Auf Konfrontation geht Meuthen – zu 
Gaulands Leidwesen – zum brandenburgischen Ex-AfD-Chef Andreas Kalbitz, der im Streit um seinen 
Parteiausschluss zuletzt vor Gericht unterlag. Der AfD-Bundesvorstand hatte Kalbitz‘ Parteimitgliedschaft im Mai 
annulliert, weil er frühere Mitgliedschaften in rechtsextremen Organisationen verschwiegen haben soll. Meuthen 
weiß, dass die AfD zwar in Ostdeutschland vor allem wegen Kalbitz und des Scharfmachers Björn Höcke in 
Thüringen Wahlergebnisse über 20 Prozent eingefahren hat – im Westen mit einem Rechtsaußenkurs aber Wähler 

 Jagende AfD ohne Beute; ANALYSE Die 2015 noch junge AfD bekam durch die Flüchtlingskrise erst richtig 
Rückenwind. Je besser Deutschland aber die Herausforderun....
abschreckt. Das Gerichtsurteil bewertet Meuthen nun als „Schlussstrich“. Es möge wieder Ruhe einkehren, hofft er. 
Kalbitz aber hat sich weitere Klagen offen gehalten.
Der 79-Jährige Gauland klagte in der „Welt am Sonntag“: „Ich kann die Partei nicht zusammenhalten, wenn sie sich 
auf diese Weise auseinanderdividiert.“ Er hoffe, dass es nicht zum „Zerfall der Partei“ kommt. Aber er fürchte, die 
AfD gehe schwierigen Zeiten entgegen, wovor er sie kaum bewahren könne. Gauland baut damit einem möglichen 
eigenen Problem vor: Dass er die Partei nicht auf ihrer Höhe von 2017 (12,6 Prozent) als stärkste Oppositionskraft 
halten kann. Die Umfragewerte sind derzeit einstellig. Er versucht, Meuthen dafür die Verantwortung zuzuschieben. 
Zur Ruhe wird die AfD vorerst kaum kommen. Vor allem aber deshalb, weil sie nicht mehr so durchdringt. Den Euro 
gibt es noch, die EU ebenso und auch die von ihr „gejagte“ Merkel. Der Partei fehlen Thema und Angriffsfläche. 
Merkel hat aus der Flüchtlingskrise gelernt und erklärt in der Corona-Krise mehr als damals ihre Politik. Covid-19 
macht den Menschen auch Angst. Aber gemessen an den Umfragen setzen sie offenbar auf etwas, was Merkel in 
Pandemie-Zeiten vielleicht gedacht, aber so nicht gesagt hat: „Wir schaffen das.“"
